seqId 1
1 3
1 5
1 20
1 429
1 23585
1 32972
2 5
2 20
2 202
2 302
2 304
2 32973
3 51
3 52
3 29814
3 32975
3 32976
3 32977
3 32978
seqId 2
1 3
1 4
1 5
1 34
1 32980
1 32981
2 9
2 10
2 24
2 26
2 27
2 32982
3 3
3 4
3 5
3 44
3 621
3 32983
4 67
4 296
4 3232
4 9813
4 19452
4 32984
4 32985
5 51
5 52
5 32987
5 32988
5 32989
6 76
6 413
6 414
6 416
6 32990
7 3
7 4
7 5
7 56
7 32992
7 32993
8 3
8 42
8 32995
8 32996
8 32997
9 76
9 433
9 434
9 436
9 32998
seqId 3
1 3
1 5
1 20
1 1875
1 33000
1 33001
2 51
2 52
2 4167
2 4169
2 33002
seqId 4
1 3
1 5
1 20
1 310
1 33004
1 33005
1 33006
1 33007
seqId 5
1 3
1 5
1 20
1 429
1 1416
1 32807
1 33009
1 33010
2 5
2 20
2 202
2 3212
2 3215
2 3217
2 3218
2 33012
2 33013
3 10
3 146
3 1024
3 1026
3 33014
4 3
4 36
4 410
4 33016
4 33017
4 33018
4 33019
5 67
5 71
5 33021
5 33022
5 33023
5 33024
6 3
6 5
6 20
6 71
6 11431
6 33026
6 33027
7 51
7 52
7 1705
7 1707
7 33028
seqId 6
1 51
1 52
1 680
1 1993
1 33029
2 71
2 76
2 190
2 191
2 33030
seqId 7
1 5
1 20
1 99
1 133
1 175
1 176
1 9647
1 33031
2 3
2 5
2 20
2 429
2 431
2 33032
3 5
3 20
3 90
3 122
3 708
3 713
3 4258
3 4469
3 33033
4 10
4 283
4 284
4 286
4 33034
5 4
5 5
5 99
5 131
5 132
5 133
5 152
5 33035
6 3
6 4
6 5
6 33037
6 33038
6 33039
7 76
7 342
7 343
7 345
7 33040
8 5
8 20
8 202
8 33042
8 33043
8 33044
9 10
9 146
9 147
9 149
9 33045
10 4
10 5
10 99
10 131
10 132
10 133
10 152
10 33046
11 3
11 4
11 5
11 33048
11 33049
11 33050
12 230
12 231
12 232
12 234
12 33051
13 9
13 10
13 11
13 13
13 163
14 99
14 131
14 132
14 133
14 195
14 236
14 237
15 3
15 20
15 195
15 33053
15 33054
15 33055
16 243
16 244
16 245
16 247
16 33056
17 5
17 20
17 90
17 122
17 708
17 713
17 33058
17 33059
17 33060
seqId 8
1 10
1 146
1 147
1 149
1 33061
2 5
2 27
2 99
2 131
2 132
2 133
2 135
2 33062
3 3
3 4
3 5
3 4804
3 33064
3 33065
4 3
4 5
4 20
4 71
4 11431
4 33027
4 33066
5 51
5 52
5 1427
5 1962
5 33067
seqId 9
1 51
1 52
1 33069
1 33070
1 33071
2 71
2 76
2 190
2 191
2 33072
seqId 10
1 3
1 4
1 195
1 340
1 16756
1 33074
1 33075
2 4
2 195
2 202
2 322
2 324
2 33076
3 76
3 342
3 343
3 345
3 33077
4 4
4 195
4 202
4 340
4 33079
4 33080
4 33081
5 243
5 244
5 245
5 247
5 33082
6 4
6 195
6 202
6 254
6 3637
6 33083
7 75
7 76
7 77
7 79
7 33084
8 3
8 5
8 20
8 23151
8 23153
8 33085
9 243
9 244
9 245
9 247
9 33086
10 3
10 20
10 195
10 340
10 33088
10 33089
10 33090
11 20
11 195
11 202
11 8631
11 8633
11 8634
11 33091
12 3
12 5
12 20
12 71
12 11431
12 33027
12 33092
13 51
13 195
13 1427
13 1962
13 33093
seqId 11
1 51
1 52
1 33095
1 33096
1 33097
2 71
2 76
2 190
2 191
2 33098
seqId 12
1 90
1 310
1 443
1 9486
1 17308
1 33100
1 33101
2 4
2 5
2 99
2 131
2 132
2 133
2 152
2 33102
3 3
3 4
3 5
3 33048
3 33050
3 33103
4 230
4 231
4 232
4 234
4 33104
5 9
5 10
5 11
5 13
5 163
6 99
6 131
6 132
6 133
6 195
6 236
6 237
7 3
7 20
7 195
7 33053
7 33055
7 33105
8 10
8 109
8 110
8 112
8 33106
9 3
9 5
9 20
9 389
9 391
9 33107
10 3
10 5
10 20
10 71
10 11431
10 33027
10 33108
11 51
11 195
11 2151
11 2153
11 33109
seqId 13
1 51
1 52
1 33111
1 33112
1 33113
2 71
2 76
2 190
2 191
2 33114
seqId 14
1 99
1 133
1 175
1 176
1 195
1 5187
1 33115
2 3
2 4
2 15
2 195
2 4121
2 33116
3 82
3 758
3 759
3 761
3 33117
4 84
4 90
4 91
4 93
4 121
4 195
4 755
4 3744
4 11637
4 33118
5 5
5 27
5 99
5 131
5 132
5 133
5 135
5 33119
6 3
6 4
6 5
6 4804
6 33065
6 33120
7 3
7 5
7 20
7 71
7 11431
7 33027
7 33121
8 51
8 195
8 2686
8 15391
8 33122
seqId 15
1 51
1 52
1 2054
1 2056
1 33123
2 71
2 76
2 190
2 191
2 33124
3 5211
3 5212
3 5213
3 5215
3 33125
seqId 16
1 10
1 146
1 147
1 149
1 722
2 5
2 20
2 99
2 131
2 132
2 133
2 165
2 166
3 3
3 5
3 20
3 8760
3 8762
3 33126
4 9
4 10
4 11
4 13
4 33127
5 4
5 5
5 99
5 131
5 132
5 133
5 152
5 33128
6 3
6 4
6 5
6 8229
6 12263
6 33129
7 4
7 5
7 202
7 3386
7 6768
7 33130
8 76
8 342
8 343
8 345
8 33131
9 5
9 27
9 99
9 131
9 132
9 133
9 135
9 33132
10 3
10 4
10 5
10 33134
10 33135
10 33136
11 230
11 231
11 232
11 234
11 33137
12 9
12 10
12 11
12 13
12 163
13 99
13 131
13 132
13 133
13 195
13 236
13 237
14 51
14 195
14 1368
14 1370
14 33138
15 3
15 4
15 195
15 340
15 4734
15 33140
15 33141
15 33142
15 33143
16 3
16 5
16 20
16 71
16 11431
16 33027
16 33144
17 51
17 195
17 13806
17 13808
17 33145
seqId 17
1 51
1 52
1 33147
1 33148
1 33149
2 71
2 76
2 190
2 191
2 33150
seqId 18
1 3
1 4
1 5
1 4734
1 33141
1 33142
1 33143
1 33152
2 51
2 52
2 680
2 1993
2 33153
3 75
3 76
3 77
3 79
3 33154
seqId 19
1 3
1 4
1 195
1 340
1 5407
1 5951
1 33156
1 33157
2 243
2 244
2 245
2 247
2 33158
3 3
3 4
3 195
3 340
3 33160
3 33161
3 33162
4 4
4 195
4 202
4 33164
4 33165
4 33166
5 75
5 76
5 77
5 79
5 33167
6 90
6 443
6 31757
6 33169
6 33170
7 99
7 131
7 132
7 133
7 195
7 237
7 33171
8 3
8 4
8 195
8 33173
8 33174
8 33175
9 3
9 5
9 20
9 71
9 11431
9 33027
9 33176
10 51
10 52
10 2847
10 11803
10 33177
seqId 20
1 51
1 52
1 33179
1 33180
1 33181
2 71
2 76
2 190
2 191
2 33182
seqId 21
1 3
1 4
1 5
1 4734
1 33141
1 33142
1 33143
1 33183
2 51
2 52
2 2054
2 2056
2 33184
3 75
3 76
3 77
3 79
3 33185
seqId 22
1 3
1 4
1 195
1 340
1 13423
1 26724
1 33187
1 33188
2 76
2 342
2 343
2 345
2 33189
3 3
3 5
3 20
3 11005
3 11007
3 33190
4 76
4 342
4 343
4 345
4 33191
5 3
5 4
5 5
5 4804
5 33065
5 33192
6 4
6 5
6 202
6 3386
6 6768
6 33193
7 3
7 5
7 20
7 71
7 11431
7 33027
7 33194
8 51
8 52
8 12115
8 12117
8 33195
seqId 23
1 51
1 52
1 71
1 2056
1 33197
1 33198
1 33199
2 71
2 76
2 190
2 191
2 33200
seqId 24
1 3
1 4
1 5
1 4734
1 33141
1 33142
1 33143
1 33201
2 51
2 52
2 1705
2 1707
2 33202
3 75
3 76
3 77
3 79
3 33203
seqId 25
1 3
1 20
1 195
1 340
1 33088
1 33205
1 33206
1 33207
2 20
2 195
2 202
2 340
2 10216
2 10218
2 33208
3 243
3 244
3 245
3 247
3 33209
4 3
4 4
4 5
4 7537
4 33211
4 33212
4 33213
4 33214
5 230
5 231
5 232
5 234
5 33215
6 9
6 10
6 11
6 13
6 163
7 99
7 131
7 132
7 133
7 195
7 236
7 237
8 3
8 4
8 195
8 8229
8 8231
8 33216
9 195
9 202
9 302
9 1655
9 33217
10 3
10 20
10 71
10 195
10 11431
10 33027
10 33218
11 51
11 52
11 14489
11 14491
11 33219
seqId 26
1 51
1 52
1 1705
1 1707
1 33220
2 71
2 76
2 190
2 191
2 33221
seqId 27
1 99
1 133
1 175
1 176
1 195
1 5187
1 33222
2 3
2 20
2 195
2 4157
2 33224
2 33225
3 10
3 378
3 379
3 381
3 33226
4 90
4 443
4 1345
4 9933
4 33227
5 10
5 109
5 110
5 112
5 33228
6 3
6 4
6 5
6 4406
6 24330
6 33229
7 4
7 5
7 99
7 131
7 132
7 133
7 152
7 33230
8 3
8 4
8 5
8 16756
8 16758
8 33231
9 4
9 5
9 202
9 33233
9 33234
9 33235
10 158
10 159
10 160
10 162
10 33236
11 9
11 10
11 11
11 13
11 163
12 5
12 20
12 99
12 131
12 132
12 133
12 165
12 166
13 3
13 5
13 20
13 1320
13 1322
13 33237
14 9
14 10
14 11
14 13
14 33238
15 3
15 4
15 5
15 15
15 17
15 33239
16 3
16 5
16 20
16 71
16 11431
16 33027
16 33240
17 51
17 52
17 14081
17 14083
17 33241
seqId 28
1 51
1 52
1 33243
1 33244
1 33245
2 71
2 76
2 190
2 191
2 33246
seqId 29
1 3
1 5
1 20
1 4157
1 10520
1 33247
2 51
2 52
2 680
2 1993
2 33248
seqId 30
1 76
1 592
1 593
1 595
1 33249
2 3
2 20
2 195
2 340
2 31126
2 33251
2 33252
3 20
3 195
3 202
3 340
3 13029
3 13031
3 33253
4 9
4 10
4 26
4 169
4 171
4 33254
5 3
5 4
5 195
5 2818
5 2820
5 33255
6 243
6 244
6 245
6 247
6 552
7 9
7 10
7 26
7 169
7 171
7 553
8 3
8 4
8 195
8 2608
8 33257
8 33258
9 3
9 20
9 71
9 195
9 11431
9 33027
9 33259
10 51
10 52
10 14081
10 14083
10 33260
seqId 31
1 51
1 52
1 71
1 335
1 1707
1 33262
1 33263
2 71
2 76
2 190
2 191
2 33264
seqId 32
1 3
1 5
1 20
1 4157
1 10520
1 33265
2 51
2 52
2 2054
2 2056
2 33266
seqId 33
1 76
1 592
1 593
1 595
1 33267
2 3
2 4
2 195
2 340
2 7178
2 18652
2 33269
3 243
3 244
3 245
3 247
3 33270
4 3
4 20
4 195
4 33272
4 33273
4 33274
5 10
5 109
5 110
5 112
5 33275
6 3
6 4
6 5
6 33277
6 33278
6 33279
7 3
7 5
7 20
7 71
7 11431
7 33027
7 33280
8 51
8 52
8 14081
8 14083
8 33281
seqId 34
1 51
1 52
1 71
1 1707
1 33199
1 33283
1 33284
2 71
2 76
2 190
2 191
2 33285
seqId 35
1 3
1 5
1 20
1 4157
1 10520
1 33286
2 51
2 52
2 1705
2 1707
2 33287
seqId 36
1 76
1 592
1 593
1 595
1 33288
2 3
2 4
2 5
2 33290
2 33291
2 33292
3 76
3 342
3 343
3 345
3 33293
4 3
4 4
4 5
4 28583
4 28585
4 33294
5 243
5 244
5 245
5 247
5 33295
6 3
6 4
6 5
6 33297
6 33298
6 33299
7 4
7 5
7 202
7 322
7 22672
7 33300
8 3
8 5
8 20
8 71
8 11431
8 33027
8 33301
9 51
9 52
9 11455
9 16959
9 33302
seqId 37
1 51
1 52
1 71
1 1707
1 33304
1 33305
1 33306
2 71
2 76
2 190
2 191
2 609
seqId 38
1 3
1 5
1 20
1 4157
1 10520
1 33307
2 51
2 195
2 1427
2 1962
2 33308
3 76
3 2265
3 2266
3 2268
3 33309
4 3
4 4
4 5
4 26985
4 33311
4 33312
5 76
5 342
5 343
5 345
5 33313
6 3
6 20
6 195
6 3937
6 3939
6 33314
7 20
7 195
7 202
7 33316
7 33317
7 33318
8 243
8 244
8 245
8 247
8 33319
9 3
9 20
9 195
9 33272
9 33274
9 33320
10 3
10 20
10 71
10 195
10 11431
10 33027
10 33321
11 51
11 195
11 11455
11 16959
11 33322
seqId 39
1 51
1 52
1 33324
1 33325
1 33326
2 71
2 76
2 190
2 191
2 33327
seqId 40
1 3
1 5
1 20
1 4157
1 10520
1 33328
2 51
2 52
2 4934
2 4936
2 33329
seqId 41
1 76
1 592
1 593
1 595
1 33330
2 5
2 20
2 99
2 131
2 132
2 133
2 967
2 33331
3 3
3 5
3 20
3 33333
3 33334
3 33335
4 243
4 244
4 245
4 247
4 33336
5 99
5 195
5 773
5 776
5 3400
5 33337
6 3
6 20
6 195
6 3937
6 3939
6 33338
7 20
7 195
7 202
7 33164
7 33340
7 33341
8 243
8 244
8 245
8 247
8 33342
9 20
9 195
9 202
9 22675
9 33344
9 33345
10 10
10 71
10 11431
10 33027
10 33346
10 33347
11 51
11 52
11 11455
11 16959
11 33348
seqId 42
1 51
1 52
1 71
1 1707
1 33350
1 33351
1 33352
2 71
2 76
2 190
2 191
2 33353
seqId 43
1 3
1 5
1 20
1 4157
1 10520
1 33354
2 51
2 52
2 2151
2 2153
2 33355
3 76
3 2265
3 2266
3 2268
3 33356
4 3
4 20
4 195
4 340
4 33358
4 33359
4 33360
5 195
5 202
5 26353
5 26355
5 33361
6 76
6 342
6 343
6 345
6 33362
7 3
7 4
7 195
7 8050
7 33364
7 33365
8 76
8 342
8 343
8 345
8 33366
9 3
9 4
9 195
9 340
9 33368
9 33369
9 33370
10 3
10 20
10 71
10 195
10 11431
10 33027
10 33371
11 51
11 52
11 14051
11 14053
11 33372
seqId 44
1 3
1 5
1 20
1 429
1 23585
1 33373
2 5
2 20
2 202
2 302
2 304
2 33374
3 10
3 146
3 147
3 149
3 33375
4 51
4 195
4 11257
4 11259
4 33376
5 3
5 20
5 195
5 6913
5 6915
5 33377
seqId 45
1 5
1 20
1 99
1 131
1 132
1 133
1 967
1 33378
2 5
2 20
2 67
2 699
2 3213
2 5979
2 33380
2 33381
2 33382
3 5
3 84
3 91
3 93
3 121
3 702
3 703
3 705
3 33383
4 5
4 20
4 90
4 122
4 708
4 769
4 1345
4 1347
4 33384
5 10
5 109
5 110
5 112
5 33385
6 3
6 4
6 5
6 714
6 4420
6 4422
7 4
7 5
7 99
7 133
7 175
7 176
7 178
7 33386
8 3
8 4
8 5
8 8229
8 12263
8 33387
9 90
9 121
9 122
9 4288
9 33389
9 33390
10 660
10 7237
10 10032
10 10034
10 33391
11 660
11 10581
11 10582
11 10584
11 33392
12 99
12 115
12 195
12 773
12 774
12 775
12 776
12 3400
12 33393
13 3
13 20
13 195
13 2034
13 3403
13 33394
14 10
14 378
14 379
14 381
14 33395
15 90
15 443
15 33397
15 33398
15 33399
16 5
16 20
16 99
16 131
16 132
16 133
16 166
16 33400
17 3
17 5
17 20
17 429
17 431
17 33401
18 5
18 20
18 202
18 302
18 304
18 33402
19 10
19 146
19 147
19 149
19 33403
20 51
20 195
20 11257
20 11259
20 33404
21 3
21 20
21 195
21 6913
21 6915
21 33405
22 243
22 244
22 245
22 247
22 33406
23 443
23 703
23 4766
23 5065
23 33407
24 90
24 443
24 15945
24 33409
24 33410
25 4
25 5
25 99
25 133
25 175
25 176
25 178
25 33411
26 3
26 4
26 5
26 642
26 23331
26 33412
27 9
27 10
27 11
27 13
27 33413
28 3
28 4
28 5
28 813
28 815
28 33414
29 71
29 76
29 190
29 191
29 33415
seqId 46
1 4
1 5
1 90
1 122
1 708
1 713
1 3722
1 5407
1 11173
1 33417
1 33418
2 660
2 2136
2 2137
2 2139
2 33419
3 9
3 10
3 11
3 13
3 33420
4 5
4 27
4 99
4 131
4 132
4 133
4 135
4 33421
5 3
5 4
5 5
5 3730
5 19553
5 33422
6 4
6 5
6 202
6 3244
6 3246
6 33423
7 4
7 5
7 202
7 33425
7 33426
7 33427
8 9
8 10
8 11
8 13
8 33428
9 3
9 5
9 20
9 5883
9 5885
9 33429
10 51
10 195
10 5342
10 5344
10 33430
11 76
11 342
11 343
11 345
11 33431
12 4
12 5
12 90
12 122
12 708
12 713
12 1676
12 1678
12 33432
13 660
13 2136
13 2137
13 2139
13 33433
14 9
14 10
14 24
14 26
14 27
14 33434
15 4
15 5
15 99
15 133
15 175
15 176
15 178
15 33435
16 3
16 4
16 5
16 3730
16 19553
16 33436
17 4
17 5
17 202
17 3244
17 3246
17 33437
18 4
18 5
18 202
18 33439
18 33440
18 33441
19 10
19 109
19 110
19 112
19 33442
20 3
20 5
20 20
20 16181
20 16183
20 33443
21 51
21 195
21 5342
21 5344
21 33444
22 76
22 342
22 343
22 345
22 33445
23 5
23 99
23 115
23 773
23 776
23 2192
23 28103
23 28105
23 33446
24 3
24 4
24 5
24 11107
24 11109
24 33447
25 9
25 10
25 11
25 13
25 33448
26 3
26 5
26 20
26 19603
26 19605
26 33449
27 5
27 20
27 202
27 3386
27 10488
27 33450
28 5
28 84
28 91
28 93
28 121
28 702
28 703
28 705
28 33451
29 5
29 20
29 90
29 122
29 708
29 769
29 2333
29 7738
29 33452
30 9
30 10
30 11
30 13
30 33453
31 90
31 443
31 1064
31 8149
31 33454
32 10
32 109
32 110
32 112
32 33455
33 3
33 5
33 20
33 10695
33 10697
33 33456
34 5
34 27
34 99
34 131
34 132
34 133
34 135
34 33457
35 3
35 5
35 20
35 3394
35 3396
35 33458
36 230
36 231
36 232
36 234
36 33459
37 9
37 10
37 11
37 13
37 163
38 99
38 131
38 132
38 133
38 195
38 236
38 237
39 3
39 20
39 195
39 1684
39 1686
39 33460
40 76
40 342
40 343
40 345
40 33461
41 3
41 20
41 195
41 10801
41 14877
41 33462
42 243
42 244
42 245
42 247
42 33463
43 3
43 4
43 195
43 19879
43 26830
43 33464
44 9
44 10
44 11
44 13
44 33465
45 3
45 4
45 5
45 15
45 17
45 33466
46 158
46 159
46 160
46 162
46 33467
47 9
47 10
47 11
47 13
47 163
48 5
48 20
48 99
48 131
48 132
48 133
48 165
48 166
49 5
49 20
49 67
49 699
49 3213
49 5979
49 33380
49 33382
49 33468
50 71
50 76
50 190
50 191
50 33469
seqId 47
1 10
1 126
1 1922
1 1924
1 33470
2 4
2 5
2 99
2 131
2 132
2 133
2 152
2 33471
3 3
3 4
3 5
3 11412
3 14762
3 33472
4 9
4 10
4 11
4 13
4 33473
5 5
5 20
5 98
5 99
5 100
5 102
5 33474
6 3
6 5
6 20
6 1320
6 1322
6 33475
7 5
7 20
7 202
7 11350
7 33477
7 33478
7 33479
8 76
8 342
8 343
8 345
8 33480
9 51
9 195
9 1501
9 1503
9 33481
10 3
10 20
10 118
10 195
10 9769
10 33483
10 33484
10 33485
10 33486
11 9
11 10
11 11
11 13
11 33487
12 3
12 4
12 5
12 33489
12 33490
12 33491
13 84
13 91
13 93
13 121
13 195
13 702
13 703
13 1062
13 33492
14 5
14 20
14 122
14 703
14 707
14 708
14 710
14 33493
15 20
15 90
15 122
15 195
15 340
15 708
15 713
15 17978
15 33495
15 33496
15 33497
15 33498
16 71
16 76
16 190
16 191
16 33499
seqId 48
1 99
1 133
1 175
1 176
1 195
1 5187
1 33500
2 3
2 20
2 195
2 13609
2 33502
2 33503
3 9
3 10
3 11
3 13
3 33504
4 3
4 5
4 20
4 1320
4 1322
4 33505
5 84
5 91
5 93
5 121
5 195
5 702
5 703
5 1062
5 33506
6 5
6 20
6 122
6 703
6 707
6 708
6 710
6 33507
7 20
7 90
7 122
7 195
7 340
7 708
7 713
7 33509
7 33510
7 33511
8 10
8 1387
8 1388
8 1390
8 33512
9 10
9 378
9 379
9 381
9 33513
10 3
10 5
10 20
10 1650
10 3499
10 33514
11 9
11 10
11 11
11 13
11 33515
12 90
12 443
12 8812
12 33517
12 33518
13 5
13 20
13 99
13 133
13 175
13 176
13 1316
13 33519
14 3
14 5
14 20
14 429
14 431
14 33520
15 90
15 121
15 122
15 16673
15 33522
15 33523
16 4
16 5
16 99
16 133
16 175
16 176
16 178
16 33524
17 3
17 4
17 5
17 8229
17 12263
17 33525
18 4
18 5
18 202
18 302
18 304
18 33526
19 90
19 121
19 122
19 792
19 3433
19 14922
19 33527
20 99
20 131
20 132
20 133
20 195
20 237
20 33528
21 3
21 4
21 195
21 3441
21 3443
21 33529
22 243
22 244
22 245
22 247
22 33530
23 5
23 27
23 99
23 131
23 132
23 133
23 135
23 33531
24 3
24 4
24 5
24 1573
24 1575
24 33532
25 158
25 159
25 160
25 162
25 33533
26 9
26 10
26 11
26 13
26 163
27 5
27 20
27 99
27 131
27 132
27 133
27 165
27 166
28 3
28 5
28 20
28 4434
28 4436
28 33534
29 76
29 342
29 343
29 345
29 33535
30 10
30 283
30 284
30 286
30 33536
31 5
31 20
31 99
31 131
31 132
31 133
31 166
31 33537
32 3
32 5
32 20
32 11731
32 11733
32 33538
33 9
33 10
33 11
33 13
33 33539
34 90
34 443
34 4766
34 5065
34 33540
35 3
35 4
35 5
35 10996
35 10998
35 33541
36 2822
36 2823
36 2824
36 2826
36 33542
37 10
37 146
37 147
37 149
37 722
38 99
38 131
38 132
38 133
38 195
38 236
38 237
39 3
39 20
39 195
39 21934
39 21936
39 33543
40 20
40 195
40 202
40 302
40 1655
40 33544
41 10
41 283
41 284
41 286
41 33545
42 5
42 20
42 99
42 133
42 175
42 176
42 1316
42 33546
43 3
43 5
43 20
43 5018
43 5020
43 33547
44 10
44 109
44 110
44 112
44 33548
45 3
45 4
45 5
45 1784
45 10502
45 33549
46 76
46 342
46 343
46 345
46 33550
47 244
47 1249
47 1250
47 1252
47 33551
48 660
48 1622
48 1623
48 1625
48 33552
49 9
49 10
49 11
49 13
49 33553
50 82
50 83
50 115
50 195
50 4940
50 4941
50 28267
50 33554
51 90
51 443
51 1159
51 33556
51 33557
52 10
52 283
52 284
52 286
52 33558
53 5
53 20
53 99
53 131
53 132
53 133
53 166
53 33559
54 3
54 5
54 20
54 33561
54 33562
54 33563
55 9
55 10
55 11
55 13
55 33564
56 4
56 5
56 99
56 131
56 132
56 133
56 152
56 33565
57 3
57 4
57 5
57 15
57 17
57 33566
58 10
58 126
58 127
58 129
58 33567
59 99
59 131
59 132
59 133
59 195
59 237
59 33568
60 3
60 20
60 195
60 340
60 33570
60 33571
60 33572
61 10
61 1605
61 1606
61 1608
61 33573
62 3
62 4
62 195
62 16756
62 33575
62 33576
63 4
63 195
63 202
63 322
63 324
63 33577
64 243
64 244
64 245
64 247
64 33578
65 4
65 195
65 202
65 340
65 33079
65 33081
65 33579
66 71
66 76
66 190
66 191
66 33580
seqId 49
1 4
1 5
1 99
1 131
1 132
1 133
1 811
1 33581
2 3
2 4
2 5
2 16756
2 16758
2 33582
3 9
3 10
3 24
3 26
3 27
3 33583
4 5
4 20
4 82
4 84
4 85
4 175
4 1316
4 33584
5 9
5 10
5 11
5 13
5 33585
6 98
6 99
6 100
6 195
6 2073
6 33586
7 3
7 20
7 195
7 13609
7 33503
7 33587
8 9
8 10
8 11
8 13
8 33588
9 3
9 5
9 20
9 1320
9 1322
9 33589
10 5
10 84
10 91
10 93
10 121
10 702
10 703
10 705
10 33590
11 5
11 20
11 90
11 122
11 708
11 769
11 2333
11 7738
11 33591
12 9
12 10
12 11
12 13
12 33592
13 90
13 443
13 10796
13 10798
13 33593
14 13
14 99
14 133
14 175
14 176
14 195
14 33594
15 20
15 195
15 202
15 19896
15 31117
15 33595
16 3
16 20
16 195
16 21035
16 21037
16 33596
17 9
17 10
17 11
17 13
17 33597
18 3
18 4
18 5
18 10638
18 10812
18 33598
19 243
19 244
19 245
19 247
19 33599
20 9
20 10
20 11
20 13
20 33600
21 3
21 4
21 5
21 33602
21 33603
21 33604
22 4
22 195
22 202
22 3386
22 3523
22 33605
23 75
23 76
23 77
23 79
23 33606
24 3
24 20
24 195
24 33608
24 33609
24 33610
25 9
25 10
25 11
25 13
25 33611
26 3
26 4
26 5
26 33613
26 33614
26 33615
27 76
27 342
27 343
27 345
27 33616
28 3
28 20
28 195
28 33618
28 33619
28 33620
29 9
29 10
29 11
29 13
29 33621
30 3
30 20
30 195
30 33623
30 33624
30 33625
31 76
31 342
31 343
31 345
31 33626
32 3
32 4
32 195
32 539
32 14828
32 33627
33 4
33 195
33 202
33 340
33 33629
33 33630
33 33631
34 9
34 10
34 11
34 13
34 33632
35 3
35 20
35 72
35 195
35 33625
35 33634
35 33635
35 33636
36 20
36 90
36 122
36 195
36 340
36 708
36 713
36 33638
36 33639
36 33640
37 10
37 109
37 110
37 112
37 33641
38 3
38 4
38 5
38 3730
38 19553
38 33642
39 4
39 5
39 202
39 3244
39 3246
39 33643
40 76
40 342
40 343
40 345
40 33644
41 71
41 509
41 25601
41 25602
41 25604
41 33645
42 76
42 413
42 414
42 416
42 33646
43 90
43 443
43 25415
43 33648
43 33649
44 3
44 4
44 5
44 33651
44 33652
44 33653
45 72
45 660
45 28422
45 33655
45 33656
45 33657
45 33658
46 243
46 244
46 245
46 247
46 33659
47 3
47 4
47 195
47 33661
47 33662
47 33663
48 3
48 5
48 20
48 71
48 11431
48 33027
48 33664
49 51
49 195
49 13806
49 13808
49 33665
50 76
50 433
50 434
50 436
50 33666
51 71
51 76
51 190
51 191
51 33667
seqId 50
1 99
1 131
1 132
1 133
1 195
1 1220
1 33668
2 3
2 20
2 195
2 21035
2 21037
2 33669
3 20
3 195
3 202
3 340
3 21271
3 21273
3 33670
4 20
4 90
4 122
4 195
4 708
4 713
4 33672
4 33673
4 33674
5 84
5 91
5 93
5 121
5 195
5 702
5 703
5 1062
5 33675
6 5
6 20
6 90
6 122
6 708
6 769
6 2333
6 7738
6 33676
7 9
7 10
7 11
7 13
7 33677
8 90
8 443
8 12400
8 33679
8 33680
9 5
9 20
9 99
9 133
9 175
9 176
9 1316
9 33681
10 3
10 5
10 20
10 13338
10 13340
10 33682
11 5
11 20
11 90
11 122
11 708
11 713
11 19782
11 33684
11 33685
12 76
12 413
12 414
12 416
12 33686
13 90
13 121
13 122
13 33688
13 33689
13 33690
14 20
14 195
14 202
14 1377
14 5238
14 33691
15 99
15 131
15 132
15 133
15 195
15 237
15 33692
16 3
16 20
16 195
16 9758
16 33694
16 33695
17 76
17 342
17 343
17 345
17 33696
18 20
18 195
18 202
18 1377
18 5238
18 33697
19 99
19 131
19 132
19 133
19 195
19 237
19 33698
20 3
20 20
20 195
20 2320
20 16794
20 33699
21 243
21 244
21 245
21 247
21 1295
22 3
22 4
22 195
22 2359
22 2361
22 33700
23 9
23 10
23 11
23 13
23 33701
24 3
24 4
24 5
24 15
24 17
24 33702
25 76
25 342
25 343
25 345
25 33703
26 20
26 195
26 202
26 1377
26 5238
26 33704
27 99
27 131
27 132
27 133
27 195
27 237
27 33705
28 3
28 20
28 195
28 12137
28 22765
28 33706
29 76
29 433
29 434
29 436
29 33707
30 82
30 758
30 759
30 761
30 33708
31 5
31 84
31 91
31 93
31 121
31 702
31 703
31 705
31 33709
32 5
32 20
32 90
32 122
32 708
32 769
32 1509
32 24559
32 33710
33 5
33 20
33 99
33 133
33 175
33 176
33 1316
33 33711
34 5
34 20
34 202
34 33713
34 33714
34 33715
35 3
35 5
35 20
35 14720
35 16806
35 33716
36 9
36 10
36 11
36 13
36 33717
37 3
37 4
37 5
37 26724
37 26726
37 33718
38 4
38 5
38 202
38 3386
38 6768
38 33719
39 71
39 76
39 190
39 191
39 1338
seqId 51
1 5
1 20
1 99
1 131
1 132
1 133
1 967
1 33720
2 3
2 5
2 20
2 429
2 431
2 33721
3 5
3 84
3 91
3 93
3 121
3 703
3 707
3 956
3 33722
4 5
4 20
4 99
4 131
4 132
4 133
4 166
4 33723
5 3
5 5
5 20
5 21902
5 33725
5 33726
6 9
6 10
6 24
6 26
6 27
6 33727
7 4
7 5
7 99
7 133
7 175
7 176
7 178
7 33728
8 3
8 4
8 5
8 14541
8 14543
8 33729
9 4
9 5
9 202
9 4270
9 18030
9 33730
10 76
10 342
10 343
10 345
10 33731
11 4
11 5
11 90
11 122
11 708
11 713
11 3722
11 11542
11 33733
11 33734
11 33735
12 10
12 828
12 829
12 831
12 33736
13 99
13 131
13 132
13 133
13 195
13 237
13 33737
14 3
14 20
14 195
14 340
14 4038
14 15485
14 33739
15 20
15 90
15 122
15 195
15 340
15 708
15 713
15 14715
15 33741
15 33742
16 10
16 828
16 829
16 831
16 33743
17 5
17 20
17 82
17 84
17 85
17 1310
17 1312
17 33744
18 230
18 231
18 232
18 234
18 33745
19 9
19 10
19 11
19 13
19 163
20 99
20 131
20 132
20 133
20 195
20 236
20 237
21 3
21 20
21 195
21 424
21 25085
21 33746
22 230
22 231
22 232
22 234
22 33747
23 9
23 10
23 11
23 13
23 163
24 99
24 131
24 132
24 133
24 195
24 236
24 237
25 51
25 195
25 1427
25 1962
25 33748
26 3
26 20
26 195
26 2320
26 16794
26 33749
27 9
27 10
27 11
27 13
27 33750
28 3
28 4
28 5
28 15
28 17
28 33751
29 158
29 159
29 160
29 162
29 33752
30 9
30 10
30 11
30 13
30 163
31 5
31 20
31 99
31 131
31 132
31 133
31 165
31 166
32 3
32 5
32 20
32 761
32 4399
32 8684
32 24369
32 24371
32 24372
32 33753
33 51
33 195
33 4164
33 33755
33 33756
33 33757
34 76
34 342
34 343
34 345
34 33758
35 10
35 828
35 829
35 831
35 33759
36 5
36 27
36 99
36 131
36 132
36 133
36 135
36 33760
37 3
37 4
37 5
37 33173
37 33762
37 33763
38 4
38 5
38 202
38 33765
38 33766
38 33767
39 243
39 244
39 245
39 247
39 33768
40 10
40 828
40 829
40 831
40 33769
41 5
41 20
41 99
41 131
41 132
41 133
41 166
41 33770
42 3
42 5
42 20
42 30187
42 30189
42 33771
43 5
43 20
43 202
43 33773
43 33774
43 33775
43 33776
43 33777
44 9
44 10
44 11
44 13
44 33778
45 5
45 27
45 99
45 131
45 132
45 133
45 135
45 33779
46 3
46 5
46 20
46 3394
46 3396
46 33780
47 230
47 231
47 232
47 234
47 33781
48 9
48 10
48 11
48 13
48 163
49 99
49 131
49 132
49 133
49 195
49 236
49 237
50 3
50 4
50 195
50 4228
50 4230
50 33782
51 4
51 195
51 202
51 302
51 1655
51 33783
52 5
52 20
52 90
52 122
52 708
52 713
52 12294
52 12296
52 33785
53 10
53 828
53 829
53 831
53 33786
54 5
54 27
54 99
54 131
54 132
54 133
54 135
54 33787
55 3
55 4
55 5
55 642
55 23331
55 33788
56 4
56 5
56 202
56 1449
56 1451
56 33789
57 71
57 76
57 190
57 191
57 33790
seqId 52
1 9
1 10
1 1886
1 20009
1 33791
2 5
2 20
2 98
2 99
2 100
2 102
2 33792
3 3
3 5
3 20
3 72
3 11884
3 30421
3 33794
3 33795
4 5
4 84
4 91
4 93
4 121
4 702
4 703
4 705
4 33796
5 5
5 20
5 90
5 122
5 708
5 769
5 15945
5 15947
5 33797
6 4
6 5
6 99
6 133
6 175
6 176
6 178
6 33798
7 3
7 4
7 5
7 3737
7 3739
7 33799
8 4
8 5
8 90
8 122
8 708
8 713
8 1104
8 3718
8 18949
8 33800
9 243
9 244
9 245
9 247
9 33801
10 4
10 5
10 90
10 122
10 705
10 708
10 713
10 33803
10 33804
10 33805
10 33806
11 660
11 12282
11 12283
11 12285
11 33807
12 660
12 2136
12 2137
12 2139
12 33808
13 9
13 10
13 11
13 13
13 33809
14 85
14 99
14 195
14 638
14 640
14 33810
15 3
15 4
15 195
15 8989
15 8991
15 33811
16 717
16 718
16 719
16 721
16 33812
17 10
17 146
17 147
17 149
17 722
18 5
18 20
18 99
18 131
18 132
18 133
18 165
18 166
19 3
19 5
19 20
19 389
19 391
19 33813
20 158
20 159
20 160
20 162
20 33814
21 9
21 10
21 11
21 13
21 163
22 5
22 20
22 99
22 131
22 132
22 133
22 165
22 166
23 3
23 5
23 20
23 33816
23 33817
23 33818
24 51
24 195
24 4167
24 4169
24 33819
25 71
25 76
25 190
25 191
25 33820
seqId 53
1 3
1 20
1 195
1 340
1 465
1 467
1 33822
2 9
2 10
2 11
2 13
2 33823
3 3
3 20
3 195
3 340
3 33825
3 33826
3 33827
4 20
4 90
4 122
4 195
4 708
4 713
4 33672
4 33674
4 33828
5 660
5 2136
5 2137
5 2139
5 33829
6 230
6 231
6 232
6 234
6 33830
7 9
7 10
7 11
7 13
7 163
8 99
8 131
8 132
8 133
8 195
8 236
8 237
9 3
9 20
9 195
9 19603
9 29160
9 33831
10 20
10 195
10 202
10 3386
10 3388
10 33832
11 10
11 378
11 379
11 381
11 33833
12 90
12 443
12 10796
12 10798
12 33834
13 5
13 20
13 99
13 131
13 132
13 133
13 166
13 33835
14 3
14 5
14 20
14 429
14 431
14 33836
15 5
15 20
15 202
15 302
15 304
15 33837
16 9
16 10
16 11
16 13
16 33838
17 67
17 699
17 3213
17 5979
17 33380
17 33382
17 33839
17 33840
seqId 54
1 5
1 20
1 99
1 131
1 132
1 133
1 967
1 33841
2 3
2 5
2 20
2 429
2 23585
2 33842
3 5
3 20
3 202
3 302
3 304
3 33843
4 10
4 146
4 147
4 149
4 33844
5 51
5 195
5 11257
5 11259
5 33845
6 3
6 20
6 195
6 6913
6 6915
6 33846
7 5
7 20
7 90
7 122
7 708
7 713
7 3482
7 3484
7 33847
8 660
8 30602
8 30603
8 30605
8 33848
9 5
9 84
9 90
9 91
9 93
9 121
9 702
9 705
9 33849
10 10
10 378
10 379
10 381
10 33850
11 3
11 5
11 20
11 10801
11 10803
11 33851
12 9
12 10
12 11
12 13
12 33852
13 90
13 443
13 5661
13 31000
13 33853
14 3
14 5
14 20
14 10695
14 10697
14 33854
15 9
15 10
15 11
15 13
15 33855
16 4
16 5
16 99
16 131
16 132
16 133
16 152
16 33856
17 3
17 4
17 5
17 16756
17 16758
17 33857
18 4
18 5
18 202
18 302
18 304
18 33858
19 10
19 109
19 110
19 112
19 33859
20 3
20 20
20 195
20 1866
20 10151
20 33860
21 9
21 10
21 11
21 13
21 33861
22 3
22 4
22 195
22 21181
22 21183
22 33862
23 76
23 342
23 343
23 345
23 33863
24 9
24 10
24 11
24 13
24 33864
25 3
25 4
25 195
25 2359
25 2361
25 33865
26 76
26 342
26 343
26 345
26 33866
27 9
27 10
27 11
27 13
27 33867
28 3
28 4
28 5
28 8229
28 12263
28 33868
29 9
29 10
29 11
29 13
29 33869
30 3
30 4
30 5
30 15
30 17
30 33870
31 71
31 76
31 190
31 191
31 33871
seqId 55
1 5
1 20
1 82
1 83
1 84
1 115
1 763
1 3948
1 33872
2 27
2 82
2 84
2 114
2 115
2 116
2 118
2 33873
3 5
3 84
3 90
3 91
3 93
3 121
3 33058
3 33875
3 33876
4 10
4 146
4 147
4 149
4 33877
5 90
5 443
5 1345
5 9933
5 33878
6 10
6 109
6 110
6 112
6 33879
7 3
7 4
7 5
7 4107
7 4109
7 33880
8 99
8 131
8 132
8 133
8 195
8 237
8 33881
9 3
9 4
9 195
9 3239
9 33883
9 33884
10 9
10 10
10 11
10 13
10 33885
11 3
11 4
11 5
11 33037
11 33039
11 33886
12 243
12 244
12 245
12 247
12 33887
13 9
13 10
13 24
13 26
13 27
13 33888
14 3
14 4
14 5
14 1784
14 10502
14 33889
15 158
15 159
15 160
15 162
15 33890
16 9
16 10
16 11
16 13
16 163
17 5
17 20
17 99
17 131
17 132
17 133
17 165
17 166
18 5
18 20
18 67
18 699
18 3213
18 5979
18 33380
18 33382
18 33891
19 76
19 342
19 343
19 345
19 33892
20 4
20 5
20 99
20 131
20 132
20 133
20 152
20 33893
21 3
21 4
21 5
21 3441
21 33895
21 33896
22 4
22 5
22 202
22 693
22 33898
22 33899
23 9
23 10
23 11
23 13
23 33900
24 4
24 5
24 99
24 115
24 773
24 774
24 775
24 776
24 3330
24 33901
25 3
25 4
25 5
25 8229
25 12263
25 33902
26 4
26 5
26 202
26 8631
26 8633
26 23203
26 33903
27 76
27 342
27 343
27 345
27 1664
28 5
28 99
28 115
28 773
28 774
28 775
28 776
28 778
28 33904
29 3
29 4
29 5
29 33906
29 33907
29 33908
30 717
30 718
30 719
30 721
30 33909
31 10
31 146
31 147
31 149
31 722
32 5
32 20
32 99
32 131
32 132
32 133
32 165
32 166
33 3
33 5
33 20
33 33911
33 33912
33 33913
34 9
34 10
34 11
34 13
34 33914
35 3
35 5
35 20
35 33053
35 33916
35 33917
36 5
36 20
36 202
36 340
36 6756
36 14296
36 33919
36 33920
36 33921
37 243
37 244
37 245
37 247
37 33922
38 660
38 5049
38 5050
38 5052
38 33923
39 99
39 115
39 195
39 773
39 774
39 775
39 776
39 3400
39 33924
40 3
40 20
40 195
40 5228
40 5230
40 33925
41 10
41 146
41 147
41 149
41 33926
42 5
42 27
42 99
42 131
42 132
42 133
42 135
42 33927
43 3
43 4
43 5
43 4804
43 33065
43 33928
44 243
44 244
44 245
44 247
44 33929
45 2822
45 2823
45 2824
45 2826
45 33930
46 10
46 146
46 147
46 149
46 722
47 99
47 131
47 132
47 133
47 195
47 236
47 237
48 3
48 20
48 195
48 3632
48 3634
48 33931
49 71
49 76
49 190
49 191
49 33932
seqId 56
1 90
1 443
1 31304
1 33934
1 33935
2 660
2 12282
2 12283
2 12285
2 33936
3 10
3 146
3 147
3 149
3 33937
4 5
4 20
4 98
4 99
4 100
4 102
4 33938
5 3
5 5
5 20
5 429
5 431
5 33939
6 82
6 83
6 115
6 195
6 4940
6 4941
6 28267
6 33940
7 5
7 84
7 91
7 93
7 121
7 702
7 703
7 705
7 33941
8 20
8 90
8 122
8 195
8 340
8 708
8 769
8 4845
8 4847
8 33942
9 10
9 146
9 147
9 149
9 33943
10 90
10 443
10 9903
10 12062
10 33944
11 4
11 5
11 99
11 133
11 175
11 176
11 178
11 33945
12 4
12 5
12 202
12 795
12 8936
12 33946
13 3
13 4
13 5
13 33948
13 33949
13 33950
14 9
14 10
14 11
14 13
14 33951
15 3
15 4
15 5
15 15
15 17
15 33952
16 10
16 828
16 829
16 831
16 33953
17 3
17 5
17 20
17 2723
17 2725
17 33954
18 717
18 718
18 719
18 721
18 33955
19 10
19 146
19 147
19 149
19 722
20 5
20 20
20 99
20 131
20 132
20 133
20 165
20 166
21 5
21 20
21 202
21 2244
21 2246
21 33956
22 3
22 5
22 20
22 384
22 386
22 33957
23 5
23 20
23 202
23 761
23 4399
23 8684
23 24369
23 24371
23 24372
23 33958
24 76
24 342
24 343
24 345
24 33959
25 4
25 5
25 90
25 122
25 708
25 713
25 33961
25 33962
25 33963
26 10
26 126
26 127
26 129
26 33964
27 99
27 133
27 175
27 176
27 195
27 234
27 33965
28 3
28 4
28 195
28 3239
28 33884
28 33966
29 9
29 10
29 11
29 13
29 33967
30 3
30 4
30 195
30 340
30 33969
30 33970
30 33971
31 4
31 195
31 202
31 340
31 33765
31 33767
31 33973
32 243
32 244
32 245
32 247
32 33974
33 10
33 126
33 127
33 129
33 33975
34 99
34 133
34 175
34 176
34 195
34 234
34 33976
35 20
35 195
35 202
35 9342
35 33978
35 33979
36 3
36 20
36 195
36 3386
36 3388
36 33980
37 9
37 10
37 11
37 13
37 33981
38 3
38 5
38 20
38 1320
38 1322
38 33982
39 71
39 76
39 190
39 191
39 33983
seqId 57
1 10
1 2408
1 33985
1 33986
1 33987
2 5
2 27
2 82
2 83
2 84
2 115
2 135
2 763
2 33988
3 90
3 443
3 33990
3 33991
3 33992
4 76
4 342
4 343
4 345
4 33993
5 4
5 5
5 98
5 99
5 100
5 1927
5 33994
6 3
6 4
6 5
6 72
6 279
6 33996
6 33997
6 33998
7 660
7 661
7 910
7 1234
7 33999
8 5
8 84
8 90
8 91
8 93
8 121
8 21928
8 34001
8 34002
9 660
9 1897
9 1898
9 1900
9 34003
10 660
10 661
10 1240
10 1242
10 34004
11 479
11 660
11 34006
11 34007
11 34008
11 34009
12 9
12 10
12 11
12 13
12 34010
13 5
13 27
13 99
13 131
13 132
13 133
13 135
13 34011
14 3
14 4
14 5
14 2608
14 4490
14 34012
15 9
15 10
15 11
15 13
15 34013
16 4
16 5
16 99
16 131
16 132
16 133
16 152
16 34014
17 3
17 4
17 5
17 15
17 17
17 34015
18 10
18 146
18 147
18 149
18 1822
19 4
19 5
19 99
19 133
19 175
19 176
19 178
19 1825
20 3
20 4
20 5
20 1828
20 14965
20 14967
21 660
21 2347
21 2348
21 2350
21 34016
22 4
22 5
22 202
22 4270
22 18030
22 34017
23 76
23 342
23 343
23 345
23 34018
24 4
24 5
24 202
24 3001
24 3003
24 34019
25 244
25 418
25 419
25 421
25 34020
26 4
26 5
26 202
26 838
26 34022
26 34023
26 34024
27 71
27 76
27 190
27 191
27 34025
seqId 58
1 5
1 20
1 99
1 131
1 132
1 133
1 967
1 34026
2 5
2 20
2 67
2 699
2 3213
2 5979
2 33380
2 33382
2 34027
3 5
3 84
3 91
3 93
3 121
3 703
3 707
3 956
3 34028
4 660
4 1897
4 1898
4 1900
4 34029
5 660
5 3768
5 3769
5 3771
5 34030
6 5
6 20
6 90
6 122
6 708
6 713
6 9250
6 25965
6 34031
7 10
7 283
7 284
7 286
7 34032
8 85
8 99
8 195
8 638
8 640
8 34033
9 3
9 20
9 195
9 34035
9 34036
9 34037
10 660
10 7237
10 10032
10 10034
10 34038
11 20
11 195
11 202
11 340
11 15742
11 15744
11 34040
12 10
12 378
12 379
12 381
12 34041
13 4
13 5
13 99
13 131
13 132
13 133
13 152
13 34042
14 3
14 4
14 5
14 15
14 17
14 34043
15 71
15 76
15 190
15 191
15 34044
seqId 59
1 5
1 20
1 27
1 36
1 82
1 84
1 98
1 100
1 34045
2 5
2 84
2 91
2 93
2 121
2 703
2 707
2 956
2 34046
3 5
3 20
3 99
3 131
3 132
3 133
3 166
3 34047
4 3
4 5
4 20
4 10622
4 10624
4 34048
5 10
5 109
5 112
5 1539
5 34049
6 3
6 5
6 20
6 1601
6 1603
6 34050
7 9
7 10
7 11
7 13
7 34051
8 4
8 5
8 99
8 131
8 132
8 133
8 152
8 34052
9 3
9 4
9 5
9 16756
9 16758
9 34053
10 158
10 159
10 160
10 162
10 34054
11 9
11 10
11 11
11 13
11 163
12 5
12 20
12 99
12 131
12 132
12 133
12 165
12 166
13 5
13 20
13 67
13 34056
13 34057
13 34058
14 67
14 873
14 34060
14 34061
14 34062
14 34063
14 34064
15 82
15 758
15 759
15 761
15 34065
16 5
16 84
16 90
16 93
16 121
16 3360
16 4621
16 28087
16 34066
17 90
17 443
17 27603
17 34068
17 34069
18 76
18 342
18 343
18 345
18 34070
19 10
19 3889
19 3891
19 9630
19 34071
20 51
20 195
20 29812
20 29814
20 34072
21 76
21 342
21 343
21 345
21 34073
22 99
22 133
22 175
22 176
22 195
22 234
22 34074
23 3
23 4
23 195
23 26959
23 27007
23 34075
24 9
24 10
24 11
24 13
24 34076
25 3
25 5
25 20
25 16848
25 16850
25 34077
26 660
26 7237
26 10032
26 10034
26 34078
27 4
27 195
27 202
27 34080
27 34081
27 34082
28 10
28 378
28 379
28 381
28 34083
29 99
29 131
29 132
29 133
29 195
29 237
29 34084
30 3
30 4
30 195
30 313
30 6526
30 34085
31 158
31 159
31 160
31 162
31 34086
32 9
32 10
32 11
32 13
32 163
33 5
33 20
33 99
33 131
33 132
33 133
33 165
33 166
34 3
34 5
34 20
34 33272
34 34088
34 34089
35 76
35 342
35 343
35 345
35 34090
36 10
36 378
36 379
36 381
36 34091
37 99
37 131
37 132
37 133
37 195
37 237
37 34092
38 3
38 20
38 195
38 1320
38 3384
38 34093
39 20
39 195
39 202
39 340
39 623
39 625
39 626
39 34095
40 76
40 342
40 343
40 345
40 34096
41 10
41 378
41 379
41 381
41 34097
42 5
42 27
42 99
42 131
42 132
42 133
42 135
42 34098
43 3
43 5
43 20
43 1019
43 25531
43 34099
44 230
44 231
44 232
44 234
44 34100
45 9
45 10
45 11
45 13
45 163
46 99
46 131
46 132
46 133
46 195
46 236
46 237
47 20
47 195
47 202
47 10398
47 10400
47 34101
48 3
48 20
48 195
48 10402
48 10404
48 34102
49 76
49 342
49 343
49 345
49 2012
50 3
50 20
50 195
50 1806
50 1808
50 1809
50 1810
50 34103
51 243
51 244
51 245
51 247
51 34104
52 3
52 20
52 72
52 195
52 1810
52 24568
52 24569
52 27718
52 34106
52 34107
53 10
53 126
53 127
53 129
53 34108
54 3
54 5
54 20
54 384
54 386
54 34109
55 76
55 342
55 343
55 345
55 34110
56 99
56 133
56 175
56 176
56 195
56 234
56 34111
57 3
57 20
57 195
57 10402
57 10404
57 34112
58 20
58 195
58 202
58 2923
58 14156
58 34113
59 20
59 90
59 122
59 195
59 708
59 713
59 3581
59 11758
59 34114
60 76
60 342
60 343
60 345
60 34115
61 71
61 509
61 25601
61 25602
61 25604
61 34116
seqId 60
1 5
1 20
1 99
1 131
1 132
1 133
1 967
1 34117
2 5
2 20
2 67
2 699
2 3213
2 5979
2 33380
2 33382
2 34118
3 5
3 84
3 91
3 93
3 121
3 703
3 707
3 956
3 34119
4 660
4 1622
4 1623
4 1625
4 34120
5 5
5 20
5 90
5 122
5 708
5 713
5 9250
5 25965
5 34121
6 10
6 283
6 284
6 286
6 34122
7 85
7 99
7 195
7 638
7 640
7 34123
8 3
8 4
8 195
8 340
8 2997
8 34125
8 34126
9 4
9 195
9 202
9 6881
9 6883
9 34127
10 9
10 10
10 11
10 13
10 34128
11 3
11 4
11 5
11 15
11 17
11 34129
12 76
12 413
12 414
12 416
12 34130
13 67
13 2689
13 34132
13 34133
13 34134
14 76
14 433
14 434
14 436
14 34135
15 82
15 759
15 2852
15 2854
15 34136
16 5
16 20
16 99
16 131
16 132
16 133
16 166
16 34137
17 3
17 5
17 20
17 2089
17 34139
17 34140
18 243
18 244
18 245
18 247
18 34141
19 99
19 131
19 132
19 133
19 195
19 237
19 34142
20 3
20 20
20 195
20 1650
20 4819
20 34143
21 84
21 91
21 93
21 121
21 195
21 703
21 707
21 1858
21 34144
22 660
22 2509
22 2510
22 2512
22 34145
23 10
23 109
23 110
23 112
23 34146
24 3
24 4
24 5
24 10638
24 10812
24 34147
25 717
25 718
25 719
25 721
25 34148
26 10
26 146
26 147
26 149
26 722
27 5
27 20
27 99
27 131
27 132
27 133
27 165
27 166
28 3
28 5
28 20
28 34150
28 34151
28 34152
29 82
29 759
29 5284
29 5286
29 34153
30 82
30 83
30 115
30 195
30 4940
30 4941
30 28267
30 34154
31 90
31 91
31 93
31 121
31 195
31 4941
31 5007
31 8665
31 34156
31 34157
32 5
32 20
32 98
32 99
32 100
32 102
32 34158
33 3
33 5
33 20
33 2723
33 2725
33 34159
34 71
34 76
34 190
34 191
34 34160
seqId 61
1 10
1 109
1 876
1 878
1 34161
2 3
2 5
2 20
2 5228
2 15262
2 34162
3 10
3 146
3 147
3 149
3 34163
4 67
4 873
4 34060
4 34061
4 34063
4 34064
4 34164
5 76
5 342
5 343
5 345
5 34165
6 5
6 20
6 82
6 83
6 84
6 115
6 763
6 1002
6 34166
7 5
7 84
7 91
7 93
7 121
7 703
7 707
7 956
7 34167
8 5
8 20
8 202
8 1466
8 18974
8 34168
9 9
9 10
9 11
9 13
9 34169
10 90
10 443
10 6971
10 12939
10 34171
11 5
11 27
11 99
11 131
11 132
11 133
11 135
11 34172
12 5
12 67
12 2689
12 34134
12 34173
13 76
13 137
13 138
13 140
13 2146
14 3
14 4
14 195
14 313
14 315
14 34174
15 4
15 195
15 202
15 322
15 324
15 34175
16 9
16 10
16 11
16 13
16 34176
17 4
17 5
17 99
17 131
17 132
17 133
17 152
17 34177
18 4
18 5
18 67
18 34179
18 34180
18 34181
19 76
19 185
19 186
19 188
19 34182
20 76
20 1267
20 1268
20 1270
20 34183
seqId 62
1 5
1 20
1 99
1 131
1 132
1 133
1 166
1 34184
2 5
2 20
2 67
2 699
2 3213
2 5979
2 33380
2 33382
2 34185
3 5
3 84
3 91
3 93
3 121
3 703
3 707
3 956
3 34186
4 660
4 1622
4 1623
4 1625
4 34187
5 5
5 20
5 90
5 122
5 708
5 713
5 4288
5 4290
5 34189
6 10
6 283
6 284
6 286
6 34190
7 5
7 27
7 99
7 131
7 132
7 133
7 135
7 34191
8 5
8 67
8 2689
8 34134
8 34192
9 76
9 137
9 138
9 140
9 34193
10 3
10 5
10 20
10 33358
10 33360
10 34195
11 243
11 244
11 245
11 247
11 34196
12 3
12 4
12 5
12 3162
12 3164
12 34197
13 76
13 185
13 186
13 188
13 34198
14 5
14 20
14 90
14 122
14 708
14 713
14 4379
14 5722
14 34199
15 10
15 828
15 829
15 831
15 34200
16 67
16 601
16 603
16 1197
16 34201
17 67
17 340
17 23042
17 34203
17 34204
17 34205
18 71
18 76
18 190
18 191
18 34206
seqId 63
1 660
1 5049
1 7881
1 7883
1 34207
2 76
2 342
2 343
2 345
2 34208
3 5
3 20
3 202
3 9960
3 32945
3 34209
4 3
4 5
4 20
4 6890
4 6892
4 34210
5 76
5 342
5 343
5 345
5 34211
6 5
6 20
6 99
6 131
6 132
6 133
6 166
6 34212
7 3
7 5
7 20
7 4434
7 4436
7 34213
8 5
8 84
8 91
8 93
8 121
8 703
8 707
8 956
8 34214
9 660
9 1622
9 1623
9 1625
9 34215
10 5
10 20
10 90
10 122
10 708
10 713
10 9250
10 25965
10 34216
11 10
11 283
11 284
11 286
11 34217
12 85
12 99
12 195
12 638
12 640
12 34218
13 3
13 20
13 195
13 340
13 34220
13 34221
13 34222
14 9
14 10
14 24
14 26
14 27
14 34223
15 3
15 5
15 20
15 7259
15 7261
15 34224
16 5
16 20
16 202
16 302
16 304
16 34225
17 76
17 342
17 343
17 345
17 34226
18 5
18 20
18 99
18 131
18 132
18 133
18 166
18 34227
19 5
19 20
19 67
19 204
19 34229
19 34230
19 34231
19 34232
20 76
20 342
20 343
20 345
20 34233
21 5
21 20
21 99
21 131
21 132
21 133
21 166
21 34234
22 5
22 20
22 36
22 67
22 34236
22 34237
22 34238
23 76
23 342
23 343
23 345
23 34239
24 5
24 20
24 99
24 131
24 132
24 133
24 166
24 34240
25 5
25 20
25 67
25 34242
25 34243
25 34244
26 67
26 34246
26 34247
26 34248
26 34249
27 71
27 76
27 190
27 191
27 34250
seqId 64
1 51
1 52
1 680
1 1993
1 34251
2 71
2 76
2 190
2 191
2 34252
seqId 65
1 5
1 20
1 99
1 133
1 175
1 176
1 9647
1 34253
2 3
2 5
2 20
2 429
2 431
2 34254
3 5
3 20
3 90
3 122
3 708
3 713
3 4258
3 4469
3 34255
4 10
4 283
4 284
4 286
4 34256
5 4
5 5
5 99
5 131
5 132
5 133
5 152
5 34257
6 3
6 4
6 5
6 33037
6 33039
6 34258
7 76
7 342
7 343
7 345
7 34259
8 5
8 20
8 202
8 33042
8 33044
8 34260
9 10
9 146
9 147
9 149
9 34261
10 4
10 5
10 99
10 131
10 132
10 133
10 152
10 34262
11 3
11 4
11 5
11 33048
11 33050
11 34263
12 230
12 231
12 232
12 234
12 34264
13 9
13 10
13 11
13 13
13 163
14 99
14 131
14 132
14 133
14 195
14 236
14 237
15 3
15 20
15 195
15 33053
15 33055
15 34265
16 243
16 244
16 245
16 247
16 2260
17 5
17 20
17 90
17 122
17 708
17 713
17 33058
17 33060
17 34266
18 10
18 146
18 147
18 149
18 34267
19 5
19 27
19 99
19 131
19 132
19 133
19 135
19 34268
20 3
20 4
20 5
20 4804
20 33065
20 34269
seqId 66
1 99
1 131
1 132
1 133
1 195
1 1220
1 34270
2 3
2 4
2 15
2 195
2 4121
2 34271
3 4
3 90
3 122
3 195
3 708
3 713
3 3686
3 5120
3 34272
4 10
4 828
4 829
4 831
4 34273
5 5
5 20
5 99
5 131
5 132
5 133
5 166
5 34274
6 5
6 20
6 67
6 699
6 3213
6 5979
6 33380
6 33382
6 34275
7 10
7 27969
7 27970
7 27972
7 34276
8 5
8 20
8 99
8 131
8 132
8 133
8 166
8 34277
9 3
9 5
9 20
9 384
9 386
9 34278
10 51
10 195
10 29814
10 32975
10 32977
10 32978
10 34279
11 84
11 90
11 91
11 92
11 93
11 195
11 13153
11 14730
11 17654
11 34281
12 10
12 146
12 147
12 149
12 34282
13 90
13 443
13 5661
13 31000
13 34283
14 3
14 5
14 20
14 10695
14 10697
14 34284
15 99
15 133
15 175
15 176
15 195
15 234
15 34285
16 3
16 20
16 195
16 33911
16 33913
16 34286
17 9
17 10
17 24
17 26
17 27
17 34287
18 3
18 5
18 20
18 23151
18 23153
18 34288
19 5
19 20
19 202
19 33079
19 34290
19 34291
20 230
20 231
20 232
20 234
20 34292
21 9
21 10
21 11
21 13
21 163
22 99
22 131
22 132
22 133
22 195
22 236
22 237
23 3
23 20
23 195
23 34294
23 34295
23 34296
24 243
24 244
24 245
24 247
24 34297
25 230
25 231
25 232
25 234
25 34298
26 9
26 10
26 11
26 13
26 163
27 99
27 131
27 132
27 133
27 195
27 236
27 237
28 3
28 20
28 195
28 13609
28 33503
28 34299
29 20
29 195
29 202
29 322
29 357
29 34300
30 76
30 342
30 343
30 345
30 34301
31 99
31 133
31 175
31 176
31 195
31 234
31 34302
32 3
32 4
32 195
32 8229
32 8231
32 34303
33 9
33 10
33 11
33 13
33 34304
34 3
34 4
34 5
34 34306
34 34307
34 34308
35 9
35 10
35 11
35 13
35 34309
36 5
36 27
36 99
36 131
36 132
36 133
36 135
36 34310
37 3
37 4
37 5
37 4804
37 33065
37 34311
38 76
38 413
38 414
38 416
38 34312
39 4
39 5
39 202
39 3386
39 6768
39 34313
40 76
40 342
40 343
40 345
40 34314
41 244
41 1249
41 1250
41 1252
41 34315
42 660
42 1622
42 1623
42 1625
42 34316
43 4
43 5
43 202
43 5627
43 19546
43 34317
44 76
44 433
44 434
44 436
44 34318
45 76
45 342
45 343
45 345
45 34319
46 10
46 146
46 147
46 149
46 34320
47 4
47 85
47 99
47 195
47 2075
47 2771
47 34321
48 3
48 4
48 195
48 340
48 14965
48 14967
48 34323
49 76
49 413
49 414
49 416
49 34324
50 4
50 5
50 202
50 1341
50 34326
50 34327
51 76
51 342
51 343
51 345
51 34328
52 4
52 5
52 202
52 34330
52 34331
52 34332
53 243
53 244
53 245
53 247
53 34333
54 4
54 5
54 202
54 2923
54 5110
54 34334
55 76
55 433
55 434
55 436
55 34335
56 76
56 342
56 343
56 345
56 34336
57 10
57 283
57 284
57 286
57 34337
58 99
58 133
58 175
58 176
58 195
58 234
58 34338
59 3
59 20
59 195
59 340
59 3533
59 3535
59 34339
60 660
60 7237
60 10032
60 10034
60 34340
61 20
61 195
61 202
61 15601
61 15603
61 34341
62 76
62 342
62 343
62 345
62 34342
63 10
63 7340
63 9033
63 9035
63 34343
64 99
64 133
64 175
64 176
64 195
64 234
64 34344
65 3
65 20
65 195
65 33358
65 34346
65 34347
66 20
66 195
66 202
66 34349
66 34350
66 34351
67 479
67 660
67 32582
67 34353
67 34354
67 34355
68 20
68 90
68 122
68 195
68 340
68 708
68 713
68 34357
68 34358
68 34359
69 10
69 27
69 1113
69 1114
69 1116
69 34360
70 2822
70 2823
70 2824
70 2826
70 34361
71 10
71 146
71 147
71 149
71 722
72 99
72 131
72 132
72 133
72 195
72 236
72 237
73 3
73 20
73 195
73 34363
73 34364
73 34365
74 20
74 195
74 202
74 340
74 34367
74 34368
74 34369
75 243
75 244
75 245
75 247
75 34370
76 2822
76 2823
76 2824
76 2826
76 34371
77 10
77 146
77 147
77 149
77 722
78 99
78 131
78 132
78 133
78 195
78 236
78 237
79 3
79 20
79 195
79 33358
79 34347
79 34372
80 20
80 195
80 202
80 340
80 34374
80 34375
80 34376
80 34377
81 71
81 76
81 190
81 191
81 34378
seqId 67
1 5
1 27
1 99
1 131
1 132
1 133
1 699
1 34379
2 3
2 4
2 5
2 1395
2 5941
2 34380
3 230
3 231
3 232
3 234
3 34381
4 9
4 10
4 11
4 13
4 163
5 99
5 131
5 132
5 133
5 195
5 236
5 237
6 3
6 20
6 195
6 33053
6 33055
6 34382
7 20
7 195
7 202
7 322
7 357
7 34383
8 76
8 342
8 343
8 345
8 34384
9 20
9 195
9 202
9 3199
9 4859
9 34385
10 243
10 244
10 245
10 247
10 34386
11 20
11 195
11 202
11 254
11 3637
11 34387
12 82
12 758
12 759
12 761
12 34388
13 84
13 90
13 91
13 93
13 121
13 195
13 4379
13 13099
13 34389
14 98
14 99
14 100
14 195
14 2073
14 34390
15 3
15 20
15 195
15 33911
15 33913
15 34391
16 5
16 84
16 91
16 92
16 93
16 703
16 707
16 16563
16 34392
17 660
17 1622
17 1623
17 1625
17 34393
18 4
18 5
18 90
18 122
18 708
18 713
18 1104
18 4148
18 4150
18 34395
19 10
19 109
19 110
19 112
19 34396
20 3
20 20
20 195
20 1320
20 3384
20 34397
21 90
21 121
21 122
21 792
21 8120
21 34399
21 34400
22 4
22 5
22 99
22 133
22 175
22 176
22 178
22 34401
23 3
23 4
23 5
23 8229
23 12263
23 34402
24 660
24 2347
24 2348
24 2350
24 34403
25 4
25 5
25 202
25 1773
25 26635
25 34404
26 82
26 759
26 2852
26 2854
26 34405
27 5
27 27
27 99
27 131
27 132
27 133
27 135
27 34406
28 3
28 5
28 20
28 10801
28 10803
28 34407
29 5
29 84
29 91
29 93
29 121
29 703
29 707
29 956
29 2477
30 9
30 10
30 11
30 13
30 34408
31 90
31 443
31 1587
31 10385
31 34410
31 34411
32 99
32 131
32 132
32 133
32 195
32 237
32 34412
33 3
33 20
33 195
33 33053
33 33055
33 34413
34 20
34 195
34 202
34 22675
34 33345
34 34414
35 243
35 244
35 245
35 247
35 34415
36 99
36 131
36 132
36 133
36 195
36 237
36 34416
37 3
37 4
37 195
37 8152
37 8154
37 34417
38 4
38 195
38 202
38 4561
38 34419
38 34420
38 34421
39 9
39 10
39 11
39 13
39 34422
40 3
40 20
40 195
40 340
40 34424
40 34425
40 34426
41 71
41 76
41 190
41 191
41 34427
seqId 68
1 10
1 283
1 3640
1 3642
1 34428
2 99
2 131
2 132
2 133
2 195
2 237
2 34429
3 3
3 4
3 195
3 11431
3 11433
3 34430
4 82
4 758
4 759
4 761
4 34431
5 84
5 90
5 91
5 93
5 121
5 195
5 442
5 4823
5 34432
6 76
6 342
6 343
6 345
6 34433
7 82
7 83
7 115
7 195
7 4940
7 4941
7 28267
7 34434
8 90
8 91
8 92
8 93
8 195
8 768
8 4129
8 4941
8 4948
8 34435
9 13
9 99
9 133
9 175
9 176
9 195
9 34436
10 20
10 195
10 202
10 1888
10 1890
10 34437
11 3
11 20
11 195
11 6890
11 21230
11 34438
12 10
12 1605
12 1606
12 1608
12 34439
13 3
13 4
13 195
13 340
13 34441
13 34442
13 34443
14 10
14 109
14 110
14 112
14 34444
15 90
15 121
15 122
15 1337
15 6971
15 28422
15 34446
16 99
16 131
16 132
16 133
16 195
16 237
16 34447
17 3
17 20
17 195
17 429
17 4265
17 34448
18 10
18 109
18 110
18 112
18 34449
19 3
19 5
19 20
19 389
19 391
19 34450
20 82
20 758
20 759
20 761
20 34451
21 84
21 91
21 93
21 121
21 195
21 703
21 707
21 1858
21 34452
22 5
22 20
22 99
22 133
22 175
22 176
22 1316
22 34453
23 5
23 20
23 202
23 22623
23 34455
23 34456
24 3
24 5
24 20
24 34458
24 34459
24 34460
25 230
25 231
25 232
25 234
25 34461
26 9
26 10
26 11
26 13
26 163
27 99
27 131
27 132
27 133
27 195
27 236
27 237
28 3
28 20
28 195
28 340
28 16848
28 16850
28 34463
29 10
29 146
29 147
29 149
29 34464
30 90
30 442
30 443
30 445
30 34465
31 71
31 76
31 190
31 191
31 34466
seqId 69
1 82
1 115
1 195
1 4940
1 4941
1 4943
1 34467
2 90
2 91
2 92
2 93
2 195
2 4941
2 4948
2 34469
2 34470
2 34471
3 2822
3 2823
3 2824
3 2826
3 34472
4 10
4 146
4 147
4 149
4 722
5 99
5 131
5 132
5 133
5 195
5 236
5 237
6 3
6 4
6 195
6 25712
6 25714
6 34473
7 230
7 231
7 232
7 234
7 34474
8 9
8 10
8 11
8 13
8 163
9 99
9 131
9 132
9 133
9 195
9 236
9 237
10 3
10 4
10 195
10 9881
10 34476
10 34477
11 10
11 109
11 110
11 112
11 34478
12 3
12 5
12 20
12 389
12 391
12 34479
13 244
13 418
13 419
13 421
13 34480
14 10
14 109
14 110
14 112
14 34481
15 3
15 5
15 20
15 429
15 431
15 34482
16 76
16 413
16 414
16 416
16 34483
17 90
17 443
17 25415
17 34485
17 34486
18 3
18 4
18 5
18 1701
18 1703
18 34487
19 51
19 52
19 2151
19 2153
19 34488
20 3
20 5
20 20
20 71
20 11431
20 33027
20 34489
21 51
21 52
21 13968
21 33199
21 34491
21 34492
22 10
22 378
22 379
22 381
22 34493
23 660
23 2347
23 2350
23 2522
23 34494
24 9
24 10
24 11
24 13
24 34495
25 3
25 20
25 195
25 34497
25 34498
25 34499
26 76
26 433
26 434
26 436
26 34500
27 71
27 76
27 190
27 191
27 34501
seqId 70
1 99
1 131
1 132
1 133
1 195
1 1220
1 34502
2 3
2 20
2 195
2 21934
2 21936
2 34503
3 82
3 759
3 2852
3 2854
3 34504
4 5
4 20
4 99
4 131
4 132
4 133
4 166
4 34505
5 5
5 20
5 67
5 699
5 3213
5 5979
5 33380
5 33382
5 34506
6 5
6 84
6 90
6 91
6 93
6 121
6 4180
6 34508
6 34509
7 82
7 84
7 114
7 115
7 116
7 1361
7 34510
8 90
8 443
8 17308
8 34512
8 34513
9 84
9 90
9 91
9 93
9 121
9 195
9 4379
9 13099
9 34514
10 10
10 126
10 127
10 129
10 34515
11 4
11 5
11 99
11 131
11 132
11 133
11 152
11 34516
12 3
12 4
12 5
12 34518
12 34519
12 34520
13 230
13 231
13 232
13 234
13 34521
14 9
14 10
14 11
14 13
14 163
15 99
15 131
15 132
15 133
15 195
15 236
15 237
16 3
16 4
16 195
16 33489
16 34523
16 34524
17 4
17 195
17 202
17 322
17 324
17 34525
18 243
18 244
18 245
18 247
18 34526
19 4
19 112
19 195
19 202
19 22675
19 34528
19 34529
20 76
20 342
20 343
20 345
20 34530
21 243
21 244
21 245
21 247
21 34531
22 10
22 126
22 127
22 129
22 34532
23 99
23 131
23 132
23 133
23 195
23 237
23 34533
24 3
24 4
24 195
24 5331
24 7585
24 34534
25 27
25 82
25 759
25 944
25 1463
25 34535
26 3
26 20
26 195
26 34294
26 34296
26 34536
27 243
27 244
27 245
27 247
27 34537
28 3
28 20
28 195
28 13609
28 33503
28 34538
29 20
29 195
29 202
29 322
29 357
29 34539
30 84
30 90
30 91
30 93
30 121
30 195
30 34541
30 34542
30 34543
31 10
31 146
31 147
31 149
31 34544
32 82
32 83
32 84
32 115
32 5729
32 5731
32 34545
33 90
33 443
33 2990
33 34547
33 34548
34 71
34 76
34 190
34 191
34 34549
seqId 71
1 5
1 20
1 99
1 131
1 132
1 133
1 967
1 34550
2 5
2 20
2 67
2 699
2 3213
2 5979
2 33380
2 33382
2 34551
3 5
3 84
3 90
3 91
3 93
3 121
3 4180
3 34509
3 34552
4 90
4 443
4 5094
4 34554
4 34555
5 10
5 1010
5 1011
5 1013
5 34556
6 3
6 5
6 20
6 7291
6 34558
6 34559
6 34560
7 9
7 10
7 11
7 13
7 34561
8 5
8 99
8 115
8 773
8 774
8 775
8 776
8 778
8 34562
9 3
9 4
9 5
9 1573
9 1575
9 34563
10 9
10 10
10 11
10 13
10 34564
11 3
11 4
11 5
11 15
11 17
11 34565
12 5
12 20
12 99
12 131
12 132
12 133
12 166
12 34566
13 3
13 5
13 20
13 5228
13 15262
13 34567
14 717
14 718
14 719
14 721
14 34568
15 10
15 146
15 147
15 149
15 722
16 5
16 20
16 99
16 131
16 132
16 133
16 165
16 166
17 3
17 5
17 20
17 1341
17 6599
17 34569
18 76
18 342
18 343
18 345
18 34570
19 90
19 121
19 122
19 5640
19 5642
19 34571
20 5
20 20
20 202
20 33042
20 33044
20 34572
21 2745
21 2822
21 2823
21 2824
21 2826
22 10
22 146
22 147
22 149
22 722
23 99
23 131
23 132
23 133
23 195
23 236
23 237
24 3
24 4
24 195
24 2749
24 8229
24 8231
25 243
25 244
25 245
25 247
25 34573
26 3
26 20
26 195
26 21902
26 21904
26 34574
27 9
27 10
27 11
27 13
27 34575
28 5
28 27
28 99
28 131
28 132
28 133
28 135
28 34576
29 3
29 4
29 5
29 4804
29 33065
29 34577
30 4
30 5
30 202
30 5627
30 19546
30 34578
31 243
31 244
31 245
31 247
31 34579
32 9
32 10
32 11
32 13
32 34580
33 5
33 27
33 99
33 131
33 132
33 133
33 135
33 34581
34 3
34 4
34 5
34 4804
34 33065
34 34582
35 4
35 5
35 202
35 3386
35 6768
35 34583
36 71
36 76
36 190
36 191
36 2768
seqId 72
1 10
1 283
1 3640
1 3642
1 34584
2 4
2 5
2 99
2 131
2 132
2 133
2 152
2 34585
3 3
3 4
3 5
3 34587
3 34588
3 34589
4 9
4 10
4 11
4 13
4 34590
5 5
5 99
5 115
5 773
5 774
5 775
5 776
5 778
5 34591
6 3
6 4
6 5
6 24335
6 34593
6 34594
7 10
7 126
7 127
7 129
7 34595
8 99
8 131
8 132
8 133
8 195
8 237
8 34596
9 3
9 4
9 195
9 5512
9 5514
9 34597
10 4
10 195
10 202
10 7178
10 7180
10 34598
11 1458
11 2717
11 4052
11 4054
11 34599
12 3
12 5
12 20
12 20716
12 20718
12 34600
13 76
13 342
13 343
13 345
13 34601
14 5
14 20
14 99
14 131
14 132
14 133
14 166
14 34602
15 3
15 5
15 20
15 4434
15 4436
15 34603
16 5
16 84
16 90
16 91
16 92
16 93
16 4379
16 34605
16 34606
17 4
17 5
17 99
17 133
17 175
17 176
17 178
17 34607
18 3
18 4
18 5
18 33906
18 33908
18 34608
19 4
19 5
19 90
19 122
19 708
19 713
19 2514
19 12161
19 34609
20 2822
20 2823
20 2824
20 2826
20 34610
21 10
21 146
21 147
21 149
21 722
22 99
22 131
22 132
22 133
22 195
22 236
22 237
23 3
23 20
23 195
23 33911
23 33913
23 34611
24 9
24 10
24 11
24 13
24 34612
25 3
25 4
25 5
25 13423
25 31090
25 31447
25 34613
26 243
26 244
26 245
26 247
26 34614
27 10
27 146
27 147
27 149
27 34615
28 99
28 115
28 195
28 773
28 775
28 776
28 2192
28 2194
28 34616
29 3
29 20
29 195
29 2429
29 22565
29 34617
30 10
30 126
30 127
30 129
30 34618
31 99
31 131
31 132
31 133
31 195
31 237
31 34619
32 3
32 4
32 195
32 29295
32 34621
32 34622
33 243
33 244
33 245
33 247
33 34623
34 99
34 131
34 132
34 133
34 195
34 237
34 34624
35 3
35 20
35 195
35 34626
35 34627
35 34628
36 71
36 76
36 190
36 191
36 34629
seqId 73
1 5
1 99
1 115
1 773
1 774
1 775
1 776
1 31621
1 34630
2 3
2 4
2 5
2 1573
2 1575
2 34631
3 4
3 5
3 202
3 693
3 33899
3 34632
4 82
4 84
4 114
4 115
4 116
4 1361
4 34633
5 5
5 84
5 90
5 91
5 93
5 121
5 31162
5 31164
5 34634
6 10
6 283
6 284
6 286
6 34635
7 4
7 5
7 99
7 133
7 175
7 176
7 178
7 34636
8 3
8 4
8 5
8 5512
8 34638
8 34639
9 3
9 4
9 5
9 313
9 5251
9 34640
10 1458
10 2717
10 4052
10 4054
10 34641
11 3
11 4
11 5
11 7178
11 21009
11 34642
12 4
12 5
12 90
12 122
12 708
12 713
12 10796
12 15705
12 34644
13 243
13 244
13 245
13 247
13 34645
14 4
14 5
14 90
14 122
14 708
14 713
14 34647
14 34648
14 34649
15 10
15 828
15 829
15 831
15 34650
16 3
16 20
16 195
16 340
16 28470
16 34652
16 34653
17 1458
17 2717
17 4052
17 4054
17 34654
18 3
18 20
18 195
18 4570
18 34656
18 34657
19 10
19 1605
19 1606
19 1608
19 34658
20 3
20 20
20 195
20 10402
20 10404
20 34659
21 243
21 244
21 245
21 247
21 34660
22 3
22 20
22 195
22 34662
22 34663
22 34664
23 82
23 758
23 759
23 761
23 34665
24 84
24 90
24 91
24 93
24 121
24 195
24 4979
24 34667
24 34668
24 34669
25 76
25 342
25 343
25 345
25 34670
26 84
26 90
26 91
26 93
26 121
26 195
26 3111
26 34672
26 34673
27 76
27 342
27 343
27 345
27 34674
28 84
28 90
28 91
28 93
28 121
28 195
28 34676
28 34677
28 34678
29 76
29 342
29 343
29 345
29 34679
30 27
30 82
30 84
30 114
30 115
30 116
30 118
30 34680
31 84
31 90
31 91
31 93
31 121
31 195
31 4710
31 12612
31 34682
31 34683
32 99
32 131
32 132
32 133
32 195
32 237
32 34684
33 3
33 20
33 195
33 33272
33 33274
33 34685
34 71
34 76
34 190
34 191
34 34686
seqId 74
1 99
1 131
1 132
1 133
1 195
1 1220
1 34687
2 3
2 4
2 195
2 8229
2 8231
2 34688
3 9
3 10
3 11
3 13
3 34689
4 3
4 4
4 5
4 15
4 17
4 34690
5 27
5 82
5 759
5 944
5 1463
5 34691
6 5
6 20
6 82
6 83
6 84
6 115
6 763
6 1002
6 34692
7 5
7 84
7 90
7 91
7 93
7 121
7 923
7 34694
7 34695
8 27
8 82
8 84
8 114
8 115
8 116
8 118
8 34696
9 84
9 90
9 91
9 93
9 121
9 195
9 6786
9 34698
9 34699
10 10
10 146
10 147
10 149
10 34700
11 4
11 85
11 99
11 195
11 2075
11 2771
11 34701
12 3
12 4
12 195
12 8152
12 8154
12 34702
13 9
13 10
13 11
13 13
13 34703
14 3
14 4
14 5
14 26724
14 26726
14 34704
15 243
15 244
15 245
15 247
15 34705
16 9
16 10
16 24
16 26
16 27
16 34706
17 90
17 443
17 1815
17 29773
17 34708
18 5
18 20
18 202
18 3386
18 10488
18 34709
19 71
19 76
19 190
19 191
19 34710
seqId 75
1 51
1 52
1 33069
1 33071
1 34711
2 71
2 76
2 190
2 191
2 34712
seqId 76
1 3
1 4
1 195
1 340
1 16756
1 33075
1 34713
2 4
2 195
2 202
2 322
2 324
2 34714
3 76
3 342
3 343
3 345
3 34715
4 4
4 195
4 202
4 340
4 33079
4 33081
4 34716
5 243
5 244
5 245
5 247
5 34717
6 4
6 195
6 202
6 254
6 3637
6 34718
7 75
7 76
7 77
7 79
7 34719
8 3
8 5
8 20
8 23151
8 23153
8 34720
9 243
9 244
9 245
9 247
9 34721
10 3
10 20
10 195
10 340
10 33088
10 33090
10 34722
11 20
11 195
11 202
11 8631
11 8633
11 8634
11 34723
seqId 77
1 5
1 20
1 99
1 131
1 132
1 133
1 967
1 34724
2 3
2 5
2 20
2 13224
2 13226
2 34725
3 10
3 146
3 147
3 149
3 34726
4 99
4 133
4 175
4 176
4 195
4 234
4 34727
5 3
5 20
5 195
5 11005
5 34729
5 34730
6 243
6 244
6 245
6 247
6 34731
7 99
7 133
7 175
7 176
7 195
7 234
7 34732
8 3
8 4
8 195
8 16756
8 33576
8 34733
9 4
9 90
9 122
9 195
9 340
9 708
9 713
9 34735
9 34736
9 34737
10 10
10 283
10 284
10 286
10 34738
11 4
11 5
11 99
11 131
11 132
11 133
11 152
11 34739
12 3
12 4
12 5
12 31230
12 31232
12 34740
13 5
13 84
13 90
13 91
13 93
13 121
13 1509
13 16289
13 34741
14 10
14 378
14 379
14 381
14 34742
15 3
15 5
15 20
15 1832
15 1834
15 34743
16 9
16 10
16 11
16 13
16 34744
17 3
17 4
17 195
17 340
17 26724
17 26726
17 34746
18 4
18 195
18 202
18 322
18 324
18 34747
19 243
19 244
19 245
19 247
19 34748
20 1458
20 2717
20 3022
20 4052
20 4054
21 244
21 418
21 419
21 421
21 34749
22 4
22 112
22 195
22 202
22 22675
22 34529
22 34750
23 5
23 20
23 99
23 133
23 175
23 176
23 1316
23 34751
24 3
24 5
24 20
24 2558
24 2560
24 34752
25 10
25 378
25 379
25 381
25 34753
26 90
26 443
26 1437
26 10356
26 34755
27 158
27 159
27 160
27 162
27 34756
28 9
28 10
28 11
28 13
28 163
29 5
29 20
29 99
29 131
29 132
29 133
29 165
29 166
30 3
30 5
30 20
30 18025
30 18027
30 34757
31 76
31 342
31 343
31 345
31 34758
32 10
32 34760
32 34761
32 34762
32 34763
33 99
33 133
33 175
33 176
33 195
33 234
33 34764
34 3
34 4
34 195
34 8152
34 8154
34 34765
35 660
35 7237
35 10032
35 10034
35 34766
36 4
36 195
36 202
36 15601
36 17892
36 34767
37 9
37 10
37 11
37 13
37 34768
38 3
38 4
38 5
38 26724
38 26726
38 34769
39 76
39 413
39 414
39 416
39 34770
40 3
40 5
40 20
40 71
40 11431
40 33027
40 34771
41 508
41 509
41 510
41 512
41 34772
42 71
42 76
42 190
42 191
42 34773
43 3
43 20
43 195
43 10672
43 17040
43 34774
44 10
44 126
44 127
44 129
44 34775
45 99
45 131
45 132
45 133
45 195
45 237
45 34776
46 3
46 4
46 195
46 340
46 3989
46 16983
46 34778
46 34779
46 34780
47 3
47 2548
47 6896
47 6898
47 34781
48 2822
48 2823
48 2824
48 2826
48 34782
49 10
49 146
49 147
49 149
49 722
50 99
50 131
50 132
50 133
50 195
50 236
50 237
51 3
51 20
51 195
51 33816
51 33818
51 34783
52 20
52 195
52 202
52 34785
52 34786
52 34787
53 76
53 342
53 343
53 345
53 34788
54 10
54 126
54 127
54 129
54 34789
55 99
55 131
55 132
55 133
55 195
55 237
55 34790
56 3
56 4
56 195
56 340
56 34792
56 34793
56 34794
57 76
57 342
57 343
57 345
57 34795
58 10
58 126
58 127
58 129
58 34796
59 99
59 131
59 132
59 133
59 195
59 237
59 34797
60 3
60 20
60 195
60 340
60 34799
60 34800
60 34801
60 34802
61 20
61 195
61 202
61 22675
61 33345
61 34803
62 76
62 342
62 343
62 345
62 34804
63 10
63 126
63 127
63 129
63 34805
64 99
64 131
64 132
64 133
64 195
64 237
64 34806
65 3
65 4
65 195
65 30555
65 34808
65 34809
66 4
66 195
66 202
66 33164
66 33166
66 34810
67 76
67 433
67 434
67 436
67 34811
68 71
68 76
68 190
68 191
68 34812
seqId 78
1 82
1 83
1 115
1 195
1 4940
1 4941
1 4943
1 34813
2 90
2 91
2 93
2 121
2 195
2 4941
2 4948
2 34815
2 34816
2 34817
3 660
3 976
3 977
3 979
3 34818
4 99
4 131
4 132
4 133
4 195
4 237
4 34819
5 3
5 4
5 195
5 2049
5 2051
5 34820
6 4
6 90
6 122
6 195
6 340
6 708
6 713
6 3811
6 34822
6 34823
6 34824
6 34825
7 243
7 244
7 245
7 247
7 34826
8 99
8 115
8 195
8 773
8 775
8 776
8 2192
8 2194
8 34827
9 3
9 4
9 195
9 16756
9 33576
9 34828
10 4
10 195
10 202
10 322
10 324
10 34829
11 243
11 244
11 245
11 247
11 34830
12 4
12 195
12 202
12 340
12 33079
12 33081
12 34831
13 10
13 146
13 147
13 149
13 34832
14 20
14 85
14 99
14 195
14 2075
14 2077
14 34833
15 3
15 20
15 195
15 6686
15 34835
15 34836
16 75
16 76
16 77
16 79
16 34837
17 5
17 27
17 99
17 131
17 132
17 133
17 135
17 34838
18 3
18 4
18 5
18 34840
18 34841
18 34842
19 230
19 231
19 232
19 234
19 34843
20 9
20 10
20 11
20 13
20 163
21 99
21 131
21 132
21 133
21 195
21 236
21 237
22 3
22 20
22 195
22 10660
22 10662
22 34844
23 76
23 342
23 343
23 345
23 34845
24 99
24 131
24 132
24 133
24 195
24 237
24 34846
25 3
25 20
25 195
25 33911
25 33913
25 34847
26 9
26 10
26 11
26 13
26 34848
27 3
27 4
27 195
27 340
27 34850
27 34851
27 34852
28 4
28 195
28 202
28 340
28 34854
28 34855
28 34856
29 76
29 342
29 343
29 345
29 34857
30 99
30 131
30 132
30 133
30 195
30 237
30 34858
31 3
31 20
31 195
31 2429
31 22565
31 34859
32 158
32 159
32 160
32 162
32 34860
33 9
33 10
33 11
33 13
33 163
34 5
34 20
34 99
34 131
34 132
34 133
34 165
34 166
35 3
35 5
35 20
35 33053
35 33917
35 34861
36 5
36 20
36 202
36 34863
36 34864
36 34865
37 10
37 126
37 127
37 129
37 34866
38 99
38 131
38 132
38 133
38 195
38 237
38 34867
39 3
39 4
39 195
39 897
39 3520
39 34868
40 76
40 342
40 343
40 345
40 34869
41 5
41 27
41 99
41 131
41 132
41 133
41 135
41 34870
42 3
42 4
42 5
42 34872
42 34873
42 34874
43 9
43 10
43 11
43 13
43 34875
44 4
44 5
44 99
44 131
44 132
44 133
44 152
44 34876
45 3
45 4
45 5
45 34878
45 34879
45 34880
46 76
46 342
46 343
46 345
46 34881
47 5
47 20
47 99
47 131
47 132
47 133
47 166
47 34882
48 3
48 5
48 20
48 479
48 34560
48 34884
48 34885
49 230
49 231
49 232
49 234
49 34886
50 9
50 10
50 11
50 13
50 163
51 99
51 131
51 132
51 133
51 195
51 236
51 237
52 3
52 4
52 195
52 5951
52 5953
52 34887
53 4
53 195
53 202
53 322
53 324
53 34888
54 243
54 244
54 245
54 247
54 34889
55 4
55 195
55 202
55 33164
55 33166
55 34890
56 76
56 342
56 343
56 345
56 34891
57 4
57 5
57 99
57 131
57 132
57 133
57 152
57 34892
58 3
58 4
58 5
58 96
58 4449
58 30045
58 34894
58 34895
58 34896
59 9
59 10
59 11
59 13
59 34897
60 4
60 5
60 99
60 131
60 132
60 133
60 152
60 34898
61 3
61 4
61 5
61 34900
61 34901
61 34902
62 71
62 76
62 190
62 191
62 3236
seqId 79
1 3
1 2548
1 10996
1 34904
1 34905
2 10
2 146
2 147
2 149
2 34906
3 98
3 99
3 100
3 195
3 2073
3 34907
4 3
4 20
4 195
4 21934
4 21936
4 34908
5 76
5 342
5 343
5 345
5 34909
6 3
6 5
6 20
6 1832
6 1834
6 34910
7 9
7 10
7 11
7 13
7 34911
8 3
8 4
8 195
8 5331
8 7585
8 34912
9 84
9 91
9 93
9 121
9 195
9 703
9 707
9 1858
9 34913
10 4
10 90
10 122
10 195
10 340
10 708
10 713
10 8812
10 8814
10 34914
11 75
11 76
11 77
11 79
11 34915
12 3
12 4
12 5
12 34917
12 34918
12 34919
13 9
13 10
13 11
13 13
13 34920
14 5
14 27
14 99
14 131
14 132
14 133
14 135
14 34921
15 3
15 4
15 5
15 22378
15 22380
15 34922
16 4
16 5
16 202
16 322
16 22672
16 34923
17 243
17 244
17 245
17 247
17 34924
18 4
18 5
18 202
18 3273
18 10492
18 10494
19 76
19 413
19 414
19 416
19 34925
20 3
20 5
20 20
20 71
20 11431
20 33027
20 34926
21 3
21 5
21 20
21 508
21 512
21 34927
22 71
22 76
22 190
22 191
22 34928
23 3
23 5
23 20
23 34930
23 34931
23 34932
24 9
24 10
24 11
24 13
24 34933
25 4
25 195
25 202
25 795
25 3439
25 34934
26 3
26 4
26 195
26 8152
26 8154
26 34935
27 230
27 231
27 232
27 234
27 34936
28 9
28 10
28 11
28 13
28 163
29 99
29 131
29 132
29 133
29 195
29 236
29 237
30 3
30 4
30 195
30 340
30 20344
30 20346
30 34938
31 76
31 433
31 434
31 436
31 34939
32 76
32 342
32 343
32 345
32 34940
33 3
33 4
33 5
33 34942
33 34943
33 34944
34 230
34 231
34 232
34 234
34 34945
35 9
35 10
35 11
35 13
35 163
36 99
36 131
36 132
36 133
36 195
36 236
36 237
37 3
37 4
37 195
37 8152
37 8154
37 34946
38 9
38 10
38 24
38 26
38 27
38 3299
39 3
39 5
39 20
39 34799
39 34801
39 34802
39 34948
40 5
40 20
40 202
40 22675
40 22677
40 34950
41 243
41 244
41 245
41 247
41 34951
42 5
42 20
42 202
42 6756
42 34953
42 34954
42 34955
43 71
43 76
43 190
43 191
43 34956
seqId 80
1 4
1 85
1 99
1 195
1 1589
1 31729
1 34957
2 3
2 4
2 195
2 897
2 3520
2 34958
3 10
3 1010
3 1011
3 1013
3 34959
4 5
4 27
4 99
4 131
4 132
4 133
4 135
4 34960
5 3
5 4
5 5
5 33290
5 34962
5 34963
6 84
6 91
6 93
6 121
6 195
6 703
6 707
6 1858
6 34964
7 660
7 6286
7 6287
7 6289
7 34965
8 4
8 90
8 122
8 195
8 708
8 713
8 7704
8 34967
8 34968
9 76
9 342
9 343
9 345
9 34969
10 243
10 244
10 245
10 247
10 34970
11 4
11 90
11 122
11 195
11 708
11 713
11 2787
11 34972
11 34973
11 34974
12 10
12 828
12 829
12 831
12 34975
13 98
13 99
13 100
13 195
13 2073
13 34976
14 3
14 4
14 195
14 2049
14 2051
14 34977
15 76
15 413
15 414
15 416
15 34978
16 3
16 5
16 20
16 71
16 11431
16 33027
16 34979
17 508
17 509
17 512
17 5178
17 34980
18 71
18 76
18 190
18 191
18 34981
19 67
19 72
19 15159
19 34983
19 34984
19 34985
19 34986
19 34987
20 10
20 126
20 127
20 129
20 34988
21 5
21 27
21 99
21 131
21 132
21 133
21 135
21 34989
22 3
22 4
22 5
22 33290
22 34963
22 34990
23 9
23 10
23 11
23 13
23 34991
24 3
24 4
24 5
24 31230
24 31232
24 34992
25 76
25 433
25 434
25 436
25 34993
26 76
26 342
26 343
26 345
26 34994
27 10
27 1010
27 1011
27 1013
27 34995
28 3
28 5
28 20
28 1832
28 1834
28 34996
29 9
29 10
29 24
29 26
29 27
29 34997
30 4
30 195
30 202
30 2294
30 3837
30 34998
31 3
31 4
31 195
31 897
31 3520
31 34999
32 4
32 90
32 122
32 195
32 340
32 708
32 713
32 34735
32 34737
32 35000
33 10
33 283
33 284
33 286
33 35001
34 4
34 5
34 99
34 131
34 132
34 133
34 152
34 35002
35 3
35 4
35 5
35 35004
35 35005
35 35006
36 3
36 5
36 20
36 20716
36 20718
36 35007
37 1458
37 2717
37 4052
37 4054
37 35008
38 3
38 4
38 5
38 4228
38 13593
38 35009
39 76
39 413
39 414
39 416
39 35010
40 3
40 5
40 20
40 71
40 11431
40 33027
40 35011
41 508
41 509
41 512
41 5178
41 35012
42 71
42 76
42 190
42 191
42 35013
43 3
43 4
43 5
43 340
43 28807
43 35015
43 35016
43 35017
43 35018
44 230
44 231
44 232
44 234
44 35019
45 9
45 10
45 11
45 13
45 163
46 99
46 131
46 132
46 133
46 195
46 236
46 237
47 3
47 20
47 195
47 33272
47 33274
47 35020
48 20
48 195
48 202
48 340
48 35022
48 35023
48 35024
49 76
49 433
49 434
49 436
49 35025
50 71
50 76
50 190
50 191
50 35026
seqId 81
1 99
1 131
1 132
1 133
1 195
1 1220
1 35027
2 3
2 20
2 195
2 2429
2 22565
2 35028
3 230
3 231
3 232
3 234
3 35029
4 9
4 10
4 11
4 13
4 163
5 99
5 131
5 132
5 133
5 195
5 236
5 237
6 3
6 4
6 195
6 897
6 3520
6 35030
7 4
7 195
7 202
7 20565
7 35032
7 35033
7 35034
7 35035
8 10
8 126
8 127
8 129
8 35036
9 99
9 131
9 132
9 133
9 195
9 237
9 35037
10 3
10 20
10 195
10 34626
10 34628
10 35038
11 20
11 195
11 202
11 5273
11 5667
11 35039
12 243
12 244
12 245
12 247
12 35040
13 99
13 131
13 132
13 133
13 195
13 237
13 35041
14 3
14 20
14 195
14 20293
14 20295
14 35042
15 20
15 195
15 202
15 22675
15 33345
15 35043
16 84
16 91
16 93
16 121
16 195
16 703
16 707
16 1858
16 35044
17 20
17 90
17 122
17 195
17 340
17 708
17 35046
17 35047
17 35048
18 10
18 283
18 284
18 286
18 35049
19 5
19 20
19 99
19 131
19 132
19 133
19 166
19 35050
20 3
20 5
20 20
20 19603
20 19605
20 35051
21 5
21 20
21 202
21 5627
21 5629
21 35052
22 76
22 342
22 343
22 345
22 35053
23 244
23 15672
23 15673
23 15675
23 35054
24 10
24 283
24 284
24 286
24 35055
25 99
25 131
25 132
25 133
25 195
25 237
25 35056
26 3
26 4
26 195
26 3199
26 3464
26 4859
27 4
27 195
27 202
27 5627
27 35058
27 35059
28 71
28 76
28 190
28 191
28 35060
seqId 82
1 5
1 20
1 27
1 36
1 82
1 84
1 98
1 100
1 35061
2 5
2 84
2 91
2 93
2 121
2 703
2 707
2 956
2 35062
3 5
3 20
3 99
3 131
3 132
3 133
3 166
3 35063
4 3
4 5
4 20
4 10622
4 10624
4 35064
5 10
5 1387
5 1388
5 1390
5 35065
6 4
6 5
6 99
6 131
6 132
6 133
6 152
6 35066
7 3
7 4
7 5
7 4107
7 4109
7 35067
8 158
8 159
8 160
8 162
8 35068
9 9
9 10
9 11
9 13
9 163
10 5
10 20
10 99
10 131
10 132
10 133
10 165
10 166
11 76
11 137
11 138
11 140
11 35069
12 3
12 5
12 20
12 16848
12 16850
12 35070
13 5
13 20
13 202
13 29358
13 29360
13 35071
14 76
14 185
14 186
14 188
14 35072
15 76
15 342
15 343
15 345
15 35073
16 4
16 5
16 202
16 1666
16 35075
16 35076
17 10
17 283
17 284
17 286
17 35077
18 13
18 99
18 133
18 175
18 176
18 195
18 35078
19 20
19 195
19 202
19 1888
19 1890
19 35079
20 3
20 20
20 195
20 340
20 27018
20 27020
20 35081
21 76
21 413
21 414
21 416
21 35082
22 3
22 5
22 20
22 35084
22 35085
22 35086
23 76
23 342
23 343
23 345
23 35087
24 3
24 4
24 5
24 35089
24 35090
24 35091
25 76
25 342
25 343
25 345
25 35092
26 3
26 4
26 5
26 34878
26 34880
26 35093
27 76
27 342
27 343
27 345
27 35094
28 3
28 20
28 195
28 12983
28 23115
28 35095
29 76
29 342
29 343
29 345
29 35096
30 3
30 4
30 5
30 7698
30 35098
30 35099
31 4
31 5
31 202
31 35101
31 35102
31 35103
31 35104
32 230
32 231
32 232
32 234
32 35105
33 9
33 10
33 11
33 13
33 163
34 99
34 131
34 132
34 133
34 195
34 236
34 237
35 3
35 4
35 195
35 2818
35 35107
35 35108
36 76
36 342
36 343
36 345
36 35109
37 71
37 509
37 25601
37 25602
37 25604
37 35110
38 76
38 433
38 434
38 436
38 35111
39 76
39 342
39 343
39 345
39 35112
40 243
40 244
40 245
40 247
40 35113
41 4
41 5
41 90
41 122
41 708
41 713
41 1104
41 35115
41 35116
41 35117
42 10
42 828
42 829
42 831
42 35118
43 99
43 133
43 175
43 176
43 195
43 234
43 35119
44 3
44 20
44 195
44 22743
44 22745
44 35120
45 9
45 10
45 11
45 13
45 35121
46 3
46 4
46 5
46 3199
46 5132
46 35122
47 4
47 5
47 202
47 5627
47 19546
47 35123
48 76
48 342
48 343
48 345
48 35124
49 244
49 15672
49 15673
49 15675
49 35125
50 9
50 10
50 11
50 13
50 35126
51 3
51 4
51 5
51 3199
51 5132
51 35127
52 4
52 5
52 90
52 122
52 708
52 713
52 1345
52 4853
52 35128
53 10
53 109
53 110
53 112
53 35129
54 3
54 4
54 5
54 4406
54 24330
54 35130
55 10
55 146
55 147
55 149
55 35131
56 5
56 27
56 99
56 131
56 132
56 133
56 135
56 35132
57 3
57 4
57 5
57 14965
57 14967
57 35133
58 230
58 231
58 232
58 234
58 35134
59 9
59 10
59 11
59 13
59 163
60 99
60 131
60 132
60 133
60 195
60 236
60 237
61 3
61 4
61 195
61 2818
61 2820
61 35135
62 76
62 413
62 414
62 416
62 35136
63 3
63 5
63 20
63 71
63 11431
63 33027
63 35137
64 3
64 5
64 20
64 508
64 512
64 35138
65 71
65 76
65 190
65 191
65 35139
66 3
66 4
66 5
66 16756
66 33075
66 35141
67 9
67 10
67 11
67 13
67 35142
68 67
68 35144
68 35145
68 35146
68 35147
69 10
69 1010
69 1011
69 1013
69 35148
70 3
70 5
70 20
70 4702
70 35150
70 35151
70 35152
71 9
71 10
71 11
71 13
71 35153
72 4
72 5
72 99
72 131
72 132
72 133
72 152
72 35154
73 3
73 4
73 5
73 33277
73 33279
73 35155
74 76
74 433
74 434
74 436
74 35156
75 71
75 76
75 190
75 191
75 35157
seqId 83
1 10
1 283
1 3640
1 3642
1 35158
2 5
2 20
2 98
2 99
2 100
2 102
2 35159
3 3
3 5
3 20
3 3533
3 3535
3 35160
4 76
4 342
4 343
4 345
4 35161
5 5
5 20
5 99
5 131
5 132
5 133
5 166
5 35162
6 3
6 5
6 20
6 33088
6 33090
6 35164
7 9
7 10
7 11
7 13
7 35165
8 4
8 5
8 99
8 131
8 132
8 133
8 152
8 35166
9 3
9 4
9 5
9 3707
9 3709
9 35167
10 9
10 10
10 24
10 26
10 27
10 35168
11 67
11 9567
11 10827
11 35034
11 35170
11 35171
11 35172
11 35173
12 5
12 84
12 90
12 91
12 93
12 121
12 442
12 2283
12 35174
13 90
13 443
13 4063
13 5056
13 35175
14 10
14 1387
14 1388
14 1390
14 35176
15 4
15 5
15 99
15 133
15 175
15 176
15 178
15 35177
16 3
16 4
16 5
16 35179
16 35180
16 35181
17 4
17 5
17 90
17 122
17 708
17 713
17 31757
17 31759
17 35183
18 5
18 27
18 99
18 131
18 132
18 133
18 135
18 3603
19 3
19 4
19 5
19 28242
19 28244
19 35184
20 230
20 231
20 232
20 234
20 35185
21 9
21 10
21 11
21 13
21 163
22 99
22 131
22 132
22 133
22 195
22 236
22 237
23 3
23 20
23 195
23 5228
23 5230
23 35186
24 230
24 231
24 232
24 234
24 3612
25 9
25 10
25 11
25 13
25 163
26 99
26 131
26 132
26 133
26 195
26 236
26 237
27 3
27 4
27 195
27 897
27 3520
27 35187
28 4
28 195
28 202
28 317
28 319
28 35188
29 10
29 146
29 147
29 149
29 35189
30 5
30 27
30 99
30 131
30 132
30 133
30 135
30 35190
31 3
31 5
31 20
31 20716
31 20718
31 35191
32 243
32 244
32 245
32 247
32 35192
33 4
33 5
33 99
33 131
33 132
33 133
33 152
33 35193
34 3
34 4
34 5
34 35195
34 35196
34 35197
34 35198
35 76
35 413
35 414
35 416
35 35199
36 3
36 5
36 20
36 71
36 11431
36 33027
36 35200
37 3
37 5
37 20
37 508
37 512
37 35201
38 71
38 76
38 190
38 191
38 35202
39 3
39 4
39 5
39 3199
39 3201
39 35203
40 9
40 10
40 11
40 13
40 35204
41 4
41 5
41 99
41 131
41 132
41 133
41 152
41 35205
42 3
42 4
42 5
42 35207
42 35208
42 35209
43 10
43 146
43 147
43 149
43 35210
44 5
44 27
44 99
44 131
44 132
44 133
44 135
44 35211
45 3
45 4
45 5
45 12560
45 12562
45 35212
46 9
46 10
46 11
46 13
46 35213
47 5
47 27
47 99
47 131
47 132
47 133
47 135
47 35214
48 5
48 67
48 9567
48 10827
48 35034
48 35170
48 35173
48 35215
49 76
49 433
49 434
49 436
49 35216
50 71
50 76
50 190
50 191
50 35217
seqId 84
1 90
1 443
1 16673
1 35219
1 35220
2 98
2 99
2 100
2 195
2 2073
2 35221
3 3
3 20
3 195
3 33911
3 33913
3 35222
4 5
4 84
4 90
4 91
4 93
4 121
4 25987
4 35224
4 35225
5 230
5 231
5 232
5 234
5 35226
6 9
6 10
6 11
6 13
6 163
7 99
7 131
7 132
7 133
7 195
7 236
7 237
8 3
8 4
8 195
8 33173
8 33175
8 35227
9 4
9 195
9 202
9 340
9 623
9 625
9 626
9 35228
10 90
10 121
10 122
10 28470
10 35230
10 35231
11 3
11 20
11 195
11 1320
11 3384
11 35232
12 9
12 10
12 11
12 13
12 35233
13 3
13 5
13 20
13 7393
13 7395
13 35234
14 243
14 244
14 245
14 247
14 35235
15 9
15 10
15 11
15 13
15 35236
16 3
16 5
16 20
16 4434
16 4436
16 35237
17 76
17 342
17 343
17 345
17 35238
18 20
18 82
18 84
18 98
18 100
18 102
18 35239
19 82
19 758
19 759
19 761
19 35240
20 5
20 84
20 90
20 91
20 93
20 121
20 824
20 24311
20 35241
21 4
21 5
21 99
21 133
21 175
21 176
21 178
21 35242
22 4
22 5
22 202
22 3303
22 3305
22 35243
23 3
23 4
23 5
23 33037
23 33039
23 35244
24 10
24 283
24 284
24 286
24 35245
25 5
25 20
25 99
25 131
25 132
25 133
25 166
25 35246
26 3
26 5
26 20
26 429
26 431
26 35247
27 158
27 159
27 160
27 162
27 35248
28 9
28 10
28 11
28 13
28 163
29 5
29 20
29 99
29 131
29 132
29 133
29 165
29 166
30 5
30 20
30 67
30 699
30 3213
30 5979
30 33380
30 33382
30 35249
31 71
31 76
31 190
31 191
31 35250
seqId 85
1 5
1 20
1 82
1 84
1 100
1 6672
1 6674
1 35251
2 5
2 84
2 90
2 91
2 93
2 121
2 4288
2 19779
2 35252
3 660
3 1622
3 1623
3 1625
3 35253
4 9
4 10
4 11
4 13
4 35254
5 90
5 443
5 3433
5 3435
5 35255
6 26
6 27
6 99
6 133
6 175
6 176
6 195
6 35256
7 4
7 195
7 202
7 1466
7 1789
7 35257
8 3
8 4
8 195
8 14762
8 24957
8 35258
9 9
9 10
9 11
9 13
9 35259
10 3
10 4
10 195
10 1742
10 13218
10 35260
11 4
11 90
11 122
11 195
11 340
11 708
11 713
11 35262
11 35263
11 35264
12 10
12 126
12 127
12 129
12 35265
13 99
13 133
13 175
13 176
13 195
13 234
13 35266
14 3
14 20
14 195
14 33358
14 34347
14 35267
15 20
15 195
15 202
15 2075
15 2077
15 35268
16 76
16 342
16 343
16 345
16 35269
17 10
17 146
17 149
17 1539
17 35270
18 660
18 2310
18 2311
18 2313
18 35271
19 9
19 10
19 11
19 13
19 35272
20 90
20 443
20 5661
20 31000
20 35273
21 3
21 5
21 20
21 10695
21 10697
21 35274
22 99
22 133
22 175
22 176
22 195
22 234
22 35275
23 3
23 4
23 195
23 340
23 35277
23 35278
23 35279
24 76
24 413
24 414
24 416
24 35280
25 3
25 5
25 20
25 71
25 11431
25 33027
25 35281
26 3
26 5
26 20
26 508
26 512
26 35282
27 71
27 76
27 190
27 191
27 35283
seqId 86
1 5
1 27
1 99
1 131
1 132
1 133
1 135
1 35284
2 3
2 4
2 5
2 4804
2 33065
2 35285
3 158
3 159
3 160
3 162
3 35286
4 9
4 10
4 11
4 13
4 163
5 5
5 20
5 99
5 131
5 132
5 133
5 165
5 166
6 3
6 5
6 20
6 35288
6 35289
6 35290
7 3
7 4
7 5
7 35292
7 35293
7 35294
8 82
8 759
8 2852
8 2854
8 35295
9 5
9 20
9 99
9 131
9 132
9 133
9 166
9 35296
10 3
10 5
10 20
10 31623
10 31625
10 35297
11 5
11 84
11 91
11 93
11 121
11 703
11 707
11 956
11 35298
12 5
12 20
12 202
12 4424
12 28719
12 35299
13 10
13 283
13 284
13 286
13 35300
14 4
14 5
14 99
14 131
14 132
14 133
14 152
14 35301
15 3
15 4
15 5
15 26724
15 26726
15 35302
16 9
16 10
16 11
16 13
16 35303
17 20
17 195
17 202
17 4270
17 4272
17 35304
18 3
18 20
18 195
18 340
18 3796
18 35306
18 35307
19 9
19 10
19 24
19 26
19 27
19 35308
20 3
20 4
20 195
20 35292
20 35310
20 35311
21 243
21 244
21 245
21 247
21 35312
22 9
22 10
22 11
22 13
22 35313
23 3
23 4
23 195
23 1742
23 13218
23 35314
24 4
24 195
24 202
24 3954
24 35316
24 35317
25 2822
25 2823
25 2824
25 2826
25 35318
26 10
26 146
26 147
26 149
26 722
27 99
27 131
27 132
27 133
27 195
27 236
27 237
28 3
28 20
28 195
28 429
28 4265
28 35319
29 20
29 90
29 122
29 195
29 708
29 713
29 4258
29 35321
29 35322
30 10
30 283
30 284
30 286
30 35323
31 99
31 131
31 132
31 133
31 195
31 237
31 35324
32 3
32 4
32 195
32 340
32 35326
32 35327
32 35328
33 4
33 195
33 202
33 2947
33 8713
33 35329
34 76
34 433
34 434
34 436
34 35330
35 71
35 76
35 190
35 191
35 35331
seqId 87
1 5
1 20
1 82
1 84
1 100
1 6672
1 6674
1 35332
2 5
2 84
2 90
2 91
2 93
2 121
2 35334
2 35335
2 35336
3 660
3 1622
3 1623
3 1625
3 35337
4 99
4 133
4 175
4 176
4 195
4 234
4 35338
5 3
5 4
5 195
5 35340
5 35341
5 35342
6 90
6 121
6 122
6 35344
6 35345
6 35346
7 3
7 4
7 195
7 33173
7 33175
7 35347
8 4
8 195
8 202
8 35349
8 35350
8 35351
9 76
9 413
9 414
9 416
9 35352
10 3
10 5
10 20
10 71
10 11431
10 33027
10 35353
11 3
11 20
11 508
11 512
11 35354
12 71
12 76
12 190
12 191
12 35355
seqId 88
1 3
1 4
1 5
1 35357
1 35358
1 35359
2 9
2 10
2 11
2 13
2 35360
3 4
3 5
3 99
3 131
3 132
3 133
3 152
3 35361
4 3
4 4
4 5
4 13
4 1104
4 35363
4 35364
4 35365
5 10
5 146
5 147
5 149
5 3860
6 67
6 12747
6 35367
6 35368
6 35369
6 35370
7 10
7 109
7 110
7 112
7 35371
8 67
8 35373
8 35374
8 35375
8 35376
9 82
9 758
9 759
9 761
9 35377
10 5
10 84
10 90
10 91
10 93
10 121
10 3979
10 35379
10 35380
11 5
11 20
11 99
11 131
11 132
11 133
11 166
11 35381
12 3
12 5
12 20
12 5228
12 15262
12 35382
13 3
13 5
13 20
13 33358
13 35384
13 35385
14 5
14 20
14 202
14 35387
14 35388
14 35389
15 243
15 244
15 245
15 247
15 35390
16 3
16 4
16 5
16 35392
16 35393
16 35394
17 4
17 5
17 202
17 35396
17 35397
17 35398
18 76
18 433
18 434
18 436
18 35399
19 244
19 15672
19 15673
19 15675
19 35400
20 4
20 195
20 202
20 340
20 35402
20 35403
20 35404
20 35405
21 76
21 413
21 414
21 416
21 35406
22 3
22 5
22 20
22 71
22 11431
22 33027
22 35407
23 508
23 509
23 510
23 512
23 3881
24 71
24 76
24 190
24 191
24 35408
seqId 89
1 3
1 4
1 5
1 10652
1 30045
1 35410
1 35411
1 35412
1 35413
2 4
2 5
2 202
2 35402
2 35404
2 35405
2 35415
3 230
3 231
3 232
3 234
3 35416
4 9
4 10
4 11
4 13
4 163
5 99
5 131
5 132
5 133
5 195
5 236
5 237
6 3
6 20
6 195
6 389
6 391
6 35417
7 9
7 10
7 24
7 26
7 27
7 35418
8 3
8 4
8 5
8 35420
8 35421
8 35422
9 76
9 433
9 434
9 436
9 35423
10 71
10 76
10 190
10 191
10 35424
seqId 90
1 5
1 27
1 99
1 131
1 132
1 133
1 699
1 35425
2 3
2 4
2 5
2 2532
2 2534
2 35426
3 9
3 10
3 11
3 13
3 35427
4 4
4 5
4 99
4 131
4 132
4 133
4 152
4 35428
5 3
5 4
5 5
5 8229
5 12263
5 35429
6 4
6 5
6 202
6 302
6 304
6 35430
7 717
7 718
7 719
7 721
7 35431
8 10
8 146
8 147
8 149
8 722
9 5
9 20
9 99
9 131
9 132
9 133
9 165
9 166
9 1539
10 660
10 2347
10 2348
10 2350
10 35432
11 660
11 17010
11 17011
11 17013
11 35433
12 158
12 159
12 160
12 162
12 3912
13 9
13 10
13 11
13 13
13 163
14 5
14 20
14 99
14 131
14 132
14 133
14 165
14 166
15 3
15 5
15 20
15 7393
15 7395
15 35434
16 5
16 84
16 90
16 91
16 92
16 93
16 28166
16 35436
16 35437
17 660
17 976
17 977
17 979
17 35438
18 4
18 5
18 99
18 133
18 175
18 176
18 178
18 35439
19 3
19 4
19 5
19 35441
19 35442
19 35443
20 3
20 4
20 5
20 35445
20 35446
20 35447
21 158
21 159
21 160
21 162
21 35448
22 9
22 10
22 11
22 13
22 163
23 5
23 20
23 99
23 131
23 132
23 133
23 165
23 166
24 5
24 20
24 67
24 699
24 3213
24 5979
24 33380
24 33382
24 35449
25 76
25 342
25 343
25 345
25 35450
26 4
26 5
26 90
26 122
26 708
26 713
26 33961
26 33963
26 35451
27 717
27 718
27 719
27 721
27 35452
28 10
28 146
28 147
28 149
28 722
29 5
29 20
29 99
29 131
29 132
29 133
29 165
29 166
30 3
30 5
30 20
30 1942
30 1944
30 35453
31 10
31 126
31 127
31 129
31 35454
32 5
32 20
32 99
32 133
32 175
32 176
32 1316
32 35455
33 3
33 5
33 20
33 23151
33 23153
33 35456
34 243
34 244
34 245
34 247
34 35457
35 99
35 133
35 175
35 176
35 195
35 234
35 35458
36 3
36 4
36 195
36 19879
36 26830
36 35459
37 4
37 195
37 202
37 27855
37 35461
37 35462
38 76
38 342
38 343
38 345
38 35463
39 4
39 195
39 202
39 340
39 35465
39 35466
39 35467
40 243
40 244
40 245
40 247
40 35468
41 4
41 195
41 202
41 340
41 35470
41 35471
41 35472
42 76
42 413
42 414
42 416
42 35473
43 3
43 5
43 20
43 71
43 11431
43 33027
43 35474
44 508
44 509
44 510
44 512
44 35475
45 71
45 76
45 190
45 191
45 3957
seqId 91
1 4
1 5
1 99
1 131
1 132
1 133
1 152
1 35476
2 3
2 4
2 5
2 8229
2 12263
2 35477
3 4
3 5
3 202
3 19363
3 19365
3 35479
4 9
4 10
4 11
4 13
4 35480
5 3
5 4
5 195
5 340
5 33368
5 35482
5 35483
6 3
6 4
6 195
6 313
6 315
6 35484
7 3
7 4
7 195
7 340
7 7178
7 18652
7 35485
8 76
8 433
8 434
8 436
8 35486
9 76
9 342
9 343
9 345
9 35487
10 243
10 244
10 245
10 247
10 35488
11 82
11 758
11 759
11 761
11 35489
12 82
12 84
12 114
12 115
12 116
12 1361
12 35490
13 5
13 84
13 90
13 91
13 93
13 121
13 21513
13 35492
13 35493
14 660
14 3261
14 3262
14 3264
14 35494
15 230
15 231
15 232
15 234
15 35495
16 9
16 10
16 11
16 13
16 163
17 99
17 131
17 132
17 133
17 195
17 236
17 237
18 3
18 4
18 195
18 16756
18 33576
18 35496
19 4
19 195
19 202
19 340
19 35498
19 35499
19 35500
20 10
20 1605
20 1606
20 1608
20 35501
21 3
21 20
21 195
21 33358
21 34347
21 35502
22 243
22 244
22 245
22 247
22 35503
23 3
23 4
23 195
23 7178
23 7180
23 35504
24 76
24 342
24 343
24 345
24 35505
25 10
25 109
25 110
25 112
25 35506
26 90
26 121
26 122
26 792
26 8120
26 34400
26 35507
27 99
27 133
27 175
27 176
27 195
27 234
27 35508
28 3
28 4
28 195
28 8229
28 8231
28 35509
29 4
29 195
29 202
29 15601
29 17892
29 35510
30 717
30 718
30 719
30 721
30 35511
31 10
31 146
31 147
31 149
31 722
32 5
32 20
32 99
32 131
32 132
32 133
32 165
32 166
33 3
33 5
33 20
33 1325
33 1327
33 35512
34 230
34 231
34 232
34 234
34 35513
35 9
35 10
35 11
35 13
35 163
36 99
36 131
36 132
36 133
36 195
36 236
36 237
37 3
37 4
37 195
37 313
37 6526
37 35514
38 4
38 195
38 202
38 322
38 324
38 35515
39 76
39 413
39 414
39 416
39 35516
40 3
40 5
40 20
40 71
40 11431
40 33027
40 35517
41 508
41 509
41 512
41 5178
41 35518
42 71
42 76
42 190
42 191
42 35519
43 67
43 34987
43 35521
43 35522
43 35523
43 35524
44 10
44 126
44 127
44 129
44 4023
45 5
45 20
45 99
45 131
45 132
45 133
45 166
45 35525
46 3
46 5
46 20
46 31126
46 31128
46 35526
47 9
47 10
47 24
47 26
47 27
47 35527
48 3
48 4
48 5
48 35529
48 35530
48 35531
48 35532
49 4
49 5
49 202
49 29358
49 29360
49 35533
50 230
50 231
50 232
50 234
50 35534
51 9
51 10
51 11
51 13
51 163
52 99
52 131
52 132
52 133
52 195
52 236
52 237
53 3
53 20
53 195
53 33272
53 33274
53 35535
54 20
54 195
54 202
54 340
54 35537
54 35538
54 35539
55 10
55 146
55 149
55 1539
55 35540
56 90
56 443
56 1334
56 8849
56 35541
57 230
57 231
57 232
57 234
57 35542
58 9
58 10
58 11
58 13
58 163
59 99
59 131
59 132
59 133
59 195
59 236
59 237
60 3
60 20
60 195
60 3338
60 35544
60 35545
61 9
61 10
61 11
61 13
61 35546
62 4
62 5
62 99
62 131
62 132
62 133
62 152
62 35547
63 3
63 4
63 5
63 35549
63 35550
63 35551
64 243
64 244
64 245
64 247
64 35552
65 9
65 10
65 11
65 13
65 35553
66 5
66 27
66 99
66 131
66 132
66 133
66 135
66 35554
67 3
67 5
67 20
67 35556
67 35557
67 35558
68 76
68 433
68 434
68 436
68 35559
69 71
69 76
69 190
69 191
69 35560
seqId 92
1 10
1 146
1 35562
1 35563
1 35564
2 4
2 5
2 98
2 99
2 100
2 1927
2 35565
3 3
3 4
3 5
3 35567
3 35568
3 35569
4 4
4 5
4 202
4 327
4 329
4 35570
5 9
5 10
5 24
5 26
5 27
5 35571
6 3
6 4
6 5
6 25373
6 25375
6 35572
7 76
7 342
7 343
7 345
7 35573
8 27
8 82
8 84
8 114
8 115
8 116
8 118
8 35574
9 5
9 84
9 91
9 93
9 121
9 703
9 707
9 956
9 35575
10 5
10 20
10 90
10 122
10 708
10 2163
10 35577
10 35578
11 5
11 20
11 99
11 133
11 175
11 176
11 1316
11 35579
12 3
12 5
12 20
12 3386
12 10488
12 35580
13 9
13 10
13 24
13 26
13 27
13 35581
14 3
14 20
14 195
14 340
14 23229
14 23231
14 35582
15 82
15 759
15 2852
15 2854
15 35583
16 99
16 131
16 132
16 133
16 195
16 237
16 35584
17 3
17 4
17 195
17 33173
17 33175
17 35585
18 4
18 195
18 202
18 7169
18 7171
18 35586
19 158
19 159
19 160
19 162
19 35587
20 9
20 10
20 11
20 13
20 163
21 5
21 20
21 99
21 131
21 132
21 133
21 165
21 166
22 3
22 5
22 20
22 7393
22 7395
22 35588
23 243
23 244
23 245
23 247
23 35589
24 660
24 6695
24 6696
24 6698
24 35590
25 5
25 27
25 99
25 131
25 132
25 133
25 135
25 35591
26 3
26 4
26 5
26 3268
26 3270
26 35592
27 4
27 5
27 202
27 254
27 256
27 35593
28 9
28 10
28 11
28 13
28 35594
29 3
29 4
29 195
29 1742
29 13218
29 35595
30 4
30 195
30 202
30 340
30 15611
30 35597
30 35598
31 243
31 244
31 245
31 247
31 35599
32 1458
32 2717
32 4052
32 4054
32 35600
33 244
33 418
33 419
33 421
33 35601
34 4
34 195
34 202
34 340
34 35603
34 35604
34 35605
35 5
35 84
35 91
35 93
35 121
35 703
35 707
35 956
35 35606
36 4
36 5
36 90
36 122
36 442
36 708
36 35608
36 35609
37 90
37 443
37 21513
37 21515
37 35610
38 243
38 244
38 245
38 247
38 35611
39 90
39 443
39 5773
39 35613
39 35614
40 5
40 27
40 99
40 131
40 132
40 133
40 135
40 35615
41 3
41 4
41 5
41 33173
41 33763
41 35616
42 3
42 5
42 20
42 7393
42 7395
42 35617
43 158
43 159
43 160
43 162
43 35618
44 9
44 10
44 11
44 13
44 163
45 5
45 20
45 99
45 131
45 132
45 133
45 165
45 166
46 67
46 699
46 3213
46 5979
46 33380
46 33382
46 33839
46 35619
47 71
47 76
47 190
47 191
47 35620
seqId 93
1 5
1 20
1 27
1 36
1 82
1 84
1 98
1 100
1 35621
2 5
2 84
2 91
2 93
2 121
2 703
2 707
2 956
2 35622
3 10
3 126
3 127
3 129
3 35623
4 4
4 5
4 98
4 99
4 100
4 1927
4 35624
5 3
5 4
5 5
5 16756
5 16758
5 35625
6 944
6 945
6 946
6 948
6 35626
7 82
7 84
7 114
7 115
7 116
7 1361
7 35627
8 84
8 90
8 91
8 92
8 93
8 195
8 21513
8 21515
8 26497
8 35629
9 230
9 231
9 232
9 234
9 35630
10 9
10 10
10 11
10 13
10 163
11 99
11 131
11 132
11 133
11 195
11 236
11 237
12 3
12 4
12 195
12 8229
12 8231
12 35631
13 4
13 90
13 122
13 195
13 340
13 708
13 713
13 34735
13 34737
13 35632
14 10
14 283
14 284
14 286
14 35633
15 5
15 27
15 99
15 131
15 132
15 133
15 135
15 35634
16 3
16 4
16 5
16 22378
16 22380
16 35635
17 4
17 5
17 202
17 3199
17 5132
17 35636
18 4
18 5
18 202
18 7681
18 8684
18 28005
18 35638
18 35639
19 76
19 342
19 343
19 345
19 35640
20 90
20 121
20 122
20 4766
20 15714
20 35641
21 3
21 4
21 5
21 1931
21 1933
21 35642
22 10
22 146
22 147
22 149
22 35643
23 4
23 5
23 99
23 133
23 175
23 176
23 178
23 35644
24 3
24 4
24 5
24 35646
24 35647
24 35648
25 9
25 10
25 11
25 13
25 35649
26 5
26 27
26 99
26 131
26 132
26 133
26 135
26 35650
27 3
27 4
27 5
27 22378
27 22380
27 35651
28 717
28 718
28 719
28 721
28 35652
29 10
29 146
29 147
29 149
29 722
30 5
30 20
30 99
30 131
30 132
30 133
30 165
30 166
31 3
31 5
31 20
31 1325
31 1327
31 35653
32 230
32 231
32 232
32 234
32 35654
33 9
33 10
33 11
33 13
33 163
34 99
34 131
34 132
34 133
34 195
34 236
34 237
35 3
35 4
35 195
35 313
35 6526
35 35655
36 4
36 195
36 202
36 322
36 324
36 35656
37 660
37 1458
37 35658
37 35659
37 35660
38 944
38 945
38 946
38 948
38 35661
39 10
39 1010
39 1011
39 1013
39 35662
40 3
40 4
40 5
40 13569
40 22485
40 35663
41 4
41 5
41 31
41 90
41 122
41 708
41 713
41 35665
41 35666
41 35667
41 35668
42 76
42 342
42 343
42 345
42 35669
43 20
43 82
43 84
43 98
43 100
43 102
43 35670
44 82
44 758
44 759
44 761
44 35671
45 5
45 84
45 90
45 91
45 93
45 121
45 768
45 12243
45 35672
46 4
46 5
46 99
46 133
46 175
46 176
46 178
46 4214
47 4
47 5
47 202
47 795
47 4216
47 8936
48 3
48 4
48 5
48 24335
48 34594
48 35673
49 2822
49 2823
49 2824
49 2826
49 35674
50 10
50 146
50 147
50 149
50 722
51 99
51 131
51 132
51 133
51 195
51 236
51 237
52 3
52 4
52 195
52 33173
52 33175
52 35675
53 4
53 195
53 202
53 340
53 623
53 625
53 626
53 35676
54 76
54 413
54 414
54 416
54 35677
55 3
55 5
55 20
55 71
55 11431
55 33027
55 35678
56 3
56 5
56 20
56 508
56 512
56 35679
57 71
57 76
57 190
57 191
57 35680
58 3
58 5
58 20
58 11143
58 11145
58 35681
59 9
59 10
59 24
59 26
59 27
59 35682
60 3
60 4
60 5
60 22378
60 22380
60 35683
61 4
61 5
61 202
61 3199
61 5132
61 35684
62 76
62 433
62 434
62 436
62 35685
63 71
63 76
63 190
63 191
63 35686
seqId 94
1 5
1 27
1 99
1 131
1 132
1 133
1 699
1 35687
2 3
2 4
2 5
2 35689
2 35690
2 35691
3 230
3 231
3 232
3 234
3 35692
4 9
4 10
4 11
4 13
4 163
5 99
5 131
5 132
5 133
5 195
5 236
5 237
6 3
6 4
6 195
6 21181
6 21183
6 35693
7 9
7 10
7 24
7 26
7 27
7 35694
8 3
8 4
8 5
8 22378
8 22380
8 35695
9 4
9 5
9 202
9 3199
9 5132
9 35696
10 82
10 84
10 114
10 115
10 116
10 1361
10 35697
11 5
11 84
11 90
11 91
11 93
11 121
11 4222
11 6678
11 35698
12 10
12 283
12 284
12 286
12 35699
13 4
13 5
13 82
13 84
13 85
13 1310
13 4264
13 25794
14 230
14 231
14 232
14 234
14 35700
15 9
15 10
15 11
15 13
15 163
16 99
16 131
16 132
16 133
16 195
16 236
16 237
17 51
17 195
17 1368
17 1370
17 35701
18 3
18 4
18 195
18 4734
18 4736
18 20119
18 35703
19 76
19 413
19 414
19 416
19 35704
20 4
20 5
20 90
20 122
20 708
20 713
20 3482
20 28887
20 35705
21 509
21 1644
21 1647
21 1648
21 5178
21 35706
22 76
22 433
22 434
22 436
22 35707
23 76
23 342
23 343
23 345
23 35708
24 90
24 121
24 122
24 4114
24 35710
24 35711
25 660
25 6695
25 6696
25 6698
25 35712
26 99
26 131
26 132
26 133
26 195
26 237
26 35713
27 3
27 4
27 195
27 3615
27 35715
27 35716
28 9
28 10
28 11
28 13
28 35717
29 90
29 443
29 3624
29 16509
29 35718
30 99
30 131
30 132
30 133
30 195
30 237
30 4302
31 3
31 20
31 195
31 30034
31 30036
31 35719
32 9
32 10
32 11
32 13
32 35720
33 3
33 4
33 5
33 35722
33 35723
33 35724
34 76
34 342
34 343
34 345
34 35725
35 9
35 10
35 11
35 13
35 35726
36 3
36 4
36 5
36 33277
36 33279
36 35727
37 76
37 342
37 343
37 345
37 35728
38 9
38 10
38 11
38 13
38 35729
39 3
39 4
39 195
39 8152
39 8154
39 35730
40 4
40 195
40 202
40 34330
40 35732
40 35733
41 9
41 10
41 11
41 13
41 35734
42 3
42 5
42 20
42 34424
42 34426
42 35736
43 76
43 413
43 414
43 416
43 35737
44 3
44 5
44 20
44 71
44 11431
44 33027
44 35738
45 508
45 509
45 512
45 5178
45 35739
46 71
46 76
46 190
46 191
46 35740
47 67
47 755
47 4588
47 12736
47 35742
47 35743
47 35744
48 51
48 195
48 4790
48 4792
48 35745
49 76
49 433
49 434
49 436
49 35746
50 244
50 418
50 419
50 421
50 35747
51 4
51 5
51 99
51 131
51 132
51 133
51 152
51 35748
52 3
52 4
52 5
52 1536
52 4896
52 35749
53 9
53 10
53 11
53 13
53 35750
54 5
54 27
54 99
54 131
54 132
54 133
54 135
54 35751
55 3
55 4
55 5
55 2818
55 5508
55 35752
56 76
56 413
56 414
56 416
56 35753
57 3
57 5
57 20
57 71
57 11431
57 33027
57 35754
58 3
58 5
58 20
58 508
58 512
58 35755
59 71
59 76
59 190
59 191
59 35756
60 3
60 5
60 20
60 10672
60 10674
60 35757
61 10
61 126
61 127
61 129
61 35758
62 5
62 27
62 99
62 131
62 132
62 133
62 135
62 35759
63 3
63 4
63 5
63 8619
63 8621
63 35760
64 230
64 231
64 232
64 234
64 35761
65 9
65 10
65 11
65 13
65 163
66 99
66 131
66 132
66 133
66 195
66 236
66 237
67 3
67 20
67 195
67 5479
67 5481
67 35762
68 9
68 10
68 11
68 13
68 35763
69 3
69 4
69 5
69 5484
69 5486
69 35764
70 76
70 433
70 434
70 436
70 35765
71 71
71 76
71 190
71 191
71 35766
seqId 95
1 5
1 20
1 99
1 131
1 132
1 133
1 967
1 35767
2 5
2 20
2 67
2 699
2 3213
2 5979
2 33380
2 33382
2 35768
3 5
3 84
3 90
3 91
3 93
3 121
3 4190
3 17942
3 35769
4 10
4 828
4 831
4 1539
4 35770
5 660
5 2210
5 2211
5 2213
5 35771
6 99
6 133
6 175
6 176
6 195
6 234
6 35772
7 3
7 4
7 195
7 33173
7 33175
7 35773
8 90
8 121
8 122
8 3372
8 35775
8 35776
9 3
9 4
9 5
9 8050
9 8052
9 35777
10 76
10 342
10 343
10 345
10 35778
11 3
11 5
11 20
11 16848
11 16850
11 35779
12 5
12 20
12 202
12 29358
12 29360
12 35780
13 243
13 244
13 245
13 247
13 35781
14 3
14 5
14 20
14 20716
14 20718
14 35782
15 76
15 342
15 343
15 345
15 35783
16 27
16 944
16 945
16 1463
16 3308
16 35784
17 5
17 20
17 82
17 83
17 84
17 115
17 763
17 1002
17 35785
18 27
18 82
18 84
18 114
18 115
18 116
18 118
18 35786
19 5
19 84
19 90
19 93
19 121
19 1815
19 4415
19 21609
19 35787
20 9
20 10
20 11
20 13
20 35788
21 3
21 4
21 195
21 5859
21 14468
21 35789
22 4
22 195
22 202
22 33425
22 35791
22 35792
23 244
23 418
23 419
23 421
23 35793
24 9
24 10
24 11
24 13
24 4408
25 3
25 4
25 195
25 5859
25 14468
25 35794
26 4
26 195
26 202
26 35796
26 35797
26 35798
27 71
27 76
27 190
27 191
27 35799
seqId 96
1 5
1 27
1 99
1 131
1 132
1 133
1 699
1 35800
2 3
2 5
2 20
2 1650
2 3499
2 35801
3 5
3 84
3 90
3 91
3 93
3 121
3 838
3 3783
3 35803
3 35804
4 9
4 10
4 11
4 13
4 35805
5 90
5 443
5 21513
5 21515
5 35806
6 5
6 27
6 99
6 131
6 132
6 133
6 135
6 35807
7 3
7 4
7 5
7 1395
7 5941
7 35808
8 230
8 231
8 232
8 234
8 35809
9 9
9 10
9 11
9 13
9 163
10 99
10 131
10 132
10 133
10 195
10 236
10 237
11 3
11 20
11 195
11 33911
11 33913
11 35810
12 20
12 195
12 202
12 8705
12 8707
12 35811
13 10
13 109
13 110
13 112
13 4438
14 3
14 4
14 5
14 5512
14 34639
14 35812
15 10
15 146
15 147
15 149
15 35813
16 4
16 5
16 99
16 131
16 132
16 133
16 152
16 35814
17 3
17 4
17 5
17 33368
17 33370
17 35816
18 10
18 109
18 110
18 112
18 35817
19 90
19 121
19 122
19 3516
19 35819
19 35820
19 35821
20 99
20 133
20 175
20 176
20 195
20 234
20 35822
21 3
21 4
21 195
21 340
21 35824
21 35825
21 35826
22 158
22 159
22 160
22 162
22 35827
23 9
23 10
23 11
23 13
23 163
24 5
24 20
24 99
24 131
24 132
24 133
24 165
24 166
25 3
25 5
25 20
25 5018
25 5020
25 35828
26 76
26 342
26 343
26 345
26 35829
27 99
27 133
27 175
27 176
27 195
27 234
27 35830
28 3
28 20
28 195
28 13358
28 13360
28 35831
29 9
29 10
29 11
29 13
29 35832
30 3
30 4
30 195
30 13716
30 21248
30 35833
31 76
31 342
31 343
31 345
31 35834
32 99
32 133
32 175
32 176
32 195
32 234
32 35835
33 3
33 20
33 195
33 35837
33 35838
33 35839
34 20
34 195
34 202
34 340
34 35841
34 35842
34 35843
35 82
35 758
35 759
35 761
35 35844
36 84
36 90
36 91
36 93
36 121
36 195
36 755
36 35846
36 35847
36 35848
37 5
37 99
37 115
37 773
37 776
37 2192
37 28103
37 28105
37 35849
38 3
38 4
38 5
38 5512
38 34639
38 35850
39 10
39 146
39 147
39 149
39 35851
40 5
40 27
40 99
40 131
40 132
40 133
40 135
40 35852
41 3
41 5
41 20
41 3963
41 3965
41 35853
42 9
42 10
42 11
42 13
42 35854
43 4
43 5
43 99
43 131
43 132
43 133
43 152
43 35855
44 3
44 4
44 5
44 33368
44 33370
44 35856
45 71
45 76
45 190
45 191
45 35857
seqId 97
1 10
1 4185
1 21629
1 21631
1 35858
2 99
2 131
2 132
2 133
2 195
2 237
2 35859
3 3
3 4
3 195
3 5512
3 5514
3 35860
4 10
4 1605
4 1606
4 1608
4 35861
5 3
5 5
5 20
5 24023
5 35863
5 35864
6 243
6 244
6 245
6 247
6 35865
7 3
7 5
7 20
7 20716
7 20718
7 35866
8 660
8 25685
8 25686
8 25688
8 35867
9 4
9 90
9 122
9 195
9 708
9 713
9 2787
9 35819
9 35869
9 35870
10 76
10 342
10 343
10 345
10 35871
11 5
11 20
11 82
11 83
11 84
11 115
11 763
11 1002
11 35872
12 27
12 82
12 84
12 114
12 115
12 116
12 118
12 35873
13 5
13 84
13 90
13 91
13 93
13 121
13 1815
13 2122
13 35874
14 660
14 35876
14 35877
14 35878
14 35879
15 9
15 10
15 11
15 13
15 35880
16 90
16 443
16 4190
16 4192
16 35881
17 5
17 20
17 99
17 133
17 175
17 176
17 1316
17 35882
18 3
18 5
18 20
18 429
18 431
18 35883
19 9
19 10
19 11
19 13
19 35884
20 3
20 4
20 15
20 195
20 4121
20 35885
21 4
21 195
21 202
21 2923
21 13478
21 35886
22 90
22 121
22 122
22 3372
22 35776
22 35887
23 3
23 20
23 195
23 35889
23 35890
23 35891
24 243
24 244
24 245
24 247
24 35892
25 3
25 20
25 195
25 302
25 1655
25 35893
26 10
26 283
26 284
26 286
26 35894
27 99
27 133
27 175
27 176
27 195
27 234
27 35895
28 3
28 4
28 195
28 8229
28 8231
28 35896
29 9
29 10
29 11
29 13
29 35897
30 3
30 4
30 5
30 17
30 72
30 35899
30 35900
30 35901
31 10
31 126
31 127
31 129
31 35902
32 99
32 133
32 175
32 176
32 195
32 234
32 4545
33 3
33 20
33 195
33 33272
33 33274
33 35903
34 27
34 82
34 84
34 114
34 115
34 116
34 118
34 35904
35 90
35 120
35 121
35 122
35 124
35 4551
36 10
36 126
36 127
36 129
36 35905
37 99
37 133
37 175
37 176
37 195
37 234
37 35906
38 3
38 4
38 195
38 16756
38 33576
38 35907
39 4
39 195
39 202
39 795
39 3439
39 35908
40 4
40 195
40 202
40 2742
40 2744
40 35909
41 717
41 718
41 719
41 721
41 35910
42 10
42 146
42 147
42 149
42 722
43 5
43 20
43 99
43 131
43 132
43 133
43 165
43 166
44 5
44 20
44 67
44 699
44 3213
44 5979
44 33380
44 33382
44 35911
45 71
45 76
45 190
45 191
45 35912
seqId 98
1 4
1 5
1 99
1 131
1 132
1 133
1 811
1 35913
2 3
2 4
2 5
2 16756
2 16758
2 35914
3 4
3 5
3 202
3 623
3 625
3 626
3 35915
4 5
4 84
4 90
4 91
4 92
4 93
4 28710
4 31664
4 35916
5 9
5 10
5 24
5 26
5 27
5 35917
6 443
6 703
6 707
6 2086
6 35918
7 5
7 20
7 99
7 133
7 175
7 176
7 1316
7 35919
8 3
8 5
8 20
8 20480
8 20482
8 35920
9 3
9 4
9 5
9 35445
9 35447
9 35921
10 9
10 10
10 11
10 13
10 35922
11 4
11 5
11 99
11 131
11 132
11 133
11 152
11 35923
12 3
12 4
12 5
12 3199
12 5132
12 35924
13 158
13 159
13 160
13 162
13 35925
14 9
14 10
14 11
14 13
14 163
15 5
15 20
15 99
15 131
15 132
15 133
15 165
15 166
16 3
16 5
16 20
16 4434
16 4436
16 35926
17 71
17 76
17 190
17 191
17 35927
seqId 99
1 90
1 443
1 1845
1 10527
1 24379
1 35929
1 35930
2 99
2 131
2 132
2 133
2 195
2 237
2 35931
3 3
3 4
3 195
3 19879
3 26830
3 35932
4 76
4 342
4 343
4 345
4 35933
5 99
5 131
5 132
5 133
5 195
5 237
5 35934
6 3
6 4
6 195
6 5859
6 14468
6 35935
7 76
7 342
7 343
7 345
7 35936
8 99
8 131
8 132
8 133
8 195
8 237
8 35937
9 3
9 4
9 195
9 8229
9 8231
9 35938
10 243
10 244
10 245
10 247
10 35939
11 90
11 443
11 10796
11 10798
11 35940
12 4
12 5
12 99
12 133
12 175
12 176
12 178
12 35941
13 3
13 4
13 5
13 7537
13 33211
13 33213
13 33214
13 35942
14 5
14 84
14 91
14 93
14 121
14 703
14 707
14 956
14 35943
15 660
15 976
15 977
15 979
15 35944
16 5
16 20
16 99
16 133
16 175
16 176
16 1316
16 35945
17 3
17 5
17 20
17 20480
17 20482
17 35946
18 9
18 10
18 11
18 13
18 35947
19 3
19 4
19 5
19 11412
19 14762
19 35948
20 9
20 10
20 11
20 13
20 35949
21 4
21 5
21 99
21 131
21 132
21 133
21 152
21 35950
22 3
22 4
22 5
22 5484
22 5486
22 35951
23 158
23 159
23 160
23 162
23 35952
24 9
24 10
24 11
24 13
24 163
25 5
25 20
25 99
25 131
25 132
25 133
25 165
25 166
26 3
26 5
26 20
26 4434
26 4436
26 35953
27 10
27 378
27 379
27 381
27 35954
28 5
28 20
28 99
28 131
28 132
28 133
28 166
28 35955
29 5
29 20
29 202
29 566
29 568
29 35956
30 3
30 5
30 20
30 384
30 386
30 35957
31 90
31 121
31 122
31 1509
31 29950
31 35958
32 4
32 5
32 82
32 84
32 85
32 175
32 178
32 35959
33 230
33 231
33 232
33 234
33 35960
34 9
34 10
34 11
34 13
34 163
35 99
35 131
35 132
35 133
35 195
35 236
35 237
36 51
36 195
36 1368
36 1370
36 35961
37 3
37 4
37 195
37 340
37 4734
37 33141
37 33142
37 33143
37 35962
38 76
38 413
38 414
38 416
38 35963
39 82
39 758
39 759
39 761
39 35964
40 84
40 91
40 93
40 121
40 195
40 703
40 707
40 1858
40 35965
41 4
41 90
41 122
41 195
41 708
41 713
41 3482
41 11046
41 35966
42 509
42 1644
42 1647
42 1648
42 5178
42 35967
43 76
43 433
43 434
43 436
43 35968
44 71
44 76
44 190
44 191
44 35969
seqId 100
1 51
1 52
1 33095
1 33097
1 35970
2 71
2 76
2 190
2 191
2 35971
seqId 101
1 90
1 310
1 443
1 9486
1 17308
1 33101
1 35972
2 4
2 5
2 99
2 131
2 132
2 133
2 152
2 35973
3 3
3 4
3 5
3 33048
3 33050
3 35974
4 230
4 231
4 232
4 234
4 35975
5 9
5 10
5 11
5 13
5 163
6 99
6 131
6 132
6 133
6 195
6 236
6 237
7 3
7 20
7 195
7 33053
7 33055
7 35976
8 10
8 109
8 110
8 112
8 35977
9 3
9 5
9 20
9 389
9 391
9 35978
seqId 102
1 5
1 20
1 99
1 131
1 132
1 133
1 967
1 35979
2 3
2 5
2 20
2 5018
2 5020
2 35980
3 5
3 20
3 202
3 17796
3 17798
3 35981
4 5
4 84
4 90
4 91
4 93
4 121
4 35983
4 35984
4 35985
5 9
5 10
5 11
5 13
5 35986
6 3
6 4
6 195
6 35988
6 35989
6 35990
7 76
7 342
7 343
7 345
7 35991
8 717
8 718
8 719
8 721
8 35992
9 10
9 146
9 147
9 149
9 722
10 5
10 20
10 99
10 131
10 132
10 133
10 165
10 166
11 3
11 5
11 20
11 18025
11 18027
11 35993
12 9
12 10
12 11
12 13
12 35994
13 3
13 20
13 195
13 33053
13 33055
13 35995
14 20
14 195
14 202
14 340
14 1047
14 4779
14 35997
14 35998
15 71
15 76
15 190
15 191
15 35999
seqId 103
1 4
1 5
1 99
1 131
1 132
1 133
1 811
1 36000
2 3
2 4
2 5
2 22648
2 22650
2 36001
3 158
3 159
3 160
3 162
3 36002
4 9
4 10
4 11
4 13
4 163
5 5
5 20
5 99
5 131
5 132
5 133
5 165
5 166
6 5
6 20
6 67
6 699
6 3213
6 5979
6 33380
6 33382
6 36003
7 5
7 84
7 90
7 91
7 93
7 121
7 13580
7 13582
7 36004
8 10
8 146
8 147
8 149
8 36005
9 90
9 443
9 3979
9 36007
9 36008
10 98
10 99
10 100
10 195
10 2073
10 36009
11 3
11 20
11 195
11 33053
11 33055
11 36010
12 10
12 828
12 829
12 831
12 36011
13 4
13 5
13 99
13 133
13 175
13 176
13 178
13 36012
14 3
14 4
14 5
14 35646
14 35648
14 36013
15 4
15 5
15 90
15 122
15 708
15 713
15 33961
15 33963
15 36014
16 10
16 126
16 127
16 129
16 36015
17 5
17 20
17 99
17 131
17 132
17 133
17 166
17 36016
18 76
18 137
18 138
18 140
18 36017
19 3
19 5
19 20
19 33272
19 34089
19 36018
20 76
20 185
20 186
20 188
20 36019
21 76
21 342
21 343
21 345
21 36020
22 4
22 5
22 98
22 99
22 100
22 1927
22 36021
23 3
23 4
23 5
23 3707
23 3709
23 36022
24 121
24 122
24 703
24 707
24 1107
24 36023
25 4
25 5
25 90
25 122
25 708
25 713
25 1104
25 4180
25 22441
25 36024
26 660
26 30602
26 30603
26 30605
26 36025
27 10
27 1010
27 1011
27 1013
27 36026
28 3
28 4
28 195
28 2738
28 2740
28 36027
29 76
29 342
29 343
29 345
29 36028
30 5
30 20
30 90
30 122
30 708
30 713
30 10796
30 36030
30 36031
31 76
31 413
31 414
31 416
31 36032
32 3
32 5
32 20
32 322
32 36034
32 36035
33 76
33 342
33 343
33 345
33 36036
34 5
34 20
34 202
34 693
34 33899
34 36037
35 76
35 433
35 434
35 436
35 36038
36 243
36 244
36 245
36 247
36 36039
37 3
37 5
37 20
37 429
37 431
37 36040
38 76
38 413
38 414
38 416
38 36041
39 3
39 5
39 20
39 3199
39 5132
39 36042
40 76
40 342
40 343
40 345
40 36043
41 3
41 5
41 20
41 5627
41 5629
41 36044
42 76
42 433
42 434
42 436
42 36045
43 76
43 342
43 343
43 345
43 36046
44 244
44 1249
44 1250
44 1252
44 36047
45 660
45 1622
45 1623
45 1625
45 36048
46 10
46 1010
46 1011
46 1013
46 36049
47 3
47 5
47 20
47 33358
47 35385
47 36050
48 9
48 10
48 24
48 26
48 27
48 36051
49 3
49 4
49 5
49 36053
49 36054
49 36055
50 243
50 244
50 245
50 247
50 36056
51 9
51 10
51 24
51 26
51 27
51 36057
52 3
52 4
52 195
52 9397
52 9399
52 36058
53 71
53 76
53 190
53 191
53 36059
seqId 104
1 10
1 109
1 876
1 878
1 36060
2 3
2 4
2 5
2 36062
2 36063
2 36064
3 10
3 1387
3 1388
3 1390
3 36065
4 4
4 5
4 99
4 131
4 132
4 133
4 152
4 36066
5 4
5 5
5 202
5 4270
5 18030
5 36067
6 3
6 4
6 5
6 8943
6 32404
6 36068
7 158
7 159
7 160
7 162
7 36069
8 9
8 10
8 11
8 13
8 163
9 5
9 20
9 99
9 131
9 132
9 133
9 165
9 166
10 3
10 5
10 20
10 4434
10 4436
10 36070
11 76
11 342
11 343
11 345
11 4793
12 4
12 5
12 98
12 99
12 100
12 1927
12 36071
13 3
13 4
13 5
13 33173
13 33763
13 36072
14 82
14 84
14 114
14 115
14 116
14 1361
14 36073
15 5
15 84
15 90
15 91
15 93
15 121
15 23821
15 36075
15 36076
16 10
16 146
16 147
16 149
16 36077
17 4
17 85
17 99
17 195
17 2075
17 2771
17 36078
18 3
18 4
18 195
18 340
18 14965
18 14967
18 36079
19 75
19 76
19 77
19 79
19 36080
20 4
20 5
20 202
20 1341
20 34327
20 36081
21 660
21 1539
21 3768
21 3771
21 36082
22 5
22 20
22 202
22 36084
22 36085
22 36086
23 76
23 342
23 343
23 345
23 36087
24 244
24 1249
24 1250
24 1252
24 36088
25 660
25 1622
25 1623
25 1625
25 36089
26 4
26 5
26 202
26 3001
26 3003
26 36090
27 76
27 342
27 343
27 345
27 36091
28 4
28 5
28 202
28 2923
28 5110
28 36092
29 243
29 244
29 245
29 247
29 36093
30 4
30 5
30 202
30 1773
30 26635
30 36094
31 71
31 76
31 190
31 191
31 36095
seqId 105
1 90
1 443
1 16673
1 35220
1 36096
2 99
2 131
2 132
2 133
2 195
2 237
2 36097
3 3
3 20
3 195
3 30034
3 30036
3 36098
4 9
4 10
4 11
4 13
4 36099
5 3
5 4
5 5
5 35988
5 36101
5 36102
6 5
6 84
6 90
6 91
6 93
6 121
6 35334
6 35336
6 36103
7 9
7 10
7 11
7 13
7 36104
8 90
8 443
8 17308
8 34513
8 36105
9 660
9 2906
9 19025
9 36107
9 36108
10 5
10 27
10 99
10 131
10 132
10 133
10 135
10 36109
11 3
11 5
11 20
11 36111
11 36112
11 36113
12 82
12 84
12 114
12 115
12 116
12 1361
12 36114
13 5
13 84
13 90
13 91
13 93
13 121
13 36116
13 36117
13 36118
14 243
14 244
14 245
14 247
14 36119
15 9
15 10
15 11
15 13
15 36120
16 4
16 99
16 195
16 2905
16 2906
16 2908
16 36121
17 3
17 4
17 195
17 36123
17 36124
17 36125
18 99
18 131
18 132
18 133
18 195
18 237
18 36126
19 3
19 20
19 195
19 22743
19 22745
19 36127
20 9
20 10
20 11
20 13
20 36128
21 3
21 4
21 5
21 36130
21 36131
21 36132
22 76
22 342
22 343
22 345
22 36133
23 10
23 283
23 284
23 286
23 36134
24 5
24 20
24 99
24 133
24 175
24 176
24 1316
24 36135
25 5
25 20
25 202
25 1589
25 23961
25 36136
26 3
26 5
26 20
26 1832
26 1834
26 36137
27 9
27 10
27 11
27 13
27 36138
28 3
28 20
28 195
28 10622
28 10624
28 36139
29 76
29 342
29 343
29 345
29 36140
30 660
30 661
30 910
30 1234
30 36141
31 84
31 90
31 91
31 93
31 121
31 195
31 36143
31 36144
31 36145
32 660
32 661
32 2347
32 2350
32 36146
33 243
33 244
33 245
33 247
33 36147
34 84
34 90
34 91
34 93
34 121
34 195
34 35046
34 36149
34 36150
35 10
35 283
35 284
35 286
35 36151
36 4
36 5
36 99
36 133
36 175
36 176
36 178
36 36152
37 3
37 4
37 5
37 35988
37 36102
37 36153
38 9
38 10
38 11
38 13
38 36154
39 3
39 4
39 5
39 3989
39 16983
39 34778
39 34780
39 36156
40 76
40 413
40 414
40 416
40 36157
41 3
41 5
41 20
41 71
41 11431
41 33027
41 36158
42 3
42 5
42 20
42 508
42 512
42 36159
43 71
43 76
43 190
43 191
43 36160
44 3
44 4
44 5
44 8229
44 12263
44 36161
45 4
45 5
45 202
45 19363
45 19365
45 36162
46 9
46 10
46 11
46 13
46 36163
47 4
47 5
47 99
47 131
47 132
47 133
47 152
47 36164
48 3
48 4
48 5
48 9329
48 18509
48 36165
49 9
49 10
49 11
49 13
49 36166
50 4
50 5
50 99
50 131
50 132
50 133
50 152
50 36167
51 3
51 4
51 5
51 29831
51 29833
51 36168
52 76
52 433
52 434
52 436
52 36169
53 71
53 76
53 190
53 191
53 36170
seqId 106
1 90
1 443
1 1845
1 36172
1 36173
1 36174
2 99
2 131
2 132
2 133
2 195
2 237
2 36175
3 3
3 4
3 195
3 340
3 3989
3 16983
3 34778
3 34780
3 36176
4 230
4 231
4 232
4 234
4 36177
5 9
5 10
5 11
5 13
5 163
6 99
6 131
6 132
6 133
6 195
6 236
6 237
7 3
7 4
7 195
7 340
7 14965
7 14967
7 36178
8 9
8 10
8 11
8 13
8 36179
9 3
9 4
9 5
9 29831
9 29833
9 36180
10 4
10 72
10 195
10 202
10 340
10 4703
10 6756
10 33921
10 36182
10 36183
11 5
11 84
11 90
11 91
11 92
11 93
11 96
11 1509
11 36185
11 36186
12 5
12 20
12 99
12 133
12 175
12 176
12 1316
12 36187
13 3
13 5
13 20
13 5228
13 15262
13 36188
14 5
14 20
14 202
14 3303
14 36190
14 36191
15 10
15 1605
15 1606
15 1608
15 36192
16 99
16 131
16 132
16 133
16 195
16 237
16 36193
17 20
17 195
17 202
17 1888
17 1890
17 36194
18 3
18 20
18 195
18 10672
18 17040
18 36195
19 243
19 244
19 245
19 247
19 36196
20 99
20 131
20 132
20 133
20 195
20 237
20 36197
21 3
21 4
21 195
21 21181
21 21183
21 36198
22 4
22 90
22 122
22 195
22 708
22 713
22 4190
22 6946
22 36199
23 717
23 718
23 719
23 721
23 36200
24 10
24 146
24 147
24 149
24 722
25 5
25 20
25 99
25 131
25 132
25 133
25 165
25 166
26 3
26 5
26 20
26 1325
26 1327
26 36201
27 158
27 159
27 160
27 162
27 36202
28 9
28 10
28 11
28 13
28 163
29 5
29 20
29 99
29 131
29 132
29 133
29 165
29 166
30 5
30 20
30 67
30 699
30 3213
30 5979
30 33380
30 33382
30 36203
31 76
31 413
31 414
31 416
31 36204
32 3
32 5
32 20
32 71
32 11431
32 33027
32 36205
33 508
33 509
33 510
33 512
33 36206
34 71
34 76
34 190
34 191
34 36207
seqId 107
1 4
1 195
1 202
1 6343
1 6345
1 36208
2 3
2 4
2 195
2 340
2 14965
2 14967
2 36209
3 9
3 10
3 11
3 13
3 36210
4 3
4 4
4 5
4 29831
4 29833
4 36211
5 76
5 433
5 434
5 436
5 36212
6 71
6 76
6 190
6 191
6 36213
seqId 108
1 5
1 20
1 82
1 84
1 85
1 175
1 9647
1 36214
2 230
2 231
2 232
2 234
2 36215
3 9
3 10
3 11
3 13
3 163
4 99
4 131
4 132
4 133
4 195
4 236
4 237
5 3
5 20
5 195
5 3937
5 3939
5 36216
6 20
6 195
6 202
6 6320
6 36218
6 36219
7 230
7 231
7 232
7 234
7 36220
8 9
8 10
8 11
8 13
8 163
9 99
9 131
9 132
9 133
9 195
9 236
9 237
10 3
10 20
10 195
10 340
10 33570
10 33572
10 36221
11 10
11 1605
11 1606
11 1608
11 36222
12 3
12 4
12 5
12 35357
12 36224
12 36225
13 76
13 342
13 343
13 345
13 36226
14 3
14 4
14 5
14 22378
14 22380
14 36227
15 76
15 342
15 343
15 345
15 36228
16 3
16 4
16 5
16 36230
16 36231
16 36232
17 76
17 342
17 343
17 345
17 5037
18 3
18 4
18 5
18 30801
18 30803
18 36233
19 76
19 342
19 343
19 345
19 36234
20 3
20 4
20 195
20 313
20 6526
20 36235
21 158
21 159
21 160
21 162
21 36236
22 9
22 10
22 11
22 13
22 163
23 5
23 20
23 99
23 131
23 132
23 133
23 165
23 166
24 3
24 5
24 20
24 33333
24 33335
24 36237
25 10
25 283
25 284
25 286
25 36238
26 4
26 5
26 99
26 131
26 132
26 133
26 152
26 36239
27 3
27 4
27 5
27 1913
27 1915
27 36240
28 10
28 146
28 147
28 149
28 36241
29 90
29 442
29 443
29 445
29 36242
30 5
30 84
30 91
30 92
30 93
30 703
30 707
30 16563
30 36243
31 9
31 10
31 11
31 13
31 36244
32 90
32 443
32 5661
32 31000
32 36245
33 3
33 5
33 20
33 10695
33 10697
33 36246
34 99
34 133
34 175
34 176
34 195
34 234
34 36247
35 20
35 195
35 202
35 2075
35 2077
35 36248
36 3
36 20
36 195
36 33358
36 34347
36 36249
37 9
37 10
37 11
37 13
37 5070
38 3
38 20
38 195
38 13036
38 13038
38 36250
39 243
39 244
39 245
39 247
39 36251
40 9
40 10
40 11
40 13
40 36252
41 3
41 4
41 5
41 34306
41 34308
41 36253
42 9
42 10
42 11
42 13
42 36254
43 3
43 5
43 20
43 36256
43 36257
43 36258
44 76
44 342
44 343
44 345
44 36259
45 9
45 10
45 11
45 13
45 36260
46 5
46 99
46 115
46 773
46 775
46 776
46 2192
46 3593
46 36261
47 3
47 4
47 5
47 4198
47 4200
47 36262
48 76
48 342
48 343
48 345
48 36263
49 660
49 6695
49 6696
49 6698
49 36264
50 2822
50 2823
50 2824
50 2826
50 36265
51 10
51 146
51 147
51 149
51 722
52 99
52 131
52 132
52 133
52 195
52 236
52 237
53 3
53 20
53 195
53 340
53 33570
53 33572
53 36266
54 230
54 231
54 232
54 234
54 36267
55 9
55 10
55 11
55 13
55 163
56 99
56 131
56 132
56 133
56 195
56 236
56 237
57 3
57 4
57 195
57 340
57 14965
57 14967
57 36268
58 244
58 418
58 419
58 421
58 36269
59 230
59 231
59 232
59 234
59 36270
60 9
60 10
60 11
60 13
60 163
61 99
61 131
61 132
61 133
61 195
61 236
61 237
62 3
62 20
62 195
62 33358
62 34347
62 36271
63 3
63 5
63 20
63 36273
63 36274
63 36275
64 76
64 342
64 343
64 345
64 36276
65 3
65 5
65 20
65 33775
65 36278
65 36279
65 36280
66 243
66 244
66 245
66 247
66 36281
67 3
67 5
67 20
67 36283
67 36284
67 36285
68 71
68 76
68 190
68 191
68 36286
seqId 109
1 5
1 20
1 82
1 83
1 84
1 115
1 763
1 3948
1 36287
2 27
2 82
2 84
2 114
2 115
2 116
2 118
2 36288
3 5
3 84
3 90
3 91
3 93
3 121
3 1815
3 2122
3 36289
4 10
4 109
4 112
4 1539
4 36290
5 3
5 5
5 20
5 2429
5 2431
5 36291
6 9
6 10
6 11
6 13
6 36292
7 90
7 443
7 31304
7 31306
7 36293
8 660
8 16882
8 16883
8 16885
8 36294
9 99
9 131
9 132
9 133
9 195
9 237
9 36295
10 3
10 4
10 195
10 340
10 14965
10 14967
10 36296
11 4
11 195
11 202
11 340
11 1773
11 26635
11 36297
12 76
12 413
12 414
12 416
12 36298
13 3
13 5
13 20
13 71
13 11431
13 33027
13 36299
14 3
14 5
14 20
14 508
14 512
14 36300
15 71
15 76
15 190
15 191
15 36301
seqId 110
1 3
1 4
1 5
1 4737
1 30630
1 35277
1 36303
2 230
2 231
2 232
2 234
2 36304
3 9
3 10
3 11
3 13
3 163
4 99
4 131
4 132
4 133
4 195
4 236
4 237
5 3
5 20
5 195
5 340
5 34424
5 34426
5 36305
6 20
6 195
6 202
6 340
6 17796
6 17798
6 36307
7 10
7 283
7 284
7 286
7 36308
8 5
8 20
8 99
8 131
8 132
8 133
8 166
8 36309
9 3
9 5
9 20
9 5018
9 5020
9 36310
10 5
10 20
10 202
10 34785
10 36312
10 36313
11 76
11 433
11 434
11 436
11 36314
12 76
12 1267
12 1268
12 1270
12 36315
seqId 111
1 4
1 82
1 84
1 100
1 195
1 4680
1 4682
1 36316
2 9
2 10
2 11
2 13
2 36317
3 5
3 27
3 99
3 131
3 132
3 133
3 135
3 36318
4 3
4 5
4 20
4 34294
4 36320
4 36321
5 76
5 342
5 343
5 345
5 36322
6 9
6 10
6 11
6 13
6 36323
7 4
7 5
7 99
7 131
7 132
7 133
7 152
7 36324
8 3
8 4
8 5
8 36326
8 36327
8 36328
9 76
9 342
9 343
9 345
9 36329
10 9
10 10
10 11
10 13
10 5162
11 4
11 5
11 99
11 131
11 132
11 133
11 152
11 36330
12 3
12 4
12 5
12 31230
12 31232
12 36331
13 4
13 5
13 202
13 27855
13 27857
13 36332
14 76
14 413
14 414
14 416
14 36333
15 3
15 5
15 20
15 71
15 11431
15 33027
15 36334
16 3
16 5
16 20
16 508
16 512
16 36335
17 71
17 76
17 190
17 191
17 36336
seqId 112
1 51
1 195
1 36338
1 36339
1 36340
2 3
2 20
2 195
2 6913
2 6915
2 36341
3 9
3 10
3 11
3 13
3 36342
4 3
4 5
4 20
4 16848
4 16850
4 36343
5 76
5 2911
5 2912
5 2914
5 5184
seqId 113
1 3
1 4
1 5
1 5804
1 36345
1 36346
1 36347
1 36348
2 4
2 5
2 202
2 35387
2 36350
2 36351
3 243
3 244
3 245
3 247
3 36352
4 3
4 4
4 5
4 36345
4 36354
4 36355
5 4
5 5
5 202
5 1616
5 8019
5 36356
6 10
6 146
6 147
6 149
6 36357
7 67
7 36359
7 36360
7 36361
7 36362
7 36363
7 36364
8 76
8 433
8 434
8 436
8 36365
9 76
9 1267
9 1268
9 1270
9 36366
seqId 114
1 244
1 1249
1 1250
1 1252
1 36367
2 660
2 1622
2 1623
2 1625
2 5195
3 4
3 82
3 84
3 100
3 195
3 4680
3 4682
3 36368
4 660
4 18003
4 18004
4 18006
4 36369
5 4
5 90
5 122
5 195
5 708
5 713
5 4561
5 32871
5 36371
5 36372
6 76
6 342
6 343
6 345
6 36373
7 99
7 133
7 175
7 176
7 195
7 234
7 36374
8 3
8 4
8 195
8 340
8 14965
8 14967
8 36375
9 4
9 5
9 202
9 33775
9 36278
9 36280
9 36376
10 244
10 418
10 419
10 421
10 36377
11 195
11 202
11 7906
11 36379
11 36380
12 76
12 342
12 343
12 345
12 36381
13 4
13 82
13 195
13 759
13 1432
13 12203
13 36382
14 84
14 90
14 91
14 93
14 121
14 195
14 2582
14 36384
14 36385
15 9
15 10
15 24
15 26
15 27
15 36386
16 4
16 5
16 99
16 133
16 175
16 176
16 178
16 36387
17 4
17 5
17 202
17 1589
17 36389
17 36390
18 3
18 4
18 5
18 36392
18 36393
18 36394
19 243
19 244
19 245
19 247
19 36395
20 660
20 661
20 910
20 1234
20 36396
21 82
21 84
21 114
21 115
21 116
21 1361
21 36397
22 84
22 90
22 91
22 93
22 121
22 195
22 32157
22 36399
22 36400
23 244
23 517
23 10253
23 10254
23 36401
24 717
24 718
24 719
24 721
24 36402
25 10
25 146
25 147
25 149
25 722
26 5
26 20
26 99
26 131
26 132
26 133
26 165
26 166
27 3
27 5
27 20
27 36273
27 36275
27 36403
28 244
28 517
28 10253
28 10254
28 36404
29 717
29 718
29 719
29 721
29 36405
30 10
30 146
30 147
30 149
30 722
31 5
31 20
31 99
31 131
31 132
31 133
31 165
31 166
32 3
32 5
32 20
32 36283
32 36285
32 36406
33 76
33 413
33 414
33 416
33 36407
34 3
34 5
34 20
34 71
34 11431
34 33027
34 36408
35 3
35 5
35 20
35 508
35 512
35 36409
36 71
36 76
36 190
36 191
36 36410
seqId 115
1 3
1 5
1 20
1 11143
1 11145
1 36411
2 5
2 20
2 202
2 36413
2 36414
2 36415
3 5
3 20
3 202
3 29833
3 36417
3 36418
3 36419
4 76
4 433
4 434
4 436
4 36420
5 71
5 76
5 190
5 191
5 36421
seqId 116
1 98
1 99
1 100
1 195
1 8870
1 36422
2 3
2 4
2 195
2 36424
2 36425
2 36426
3 4
3 195
3 202
3 17683
3 17685
3 36427
4 84
4 90
4 91
4 93
4 121
4 195
4 1064
4 12908
4 36428
5 3
5 4
5 5
5 4420
5 4422
5 36429
6 10
6 283
6 284
6 286
6 36430
7 99
7 133
7 175
7 176
7 195
7 234
7 36431
8 3
8 20
8 195
8 34150
8 36433
8 36434
9 9
9 10
9 11
9 13
9 36435
10 3
10 4
10 5
10 497
10 22790
10 36437
10 36438
10 36439
11 76
11 342
11 343
11 345
11 36440
12 243
12 244
12 245
12 247
12 36441
13 82
13 84
13 114
13 115
13 116
13 1361
13 36442
14 84
14 90
14 91
14 93
14 121
14 195
14 4222
14 36444
14 36445
15 10
15 109
15 110
15 112
15 36446
16 3
16 20
16 195
16 1866
16 10151
16 36447
17 20
17 195
17 202
17 3199
17 4859
17 36448
18 76
18 342
18 343
18 345
18 36449
19 10
19 283
19 284
19 286
19 36450
20 4
20 5
20 99
20 131
20 132
20 133
20 152
20 36451
21 3
21 4
21 5
21 34306
21 34308
21 36452
22 9
22 10
22 11
22 13
22 36453
23 20
23 82
23 84
23 98
23 100
23 102
23 36454
24 82
24 758
24 759
24 761
24 36455
25 5
25 84
25 91
25 93
25 121
25 703
25 707
25 956
25 36456
26 5
26 20
26 202
26 5335
26 8517
26 36457
27 243
27 244
27 245
27 247
27 36458
28 10
28 283
28 284
28 286
28 36459
29 4
29 5
29 99
29 131
29 132
29 133
29 152
29 36460
30 3
30 4
30 5
30 27335
30 27337
30 36461
31 230
31 231
31 232
31 234
31 36462
32 9
32 10
32 11
32 13
32 163
33 99
33 131
33 132
33 133
33 195
33 236
33 237
34 3
34 20
34 195
34 340
34 36464
34 36465
34 36466
35 76
35 342
35 343
35 345
35 36467
36 244
36 15672
36 15673
36 15675
36 36468
37 10
37 283
37 284
37 286
37 36469
38 4
38 5
38 99
38 131
38 132
38 133
38 152
38 5301
39 3
39 4
39 5
39 3989
39 16983
39 34778
39 34780
39 36470
40 230
40 231
40 232
40 234
40 36471
41 9
41 10
41 11
41 13
41 163
42 99
42 131
42 132
42 133
42 195
42 236
42 237
43 3
43 20
43 195
43 2081
43 36473
43 36474
44 71
44 76
44 190
44 191
44 36475
seqId 117
1 5
1 20
1 82
1 84
1 100
1 6672
1 6674
1 36476
2 5
2 84
2 90
2 91
2 93
2 121
2 2163
2 7359
2 36477
3 660
3 6695
3 6696
3 6698
3 36478
4 99
4 131
4 132
4 133
4 195
4 237
4 36479
5 3
5 4
5 195
5 4249
5 26359
5 36480
6 9
6 10
6 24
6 26
6 27
6 36481
7 3
7 4
7 195
7 5951
7 5953
7 36482
8 243
8 244
8 245
8 247
8 36483
9 99
9 133
9 175
9 176
9 195
9 234
9 36484
10 3
10 4
10 195
10 340
10 6146
10 6148
10 36485
11 3
11 4
11 195
11 14397
11 14399
11 36486
12 1458
12 2717
12 4052
12 4054
12 36487
13 3
13 20
13 195
13 26371
13 26373
13 36488
14 76
14 413
14 414
14 416
14 36489
15 3
15 5
15 20
15 71
15 11431
15 33027
15 36490
16 508
16 509
16 510
16 512
16 36491
17 71
17 76
17 190
17 191
17 36492
seqId 118
1 67
1 206
1 1104
1 36494
1 36495
1 36496
1 36497
2 5
2 84
2 90
2 91
2 93
2 121
2 9903
2 10728
2 36498
3 9
3 10
3 24
3 26
3 27
3 36499
4 90
4 443
4 3446
4 3448
4 36500
5 4
5 5
5 99
5 131
5 132
5 133
5 152
5 5339
6 3
6 4
6 5
6 36502
6 36503
6 36504
7 230
7 231
7 232
7 234
7 36505
8 9
8 10
8 11
8 13
8 163
9 99
9 131
9 132
9 133
9 195
9 236
9 237
10 3
10 20
10 195
10 36507
10 36508
10 36509
11 9
11 10
11 11
11 13
11 36510
12 3
12 5
12 20
12 5945
12 5947
12 36511
13 10
13 283
13 284
13 286
13 36512
14 99
14 131
14 132
14 133
14 195
14 237
14 36513
15 3
15 4
15 195
15 340
15 34792
15 34794
15 36514
16 76
16 342
16 343
16 345
16 36515
17 10
17 109
17 110
17 112
17 36516
18 3
18 5
18 20
18 36518
18 36519
18 36520
19 9
19 10
19 11
19 13
19 36521
20 3
20 20
20 195
20 429
20 4265
20 36522
21 9
21 10
21 24
21 26
21 27
21 36523
22 3
22 4
22 5
22 26362
22 26364
22 36524
23 243
23 244
23 245
23 247
23 36525
24 9
24 10
24 11
24 13
24 36526
25 90
25 443
25 12341
25 12343
25 36527
26 99
26 133
26 175
26 176
26 195
26 234
26 36528
27 3
27 4
27 195
27 22729
27 22731
27 36529
28 10
28 378
28 379
28 381
28 36530
29 90
29 443
29 21513
29 21515
29 36531
30 5
30 27
30 99
30 131
30 132
30 133
30 135
30 36532
31 3
31 5
31 20
31 479
31 36534
31 36535
31 36536
31 36537
32 230
32 231
32 232
32 234
32 36538
33 9
33 10
33 11
33 13
33 163
34 99
34 131
34 132
34 133
34 195
34 236
34 237
35 3
35 4
35 195
35 14397
35 14399
35 36539
36 76
36 433
36 434
36 436
36 36540
37 76
37 342
37 343
37 345
37 36541
38 5
38 27
38 99
38 131
38 132
38 133
38 135
38 36542
39 3
39 5
39 20
39 8688
39 8690
39 36543
40 230
40 231
40 232
40 234
40 36544
41 9
41 10
41 11
41 13
41 163
42 99
42 131
42 132
42 133
42 195
42 236
42 237
43 3
43 4
43 195
43 14397
43 14399
43 36545
44 2822
44 2823
44 2824
44 2826
44 36546
45 10
45 146
45 147
45 149
45 722
46 99
46 131
46 132
46 133
46 195
46 236
46 237
47 3
47 20
47 195
47 1126
47 1977
47 36547
48 9
48 10
48 11
48 13
48 36548
49 3
49 4
49 5
49 7698
49 7700
49 36549
50 76
50 413
50 414
50 416
50 36550
51 3
51 5
51 20
51 71
51 11431
51 33027
51 36551
52 3
52 5
52 20
52 508
52 512
52 36552
53 71
53 76
53 190
53 191
53 36553
54 3
54 20
54 195
54 1320
54 3384
54 36554
55 10
55 126
55 127
55 129
55 36555
56 4
56 5
56 99
56 131
56 132
56 133
56 152
56 36556
57 3
57 4
57 5
57 4420
57 4422
57 36557
58 230
58 231
58 232
58 234
58 36558
59 9
59 10
59 11
59 13
59 163
60 99
60 131
60 132
60 133
60 195
60 236
60 237
61 3
61 4
61 195
61 14397
61 14399
61 36559
62 10
62 283
62 284
62 286
62 36560
63 99
63 131
63 132
63 133
63 195
63 237
63 36561
64 3
64 20
64 195
64 11030
64 11785
64 36562
65 9
65 10
65 24
65 26
65 27
65 36563
66 3
66 4
66 5
66 22606
66 22608
66 36564
67 230
67 231
67 232
67 234
67 36565
68 9
68 10
68 11
68 13
68 163
69 99
69 131
69 132
69 133
69 195
69 236
69 237
70 20
70 195
70 202
70 7021
70 36567
70 36568
71 3
71 20
71 195
71 13609
71 33503
71 36569
72 20
72 195
72 202
72 36571
72 36572
72 36573
73 76
73 433
73 434
73 436
73 36574
74 76
74 342
74 343
74 345
74 36575
75 243
75 244
75 245
75 247
75 36576
76 660
76 2347
76 2348
76 2350
76 36577
77 660
77 3607
77 3608
77 3610
77 36578
78 5
78 27
78 99
78 131
78 132
78 133
78 135
78 36579
79 3
79 4
79 5
79 36581
79 36582
79 36583
80 158
80 159
80 160
80 162
80 36584
81 9
81 10
81 11
81 13
81 163
82 5
82 20
82 99
82 131
82 132
82 133
82 165
82 166
83 3
83 5
83 20
83 5945
83 5947
83 36585
84 10
84 109
84 110
84 112
84 36586
85 3
85 4
85 5
85 22378
85 22380
85 36587
86 76
86 413
86 414
86 416
86 36588
87 3
87 5
87 20
87 71
87 11431
87 33027
87 36589
88 3
88 5
88 20
88 508
88 512
88 36590
89 71
89 76
89 190
89 191
89 36591
90 3
90 5
90 20
90 5945
90 36593
90 36594
91 243
91 244
91 245
91 247
91 36595
92 3
92 4
92 5
92 22378
92 22380
92 36596
93 76
93 433
93 434
93 436
93 36597
94 71
94 76
94 190
94 191
94 36598
seqId 119
1 10
1 283
1 3640
1 3642
1 36599
2 5
2 20
2 98
2 99
2 100
2 102
2 36600
3 3
3 5
3 20
3 3533
3 3535
3 36601
4 9
4 10
4 11
4 13
4 36602
5 3
5 4
5 5
5 35988
5 36102
5 36603
6 4
6 5
6 202
6 3199
6 5132
6 36604
7 230
7 231
7 232
7 234
7 36605
8 9
8 10
8 11
8 13
8 163
9 99
9 131
9 132
9 133
9 195
9 236
9 237
10 3
10 4
10 195
10 22378
10 36607
10 36608
11 4
11 195
11 202
11 340
11 36610
11 36611
11 36612
12 76
12 342
12 343
12 345
12 36613
13 5
13 20
13 99
13 131
13 132
13 133
13 166
13 36614
14 3
14 5
14 20
14 29999
14 30001
14 36615
15 158
15 159
15 160
15 162
15 36616
16 9
16 10
16 11
16 13
16 163
17 5
17 20
17 99
17 131
17 132
17 133
17 165
17 166
18 3
18 5
18 20
18 16848
18 16850
18 36617
19 5
19 20
19 202
19 1341
19 6599
19 36618
20 76
20 342
20 343
20 345
20 36619
21 10
21 283
21 284
21 286
21 36620
22 99
22 115
22 195
22 773
22 774
22 775
22 776
22 3400
22 36621
23 3
23 4
23 195
23 10184
23 10186
23 36622
24 243
24 244
24 245
24 247
24 36623
25 99
25 115
25 195
25 773
25 774
25 775
25 776
25 3400
25 36624
26 3
26 4
26 195
26 8152
26 8154
26 36625
27 9
27 10
27 11
27 13
27 36626
28 3
28 4
28 5
28 22519
28 22521
28 36627
29 76
29 342
29 343
29 345
29 36628
30 5
30 84
30 90
30 91
30 93
30 121
30 9903
30 10728
30 36629
31 5
31 20
31 99
31 133
31 175
31 176
31 1316
31 36630
32 3
32 5
32 20
32 36632
32 36633
32 36634
33 9
33 10
33 11
33 13
33 36635
34 3
34 20
34 195
34 1905
34 36637
34 36638
35 243
35 244
35 245
35 247
35 36639
36 9
36 10
36 11
36 13
36 36640
37 3
37 4
37 195
37 340
37 35567
37 35569
37 36642
38 9
38 10
38 11
38 13
38 36643
39 98
39 99
39 100
39 195
39 2073
39 36644
40 3
40 4
40 195
40 340
40 3989
40 16983
40 34778
40 34780
40 36645
41 71
41 76
41 190
41 191
41 36646
seqId 120
1 98
1 99
1 100
1 195
1 8870
1 36647
2 3
2 4
2 195
2 8152
2 8154
2 36648
3 4
3 195
3 202
3 340
3 36650
3 36651
3 36652
4 84
4 90
4 91
4 93
4 121
4 195
4 4945
4 36654
4 36655
5 10
5 109
5 112
5 1539
5 36656
6 3
6 5
6 20
6 2429
6 2431
6 36657
7 660
7 16882
7 16883
7 16885
7 36658
8 3
8 4
8 195
8 30555
8 34809
8 36659
9 9
9 10
9 24
9 26
9 27
9 36660
10 3
10 4
10 5
10 36662
10 36663
10 36664
11 243
11 244
11 245
11 247
11 36665
12 3
12 4
12 5
12 36667
12 36668
12 36669
13 9
13 10
13 11
13 13
13 36670
14 3
14 20
14 195
14 36672
14 36673
14 36674
15 20
15 195
15 202
15 340
15 512
15 36676
15 36677
15 36678
16 76
16 413
16 414
16 416
16 36679
17 3
17 5
17 20
17 71
17 11431
17 33027
17 36680
18 508
18 509
18 512
18 5178
18 36681
19 71
19 76
19 190
19 191
19 36682
20 36
20 67
20 36684
20 36685
20 36686
20 36687
20 36688
21 3
21 4
21 195
21 340
21 30555
21 36690
21 36691
22 4
22 195
22 202
22 33164
22 33166
22 36692
23 1458
23 2717
23 36694
23 36695
23 36696
24 3
24 4
24 5
24 33277
24 33279
24 36697
25 4
25 5
25 202
25 36699
25 36700
25 36701
26 76
26 433
26 434
26 436
26 36702
27 71
27 76
27 190
27 191
27 36703
seqId 121
1 5
1 20
1 98
1 99
1 100
1 8099
1 36704
2 3
2 5
2 20
2 33911
2 33913
2 36705
3 9
3 10
3 11
3 13
3 36706
4 3
4 4
4 5
4 3989
4 16983
4 34778
4 34780
4 36707
5 5
5 84
5 90
5 91
5 93
5 121
5 36709
5 36710
5 36711
6 99
6 133
6 175
6 176
6 195
6 234
6 36712
7 3
7 20
7 195
7 36714
7 36715
7 36716
7 36717
8 660
8 9231
8 9232
8 9234
8 36718
9 20
9 195
9 202
9 36720
9 36721
9 36722
10 717
10 718
10 719
10 721
10 36723
11 10
11 146
11 147
11 149
11 722
12 5
12 20
12 99
12 131
12 132
12 133
12 165
12 166
13 3
13 5
13 20
13 1325
13 1327
13 36724
14 230
14 231
14 232
14 234
14 36725
15 9
15 10
15 11
15 13
15 163
16 99
16 131
16 132
16 133
16 195
16 236
16 237
17 3
17 20
17 195
17 33272
17 33274
17 36726
18 75
18 76
18 77
18 79
18 36727
19 10
19 1605
19 1606
19 1608
19 36728
20 3
20 20
20 195
20 2943
20 36730
20 36731
21 20
21 195
21 202
21 340
21 36733
21 36734
21 36735
22 243
22 244
22 245
22 247
22 36736
23 3
23 20
23 195
23 272
23 6282
23 36737
24 9
24 10
24 24
24 26
24 27
24 36738
25 3
25 4
25 195
25 897
25 3520
25 36739
26 76
26 342
26 343
26 345
26 36740
27 244
27 1249
27 1250
27 1252
27 36741
28 660
28 1622
28 1623
28 1625
28 36742
29 10
29 1605
29 1606
29 1608
29 36743
30 20
30 85
30 99
30 195
30 2075
30 2077
30 36744
31 3
31 20
31 195
31 465
31 36746
31 36747
32 9
32 10
32 11
32 13
32 5656
33 3
33 20
33 195
33 3386
33 3388
33 36748
34 243
34 244
34 245
34 247
34 36749
35 9
35 10
35 11
35 13
35 36750
36 3
36 20
36 195
36 25355
36 25357
36 36751
37 20
37 195
37 202
37 322
37 357
37 36752
38 76
38 413
38 414
38 416
38 36753
39 3
39 20
39 195
39 36755
39 36756
39 36757
40 76
40 342
40 343
40 345
40 36758
41 3
41 20
41 195
41 36760
41 36761
41 36762
42 76
42 342
42 343
42 345
42 36763
43 3
43 4
43 195
43 36765
43 36766
43 36767
44 76
44 342
44 343
44 345
44 36768
45 3
45 20
45 195
45 17780
45 27594
45 36769
46 20
46 195
46 202
46 322
46 357
46 36770
47 76
47 25774
47 25775
47 25777
47 36771
48 76
48 433
48 434
48 436
48 36772
49 71
49 76
49 190
49 191
49 36773
seqId 122
1 98
1 99
1 100
1 195
1 8870
1 36774
2 3
2 4
2 195
2 340
2 3989
2 16983
2 34778
2 34780
2 36775
3 84
3 90
3 91
3 93
3 121
3 195
3 755
3 29837
3 29839
3 36777
4 99
4 133
4 175
4 176
4 195
4 234
4 36778
5 3
5 20
5 195
5 33053
5 33055
5 36779
6 10
6 283
6 284
6 286
6 36780
7 99
7 131
7 132
7 133
7 195
7 237
7 36781
8 3
8 20
8 195
8 2723
8 3278
8 36782
9 9
9 10
9 11
9 13
9 36783
10 3
10 5
10 20
10 2081
10 29574
10 36784
11 76
11 342
11 343
11 345
11 36785
12 99
12 131
12 132
12 133
12 195
12 237
12 36786
13 3
13 4
13 195
13 30555
13 34809
13 36787
14 9
14 10
14 24
14 26
14 27
14 36788
15 3
15 4
15 5
15 4804
15 33065
15 36789
16 243
16 244
16 245
16 247
16 36790
17 4
17 5
17 99
17 131
17 132
17 133
17 152
17 36791
18 3
18 4
18 5
18 7999
18 8001
18 36792
19 9
19 10
19 11
19 13
19 36793
20 3
20 4
20 5
20 19020
20 23943
20 36794
21 71
21 76
21 190
21 191
21 36795
seqId 123
1 20
1 82
1 84
1 98
1 100
1 8099
1 36796
2 84
2 91
2 93
2 121
2 195
2 703
2 707
2 1858
2 36797
3 660
3 1622
3 1623
3 1625
3 36798
4 98
4 99
4 100
4 195
4 2073
4 36799
5 3
5 20
5 195
5 23048
5 23050
5 36800
6 82
6 759
6 944
6 948
6 36801
7 5
7 20
7 27
7 81
7 82
7 83
7 84
7 85
7 135
7 13403
7 36802
8 5
8 84
8 90
8 91
8 92
8 93
8 96
8 3718
8 12280
8 36804
9 10
9 146
9 149
9 1539
9 36805
10 90
10 443
10 1334
10 8849
10 36806
11 9
11 10
11 24
11 26
11 27
11 36807
12 4
12 5
12 99
12 133
12 175
12 176
12 178
12 36808
13 3
13 4
13 5
13 3922
13 3924
13 36809
14 10
14 1605
14 1606
14 1608
14 36810
15 3
15 4
15 195
15 347
15 349
15 36811
16 76
16 342
16 343
16 345
16 36812
17 3
17 4
17 195
17 337
17 3929
17 36813
18 243
18 244
18 245
18 247
18 36814
19 3
19 4
19 195
19 3974
19 3976
19 36815
20 76
20 413
20 414
20 416
20 36816
21 3
21 5
21 20
21 71
21 11431
21 33027
21 36817
22 508
22 509
22 510
22 512
22 36818
23 71
23 76
23 190
23 191
23 36819
seqId 124
1 3
1 4
1 195
1 340
1 13797
1 36821
1 36822
2 158
2 159
2 160
2 162
2 36823
3 9
3 10
3 11
3 13
3 163
4 5
4 20
4 99
4 131
4 132
4 133
4 165
4 166
5 3
5 5
5 20
5 33272
5 34089
5 36824
6 243
6 244
6 245
6 247
6 5742
7 3
7 20
7 195
7 3937
7 3939
7 36825
8 9
8 10
8 11
8 13
8 36826
9 4
9 5
9 99
9 131
9 132
9 133
9 152
9 36827
10 3
10 4
10 5
10 4737
10 36829
10 36830
10 36831
11 4
11 5
11 202
11 36833
11 36834
11 36835
12 76
12 433
12 434
12 436
12 36836
13 71
13 76
13 190
13 191
13 36837
seqId 125
1 99
1 131
1 132
1 133
1 195
1 1220
1 36838
2 3
2 4
2 195
2 8229
2 8231
2 36839
3 9
3 10
3 11
3 13
3 36840
4 3
4 4
4 72
4 195
4 4121
4 36842
4 36843
4 36844
5 76
5 342
5 343
5 345
5 36845
6 9
6 10
6 11
6 13
6 36846
7 3
7 4
7 15
7 195
7 4121
7 36847
8 4
8 90
8 122
8 195
8 708
8 713
8 3372
8 36849
8 36850
9 10
9 146
9 147
9 149
9 36851
10 99
10 133
10 175
10 176
10 195
10 234
10 36852
11 3
11 20
11 195
11 7393
11 36854
11 36855
12 76
12 342
12 343
12 345
12 36856
13 99
13 133
13 175
13 176
13 195
13 234
13 36857
14 3
14 20
14 195
14 3632
14 3634
14 36858
15 76
15 342
15 343
15 345
15 36859
16 99
16 133
16 175
16 176
16 195
16 234
16 36860
17 3
17 20
17 195
17 3386
17 3388
17 36861
18 84
18 90
18 91
18 93
18 121
18 195
18 2333
18 8164
18 36862
19 9
19 10
19 11
19 13
19 36863
20 90
20 443
20 17308
20 34513
20 36864
21 717
21 718
21 719
21 721
21 36865
22 10
22 146
22 149
22 722
22 1539
23 5
23 20
23 99
23 131
23 132
23 133
23 165
23 166
24 660
24 2347
24 2348
24 2350
24 36866
25 660
25 17010
25 17011
25 17013
25 36867
26 99
26 131
26 132
26 133
26 195
26 237
26 36868
27 3
27 4
27 195
27 26959
27 27007
27 36869
28 9
28 10
28 11
28 13
28 36870
29 5
29 27
29 99
29 131
29 132
29 133
29 135
29 36871
30 3
30 4
30 5
30 17410
30 17412
30 36872
31 4
31 5
31 202
31 36678
31 36874
31 36875
31 36876
32 9
32 10
32 11
32 13
32 36877
33 4
33 5
33 99
33 131
33 132
33 133
33 152
33 36878
34 3
34 4
34 5
34 36880
34 36881
34 36882
35 76
35 342
35 343
35 345
35 36883
36 244
36 418
36 419
36 421
36 36884
37 158
37 159
37 160
37 162
37 36885
38 9
38 10
38 11
38 13
38 163
39 5
39 20
39 99
39 131
39 132
39 133
39 165
39 166
40 3
40 5
40 20
40 475
40 25021
40 36886
41 230
41 231
41 232
41 234
41 36887
42 9
42 10
42 11
42 13
42 163
43 99
43 131
43 132
43 133
43 195
43 236
43 237
44 3
44 4
44 195
44 8152
44 8154
44 36888
45 4
45 195
45 202
45 36111
45 36890
45 36891
46 71
46 76
46 190
46 191
46 36892
seqId 126
1 5
1 27
1 99
1 131
1 132
1 133
1 699
1 36893
2 3
2 4
2 5
2 36895
2 36896
2 36897
3 158
3 159
3 160
3 162
3 36898
4 9
4 10
4 11
4 13
4 163
5 5
5 20
5 99
5 131
5 132
5 133
5 165
5 166
6 3
6 5
6 20
6 2947
6 2949
6 36899
7 5
7 84
7 90
7 91
7 93
7 121
7 27863
7 29797
7 36900
8 13
8 99
8 133
8 175
8 176
8 195
8 36901
9 4
9 195
9 202
9 25646
9 25648
9 36902
10 3
10 4
10 195
10 1784
10 1786
10 36903
11 230
11 231
11 232
11 234
11 36904
12 9
12 10
12 11
12 13
12 163
13 99
13 131
13 132
13 133
13 195
13 236
13 237
14 3
14 4
14 195
14 7178
14 7180
14 36905
15 660
15 1796
15 1797
15 1799
15 36906
16 10
16 126
16 127
16 129
16 36907
17 99
17 131
17 132
17 133
17 195
17 237
17 36908
18 3
18 4
18 195
18 3615
18 35716
18 36909
19 9
19 10
19 24
19 26
19 27
19 36910
20 90
20 443
20 1815
20 29773
20 36911
21 76
21 342
21 343
21 345
21 36912
22 10
22 126
22 127
22 129
22 36913
23 99
23 131
23 132
23 133
23 195
23 237
23 36914
24 3
24 4
24 195
24 340
24 20436
24 20438
24 36915
25 82
25 758
25 759
25 761
25 36916
26 84
26 90
26 91
26 93
26 121
26 195
26 755
26 36918
26 36919
26 36920
27 5
27 27
27 99
27 131
27 132
27 133
27 135
27 36921
28 3
28 4
28 5
28 4804
28 33065
28 36922
29 944
29 945
29 946
29 948
29 36923
30 10
30 126
30 127
30 129
30 36924
31 4
31 5
31 99
31 131
31 132
31 133
31 152
31 36925
32 3
32 4
32 5
32 33368
32 33370
32 36926
33 230
33 231
33 232
33 234
33 36927
34 9
34 10
34 11
34 13
34 163
35 99
35 131
35 132
35 133
35 195
35 236
35 237
36 3
36 20
36 195
36 3632
36 3634
36 36928
37 82
37 758
37 759
37 761
37 36929
38 27
38 82
38 84
38 114
38 115
38 116
38 118
38 36930
39 84
39 90
39 91
39 93
39 121
39 195
39 36932
39 36933
39 36934
40 71
40 76
40 190
40 191
40 36935
seqId 127
1 5
1 27
1 99
1 131
1 132
1 133
1 699
1 36936
2 3
2 4
2 5
2 36895
2 36897
2 36937
3 158
3 159
3 160
3 162
3 36938
4 9
4 10
4 11
4 13
4 163
5 5
5 20
5 99
5 131
5 132
5 133
5 165
5 166
6 3
6 5
6 20
6 2947
6 2949
6 36939
7 5
7 84
7 90
7 91
7 93
7 121
7 2333
7 2335
7 36940
8 660
8 1622
8 1623
8 1625
8 36941
9 660
9 16882
9 16883
9 16885
9 36942
10 4
10 5
10 99
10 133
10 175
10 176
10 178
10 36943
11 4
11 5
11 202
11 7021
11 7023
11 36944
12 3
12 4
12 5
12 33048
12 33050
12 36945
13 9
13 10
13 11
13 13
13 36946
14 3
14 4
14 195
14 4851
14 22505
14 36947
15 10
15 109
15 110
15 112
15 36948
16 3
16 5
16 20
16 17780
16 17782
16 36949
17 76
17 342
17 343
17 345
17 36950
18 9
18 10
18 24
18 26
18 27
18 36951
19 3
19 20
19 195
19 10660
19 10662
19 36952
20 76
20 342
20 343
20 345
20 36953
21 9
21 10
21 11
21 13
21 36954
22 3
22 4
22 195
22 36956
22 36957
22 36958
23 230
23 231
23 232
23 234
23 36959
24 9
24 10
24 11
24 13
24 163
25 99
25 131
25 132
25 133
25 195
25 236
25 237
26 3
26 4
26 195
26 4804
26 5101
26 36960
27 9
27 10
27 11
27 13
27 36961
28 4
28 5
28 99
28 131
28 132
28 133
28 152
28 36962
29 3
29 4
29 5
29 36964
29 36965
29 36966
30 76
30 413
30 414
30 416
30 36967
31 3
31 5
31 20
31 71
31 11431
31 33027
31 36968
32 3
32 5
32 20
32 508
32 512
32 36969
33 71
33 76
33 190
33 191
33 36970
seqId 128
1 3
1 4
1 5
1 22981
1 36972
1 36973
2 4
2 5
2 202
2 2947
2 2949
2 36974
3 243
3 244
3 245
3 247
3 36975
4 3
4 20
4 195
4 33272
4 33274
4 36976
5 76
5 342
5 343
5 345
5 36977
6 3
6 20
6 195
6 340
6 36979
6 36980
6 36981
7 20
7 195
7 202
7 1341
7 1343
7 36982
8 3
8 2548
8 10996
8 10998
8 36983
9 10
9 146
9 147
9 149
9 36984
10 5
10 27
10 99
10 131
10 132
10 133
10 135
10 36985
11 3
11 4
11 5
11 10713
11 10715
11 36986
12 4
12 5
12 202
12 11166
12 24085
12 36988
12 36989
12 36990
13 4
13 5
13 202
13 1773
13 26635
13 36991
14 10
14 126
14 127
14 129
14 36992
15 5
15 20
15 99
15 131
15 132
15 133
15 166
15 36993
16 5
16 20
16 67
16 36995
16 36996
16 36997
17 76
17 433
17 434
17 436
17 36998
18 71
18 76
18 190
18 191
18 36999
seqId 129
1 5
1 20
1 81
1 82
1 83
1 84
1 85
1 2423
1 37000
2 82
2 84
2 114
2 115
2 116
2 1361
2 37001
3 5
3 84
3 90
3 91
3 92
3 93
3 96
3 37003
3 37004
3 37005
4 10
4 126
4 127
4 129
4 37006
5 4
5 5
5 99
5 131
5 132
5 133
5 152
5 37007
6 3
6 4
6 5
6 34942
6 34944
6 37008
7 230
7 231
7 232
7 234
7 37009
8 9
8 10
8 11
8 13
8 163
9 99
9 131
9 132
9 133
9 195
9 236
9 237
10 3
10 20
10 195
10 17780
10 27594
10 37010
11 20
11 195
11 202
11 322
11 357
11 37011
12 76
12 342
12 343
12 345
12 37012
13 27
13 944
13 945
13 1463
13 3308
13 37013
14 20
14 82
14 83
14 84
14 115
14 195
14 1824
14 1826
14 37014
15 84
15 93
15 121
15 195
15 703
15 707
15 4415
15 25065
15 37015
16 20
16 195
16 202
16 8705
16 8707
16 37016
17 76
17 342
17 343
17 345
17 37017
18 20
18 195
18 202
18 37019
18 37020
18 37021
19 76
19 342
19 343
19 345
19 37022
20 244
20 1249
20 1250
20 1252
20 37023
21 660
21 1622
21 1623
21 1625
21 37024
22 13
22 99
22 133
22 175
22 176
22 195
22 37025
23 20
23 195
23 202
23 795
23 2446
23 37026
24 20
24 195
24 202
24 7021
24 36568
24 37027
25 3
25 20
25 195
25 7906
25 36380
25 37028
26 20
26 195
26 202
26 2947
26 8713
26 37029
27 82
27 758
27 759
27 761
27 37030
28 84
28 91
28 93
28 121
28 195
28 703
28 707
28 1858
28 37031
29 20
29 90
29 122
29 195
29 708
29 713
29 11410
29 37033
29 37034
30 10
30 126
30 127
30 129
30 37035
31 5
31 27
31 99
31 131
31 132
31 133
31 135
31 37036
32 3
32 4
32 5
32 897
32 899
32 37037
33 76
33 342
33 343
33 345
33 37038
34 10
34 378
34 379
34 381
34 37039
35 5
35 27
35 99
35 131
35 132
35 133
35 135
35 37040
36 3
36 5
36 20
36 4011
36 4013
36 37041
37 76
37 342
37 343
37 345
37 37042
38 4
38 5
38 202
38 37044
38 37045
38 37046
39 9
39 10
39 24
39 26
39 27
39 37047
40 3
40 20
40 195
40 37049
40 37050
40 37051
41 82
41 758
41 759
41 761
41 37052
42 82
42 83
42 84
42 109
42 112
42 115
42 37053
43 84
43 91
43 93
43 121
43 195
43 703
43 707
43 1858
43 37054
44 660
44 16882
44 16883
44 16885
44 37055
45 20
45 195
45 202
45 5390
45 22332
45 37057
45 37058
45 37059
46 76
46 413
46 414
46 416
46 37060
47 945
47 1010
47 1011
47 1013
47 37061
48 10
48 283
48 284
48 286
48 37062
49 5
49 27
49 99
49 131
49 132
49 133
49 135
49 37063
50 3
50 4
50 5
50 22378
50 22380
50 37064
51 4
51 5
51 90
51 122
51 708
51 713
51 23744
51 23746
51 37065
52 4
52 5
52 202
52 12971
52 12973
52 37066
53 76
53 433
53 434
53 436
53 37067
54 76
54 413
54 414
54 416
54 37068
55 3
55 5
55 20
55 71
55 11431
55 33027
55 37069
56 508
56 509
56 510
56 512
56 37070
57 71
57 76
57 190
57 191
57 37071
seqId 130
1 5
1 20
1 99
1 131
1 132
1 133
1 967
1 37072
2 3
2 5
2 20
2 17780
2 17782
2 37073
3 3
3 4
3 5
3 22378
3 22380
3 37074
4 9
4 10
4 11
4 13
4 37075
5 4
5 5
5 99
5 131
5 132
5 133
5 152
5 6068
6 3
6 4
6 5
6 37077
6 37078
6 37079
7 243
7 244
7 245
7 247
7 37080
8 3
8 5
8 20
8 16848
8 16850
8 37081
9 5
9 20
9 202
9 29358
9 29360
9 37082
10 76
10 433
10 434
10 436
10 37083
11 71
11 76
11 190
11 191
11 37084
seqId 131
1 4
1 5
1 99
1 133
1 175
1 176
1 5129
1 37085
2 76
2 137
2 138
2 140
2 37086
3 3
3 4
3 5
3 35988
3 36102
3 37087
4 76
4 185
4 186
4 188
4 37088
5 4
5 5
5 202
5 1104
5 22675
5 22677
5 37089
6 10
6 2408
6 2410
6 10221
6 37090
7 3
7 5
7 20
7 2244
7 2246
7 37091
8 10
8 146
8 147
8 149
8 37092
9 5
9 99
9 115
9 773
9 776
9 2192
9 28103
9 28105
9 37093
10 3
10 4
10 5
10 14965
10 14967
10 37094
11 76
11 342
11 343
11 345
11 37095
12 4
12 5
12 90
12 122
12 708
12 713
12 1104
12 2979
12 17428
12 37096
13 10
13 3889
13 3891
13 9630
13 37097
14 99
14 131
14 132
14 133
14 195
14 237
14 37098
15 3
15 4
15 195
15 729
15 731
15 37099
16 51
16 195
16 37101
16 37102
16 37103
17 76
17 342
17 343
17 345
17 37104
18 5
18 84
18 90
18 91
18 93
18 121
18 37106
18 37107
18 37108
18 37109
18 37110
19 4
19 5
19 99
19 131
19 132
19 133
19 152
19 37111
20 4
20 5
20 202
20 3106
20 26492
20 37112
21 3
21 4
21 5
21 5331
21 5333
21 37113
22 10
22 828
22 829
22 831
22 37114
23 4
23 5
23 99
23 131
23 132
23 133
23 152
23 37115
24 76
24 137
24 138
24 140
24 37116
25 3
25 4
25 5
25 37118
25 37119
25 37120
26 76
26 185
26 186
26 188
26 37121
27 243
27 244
27 245
27 247
27 37122
28 10
28 828
28 829
28 831
28 37123
29 99
29 131
29 132
29 133
29 195
29 237
29 37124
30 3
30 4
30 195
30 340
30 29831
30 29833
30 37126
31 4
31 195
31 202
31 340
31 37128
31 37129
31 37130
32 4
32 195
32 202
32 37132
32 37133
32 37134
33 76
33 413
33 414
33 416
33 37135
34 3
34 5
34 20
34 71
34 11431
34 33027
34 37136
35 508
35 509
35 512
35 5178
35 37137
36 71
36 76
36 190
36 191
36 37138
37 72
37 90
37 443
37 1845
37 37140
37 37141
37 37142
37 37143
38 4
38 5
38 99
38 131
38 132
38 133
38 152
38 37144
39 3
39 4
39 5
39 20344
39 20346
39 37145
40 76
40 433
40 434
40 436
40 37146
41 71
41 76
41 190
41 191
41 37147
seqId 132
1 4
1 5
1 82
1 83
1 84
1 115
1 763
1 4750
1 37148
2 5
2 84
2 90
2 91
2 93
2 121
2 8667
2 37150
2 37151
3 9
3 10
3 24
3 26
3 27
3 37152
4 3
4 4
4 5
4 6854
4 6856
4 37153
5 99
5 131
5 132
5 133
5 195
5 237
5 37154
6 3
6 4
6 195
6 5512
6 5514
6 37155
7 230
7 231
7 232
7 234
7 37156
8 9
8 10
8 11
8 13
8 163
9 99
9 131
9 132
9 133
9 195
9 236
9 237
10 3
10 20
10 195
10 37158
10 37159
10 37160
11 10
11 146
11 147
11 149
11 37161
12 4
12 5
12 99
12 131
12 132
12 133
12 152
12 37162
13 3
13 4
13 5
13 33368
13 33370
13 37163
14 76
14 342
14 343
14 345
14 37164
15 10
15 146
15 147
15 149
15 37165
16 5
16 99
16 115
16 773
16 775
16 776
16 2192
16 3593
16 37166
17 3
17 5
17 20
17 20716
17 20718
17 37167
18 5
18 20
18 202
18 21466
18 37169
18 37170
19 71
19 76
19 190
19 191
19 37171
seqId 133
1 82
1 83
1 115
1 195
1 4940
1 4941
1 4943
1 37172
2 82
2 115
2 116
2 195
2 4940
2 4941
2 28267
2 37173
3 90
3 91
3 93
3 121
3 195
3 4941
3 4948
3 37175
3 37176
3 37177
4 10
4 146
4 147
4 149
4 37178
5 5
5 27
5 99
5 131
5 132
5 133
5 135
5 37179
6 3
6 4
6 5
6 1784
6 10502
6 37180
7 9
7 10
7 11
7 13
7 37181
8 98
8 99
8 100
8 195
8 2073
8 37182
9 3
9 20
9 195
9 2723
9 3278
9 37183
10 10
10 146
10 149
10 1539
10 37184
11 90
11 443
11 1334
11 8849
11 37185
12 9
12 10
12 11
12 13
12 37186
13 4
13 195
13 202
13 795
13 3439
13 37187
14 3
14 4
14 195
14 3615
14 35716
14 37188
15 9
15 10
15 11
15 13
15 37189
16 90
16 443
16 3624
16 16509
16 37190
17 99
17 131
17 132
17 133
17 195
17 237
17 37191
18 3
18 20
18 195
18 5228
18 5230
18 37192
19 10
19 1605
19 1606
19 1608
19 37193
20 3
20 20
20 195
20 37158
20 37160
20 37194
21 243
21 244
21 245
21 247
21 37195
22 3
22 20
22 72
22 195
22 340
22 2274
22 37197
22 37198
22 37199
23 76
23 413
23 414
23 416
23 37200
24 3
24 5
24 20
24 71
24 6195
24 11431
24 33027
25 508
25 509
25 512
25 5178
25 37201
26 71
26 76
26 190
26 191
26 37202
27 3
27 5
27 20
27 72
27 4796
27 37204
27 37205
27 37206
27 37207
27 37208
28 76
28 433
28 434
28 436
28 37209
29 71
29 76
29 190
29 191
29 37210
seqId 134
1 4
1 5
1 99
1 131
1 132
1 133
1 811
1 37211
2 3
2 4
2 5
2 6763
2 6765
2 37212
3 4
3 5
3 202
3 37214
3 37215
3 37216
4 76
4 342
4 343
4 345
4 37217
5 4
5 5
5 202
5 26989
5 26991
5 37218
6 158
6 159
6 160
6 162
6 37219
7 9
7 10
7 11
7 13
7 163
8 5
8 20
8 99
8 131
8 132
8 133
8 165
8 166
9 3
9 5
9 20
9 5228
9 15262
9 37220
10 10
10 146
10 147
10 149
10 37221
11 4
11 5
11 99
11 131
11 132
11 133
11 152
11 37222
12 3
12 4
12 5
12 33368
12 33370
12 37223
13 5
13 84
13 90
13 91
13 92
13 93
13 96
13 1509
13 36186
13 37224
14 4
14 5
14 99
14 133
14 175
14 176
14 178
14 37225
15 3
15 4
15 5
15 37227
15 37228
15 37229
16 4
16 5
16 202
16 2359
16 8352
16 37230
17 660
17 2347
17 2348
17 2350
17 37231
18 4
18 5
18 202
18 37233
18 37234
18 37235
19 76
19 342
19 343
19 345
19 37236
20 660
20 6695
20 6696
20 6698
20 37237
21 10
21 146
21 149
21 1539
21 37238
22 90
22 443
22 1334
22 8849
22 37239
23 9
23 10
23 11
23 13
23 37240
24 5
24 27
24 99
24 131
24 132
24 133
24 135
24 37241
25 3
25 4
25 5
25 3268
25 3270
25 37242
26 230
26 231
26 232
26 234
26 37243
27 9
27 10
27 11
27 13
27 163
28 99
28 131
28 132
28 133
28 195
28 236
28 237
29 3
29 20
29 195
29 37245
29 37246
29 37247
30 243
30 244
30 245
30 247
30 37248
31 158
31 159
31 160
31 162
31 37249
32 9
32 10
32 11
32 13
32 163
33 5
33 20
33 99
33 131
33 132
33 133
33 165
33 166
34 3
34 5
34 20
34 1892
34 37251
34 37252
35 76
35 413
35 414
35 416
35 37253
36 3
36 5
36 20
36 71
36 11431
36 33027
36 37254
37 3
37 5
37 20
37 508
37 512
37 37255
38 71
38 76
38 190
38 191
38 37256
seqId 135
1 3
1 5
1 20
1 33570
1 37258
1 37259
1 37260
2 230
2 231
2 232
2 234
2 37261
3 9
3 10
3 11
3 13
3 163
4 99
4 131
4 132
4 133
4 195
4 236
4 237
5 3
5 4
5 195
5 340
5 37263
5 37264
5 37265
6 9
6 10
6 11
6 13
6 37266
7 5
7 27
7 99
7 131
7 132
7 133
7 135
7 37267
8 3
8 5
8 20
8 37269
8 37270
8 37271
9 243
9 244
9 245
9 247
9 37272
10 158
10 159
10 160
10 162
10 37273
11 9
11 10
11 11
11 13
11 163
12 5
12 20
12 99
12 131
12 132
12 133
12 165
12 166
13 3
13 5
13 20
13 37275
13 37276
13 37277
14 76
14 433
14 434
14 436
14 37278
15 660
15 976
15 979
15 1458
15 37279
16 27
16 944
16 945
16 1463
16 3308
16 37280
17 10
17 146
17 149
17 1539
17 37281
18 90
18 443
18 1334
18 8849
18 37282
19 9
19 10
19 11
19 13
19 37283
20 5
20 27
20 99
20 131
20 132
20 133
20 135
20 37284
21 3
21 4
21 5
21 1395
21 5941
21 37285
22 9
22 10
22 24
22 26
22 27
22 37286
23 3
23 4
23 195
23 897
23 3520
23 37287
24 4
24 195
24 202
24 26989
24 37289
24 37290
25 76
25 413
25 414
25 416
25 37291
26 3
26 5
26 20
26 71
26 11431
26 33027
26 37292
27 3
27 5
27 20
27 508
27 512
27 37293
28 71
28 76
28 190
28 191
28 37294
seqId 136
1 3
1 5
1 20
1 429
1 431
1 37295
2 36
2 67
2 72
2 37297
2 37298
2 37299
2 37300
2 37301
3 10
3 126
3 127
3 129
3 37302
4 5
4 27
4 99
4 131
4 132
4 133
4 135
4 37303
5 3
5 4
5 5
5 897
5 899
5 37304
6 9
6 10
6 11
6 13
6 37305
7 3
7 4
7 5
7 37307
7 37308
7 37309
8 75
8 76
8 77
8 79
8 37310
9 3
9 20
9 195
9 36672
9 36674
9 37311
10 20
10 195
10 202
10 6756
10 33345
10 37313
10 37314
11 9
11 10
11 11
11 13
11 37315
12 5
12 27
12 99
12 131
12 132
12 133
12 135
12 37316
13 3
13 4
13 5
13 897
13 899
13 37317
14 243
14 244
14 245
14 247
14 37318
15 3
15 4
15 195
15 25430
15 37320
15 37321
16 230
16 231
16 232
16 234
16 37322
17 9
17 10
17 11
17 13
17 163
18 99
18 131
18 132
18 133
18 195
18 236
18 237
19 3
19 20
19 195
19 33053
19 33055
19 37323
20 20
20 195
20 202
20 34863
20 37325
20 37326
21 10
21 126
21 127
21 129
21 37327
22 4
22 5
22 99
22 131
22 132
22 133
22 152
22 37328
23 3
23 4
23 5
23 37307
23 37309
23 37329
24 76
24 433
24 434
24 436
24 37330
25 71
25 76
25 190
25 191
25 37331
seqId 137
1 5
1 20
1 82
1 84
1 98
1 100
1 8099
1 37332
2 5
2 84
2 91
2 92
2 93
2 703
2 707
2 16563
2 37333
3 660
3 1622
3 1623
3 1625
3 37334
4 5
4 27
4 99
4 131
4 132
4 133
4 135
4 37335
5 3
5 5
5 20
5 10801
5 10803
5 37336
6 9
6 10
6 11
6 13
6 37337
7 3
7 20
7 195
7 1320
7 3384
7 37338
8 10
8 126
8 127
8 129
8 37339
9 99
9 131
9 132
9 133
9 195
9 237
9 37340
10 3
10 4
10 195
10 5512
10 5514
10 37341
11 4
11 195
11 202
11 26353
11 26355
11 37342
12 243
12 244
12 245
12 247
12 37343
13 4
13 195
13 202
13 37345
13 37346
13 37347
14 10
14 146
14 147
14 149
14 37348
15 4
15 5
15 99
15 131
15 132
15 133
15 152
15 37349
16 3
16 4
16 5
16 33368
16 33370
16 37350
17 82
17 758
17 759
17 761
17 37351
18 27
18 82
18 84
18 114
18 115
18 116
18 118
18 37352
19 84
19 90
19 91
19 92
19 93
19 195
19 13153
19 33058
19 33876
19 37354
20 2822
20 2823
20 2824
20 2826
20 37355
21 10
21 146
21 147
21 149
21 722
22 99
22 131
22 132
22 133
22 195
22 236
22 237
23 3
23 4
23 195
23 5512
23 5514
23 37356
24 9
24 10
24 11
24 13
24 37357
25 5
25 27
25 99
25 131
25 132
25 133
25 135
25 37358
26 3
26 5
26 20
26 317
26 37360
26 37361
27 10
27 146
27 147
27 149
27 37362
28 5
28 99
28 115
28 773
28 774
28 775
28 776
28 778
28 37363
29 3
29 5
29 20
29 20716
29 20718
29 37364
30 76
30 342
30 343
30 345
30 37365
31 5
31 99
31 115
31 773
31 774
31 775
31 776
31 778
31 37366
32 3
32 5
32 20
32 4345
32 4347
32 37367
33 9
33 10
33 11
33 13
33 37368
34 3
34 4
34 5
34 2613
34 2615
34 37369
35 76
35 342
35 343
35 345
35 37370
36 99
36 131
36 132
36 133
36 195
36 237
36 37371
37 3
37 20
37 195
37 3338
37 35545
37 37372
38 27
38 82
38 759
38 944
38 1463
38 37373
39 5
39 20
39 82
39 83
39 84
39 115
39 763
39 1002
39 37374
40 5
40 84
40 90
40 91
40 93
40 121
40 37376
40 37377
40 37378
41 243
41 244
41 245
41 247
41 37379
42 5
42 84
42 90
42 91
42 93
42 121
42 10796
42 36031
42 37380
43 76
43 342
43 343
43 345
43 37381
44 2822
44 2823
44 2824
44 2826
44 37382
45 10
45 146
45 147
45 149
45 722
46 99
46 131
46 132
46 133
46 195
46 236
46 237
47 3
47 4
47 195
47 340
47 5408
47 32064
47 37384
47 37385
48 4
48 195
48 202
48 322
48 324
48 37386
49 76
49 342
49 343
49 345
49 37387
50 4
50 195
50 202
50 340
50 33079
50 33081
50 37388
51 243
51 244
51 245
51 247
51 37389
52 4
52 195
52 202
52 8705
52 37391
52 37392
53 76
53 413
53 414
53 416
53 37393
54 3
54 5
54 20
54 71
54 11431
54 33027
54 37394
55 3
55 5
55 20
55 508
55 512
55 37395
56 71
56 76
56 190
56 191
56 37396
seqId 138
1 3
1 4
1 195
1 37398
1 37399
1 37400
1 37401
1 37402
2 75
2 76
2 77
2 79
2 37403
3 90
3 443
3 37405
3 37406
3 37407
4 99
4 131
4 132
4 133
4 195
4 237
4 37408
5 3
5 20
5 195
5 340
5 773
5 778
5 37410
6 9
6 10
6 11
6 13
6 37411
7 4
7 5
7 99
7 131
7 132
7 133
7 152
7 37412
8 3
8 4
8 5
8 33368
8 33370
8 37413
9 10
9 109
9 110
9 112
9 37414
10 3
10 5
10 20
10 34626
10 37416
10 37417
11 5
11 20
11 202
11 34349
11 37419
11 37420
12 10
12 378
12 379
12 381
12 37421
13 90
13 443
13 5661
13 31000
13 37422
14 3
14 5
14 20
14 10695
14 10697
14 37423
15 99
15 133
15 175
15 176
15 195
15 234
15 37424
16 3
16 20
16 195
16 33053
16 33055
16 37425
17 20
17 195
17 202
17 22675
17 33345
17 37426
18 76
18 433
18 434
18 436
18 37427
19 71
19 76
19 190
19 191
19 37428
seqId 139
1 10
1 109
1 876
1 878
1 6385
2 90
2 121
2 122
2 31304
2 37430
2 37431
3 99
3 131
3 132
3 133
3 195
3 237
3 37432
4 3
4 4
4 195
4 33173
4 33175
4 37433
5 10
5 828
5 829
5 831
5 37434
6 99
6 131
6 132
6 133
6 195
6 237
6 37435
7 3
7 4
7 195
7 340
7 35197
7 37437
7 37438
7 37439
8 76
8 413
8 414
8 416
8 37440
9 3
9 5
9 20
9 71
9 11431
9 33027
9 37441
10 508
10 509
10 510
10 512
10 37442
11 71
11 76
11 190
11 191
11 6398
seqId 140
1 3
1 4
1 5
1 3812
1 5804
1 11107
1 37444
1 37445
1 37446
2 9
2 10
2 11
2 13
2 37447
3 3
3 4
3 5
3 9819
3 16983
3 37059
3 37449
3 37450
4 10
4 378
4 379
4 381
4 37451
5 5
5 20
5 99
5 131
5 132
5 133
5 166
5 37452
6 3
6 5
6 20
6 24941
6 24943
6 37453
7 9
7 10
7 11
7 13
7 37454
8 4
8 5
8 99
8 131
8 132
8 133
8 152
8 37455
9 3
9 4
9 5
9 34878
9 34880
9 37456
10 76
10 433
10 434
10 436
10 37457
11 76
11 342
11 343
11 345
11 37458
12 5
12 20
12 99
12 131
12 132
12 133
12 166
12 37459
13 5
13 20
13 67
13 699
13 3213
13 5979
13 33380
13 33382
13 37460
14 5
14 84
14 90
14 91
14 92
14 93
14 5094
14 30223
14 37461
15 660
15 16882
15 16883
15 16885
15 37462
16 5
16 20
16 99
16 131
16 132
16 133
16 166
16 37463
17 3
17 5
17 20
17 16848
17 16850
17 37464
18 9
18 10
18 11
18 13
18 37465
19 5
19 99
19 115
19 773
19 774
19 775
19 776
19 778
19 37466
20 3
20 4
20 5
20 7615
20 7617
20 37467
21 4
21 5
21 202
21 37469
21 37470
21 37471
22 10
22 126
22 127
22 129
22 37472
23 99
23 133
23 175
23 176
23 195
23 234
23 37473
24 3
24 20
24 195
24 1684
24 1686
24 37474
25 20
25 195
25 202
25 4011
25 37476
25 37477
26 9
26 10
26 11
26 13
26 37478
27 5
27 27
27 99
27 131
27 132
27 133
27 135
27 37479
28 3
28 4
28 5
28 3268
28 3270
28 37480
29 4
29 5
29 202
29 1104
29 22675
29 22677
29 37481
30 76
30 413
30 414
30 416
30 37482
31 3
31 5
31 20
31 71
31 11431
31 33027
31 37483
32 3
32 5
32 20
32 508
32 512
32 37484
33 71
33 76
33 190
33 191
33 37485
seqId 141
1 3
1 5
1 20
1 33053
1 37487
1 37488
2 9
2 10
2 11
2 13
2 37489
3 4
3 5
3 99
3 131
3 132
3 133
3 152
3 37490
4 3
4 4
4 5
4 6713
4 6715
4 37491
5 230
5 231
5 232
5 234
5 37492
6 9
6 10
6 11
6 13
6 163
7 99
7 131
7 132
7 133
7 195
7 236
7 237
8 3
8 4
8 195
8 35420
8 37494
8 37495
9 9
9 10
9 11
9 13
9 37496
10 3
10 4
10 5
10 37498
10 37499
10 37500
11 76
11 433
11 434
11 436
11 37501
12 71
12 76
12 190
12 191
12 37502
seqId 142
1 4
1 5
1 99
1 131
1 132
1 133
1 811
1 37503
2 3
2 4
2 5
2 7999
2 8001
2 37504
3 9
3 10
3 11
3 13
3 6465
4 3
4 4
4 5
4 17809
4 17811
4 37505
5 9
5 10
5 11
5 13
5 37506
6 4
6 5
6 99
6 131
6 132
6 133
6 152
6 37507
7 3
7 4
7 5
7 37509
7 37510
7 37511
8 230
8 231
8 232
8 234
8 37512
9 9
9 10
9 11
9 13
9 163
10 99
10 131
10 132
10 133
10 195
10 236
10 237
11 3
11 4
11 195
11 340
11 33160
11 33162
11 37513
12 4
12 195
12 202
12 322
12 324
12 37514
13 243
13 244
13 245
13 247
13 37515
14 4
14 112
14 195
14 202
14 22675
14 34529
14 37516
15 5
15 84
15 90
15 91
15 93
15 121
15 28145
15 37518
15 37519
16 660
16 19655
16 19656
16 19658
16 37520
17 10
17 283
17 284
17 286
17 37521
18 5
18 20
18 99
18 131
18 132
18 133
18 166
18 37522
19 3
19 5
19 20
19 19603
19 19605
19 37523
20 5
20 20
20 202
20 5627
20 5629
20 37524
21 243
21 244
21 245
21 247
21 37525
22 10
22 109
22 112
22 2548
22 37526
23 660
23 1796
23 1797
23 1799
23 37527
24 27
24 944
24 945
24 1463
24 3308
24 37528
25 3
25 5
25 20
25 3937
25 37530
25 37531
26 9
26 10
26 11
26 13
26 37532
27 5
27 27
27 99
27 131
27 132
27 133
27 135
27 37533
28 3
28 4
28 5
28 4804
28 33065
28 37534
29 4
29 5
29 202
29 5627
29 19546
29 37535
30 76
30 342
30 343
30 345
30 37536
31 10
31 109
31 110
31 112
31 37537
32 3
32 5
32 20
32 36518
32 36520
32 37538
33 230
33 231
33 232
33 234
33 37539
34 9
34 10
34 11
34 13
34 163
35 99
35 131
35 132
35 133
35 195
35 236
35 237
36 3
36 20
36 195
36 29708
36 29972
36 37540
37 20
37 195
37 202
37 302
37 1655
37 37541
38 82
38 759
38 2852
38 2854
38 37542
39 99
39 131
39 132
39 133
39 195
39 237
39 37543
40 3
40 20
40 195
40 21902
40 21904
40 37544
41 158
41 159
41 160
41 162
41 37545
42 9
42 10
42 11
42 13
42 163
43 5
43 20
43 99
43 131
43 132
43 133
43 165
43 166
44 5
44 20
44 67
44 699
44 3213
44 5979
44 33380
44 33382
44 37546
45 84
45 91
45 93
45 121
45 195
45 703
45 707
45 1858
45 37547
46 3
46 4
46 5
46 6046
46 6048
46 37548
47 4
47 5
47 202
47 1104
47 14792
47 37550
47 37551
48 71
48 76
48 190
48 191
48 37552
seqId 143
1 4
1 5
1 82
1 83
1 84
1 115
1 763
1 4750
1 37553
2 5
2 84
2 90
2 91
2 93
2 121
2 9250
2 37555
2 37556
3 5
3 27
3 99
3 131
3 132
3 133
3 135
3 37557
4 3
4 4
4 5
4 17410
4 17412
4 37558
5 9
5 10
5 11
5 13
5 37559
6 3
6 20
6 195
6 2943
6 36731
6 37560
7 76
7 137
7 138
7 140
7 37561
8 20
8 195
8 202
8 37563
8 37564
8 37565
9 76
9 185
9 186
9 188
9 37566
10 243
10 244
10 245
10 247
10 37567
11 9
11 10
11 11
11 13
11 37568
12 3
12 4
12 195
12 8229
12 8231
12 37569
13 4
13 195
13 202
13 8882
13 26495
13 26497
13 28129
13 37571
13 37572
14 4
14 90
14 122
14 195
14 340
14 708
14 713
14 28383
14 37574
14 37575
15 10
15 828
15 829
15 831
15 37576
16 4
16 5
16 99
16 131
16 132
16 133
16 152
16 37577
17 3
17 4
17 5
17 37579
17 37580
17 37581
18 4
18 5
18 202
18 5627
18 19546
18 37582
19 76
19 342
19 343
19 345
19 37583
20 10
20 828
20 829
20 831
20 37584
21 99
21 133
21 175
21 176
21 195
21 234
21 37585
22 3
22 4
22 195
22 740
22 10380
22 37586
23 4
23 195
23 202
23 340
23 30488
23 37588
23 37589
24 243
24 244
24 245
24 247
24 37590
25 10
25 828
25 829
25 831
25 37591
26 99
26 133
26 175
26 176
26 195
26 234
26 37592
27 3
27 20
27 195
27 2943
27 36731
27 37593
28 20
28 195
28 202
28 37595
28 37596
28 37597
29 71
29 76
29 190
29 191
29 37598
seqId 144
1 4
1 5
1 82
1 83
1 84
1 115
1 763
1 4750
1 37599
2 5
2 84
2 90
2 91
2 93
2 121
2 37601
2 37602
2 37603
3 4
3 5
3 99
3 131
3 132
3 133
3 152
3 37604
4 3
4 4
4 5
4 37606
4 37607
4 37608
5 9
5 10
5 11
5 13
5 37609
6 4
6 195
6 202
6 795
6 3439
6 37610
7 3
7 4
7 195
7 10184
7 10186
7 37611
8 9
8 10
8 11
8 13
8 37612
9 3
9 4
9 5
9 5484
9 5486
9 37613
10 76
10 342
10 343
10 345
10 37614
11 4
11 90
11 122
11 195
11 340
11 708
11 713
11 7870
11 37616
11 37617
12 10
12 283
12 284
12 286
12 6603
13 13
13 99
13 133
13 175
13 176
13 195
13 6604
14 20
14 195
14 202
14 1888
14 1890
14 37618
15 3
15 20
15 195
15 272
15 6282
15 37619
16 90
16 121
16 122
16 37621
16 37622
16 37623
17 10
17 146
17 147
17 149
17 37624
18 4
18 5
18 99
18 131
18 132
18 133
18 152
18 37625
19 3
19 4
19 5
19 4884
19 4886
19 37626
20 9
20 10
20 11
20 13
20 37627
21 76
21 137
21 138
21 140
21 37628
22 5
22 27
22 99
22 131
22 132
22 133
22 135
22 37629
23 3
23 5
23 20
23 20716
23 20718
23 37630
24 76
24 185
24 186
24 188
24 37631
25 243
25 244
25 245
25 247
25 37632
26 4
26 5
26 99
26 131
26 132
26 133
26 152
26 37633
27 3
27 4
27 5
27 25624
27 25626
27 37634
28 9
28 10
28 11
28 13
28 37635
29 4
29 5
29 99
29 115
29 773
29 774
29 775
29 776
29 3330
29 37636
30 3
30 4
30 5
30 6713
30 6715
30 37637
31 71
31 76
31 190
31 191
31 37638
seqId 145
1 3
1 4
1 5
1 6713
1 37640
1 37641
2 82
2 759
2 944
2 948
2 37642
3 5
3 20
3 27
3 81
3 82
3 83
3 84
3 85
3 135
3 13403
3 37643
4 5
4 84
4 90
4 91
4 93
4 121
4 2081
4 2426
4 37644
5 90
5 443
5 1064
5 8149
5 37645
6 10
6 109
6 110
6 112
6 37646
7 3
7 5
7 20
7 10695
7 10697
7 37647
8 10
8 283
8 284
8 286
8 37648
9 99
9 133
9 175
9 176
9 195
9 234
9 37649
10 3
10 20
10 195
10 1866
10 10151
10 37650
11 243
11 244
11 245
11 247
11 37651
12 10
12 1387
12 1388
12 1390
12 37652
13 99
13 133
13 175
13 176
13 195
13 234
13 37653
14 3
14 4
14 195
14 33173
14 33175
14 37654
15 660
15 7237
15 10032
15 10034
15 37655
16 4
16 195
16 202
16 15601
16 15603
16 37656
17 76
17 342
17 343
17 345
17 37657
18 660
18 6695
18 6696
18 6698
18 37658
19 90
19 121
19 122
19 4288
19 33390
19 37659
20 26
20 27
20 99
20 133
20 175
20 176
20 195
20 37660
21 4
21 195
21 202
21 2294
21 3837
21 37661
22 3
22 4
22 195
22 8152
22 8154
22 37662
23 9
23 10
23 24
23 26
23 27
23 37663
24 3
24 4
24 5
24 7615
24 7617
24 37664
25 76
25 413
25 414
25 416
25 37665
26 3
26 5
26 20
26 71
26 11431
26 33027
26 37666
27 508
27 509
27 510
27 512
27 37667
28 71
28 76
28 190
28 191
28 37668
seqId 146
1 3
1 5
1 20
1 10672
1 32956
1 37670
2 5
2 20
2 202
2 623
2 625
2 626
2 37671
3 10
3 126
3 127
3 129
3 37672
4 99
4 131
4 132
4 133
4 195
4 237
4 37673
5 3
5 20
5 195
5 34458
5 37675
5 37676
6 20
6 195
6 202
6 37678
6 37679
6 37680
7 9
7 10
7 11
7 13
7 37681
8 4
8 5
8 99
8 131
8 132
8 133
8 152
8 37682
9 3
9 4
9 5
9 37684
9 37685
9 37686
10 243
10 244
10 245
10 247
10 37687
11 9
11 10
11 11
11 13
11 37688
12 4
12 5
12 99
12 131
12 132
12 133
12 152
12 37689
13 3
13 4
13 5
13 37691
13 37692
13 37693
14 76
14 37695
14 37696
14 37697
14 37698
15 3
15 37700
15 37701
15 37702
15 37703
15 37704
16 76
16 37706
16 37707
16 37708
16 37709
17 76
17 433
17 434
17 436
17 37710
18 71
18 76
18 190
18 191
18 37711
seqId 147
1 5
1 20
1 81
1 82
1 83
1 84
1 85
1 2423
1 37712
2 5
2 84
2 90
2 91
2 92
2 93
2 96
2 6971
2 12939
2 37713
3 660
3 6695
3 6696
3 6698
3 37714
4 75
4 76
4 77
4 79
4 37715
5 5
5 20
5 99
5 131
5 132
5 133
5 166
5 37716
6 3
6 5
6 20
6 272
6 894
6 37717
7 9
7 10
7 11
7 13
7 37718
8 4
8 5
8 99
8 131
8 132
8 133
8 152
8 37719
9 3
9 4
9 5
9 26985
9 26987
9 37720
10 76
10 342
10 343
10 345
10 37721
11 10
11 1387
11 1388
11 1390
11 37722
12 5
12 27
12 99
12 131
12 132
12 133
12 135
12 37723
13 3
13 4
13 5
13 9486
13 37725
13 37726
13 37727
14 230
14 231
14 232
14 234
14 37728
15 9
15 10
15 11
15 13
15 163
16 99
16 131
16 132
16 133
16 195
16 236
16 237
17 3
17 20
17 195
17 30488
17 30490
17 37729
18 243
18 244
18 245
18 247
18 37730
19 3
19 4
19 195
19 17178
19 37732
19 37733
20 9
20 10
20 24
20 26
20 27
20 37734
21 3
21 20
21 195
21 37736
21 37737
21 37738
22 9
22 10
22 11
22 13
22 37739
23 3
23 20
23 195
23 37741
23 37742
23 37743
24 10
24 283
24 284
24 286
24 37744
25 5
25 27
25 99
25 131
25 132
25 133
25 135
25 37745
26 3
26 4
26 5
26 9634
26 9636
26 37746
27 9
27 10
27 11
27 13
27 37747
28 3
28 4
28 195
28 3199
28 4859
28 37748
29 9
29 10
29 11
29 13
29 37749
30 3
30 4
30 5
30 26985
30 26987
30 37750
31 76
31 342
31 343
31 345
31 37751
32 10
32 34760
32 34761
32 34763
32 37752
33 99
33 131
33 132
33 133
33 195
33 237
33 37753
34 3
34 4
34 195
34 6950
34 6952
34 37754
35 4
35 90
35 122
35 195
35 708
35 713
35 23744
35 37756
35 37757
36 9
36 10
36 11
36 13
36 37758
37 76
37 137
37 138
37 140
37 37759
38 3
38 4
38 5
38 37761
38 37762
38 37763
39 4
39 5
39 202
39 33316
39 37765
39 37766
40 76
40 185
40 186
40 188
40 37767
41 76
41 413
41 414
41 416
41 37768
42 3
42 5
42 20
42 71
42 11431
42 33027
42 37769
43 508
43 509
43 510
43 512
43 37770
44 71
44 76
44 190
44 191
44 37771
seqId 148
1 3
1 4
1 5
1 31920
1 37773
1 37774
2 4
2 5
2 202
2 34330
2 34332
2 37775
3 76
3 137
3 138
3 140
3 37776
4 3
4 5
4 20
4 14727
4 37778
4 37779
4 37780
4 37781
4 37782
5 67
5 72
5 72
5 851
5 6985
5 37784
5 37785
5 37786
5 37787
5 37788
6 76
6 185
6 186
6 188
6 37789
7 76
7 433
7 434
7 436
7 37790
8 76
8 1267
8 1268
8 1270
8 37791
seqId 149
1 244
1 1249
1 1250
1 1252
1 37792
2 660
2 1622
2 1623
2 1625
2 37793
3 5
3 20
3 99
3 131
3 132
3 133
3 166
3 37794
4 3
4 5
4 20
4 272
4 894
4 37795
5 9
5 10
5 11
5 13
5 37796
6 5
6 27
6 99
6 131
6 132
6 133
6 135
6 37797
7 3
7 4
7 5
7 35089
7 35091
7 37798
8 76
8 413
8 414
8 416
8 37799
9 3
9 5
9 20
9 71
9 11431
9 33027
9 37800
10 3
10 20
10 508
10 512
10 37801
11 71
11 76
11 190
11 191
11 37802
seqId 150
1 3
1 4
1 36
1 195
1 36687
1 36688
1 37803
1 37804
2 3
2 4
2 195
2 340
2 30555
2 36691
2 37805
3 4
3 195
3 202
3 33164
3 33166
3 37806
4 1458
4 2717
4 36694
4 36696
4 37807
5 3
5 4
5 5
5 33277
5 33279
5 37808
6 4
6 5
6 202
6 36699
6 36701
6 37809
7 76
7 433
7 434
7 436
7 37810
8 76
8 342
8 343
8 345
8 37811
9 158
9 159
9 160
9 162
9 37812
10 9
10 10
10 11
10 13
10 163
11 5
11 20
11 99
11 131
11 132
11 133
11 165
11 166
12 3
12 5
12 20
12 2778
12 2780
12 37813
13 5
13 20
13 202
13 21271
13 21273
13 37815
14 76
14 413
14 414
14 416
14 37816
15 3
15 5
15 20
15 71
15 11431
15 33027
15 37817
16 3
16 5
16 20
16 508
16 512
16 37818
17 71
17 76
17 190
17 191
17 37819
18 3
18 4
18 5
18 22378
18 37821
18 37822
19 9
19 10
19 11
19 13
19 37823
20 4
20 5
20 99
20 131
20 132
20 133
20 152
20 37824
21 3
21 4
21 5
21 37077
21 37079
21 37825
22 76
22 433
22 434
22 436
22 37826
23 76
23 342
23 343
23 345
23 37827
24 244
24 418
24 419
24 421
24 37828
25 660
25 2509
25 2510
25 2512
25 37829
26 5
26 20
26 82
26 84
26 100
26 4680
26 7814
26 37830
27 9
27 10
27 11
27 13
27 37831
28 5
28 27
28 99
28 131
28 132
28 133
28 135
28 37832
29 3
29 4
29 5
29 36662
29 36664
29 37833
30 717
30 718
30 719
30 721
30 37834
31 10
31 146
31 147
31 149
31 722
32 5
32 20
32 99
32 131
32 132
32 133
32 165
32 166
33 3
33 5
33 20
33 33053
33 33917
33 37835
34 5
34 20
34 202
34 34863
34 34865
34 37836
35 76
35 413
35 414
35 416
35 37837
36 3
36 5
36 20
36 71
36 11431
36 33027
36 37838
37 508
37 509
37 510
37 512
37 37839
38 71
38 76
38 190
38 191
38 37840
seqId 151
1 3
1 5
1 20
1 479
1 3650
1 31839
1 37842
2 230
2 231
2 232
2 234
2 37843
3 9
3 10
3 11
3 13
3 163
4 99
4 131
4 132
4 133
4 195
4 236
4 237
5 3
5 4
5 195
5 3813
5 37845
5 37846
5 37847
6 4
6 195
6 202
6 340
6 30488
6 37589
6 37848
7 76
7 342
7 343
7 345
7 37849
8 3
8 4
8 5
8 5331
8 5333
8 37850
9 10
9 146
9 147
9 149
9 37851
10 5
10 27
10 99
10 131
10 132
10 133
10 135
10 37852
11 3
11 5
11 20
11 5458
11 8342
11 37853
12 67
12 204
12 37855
12 37856
12 37857
12 37858
12 37859
13 76
13 2265
13 2266
13 2268
13 37860
14 67
14 34231
14 37862
14 37863
14 37864
14 37865
15 76
15 433
15 434
15 436
15 37866
16 76
16 342
16 343
16 345
16 37867
17 71
17 509
17 25601
17 25602
17 25604
17 37868
seqId 152
1 99
1 131
1 132
1 133
1 195
1 1220
1 37869
2 3
2 20
2 195
2 10700
2 10702
2 37870
3 9
3 10
3 24
3 26
3 27
3 37871
4 3
4 4
4 5
4 44
4 621
4 37872
5 4
5 5
5 202
5 302
5 304
5 37873
6 82
6 84
6 114
6 115
6 116
6 1361
6 37874
7 84
7 90
7 91
7 93
7 121
7 195
7 28692
7 28694
7 37875
8 10
8 378
8 379
8 381
8 37876
9 90
9 443
9 1587
9 10385
9 34411
9 37877
10 5
10 27
10 99
10 131
10 132
10 133
10 135
10 37878
11 3
11 4
11 5
11 1784
11 10502
11 37879
12 243
12 244
12 245
12 247
12 37880
13 99
13 131
13 132
13 133
13 195
13 237
13 37881
14 3
14 4
14 195
14 36424
14 36426
14 37882
15 10
15 126
15 127
15 129
15 37883
16 99
16 131
16 132
16 133
16 195
16 237
16 37884
17 3
17 20
17 195
17 34626
17 34628
17 37885
18 76
18 342
18 343
18 345
18 37886
19 99
19 131
19 132
19 133
19 195
19 237
19 37887
20 3
20 20
20 195
20 3338
20 35545
20 37888
21 76
21 342
21 343
21 345
21 37889
22 99
22 131
22 132
22 133
22 195
22 237
22 37890
23 3
23 20
23 195
23 13358
23 13360
23 37891
24 9
24 10
24 11
24 13
24 37892
25 3
25 4
25 5
25 4228
25 13593
25 37893
26 243
26 244
26 245
26 247
26 37894
27 9
27 10
27 11
27 13
27 37895
28 3
28 4
28 5
28 6422
28 6424
28 37896
29 230
29 231
29 232
29 234
29 37897
30 9
30 10
30 11
30 13
30 163
31 99
31 131
31 132
31 133
31 195
31 236
31 237
32 3
32 20
32 195
32 13358
32 13360
32 37898
33 20
33 195
33 202
33 22675
33 33345
33 37899
34 71
34 76
34 190
34 191
34 37900
seqId 153
1 4
1 195
1 202
1 1377
1 37902
1 37903
2 98
2 99
2 100
2 195
2 2073
2 37904
3 3
3 4
3 44
3 195
3 37906
3 37907
4 27
4 82
4 84
4 114
4 115
4 116
4 118
4 37908
5 84
5 90
5 91
5 93
5 121
5 195
5 17979
5 37910
5 37911
5 37912
6 660
6 1377
6 6485
6 6487
6 37913
7 660
7 17966
7 17967
7 17969
7 37914
8 4
8 195
8 202
8 3954
8 35317
8 37915
9 10
9 378
9 379
9 381
9 37916
10 90
10 443
10 31304
10 31306
10 37917
11 10
11 126
11 127
11 129
11 6959
12 99
12 131
12 132
12 133
12 195
12 237
12 37918
13 3
13 20
13 195
13 13025
13 13027
13 37919
14 9
14 10
14 24
14 26
14 27
14 37920
15 3
15 4
15 5
15 37922
15 37923
15 37924
16 243
16 244
16 245
16 247
16 37925
17 9
17 10
17 24
17 26
17 27
17 37926
18 3
18 5
18 20
18 37928
18 37929
18 37930
19 230
19 231
19 232
19 234
19 37931
20 9
20 10
20 11
20 13
20 163
21 99
21 131
21 132
21 133
21 195
21 236
21 237
22 3
22 20
22 195
22 37933
22 37934
22 37935
23 243
23 244
23 245
23 247
23 37936
24 158
24 159
24 160
24 162
24 37937
25 9
25 10
25 11
25 13
25 163
26 5
26 20
26 99
26 131
26 132
26 133
26 165
26 166
27 3
27 5
27 20
27 37939
27 37940
27 37941
28 76
28 413
28 414
28 416
28 37942
29 3
29 5
29 20
29 71
29 11431
29 33027
29 37943
30 3
30 5
30 20
30 508
30 512
30 37944
31 71
31 76
31 190
31 191
31 37945
32 3
32 5
32 20
32 10672
32 32956
32 37946
33 9
33 10
33 11
33 13
33 37947
34 3
34 4
34 5
34 15
34 5937
34 37948
35 10
35 283
35 284
35 286
35 37949
36 5
36 20
36 99
36 131
36 132
36 133
36 166
36 37950
37 3
37 5
37 20
37 951
37 37952
37 37953
38 9
38 10
38 11
38 13
38 37954
39 5
39 27
39 99
39 131
39 132
39 133
39 135
39 37955
40 5
40 67
40 37957
40 37958
40 37959
41 10
41 109
41 110
41 112
41 37960
42 67
42 37962
42 37963
42 37964
42 37965
43 76
43 1267
43 1268
43 1270
43 37966
44 67
44 72
44 15159
44 34983
44 34984
44 34986
44 34987
44 37967
45 76
45 433
45 434
45 436
45 37968
46 71
46 76
46 190
46 191
46 37969
seqId 154
1 98
1 99
1 100
1 195
1 8870
1 37970
2 3
2 4
2 195
2 33489
2 34524
2 37971
3 4
3 195
3 202
3 6756
3 37973
3 37974
3 37975
3 37976
4 84
4 90
4 91
4 93
4 121
4 195
4 26497
4 35334
4 37978
4 37979
5 13
5 99
5 133
5 175
5 176
5 195
5 37980
6 4
6 195
6 202
6 795
6 3439
6 37981
7 3
7 4
7 195
7 8152
7 8154
7 37982
8 9
8 10
8 24
8 26
8 27
8 37983
9 3
9 4
9 5
9 7615
9 7617
9 37984
10 76
10 342
10 343
10 345
10 37985
11 244
11 15672
11 15673
11 15675
11 37986
12 9
12 10
12 11
12 13
12 37987
13 20
13 195
13 202
13 795
13 2446
13 37988
14 3
14 20
14 195
14 34458
14 37676
14 37989
15 76
15 413
15 414
15 416
15 37990
16 3
16 5
16 20
16 71
16 11431
16 33027
16 37991
17 508
17 509
17 510
17 512
17 37992
18 71
18 76
18 190
18 191
18 37993
seqId 155
1 3
1 4
1 5
1 3268
1 5994
1 37994
2 9
2 10
2 11
2 13
2 37995
3 4
3 5
3 99
3 131
3 132
3 133
3 152
3 37996
4 3
4 4
4 5
4 37998
4 37999
4 38000
5 4
5 5
5 202
5 1695
5 38002
5 38003
6 10
6 828
6 829
6 831
6 38004
7 4
7 5
7 99
7 133
7 175
7 176
7 178
7 38005
8 3
8 4
8 5
8 33173
8 33763
8 38006
9 3
9 5
9 20
9 72
9 3340
9 38008
9 38009
9 38010
9 38011
10 243
10 244
10 245
10 247
10 38012
11 3
11 4
11 72
11 195
11 38014
11 38015
11 38016
11 38017
12 76
12 1267
12 1268
12 1270
12 38018
13 3
13 4
13 5
13 19879
13 38020
13 38021
14 9
14 10
14 24
14 26
14 27
14 38022
15 3
15 4
15 5
15 44
15 621
15 38023
16 4
16 5
16 72
16 202
16 6754
16 6756
16 6757
16 38024
17 230
17 231
17 232
17 234
17 38025
18 9
18 10
18 11
18 13
18 163
19 99
19 131
19 132
19 133
19 195
19 236
19 237
20 3
20 20
20 195
20 3338
20 35545
20 38026
21 243
21 244
21 245
21 247
21 38027
22 230
22 231
22 232
22 234
22 38028
23 9
23 10
23 11
23 13
23 163
24 99
24 131
24 132
24 133
24 195
24 236
24 237
25 3
25 20
25 195
25 340
25 24976
25 24978
25 38030
26 20
26 195
26 202
26 8705
26 8707
26 38031
27 243
27 244
27 245
27 247
27 38032
28 20
28 195
28 202
28 5273
28 5667
28 38033
29 76
29 433
29 434
29 436
29 38034
30 71
30 76
30 190
30 191
30 38035
seqId 156
1 98
1 99
1 100
1 195
1 7075
1 8870
2 3
2 4
2 195
2 35988
2 35990
2 38036
3 84
3 90
3 91
3 93
3 121
3 195
3 1345
3 38038
3 38039
4 10
4 109
4 110
4 112
4 38040
5 3
5 5
5 20
5 24116
5 24118
5 38041
6 5
6 20
6 99
6 133
6 175
6 176
6 1316
6 38042
7 3
7 5
7 20
7 38044
7 38045
7 38046
8 9
8 10
8 11
8 13
8 38047
9 4
9 5
9 99
9 131
9 132
9 133
9 152
9 38048
10 3
10 4
10 5
10 38050
10 38051
10 38052
11 230
11 231
11 232
11 234
11 38053
12 9
12 10
12 11
12 13
12 163
13 99
13 131
13 132
13 133
13 195
13 236
13 237
14 3
14 20
14 195
14 12137
14 22765
14 38054
15 20
15 195
15 202
15 322
15 357
15 38055
16 243
16 244
16 245
16 247
16 38056
17 5
17 20
17 99
17 131
17 132
17 133
17 166
17 38057
18 3
18 5
18 20
18 3650
18 3652
18 38058
19 230
19 231
19 232
19 234
19 38059
20 9
20 10
20 11
20 13
20 163
21 99
21 131
21 132
21 133
21 195
21 236
21 237
22 3
22 4
22 195
22 36424
22 36426
22 38060
23 10
23 126
23 127
23 129
23 38061
24 5
24 27
24 99
24 131
24 132
24 133
24 135
24 38062
25 3
25 5
25 20
25 8688
25 8690
25 38063
26 2822
26 2823
26 2824
26 2826
26 38064
27 10
27 146
27 147
27 149
27 722
28 99
28 131
28 132
28 133
28 195
28 236
28 237
29 3
29 4
29 195
29 2738
29 2740
29 38065
30 76
30 342
30 343
30 345
30 38066
31 2822
31 2823
31 2824
31 2826
31 38067
32 10
32 146
32 147
32 149
32 722
33 99
33 131
33 132
33 133
33 195
33 236
33 237
34 3
34 20
34 195
34 340
34 3768
34 3771
34 38068
35 243
35 244
35 245
35 247
35 38069
36 2822
36 2823
36 2824
36 2826
36 38070
37 10
37 146
37 147
37 149
37 722
38 99
38 131
38 132
38 133
38 195
38 236
38 237
39 3
39 20
39 195
39 14392
39 18598
39 38071
40 76
40 342
40 343
40 345
40 38072
41 20
41 195
41 202
41 6111
41 9710
41 38073
42 5
42 20
42 99
42 131
42 132
42 133
42 166
42 38074
43 3
43 5
43 20
43 15294
43 15296
43 38075
44 76
44 342
44 343
44 345
44 38076
45 99
45 131
45 132
45 133
45 195
45 237
45 38077
46 3
46 20
46 195
46 37741
46 37743
46 38078
47 76
47 342
47 343
47 345
47 38079
48 4
48 5
48 99
48 131
48 132
48 133
48 152
48 38080
49 3
49 4
49 5
49 8050
49 8052
49 38081
50 76
50 342
50 343
50 345
50 38082
51 5
51 99
51 131
51 132
51 133
51 135
51 171
51 38083
52 3
52 4
52 5
52 38085
52 38086
52 38087
53 76
53 342
53 343
53 345
53 38088
54 4
54 5
54 99
54 131
54 132
54 133
54 152
54 38089
55 3
55 4
55 5
55 33368
55 33370
55 38090
56 76
56 25774
56 25775
56 25777
56 38091
seqId 157
1 82
1 83
1 115
1 195
1 4940
1 4941
1 4943
1 38092
2 90
2 91
2 92
2 93
2 195
2 702
2 4941
2 38094
2 38095
3 10
3 146
3 147
3 149
3 38096
4 90
4 443
4 1587
4 10385
4 34411
4 38097
5 99
5 131
5 132
5 133
5 195
5 237
5 38098
6 4
6 195
6 202
6 795
6 3439
6 38099
7 3
7 4
7 195
7 8152
7 8154
7 38100
8 9
8 10
8 24
8 26
8 27
8 38101
9 3
9 5
9 20
9 8688
9 8690
9 38102
10 2822
10 2823
10 2824
10 2826
10 38103
11 10
11 146
11 147
11 149
11 722
12 99
12 131
12 132
12 133
12 195
12 236
12 237
13 3
13 20
13 195
13 14392
13 18598
13 38104
14 20
14 195
14 202
14 35387
14 38106
14 38107
15 76
15 413
15 414
15 416
15 38108
16 3
16 5
16 20
16 71
16 11431
16 33027
16 38109
17 3
17 5
17 20
17 508
17 512
17 38110
18 71
18 76
18 190
18 191
18 7161
19 3
19 4
19 15
19 195
19 4121
19 38111
20 10
20 126
20 127
20 129
20 38112
21 5
21 27
21 99
21 131
21 132
21 133
21 135
21 38113
22 3
22 4
22 5
22 38115
22 38116
22 38117
23 10
23 109
23 110
23 112
23 38118
24 67
24 38120
24 38121
24 38122
24 38123
25 76
25 433
25 434
25 436
25 38124
26 76
26 342
26 343
26 345
26 38125
27 2822
27 2823
27 2824
27 2826
27 38126
28 10
28 146
28 147
28 149
28 722
29 99
29 131
29 132
29 133
29 195
29 236
29 237
30 3
30 20
30 195
30 14392
30 18598
30 38127
31 20
31 195
31 202
31 322
31 357
31 38128
32 243
32 244
32 245
32 247
32 38129
33 10
33 146
33 147
33 149
33 38130
34 4
34 5
34 99
34 131
34 132
34 133
34 152
34 38131
35 3
35 4
35 5
35 26985
35 26987
35 38132
36 76
36 413
36 414
36 416
36 38133
37 3
37 5
37 20
37 71
37 11431
37 33027
37 38134
38 3
38 5
38 20
38 508
38 512
38 38135
39 71
39 76
39 190
39 191
39 38136
40 3
40 20
40 195
40 10672
40 17040
40 38137
41 10
41 126
41 127
41 129
41 38138
42 99
42 131
42 132
42 133
42 195
42 237
42 38139
43 3
43 4
43 195
43 5951
43 5953
43 38140
44 4
44 195
44 202
44 34330
44 35733
44 38141
45 244
45 418
45 419
45 421
45 38142
46 4
46 195
46 202
46 2787
46 6756
46 38144
46 38145
46 38146
46 38147
46 38148
47 9
47 10
47 11
47 13
47 7214
48 3
48 4
48 5
48 26985
48 26987
48 38149
49 243
49 244
49 245
49 247
49 38150
50 9
50 10
50 11
50 13
50 38151
51 3
51 4
51 5
51 38153
51 38154
51 38155
52 76
52 433
52 434
52 436
52 38156
53 76
53 342
53 343
53 345
53 38157
54 244
54 1249
54 1250
54 1252
54 38158
55 660
55 1622
55 1623
55 1625
55 38159
56 99
56 131
56 132
56 133
56 195
56 237
56 38160
57 3
57 4
57 195
57 8152
57 8154
57 38161
58 9
58 10
58 11
58 13
58 38162
59 3
59 4
59 5
59 30045
59 30132
59 38164
59 38165
59 38166
60 4
60 90
60 122
60 195
60 708
60 713
60 2787
60 29261
60 38168
60 38169
61 10
61 828
61 829
61 831
61 38170
62 4
62 5
62 99
62 133
62 175
62 176
62 178
62 38171
63 3
63 4
63 5
63 38173
63 38174
63 38175
63 38176
64 10
64 1605
64 1606
64 1608
64 38177
65 3
65 5
65 20
65 1320
65 1322
65 38178
66 76
66 342
66 343
66 345
66 38179
67 3
67 5
67 20
67 38181
67 38182
67 38183
68 243
68 244
68 245
68 247
68 38184
69 3
69 5
69 20
69 38186
69 38187
69 38188
70 76
70 413
70 414
70 416
70 38189
71 3
71 5
71 20
71 71
71 11431
71 33027
71 38190
72 508
72 509
72 510
72 512
72 38191
73 71
73 76
73 190
73 191
73 38192
seqId 158
1 3
1 4
1 195
1 340
1 34792
1 38194
1 38195
1 38196
1 38197
2 9
2 10
2 24
2 26
2 27
2 38198
3 3
3 4
3 195
3 897
3 3520
3 38199
4 243
4 244
4 245
4 247
4 38200
5 9
5 10
5 24
5 26
5 27
5 38201
6 3
6 5
6 20
6 38181
6 38183
6 38202
7 76
7 342
7 343
7 345
7 38203
8 3
8 4
8 5
8 38205
8 38206
8 38207
9 9
9 10
9 24
9 26
9 27
9 38208
10 5
10 20
10 99
10 133
10 175
10 176
10 1316
10 38209
11 3
11 5
11 20
11 34424
11 34426
11 38210
12 5
12 20
12 202
12 38212
12 38213
12 38214
13 76
13 2911
13 2912
13 2914
13 38215
14 76
14 433
14 434
14 436
14 38216
15 71
15 76
15 190
15 191
15 38217
seqId 159
1 10
1 828
1 1336
1 38218
1 38219
2 5
2 99
2 115
2 773
2 775
2 776
2 2192
2 3593
2 38220
3 3
3 4
3 5
3 38222
3 38223
3 38224
4 243
4 244
4 245
4 247
4 38225
5 99
5 131
5 132
5 133
5 195
5 237
5 38226
6 3
6 20
6 195
6 21934
6 21936
6 38227
7 9
7 10
7 11
7 13
7 38228
8 3
8 4
8 5
8 25624
8 25626
8 38229
9 27
9 82
9 759
9 944
9 1463
9 38230
10 20
10 82
10 83
10 84
10 115
10 195
10 1824
10 1826
10 38231
11 84
11 90
11 91
11 93
11 121
11 195
11 29504
11 38233
11 38234
12 76
12 342
12 343
12 345
12 38235
13 99
13 131
13 132
13 133
13 195
13 237
13 38236
14 3
14 20
14 195
14 33911
14 33913
14 38237
15 9
15 10
15 24
15 26
15 27
15 38238
16 3
16 4
16 5
16 38115
16 38117
16 38239
17 76
17 342
17 343
17 345
17 38240
18 660
18 6695
18 6696
18 6698
18 38241
19 10
19 283
19 284
19 286
19 38242
20 13
20 99
20 133
20 175
20 176
20 195
20 38243
21 4
21 195
21 202
21 7021
21 38245
21 38246
22 3
22 4
22 195
22 340
22 7320
22 38248
22 38249
23 158
23 159
23 160
23 162
23 7322
24 9
24 10
24 11
24 13
24 163
25 5
25 20
25 99
25 131
25 132
25 133
25 165
25 166
26 3
26 5
26 20
26 38251
26 38252
26 38253
27 243
27 244
27 245
27 247
27 38254
28 10
28 283
28 284
28 286
28 38255
29 99
29 115
29 195
29 773
29 775
29 776
29 2192
29 2194
29 38256
30 3
30 4
30 195
30 340
30 38258
30 38259
30 38260
31 76
31 342
31 343
31 345
31 38261
32 84
32 90
32 91
32 92
32 93
32 195
32 1509
32 26497
32 36186
32 38263
33 660
33 2509
33 2510
33 2512
33 38264
34 99
34 133
34 175
34 176
34 195
34 234
34 38265
35 3
35 20
35 195
35 36672
35 36674
35 38266
36 9
36 10
36 11
36 13
36 38267
37 3
37 20
37 195
37 12983
37 23115
37 38268
38 10
38 109
38 110
38 112
38 38269
39 3
39 4
39 5
39 4550
39 8014
39 38270
40 4
40 5
40 202
40 33316
40 37766
40 38271
41 76
41 342
41 343
41 345
41 38272
42 4
42 5
42 202
42 38274
42 38275
42 38276
43 76
43 342
43 343
43 345
43 38277
44 4
44 5
44 202
44 29346
44 29348
44 38278
45 76
45 342
45 343
45 345
45 38279
46 9
46 10
46 26
46 27
46 2548
46 38280
47 82
47 759
47 5284
47 5286
47 38281
48 5
48 27
48 99
48 131
48 132
48 133
48 135
48 38282
49 3
49 4
49 5
49 14541
49 14543
49 38283
50 82
50 758
50 759
50 761
50 38284
51 5
51 84
51 91
51 92
51 93
51 703
51 707
51 16563
51 38285
52 4
52 5
52 90
52 122
52 708
52 713
52 5094
52 5096
52 38286
53 10
53 283
53 284
53 286
53 38287
54 99
54 133
54 175
54 176
54 195
54 234
54 38288
55 3
55 20
55 195
55 17780
55 27594
55 38289
56 76
56 413
56 414
56 416
56 38290
57 3
57 5
57 20
57 71
57 11431
57 33027
57 38291
58 71
58 509
58 512
58 38293
58 38294
58 38295
59 67
59 1259
59 33013
59 38297
59 38298
59 38299
59 38300
59 38301
60 76
60 433
60 434
60 436
60 38302
61 71
61 76
61 190
61 191
61 38303
seqId 160
1 5
1 27
1 99
1 131
1 132
1 133
1 699
1 38304
2 3
2 5
2 20
2 3937
2 37531
2 38305
3 9
3 10
3 11
3 13
3 7377
4 4
4 5
4 99
4 131
4 132
4 133
4 152
4 38306
5 3
5 4
5 5
5 4228
5 13593
5 38307
6 230
6 231
6 232
6 234
6 38308
7 9
7 10
7 11
7 13
7 163
8 99
8 131
8 132
8 133
8 195
8 236
8 237
9 3
9 4
9 195
9 38310
9 38311
9 38312
10 243
10 244
10 245
10 247
10 38313
11 5
11 20
11 82
11 84
11 100
11 4680
11 7814
11 38314
12 9
12 10
12 11
12 13
12 38315
13 5
13 27
13 99
13 131
13 132
13 133
13 135
13 38316
14 3
14 5
14 20
14 8688
14 8690
14 38317
15 10
15 146
15 147
15 149
15 38318
16 5
16 27
16 99
16 131
16 132
16 133
16 135
16 38319
17 3
17 4
17 5
17 35420
17 35422
17 38320
18 76
18 342
18 343
18 345
18 38321
19 2822
19 2823
19 2824
19 2826
19 38322
20 10
20 146
20 147
20 149
20 722
21 99
21 131
21 132
21 133
21 195
21 236
21 237
22 3
22 20
22 195
22 17780
22 27594
22 38323
23 9
23 10
23 24
23 26
23 27
23 38324
24 3
24 5
24 20
24 38326
24 38327
24 38328
25 76
25 342
25 343
25 345
25 38329
26 2822
26 2823
26 2824
26 2826
26 38330
27 10
27 146
27 147
27 149
27 722
28 99
28 131
28 132
28 133
28 195
28 236
28 237
29 3
29 20
29 195
29 38332
29 38333
29 38334
30 76
30 342
30 343
30 345
30 38335
31 244
31 1249
31 1250
31 1252
31 38336
32 660
32 1622
32 1623
32 1625
32 38337
33 2822
33 2823
33 2824
33 2826
33 38338
34 10
34 146
34 147
34 149
34 722
35 99
35 131
35 132
35 133
35 195
35 236
35 237
36 3
36 20
36 195
36 13358
36 13360
36 38339
37 20
37 195
37 202
37 33316
37 33318
37 38340
38 243
38 244
38 245
38 247
38 38341
39 20
39 195
39 202
39 322
39 357
39 38342
40 76
40 413
40 414
40 416
40 38343
41 3
41 5
41 20
41 71
41 11431
41 33027
41 38344
42 508
42 509
42 510
42 512
42 38345
43 71
43 76
43 190
43 191
43 38346
seqId 161
1 67
1 72
1 204
1 6746
1 37859
1 38348
1 38349
1 38350
1 38351
1 38352
2 76
2 37695
2 37696
2 37698
2 38353
3 67
3 204
3 5933
3 8684
3 11726
3 38355
3 38356
3 38357
3 38358
4 10
4 378
4 379
4 381
4 38359
5 5
5 27
5 99
5 131
5 132
5 133
5 135
5 38360
6 3
6 4
6 5
6 10652
6 38362
6 38363
6 38364
7 76
7 342
7 343
7 345
7 38365
8 5
8 27
8 99
8 131
8 132
8 133
8 135
8 38366
9 3
9 5
9 20
9 20716
9 31833
9 38368
9 38369
9 38370
10 243
10 244
10 245
10 247
10 38371
11 4
11 5
11 99
11 131
11 132
11 133
11 152
11 38372
12 3
12 4
12 5
12 26985
12 33312
12 38373
13 10
13 283
13 284
13 286
13 38374
14 4
14 5
14 99
14 131
14 132
14 133
14 152
14 38375
15 3
15 4
15 5
15 38377
15 38378
15 38379
16 76
16 37706
16 37707
16 37709
16 38380
17 76
17 433
17 434
17 436
17 38381
18 76
18 342
18 343
18 345
18 38382
19 71
19 509
19 25601
19 25602
19 25604
19 38383
20 84
20 90
20 91
20 93
20 121
20 195
20 1509
20 1511
20 38384
21 5
21 20
21 99
21 133
21 175
21 176
21 1316
21 38385
22 3
22 5
22 20
22 21934
22 29539
22 38386
23 10
23 378
23 379
23 381
23 38387
24 99
24 131
24 132
24 133
24 195
24 237
24 38388
25 3
25 20
25 195
25 13358
25 13360
25 38389
26 9
26 10
26 11
26 13
26 38390
27 3
27 4
27 5
27 5484
27 5486
27 38391
28 4
28 5
28 202
28 35387
28 36351
28 38392
29 76
29 413
29 414
29 416
29 38393
30 3
30 5
30 20
30 71
30 11431
30 33027
30 38394
31 508
31 509
31 510
31 512
31 38395
32 71
32 76
32 190
32 191
32 38396
seqId 162
1 3
1 4
1 5
1 14541
1 38398
1 38399
1 38400
2 10
2 283
2 284
2 286
2 38401
3 99
3 131
3 132
3 133
3 195
3 237
3 38402
4 3
4 20
4 195
4 3386
4 3388
4 38403
5 5
5 20
5 202
5 6111
5 6113
5 38404
6 67
6 72
6 340
6 9565
6 28807
6 38406
6 38407
6 38408
6 38409
7 76
7 342
7 343
7 345
7 38410
8 3
8 4
8 5
8 22378
8 37822
8 38411
9 9
9 10
9 11
9 13
9 38412
10 4
10 5
10 99
10 131
10 132
10 133
10 152
10 38413
11 3
11 4
11 5
11 37077
11 37079
11 38414
12 76
12 342
12 343
12 345
12 38415
13 71
13 509
13 25601
13 25602
13 25604
13 38416
14 76
14 433
14 434
14 436
14 38417
15 71
15 76
15 190
15 191
15 38418
seqId 163
1 5
1 20
1 82
1 83
1 84
1 115
1 763
1 3948
1 38419
2 82
2 83
2 84
2 109
2 112
2 115
2 38420
3 5
3 84
3 91
3 93
3 121
3 703
3 707
3 956
3 38421
4 9
4 10
4 13
4 1539
4 38422
5 660
5 2310
5 2311
5 2313
5 38423
6 9
6 10
6 11
6 13
6 38424
7 5
7 27
7 99
7 131
7 132
7 133
7 135
7 38425
8 3
8 5
8 20
8 8688
8 8690
8 38426
9 717
9 718
9 719
9 721
9 38427
10 10
10 146
10 147
10 149
10 722
11 5
11 20
11 99
11 131
11 132
11 133
11 165
11 166
12 3
12 5
12 20
12 37939
12 37941
12 38428
13 76
13 342
13 343
13 345
13 38429
14 5
14 20
14 90
14 122
14 708
14 713
14 3541
14 3543
14 38430
15 10
15 828
15 829
15 831
15 38431
16 13
16 99
16 133
16 175
16 176
16 195
16 38432
17 4
17 195
17 202
17 25646
17 25648
17 38433
18 3
18 4
18 162
18 195
18 340
18 33143
18 38435
18 38436
19 4
19 195
19 202
19 322
19 324
19 38437
20 243
20 244
20 245
20 247
20 38438
21 4
21 195
21 202
21 340
21 33079
21 33081
21 38439
22 76
22 413
22 414
22 416
22 38440
23 3
23 5
23 20
23 71
23 11431
23 33027
23 38441
24 3
24 5
24 20
24 508
24 512
24 38442
25 71
25 76
25 190
25 191
25 38443
26 3
26 20
26 195
26 10672
26 17040
26 38444
27 10
27 126
27 127
27 129
27 38445
28 5
28 27
28 99
28 131
28 132
28 133
28 135
28 38446
29 3
29 4
29 5
29 37922
29 37924
29 38447
30 230
30 231
30 232
30 234
30 38448
31 9
31 10
31 11
31 13
31 163
32 99
32 131
32 132
32 133
32 195
32 236
32 237
33 3
33 4
33 195
33 35207
33 38450
33 38451
34 10
34 283
34 284
34 286
34 38452
35 20
35 85
35 99
35 195
35 2075
35 2077
35 38453
36 3
36 20
36 195
36 33272
36 33274
36 38454
37 230
37 231
37 232
37 234
37 38455
38 9
38 10
38 11
38 13
38 163
39 99
39 131
39 132
39 133
39 195
39 236
39 237
40 67
40 195
40 340
40 38253
40 38457
40 38458
41 76
41 433
41 434
41 436
41 38459
42 71
42 76
42 190
42 191
42 38460
seqId 164
1 5
1 20
1 27
1 36
1 82
1 84
1 98
1 100
1 38461
2 5
2 84
2 91
2 93
2 121
2 703
2 707
2 956
2 38462
3 660
3 976
3 977
3 979
3 38463
4 27
4 944
4 945
4 1463
4 3308
4 38464
5 5
5 20
5 82
5 83
5 84
5 115
5 763
5 1002
5 38465
6 5
6 84
6 90
6 91
6 92
6 93
6 5045
6 5047
6 38466
7 9
7 10
7 11
7 13
7 38467
8 90
8 443
8 4190
8 4192
8 38468
9 5
9 20
9 99
9 133
9 175
9 176
9 1316
9 38469
10 3
10 5
10 20
10 13338
10 13340
10 38470
11 5
11 20
11 202
11 8917
11 8919
11 38471
12 10
12 126
12 127
12 129
12 38472
13 99
13 131
13 132
13 133
13 195
13 237
13 38473
14 3
14 20
14 195
14 8688
14 8690
14 38474
15 10
15 146
15 147
15 149
15 38475
16 4
16 5
16 99
16 131
16 132
16 133
16 152
16 38476
17 3
17 4
17 5
17 33368
17 33370
17 38477
18 76
18 413
18 414
18 416
18 38478
19 3
19 5
19 20
19 71
19 7561
19 11431
19 33027
20 3
20 5
20 20
20 508
20 512
20 38479
21 71
21 76
21 190
21 191
21 38480
seqId 165
1 99
1 131
1 132
1 133
1 195
1 1220
1 38481
2 3
2 4
2 195
2 38483
2 38484
2 38485
3 230
3 231
3 232
3 234
3 38486
4 9
4 10
4 11
4 13
4 163
5 99
5 131
5 132
5 133
5 195
5 236
5 237
6 3
6 20
6 195
6 3338
6 35545
6 38487
7 20
7 195
7 202
7 8705
7 8707
7 38488
8 20
8 195
8 202
8 29346
8 38490
8 38491
9 76
9 433
9 434
9 436
9 38492
10 243
10 244
10 245
10 247
10 38493
11 99
11 131
11 132
11 133
11 195
11 237
11 38494
12 3
12 4
12 195
12 10184
12 10186
12 38495
13 9
13 10
13 11
13 13
13 38496
14 4
14 5
14 99
14 115
14 773
14 774
14 775
14 776
14 3330
14 38497
15 3
15 4
15 5
15 38499
15 38500
15 38501
16 76
16 342
16 343
16 345
16 38502
17 9
17 10
17 11
17 13
17 38503
18 4
18 5
18 99
18 115
18 773
18 774
18 775
18 776
18 3330
18 38504
19 3
19 4
19 5
19 30045
19 38506
19 38507
19 38508
19 38509
20 76
20 342
20 343
20 345
20 38510
21 660
21 6695
21 6696
21 6698
21 38511
22 10
22 1387
22 1388
22 1390
22 38512
23 4
23 5
23 99
23 131
23 132
23 133
23 152
23 38513
24 3
24 4
24 5
24 13389
24 13391
24 38514
25 158
25 159
25 160
25 162
25 38515
26 9
26 10
26 11
26 13
26 163
27 5
27 20
27 99
27 131
27 132
27 133
27 165
27 166
28 3
28 5
28 20
28 38517
28 38518
28 38519
29 230
29 231
29 232
29 234
29 38520
30 9
30 10
30 11
30 13
30 163
31 99
31 131
31 132
31 133
31 195
31 236
31 237
32 76
32 137
32 138
32 140
32 38521
33 3
33 20
33 195
33 14392
33 18598
33 38522
34 20
34 195
34 202
34 340
34 340
34 5026
34 11542
34 22553
34 38524
34 38525
34 38526
35 76
35 185
35 186
35 188
35 38527
36 76
36 413
36 414
36 416
36 38528
37 3
37 5
37 20
37 71
37 11431
37 33027
37 38529
38 508
38 509
38 510
38 512
38 38530
39 71
39 76
39 190
39 191
39 38531
seqId 166
1 3
1 5
1 20
1 16848
1 38533
1 38534
2 9
2 10
2 24
2 26
2 27
2 38535
3 3
3 20
3 195
3 34458
3 37676
3 38536
4 3
4 2548
4 6896
4 6898
4 38537
5 717
5 718
5 719
5 721
5 38538
6 10
6 146
6 147
6 149
6 722
7 5
7 20
7 99
7 131
7 132
7 133
7 165
7 166
8 3
8 5
8 20
8 10672
8 10674
8 38539
9 64
9 67
9 38541
9 38542
9 38543
9 38544
9 38545
10 76
10 433
10 434
10 436
10 38546
11 660
11 976
11 979
11 1458
11 38547
12 944
12 945
12 946
12 948
12 38548
13 10
13 126
13 127
13 129
13 38549
14 5
14 27
14 99
14 131
14 132
14 133
14 135
14 38550
15 3
15 4
15 5
15 38552
15 38553
15 38554
16 230
16 231
16 232
16 234
16 38555
17 9
17 10
17 11
17 13
17 163
18 99
18 131
18 132
18 133
18 195
18 236
18 237
19 3
19 4
19 195
19 5951
19 5953
19 38556
20 4
20 72
20 195
20 202
20 340
20 4703
20 6756
20 33921
20 36182
20 38557
21 71
21 76
21 190
21 191
21 38558
seqId 167
1 4
1 5
1 99
1 131
1 132
1 133
1 811
1 38559
2 3
2 4
2 5
2 38561
2 38562
2 38563
3 230
3 231
3 232
3 234
3 38564
4 9
4 10
4 11
4 13
4 163
5 99
5 131
5 132
5 133
5 195
5 236
5 237
6 3
6 4
6 195
6 38566
6 38567
6 38568
7 9
7 10
7 24
7 26
7 27
7 38569
8 3
8 4
8 5
8 36662
8 36664
8 38570
9 5
9 84
9 91
9 92
9 93
9 703
9 707
9 16563
9 38571
10 5
10 20
10 99
10 133
10 175
10 176
10 1316
10 38572
11 3
11 5
11 20
11 10801
11 10803
11 38573
12 5
12 20
12 202
12 4011
12 4013
12 38574
13 9
13 10
13 24
13 26
13 27
13 38575
14 3
14 4
14 5
14 33906
14 33908
14 38576
15 10
15 378
15 379
15 381
15 38577
16 90
16 443
16 17308
16 34513
16 38578
17 4
17 5
17 99
17 131
17 132
17 133
17 152
17 38579
18 3
18 4
18 5
18 35015
18 38581
18 38582
19 230
19 231
19 232
19 234
19 38583
20 9
20 10
20 11
20 13
20 163
21 99
21 131
21 132
21 133
21 195
21 236
21 237
22 3
22 4
22 195
22 7178
22 7180
22 38584
23 4
23 90
23 122
23 195
23 340
23 708
23 713
23 38586
23 38587
23 38588
24 10
24 828
24 829
24 831
24 38589
25 99
25 131
25 132
25 133
25 195
25 237
25 38590
26 3
26 20
26 195
26 33053
26 33055
26 38591
27 20
27 195
27 202
27 22675
27 33345
27 38592
28 76
28 342
28 343
28 345
28 38593
29 20
29 195
29 202
29 254
29 3637
29 38594
30 243
30 244
30 245
30 247
30 38595
31 20
31 195
31 202
31 322
31 357
31 38596
32 76
32 413
32 414
32 416
32 38597
33 3
33 5
33 20
33 71
33 11431
33 33027
33 38598
34 508
34 509
34 510
34 512
34 38599
35 71
35 76
35 190
35 191
35 38600
seqId 168
1 3
1 4
1 5
1 2468
1 38602
1 38603
1 38604
1 38605
2 10
2 109
2 110
2 112
2 38606
3 3
3 5
3 20
3 38608
3 38609
3 38610
4 5
4 20
4 202
4 35387
4 35389
4 38611
5 10
5 109
5 110
5 112
5 38612
6 3
6 4
6 5
6 5512
6 34639
6 38613
7 10
7 1387
7 1388
7 1390
7 38614
8 99
8 133
8 175
8 176
8 195
8 234
8 38615
9 3
9 4
9 195
9 38310
9 38312
9 38616
10 9
10 10
10 11
10 13
10 38617
11 3
11 5
11 20
11 38332
11 38619
11 38620
12 76
12 433
12 434
12 436
12 38621
13 243
13 244
13 245
13 247
13 38622
14 5
14 99
14 115
14 773
14 775
14 776
14 2192
14 3593
14 38623
15 3
15 4
15 5
15 30555
15 30557
15 38624
16 9
16 10
16 11
16 13
16 38625
17 3
17 4
17 5
17 504
17 14984
17 38626
18 243
18 244
18 245
18 247
18 38627
19 9
19 10
19 24
19 26
19 27
19 38628
20 3
20 4
20 5
20 38630
20 38631
20 38632
21 76
21 413
21 414
21 416
21 38633
22 3
22 5
22 20
22 71
22 11431
22 33027
22 38634
23 3
23 5
23 20
23 508
23 512
23 38635
24 71
24 76
24 190
24 191
24 38636
25 3
25 4
25 5
25 7291
25 29607
25 38638
25 38639
25 38640
25 38641
26 230
26 231
26 232
26 234
26 38642
27 9
27 10
27 11
27 13
27 163
28 99
28 131
28 132
28 133
28 195
28 236
28 237
29 3
29 20
29 195
29 38644
29 38645
29 38646
30 243
30 244
30 245
30 247
30 38647
31 3
31 4
31 5
31 35015
31 38582
31 38648
32 4
32 5
32 202
32 35387
32 36351
32 38649
33 76
33 433
33 434
33 436
33 38650
34 71
34 76
34 190
34 191
34 38651
seqId 169
1 660
1 2522
1 17966
1 38653
1 38654
2 9
2 10
2 11
2 13
2 38655
3 3
3 4
3 195
3 1542
3 24622
3 38656
4 10
4 378
4 379
4 381
4 38657
5 4
5 82
5 195
5 759
5 1432
5 12203
5 38658
6 5
6 20
6 99
6 131
6 132
6 133
6 166
6 38659
7 3
7 5
7 20
7 1320
7 1322
7 38660
8 10
8 126
8 127
8 129
8 38661
9 99
9 131
9 132
9 133
9 195
9 237
9 38662
10 3
10 4
10 195
10 5951
10 5953
10 38663
11 5
11 84
11 91
11 92
11 93
11 703
11 707
11 16563
11 38664
12 5
12 27
12 99
12 131
12 132
12 133
12 135
12 38665
13 3
13 5
13 20
13 10801
13 10803
13 38666
14 9
14 10
14 24
14 26
14 27
14 38667
15 4
15 5
15 82
15 84
15 85
15 175
15 178
15 38668
16 230
16 231
16 232
16 234
16 38669
17 9
17 10
17 11
17 13
17 163
18 99
18 131
18 132
18 133
18 195
18 236
18 237
19 51
19 195
19 1368
19 1370
19 38670
20 3
20 4
20 195
20 4734
20 4736
20 20119
20 38671
21 82
21 758
21 759
21 761
21 38672
22 84
22 90
22 91
22 93
22 121
22 195
22 1676
22 4779
22 13153
22 38674
23 5
23 20
23 99
23 131
23 132
23 133
23 166
23 38675
24 3
24 5
24 20
24 4434
24 4436
24 38676
25 10
25 27969
25 27970
25 27972
25 38677
26 5
26 20
26 99
26 131
26 132
26 133
26 166
26 38678
27 5
27 20
27 202
27 566
27 568
27 38679
28 3
28 5
28 20
28 384
28 386
28 38680
29 76
29 413
29 414
29 416
29 38681
30 3
30 4
30 5
30 682
30 10854
30 38682
31 4
31 5
31 202
31 1644
31 1647
31 1648
31 38683
32 76
32 433
32 434
32 436
32 38684
33 71
33 76
33 190
33 191
33 38685
seqId 170
1 51
1 52
1 33111
1 33113
1 38686
2 71
2 76
2 190
2 191
2 38687
seqId 171
1 99
1 133
1 175
1 176
1 195
1 5187
1 38688
2 3
2 4
2 15
2 195
2 4121
2 38689
3 82
3 758
3 759
3 761
3 38690
4 84
4 90
4 91
4 93
4 121
4 195
4 755
4 3744
4 11637
4 38691
5 5
5 27
5 99
5 131
5 132
5 133
5 135
5 38692
6 3
6 4
6 5
6 4804
6 33065
6 38693
seqId 172
1 98
1 99
1 100
1 195
1 8870
1 38694
2 4
2 195
2 202
2 7021
2 38246
2 38695
3 3
3 4
3 195
3 33489
3 34524
3 38696
4 4
4 195
4 202
4 340
4 6756
4 34953
4 34955
4 38698
5 76
5 342
5 343
5 345
5 38699
6 4
6 195
6 202
6 8705
6 37392
6 38700
7 76
7 342
7 343
7 345
7 38701
8 4
8 195
8 202
8 37469
8 38703
8 38704
9 84
9 90
9 91
9 93
9 121
9 195
9 4766
9 6444
9 38705
10 3
10 5
10 20
10 17801
10 17803
10 38706
11 10
11 146
11 147
11 149
11 38707
12 99
12 133
12 175
12 176
12 195
12 234
12 38708
13 3
13 20
13 195
13 33911
13 33913
13 38709
14 20
14 195
14 202
14 340
14 32064
14 38711
14 38712
14 38713
15 71
15 76
15 190
15 191
15 38714
seqId 173
1 5
1 20
1 27
1 36
1 82
1 84
1 98
1 100
1 38715
2 5
2 84
2 91
2 93
2 121
2 703
2 707
2 956
2 38716
3 5
3 20
3 99
3 131
3 132
3 133
3 166
3 38717
4 3
4 5
4 20
4 10622
4 10624
4 38718
5 230
5 231
5 232
5 234
5 38719
6 9
6 10
6 11
6 13
6 163
7 99
7 131
7 132
7 133
7 195
7 236
7 237
8 3
8 4
8 195
8 340
8 33277
8 33279
8 38721
9 82
9 758
9 759
9 761
9 38722
10 76
10 342
10 343
10 345
10 38723
11 10
11 283
11 284
11 286
11 38724
12 4
12 5
12 99
12 131
12 132
12 133
12 152
12 38725
13 3
13 4
13 5
13 6896
13 6898
13 38726
14 230
14 231
14 232
14 234
14 38727
15 9
15 10
15 11
15 13
15 163
16 99
16 131
16 132
16 133
16 195
16 236
16 237
17 76
17 137
17 138
17 140
17 38728
18 3
18 20
18 195
18 33816
18 33818
18 38729
19 20
19 195
19 202
19 34785
19 34787
19 38730
20 76
20 185
20 186
20 188
20 38731
21 76
21 342
21 343
21 345
21 38732
22 84
22 90
22 91
22 93
22 121
22 195
22 1509
22 1511
22 38733
23 99
23 133
23 175
23 176
23 195
23 234
23 38734
24 3
24 20
24 195
24 33053
24 33055
24 38735
25 20
25 195
25 202
25 6756
25 38737
25 38738
25 38739
25 38740
26 76
26 342
26 343
26 345
26 38741
27 82
27 758
27 759
27 761
27 38742
28 84
28 90
28 91
28 93
28 121
28 195
28 36932
28 36934
28 38743
29 9
29 10
29 24
29 26
29 27
29 38744
30 90
30 443
30 10527
30 38746
30 38747
31 99
31 131
31 132
31 133
31 195
31 237
31 38748
32 20
32 195
32 202
32 2075
32 2077
32 38749
33 3
33 20
33 195
33 31126
33 38751
33 38752
34 9
34 10
34 11
34 13
34 38753
35 3
35 5
35 20
35 16848
35 16850
35 38754
36 76
36 413
36 414
36 416
36 38755
37 3
37 5
37 20
37 71
37 11431
37 33027
37 38756
38 508
38 509
38 512
38 5178
38 38757
39 71
39 76
39 190
39 191
39 38758
40 3
40 5
40 20
40 10672
40 32956
40 38759
41 64
41 67
41 38761
41 38762
41 38763
41 38764
42 67
42 38766
42 38767
42 38768
42 38769
42 38770
43 76
43 433
43 434
43 436
43 38771
44 71
44 76
44 190
44 191
44 38772
seqId 174
1 27
1 82
1 84
1 114
1 115
1 116
1 310
1 38773
2 90
2 121
2 122
2 33058
2 38775
2 38776
3 10
3 146
3 147
3 149
3 38777
4 90
4 443
4 17308
4 34513
4 38778
5 99
5 131
5 132
5 133
5 195
5 237
5 38779
6 3
6 20
6 195
6 33911
6 33913
6 38780
7 20
7 195
7 202
7 340
7 38782
7 38783
7 38784
8 243
8 244
8 245
8 247
8 38785
9 479
9 660
9 33899
9 38787
9 38788
9 38789
10 20
10 90
10 122
10 195
10 708
10 713
10 1159
10 38791
10 38792
11 9
11 10
11 11
11 13
11 38793
12 3
12 4
12 5
12 38050
12 38052
12 38794
13 243
13 244
13 245
13 247
13 38795
14 9
14 10
14 24
14 26
14 27
14 38796
15 3
15 4
15 5
15 13423
15 38798
15 38799
15 38800
15 38801
16 82
16 758
16 759
16 761
16 38802
17 84
17 90
17 91
17 93
17 121
17 195
17 755
17 1676
17 4779
17 38804
18 5
18 20
18 99
18 131
18 132
18 133
18 166
18 38805
19 3
19 5
19 20
19 38807
19 38808
19 38809
20 230
20 231
20 232
20 234
20 38810
21 9
21 10
21 11
21 13
21 163
22 99
22 131
22 132
22 133
22 195
22 236
22 237
23 3
23 4
23 195
23 7178
23 7180
23 38811
24 76
24 342
24 343
24 345
24 38812
25 99
25 115
25 195
25 773
25 776
25 2192
25 28103
25 28931
25 38813
26 3
26 4
26 15
26 195
26 4121
26 38814
27 84
27 90
27 91
27 92
27 93
27 195
27 5773
27 26497
27 35614
27 38816
28 4
28 5
28 99
28 133
28 175
28 176
28 178
28 38817
29 3
29 4
29 5
29 22971
29 38819
29 38820
30 4
30 5
30 202
30 8917
30 8919
30 38821
31 9
31 10
31 11
31 13
31 38822
32 4
32 5
32 99
32 131
32 132
32 133
32 152
32 38823
33 3
33 4
33 5
33 3707
33 3709
33 38824
34 9
34 10
34 11
34 13
34 38825
35 76
35 137
35 138
35 140
35 38826
36 3
36 4
36 5
36 33277
36 33279
36 38827
37 76
37 185
37 186
37 188
37 38828
38 76
38 413
38 414
38 416
38 38829
39 3
39 5
39 20
39 71
39 11431
39 33027
39 38830
40 3
40 5
40 20
40 508
40 512
40 38831
41 71
41 76
41 190
41 191
41 38832
42 3
42 5
42 20
42 10672
42 32956
42 38833
43 3
43 4
43 195
43 340
43 7178
43 18652
43 38834
44 4
44 195
44 202
44 13931
44 30408
44 32432
44 38836
44 38837
45 76
45 433
45 434
45 436
45 38838
46 71
46 76
46 190
46 191
46 38839
47 5211
47 5212
47 5213
47 5215
47 38840
seqId 175
1 10
1 146
1 147
1 149
1 722
2 5
2 20
2 99
2 131
2 132
2 133
2 165
2 166
3 3
3 5
3 20
3 24951
3 38842
3 38843
4 230
4 231
4 232
4 234
4 38844
5 9
5 10
5 11
5 13
5 163
6 99
6 131
6 132
6 133
6 195
6 236
6 237
7 3
7 4
7 195
7 340
7 25222
7 25224
7 38846
8 4
8 195
8 202
8 912
8 27311
8 27313
8 27314
8 38847
9 82
9 758
9 759
9 761
9 38848
10 82
10 83
10 84
10 109
10 112
10 115
10 38849
11 84
11 91
11 93
11 121
11 195
11 703
11 707
11 1858
11 38850
12 4
12 90
12 122
12 195
12 708
12 713
12 768
12 13218
12 38851
13 10
13 283
13 284
13 286
13 38852
14 5
14 20
14 99
14 131
14 132
14 133
14 166
14 38853
15 3
15 5
15 20
15 4345
15 4347
15 38854
16 230
16 231
16 232
16 234
16 38855
17 9
17 10
17 11
17 13
17 163
18 99
18 131
18 132
18 133
18 195
18 236
18 237
19 3
19 20
19 195
19 22743
19 22745
19 38856
20 20
20 195
20 202
20 2964
20 2966
20 38857
21 76
21 342
21 343
21 345
21 38858
22 5
22 20
22 82
22 83
22 84
22 115
22 763
22 1002
22 38859
23 27
23 82
23 84
23 114
23 115
23 116
23 118
23 38860
24 5
24 84
24 90
24 91
24 93
24 121
24 1815
24 2122
24 38861
25 660
25 1622
25 1623
25 1625
25 38862
26 9
26 10
26 24
26 26
26 27
26 38863
27 90
27 443
27 3979
27 36008
27 38864
28 10
28 126
28 127
28 129
28 38865
29 5
29 20
29 99
29 131
29 132
29 133
29 166
29 38866
30 3
30 5
30 20
30 7393
30 7395
30 38867
31 99
31 131
31 132
31 133
31 195
31 237
31 38868
32 3
32 20
32 195
32 11005
32 34730
32 38869
33 243
33 244
33 245
33 247
33 38870
34 99
34 131
34 132
34 133
34 195
34 237
34 38871
35 3
35 4
35 195
35 22519
35 30633
35 38872
36 230
36 231
36 232
36 234
36 38873
37 9
37 10
37 11
37 13
37 163
38 99
38 131
38 132
38 133
38 195
38 236
38 237
39 3
39 4
39 195
39 29295
39 34622
39 38874
40 82
40 758
40 759
40 761
40 38875
41 84
41 90
41 91
41 93
41 121
41 195
41 4338
41 23325
41 38876
42 660
42 1622
42 1623
42 1625
42 38877
43 9
43 10
43 11
43 13
43 38878
44 98
44 99
44 100
44 195
44 2073
44 38879
45 3
45 20
45 195
45 33053
45 33055
45 38880
46 76
46 413
46 414
46 416
46 38881
47 3
47 5
47 20
47 71
47 11431
47 33027
47 38882
48 508
48 509
48 510
48 512
48 38883
49 71
49 76
49 190
49 191
49 38884
seqId 176
1 3
1 5
1 20
1 34930
1 34932
1 38885
2 230
2 231
2 232
2 234
2 38886
3 9
3 10
3 11
3 13
3 163
4 99
4 131
4 132
4 133
4 195
4 236
4 237
5 3
5 4
5 195
5 33489
5 34524
5 38887
6 10
6 283
6 284
6 286
6 38888
7 5
7 20
7 99
7 131
7 132
7 133
7 166
7 38889
8 3
8 5
8 20
8 5018
8 5020
8 38890
9 5
9 20
9 202
9 34785
9 36313
9 38891
10 76
10 37695
10 37696
10 37698
10 38892
11 67
11 24198
11 38894
11 38895
11 38896
11 38897
12 76
12 37706
12 37707
12 37709
12 38898
13 76
13 433
13 434
13 436
13 38899
14 76
14 342
14 343
14 345
14 38900
15 10
15 109
15 110
15 112
15 38901
16 27
16 82
16 84
16 114
16 115
16 116
16 118
16 38902
17 90
17 121
17 122
17 792
17 38904
17 38905
17 38906
18 230
18 231
18 232
18 234
18 38907
19 9
19 10
19 11
19 13
19 163
20 99
20 131
20 132
20 133
20 195
20 236
20 237
21 3
21 4
21 195
21 1784
21 1786
21 38908
22 4
22 195
22 202
22 2964
22 7099
22 22976
22 38909
23 243
23 244
23 245
23 247
23 38910
24 10
24 109
24 110
24 112
24 38911
25 90
25 121
25 122
25 792
25 16983
25 38913
25 38914
25 38915
26 4
26 5
26 99
26 131
26 132
26 133
26 152
26 38916
27 3
27 4
27 5
27 35277
27 35279
27 38918
28 230
28 231
28 232
28 234
28 38919
29 9
29 10
29 11
29 13
29 163
30 99
30 131
30 132
30 133
30 195
30 236
30 237
31 3
31 4
31 195
31 5859
31 14468
31 38920
32 243
32 244
32 245
32 247
32 38921
33 230
33 231
33 232
33 234
33 38922
34 9
34 10
34 11
34 13
34 163
35 99
35 131
35 132
35 133
35 195
35 236
35 237
36 3
36 20
36 195
36 10801
36 14877
36 38923
37 82
37 758
37 759
37 761
37 38924
38 84
38 90
38 91
38 93
38 121
38 195
38 4379
38 13099
38 38925
39 98
39 99
39 100
39 195
39 2073
39 38926
40 3
40 4
40 195
40 340
40 26724
40 26726
40 38927
41 71
41 76
41 190
41 191
41 38928
seqId 177
1 98
1 99
1 100
1 195
1 8870
1 38929
2 3
2 4
2 195
2 2049
2 2051
2 38930
3 84
3 90
3 91
3 93
3 121
3 195
3 3372
3 38932
3 38933
4 20
4 85
4 99
4 195
4 2075
4 2077
4 38934
5 3
5 20
5 195
5 33911
5 33913
5 38935
6 82
6 758
6 759
6 761
6 38936
7 82
7 84
7 114
7 115
7 116
7 1361
7 38937
8 84
8 90
8 91
8 93
8 121
8 195
8 1047
8 38939
8 38940
8 38941
8 38942
9 243
9 244
9 245
9 247
9 38943
10 84
10 90
10 91
10 93
10 121
10 195
10 1064
10 12908
10 38944
11 99
11 133
11 175
11 176
11 195
11 234
11 38945
12 3
12 4
12 195
12 8152
12 8154
12 38946
13 4
13 195
13 202
13 15601
13 17892
13 38947
14 479
14 660
14 38949
14 38950
14 38951
14 38952
15 71
15 76
15 190
15 191
15 38953
seqId 178
1 4
1 82
1 83
1 84
1 115
1 195
1 1824
1 10471
1 38954
2 27
2 82
2 84
2 114
2 115
2 116
2 118
2 38955
3 84
3 90
3 91
3 93
3 121
3 195
3 755
3 7870
3 7872
3 38956
4 10
4 146
4 149
4 2548
4 38957
5 3
5 5
5 20
5 38959
5 38960
5 38961
6 99
6 131
6 132
6 133
6 195
6 237
6 38962
7 3
7 4
7 195
7 36424
7 36426
7 38963
8 243
8 244
8 245
8 247
8 38964
9 99
9 131
9 132
9 133
9 195
9 237
9 38965
10 3
10 20
10 195
10 19820
10 38967
10 38968
11 5
11 20
11 72
11 202
11 34377
11 37420
11 38970
11 38971
12 76
12 1267
12 1268
12 1270
12 38972
seqId 179
1 5
1 20
1 82
1 83
1 84
1 115
1 763
1 1002
1 38973
2 82
2 84
2 109
2 112
2 115
2 38974
3 5
3 84
3 91
3 93
3 121
3 703
3 707
3 956
3 38975
4 660
4 976
4 977
4 979
4 38976
5 99
5 133
5 175
5 176
5 195
5 234
5 38977
6 3
6 4
6 195
6 33489
6 34524
6 38978
7 10
7 283
7 284
7 286
7 38979
8 4
8 5
8 99
8 131
8 132
8 133
8 152
8 38980
9 3
9 4
9 5
9 38982
9 38983
9 38984
10 9
10 10
10 11
10 13
10 38985
11 4
11 5
11 99
11 131
11 132
11 133
11 152
11 38986
12 3
12 4
12 5
12 38988
12 38989
12 38990
13 76
13 342
13 343
13 345
13 38991
14 99
14 131
14 132
14 133
14 195
14 237
14 38992
15 3
15 20
15 195
15 13025
15 13027
15 38993
16 9
16 10
16 24
16 26
16 27
16 38994
17 90
17 443
17 37376
17 38996
17 38997
18 76
18 342
18 343
18 345
18 38998
19 9
19 10
19 11
19 13
19 38999
20 90
20 443
20 12400
20 33680
20 39000
21 76
21 342
21 343
21 345
21 39001
22 9
22 10
22 11
22 13
22 39002
23 82
23 84
23 114
23 115
23 116
23 1361
23 39003
24 90
24 443
24 5773
24 35614
24 39004
25 76
25 342
25 343
25 345
25 39005
26 9
26 10
26 11
26 13
26 39006
27 90
27 443
27 39008
27 39009
27 39010
28 71
28 76
28 190
28 191
28 39011
seqId 180
1 99
1 131
1 132
1 133
1 195
1 1220
1 39012
2 4
2 195
2 202
2 795
2 3439
2 39013
3 3
3 4
3 195
3 5859
3 14468
3 39014
4 82
4 758
4 759
4 761
4 39015
5 84
5 90
5 91
5 93
5 121
5 195
5 15945
5 17798
5 39016
6 84
6 90
6 91
6 93
6 121
6 195
6 755
6 34469
6 39018
6 39019
7 10
7 146
7 147
7 149
7 39020
8 99
8 133
8 175
8 176
8 195
8 234
8 39021
9 3
9 20
9 195
9 340
9 7537
9 39023
9 39024
9 39025
10 82
10 759
10 944
10 948
10 39026
11 84
11 90
11 91
11 93
11 121
11 195
11 4222
11 36445
11 39027
12 98
12 99
12 100
12 195
12 2073
12 39028
13 3
13 20
13 195
13 340
13 39030
13 39031
13 39032
14 9
14 10
14 24
14 26
14 27
14 39033
15 3
15 4
15 5
15 4804
15 33065
15 39034
16 82
16 758
16 759
16 761
16 39035
17 84
17 90
17 91
17 93
17 121
17 195
17 831
17 4710
17 27177
17 39037
17 39038
18 99
18 131
18 132
18 133
18 195
18 237
18 39039
19 3
19 20
19 195
19 10672
19 17040
19 39040
20 158
20 159
20 160
20 162
20 39041
21 9
21 10
21 11
21 13
21 163
22 5
22 20
22 99
22 131
22 132
22 133
22 165
22 166
23 3
23 5
23 20
23 4434
23 4436
23 39042
24 75
24 76
24 77
24 79
24 39043
25 90
25 443
25 27424
25 27426
25 39044
26 76
26 342
26 343
26 345
26 39045
27 90
27 443
27 37376
27 38997
27 39046
28 76
28 342
28 343
28 345
28 39047
29 90
29 443
29 39049
29 39050
29 39051
30 76
30 342
30 343
30 345
30 39052
31 90
31 443
31 12400
31 33680
31 39053
32 76
32 342
32 343
32 345
32 39054
33 90
33 443
33 39056
33 39057
33 39058
34 76
34 342
34 343
34 345
34 39059
35 90
35 443
35 39061
35 39062
35 39063
36 76
36 342
36 343
36 345
36 39064
37 90
37 443
37 5290
37 39066
37 39067
38 99
38 131
38 132
38 133
38 195
38 237
38 39068
39 3
39 4
39 195
39 4094
39 4096
39 39069
40 76
40 342
40 343
40 345
40 39070
41 90
41 443
41 1064
41 8149
41 39071
42 3
42 5
42 20
42 37741
42 39073
42 39074
43 76
43 342
43 343
43 345
43 39075
44 90
44 443
44 3111
44 39077
44 39078
45 76
45 342
45 343
45 345
45 39079
46 90
46 443
46 17921
46 24970
46 39080
47 660
47 1796
47 1797
47 1799
47 39081
48 717
48 718
48 719
48 721
48 39082
49 10
49 146
49 147
49 149
49 722
50 5
50 20
50 99
50 131
50 132
50 133
50 165
50 166
51 3
51 5
51 20
51 18025
51 18027
51 39083
52 9
52 10
52 11
52 13
52 39084
53 4
53 5
53 99
53 131
53 132
53 133
53 152
53 39085
54 3
54 4
54 5
54 6763
54 6765
54 39086
55 9
55 10
55 11
55 13
55 39087
56 3
56 5
56 20
56 1104
56 8981
56 39089
56 39090
57 76
57 413
57 414
57 416
57 39091
58 3
58 5
58 20
58 71
58 11431
58 33027
58 39092
59 508
59 509
59 510
59 512
59 39093
60 71
60 76
60 190
60 191
60 39094
seqId 181
1 3
1 5
1 20
1 4862
1 39096
1 39097
2 3
2 20
2 72
2 72
2 195
2 10404
2 14727
2 39099
2 39100
2 39101
2 39102
2 39103
3 10
3 1010
3 1011
3 1013
3 39104
4 3
4 5
4 20
4 39106
4 39107
4 39108
5 9
5 10
5 24
5 26
5 27
5 39109
6 3
6 4
6 5
6 4804
6 33065
6 39110
7 10
7 283
7 284
7 286
7 39111
8 5
8 20
8 99
8 131
8 132
8 133
8 166
8 39112
9 3
9 5
9 20
9 39114
9 39115
9 39116
10 230
10 231
10 232
10 234
10 39117
11 9
11 10
11 11
11 13
11 163
12 99
12 131
12 132
12 133
12 195
12 236
12 237
13 3
13 20
13 195
13 39119
13 39120
13 39121
14 76
14 37695
14 37696
14 37698
14 39122
15 67
15 37142
15 37858
15 39124
15 39125
15 39126
15 39127
16 76
16 37706
16 37707
16 37709
16 39128
17 76
17 433
17 434
17 436
17 39129
18 76
18 342
18 343
18 345
18 39130
19 944
19 945
19 946
19 948
19 39131
20 9
20 10
20 11
20 13
20 39132
21 4
21 5
21 82
21 84
21 100
21 4680
21 7233
21 39133
22 9
22 10
22 11
22 13
22 8225
23 509
23 5376
23 39135
23 39136
23 39137
23 39138
23 39139
24 76
24 413
24 414
24 416
24 39140
25 3
25 5
25 20
25 71
25 11431
25 33027
25 39141
26 3
26 5
26 20
26 508
26 512
26 39142
27 71
27 76
27 190
27 191
27 39143
28 3
28 20
28 195
28 340
28 10672
28 32956
28 39144
29 20
29 72
29 195
29 202
29 340
29 31324
29 39146
29 39147
29 39148
30 10
30 126
30 127
30 129
30 39149
31 4
31 5
31 99
31 131
31 132
31 133
31 152
31 39150
32 3
32 4
32 5
32 5484
32 5486
32 39151
33 4
33 5
33 202
33 35387
33 36351
33 39152
34 9
34 10
34 11
34 13
34 39153
35 4
35 5
35 99
35 131
35 132
35 133
35 152
35 39154
36 3
36 4
36 5
36 33368
36 33370
36 39155
37 76
37 433
37 434
37 436
37 39156
38 71
38 76
38 190
38 191
38 39157
seqId 182
1 5
1 20
1 99
1 133
1 175
1 176
1 9647
1 39158
2 5
2 20
2 202
2 1589
2 23961
2 39159
3 3
3 5
3 20
3 24371
3 30132
3 39161
3 39162
3 39163
3 39164
4 5
4 20
4 202
4 322
4 36035
4 39165
5 5
5 84
5 91
5 93
5 121
5 703
5 707
5 956
5 39166
6 5
6 20
6 90
6 122
6 708
6 713
6 39168
6 39169
6 39170
7 243
7 244
7 245
7 247
7 39171
8 82
8 84
8 114
8 115
8 116
8 1361
8 39172
9 5
9 84
9 90
9 91
9 93
9 121
9 4222
9 6678
9 39173
10 660
10 6695
10 6696
10 6698
10 39174
11 10
11 283
11 284
11 286
11 39175
12 99
12 131
12 132
12 133
12 195
12 237
12 39176
13 3
13 4
13 195
13 13797
13 39178
13 39179
14 4
14 195
14 202
14 3386
14 3523
14 39180
15 75
15 76
15 77
15 79
15 39181
16 5
16 20
16 82
16 83
16 84
16 115
16 763
16 1002
16 39182
17 5
17 84
17 91
17 93
17 121
17 703
17 707
17 956
17 39183
18 660
18 6695
18 6696
18 6698
18 39184
19 5
19 20
19 90
19 122
19 708
19 713
19 3372
19 6990
19 39185
20 10
20 146
20 147
20 149
20 39186
21 4
21 5
21 99
21 131
21 132
21 133
21 152
21 8273
22 3
22 4
22 5
22 18624
22 18672
22 39187
23 82
23 759
23 944
23 948
23 39188
24 84
24 90
24 91
24 93
24 121
24 195
24 39168
24 39190
24 39191
25 3
25 5
25 20
25 1832
25 1834
25 39192
26 9
26 10
26 11
26 13
26 39193
27 3
27 20
27 195
27 3386
27 3388
27 39194
28 9
28 10
28 24
28 26
28 27
28 39195
29 90
29 443
29 702
29 10559
29 39196
30 4
30 5
30 99
30 133
30 175
30 176
30 178
30 39197
31 3
31 4
31 5
31 7999
31 8001
31 39198
32 4
32 5
32 202
32 26513
32 26515
32 39199
33 10
33 126
33 127
33 129
33 39200
34 99
34 131
34 132
34 133
34 195
34 237
34 39201
35 3
35 20
35 195
35 30034
35 30036
35 39202
36 243
36 244
36 245
36 247
36 39203
37 99
37 131
37 132
37 133
37 195
37 237
37 39204
38 3
38 4
38 195
38 347
38 349
38 39205
39 4
39 195
39 202
39 340
39 22258
39 22260
39 39206
40 158
40 159
40 160
40 162
40 39207
41 9
41 10
41 11
41 13
41 163
42 5
42 20
42 99
42 131
42 132
42 133
42 165
42 166
43 3
43 5
43 20
43 33911
43 33913
43 39208
44 9
44 10
44 11
44 13
44 8302
45 3
45 4
45 5
45 35722
45 35724
45 39209
46 27
46 82
46 759
46 944
46 1463
46 39210
47 4
47 5
47 82
47 83
47 84
47 115
47 763
47 1264
47 39211
48 5
48 84
48 93
48 121
48 703
48 707
48 2699
48 4415
48 39212
49 4
49 5
49 90
49 122
49 708
49 713
49 10094
49 39214
49 39215
50 10
50 109
50 110
50 112
50 39216
51 3
51 20
51 195
51 1866
51 10151
51 39217
52 9
52 10
52 24
52 26
52 27
52 39218
53 3
53 20
53 195
53 10660
53 10662
53 39219
54 20
54 195
54 202
54 254
54 3637
54 39220
55 76
55 342
55 343
55 345
55 39221
56 9
56 10
56 11
56 13
56 39222
57 3
57 4
57 5
57 8050
57 8052
57 39223
58 244
58 418
58 419
58 421
58 39224
59 660
59 2509
59 2510
59 2512
59 39225
60 9
60 10
60 11
60 13
60 39226
61 3
61 20
61 195
61 20293
61 20295
61 39227
62 9
62 10
62 11
62 13
62 39228
63 76
63 137
63 138
63 140
63 39229
64 3
64 4
64 5
64 5484
64 5486
64 39230
65 4
65 5
65 202
65 39232
65 39233
65 39234
66 76
66 185
66 186
66 188
66 39235
67 71
67 76
67 190
67 191
67 39236
seqId 183
1 3
1 2548
1 10996
1 34905
1 39237
2 10
2 146
2 147
2 149
2 39238
3 5
3 20
3 82
3 84
3 100
3 6672
3 28729
3 39239
4 76
4 342
4 343
4 345
4 39240
5 3
5 5
5 20
5 1832
5 1834
5 39241
6 9
6 10
6 11
6 13
6 39242
7 3
7 4
7 195
7 5859
7 14468
7 39243
8 243
8 244
8 245
8 247
8 39244
9 9
9 10
9 24
9 26
9 27
9 39245
10 3
10 4
10 195
10 6876
10 6878
10 39246
11 4
11 195
11 202
11 13029
11 39248
11 39249
12 84
12 90
12 91
12 93
12 121
12 195
12 4710
12 39251
12 39252
12 39253
13 243
13 244
13 245
13 247
13 39254
14 82
14 84
14 114
14 115
14 116
14 1361
14 39255
15 84
15 90
15 91
15 93
15 121
15 195
15 3563
15 39257
15 39258
16 10
16 27270
16 27272
16 39259
16 39260
17 26
17 27
17 99
17 133
17 175
17 176
17 195
17 39261
18 4
18 195
18 202
18 2294
18 3837
18 39262
19 3
19 4
19 195
19 4107
19 20236
19 39263
20 76
20 413
20 414
20 416
20 39264
21 3
21 5
21 20
21 71
21 11431
21 33027
21 39265
22 508
22 509
22 510
22 512
22 39266
23 71
23 76
23 190
23 191
23 39267
seqId 184
1 3
1 20
1 195
1 340
1 31126
1 33252
1 39268
2 20
2 195
2 202
2 254
2 3637
2 39269
3 20
3 195
3 202
3 340
3 13029
3 13031
3 39270
4 75
4 76
4 77
4 79
4 39271
5 3
5 20
5 195
5 13108
5 13110
5 39272
6 20
6 195
6 202
6 693
6 39274
6 39275
7 243
7 244
7 245
7 247
7 39276
8 20
8 195
8 202
8 795
8 2446
8 39277
9 3
9 20
9 195
9 10464
9 10466
9 39278
10 76
10 433
10 434
10 436
10 39279
11 71
11 76
11 190
11 191
11 39280
seqId 185
1 10
1 146
1 35562
1 35564
1 39281
2 5
2 99
2 115
2 773
2 775
2 776
2 2192
2 3593
2 39282
3 3
3 4
3 5
3 14965
3 14967
3 39283
4 76
4 342
4 343
4 345
4 39284
5 82
5 83
5 115
5 195
5 4940
5 4941
5 28267
5 39285
6 82
6 115
6 116
6 195
6 4940
6 4941
6 28267
6 39286
7 90
7 91
7 93
7 121
7 195
7 4941
7 33058
7 33876
7 39288
7 39289
8 10
8 146
8 147
8 149
8 39290
9 90
9 443
9 3979
9 36008
9 39291
10 98
10 99
10 100
10 195
10 2073
10 39292
11 3
11 4
11 195
11 740
11 10380
11 39293
12 82
12 758
12 759
12 761
12 39294
13 84
13 90
13 91
13 93
13 121
13 195
13 5773
13 5775
13 39295
14 99
14 133
14 175
14 176
14 195
14 234
14 39296
15 3
15 20
15 195
15 31126
15 38752
15 39297
16 76
16 342
16 343
16 345
16 39298
17 660
17 9231
17 9232
17 9234
17 39299
18 20
18 90
18 122
18 195
18 340
18 708
18 713
18 39301
18 39302
18 39303
19 10
19 109
19 110
19 112
19 39304
20 76
20 137
20 138
20 140
20 39305
21 3
21 20
21 72
21 195
21 340
21 3987
21 39307
21 39308
21 39309
22 76
22 185
22 186
22 188
22 39310
23 76
23 342
23 343
23 345
23 39311
24 82
24 758
24 759
24 761
24 39312
25 84
25 90
25 91
25 93
25 121
25 195
25 755
25 39314
25 39315
25 39316
26 660
26 9231
26 9232
26 9234
26 39317
27 76
27 342
27 343
27 345
27 39318
28 82
28 84
28 114
28 115
28 116
28 1361
28 39319
29 84
29 90
29 91
29 93
29 121
29 195
29 34676
29 34678
29 39320
30 244
30 418
30 419
30 421
30 39321
31 84
31 90
31 91
31 93
31 121
31 195
31 10330
31 39323
31 39324
32 10
32 1387
32 1388
32 1390
32 39325
33 26
33 27
33 99
33 133
33 175
33 176
33 195
33 39326
34 4
34 195
34 202
34 2294
34 3837
34 39327
35 3
35 4
35 195
35 10184
35 10186
35 39328
36 9
36 10
36 24
36 26
36 27
36 39329
37 3
37 4
37 5
37 2608
37 4490
37 39330
38 230
38 231
38 232
38 234
38 39331
39 9
39 10
39 11
39 13
39 163
40 99
40 131
40 132
40 133
40 195
40 236
40 237
41 3
41 20
41 195
41 3386
41 3388
41 39332
42 76
42 413
42 414
42 416
42 39333
43 3
43 4
43 5
43 39335
43 39336
43 39337
44 230
44 231
44 232
44 234
44 39338
45 9
45 10
45 11
45 13
45 163
46 99
46 131
46 132
46 133
46 195
46 236
46 237
47 3
47 4
47 195
47 2738
47 2740
47 39339
48 76
48 342
48 343
48 345
48 39340
49 3
49 20
49 195
49 340
49 3768
49 3771
49 39341
50 20
50 195
50 202
50 3386
50 3388
50 39342
51 76
51 342
51 343
51 345
51 39343
52 3
52 20
52 195
52 340
52 34799
52 34801
52 34802
52 39344
53 20
53 195
53 202
53 30488
53 30490
53 39345
54 76
54 342
54 343
54 345
54 39346
55 3
55 4
55 195
55 340
55 34792
55 34794
55 39347
56 76
56 25774
56 25775
56 25777
56 39348
57 76
57 433
57 434
57 436
57 39349
58 76
58 413
58 414
58 416
58 39350
59 3
59 5
59 20
59 71
59 11431
59 33027
59 39351
60 508
60 509
60 510
60 512
60 39352
61 71
61 76
61 190
61 191
61 39353
seqId 186
1 67
1 206
1 1104
1 36494
1 36495
1 36497
1 39354
2 76
2 342
2 343
2 345
2 39355
3 3
3 4
3 5
3 72
3 5937
3 39357
3 39358
3 39359
4 10
4 126
4 127
4 129
4 39360
5 99
5 131
5 132
5 133
5 195
5 237
5 39361
6 3
6 4
6 195
6 340
6 39363
6 39364
6 39365
7 9
7 10
7 11
7 13
7 39366
8 3
8 5
8 20
8 1320
8 1322
8 39367
9 76
9 433
9 434
9 436
9 39368
10 76
10 342
10 343
10 345
10 39369
11 9
11 10
11 11
11 13
11 8462
12 3
12 4
12 5
12 1536
12 4896
12 39370
13 230
13 231
13 232
13 234
13 39371
14 9
14 10
14 11
14 13
14 163
15 99
15 131
15 132
15 133
15 195
15 236
15 237
16 3
16 20
16 195
16 39373
16 39374
16 39375
17 9
17 10
17 11
17 13
17 39376
18 4
18 5
18 99
18 131
18 132
18 133
18 152
18 39377
19 3
19 4
19 5
19 4228
19 13593
19 39378
20 76
20 342
20 343
20 345
20 39379
21 9
21 10
21 11
21 13
21 39380
22 4
22 5
22 99
22 131
22 132
22 133
22 152
22 39381
23 3
23 4
23 5
23 20344
23 20346
23 39382
24 76
24 342
24 343
24 345
24 39383
25 9
25 10
25 11
25 13
25 39384
26 5
26 27
26 99
26 131
26 132
26 133
26 135
26 39385
27 3
27 5
27 20
27 10660
27 13536
27 39386
28 76
28 413
28 414
28 416
28 39387
29 3
29 5
29 20
29 71
29 11431
29 33027
29 39388
30 3
30 5
30 20
30 508
30 512
30 39389
31 71
31 76
31 190
31 191
31 39390
seqId 187
1 3
1 4
1 5
1 13351
1 39392
1 39393
1 39394
2 9
2 10
2 11
2 13
2 39395
3 5
3 27
3 99
3 131
3 132
3 133
3 135
3 39396
4 3
4 5
4 20
4 705
4 39398
4 39399
4 39400
5 230
5 231
5 232
5 234
5 39401
6 9
6 10
6 11
6 13
6 163
7 99
7 131
7 132
7 133
7 195
7 236
7 237
8 3
8 4
8 195
8 340
8 39403
8 39404
8 39405
9 10
9 109
9 110
9 112
9 39406
10 67
10 3042
10 3043
10 3045
10 39407
11 243
11 244
11 245
11 247
11 39408
12 717
12 718
12 719
12 721
12 39409
13 10
13 146
13 147
13 149
13 722
14 5
14 20
14 99
14 131
14 132
14 133
14 165
14 166
15 5
15 20
15 67
15 39411
15 39412
15 39413
16 76
16 433
16 434
16 436
16 39414
17 76
17 342
17 343
17 345
17 39415
18 90
18 121
18 122
18 2163
18 39417
18 39418
19 99
19 131
19 132
19 133
19 195
19 237
19 39419
20 3
20 20
20 195
20 3937
20 3939
20 39420
21 20
21 195
21 202
21 36699
21 39422
21 39423
22 243
22 244
22 245
22 247
22 39424
23 20
23 195
23 202
23 37469
23 38704
23 39425
24 82
24 758
24 759
24 761
24 39426
25 84
25 90
25 91
25 93
25 121
25 195
25 29504
25 38234
25 39427
26 26
26 27
26 99
26 133
26 175
26 176
26 195
26 39428
27 4
27 195
27 202
27 4011
27 25674
27 39429
28 3
28 4
28 195
28 4249
28 26359
28 39430
29 10
29 109
29 110
29 112
29 39431
30 3
30 4
30 5
30 4550
30 8014
30 39432
31 9
31 10
31 11
31 13
31 39433
32 3
32 4
32 5
32 39435
32 39436
32 39437
33 76
33 342
33 343
33 345
33 39438
34 9
34 10
34 11
34 13
34 39439
35 3
35 4
35 5
35 39441
35 39442
35 39443
36 76
36 413
36 414
36 416
36 39444
37 3
37 5
37 20
37 71
37 11431
37 33027
37 39445
38 508
38 509
38 510
38 512
38 39446
39 71
39 76
39 190
39 191
39 39447
40 3
40 5
40 20
40 429
40 431
40 39448
41 27
41 67
41 7291
41 7751
41 39450
41 39451
41 39452
41 39453
41 39454
42 20
42 90
42 122
42 708
42 713
42 21792
42 21794
42 39455
43 717
43 718
43 719
43 721
43 39456
44 10
44 146
44 147
44 149
44 722
45 5
45 20
45 99
45 131
45 132
45 133
45 165
45 166
46 3
46 5
46 20
46 10672
46 10674
46 39457
47 340
47 509
47 5376
47 33141
47 39459
47 39460
47 39461
48 509
48 5376
48 39463
48 39464
48 39465
49 340
49 509
49 5376
49 39467
49 39468
49 39469
49 39470
49 39471
50 76
50 342
50 343
50 345
50 39472
51 3
51 4
51 5
51 39474
51 39475
51 39476
52 67
52 72
52 39478
52 39479
52 39480
52 39481
52 39482
52 39483
52 39484
53 509
53 5376
53 39486
53 39487
53 39488
54 76
54 433
54 434
54 436
54 39489
55 71
55 76
55 190
55 191
55 39490
seqId 188
1 4
1 5
1 99
1 131
1 132
1 133
1 811
1 39491
2 3
2 4
2 5
2 34942
2 34944
2 39492
3 230
3 231
3 232
3 234
3 39493
4 9
4 10
4 11
4 13
4 163
5 99
5 131
5 132
5 133
5 195
5 236
5 237
6 3
6 4
6 195
6 8152
6 8154
6 39494
7 4
7 195
7 202
7 340
7 34792
7 34794
7 39495
8 244
8 418
8 419
8 421
8 39496
9 4
9 195
9 202
9 340
9 12971
9 12973
9 39498
10 5
10 84
10 90
10 91
10 93
10 121
10 37601
10 37603
10 39499
11 10
11 146
11 147
11 149
11 39500
12 90
12 443
12 12400
12 33680
12 39501
13 5
13 20
13 99
13 133
13 175
13 176
13 1316
13 39502
14 5
14 20
14 202
14 1466
14 18974
14 39503
15 3
15 5
15 20
15 1320
15 1322
15 39504
16 9
16 10
16 11
16 13
16 39505
17 3
17 4
17 5
17 22402
17 22404
17 39506
18 9
18 10
18 11
18 13
18 39507
19 98
19 99
19 100
19 195
19 2073
19 39508
20 3
20 4
20 195
20 6876
20 6878
20 39509
21 76
21 342
21 343
21 345
21 39510
22 4
22 195
22 202
22 15601
22 17892
22 39511
23 10
23 283
23 284
23 286
23 39512
24 99
24 115
24 195
24 773
24 775
24 776
24 2192
24 2194
24 39513
25 3
25 4
25 195
25 8152
25 8154
25 39514
26 76
26 342
26 343
26 345
26 39515
27 99
27 115
27 195
27 773
27 775
27 776
27 2192
27 2194
27 39516
28 3
28 20
28 195
28 340
28 2558
28 2560
28 39518
29 243
29 244
29 245
29 247
29 39519
30 99
30 115
30 195
30 773
30 775
30 776
30 2192
30 2194
30 39520
31 3
31 4
31 195
31 22519
31 30633
31 39521
32 71
32 76
32 190
32 191
32 39522
seqId 189
1 99
1 131
1 132
1 133
1 195
1 1220
1 39523
2 4
2 195
2 202
2 2075
2 2771
2 39524
3 3
3 4
3 195
3 10184
3 10186
3 39525
4 9
4 10
4 11
4 13
4 8599
5 5
5 27
5 99
5 131
5 132
5 133
5 135
5 39526
6 3
6 4
6 5
6 39528
6 39529
6 39530
7 4
7 5
7 202
7 322
7 22672
7 39531
8 84
8 91
8 93
8 121
8 195
8 703
8 707
8 1858
8 39532
9 660
9 976
9 977
9 979
9 39533
10 660
10 2473
10 2474
10 2476
10 39534
11 4
11 195
11 202
11 340
11 25424
11 39536
11 39537
12 27
12 944
12 945
12 1463
12 3308
12 39538
13 4
13 82
13 83
13 84
13 115
13 195
13 1824
13 3621
13 39539
14 84
14 90
14 91
14 93
14 121
14 195
14 36932
14 36934
14 39540
15 9
15 10
15 11
15 13
15 39541
16 90
16 443
16 1345
16 9933
16 39542
17 10
17 109
17 110
17 112
17 39543
18 3
18 4
18 5
18 10638
18 10812
18 39544
19 4
19 5
19 99
19 131
19 132
19 133
19 152
19 39545
20 3
20 4
20 5
20 35824
20 35826
20 39547
21 660
21 2643
21 2644
21 2646
21 39548
22 4
22 5
22 202
22 39550
22 39551
22 39552
23 82
23 759
23 944
23 948
23 39553
24 5
24 84
24 90
24 91
24 93
24 121
24 1064
24 32173
24 39554
25 5
25 27
25 99
25 131
25 132
25 133
25 135
25 39555
26 3
26 4
26 5
26 39528
26 39530
26 39556
27 10
27 283
27 284
27 286
27 39557
28 5
28 27
28 99
28 131
28 132
28 133
28 135
28 39558
29 3
29 4
29 5
29 33173
29 33763
29 39559
30 4
30 5
30 202
30 912
30 27311
30 27313
30 39561
30 39562
31 27
31 82
31 759
31 944
31 1463
31 39563
32 82
32 83
32 84
32 109
32 112
32 115
32 39564
33 84
33 90
33 91
33 93
33 121
33 195
33 702
33 1062
33 39565
34 27
34 660
34 21971
34 21974
34 21975
34 39567
34 39568
35 99
35 131
35 132
35 133
35 195
35 237
35 39569
36 3
36 4
36 195
36 3199
36 4859
36 39570
37 4
37 195
37 202
37 5627
37 35059
37 39571
38 71
38 76
38 190
38 191
38 39572
seqId 190
1 99
1 133
1 175
1 176
1 195
1 5187
1 39573
2 3
2 4
2 195
2 8050
2 33365
2 39574
3 4
3 72
3 195
3 202
3 2787
3 27718
3 39576
3 39577
3 39578
4 84
4 91
4 93
4 121
4 195
4 703
4 707
4 1858
4 39579
5 4
5 90
5 122
5 195
5 708
5 713
5 2787
5 39251
5 39581
5 39582
6 10
6 126
6 127
6 129
6 39583
7 13
7 99
7 133
7 175
7 176
7 195
7 39584
8 20
8 195
8 202
8 1888
8 1890
8 39585
9 3
9 20
9 195
9 340
9 27018
9 27020
9 39586
10 76
10 1267
10 1268
10 1270
10 39587
seqId 191
1 4
1 82
1 83
1 84
1 115
1 195
1 1824
1 3621
1 39588
2 84
2 90
2 91
2 93
2 121
2 195
2 5326
2 5328
2 39589
3 99
3 133
3 175
3 176
3 195
3 234
3 39590
4 3
4 4
4 195
4 30555
4 34809
4 39591
5 4
5 195
5 202
5 340
5 39593
5 39594
5 39595
6 243
6 244
6 245
6 247
6 39596
7 99
7 133
7 175
7 176
7 195
7 234
7 39597
8 3
8 4
8 195
8 8152
8 8154
8 39598
9 9
9 10
9 24
9 26
9 27
9 39599
10 3
10 4
10 5
10 36662
10 36664
10 39600
11 4
11 195
11 202
11 14709
11 14711
11 39601
12 82
12 759
12 2852
12 2854
12 39602
13 84
13 90
13 91
13 93
13 121
13 195
13 4766
13 6444
13 39603
14 3
14 4
14 5
14 23500
14 23502
14 39604
15 99
15 131
15 132
15 133
15 195
15 237
15 39605
16 3
16 20
16 195
16 34626
16 34628
16 39606
17 243
17 244
17 245
17 247
17 39607
18 99
18 131
18 132
18 133
18 195
18 237
18 39608
19 3
19 4
19 195
19 7178
19 7180
19 39609
20 76
20 413
20 414
20 416
20 39610
21 3
21 5
21 20
21 71
21 11431
21 33027
21 39611
22 3
22 5
22 20
22 508
22 512
22 39612
23 71
23 76
23 190
23 191
23 39613
seqId 192
1 67
1 39615
1 39616
1 39617
1 39618
1 39619
2 10
2 146
2 147
2 149
2 39620
3 3
3 5
3 20
3 31708
3 31710
3 39621
4 9
4 10
4 11
4 13
4 39622
5 4
5 5
5 99
5 131
5 132
5 133
5 152
5 39623
6 3
6 4
6 5
6 33368
6 33370
6 39624
7 10
7 1010
7 1011
7 1013
7 39625
8 3
8 4
8 5
8 2773
8 39627
8 39628
9 9
9 10
9 24
9 26
9 27
9 39629
10 3
10 4
10 5
10 39528
10 39530
10 39630
11 3
11 2548
11 10996
11 10998
11 39631
12 717
12 718
12 719
12 721
12 8721
13 10
13 146
13 147
13 149
13 722
14 5
14 20
14 99
14 131
14 132
14 133
14 165
14 166
15 3
15 5
15 20
15 33053
15 33917
15 39632
16 5
16 20
16 202
16 34863
16 34865
16 39633
17 76
17 433
17 434
17 436
17 39634
18 71
18 76
18 190
18 191
18 39635
seqId 193
1 98
1 99
1 100
1 195
1 8870
1 39636
2 3
2 20
2 195
2 5228
2 5230
2 39637
3 20
3 195
3 202
3 1692
3 7473
3 39639
3 39640
3 39641
4 717
4 718
4 719
4 721
4 39642
5 10
5 146
5 147
5 149
5 722
6 5
6 20
6 99
6 131
6 132
6 133
6 165
6 166
7 3
7 5
7 20
7 33272
7 34089
7 39643
8 76
8 342
8 343
8 345
8 39644
9 10
9 146
9 147
9 149
9 39645
10 5
10 27
10 99
10 131
10 132
10 133
10 135
10 39646
11 3
11 5
11 20
11 20716
11 20718
11 39647
12 5
12 20
12 202
12 33333
12 33335
12 39648
13 76
13 342
13 343
13 345
13 39649
14 2822
14 2823
14 2824
14 2826
14 39650
15 10
15 146
15 147
15 149
15 722
16 99
16 131
16 132
16 133
16 195
16 236
16 237
17 3
17 4
17 195
17 897
17 3520
17 39651
18 84
18 90
18 91
18 93
18 121
18 195
18 27603
18 39653
18 39654
19 10
19 146
19 147
19 149
19 39655
20 99
20 115
20 195
20 773
20 776
20 2192
20 28103
20 28931
20 39656
21 3
21 20
21 195
21 1320
21 3384
21 39657
22 660
22 2522
22 17966
22 17969
22 39658
23 9
23 10
23 24
23 26
23 27
23 39659
24 3
24 20
24 195
24 10801
24 14877
24 39660
25 9
25 10
25 11
25 13
25 39661
26 3
26 4
26 5
26 17
26 72
26 39357
26 39359
26 39663
27 71
27 76
27 190
27 191
27 39664
seqId 194
1 5
1 20
1 99
1 131
1 132
1 133
1 967
1 39665
2 3
2 5
2 20
2 33272
2 34089
2 39666
3 660
3 661
3 910
3 1234
3 39667
4 82
4 84
4 114
4 115
4 116
4 1361
4 39668
5 5
5 84
5 90
5 91
5 93
5 121
5 27393
5 39670
5 39671
6 660
6 661
6 1240
6 1242
6 39672
7 660
7 1796
7 1797
7 1799
7 39673
8 10
8 283
8 284
8 286
8 39674
9 4
9 5
9 99
9 115
9 773
9 774
9 775
9 776
9 3330
9 39675
10 3
10 4
10 5
10 6763
10 6765
10 39676
11 4
11 5
11 202
11 33079
11 33081
11 39678
12 27
12 944
12 945
12 1463
12 3308
12 39679
13 10
13 109
13 112
13 2548
13 39680
14 660
14 1796
14 1797
14 1799
14 39681
15 944
15 945
15 946
15 948
15 39682
16 3
16 5
16 20
16 10796
16 36031
16 39683
17 5
17 20
17 202
17 3386
17 10488
17 39684
18 76
18 342
18 343
18 345
18 39685
19 3
19 4
19 195
19 2738
19 2740
19 39686
20 76
20 342
20 343
20 345
20 39687
21 3
21 20
21 195
21 429
21 4265
21 39688
22 71
22 76
22 190
22 191
22 39689
seqId 195
1 660
1 3319
1 39691
1 39692
1 39693
2 9
2 10
2 11
2 13
2 39694
3 90
3 443
3 17308
3 34513
3 39695
4 99
4 131
4 132
4 133
4 195
4 237
4 39696
5 4
5 195
5 202
5 39698
5 39699
5 39700
6 3
6 4
6 195
6 16756
6 33576
6 39701
7 9
7 10
7 11
7 13
7 39702
8 3
8 5
8 20
8 7537
8 24371
8 39163
8 39164
8 39704
8 39705
9 82
9 758
9 759
9 761
9 39706
10 27
10 82
10 84
10 114
10 115
10 116
10 118
10 39707
11 84
11 90
11 91
11 93
11 121
11 195
11 755
11 12294
11 39709
11 39710
12 76
12 342
12 343
12 345
12 39711
13 82
13 83
13 115
13 195
13 4940
13 4941
13 28267
13 39712
14 82
14 83
14 115
14 116
14 195
14 4940
14 4941
14 28267
14 39713
15 90
15 91
15 93
15 121
15 195
15 4941
15 33058
15 33876
15 39289
15 39714
16 10
16 146
16 147
16 149
16 39715
17 660
17 22631
17 22632
17 22634
17 39716
18 90
18 443
18 16673
18 39718
18 39719
19 99
19 131
19 132
19 133
19 195
19 237
19 39720
20 3
20 20
20 195
20 20293
20 20295
20 39721
21 9
21 10
21 11
21 13
21 39722
22 4
22 5
22 99
22 131
22 132
22 133
22 152
22 39723
23 3
23 4
23 5
23 38982
23 38984
23 39724
24 9
24 10
24 11
24 13
24 39725
25 5
25 27
25 99
25 131
25 132
25 133
25 135
25 39726
26 3
26 5
26 20
26 20716
26 20718
26 39727
27 82
27 758
27 759
27 761
27 39728
28 76
28 342
28 343
28 345
28 39729
29 10
29 279
29 11672
29 11673
29 39730
30 3
30 5
30 20
30 1832
30 1834
30 39731
31 9
31 10
31 24
31 26
31 27
31 39732
32 3
32 20
32 195
32 23048
32 23050
32 39733
33 76
33 342
33 343
33 345
33 39734
34 5
34 84
34 91
34 93
34 121
34 703
34 707
34 956
34 39735
35 4
35 5
35 90
35 122
35 708
35 713
35 39737
35 39738
35 39739
36 9
36 10
36 24
36 26
36 27
36 39740
37 4
37 5
37 99
37 133
37 175
37 176
37 178
37 39741
38 3
38 4
38 5
38 34668
38 36123
38 39743
39 4
39 5
39 202
39 39745
39 39746
39 39747
40 10
40 378
40 379
40 381
40 39748
41 99
41 115
41 195
41 773
41 776
41 2192
41 28103
41 28931
41 39749
42 3
42 4
42 195
42 7178
42 7180
42 39750
43 76
43 413
43 414
43 416
43 39751
44 3
44 4
44 5
44 39753
44 39754
44 39755
45 230
45 231
45 232
45 234
45 39756
46 9
46 10
46 11
46 13
46 163
47 99
47 131
47 132
47 133
47 195
47 236
47 237
48 3
48 4
48 195
48 2738
48 2740
48 39757
49 10
49 109
49 110
49 112
49 39758
50 3
50 4
50 5
50 35420
50 35422
50 39759
51 76
51 342
51 343
51 345
51 39760
52 3
52 4
52 5
52 39762
52 39763
52 39764
53 230
53 231
53 232
53 234
53 39765
54 9
54 10
54 11
54 13
54 163
55 99
55 131
55 132
55 133
55 195
55 236
55 237
56 3
56 4
56 195
56 39767
56 39768
56 39769
57 76
57 342
57 343
57 345
57 39770
58 3
58 4
58 5
58 34872
58 34874
58 39771
59 9
59 10
59 11
59 13
59 39772
60 4
60 5
60 99
60 131
60 132
60 133
60 152
60 39773
61 3
61 4
61 5
61 34878
61 34880
61 39774
62 76
62 342
62 343
62 345
62 39775
63 3
63 4
63 5
63 39762
63 39764
63 39776
64 230
64 231
64 232
64 234
64 39777
65 9
65 10
65 11
65 13
65 163
66 99
66 131
66 132
66 133
66 195
66 236
66 237
67 3
67 4
67 195
67 35207
67 38451
67 39778
68 4
68 195
68 202
68 14923
68 39780
68 39781
68 39782
69 76
69 25774
69 25775
69 25777
69 39783
70 76
70 433
70 434
70 436
70 39784
71 76
71 413
71 414
71 416
71 39785
72 3
72 5
72 20
72 71
72 11431
72 33027
72 39786
73 3
73 5
73 20
73 508
73 512
73 39787
74 71
74 76
74 190
74 191
74 39788
75 3
75 5
75 20
75 10672
75 10674
75 39789
76 67
76 1185
76 14483
76 15215
76 27458
76 39791
76 39792
76 39793
77 10
77 126
77 127
77 129
77 39794
78 99
78 131
78 132
78 133
78 195
78 237
78 39795
79 3
79 20
79 195
79 31126
79 38752
79 39796
80 20
80 195
80 202
80 39798
80 39799
80 39800
81 9
81 10
81 11
81 13
81 39801
82 3
82 4
82 5
82 3416
82 13423
82 39803
82 39804
83 158
83 159
83 160
83 162
83 39805
84 9
84 10
84 11
84 13
84 163
85 5
85 20
85 99
85 131
85 132
85 133
85 165
85 166
86 3
86 5
86 20
86 39807
86 39808
86 39809
87 76
87 433
87 434
87 436
87 39810
88 71
88 76
88 190
88 191
88 39811
seqId 196
1 90
1 443
1 1587
1 4945
1 39813
1 39814
2 9
2 10
2 11
2 13
2 39815
3 4
3 5
3 99
3 2905
3 2906
3 39817
3 39818
4 3
4 4
4 5
4 34668
4 36123
4 39819
5 230
5 231
5 232
5 234
5 39820
6 9
6 10
6 11
6 13
6 163
7 99
7 131
7 132
7 133
7 195
7 236
7 237
8 3
8 20
8 195
8 3386
8 3388
8 39821
9 84
9 91
9 93
9 121
9 195
9 703
9 707
9 1858
9 39822
10 10
10 146
10 149
10 1539
10 39823
11 660
11 2310
11 2311
11 2313
11 39824
12 9
12 10
12 11
12 13
12 39825
13 90
13 443
13 3624
13 16509
13 39826
14 243
14 244
14 245
14 247
14 39827
15 9
15 10
15 11
15 13
15 39828
16 90
16 443
16 27424
16 27426
16 39829
17 10
17 146
17 147
17 149
17 39830
18 3
18 4
18 5
18 39832
18 39833
18 39834
19 4
19 5
19 202
19 317
19 39836
19 39837
20 230
20 231
20 232
20 234
20 39838
21 9
21 10
21 11
21 13
21 163
22 99
22 131
22 132
22 133
22 195
22 236
22 237
23 76
23 137
23 138
23 140
23 39839
24 3
24 4
24 195
24 6876
24 6878
24 39840
25 9
25 10
25 11
25 13
25 39841
26 3
26 4
26 5
26 33277
26 33279
26 39842
27 76
27 185
27 186
27 188
27 39843
28 5
28 84
28 90
28 91
28 93
28 121
28 1509
28 16289
28 39844
29 5
29 20
29 99
29 133
29 175
29 176
29 1316
29 39845
30 3
30 5
30 20
30 3937
30 37531
30 39846
31 5
31 20
31 202
31 1773
31 31090
31 39847
32 71
32 76
32 190
32 191
32 39848
seqId 197
1 10
1 378
1 3871
1 3873
1 39849
2 5
2 27
2 82
2 83
2 84
2 115
2 135
2 763
2 39850
3 90
3 443
3 11744
3 15894
3 39851
4 76
4 342
4 343
4 345
4 39852
5 99
5 133
5 175
5 176
5 195
5 234
5 39853
6 3
6 4
6 15
6 195
6 4121
6 39854
7 4
7 90
7 122
7 195
7 708
7 713
7 1159
7 39856
7 39857
8 84
8 90
8 91
8 93
8 121
8 195
8 14730
8 39859
8 39860
9 10
9 146
9 147
9 149
9 39861
10 90
10 443
10 12400
10 33680
10 39862
11 659
11 660
11 661
11 2274
11 39863
12 660
12 661
12 1240
12 1242
12 39864
13 660
13 1796
13 1797
13 1799
13 39865
14 99
14 133
14 175
14 176
14 195
14 234
14 39866
15 3
15 4
15 195
15 6920
15 6922
15 39867
16 3
16 4
16 5
16 35445
16 35447
16 39868
17 10
17 109
17 110
17 112
17 39869
18 3
18 4
18 5
18 18260
18 39871
18 39872
19 76
19 342
19 343
19 345
19 39873
20 244
20 1249
20 1250
20 1252
20 39874
21 99
21 133
21 175
21 176
21 195
21 234
21 39875
22 3
22 4
22 195
22 13797
22 39179
22 39876
23 10
23 378
23 379
23 381
23 39877
24 944
24 945
24 946
24 948
24 8986
25 99
25 131
25 132
25 133
25 195
25 237
25 8987
26 3
26 4
26 195
26 7178
26 7180
26 8990
27 243
27 244
27 245
27 247
27 39878
28 99
28 131
28 132
28 133
28 195
28 237
28 39879
29 3
29 20
29 195
29 37158
29 37160
29 39880
30 20
30 90
30 122
30 195
30 708
30 713
30 7704
30 39882
30 39883
31 84
31 90
31 93
31 121
31 195
31 2081
31 4415
31 39885
31 39886
32 90
32 443
32 1064
32 8149
32 39887
33 5
33 99
33 115
33 773
33 775
33 776
33 2192
33 3593
33 39888
34 3
34 5
34 20
34 12575
34 12577
34 39889
35 10
35 109
35 110
35 112
35 39890
36 3
36 4
36 5
36 18260
36 39872
36 39891
37 71
37 76
37 190
37 191
37 39892
seqId 198
1 5
1 20
1 27
1 36
1 82
1 84
1 98
1 100
1 39893
2 5
2 84
2 91
2 93
2 121
2 703
2 707
2 956
2 9007
3 10
3 283
3 284
3 286
3 39894
4 5
4 20
4 98
4 99
4 100
4 3961
4 39895
5 3
5 5
5 20
5 39897
5 39898
5 39899
6 944
6 945
6 946
6 948
6 39900
7 5
7 20
7 99
7 131
7 132
7 133
7 166
7 39901
8 3
8 5
8 20
8 4434
8 4436
8 39902
9 5
9 84
9 90
9 91
9 93
9 121
9 37601
9 37603
9 39903
10 5
10 20
10 99
10 131
10 132
10 133
10 166
10 39904
11 3
11 5
11 20
11 16848
11 16850
11 39905
12 230
12 231
12 232
12 234
12 39906
13 9
13 10
13 11
13 13
13 163
14 99
14 131
14 132
14 133
14 195
14 236
14 237
15 3
15 4
15 195
15 8229
15 8231
15 39907
16 9
16 10
16 11
16 13
16 39908
17 3
17 4
17 72
17 195
17 4121
17 36842
17 36844
17 39909
18 76
18 342
18 343
18 345
18 39910
19 9
19 10
19 11
19 13
19 39911
20 3
20 4
20 15
20 195
20 4121
20 39912
21 4
21 195
21 202
21 26749
21 26751
21 26752
21 39913
22 76
22 342
22 343
22 345
22 39914
23 244
23 15672
23 15673
23 15675
23 39915
24 9
24 10
24 11
24 13
24 39916
25 3
25 4
25 72
25 195
25 340
25 5390
25 22791
25 39918
25 39919
26 76
26 342
26 343
26 345
26 39920
27 244
27 418
27 419
27 421
27 39921
28 9
28 10
28 11
28 13
28 39922
29 3
29 4
29 15
29 195
29 4121
29 39923
30 4
30 90
30 122
30 195
30 708
30 713
30 2787
30 4288
30 4290
30 39924
31 76
31 342
31 343
31 345
31 39925
32 10
32 109
32 110
32 112
32 39926
33 3
33 5
33 20
33 5228
33 15262
33 39927
34 10
34 1387
34 1388
34 1390
34 39928
35 4
35 5
35 99
35 133
35 175
35 176
35 178
35 39929
36 4
36 5
36 202
36 7021
36 7023
36 39930
37 3
37 4
37 5
37 33048
37 33050
37 39931
38 9
38 10
38 11
38 13
38 39932
39 3
39 20
39 195
39 2960
39 2962
39 39933
40 76
40 413
40 414
40 416
40 39934
41 3
41 5
41 20
41 71
41 11431
41 33027
41 39935
42 3
42 5
42 20
42 508
42 512
42 39936
43 71
43 76
43 190
43 191
43 39937
44 5
44 27
44 99
44 131
44 132
44 133
44 135
44 39938
45 3
45 4
45 5
45 33906
45 33908
45 39939
46 82
46 759
46 944
46 948
46 39940
47 82
47 83
47 115
47 195
47 4940
47 4941
47 28267
47 39941
48 90
48 91
48 93
48 121
48 195
48 1345
48 4941
48 39943
48 39944
49 243
49 244
49 245
49 247
49 39945
50 90
50 91
50 93
50 121
50 195
50 1345
50 4941
50 39947
50 39948
51 10
51 109
51 110
51 112
51 39949
52 3
52 4
52 5
52 4406
52 24330
52 39950
53 10
53 126
53 127
53 129
53 39951
54 99
54 131
54 132
54 133
54 195
54 237
54 39952
55 3
55 20
55 195
55 2778
55 8080
55 39953
56 9
56 10
56 11
56 13
56 39954
57 3
57 4
57 5
57 10248
57 10250
57 39955
58 10
58 828
58 829
58 831
58 39956
59 36
59 67
59 3212
59 6743
59 6744
59 6746
59 39957
60 76
60 342
60 343
60 345
60 39958
61 660
61 976
61 979
61 1458
61 39959
62 944
62 945
62 946
62 948
62 39960
63 99
63 131
63 132
63 133
63 195
63 237
63 39961
64 3
64 4
64 195
64 340
64 5256
64 5258
64 39962
65 10
65 1387
65 1388
65 1390
65 39963
66 99
66 133
66 175
66 176
66 195
66 234
66 39964
67 3
67 20
67 195
67 3632
67 3634
67 39965
68 20
68 72
68 195
68 202
68 340
68 6754
68 6756
68 6757
68 39967
69 76
69 433
69 434
69 436
69 39968
70 71
70 76
70 190
70 191
70 39969
seqId 199
1 99
1 131
1 132
1 133
1 195
1 1220
1 39970
2 3
2 4
2 15
2 195
2 4121
2 39971
3 4
3 90
3 122
3 195
3 708
3 713
3 3686
3 5120
3 39972
4 84
4 90
4 91
4 93
4 121
4 195
4 702
4 1062
4 39973
5 3
5 4
5 5
5 21656
5 21658
5 39974
6 10
6 146
6 147
6 149
6 39975
7 90
7 443
7 8045
7 8047
7 9122
8 660
8 10581
8 10582
8 10584
8 39976
9 99
9 115
9 195
9 773
9 775
9 776
9 2192
9 2194
9 39977
10 3
10 20
10 195
10 21902
10 21904
10 39978
11 243
11 244
11 245
11 247
11 39979
12 90
12 443
12 9141
12 10481
12 39980
13 5
13 99
13 115
13 773
13 775
13 776
13 2192
13 3593
13 39981
14 3
14 4
14 5
14 25222
14 25224
14 39982
15 243
15 244
15 245
15 247
15 39983
16 5
16 99
16 115
16 773
16 775
16 776
16 2192
16 3593
16 39984
17 3
17 4
17 5
17 37922
17 37924
17 39985
18 71
18 76
18 190
18 191
18 39986
seqId 200
1 9
1 10
1 27
1 42
1 2548
1 39987
2 82
2 759
2 5284
2 5286
2 39988
3 5
3 27
3 99
3 131
3 132
3 133
3 135
3 39989
4 3
4 4
4 5
4 28242
4 28244
4 39990
5 4
5 5
5 90
5 122
5 708
5 713
5 12304
5 12306
5 39992
6 10
6 146
6 147
6 149
6 39993
7 5
7 27
7 99
7 131
7 132
7 133
7 135
7 39994
8 3
8 4
8 5
8 2608
8 4490
8 39995
9 9
9 10
9 11
9 13
9 39996
10 3
10 4
10 195
10 2828
10 2830
10 39997
11 4
11 195
11 202
11 6788
11 39998
11 39999
12 76
12 342
12 343
12 345
12 40000
13 660
13 6695
13 6696
13 6698
13 40001
14 4
14 90
14 122
14 195
14 708
14 713
14 2787
14 5390
14 40003
14 40004
14 40005
15 10
15 1387
15 1388
15 1390
15 40006
16 99
16 115
16 195
16 773
16 776
16 2192
16 28103
16 28931
16 40007
17 3
17 20
17 195
17 2960
17 2962
17 40008
18 76
18 342
18 343
18 345
18 40009
19 243
19 244
19 245
19 247
19 40010
20 10
20 146
20 147
20 149
20 40011
21 3
21 4
21 5
21 7144
21 7146
21 9173
22 9
22 10
22 11
22 13
22 9175
23 3
23 20
23 195
23 5627
23 40013
23 40014
24 20
24 195
24 202
24 340
24 40016
24 40017
24 40018
25 71
25 76
25 190
25 191
25 40019
seqId 201
1 5
1 20
1 99
1 131
1 132
1 133
1 967
1 40020
2 3
2 5
2 20
2 4434
2 4436
2 40021
3 5
3 84
3 90
3 91
3 92
3 93
3 5094
3 30223
3 40022
4 660
4 19069
4 19070
4 19072
4 40023
5 4
5 5
5 99
5 115
5 773
5 774
5 775
5 776
5 3330
5 40024
6 3
6 4
6 5
6 8229
6 12263
6 40025
7 9
7 10
7 11
7 13
7 40026
8 3
8 4
8 5
8 72
8 5390
8 40028
8 40029
8 40030
9 9
9 10
9 11
9 13
9 40031
10 3
10 4
10 195
10 4094
10 4096
10 40032
11 76
11 342
11 343
11 345
11 40033
12 10
12 378
12 379
12 381
12 40034
13 27
13 944
13 945
13 1463
13 3308
13 40035
14 4
14 82
14 83
14 84
14 115
14 195
14 1824
14 3621
14 40036
15 84
15 93
15 121
15 195
15 703
15 707
15 4415
15 25065
15 40037
16 4
16 90
16 122
16 195
16 708
16 713
16 5290
16 40039
16 40040
17 10
17 1605
17 1606
17 1608
17 40041
18 3
18 20
18 195
18 10402
18 10404
18 40042
19 76
19 342
19 343
19 345
19 40043
20 3
20 20
20 195
20 40045
20 40046
20 40047
21 243
21 244
21 245
21 247
21 40048
22 3
22 20
22 195
22 19046
22 19048
22 19049
22 40049
23 71
23 76
23 190
23 191
23 40050
seqId 202
1 5
1 20
1 27
1 36
1 82
1 84
1 98
1 100
1 40051
2 5
2 84
2 91
2 93
2 121
2 703
2 707
2 956
2 40052
3 660
3 6695
3 6696
3 6698
3 40053
4 5
4 27
4 99
4 131
4 132
4 133
4 135
4 40054
5 3
5 5
5 20
5 10801
5 10803
5 40055
6 9
6 10
6 11
6 13
6 40056
7 4
7 5
7 99
7 131
7 132
7 133
7 811
7 40057
8 3
8 4
8 5
8 866
8 40059
8 40060
8 40061
8 40062
9 4
9 5
9 202
9 34794
9 40064
9 40065
10 76
10 342
10 343
10 345
10 40066
11 3
11 4
11 5
11 34792
11 34794
11 40067
12 9
12 10
12 11
12 13
12 40068
13 3
13 4
13 5
13 17
13 72
13 39357
13 39359
13 40069
14 10
14 283
14 284
14 286
14 40070
15 4
15 5
15 82
15 759
15 1432
15 1434
15 40071
16 85
16 99
16 195
16 638
16 640
16 40072
17 3
17 20
17 195
17 10402
17 10404
17 40073
18 84
18 91
18 93
18 121
18 195
18 703
18 707
18 1858
18 40074
19 20
19 90
19 122
19 195
19 708
19 713
19 4288
19 25131
19 40075
20 660
20 5576
20 5577
20 5579
20 40076
21 9
21 10
21 24
21 26
21 27
21 40077
22 3
22 20
22 195
22 3632
22 3634
22 40078
23 158
23 159
23 160
23 162
23 40079
24 9
24 10
24 11
24 13
24 163
25 5
25 20
25 99
25 131
25 132
25 133
25 165
25 166
26 3
26 5
26 20
26 5018
26 5020
26 40080
27 5
27 20
27 202
27 40064
27 40082
27 40083
28 71
28 76
28 190
28 191
28 40084
seqId 203
1 90
1 443
1 3988
1 38195
1 40003
1 40086
1 40087
2 230
2 231
2 232
2 234
2 40088
3 9
3 10
3 11
3 13
3 163
4 99
4 131
4 132
4 133
4 195
4 236
4 237
5 3
5 4
5 195
5 4094
5 4096
5 40089
6 10
6 109
6 110
6 112
6 40090
7 3
7 4
7 5
7 9397
7 40092
7 40093
8 4
8 5
8 202
8 5232
8 31311
8 40094
9 10
9 1387
9 1388
9 1390
9 40095
10 99
10 131
10 132
10 133
10 195
10 237
10 9275
11 3
11 20
11 195
11 33272
11 33274
11 40096
12 243
12 244
12 245
12 247
12 40097
13 99
13 115
13 195
13 773
13 775
13 776
13 2192
13 2194
13 40098
14 3
14 20
14 195
14 34662
14 34664
14 40099
15 76
15 342
15 343
15 345
15 40100
16 90
16 443
16 1064
16 8149
16 40101
17 10
17 109
17 110
17 112
17 40102
18 3
18 4
18 5
18 8004
18 8006
18 40103
19 230
19 231
19 232
19 234
19 40104
20 9
20 10
20 11
20 13
20 163
21 99
21 131
21 132
21 133
21 195
21 236
21 237
22 3
22 20
22 195
22 10801
22 14877
22 40105
23 243
23 244
23 245
23 247
23 40106
24 99
24 133
24 175
24 176
24 195
24 234
24 40107
25 3
25 20
25 195
25 429
25 4265
25 40108
26 10
26 1387
26 1388
26 1390
26 40109
27 99
27 131
27 132
27 133
27 195
27 237
27 40110
28 3
28 20
28 195
28 3632
28 3634
28 40111
29 10
29 109
29 110
29 112
29 40112
30 90
30 121
30 122
30 9298
30 40114
30 40115
31 660
31 16882
31 16883
31 16885
31 40116
32 717
32 718
32 719
32 721
32 40117
33 10
33 146
33 147
33 149
33 722
34 5
34 20
34 99
34 131
34 132
34 133
34 165
34 166
35 3
35 5
35 20
35 31623
35 31625
35 40118
36 230
36 231
36 232
36 234
36 40119
37 9
37 10
37 11
37 13
37 163
38 99
38 131
38 132
38 133
38 195
38 236
38 237
39 3
39 20
39 195
39 10402
39 10404
39 40120
40 10
40 283
40 284
40 286
40 40121
41 5
41 99
41 115
41 773
41 775
41 776
41 2192
41 3593
41 40122
42 3
42 5
42 20
42 34626
42 37417
42 40123
43 76
43 342
43 343
43 345
43 40124
44 84
44 90
44 91
44 93
44 121
44 195
44 768
44 23861
44 40125
45 5
45 20
45 99
45 133
45 175
45 176
45 1316
45 40126
46 3
46 5
46 20
46 18025
46 18027
46 40127
47 10
47 146
47 147
47 149
47 40128
48 99
48 133
48 175
48 176
48 195
48 234
48 40129
49 3
49 4
49 15
49 195
49 4121
49 40130
50 4
50 90
50 122
50 195
50 708
50 713
50 1159
50 39857
50 40131
51 82
51 758
51 759
51 761
51 40132
52 84
52 91
52 93
52 121
52 195
52 703
52 707
52 1858
52 40133
53 10
53 146
53 149
53 1539
53 40134
54 660
54 2310
54 2311
54 2313
54 40135
55 9
55 10
55 11
55 13
55 40136
56 90
56 443
56 3624
56 16509
56 40137
57 99
57 131
57 132
57 133
57 195
57 237
57 40138
58 3
58 4
58 195
58 340
58 5408
58 32064
58 37384
58 40139
59 3
59 4
59 5
59 72
59 5251
59 19609
59 40141
59 40142
60 76
60 342
60 343
60 345
60 40143
61 243
61 244
61 245
61 247
61 40144
62 9
62 10
62 11
62 13
62 40145
63 27
63 82
63 84
63 114
63 115
63 116
63 118
63 40146
64 90
64 443
64 40148
64 40149
64 40150
65 10
65 283
65 284
65 286
65 40151
66 98
66 99
66 100
66 195
66 2073
66 40152
67 3
67 20
67 195
67 19820
67 38968
67 40153
68 71
68 76
68 190
68 191
68 40154
seqId 204
1 5
1 20
1 27
1 36
1 82
1 84
1 98
1 100
1 40155
2 5
2 84
2 91
2 93
2 121
2 703
2 707
2 956
2 40156
3 10
3 283
3 284
3 286
3 40157
4 5
4 20
4 98
4 99
4 100
4 102
4 40158
5 3
5 5
5 20
5 18025
5 18027
5 40159
6 944
6 945
6 946
6 948
6 40160
7 4
7 5
7 99
7 131
7 132
7 133
7 152
7 40161
8 3
8 4
8 5
8 5484
8 5486
8 40162
9 158
9 159
9 160
9 162
9 40163
10 9
10 10
10 11
10 13
10 163
11 5
11 20
11 99
11 131
11 132
11 133
11 165
11 166
12 5
12 20
12 67
12 699
12 3213
12 5979
12 33380
12 33382
12 40164
13 5
13 84
13 90
13 91
13 92
13 93
13 96
13 2163
13 30022
13 40166
14 10
14 1010
14 1011
14 1013
14 40167
15 4
15 5
15 82
15 84
15 85
15 175
15 178
15 40168
16 9
16 10
16 11
16 13
16 40169
17 99
17 115
17 195
17 773
17 774
17 775
17 776
17 3400
17 40170
18 51
18 195
18 1368
18 1370
18 40171
19 3
19 4
19 195
19 4734
19 4736
19 20119
19 40172
20 4
20 195
20 202
20 2787
20 15742
20 15744
20 40174
21 4
21 5
21 99
21 131
21 132
21 133
21 152
21 40175
22 3
22 4
22 5
22 3691
22 3693
22 40176
23 10
23 126
23 127
23 129
23 40177
24 5
24 20
24 99
24 131
24 132
24 133
24 166
24 40178
25 3
25 5
25 20
25 1684
25 13711
25 40179
26 76
26 137
26 138
26 140
26 40180
27 3
27 4
27 195
27 340
27 13423
27 26724
27 33188
27 40181
28 76
28 342
28 343
28 345
28 40182
29 3
29 5
29 20
29 11005
29 11007
29 40183
30 243
30 244
30 245
30 247
30 40184
31 3
31 4
31 5
31 4804
31 33065
31 40185
32 4
32 5
32 202
32 3386
32 6768
32 40186
33 76
33 185
33 186
33 188
33 40187
34 71
34 76
34 190
34 191
34 40188
seqId 205
1 51
1 52
1 2054
1 2056
1 40189
2 71
2 76
2 190
2 191
2 40190
3 5211
3 5212
3 5213
3 5215
3 40191
seqId 206
1 10
1 146
1 147
1 149
1 722
2 5
2 20
2 99
2 131
2 132
2 133
2 165
2 166
3 3
3 5
3 20
3 8760
3 8762
3 40192
4 9
4 10
4 11
4 13
4 40193
5 4
5 5
5 99
5 131
5 132
5 133
5 152
5 40194
6 3
6 4
6 5
6 8229
6 12263
6 40195
7 4
7 5
7 202
7 3386
7 6768
7 40196
8 76
8 342
8 343
8 345
8 40197
9 5
9 27
9 99
9 131
9 132
9 133
9 135
9 40198
10 3
10 4
10 5
10 33134
10 33136
10 40199
11 9
11 10
11 11
11 13
11 40200
12 51
12 195
12 1368
12 1370
12 40201
13 3
13 4
13 195
13 340
13 4734
13 33141
13 33142
13 33143
13 40202
seqId 207
1 4
1 5
1 99
1 131
1 132
1 133
1 811
1 40203
2 3
2 4
2 5
2 16756
2 16758
2 40204
3 230
3 231
3 232
3 234
3 40205
4 9
4 10
4 11
4 13
4 163
5 99
5 131
5 132
5 133
5 195
5 236
5 237
6 3
6 4
6 195
6 340
6 4734
6 33141
6 33142
6 33143
6 40206
7 5
7 84
7 91
7 93
7 121
7 703
7 707
7 956
7 40207
8 717
8 718
8 719
8 721
8 40208
9 10
9 146
9 147
9 149
9 722
10 5
10 20
10 99
10 131
10 132
10 133
10 165
10 166
11 3
11 5
11 20
11 8760
11 8762
11 40209
12 158
12 159
12 160
12 162
12 40210
13 9
13 10
13 11
13 13
13 163
14 5
14 20
14 99
14 131
14 132
14 133
14 165
14 166
15 3
15 5
15 20
15 429
15 431
15 40211
16 158
16 159
16 160
16 162
16 40212
17 9
17 10
17 11
17 13
17 163
18 5
18 20
18 99
18 131
18 132
18 133
18 165
18 166
19 3
19 5
19 20
19 4434
19 4436
19 40213
20 76
20 342
20 343
20 345
20 40214
21 5
21 20
21 82
21 83
21 84
21 115
21 763
21 1002
21 40215
22 27
22 82
22 84
22 114
22 115
22 116
22 118
22 40216
23 5
23 84
23 90
23 91
23 93
23 121
23 1815
23 2122
23 40217
24 10
24 378
24 379
24 381
24 40218
25 82
25 115
25 195
25 1262
25 4940
25 4941
25 28267
25 40219
26 9
26 10
26 24
26 26
26 27
26 40220
27 90
27 443
27 28383
27 28385
27 40221
28 99
28 133
28 175
28 176
28 195
28 234
28 40222
29 3
29 20
29 195
29 1905
29 36638
29 40223
30 243
30 244
30 245
30 247
30 40224
31 3
31 20
31 195
31 34150
31 36434
31 40225
32 9
32 10
32 11
32 13
32 40226
33 3
33 4
33 5
33 40228
33 40229
33 40230
33 40231
33 40232
34 4
34 5
34 202
34 5335
34 5337
34 40233
35 10
35 146
35 147
35 149
35 40234
36 5
36 27
36 99
36 131
36 132
36 133
36 135
36 40235
37 3
37 5
37 20
37 3394
37 3396
37 40236
38 230
38 231
38 232
38 234
38 40237
39 9
39 10
39 11
39 13
39 163
40 99
40 131
40 132
40 133
40 195
40 236
40 237
41 3
41 20
41 195
41 2034
41 3403
41 40238
42 71
42 76
42 190
42 191
42 40239
seqId 208
1 5
1 27
1 99
1 131
1 132
1 133
1 699
1 40240
2 3
2 4
2 5
2 2608
2 4490
2 40241
3 10
3 828
3 829
3 831
3 40242
4 3
4 20
4 195
4 1026
4 2320
4 2787
4 9565
4 40244
5 9
5 10
5 11
5 13
5 40245
6 3
6 4
6 5
6 15
6 17
6 40246
7 82
7 758
7 759
7 761
7 40247
8 5
8 84
8 91
8 93
8 121
8 703
8 707
8 956
8 40248
9 4
9 5
9 82
9 84
9 100
9 4680
9 7233
9 40249
10 9
10 10
10 11
10 13
10 40250
11 5
11 27
11 99
11 131
11 132
11 133
11 135
11 40251
12 4
12 5
12 202
12 17683
12 40253
12 40254
13 3
13 4
13 5
13 5484
13 5486
13 40255
14 5
14 84
14 91
14 93
14 121
14 702
14 703
14 705
14 40256
15 660
15 17895
15 40258
15 40259
15 40260
16 5
16 20
16 90
16 122
16 708
16 769
16 2333
16 7738
16 40261
17 230
17 231
17 232
17 234
17 40262
18 9
18 10
18 11
18 13
18 163
19 99
19 131
19 132
19 133
19 195
19 236
19 237
20 3
20 20
20 195
20 10660
20 10662
20 40263
21 20
21 195
21 202
21 28004
21 33777
21 40265
21 40266
21 40267
22 76
22 342
22 343
22 345
22 40268
23 20
23 195
23 202
23 340
23 623
23 625
23 626
23 40269
24 243
24 244
24 245
24 247
24 40270
25 10
25 1605
25 1606
25 1608
25 40271
26 3
26 20
26 195
26 9758
26 33695
26 40272
27 20
27 195
27 202
27 6881
27 6883
27 40273
28 76
28 413
28 414
28 416
28 40274
29 71
29 509
29 2487
29 40276
29 40277
29 40278
29 40279
30 3
30 20
30 195
30 340
30 4038
30 4040
30 40281
31 230
31 231
31 232
31 234
31 40282
32 9
32 10
32 11
32 13
32 163
33 99
33 131
33 132
33 133
33 195
33 236
33 237
34 3
34 20
34 195
34 1026
34 2320
34 2787
34 9565
34 40283
35 76
35 342
35 343
35 345
35 40284
36 3
36 5
36 20
36 71
36 11431
36 33027
36 40285
37 51
37 195
37 2379
37 2381
37 40286
38 243
38 244
38 245
38 247
38 40287
39 3
39 5
39 20
39 71
39 11431
39 33027
39 40288
40 51
40 195
40 40290
40 40291
40 40292
41 76
41 433
41 434
41 436
41 40293
42 76
42 342
42 343
42 345
42 40294
43 244
43 1249
43 1250
43 1252
43 40295
44 20
44 82
44 84
44 98
44 100
44 102
44 40296
45 82
45 759
45 944
45 948
45 40297
46 82
46 115
46 195
46 4940
46 4941
46 28267
46 40298
47 91
47 93
47 121
47 195
47 702
47 703
47 4941
47 28270
47 40299
48 20
48 90
48 122
48 708
48 769
48 1345
48 1347
48 40300
49 10
49 109
49 110
49 112
49 9600
50 3
50 4
50 5
50 4406
50 24330
50 40301
51 10
51 283
51 284
51 286
51 40302
52 5
52 27
52 99
52 131
52 132
52 133
52 135
52 40303
53 3
53 4
53 5
53 33173
53 40305
53 40306
54 4
54 5
54 202
54 33765
54 33767
54 40307
55 76
55 342
55 343
55 345
55 40308
56 9
56 10
56 24
56 26
56 27
56 40309
57 4
57 5
57 99
57 133
57 175
57 176
57 178
57 40310
58 3
58 4
58 5
58 5469
58 5471
58 40311
59 76
59 342
59 343
59 345
59 40312
60 243
60 244
60 245
60 247
60 40313
61 4
61 5
61 99
61 131
61 132
61 133
61 152
61 40314
62 3
62 4
62 5
62 8356
62 8358
62 40316
63 9
63 10
63 11
63 13
63 40317
64 660
64 2347
64 2348
64 2350
64 40318
65 20
65 195
65 202
65 9342
65 33979
65 40319
66 3
66 20
66 195
66 3386
66 3388
66 40320
67 76
67 342
67 343
67 345
67 40321
68 9
68 10
68 24
68 26
68 27
68 40322
69 4
69 5
69 202
69 2294
69 2296
69 40323
70 3
70 4
70 5
70 5469
70 5471
70 40324
71 76
71 342
71 343
71 345
71 40325
72 82
72 115
72 195
72 4940
72 4941
72 28267
72 40326
73 84
73 91
73 93
73 121
73 195
73 702
73 703
73 1062
73 40327
74 5
74 20
74 122
74 703
74 708
74 3777
74 4766
74 40328
75 90
75 443
75 40330
75 40331
75 40332
76 76
76 342
76 343
76 345
76 40333
77 10
77 2518
77 2519
77 2521
77 40334
78 5
78 20
78 99
78 133
78 175
78 176
78 1316
78 40335
79 5
79 20
79 202
79 1466
79 18974
79 40336
80 3
80 5
80 20
80 1320
80 1322
80 40337
81 5
81 20
81 202
81 4961
81 4963
81 40339
82 76
82 342
82 343
82 345
82 40340
83 10
83 378
83 379
83 381
83 40341
84 4
84 5
84 99
84 133
84 175
84 176
84 178
84 40342
85 3
85 4
85 5
85 2608
85 4490
85 40343
86 90
86 121
86 122
86 6786
86 40345
86 40346
87 76
87 342
87 343
87 345
87 40347
88 9
88 10
88 24
88 26
88 27
88 40348
89 4
89 5
89 99
89 133
89 175
89 176
89 178
89 40349
90 3
90 4
90 5
90 5469
90 5471
90 40350
91 76
91 342
91 343
91 345
91 40351
92 10
92 126
92 127
92 129
92 40352
93 5
93 20
93 99
93 133
93 175
93 176
93 1316
93 40353
94 3
94 5
94 20
94 3650
94 3652
94 40354
95 5
95 20
95 202
95 2664
95 2666
95 40355
96 230
96 231
96 232
96 234
96 40356
97 9
97 10
97 11
97 13
97 163
98 99
98 131
98 132
98 133
98 195
98 236
98 237
99 3
99 4
99 195
99 340
99 4734
99 33141
99 33142
99 33143
99 40357
100 76
100 342
100 343
100 345
100 40358
101 243
101 244
101 245
101 247
101 40359
102 9
102 10
102 24
102 26
102 27
102 40360
103 4
103 5
103 202
103 2294
103 2296
103 40361
104 3
104 4
104 5
104 5469
104 5471
104 40362
105 76
105 342
105 343
105 345
105 40363
106 10
106 126
106 127
106 129
106 40364
107 4
107 5
107 99
107 131
107 132
107 133
107 152
107 40365
108 3
108 4
108 5
108 15116
108 15118
108 40366
109 158
109 159
109 160
109 162
109 40367
110 9
110 10
110 11
110 13
110 163
111 5
111 20
111 99
111 131
111 132
111 133
111 165
111 166
112 3
112 5
112 20
112 21756
112 21758
112 40368
113 5
113 20
113 202
113 40370
113 40371
113 40372
114 243
114 244
114 245
114 247
114 40373
115 5
115 20
115 202
115 1695
115 1697
115 40374
116 9
116 10
116 11
116 13
116 40375
117 660
117 2347
117 2348
117 2350
117 40376
118 20
118 195
118 202
118 9342
118 33979
118 40377
119 3
119 20
119 195
119 3386
119 3388
119 40378
120 9
120 10
120 11
120 13
120 40379
121 3
121 5
121 20
121 1320
121 1322
121 40380
122 76
122 342
122 343
122 345
122 40381
123 72
123 660
123 28419
123 28420
123 28422
123 28423
123 40382
124 99
124 131
124 132
124 133
124 195
124 237
124 40383
125 3
125 20
125 195
125 4157
125 33225
125 40384
126 71
126 76
126 190
126 191
126 40385
seqId 209
1 4
1 5
1 99
1 131
1 132
1 133
1 811
1 40386
2 3
2 4
2 5
2 16756
2 16758
2 40387
3 9
3 10
3 11
3 13
3 40388
4 67
4 33141
4 33142
4 33143
4 40389
4 40390
4 40391
5 5
5 84
5 91
5 93
5 121
5 702
5 703
5 705
5 40392
6 660
6 19069
6 19070
6 19072
6 40393
7 5
7 20
7 122
7 703
7 707
7 708
7 710
7 40394
8 4
8 5
8 90
8 122
8 708
8 713
8 10796
8 15705
8 40395
9 660
9 3319
9 3320
9 3322
9 40396
10 9
10 10
10 11
10 13
10 40397
11 443
11 703
11 4766
11 5065
11 40398
12 90
12 443
12 3718
12 12280
12 40399
13 5
13 27
13 99
13 131
13 132
13 133
13 135
13 40400
14 3
14 5
14 20
14 3394
14 3396
14 40401
15 230
15 231
15 232
15 234
15 40402
16 9
16 10
16 11
16 13
16 163
17 99
17 131
17 132
17 133
17 195
17 236
17 237
18 3
18 20
18 195
18 1320
18 3384
18 40403
19 76
19 342
19 343
19 345
19 40404
20 230
20 231
20 232
20 234
20 40405
21 9
21 10
21 11
21 13
21 163
22 99
22 131
22 132
22 133
22 195
22 236
22 237
23 3
23 4
23 195
23 19879
23 26830
23 40406
24 76
24 342
24 343
24 345
24 40407
25 99
25 133
25 175
25 176
25 195
25 234
25 40408
26 3
26 4
26 195
26 21181
26 21183
26 40409
27 82
27 759
27 944
27 948
27 40410
28 84
28 90
28 91
28 93
28 121
28 195
28 4190
28 14613
28 40411
29 99
29 131
29 132
29 133
29 195
29 237
29 40412
30 3
30 20
30 195
30 2217
30 8955
30 40413
31 20
31 195
31 202
31 7185
31 18153
31 40414
32 9
32 10
32 11
32 13
32 40415
33 4
33 85
33 99
33 195
33 2075
33 2771
33 40416
34 3
34 4
34 195
34 13569
34 13571
34 40417
35 76
35 342
35 343
35 345
35 40418
36 20
36 90
36 122
36 195
36 708
36 713
36 1159
36 38792
36 40419
37 10
37 126
37 127
37 129
37 40420
38 20
38 85
38 99
38 195
38 2075
38 2077
38 40421
39 3
39 20
39 195
39 9758
39 33695
39 40422
40 20
40 195
40 202
40 6881
40 6883
40 40423
41 76
41 342
41 343
41 345
41 40424
42 90
42 121
42 122
42 31304
42 37431
42 40425
43 20
43 85
43 99
43 195
43 2075
43 2077
43 40426
44 3
44 20
44 195
44 10801
44 14877
44 40427
45 76
45 342
45 343
45 345
45 40428
46 10
46 146
46 149
46 2548
46 40429
47 3
47 5
47 20
47 38959
47 38961
47 40430
48 4
48 85
48 99
48 195
48 2075
48 2771
48 40431
49 3
49 4
49 195
49 19879
49 26830
49 40432
50 243
50 244
50 245
50 247
50 40433
51 3
51 20
51 195
51 340
51 40435
51 40436
51 40437
52 71
52 76
52 190
52 191
52 40438
seqId 210
1 82
1 83
1 115
1 195
1 4940
1 4941
1 4943
1 40439
2 90
2 91
2 93
2 121
2 195
2 3257
2 4941
2 4948
2 40441
2 40442
2 40443
3 51
3 195
3 1368
3 1370
3 40444
4 20
4 195
4 202
4 7021
4 36568
4 40445
5 3
5 20
5 195
5 2320
5 16794
5 40446
6 9
6 10
6 11
6 13
6 40447
7 3
7 4
7 5
7 3691
7 3693
7 40448
8 82
8 758
8 759
8 761
8 9827
9 84
9 90
9 91
9 93
9 121
9 195
9 9828
9 33961
9 40450
10 5
10 27
10 99
10 131
10 132
10 133
10 135
10 40451
11 3
11 4
11 5
11 1573
11 1575
11 40452
12 158
12 159
12 160
12 162
12 40453
13 9
13 10
13 11
13 13
13 163
14 5
14 20
14 99
14 131
14 132
14 133
14 165
14 166
15 3
15 5
15 20
15 4434
15 4436
15 40454
16 243
16 244
16 245
16 247
16 40455
17 84
17 90
17 91
17 93
17 121
17 195
17 1509
17 1511
17 40456
18 660
18 976
18 977
18 979
18 40457
19 51
19 195
19 1368
19 1370
19 40458
20 3
20 4
20 195
20 340
20 4734
20 33141
20 33142
20 33143
20 40459
21 76
21 413
21 414
21 416
21 40460
22 4
22 90
22 122
22 195
22 708
22 713
22 3482
22 11046
22 40461
23 72
23 660
23 28422
23 33655
23 33656
23 33658
23 40462
24 76
24 433
24 434
24 436
24 40463
25 75
25 76
25 77
25 79
25 40464
seqId 211
1 76
1 40466
1 40467
1 40468
1 40469
seqId 212
1 3
1 4
1 195
1 340
1 5407
1 5951
1 33157
1 40470
2 243
2 244
2 245
2 247
2 40471
3 3
3 4
3 5
3 33160
3 33162
3 40473
4 4
4 5
4 202
4 33164
4 38952
4 40475
5 75
5 76
5 77
5 79
5 40476
6 90
6 443
6 31757
6 33170
6 40477
7 99
7 131
7 132
7 133
7 195
7 237
7 40478
8 3
8 20
8 195
8 10464
8 10466
8 40479
9 76
9 1267
9 1268
9 1270
9 40480
seqId 213
1 76
1 40466
1 40467
1 40469
1 40481
seqId 214
1 3
1 4
1 195
1 340
1 13423
1 26724
1 33188
1 40482
2 76
2 342
2 343
2 345
2 40483
3 3
3 5
3 20
3 11005
3 11007
3 40484
4 76
4 342
4 343
4 345
4 40485
5 3
5 4
5 5
5 4804
5 33065
5 40486
6 4
6 5
6 202
6 3386
6 6768
6 40487
7 76
7 1267
7 1268
7 1270
7 40488
seqId 215
1 76
1 40466
1 40467
1 40469
1 40489
seqId 216
1 3
1 20
1 195
1 340
1 33088
1 33206
1 33207
1 40490
2 20
2 195
2 202
2 340
2 10216
2 10218
2 40491
3 243
3 244
3 245
3 247
3 40492
4 3
4 4
4 5
4 7537
4 33211
4 33213
4 33214
4 40493
5 230
5 231
5 232
5 234
5 40494
6 9
6 10
6 11
6 13
6 163
7 99
7 131
7 132
7 133
7 195
7 236
7 237
8 3
8 4
8 195
8 8229
8 8231
8 40495
9 195
9 202
9 302
9 1655
9 40496
10 71
10 76
10 190
10 191
10 40497
seqId 217
1 5
1 85
1 99
1 10078
1 27149
1 40498
2 3
2 4
2 5
2 729
2 4454
2 40499
3 10
3 378
3 379
3 381
3 40500
4 4
4 5
4 82
4 84
4 85
4 1310
4 25794
4 40501
5 9
5 10
5 11
5 13
5 40502
6 98
6 99
6 100
6 195
6 2073
6 40503
7 51
7 195
7 1368
7 1370
7 40504
8 3
8 4
8 195
8 340
8 4734
8 33141
8 33142
8 33143
8 40505
9 76
9 342
9 343
9 345
9 40506
10 5
10 84
10 91
10 92
10 93
10 703
10 707
10 16563
10 40507
11 5
11 20
11 90
11 122
11 708
11 713
11 2832
11 5688
11 40508
12 5
12 20
12 99
12 133
12 175
12 176
12 1316
12 40509
13 3
13 5
13 20
13 2972
13 21750
13 40510
14 9
14 10
14 11
14 13
14 40511
15 3
15 5
15 20
15 465
15 40513
15 40514
16 3
16 4
16 195
16 6862
16 14459
16 40515
17 9
17 10
17 24
17 26
17 27
17 40516
18 3
18 4
18 195
18 1395
18 1397
18 40517
19 10
19 146
19 147
19 149
19 40518
20 3
20 4
20 5
20 7144
20 7146
20 40519
21 9
21 10
21 11
21 13
21 40520
22 5
22 27
22 99
22 131
22 132
22 133
22 135
22 40521
23 3
23 5
23 20
23 3394
23 3396
23 40522
24 158
24 159
24 160
24 162
24 40523
25 9
25 10
25 11
25 13
25 163
26 5
26 20
26 99
26 131
26 132
26 133
26 165
26 166
27 3
27 5
27 20
27 4434
27 4436
27 40524
28 71
28 76
28 190
28 191
28 40525
seqId 218
1 99
1 131
1 132
1 133
1 195
1 1220
1 9936
2 3
2 20
2 195
2 13108
2 13110
2 40526
3 9
3 10
3 11
3 13
3 40527
4 98
4 99
4 100
4 195
4 2073
4 40528
5 3
5 20
5 195
5 2601
5 2603
5 40529
6 9
6 10
6 24
6 26
6 27
6 40530
7 3
7 20
7 195
7 10660
7 10662
7 40531
8 84
8 91
8 92
8 93
8 195
8 703
8 707
8 12595
8 40532
9 20
9 90
9 122
9 195
9 708
9 713
9 27750
9 40534
9 40535
9 40536
10 660
10 3319
10 3320
10 3322
10 9950
11 9
11 10
11 11
11 13
11 40537
12 443
12 703
12 4766
12 5065
12 40538
13 90
13 443
13 2574
13 40540
13 40541
14 99
14 131
14 132
14 133
14 195
14 237
14 40542
15 3
15 4
15 195
15 24335
15 24337
15 40543
16 76
16 342
16 343
16 345
16 40544
17 99
17 131
17 132
17 133
17 195
17 237
17 40545
18 3
18 20
18 195
18 1320
18 3384
18 40546
19 243
19 244
19 245
19 247
19 40547
20 660
20 40549
20 40550
20 40551
20 40552
21 99
21 131
21 132
21 133
21 195
21 237
21 9973
22 3
22 20
22 195
22 1866
22 10151
22 40553
23 9
23 10
23 11
23 13
23 40554
24 4
24 5
24 99
24 131
24 132
24 133
24 152
24 40555
25 3
25 4
25 5
25 3199
25 5132
25 40556
26 4
26 5
26 202
26 3244
26 3246
26 40557
27 158
27 159
27 160
27 162
27 40558
28 9
28 10
28 11
28 13
28 163
29 5
29 20
29 99
29 131
29 132
29 133
29 165
29 166
30 3
30 5
30 20
30 4434
30 4436
30 40559
31 71
31 76
31 190
31 191
31 40560
seqId 219
1 99
1 131
1 132
1 133
1 195
1 1220
1 40561
2 3
2 4
2 195
2 340
2 4734
2 33141
2 33142
2 33143
2 40562
3 84
3 90
3 91
3 93
3 121
3 195
3 4379
3 13099
3 40563
4 660
4 19069
4 19070
4 19072
4 40564
5 4
5 5
5 99
5 131
5 132
5 133
5 152
5 40565
6 3
6 4
6 5
6 3199
6 5132
6 40566
7 4
7 5
7 202
7 302
7 304
7 40567
8 158
8 159
8 160
8 162
8 40568
9 9
9 10
9 11
9 13
9 163
10 5
10 20
10 99
10 131
10 132
10 133
10 165
10 166
11 3
11 5
11 20
11 4434
11 4436
11 40569
12 76
12 342
12 343
12 345
12 40570
13 4
13 82
13 83
13 84
13 115
13 195
13 1824
13 3621
13 40571
14 82
14 83
14 84
14 109
14 112
14 115
14 40572
15 84
15 91
15 93
15 121
15 195
15 703
15 707
15 1858
15 40573
16 5
16 27
16 99
16 131
16 132
16 133
16 135
16 40574
17 3
17 5
17 20
17 33358
17 35385
17 40575
18 9
18 10
18 24
18 26
18 27
18 40576
19 3
19 5
19 20
19 10660
19 13536
19 40577
20 76
20 342
20 343
20 345
20 40578
21 9
21 10
21 11
21 13
21 40579
22 3
22 4
22 5
22 33969
22 33971
22 40581
23 243
23 244
23 245
23 247
23 40582
24 9
24 10
24 11
24 13
24 40583
25 3
25 4
25 5
25 10638
25 10812
25 40584
26 71
26 76
26 190
26 191
26 40585
seqId 220
1 5
1 20
1 99
1 131
1 132
1 133
1 967
1 40586
2 3
2 5
2 20
2 1320
2 1322
2 40587
3 5
3 20
3 202
3 33233
3 40589
3 40590
4 9
4 10
4 11
4 13
4 40591
5 4
5 5
5 99
5 131
5 132
5 133
5 152
5 40592
6 3
6 4
6 5
6 15
6 17
6 40593
7 5
7 84
7 91
7 93
7 121
7 703
7 707
7 956
7 40594
8 660
8 9011
8 9012
8 9014
8 40595
9 5
9 20
9 90
9 122
9 708
9 713
9 3686
9 27076
9 40596
10 10
10 828
10 829
10 831
10 40597
11 99
11 131
11 132
11 133
11 195
11 237
11 40598
12 3
12 195
12 2217
12 8955
12 40599
13 20
13 90
13 122
13 195
13 708
13 713
13 8855
13 28987
13 40601
14 10
14 109
14 110
14 112
14 40602
15 3
15 20
15 195
15 4157
15 33225
15 40603
16 71
16 76
16 190
16 191
16 40604
seqId 221
1 98
1 99
1 100
1 195
1 8870
1 40605
2 3
2 20
2 195
2 4157
2 33225
2 40606
3 84
3 90
3 91
3 93
3 121
3 195
3 1509
3 1511
3 40607
4 660
4 976
4 977
4 979
4 40608
5 99
5 131
5 132
5 133
5 195
5 237
5 40609
6 3
6 20
6 195
6 1905
6 36638
6 40610
7 158
7 159
7 160
7 162
7 40611
8 9
8 10
8 11
8 13
8 163
9 5
9 20
9 99
9 131
9 132
9 133
9 165
9 166
10 3
10 5
10 20
10 1320
10 1322
10 40612
11 5
11 20
11 202
11 5859
11 24599
11 40613
12 9
12 10
12 11
12 13
12 40614
13 4
13 5
13 99
13 131
13 132
13 133
13 152
13 40615
14 3
14 4
14 5
14 15
14 17
14 40616
15 76
15 342
15 343
15 345
15 40617
16 9
16 10
16 11
16 13
16 40618
17 5
17 27
17 99
17 131
17 132
17 133
17 135
17 40619
18 3
18 4
18 5
18 897
18 899
18 40620
19 4
19 5
19 202
19 6269
19 10569
19 40621
20 158
20 159
20 160
20 162
20 40622
21 9
21 10
21 11
21 13
21 163
22 5
22 20
22 99
22 131
22 132
22 133
22 165
22 166
23 3
23 5
23 20
23 4434
23 4436
23 40623
24 71
24 76
24 190
24 191
24 40624
seqId 222
1 20
1 82
1 83
1 84
1 115
1 195
1 1824
1 9780
1 40625
2 84
2 90
2 91
2 93
2 121
2 195
2 8855
2 26090
2 40626
3 99
3 131
3 132
3 133
3 195
3 237
3 40627
4 3
4 20
4 195
4 10402
4 10404
4 40628
5 660
5 3261
5 3262
5 3264
5 40629
6 9
6 10
6 11
6 13
6 40630
7 3
7 20
7 195
7 1684
7 1686
7 40631
8 20
8 195
8 202
8 340
8 27672
8 27674
8 40632
9 243
9 244
9 245
9 247
9 40633
10 84
10 90
10 91
10 93
10 121
10 195
10 4379
10 13099
10 40634
11 99
11 131
11 132
11 133
11 195
11 237
11 40635
12 3
12 20
12 195
12 10672
12 17040
12 40636
13 243
13 244
13 245
13 247
13 40637
14 3
14 20
14 195
14 429
14 4265
14 40638
15 71
15 76
15 190
15 191
15 40639
seqId 223
1 99
1 131
1 132
1 133
1 195
1 1220
1 40640
2 3
2 20
2 195
2 4157
2 4159
2 40641
3 82
3 84
3 114
3 115
3 116
3 1361
3 40642
4 84
4 90
4 91
4 93
4 121
4 195
4 10796
4 40644
4 40645
5 10
5 126
5 127
5 129
5 40646
6 99
6 133
6 175
6 176
6 195
6 234
6 40647
7 3
7 4
7 195
7 340
7 31230
7 31232
7 40649
8 243
8 244
8 245
8 247
8 40650
9 99
9 133
9 175
9 176
9 195
9 234
9 40651
10 3
10 4
10 195
10 40653
10 40654
10 40655
11 9
11 10
11 11
11 13
11 40656
12 3
12 5
12 20
12 1320
12 1322
12 40657
13 76
13 342
13 343
13 345
13 40658
14 99
14 133
14 175
14 176
14 195
14 234
14 40659
15 3
15 4
15 195
15 340
15 33969
15 33971
15 40660
16 76
16 342
16 343
16 345
16 40661
17 244
17 1249
17 1250
17 1252
17 40662
18 660
18 1622
18 1623
18 1625
18 40663
19 10
19 126
19 127
19 129
19 40664
20 4
20 5
20 99
20 133
20 175
20 176
20 178
20 40665
21 3
21 4
21 5
21 3781
21 3783
21 40666
22 9
22 10
22 11
22 13
22 40667
23 3
23 4
23 5
23 4228
23 13593
23 40668
24 1458
24 2717
24 4052
24 4054
24 40669
25 3
25 4
25 5
25 22519
25 22521
25 40670
26 4
26 5
26 202
26 5335
26 5337
26 10147
27 82
27 758
27 759
27 761
27 40671
28 5
28 84
28 90
28 91
28 93
28 121
28 11204
28 11206
28 40672
29 99
29 131
29 132
29 133
29 195
29 237
29 40673
30 3
30 20
30 195
30 25752
30 25754
30 40674
31 71
31 76
31 190
31 191
31 40675
seqId 224
1 5
1 85
1 99
1 10078
1 27149
1 40676
2 3
2 5
2 20
2 4157
2 10520
2 40677
3 27
3 82
3 84
3 114
3 115
3 116
3 118
3 40678
4 5
4 84
4 90
4 91
4 93
4 120
4 121
4 40680
4 40681
5 10
5 126
5 127
5 129
5 40682
6 99
6 133
6 175
6 176
6 195
6 234
6 40683
7 3
7 20
7 195
7 40685
7 40686
7 40687
8 20
8 195
8 202
8 3386
8 3388
8 40688
9 76
9 413
9 414
9 416
9 40689
10 3
10 4
10 195
10 340
10 5256
10 5258
10 40690
11 4
11 90
11 122
11 195
11 708
11 713
11 3906
11 3908
11 40691
12 76
12 342
12 343
12 345
12 40692
13 3
13 20
13 195
13 217
13 1506
13 40693
14 9
14 10
14 24
14 26
14 27
14 40694
15 3
15 5
15 20
15 7259
15 7261
15 40695
16 20
16 195
16 202
16 340
16 40697
16 40698
16 40699
17 76
17 25774
17 25775
17 25777
17 40700
18 76
18 433
18 434
18 436
18 40701
19 243
19 244
19 245
19 247
19 40702
20 5
20 84
20 90
20 91
20 93
20 121
20 838
20 3783
20 35803
20 40703
21 9
21 10
21 11
21 13
21 40704
22 90
22 443
22 3563
22 31168
22 40705
23 99
23 133
23 175
23 176
23 195
23 234
23 40706
24 3
24 4
24 195
24 4804
24 5101
24 40707
25 9
25 10
25 11
25 13
25 40708
26 3
26 4
26 5
26 15
26 17
26 40709
27 82
27 758
27 759
27 761
27 40710
28 84
28 90
28 91
28 93
28 121
28 195
28 2333
28 8164
28 40711
29 9
29 10
29 11
29 13
29 40712
30 5
30 27
30 82
30 83
30 84
30 115
30 135
30 763
30 40713
31 90
31 443
31 3257
31 14916
31 40714
32 76
32 413
32 414
32 416
32 40715
33 3
33 5
33 20
33 2863
33 2865
33 40716
34 76
34 342
34 343
34 345
34 10203
35 3
35 5
35 20
35 2887
35 2889
35 40717
36 76
36 342
36 343
36 345
36 40718
37 3
37 5
37 20
37 9469
37 10946
37 40719
38 76
38 342
38 343
38 345
38 40720
39 3
39 5
39 20
39 10672
39 10674
39 40721
40 76
40 342
40 343
40 345
40 40722
41 71
41 509
41 25601
41 25602
41 25604
41 40723
42 76
42 433
42 434
42 436
42 40724
43 76
43 342
43 343
43 345
43 40725
44 9
44 10
44 11
44 13
44 40726
45 443
45 703
45 4766
45 5065
45 40727
46 90
46 443
46 40729
46 40730
46 40731
47 99
47 131
47 132
47 133
47 195
47 237
47 40732
48 3
48 20
48 195
48 1320
48 3384
48 40733
49 9
49 10
49 11
49 13
49 40734
50 99
50 115
50 195
50 773
50 774
50 775
50 776
50 3400
50 40735
51 3
51 20
51 195
51 2034
51 3403
51 40736
52 660
52 1377
52 6485
52 6487
52 40737
53 10
53 109
53 110
53 112
53 40738
54 90
54 121
54 122
54 1301
54 1303
54 40739
55 717
55 718
55 719
55 721
55 40740
56 10
56 146
56 147
56 149
56 722
57 5
57 20
57 99
57 131
57 132
57 133
57 165
57 166
58 3
58 5
58 20
58 429
58 431
58 40741
59 158
59 159
59 160
59 162
59 40742
60 9
60 10
60 11
60 13
60 163
61 5
61 20
61 99
61 131
61 132
61 133
61 165
61 166
62 3
62 5
62 20
62 4434
62 4436
62 40743
63 10
63 146
63 149
63 2548
63 40744
64 3
64 5
64 20
64 38959
64 38961
64 40745
65 99
65 131
65 132
65 133
65 195
65 237
65 40746
66 3
66 20
66 195
66 29708
66 29972
66 40747
67 9
67 10
67 11
67 13
67 40748
68 3
68 4
68 5
68 4228
68 13593
68 40749
69 10
69 109
69 110
69 112
69 40750
70 3
70 4
70 5
70 3123
70 3125
70 40751
71 230
71 231
71 232
71 234
71 40752
72 9
72 10
72 11
72 13
72 163
73 99
73 131
73 132
73 133
73 195
73 236
73 237
74 3
74 4
74 195
74 340
74 4734
74 33141
74 33142
74 33143
74 40753
75 71
75 76
75 190
75 191
75 40754
seqId 225
1 99
1 131
1 132
1 133
1 195
1 1220
1 40755
2 3
2 20
2 195
2 4157
2 33225
2 40756
3 84
3 90
3 91
3 93
3 121
3 195
3 40758
3 40759
3 40760
4 10
4 146
4 147
4 149
4 10277
5 99
5 133
5 175
5 176
5 195
5 234
5 40761
6 3
6 20
6 195
6 3386
6 3388
6 40762
7 9
7 10
7 11
7 13
7 40763
8 3
8 5
8 20
8 1320
8 1322
8 40764
9 660
9 2347
9 2348
9 2350
9 40765
10 20
10 195
10 202
10 40767
10 40768
10 40769
11 243
11 244
11 245
11 247
11 40770
12 660
12 2347
12 2348
12 2350
12 40771
13 20
13 195
13 202
13 40773
13 40774
13 40775
14 944
14 945
14 946
14 948
14 40776
15 660
15 661
15 910
15 1234
15 40777
16 5
16 27
16 82
16 83
16 84
16 115
16 135
16 763
16 40778
17 84
17 91
17 93
17 195
17 703
17 707
17 914
17 1829
17 40779
18 99
18 131
18 132
18 133
18 195
18 237
18 40780
19 3
19 20
19 195
19 1026
19 2320
19 2787
19 9565
19 40781
20 9
20 10
20 11
20 13
20 40782
21 3
21 4
21 5
21 15
21 17
21 40783
22 158
22 159
22 160
22 162
22 40784
23 9
23 10
23 11
23 13
23 163
24 5
24 20
24 99
24 131
24 132
24 133
24 165
24 166
25 3
25 5
25 20
25 384
25 386
25 40785
26 51
26 195
26 4164
26 33755
26 33757
26 40786
27 71
27 76
27 190
27 191
27 40787
seqId 226
1 5
1 20
1 99
1 131
1 132
1 133
1 967
1 40788
2 3
2 5
2 20
2 1320
2 1322
2 40789
3 5
3 20
3 202
3 4961
3 4963
3 40790
4 5
4 20
4 90
4 122
4 708
4 713
4 3686
4 27076
4 40791
5 10
5 109
5 110
5 112
5 40792
6 51
6 195
6 5342
6 5344
6 40793
7 243
7 244
7 245
7 247
7 40794
8 717
8 718
8 719
8 721
8 40795
9 10
9 146
9 147
9 149
9 722
10 5
10 20
10 99
10 131
10 132
10 133
10 165
10 166
11 5
11 20
11 202
11 784
11 4033
11 40796
12 3
12 5
12 20
12 40798
12 40799
12 40800
13 51
13 195
13 4167
13 4169
13 40801
14 5
14 84
14 90
14 91
14 93
14 121
14 2333
14 2335
14 40802
15 9
15 10
15 11
15 13
15 40803
16 90
16 443
16 1845
16 40805
16 40806
16 40807
17 99
17 131
17 132
17 133
17 195
17 237
17 40808
18 3
18 20
18 195
18 4157
18 33225
18 40809
19 82
19 758
19 759
19 761
19 40810
20 84
20 91
20 92
20 93
20 195
20 703
20 707
20 12595
20 40811
21 20
21 90
21 122
21 195
21 708
21 713
21 3482
21 40813
21 40814
22 10
22 2518
22 2519
22 2521
22 40815
23 99
23 131
23 132
23 133
23 195
23 237
23 40816
24 3
24 4
24 195
24 340
24 4734
24 33141
24 33142
24 33143
24 40817
25 76
25 342
25 343
25 345
25 40818
26 4
26 5
26 99
26 131
26 132
26 133
26 152
26 40819
27 3
27 4
27 5
27 21456
27 21458
27 40820
28 4
28 5
28 202
28 40822
28 40823
28 40824
29 5
29 84
29 90
29 91
29 92
29 93
29 7504
29 40826
29 40827
30 10
30 109
30 110
30 112
30 40828
31 67
31 40830
31 40831
31 40832
31 40833
32 10
32 109
32 110
32 112
32 40834
33 51
33 195
33 1879
33 1881
33 40835
34 660
34 3319
34 3320
34 3322
34 40836
35 9
35 10
35 24
35 26
35 27
35 40837
36 443
36 703
36 707
36 2086
36 40838
37 20
37 195
37 202
37 340
37 25038
37 40840
37 40841
38 10
38 378
38 379
38 381
38 40842
39 5
39 20
39 99
39 131
39 132
39 133
39 166
39 40843
40 3
40 5
40 20
40 384
40 386
40 40844
41 90
41 121
41 122
41 10744
41 40846
41 40847
42 10
42 109
42 110
42 112
42 40848
43 51
43 195
43 29812
43 29814
43 40849
44 71
44 76
44 190
44 191
44 40850
seqId 227
1 5
1 99
1 10078
1 27149
1 40851
2 3
2 4
2 5
2 729
2 4454
2 40852
3 76
3 342
3 343
3 345
3 40853
4 99
4 131
4 132
4 133
4 195
4 237
4 40854
5 3
5 20
5 195
5 4157
5 33225
5 40855
6 84
6 90
6 91
6 92
6 93
6 195
6 5661
6 13153
6 40857
6 40858
7 3
7 5
7 20
7 10695
7 10697
7 40859
8 9
8 10
8 11
8 13
8 40860
9 5
9 99
9 773
9 776
9 3593
9 40861
10 3
10 4
10 5
10 897
10 899
10 40862
11 10
11 109
11 110
11 112
11 40863
12 3
12 4
12 5
12 3730
12 19553
12 40864
13 4
13 5
13 202
13 3244
13 3246
13 40865
14 71
14 76
14 190
14 191
14 40866
seqId 228
1 5
1 20
1 82
1 84
1 98
1 100
1 8099
1 40867
2 5
2 84
2 91
2 92
2 93
2 703
2 707
2 16563
2 40868
3 10
3 146
3 147
3 149
3 10405
4 4
4 5
4 98
4 99
4 100
4 1927
4 40869
5 3
5 4
5 5
5 7295
5 7297
5 40870
6 243
6 244
6 245
6 247
6 40871
7 10
7 126
7 127
7 129
7 40872
8 5
8 99
8 115
8 773
8 776
8 2192
8 3593
8 40873
9 3
9 4
9 5
9 3737
9 3739
9 40874
10 944
10 945
10 946
10 948
10 40875
11 27
11 82
11 84
11 114
11 115
11 116
11 118
11 40876
12 5
12 84
12 90
12 91
12 92
12 93
12 96
12 14715
12 14717
12 40878
13 4
13 5
13 99
13 131
13 132
13 133
13 152
13 40879
14 3
14 4
14 5
14 40881
14 40882
14 40883
15 230
15 231
15 232
15 234
15 40884
16 9
16 10
16 11
16 13
16 163
17 99
17 131
17 132
17 133
17 195
17 236
17 237
18 3
18 4
18 195
18 340
18 4734
18 33141
18 33142
18 33143
18 40885
19 76
19 342
19 343
19 345
19 40886
20 10
20 126
20 127
20 129
20 40887
21 4
21 5
21 99
21 131
21 132
21 133
21 152
21 40888
22 3
22 4
22 5
22 11412
22 14762
22 40889
23 9
23 10
23 11
23 13
23 40890
24 4
24 5
24 99
24 131
24 132
24 133
24 152
24 40891
25 3
25 4
25 5
25 11475
25 11477
25 40892
26 9
26 10
26 11
26 13
26 40893
27 20
27 85
27 99
27 195
27 2075
27 2077
27 40894
28 3
28 20
28 195
28 4157
28 33225
28 40895
29 82
29 758
29 759
29 761
29 40896
30 27
30 82
30 84
30 114
30 115
30 116
30 118
30 40897
31 84
31 90
31 91
31 92
31 93
31 195
31 9250
31 26497
31 40899
31 40900
32 10
32 146
32 147
32 149
32 40901
33 90
33 443
33 2832
33 10563
33 40902
34 99
34 131
34 132
34 133
34 195
34 237
34 40903
35 51
35 52
35 1368
35 1370
35 40904
36 3
36 4
36 195
36 13471
36 13492
36 40905
37 4
37 195
37 202
37 340
37 33765
37 33767
37 40906
38 71
38 76
38 190
38 191
38 10468
seqId 229
1 99
1 131
1 132
1 133
1 195
1 1220
1 40907
2 3
2 20
2 195
2 4157
2 33225
2 40908
3 84
3 90
3 91
3 93
3 121
3 195
3 702
3 1062
3 40909
4 660
4 19069
4 19070
4 19072
4 40910
5 10
5 378
5 379
5 381
5 40911
6 3
6 5
6 20
6 1650
6 3499
6 40912
7 9
7 10
7 11
7 13
7 40913
8 90
8 443
8 5773
8 35614
8 40914
9 99
9 131
9 132
9 133
9 195
9 237
9 40915
10 3
10 4
10 195
10 340
10 4734
10 33141
10 33142
10 33143
10 40916
11 71
11 76
11 190
11 191
11 40917
seqId 230
1 5
1 20
1 81
1 82
1 83
1 84
1 85
1 2423
1 40918
2 5
2 84
2 90
2 91
2 93
2 121
2 29368
2 40920
2 40921
3 27
3 944
3 945
3 1463
3 3308
3 40922
4 20
4 82
4 83
4 84
4 115
4 195
4 1824
4 1826
4 40923
5 84
5 93
5 121
5 195
5 703
5 4415
5 4766
5 40925
5 40926
6 90
6 443
6 40928
6 40929
6 40930
7 99
7 133
7 175
7 176
7 195
7 234
7 40931
8 3
8 4
8 195
8 11475
8 11807
8 40932
9 4
9 195
9 202
9 22004
9 22006
9 40933
10 660
10 5576
10 5577
10 5579
10 40934
11 230
11 231
11 232
11 234
11 40935
12 9
12 10
12 11
12 13
12 163
13 99
13 131
13 132
13 133
13 195
13 236
13 237
14 3
14 4
14 195
14 340
14 4734
14 33141
14 33142
14 33143
14 40936
15 76
15 342
15 343
15 345
15 40937
16 3
16 5
16 20
16 8760
16 8762
16 40938
17 158
17 159
17 160
17 162
17 40939
18 9
18 10
18 11
18 13
18 163
19 5
19 20
19 99
19 131
19 132
19 133
19 165
19 166
20 3
20 5
20 20
20 429
20 431
20 40940
21 5
21 20
21 202
21 3386
21 10488
21 40941
22 158
22 159
22 160
22 162
22 40942
23 9
23 10
23 11
23 13
23 163
24 5
24 20
24 99
24 131
24 132
24 133
24 165
24 166
25 5
25 20
25 67
25 699
25 3213
25 5979
25 33380
25 33382
25 40943
26 76
26 342
26 343
26 345
26 40944
27 244
27 1249
27 1250
27 1252
27 40945
28 660
28 1513
28 1514
28 1516
28 40946
29 27
29 944
29 945
29 1463
29 3308
29 40947
30 20
30 82
30 83
30 84
30 115
30 195
30 1824
30 1826
30 40948
31 84
31 93
31 121
31 195
31 703
31 707
31 4415
31 25065
31 40949
32 10
32 109
32 112
32 21976
32 40950
33 3
33 4
33 5
33 5280
33 5282
33 40951
34 9
34 10
34 11
34 13
34 40952
35 90
35 443
35 40954
35 40955
35 40956
36 4
36 5
36 99
36 131
36 132
36 133
36 152
36 40957
37 3
37 4
37 5
37 16756
37 16758
37 40958
38 9
38 10
38 11
38 13
38 40959
39 98
39 99
39 100
39 195
39 2073
39 40960
40 3
40 20
40 195
40 340
40 4734
40 33141
40 33142
40 33143
40 40961
41 76
41 413
41 414
41 416
41 40962
42 3
42 4
42 195
42 40964
42 40965
42 40966
43 76
43 342
43 343
43 345
43 40967
44 3
44 4
44 195
44 340
44 40969
44 40970
44 40971
45 76
45 433
45 434
45 436
45 40972
46 71
46 76
46 190
46 191
46 40973
seqId 231
1 4
1 5
1 99
1 131
1 132
1 133
1 811
1 40974
2 3
2 4
2 5
2 40976
2 40977
2 40978
3 10
3 1605
3 1606
3 1608
3 40979
4 98
4 99
4 100
4 195
4 2073
4 40980
5 51
5 195
5 1501
5 1503
5 40981
6 3
6 20
6 195
6 18684
6 40983
6 40984
6 40985
7 76
7 342
7 343
7 345
7 40986
8 3
8 20
8 195
8 4157
8 33225
8 40987
9 1458
9 2717
9 4052
9 4054
9 40988
10 67
10 340
10 33141
10 33142
10 33143
10 40989
10 40990
10 40991
11 76
11 342
11 343
11 345
11 40992
12 5
12 84
12 91
12 93
12 121
12 703
12 707
12 956
12 40993
13 4
13 5
13 202
13 4424
13 4426
13 40994
14 10
14 378
14 379
14 381
14 40995
15 4
15 5
15 99
15 131
15 132
15 133
15 152
15 40996
16 3
16 4
16 5
16 40998
16 40999
16 41000
17 158
17 159
17 160
17 162
17 41001
18 9
18 10
18 11
18 13
18 163
19 5
19 20
19 99
19 131
19 132
19 133
19 165
19 166
20 3
20 5
20 20
20 429
20 431
20 41002
21 5
21 20
21 202
21 761
21 4399
21 8684
21 24369
21 24371
21 24372
21 41003
22 71
22 76
22 190
22 191
22 41004
seqId 232
1 51
1 52
1 33147
1 33149
1 41005
2 71
2 76
2 190
2 191
2 41006
seqId 233
1 3
1 4
1 5
1 4734
1 33141
1 33142
1 33143
1 41007
2 51
2 52
2 680
2 1993
2 41008
3 75
3 76
3 77
3 79
3 41009
seqId 234
1 3
1 4
1 195
1 340
1 5407
1 5951
1 33157
1 41010
2 243
2 244
2 245
2 247
2 41011
3 3
3 4
3 195
3 340
3 33160
3 33162
3 41012
4 4
4 195
4 202
4 33164
4 33166
4 41013
5 75
5 76
5 77
5 79
5 41014
6 90
6 443
6 31757
6 33170
6 41015
7 99
7 131
7 132
7 133
7 195
7 237
7 41016
8 3
8 4
8 195
8 33173
8 33175
8 41017
seqId 235
1 3
1 5
1 20
1 26010
1 41019
1 41020
2 75
2 76
2 77
2 79
2 41021
3 67
3 41023
3 41024
3 41025
3 41026
4 67
4 479
4 41028
4 41029
4 41030
4 41031
5 76
5 413
5 414
5 416
5 41032
6 3
6 5
6 20
6 41034
6 41035
6 41036
7 76
7 342
7 343
7 345
7 41037
8 3
8 4
8 5
8 597
8 599
8 41038
9 67
9 601
9 603
9 1197
9 41039
10 51
10 195
10 2686
10 15391
10 41040
11 76
11 433
11 434
11 436
11 41041
12 243
12 244
12 245
12 247
12 10631
13 67
13 41043
13 41044
13 41045
13 41046
14 67
14 41048
14 41049
14 41050
14 41051
14 41052
14 41053
15 76
15 413
15 414
15 416
15 41054
16 3
16 5
16 20
16 23229
16 23231
16 41056
17 76
17 342
17 343
17 345
17 41057
18 3
18 4
18 5
18 597
18 599
18 41058
19 67
19 601
19 603
19 1197
19 41059
20 67
20 41061
20 41062
20 41063
20 41064
21 76
21 433
21 434
21 436
21 41065
seqId 236
1 90
1 443
1 10385
1 35412
1 35413
1 41067
1 41068
1 41069
2 99
2 131
2 132
2 133
2 195
2 237
2 41070
3 3
3 4
3 195
3 7178
3 7180
3 41071
4 10
4 146
4 149
4 2548
4 41072
5 3
5 5
5 20
5 38959
5 38961
5 41073
6 5
6 20
6 99
6 131
6 132
6 133
6 166
6 41074
7 3
7 5
7 20
7 1066
7 16292
7 16294
7 41075
8 230
8 231
8 232
8 234
8 41076
9 9
9 10
9 11
9 13
9 163
10 99
10 131
10 132
10 133
10 195
10 236
10 237
11 3
11 4
11 195
11 5951
11 5953
11 41077
12 76
12 342
12 343
12 345
12 41078
13 90
13 443
13 25690
13 41080
13 41081
14 99
14 131
14 132
14 133
14 195
14 237
14 41082
15 3
15 4
15 195
15 8152
15 8154
15 41083
16 9
16 10
16 24
16 26
16 27
16 41084
17 3
17 4
17 195
17 5951
17 5953
17 41085
18 76
18 342
18 343
18 345
18 41086
19 90
19 443
19 16673
19 39719
19 41087
20 99
20 131
20 132
20 133
20 195
20 237
20 41088
21 3
21 20
21 195
21 33911
21 33913
21 41089
22 82
22 758
22 759
22 761
22 41090
23 82
23 83
23 84
23 115
23 195
23 237
23 1824
23 41091
24 84
24 90
24 91
24 93
24 121
24 195
24 12400
24 41093
24 41094
25 76
25 342
25 343
25 345
25 41095
26 82
26 83
26 84
26 115
26 195
26 237
26 1824
26 41096
27 84
27 90
27 91
27 93
27 121
27 195
27 15193
27 30892
27 38942
27 41098
27 41099
28 76
28 342
28 343
28 345
28 41100
29 82
29 83
29 84
29 115
29 195
29 237
29 1824
29 41101
30 84
30 90
30 91
30 93
30 121
30 195
30 755
30 16983
30 34780
30 41103
30 41104
30 41105
31 76
31 342
31 343
31 345
31 41106
32 82
32 83
32 84
32 115
32 195
32 237
32 1824
32 41107
33 84
33 90
33 91
33 93
33 121
33 195
33 4560
33 4710
33 41109
33 41110
33 41111
34 244
34 418
34 419
34 421
34 41112
35 82
35 83
35 84
35 115
35 195
35 237
35 1824
35 41113
36 84
36 90
36 91
36 93
36 121
36 195
36 755
36 41115
36 41116
36 41117
37 5
37 84
37 90
37 91
37 93
37 121
37 1509
37 16289
37 41118
38 5
38 20
38 99
38 133
38 175
38 176
38 1316
38 41119
39 3
39 5
39 20
39 2320
39 2322
39 41120
40 9
40 10
40 24
40 26
40 27
40 41121
41 3
41 4
41 5
41 22971
41 38820
41 41122
42 9
42 10
42 11
42 13
42 41123
43 3
43 5
43 20
43 10370
43 10372
43 41124
44 230
44 231
44 232
44 234
44 41125
45 9
45 10
45 11
45 13
45 163
46 99
46 131
46 132
46 133
46 195
46 236
46 237
47 3
47 20
47 195
47 1320
47 3384
47 41126
48 20
48 90
48 122
48 195
48 708
48 713
48 4379
48 25478
48 41127
49 479
49 660
49 33899
49 38787
49 38788
49 41128
50 10
50 828
50 829
50 831
50 41129
51 5
51 20
51 99
51 131
51 132
51 133
51 166
51 41130
52 5
52 20
52 67
52 699
52 3213
52 5979
52 33380
52 33382
52 41131
53 71
53 76
53 190
53 191
53 41132
seqId 237
1 90
1 443
1 10385
1 35412
1 35413
1 41068
1 41069
1 41133
2 76
2 342
2 343
2 345
2 41134
3 10
3 146
3 149
3 1539
3 41135
4 90
4 443
4 1334
4 8849
4 41136
5 9
5 10
5 11
5 13
5 41137
6 3
6 20
6 195
6 951
6 13273
6 41138
7 20
7 195
7 202
7 2359
7 2361
7 41139
8 243
8 244
8 245
8 247
8 41140
9 9
9 10
9 11
9 13
9 41141
10 3
10 4
10 195
10 13569
10 13571
10 41142
11 4
11 195
11 202
11 2075
11 2771
11 41143
12 76
12 342
12 343
12 345
12 41144
13 99
13 131
13 132
13 133
13 195
13 237
13 41145
14 3
14 4
14 195
14 8152
14 8154
14 41146
15 9
15 10
15 11
15 13
15 41147
16 3
16 5
16 20
16 16848
16 16850
16 41148
17 5
17 20
17 202
17 625
17 41150
17 41151
17 41152
18 717
18 718
18 719
18 721
18 41153
19 10
19 146
19 147
19 149
19 722
20 5
20 20
20 99
20 131
20 132
20 133
20 165
20 166
21 3
21 5
21 20
21 1325
21 1327
21 41154
22 230
22 231
22 232
22 234
22 41155
23 9
23 10
23 11
23 13
23 163
24 99
24 131
24 132
24 133
24 195
24 236
24 237
25 3
25 4
25 195
25 7178
25 7180
25 41156
26 76
26 342
26 343
26 345
26 41157
27 99
27 133
27 175
27 176
27 195
27 234
27 41158
28 3
28 20
28 195
28 33358
28 34347
28 41159
29 20
29 195
29 202
29 26989
29 37290
29 41160
30 243
30 244
30 245
30 247
30 41161
31 20
31 195
31 202
31 322
31 357
31 41162
32 82
32 758
32 759
32 761
32 41163
33 82
33 83
33 84
33 115
33 195
33 237
33 1824
33 41164
34 84
34 90
34 91
34 93
34 121
34 195
34 10330
34 39324
34 41165
35 76
35 413
35 414
35 416
35 41166
36 3
36 20
36 195
36 22020
36 22022
36 41167
37 717
37 718
37 719
37 721
37 41168
38 10
38 146
38 147
38 149
38 722
39 5
39 20
39 99
39 131
39 132
39 133
39 165
39 166
40 3
40 5
40 20
40 1325
40 1327
40 41169
41 9
41 10
41 24
41 26
41 27
41 41170
42 3
42 20
42 195
42 3394
42 41172
42 41173
43 20
43 195
43 202
43 34330
43 41175
43 41176
44 76
44 342
44 343
44 345
44 41177
45 3
45 4
45 195
45 38988
45 41179
45 41180
46 717
46 718
46 719
46 721
46 10807
47 10
47 146
47 147
47 149
47 722
48 5
48 20
48 99
48 131
48 132
48 133
48 165
48 166
49 3
49 5
49 20
49 1325
49 1327
49 41181
50 9
50 10
50 11
50 13
50 41182
51 3
51 20
51 195
51 17780
51 27594
51 41183
52 20
52 195
52 202
52 35387
52 38107
52 41184
53 76
53 342
53 343
53 345
53 41185
54 3
54 20
54 195
54 2723
54 3278
54 41186
55 3
55 20
55 72
55 195
55 340
55 41180
55 41188
55 41189
55 41190
55 41191
56 76
56 342
56 343
56 345
56 41192
57 3
57 20
57 195
57 41194
57 41195
57 41196
58 717
58 718
58 719
58 721
58 41197
59 10
59 146
59 147
59 149
59 722
60 5
60 20
60 99
60 131
60 132
60 133
60 165
60 166
61 3
61 5
61 20
61 1325
61 1327
61 41198
62 9
62 10
62 11
62 13
62 41199
63 3
63 4
63 195
63 38988
63 41180
63 41200
64 76
64 342
64 343
64 345
64 41201
65 71
65 509
65 25601
65 25602
65 25604
65 41202
66 76
66 433
66 434
66 436
66 41203
67 76
67 342
67 343
67 345
67 41204
68 243
68 244
68 245
68 247
68 41205
69 90
69 443
69 41207
69 41208
69 41209
70 99
70 131
70 132
70 133
70 195
70 237
70 41210
71 3
71 4
71 195
71 340
71 22458
71 22460
71 41212
72 4
72 195
72 202
72 340
72 625
72 41152
72 41214
72 41215
72 41216
73 82
73 758
73 759
73 761
73 41217
74 82
74 83
74 84
74 109
74 112
74 115
74 41218
75 84
75 90
75 91
75 93
75 121
75 195
75 707
75 1858
75 41219
76 10
76 146
76 147
76 149
76 41220
77 5
77 27
77 99
77 131
77 132
77 133
77 135
77 41221
78 3
78 4
78 5
78 25373
78 25375
78 41222
79 76
79 342
79 343
79 345
79 41223
80 84
80 90
80 91
80 93
80 121
80 195
80 2333
80 8164
80 41224
81 9
81 10
81 11
81 13
81 41225
82 90
82 443
82 1345
82 9933
82 41226
83 10
83 109
83 110
83 112
83 41227
84 3
84 4
84 5
84 4107
84 4109
84 41228
85 4
85 5
85 202
85 693
85 33899
85 41229
86 76
86 342
86 343
86 345
86 41230
87 4
87 5
87 202
87 322
87 22672
87 41231
88 76
88 342
88 343
88 345
88 41232
89 4
89 5
89 202
89 3199
89 5132
89 41233
90 76
90 342
90 343
90 345
90 41234
91 4
91 5
91 202
91 41236
91 41237
91 41238
92 76
92 342
92 343
92 345
92 41239
93 10
93 109
93 110
93 112
93 41240
94 3
94 20
94 195
94 1866
94 10151
94 41241
95 9
95 10
95 11
95 13
95 41242
96 3
96 5
96 20
96 5945
96 5947
96 41243
97 76
97 342
97 343
97 345
97 41244
98 4
98 5
98 99
98 131
98 132
98 133
98 152
98 41245
99 3
99 4
99 5
99 4228
99 13593
99 41246
100 243
100 244
100 245
100 247
100 41247
101 99
101 131
101 132
101 133
101 195
101 237
101 41248
102 3
102 4
102 195
102 2049
102 2051
102 41249
103 158
103 159
103 160
103 162
103 41250
104 9
104 10
104 11
104 13
104 163
105 5
105 20
105 99
105 131
105 132
105 133
105 165
105 166
106 3
106 5
106 20
106 322
106 36035
106 41251
107 5
107 20
107 202
107 21185
107 41253
107 41254
108 10
108 146
108 147
108 149
108 10907
109 4
109 85
109 99
109 195
109 2075
109 2771
109 41255
110 3
110 4
110 195
110 340
110 14965
110 14967
110 41256
111 71
111 76
111 190
111 191
111 41257
seqId 238
1 5
1 27
1 99
1 131
1 132
1 133
1 699
1 41258
2 3
2 5
2 20
2 1650
2 3499
2 41259
3 5
3 84
3 91
3 93
3 121
3 703
3 707
3 956
3 41260
4 9
4 10
4 11
4 13
4 41261
5 90
5 443
5 41263
5 41264
5 41265
6 4
6 5
6 99
6 131
6 132
6 133
6 152
6 41266
7 3
7 4
7 5
7 3707
7 3709
7 41267
8 9
8 10
8 24
8 26
8 27
8 41268
9 3
9 4
9 5
9 5951
9 41270
9 41271
10 10
10 1387
10 1388
10 1390
10 41272
11 4
11 5
11 82
11 84
11 100
11 4680
11 7233
11 41273
12 9
12 10
12 24
12 26
12 27
12 41274
13 3
13 4
13 5
13 33160
13 33162
13 41275
14 660
14 6695
14 6696
14 6698
14 41276
15 717
15 718
15 719
15 721
15 41277
16 10
16 146
16 147
16 149
16 722
17 5
17 20
17 99
17 131
17 132
17 133
17 165
17 166
18 3
18 5
18 20
18 1066
18 16292
18 16294
18 41278
19 9
19 10
19 11
19 13
19 41279
20 3
20 4
20 195
20 33489
20 34524
20 41280
21 4
21 195
21 202
21 25646
21 25648
21 41281
22 230
22 231
22 232
22 234
22 41282
23 9
23 10
23 11
23 13
23 163
24 99
24 131
24 132
24 133
24 195
24 236
24 237
25 51
25 195
25 10915
25 10917
25 41283
26 4
26 195
26 202
26 9960
26 28670
26 41284
27 3
27 4
27 195
27 729
27 731
27 41285
28 76
28 342
28 343
28 345
28 41286
29 9
29 10
29 11
29 13
29 41287
30 90
30 443
30 7785
30 41289
30 41290
31 3
31 5
31 20
31 10695
31 10697
31 41291
32 9
32 10
32 11
32 13
32 41292
33 3
33 4
33 195
33 340
33 33143
33 41294
33 41295
33 41296
34 4
34 195
34 202
34 1951
34 1953
34 41297
35 243
35 244
35 245
35 247
35 41298
36 9
36 10
36 11
36 13
36 41299
37 90
37 443
37 41301
37 41302
37 41303
38 660
38 2347
38 2348
38 2350
38 41304
39 660
39 6560
39 10036
39 10038
39 41305
40 4
40 5
40 99
40 131
40 132
40 133
40 152
40 41306
41 3
41 4
41 5
41 3707
41 3709
41 41307
42 76
42 342
42 343
42 345
42 41308
43 660
43 6695
43 6696
43 6698
43 41309
44 10
44 146
44 147
44 149
44 41310
45 4
45 5
45 82
45 84
45 100
45 4680
45 7233
45 41311
46 9
46 10
46 11
46 13
46 41312
47 76
47 137
47 138
47 140
47 41313
48 3
48 4
48 5
48 33277
48 33279
48 41314
49 76
49 185
49 186
49 188
49 41315
50 76
50 342
50 343
50 345
50 41316
51 660
51 3319
51 3320
51 3322
51 41317
52 9
52 10
52 24
52 26
52 27
52 41318
53 90
53 443
53 11164
53 31435
53 41319
54 99
54 131
54 132
54 133
54 195
54 237
54 41320
55 3
55 20
55 195
55 20480
55 41322
55 41323
56 9
56 10
56 11
56 13
56 41324
57 3
57 4
57 5
57 41326
57 41327
57 41328
58 244
58 418
58 419
58 421
58 11010
59 9
59 10
59 11
59 13
59 41329
60 3
60 4
60 5
60 33037
60 33039
60 41330
61 10
61 283
61 284
61 286
61 41331
62 99
62 131
62 132
62 133
62 195
62 237
62 41332
63 3
63 4
63 195
63 8152
63 8154
63 41333
64 9
64 10
64 24
64 26
64 27
64 41334
65 3
65 4
65 195
65 5951
65 5953
65 41335
66 244
66 1249
66 1250
66 1252
66 41336
67 660
67 1622
67 1623
67 1625
67 41337
68 10
68 283
68 284
68 286
68 41338
69 99
69 115
69 195
69 773
69 775
69 776
69 2192
69 2194
69 41339
70 3
70 4
70 195
70 13797
70 39179
70 41340
71 76
71 342
71 343
71 345
71 41341
72 244
72 1249
72 1250
72 1252
72 41342
73 660
73 1622
73 1623
73 1625
73 41343
74 10
74 109
74 110
74 112
74 41344
75 3
75 5
75 20
75 5228
75 15262
75 41345
76 10
76 1387
76 1388
76 1390
76 41346
77 99
77 131
77 132
77 133
77 195
77 237
77 41347
78 4
78 195
78 202
78 1951
78 1953
78 41348
79 3
79 4
79 195
79 340
79 26724
79 26726
79 41349
80 76
80 413
80 414
80 416
80 41350
81 71
81 90
81 443
81 2487
81 40276
81 40279
81 41351
82 3
82 4
82 5
82 4734
82 33141
82 33142
82 33143
82 41352
83 51
83 195
83 2054
83 2056
83 41353
84 76
84 433
84 434
84 436
84 41354
85 71
85 76
85 190
85 191
85 41355
seqId 239
1 27
1 82
1 84
1 114
1 115
1 116
1 310
1 41356
2 90
2 443
2 10527
2 38747
2 41357
3 10
3 126
3 127
3 129
3 41358
4 99
4 131
4 132
4 133
4 195
4 237
4 41359
5 3
5 4
5 195
5 10184
5 10186
5 41360
6 9
6 10
6 11
6 13
6 41361
7 3
7 4
7 5
7 41363
7 41364
7 41365
7 41366
8 230
8 231
8 232
8 234
8 41367
9 9
9 10
9 11
9 13
9 163
10 99
10 131
10 132
10 133
10 195
10 236
10 237
11 3
11 4
11 195
11 5951
11 5953
11 41368
12 5
12 84
12 90
12 91
12 93
12 121
12 34469
12 39019
12 41370
13 10
13 146
13 147
13 149
13 41371
14 4
14 5
14 99
14 131
14 132
14 133
14 152
14 41372
15 3
15 4
15 5
15 4249
15 4251
15 41373
16 9
16 10
16 11
16 13
16 41374
17 5
17 99
17 115
17 773
17 775
17 776
17 2192
17 3593
17 41375
18 3
18 4
18 5
18 24032
18 24034
18 41376
19 243
19 244
19 245
19 247
19 41377
20 9
20 10
20 11
20 13
20 41378
21 5
21 99
21 115
21 773
21 775
21 776
21 2192
21 3593
21 41379
22 3
22 4
22 5
22 5280
22 5282
22 41380
23 71
23 76
23 190
23 191
23 41381
seqId 240
1 660
1 2906
1 36107
1 41383
1 41384
2 90
2 443
2 3906
2 41386
2 41387
3 9
3 10
3 11
3 13
3 41388
4 5
4 27
4 99
4 131
4 132
4 133
4 135
4 41389
5 3
5 4
5 5
5 41391
5 41392
5 41393
6 9
6 10
6 11
6 13
6 41394
7 3
7 4
7 195
7 20119
7 37108
7 41396
7 41397
7 41398
8 76
8 342
8 343
8 345
8 41399
9 9
9 10
9 11
9 13
9 41400
10 3
10 4
10 195
10 41402
10 41403
10 41404
11 76
11 342
11 343
11 345
11 41405
12 9
12 10
12 11
12 13
12 41406
13 3
13 4
13 195
13 340
13 6146
13 6148
13 41407
14 76
14 342
14 343
14 345
14 41408
15 9
15 10
15 24
15 26
15 27
15 41409
16 3
16 20
16 195
16 41411
16 41412
16 41413
17 20
17 195
17 202
17 322
17 357
17 41414
18 243
18 244
18 245
18 247
18 41415
19 20
19 118
19 195
19 202
19 1777
19 33079
19 33921
19 41417
20 9
20 10
20 11
20 13
20 41418
21 3
21 4
21 5
21 29863
21 29865
21 41419
22 76
22 342
22 343
22 345
22 41420
23 9
23 10
23 24
23 26
23 27
23 41421
24 3
24 4
24 5
24 3181
24 3183
24 41422
25 76
25 342
25 343
25 345
25 41423
26 9
26 10
26 24
26 26
26 27
26 41424
27 3
27 5
27 20
27 8688
27 8690
27 41425
28 10
28 146
28 147
28 149
28 41426
29 99
29 133
29 175
29 176
29 195
29 234
29 41427
30 3
30 4
30 195
30 2738
30 2740
30 41428
31 76
31 342
31 343
31 345
31 41429
32 9
32 10
32 24
32 26
32 27
32 41430
33 3
33 4
33 5
33 41432
33 41433
33 41434
34 10
34 146
34 147
34 149
34 41435
35 99
35 133
35 175
35 176
35 195
35 234
35 41436
36 3
36 20
36 195
36 12983
36 23115
36 41437
37 76
37 342
37 343
37 345
37 41438
38 10
38 146
38 147
38 149
38 41439
39 4
39 5
39 99
39 133
39 175
39 176
39 178
39 11123
40 3
40 4
40 5
40 34647
40 34649
40 41440
41 10
41 109
41 110
41 112
41 41441
42 3
42 20
42 195
42 1866
42 10151
42 41442
43 9
43 10
43 24
43 26
43 27
43 41443
44 3
44 4
44 195
44 340
44 5951
44 15543
44 41271
44 41445
45 76
45 433
45 434
45 436
45 41446
46 76
46 2911
46 2912
46 2914
46 41447
seqId 241
1 10
1 126
1 1922
1 1924
1 41448
2 5
2 20
2 99
2 131
2 132
2 133
2 166
2 41449
3 3
3 5
3 20
3 15008
3 15010
3 41450
4 5
4 20
4 202
4 10216
4 10218
4 41452
5 76
5 342
5 343
5 345
5 41453
6 10
6 146
6 149
6 1539
6 41454
7 90
7 443
7 1334
7 8849
7 41455
8 9
8 10
8 11
8 13
8 41456
9 4
9 99
9 195
9 2905
9 2906
9 2908
9 41457
10 3
10 4
10 195
10 1931
10 9939
10 41458
11 4
11 195
11 202
11 912
11 27311
11 27313
11 27314
11 41459
12 76
12 342
12 343
12 345
12 41460
13 10
13 1387
13 1388
13 1390
13 41461
14 4
14 99
14 195
14 2905
14 2906
14 2908
14 41462
15 3
15 4
15 195
15 32860
15 41464
15 41465
16 76
16 342
16 343
16 345
16 41466
17 243
17 244
17 245
17 247
17 41467
18 10
18 146
18 147
18 149
18 41468
19 4
19 99
19 195
19 2905
19 2906
19 2908
19 41469
20 3
20 4
20 195
20 340
20 14965
20 14967
20 41470
21 90
21 443
21 22433
21 23097
21 41471
22 99
22 133
22 175
22 176
22 195
22 234
22 41472
23 3
23 20
23 195
23 11174
23 41411
23 41413
24 76
24 2911
24 2912
24 2914
24 41473
seqId 242
1 660
1 2906
1 36107
1 41384
1 41474
2 98
2 99
2 100
2 195
2 2073
2 41475
3 3
3 4
3 195
3 337
3 3929
3 41476
4 243
4 244
4 245
4 247
4 41477
5 3
5 4
5 195
5 32860
5 41465
5 41478
6 84
6 91
6 93
6 121
6 195
6 703
6 707
6 1858
6 41479
7 4
7 82
7 83
7 84
7 115
7 195
7 595
7 1824
7 32432
7 41481
8 4
8 90
8 122
8 195
8 340
8 708
8 713
8 10796
8 15705
8 41482
9 243
9 244
9 245
9 247
9 41483
10 10
10 126
10 127
10 129
10 41484
11 82
11 2906
11 41486
11 41487
11 41488
12 82
12 84
12 114
12 115
12 116
12 1361
12 41489
13 5
13 84
13 90
13 91
13 93
13 121
13 33961
13 41491
13 41492
14 5
14 99
14 115
14 773
14 775
14 776
14 2192
14 3593
14 41493
15 3
15 4
15 5
15 41495
15 41496
15 41497
16 76
16 2911
16 2912
16 2914
16 41498
seqId 243
1 4
1 5
1 99
1 131
1 132
1 133
1 811
1 41499
2 4
2 5
2 202
2 3954
2 3956
2 41500
3 3
3 4
3 5
3 33173
3 33763
3 41501
4 4
4 5
4 202
4 8917
4 8919
4 41502
5 76
5 2265
5 2266
5 2268
5 41503
6 4
6 5
6 202
6 340
6 10649
6 10651
6 10652
6 10653
6 10654
6 41504
7 76
7 2265
7 2266
7 2268
7 41505
8 99
8 133
8 175
8 176
8 195
8 234
8 41506
9 3
9 20
9 195
9 614
9 4760
9 41507
10 20
10 90
10 122
10 195
10 340
10 708
10 713
10 12294
10 12296
10 41508
11 5
11 84
11 90
11 91
11 93
11 121
11 4338
11 4740
11 41509
12 4
12 5
12 72
12 82
12 84
12 115
12 116
12 1261
12 1262
12 1264
12 1265
12 41510
13 9
13 10
13 11
13 13
13 41511
14 4
14 5
14 99
14 131
14 132
14 133
14 152
14 41512
15 3
15 4
15 5
15 34306
15 34308
15 41513
16 243
16 244
16 245
16 247
16 41514
17 158
17 159
17 160
17 162
17 41515
18 9
18 10
18 11
18 13
18 163
19 5
19 20
19 99
19 131
19 132
19 133
19 165
19 166
20 3
20 5
20 20
20 475
20 25021
20 41516
21 9
21 10
21 11
21 13
21 41517
22 5
22 27
22 99
22 131
22 132
22 133
22 135
22 41518
23 3
23 5
23 20
23 10801
23 10803
23 41519
24 76
24 137
24 138
24 140
24 41520
25 3
25 4
25 195
25 5951
25 5953
25 41521
26 76
26 185
26 186
26 188
26 11246
27 71
27 76
27 190
27 191
27 41522
seqId 244
1 10
1 126
1 1922
1 1924
1 41523
2 5
2 20
2 99
2 131
2 132
2 133
2 166
2 41524
3 3
3 5
3 20
3 15008
3 15010
3 41525
4 5
4 20
4 202
4 41236
4 41238
4 41526
5 243
5 244
5 245
5 247
5 41527
6 5
6 20
6 202
6 3199
6 5132
6 41528
7 76
7 342
7 343
7 345
7 41529
8 10
8 146
8 149
8 1539
8 41530
9 90
9 443
9 1334
9 8849
9 41531
10 9
10 10
10 11
10 13
10 41532
11 20
11 99
11 195
11 2905
11 2906
11 41534
11 41535
12 3
12 20
12 195
12 41537
12 41538
12 41539
13 243
13 244
13 245
13 247
13 41540
14 3
14 4
14 195
14 340
14 41542
14 41543
14 41544
15 76
15 342
15 343
15 345
15 41545
16 99
16 133
16 175
16 176
16 195
16 234
16 41546
17 3
17 20
17 195
17 41411
17 41413
17 41547
18 20
18 90
18 122
18 195
18 340
18 708
18 713
18 41549
18 41550
18 41551
19 84
19 90
19 91
19 93
19 121
19 195
19 2081
19 14250
19 41552
20 20
20 82
20 83
20 84
20 115
20 195
20 595
20 1824
20 31226
20 41553
21 660
21 818
21 819
21 821
21 41554
22 443
22 703
22 707
22 2086
22 41555
23 20
23 90
23 122
23 195
23 708
23 713
23 41557
23 41558
23 41559
24 9
24 10
24 24
24 26
24 27
24 41560
25 4
25 195
25 202
25 340
25 41562
25 41563
25 41564
26 76
26 2911
26 2912
26 2914
26 41565
seqId 245
1 10
1 828
1 1336
1 38218
1 41566
2 20
2 99
2 195
2 2905
2 2906
2 41535
2 41567
3 3
3 20
3 195
3 33911
3 33913
3 41568
4 99
4 131
4 132
4 133
4 195
4 237
4 41569
5 3
5 4
5 195
5 337
5 3929
5 41570
6 76
6 342
6 343
6 345
6 41571
7 99
7 131
7 132
7 133
7 195
7 237
7 41572
8 3
8 4
8 195
8 22498
8 22500
8 41573
9 158
9 159
9 160
9 162
9 41574
10 9
10 10
10 11
10 13
10 163
11 5
11 20
11 99
11 131
11 132
11 133
11 165
11 166
12 5
12 20
12 202
12 8913
12 8915
12 41575
13 76
13 342
13 343
13 345
13 41576
14 9
14 10
14 11
14 13
14 41577
15 5
15 27
15 99
15 131
15 132
15 133
15 135
15 41578
16 76
16 413
16 414
16 416
16 41579
17 509
17 625
17 10054
17 10055
17 41580
18 76
18 433
18 434
18 436
18 41581
19 4
19 5
19 202
19 41583
19 41584
19 41585
20 82
20 84
20 114
20 115
20 116
20 1361
20 41586
21 84
21 90
21 91
21 93
21 121
21 195
21 10796
21 40645
21 41587
22 4
22 82
22 83
22 84
22 115
22 195
22 595
22 1824
22 32432
22 41588
23 243
23 244
23 245
23 247
23 41589
24 84
24 90
24 91
24 93
24 121
24 195
24 2574
24 41591
24 41592
25 4
25 82
25 83
25 84
25 115
25 195
25 595
25 1824
25 32432
25 41593
26 76
26 2911
26 2912
26 2914
26 41594
seqId 246
1 10
1 828
1 1336
1 38218
1 41595
2 76
2 342
2 343
2 345
2 41596
3 10
3 378
3 379
3 381
3 41597
4 243
4 244
4 245
4 247
4 41598
5 10
5 1387
5 1388
5 1390
5 41599
6 82
6 758
6 759
6 761
6 41600
7 76
7 2911
7 2912
7 2914
7 41601
seqId 247
1 20
1 99
1 195
1 2905
1 2906
1 41603
1 41604
2 3
2 20
2 195
2 31623
2 41606
2 41607
3 84
3 90
3 91
3 93
3 121
3 195
3 32078
3 41609
3 41610
4 99
4 131
4 132
4 133
4 195
4 237
4 41611
5 20
5 195
5 202
5 2075
5 2077
5 41612
6 3
6 20
6 195
6 3632
6 3634
6 41613
7 20
7 195
7 202
7 5627
7 40014
7 41614
8 243
8 244
8 245
8 247
8 41615
9 20
9 195
9 202
9 6519
9 41617
9 41618
10 76
10 342
10 343
10 345
10 41619
11 20
11 195
11 202
11 2964
11 2966
11 41620
12 76
12 342
12 343
12 345
12 41621
13 20
13 195
13 202
13 3199
13 4859
13 41622
14 76
14 342
14 343
14 345
14 11364
15 20
15 195
15 202
15 30488
15 30490
15 41623
16 76
16 342
16 343
16 345
16 41624
17 20
17 195
17 202
17 6690
17 9994
17 41625
18 10
18 283
18 284
18 286
18 41626
19 99
19 131
19 132
19 133
19 195
19 237
19 41627
20 3
20 4
20 195
20 340
20 22458
20 22460
20 41628
21 9
21 10
21 11
21 13
21 41629
22 76
22 413
22 414
22 416
22 41630
23 3
23 4
23 5
23 16983
23 41632
23 41633
24 76
24 433
24 434
24 436
24 41634
25 3
25 4
25 5
25 4094
25 12255
25 41635
26 76
26 2265
26 2266
26 2268
26 41636
27 244
27 418
27 419
27 421
27 41637
28 659
28 660
28 661
28 2274
28 41638
29 76
29 2265
29 2266
29 2268
29 41639
30 99
30 133
30 175
30 176
30 195
30 234
30 41640
31 3
31 4
31 195
31 5951
31 5953
31 41641
32 10
32 109
32 110
32 112
32 41642
33 3
33 4
33 5
33 3123
33 3125
33 41643
34 9
34 10
34 11
34 13
34 41644
35 5
35 99
35 115
35 773
35 775
35 776
35 2192
35 3593
35 41645
36 3
36 4
36 5
36 33489
36 33491
36 41646
37 76
37 2911
37 2912
37 2914
37 41647
seqId 248
1 10
1 828
1 1336
1 38218
1 41648
2 20
2 99
2 195
2 2905
2 2906
2 41535
2 41649
3 3
3 20
3 195
3 2723
3 3278
3 41650
4 9
4 10
4 11
4 13
4 41651
5 3
5 4
5 5
5 3441
5 33896
5 41652
6 243
6 244
6 245
6 247
6 41653
7 9
7 10
7 11
7 13
7 41654
8 3
8 5
8 20
8 18025
8 18027
8 41655
9 10
9 1605
9 1606
9 1608
9 41656
10 3
10 20
10 195
10 13609
10 33503
10 41657
11 76
11 342
11 343
11 345
11 41658
12 10
12 1605
12 1606
12 1608
12 41659
13 3
13 20
13 195
13 33358
13 34347
13 41660
14 76
14 342
14 343
14 345
14 41661
15 20
15 90
15 122
15 195
15 708
15 713
15 4258
15 35322
15 41662
16 10
16 283
16 284
16 286
16 41663
17 4
17 5
17 99
17 131
17 132
17 133
17 152
17 41664
18 3
18 4
18 5
18 11291
18 11293
18 41665
19 76
19 342
19 343
19 345
19 41666
20 99
20 133
20 175
20 176
20 195
20 234
20 41667
21 3
21 20
21 195
21 340
21 41669
21 41670
21 41671
22 9
22 10
22 11
22 13
22 11420
23 3
23 4
23 5
23 30555
23 30557
23 41672
24 9
24 10
24 24
24 26
24 27
24 41673
25 90
25 443
25 1815
25 29773
25 41674
26 27
26 82
26 84
26 114
26 115
26 116
26 118
26 41675
27 84
27 90
27 91
27 93
27 121
27 195
27 41677
27 41678
27 41679
28 20
28 82
28 83
28 84
28 115
28 195
28 595
28 1824
28 31226
28 41680
29 76
29 342
29 343
29 345
29 41681
30 90
30 121
30 122
30 712
30 41683
30 41684
31 99
31 133
31 175
31 176
31 195
31 234
31 41685
32 3
32 4
32 195
32 2567
32 41687
32 41688
33 9
33 10
33 11
33 13
33 41689
34 3
34 4
34 5
34 41691
34 41692
34 41693
35 4
35 195
35 202
35 15601
35 17892
35 41694
36 4
36 90
36 122
36 195
36 708
36 713
36 1064
36 41696
36 41697
37 10
37 283
37 284
37 286
37 41698
38 99
38 133
38 175
38 176
38 195
38 234
38 41699
39 3
39 4
39 195
39 340
39 41701
39 41702
39 41703
40 660
40 30977
40 30978
40 30980
40 41704
41 4
41 195
41 202
41 41706
41 41707
41 41708
41 41709
42 660
42 30977
42 30978
42 30980
42 41710
43 4
43 195
43 202
43 41712
43 41713
43 41714
44 9
44 10
44 24
44 26
44 27
44 41715
45 3
45 5
45 20
45 41717
45 41718
45 41719
46 76
46 2911
46 2912
46 2914
46 41720
seqId 249
1 660
1 2906
1 36107
1 41384
1 41721
2 99
2 131
2 132
2 133
2 195
2 237
2 41722
3 3
3 4
3 195
3 3199
3 4859
3 41723
4 4
4 195
4 202
4 5627
4 35059
4 41724
5 76
5 342
5 343
5 345
5 41725
6 99
6 131
6 132
6 133
6 195
6 237
6 41726
7 3
7 4
7 195
7 340
7 26724
7 26726
7 41727
8 76
8 342
8 343
8 345
8 41728
9 5
9 27
9 99
9 131
9 132
9 133
9 135
9 41729
10 3
10 4
10 5
10 4804
10 33065
10 41730
11 4
11 5
11 202
11 3386
11 6768
11 41731
12 27
12 82
12 84
12 114
12 115
12 116
12 118
12 41732
13 84
13 90
13 91
13 93
13 121
13 195
13 4258
13 23888
13 41733
14 4
14 82
14 83
14 84
14 115
14 195
14 595
14 1824
14 32432
14 41734
15 10
15 283
15 284
15 286
15 41735
16 4
16 5
16 99
16 131
16 132
16 133
16 152
16 41736
17 3
17 4
17 5
17 36424
17 41738
17 41739
18 10
18 1605
18 1606
18 1608
18 41740
19 3
19 5
19 20
19 30546
19 30547
19 34802
19 41742
19 41743
20 243
20 244
20 245
20 247
20 41744
21 3
21 4
21 195
21 340
21 29831
21 29833
21 41745
22 4
22 195
22 202
22 3386
22 3523
22 41746
23 243
23 244
23 245
23 247
23 41747
24 84
24 90
24 91
24 93
24 121
24 195
24 8415
24 41749
24 41750
25 4
25 82
25 83
25 84
25 115
25 195
25 595
25 1824
25 32432
25 41751
26 10
26 146
26 147
26 149
26 41752
27 90
27 443
27 34676
27 41754
27 41755
28 5
28 20
28 99
28 131
28 132
28 133
28 166
28 41756
29 3
29 5
29 20
29 18025
29 18027
29 41757
30 9
30 10
30 11
30 13
30 41758
31 98
31 99
31 100
31 195
31 2073
31 41759
32 3
32 4
32 195
32 340
32 22458
32 22460
32 41760
33 76
33 342
33 343
33 345
33 41761
34 10
34 146
34 147
34 149
34 41762
35 90
35 443
35 41764
35 41765
35 41766
36 244
36 418
36 419
36 421
36 41767
37 10
37 146
37 147
37 149
37 41768
38 90
38 443
38 41770
38 41771
38 41772
39 99
39 131
39 132
39 133
39 195
39 237
39 41773
40 3
40 4
40 195
40 5951
40 5953
40 41774
41 76
41 2911
41 2912
41 2914
41 41775
seqId 250
1 5
1 27
1 99
1 131
1 132
1 133
1 699
1 41776
2 3
2 4
2 5
2 3268
2 3270
2 41777
3 230
3 231
3 232
3 234
3 41778
4 9
4 10
4 11
4 13
4 163
5 99
5 131
5 132
5 133
5 195
5 236
5 237
6 3
6 4
6 195
6 5951
6 5953
6 41779
7 5
7 84
7 90
7 91
7 93
7 121
7 41781
7 41782
7 41783
8 660
8 918
8 919
8 921
8 41784
9 660
9 10454
9 10455
9 10457
9 41785
10 10
10 126
10 127
10 129
10 41786
11 4
11 5
11 99
11 131
11 132
11 133
11 152
11 41787
12 3
12 4
12 5
12 4249
12 4251
12 41788
13 9
13 10
13 11
13 13
13 41789
14 5
14 27
14 99
14 131
14 132
14 133
14 135
14 41790
15 3
15 4
15 5
15 4198
15 4200
15 41791
16 9
16 10
16 11
16 13
16 41792
17 4
17 5
17 99
17 131
17 132
17 133
17 152
17 41793
18 3
18 4
18 5
18 4228
18 13593
18 41794
19 9
19 10
19 11
19 13
19 41795
20 4
20 5
20 99
20 131
20 132
20 133
20 152
20 41796
21 3
21 4
21 5
21 4094
21 12255
21 41797
22 4
22 5
22 202
22 302
22 304
22 41798
23 243
23 244
23 245
23 247
23 41799
24 230
24 231
24 232
24 234
24 41800
25 9
25 10
25 11
25 13
25 163
26 99
26 131
26 132
26 133
26 195
26 236
26 237
27 3
27 20
27 195
27 340
27 12336
27 15959
27 41802
28 9
28 10
28 24
28 26
28 27
28 41803
29 4
29 195
29 202
29 2294
29 3837
29 41804
30 3
30 4
30 195
30 340
30 33368
30 33370
30 41805
31 76
31 342
31 343
31 345
31 41806
32 2822
32 2823
32 2824
32 2826
32 41807
33 10
33 146
33 147
33 149
33 722
34 99
34 131
34 132
34 133
34 195
34 236
34 237
35 3
35 4
35 195
35 340
35 22458
35 22460
35 41808
36 9
36 10
36 24
36 26
36 27
36 41809
37 3
37 4
37 5
37 4804
37 33065
37 41810
38 230
38 231
38 232
38 234
38 41811
39 9
39 10
39 11
39 13
39 163
40 99
40 131
40 132
40 133
40 195
40 236
40 237
41 3
41 20
41 195
41 3632
41 3634
41 41812
42 20
42 195
42 202
42 6519
42 41618
42 41813
43 76
43 342
43 343
43 345
43 41814
44 20
44 195
44 202
44 5627
44 40014
44 41815
45 76
45 342
45 343
45 345
45 41816
46 3
46 20
46 195
46 30488
46 30490
46 41817
47 76
47 342
47 343
47 345
47 41818
48 71
48 509
48 25601
48 25602
48 25604
48 41819
seqId 251
1 20
1 99
1 195
1 2905
1 2906
1 41604
1 41820
2 3
2 20
2 195
2 31623
2 41607
2 41821
3 5
3 84
3 90
3 91
3 93
3 121
3 32078
3 41823
3 41824
4 4
4 5
4 99
4 131
4 132
4 133
4 152
4 41825
5 3
5 4
5 5
5 4228
5 13593
5 41826
6 9
6 10
6 11
6 13
6 41827
7 3
7 4
7 5
7 4094
7 12255
7 41828
8 10
8 283
8 284
8 286
8 41829
9 4
9 5
9 99
9 131
9 132
9 133
9 152
9 41830
10 3
10 4
10 5
10 33489
10 33491
10 41831
11 158
11 159
11 160
11 162
11 41832
12 9
12 10
12 11
12 13
12 163
13 5
13 20
13 99
13 131
13 132
13 133
13 165
13 166
14 3
14 5
14 20
14 26513
14 27698
14 41833
15 76
15 342
15 343
15 345
15 41834
16 10
16 283
16 284
16 286
16 41835
17 4
17 5
17 99
17 131
17 132
17 133
17 152
17 41836
18 3
18 4
18 5
18 16756
18 16758
18 41837
19 158
19 159
19 160
19 162
19 41838
20 9
20 10
20 11
20 13
20 163
21 5
21 20
21 99
21 131
21 132
21 133
21 165
21 166
22 3
22 5
22 20
22 33053
22 33917
22 41839
23 76
23 2911
23 2912
23 2914
23 41840
seqId 252
1 5
1 20
1 98
1 99
1 100
1 8099
1 41841
2 3
2 5
2 20
2 33088
2 33090
2 41842
3 5
3 84
3 90
3 91
3 93
3 121
3 10527
3 41844
3 41845
4 660
4 10454
4 10455
4 10457
4 41846
5 5
5 20
5 99
5 131
5 132
5 133
5 166
5 41847
6 3
6 5
6 20
6 41849
6 41850
6 41851
7 158
7 159
7 160
7 162
7 41852
8 9
8 10
8 11
8 13
8 163
9 5
9 20
9 99
9 131
9 132
9 133
9 165
9 166
10 3
10 5
10 20
10 10402
10 41854
10 41855
11 76
11 342
11 343
11 345
11 41856
12 5
12 99
12 115
12 773
12 774
12 775
12 776
12 778
12 41857
13 3
13 5
13 20
13 11005
13 11007
13 41858
14 243
14 244
14 245
14 247
14 41859
15 99
15 131
15 132
15 133
15 195
15 237
15 41860
16 3
16 4
16 195
16 10184
16 10186
16 41861
17 9
17 10
17 24
17 26
17 27
17 41862
18 3
18 4
18 5
18 2532
18 2534
18 41863
19 243
19 244
19 245
19 247
19 41864
20 9
20 10
20 24
20 26
20 27
20 41865
21 3
21 4
21 195
21 9397
21 9399
21 41866
22 9
22 10
22 11
22 13
22 41867
23 5
23 99
23 115
23 773
23 774
23 775
23 776
23 778
23 41868
24 3
24 4
24 5
24 897
24 899
24 41869
25 10
25 1387
25 1388
25 1390
25 41870
26 26
26 27
26 99
26 133
26 175
26 176
26 195
26 41871
27 20
27 195
27 202
27 2294
27 3837
27 41872
28 3
28 20
28 195
28 2943
28 36731
28 41873
29 76
29 342
29 343
29 345
29 41874
30 3
30 20
30 195
30 5516
30 6792
30 41875
31 244
31 418
31 419
31 421
31 41876
32 3
32 20
32 195
32 30488
32 30490
32 41877
33 71
33 76
33 190
33 191
33 41878
seqId 253
1 90
1 443
1 31304
1 33935
1 41879
2 76
2 342
2 343
2 345
2 41880
3 90
3 443
3 34541
3 41882
3 41883
4 76
4 342
4 343
4 345
4 41884
5 90
5 443
5 12400
5 33680
5 41885
6 9
6 10
6 13
6 32034
6 41886
7 4
7 5
7 99
7 131
7 132
7 133
7 152
7 41887
8 3
8 4
8 5
8 4094
8 12255
8 41888
9 10
9 126
9 127
9 129
9 41889
10 99
10 131
10 132
10 133
10 195
10 237
10 41890
11 3
11 4
11 195
11 5951
11 5953
11 41891
12 76
12 342
12 343
12 345
12 41892
13 5
13 20
13 27
13 82
13 84
13 98
13 100
13 2487
13 41893
14 5
14 84
14 91
14 93
14 121
14 703
14 707
14 956
14 41894
15 660
15 1622
15 1623
15 1625
15 41895
16 90
16 443
16 31304
16 31306
16 41896
17 99
17 131
17 132
17 133
17 195
17 237
17 41897
18 3
18 4
18 195
18 5951
18 5953
18 41898
19 10
19 109
19 110
19 112
19 41899
20 90
20 121
20 122
20 4258
20 15694
20 41900
21 5
21 27
21 99
21 131
21 132
21 133
21 135
21 41901
22 3
22 4
22 5
22 897
22 899
22 41902
23 230
23 231
23 232
23 234
23 41903
24 9
24 10
24 11
24 13
24 163
25 99
25 131
25 132
25 133
25 195
25 236
25 237
26 3
26 20
26 195
26 10402
26 10404
26 41904
27 10
27 283
27 284
27 286
27 41905
28 4
28 5
28 99
28 133
28 175
28 176
28 178
28 41906
29 3
29 4
29 5
29 22971
29 38820
29 41907
30 4
30 5
30 202
30 41909
30 41910
30 41911
31 10
31 126
31 127
31 129
31 41912
32 20
32 82
32 84
32 98
32 100
32 102
32 41913
33 82
33 758
33 759
33 761
33 41914
34 5
34 84
34 90
34 91
34 93
34 121
34 2333
34 2335
34 41915
35 9
35 10
35 11
35 13
35 41916
36 90
36 443
36 4766
36 5065
36 41917
37 3
37 4
37 5
37 7178
37 21009
37 41918
38 243
38 244
38 245
38 247
38 41919
39 20
39 82
39 84
39 98
39 100
39 102
39 41920
40 82
40 758
40 759
40 761
40 41921
41 5
41 84
41 90
41 91
41 93
41 121
41 12400
41 12402
41 41922
42 99
42 133
42 175
42 176
42 195
42 234
42 41923
43 3
43 4
43 195
43 340
43 41925
43 41926
43 41927
44 76
44 342
44 343
44 345
44 41928
45 244
45 15672
45 15673
45 15675
45 41929
46 99
46 133
46 175
46 176
46 195
46 234
46 11816
47 3
47 4
47 195
47 340
47 41326
47 41328
47 41931
48 71
48 76
48 190
48 191
48 41932
seqId 254
1 51
1 52
1 33179
1 33181
1 41933
2 71
2 76
2 190
2 191
2 41934
seqId 255
1 3
1 4
1 5
1 4734
1 33141
1 33142
1 33143
1 41935
2 51
2 52
2 2054
2 2056
2 41936
3 75
3 76
3 77
3 79
3 41937
seqId 256
1 3
1 4
1 195
1 340
1 13423
1 26724
1 33188
1 41938
2 76
2 342
2 343
2 345
2 41939
3 3
3 5
3 20
3 11005
3 11007
3 41940
4 76
4 342
4 343
4 345
4 41941
5 3
5 4
5 5
5 4804
5 33065
5 41942
6 4
6 5
6 202
6 3386
6 6768
6 41943
seqId 257
1 3
1 20
1 195
1 340
1 26010
1 41020
1 41945
2 75
2 76
2 77
2 79
2 41946
3 67
3 41948
3 41949
3 41950
3 41951
4 67
4 41953
4 41954
4 41955
4 41956
5 76
5 413
5 414
5 416
5 41957
6 3
6 5
6 20
6 41034
6 41036
6 41958
7 76
7 342
7 343
7 345
7 41959
8 67
8 41961
8 41962
8 41963
8 41964
9 76
9 433
9 434
9 436
9 41965
10 243
10 244
10 245
10 247
10 41966
11 67
11 452
11 15151
11 15152
11 41967
12 67
12 1186
12 41969
12 41970
12 41971
12 41972
12 41973
13 76
13 413
13 414
13 416
13 41974
14 3
14 5
14 20
14 30828
14 30830
14 30831
14 41976
15 76
15 342
15 343
15 345
15 41977
16 67
16 41961
16 41962
16 41964
16 41978
17 76
17 433
17 434
17 436
17 41979
seqId 258
1 99
1 131
1 132
1 133
1 195
1 1220
1 41980
2 3
2 4
2 195
2 3707
2 41982
2 41983
3 9
3 10
3 11
3 13
3 41984
4 3
4 4
4 195
4 340
4 26724
4 26726
4 41985
5 76
5 342
5 343
5 345
5 41986
6 9
6 10
6 24
6 26
6 27
6 41987
7 3
7 5
7 20
7 11005
7 11007
7 41988
8 76
8 342
8 343
8 345
8 41989
9 9
9 10
9 24
9 26
9 27
9 41990
10 3
10 4
10 5
10 4804
10 33065
10 41991
11 4
11 5
11 202
11 3386
11 6768
11 41992
12 84
12 91
12 93
12 121
12 195
12 703
12 707
12 1858
12 41993
13 4
13 90
13 122
13 195
13 340
13 708
13 713
13 34735
13 34737
13 41994
14 10
14 283
14 284
14 286
14 41995
15 99
15 131
15 132
15 133
15 195
15 237
15 41996
16 3
16 4
16 195
16 3781
16 15598
16 41997
17 243
17 244
17 245
17 247
17 41998
18 99
18 131
18 132
18 133
18 195
18 237
18 41999
19 3
19 4
19 195
19 8229
19 8231
19 42000
20 158
20 159
20 160
20 162
20 42001
21 9
21 10
21 11
21 13
21 163
22 5
22 20
22 99
22 131
22 132
22 133
22 165
22 166
23 5
23 20
23 67
23 699
23 3213
23 5979
23 33380
23 33382
23 42002
24 76
24 342
24 343
24 345
24 42003
25 244
25 2696
25 2697
25 2699
25 42004
26 5
26 27
26 99
26 131
26 132
26 133
26 135
26 42005
27 3
27 4
27 5
27 33906
27 33908
27 42006
28 4
28 5
28 90
28 122
28 708
28 713
28 3597
28 4379
28 42007
29 2822
29 2823
29 2824
29 2826
29 42008
30 10
30 146
30 147
30 149
30 722
31 99
31 131
31 132
31 133
31 195
31 236
31 237
32 4
32 195
32 202
32 1888
32 3548
32 42009
33 3
33 4
33 195
33 8152
33 8154
33 42010
34 82
34 759
34 944
34 948
34 42011
35 84
35 90
35 91
35 93
35 121
35 195
35 1064
35 12908
35 42012
36 99
36 131
36 132
36 133
36 195
36 237
36 42013
37 3
37 20
37 195
37 340
37 34799
37 34801
37 34802
37 42014
38 76
38 342
38 343
38 345
38 42015
39 99
39 131
39 132
39 133
39 195
39 237
39 42016
40 3
40 4
40 195
40 4804
40 5101
40 42017
41 4
41 195
41 202
41 340
41 30488
41 37589
41 42018
42 76
42 342
42 343
42 345
42 42019
43 5
43 27
43 82
43 83
43 84
43 115
43 135
43 763
43 42020
44 90
44 443
44 1815
44 29773
44 42021
45 71
45 76
45 190
45 191
45 42022
seqId 259
1 98
1 99
1 100
1 195
1 8870
1 42023
2 3
2 4
2 195
2 340
2 26724
2 26726
2 42024
3 84
3 90
3 91
3 93
3 121
3 195
3 1509
3 1511
3 42025
4 99
4 133
4 175
4 176
4 195
4 234
4 42026
5 3
5 20
5 195
5 340
5 475
5 25021
5 42028
6 158
6 159
6 160
6 162
6 42029
7 9
7 10
7 11
7 13
7 163
8 5
8 20
8 99
8 131
8 132
8 133
8 165
8 166
9 3
9 5
9 20
9 3199
9 5132
9 42030
10 76
10 342
10 343
10 345
10 42031
11 4
11 82
11 83
11 84
11 115
11 195
11 1824
11 3621
11 42032
12 84
12 90
12 91
12 93
12 121
12 195
12 755
12 34469
12 39019
12 42033
13 2822
13 2823
13 2824
13 2826
13 42034
14 10
14 146
14 147
14 149
14 722
15 99
15 131
15 132
15 133
15 195
15 236
15 237
16 3
16 4
16 195
16 10184
16 10186
16 42035
17 4
17 195
17 202
17 14709
17 14711
17 42036
18 9
18 10
18 24
18 26
18 27
18 42037
19 3
19 4
19 5
19 4804
19 33065
19 42038
20 243
20 244
20 245
20 247
20 42039
21 9
21 10
21 24
21 26
21 27
21 42040
22 3
22 4
22 5
22 14965
22 14967
22 42041
23 71
23 76
23 190
23 191
23 42042
seqId 260
1 20
1 82
1 84
1 98
1 100
1 8099
1 11952
2 84
2 91
2 93
2 121
2 195
2 703
2 707
2 1858
2 42043
3 99
3 133
3 175
3 176
3 195
3 234
3 42044
4 3
4 20
4 195
4 33911
4 33913
4 42045
5 9
5 10
5 24
5 26
5 27
5 42046
6 3
6 4
6 5
6 39528
6 39530
6 42047
7 4
7 5
7 202
7 322
7 22672
7 42048
8 76
8 342
8 343
8 345
8 42049
9 660
9 941
9 3768
9 3771
9 42050
10 944
10 945
10 946
10 948
10 42051
11 5
11 20
11 99
11 131
11 132
11 133
11 166
11 42052
12 3
12 5
12 20
12 21756
12 21758
12 42053
13 9
13 10
13 11
13 13
13 42054
14 3
14 4
14 5
14 36880
14 36882
14 42055
15 5
15 84
15 90
15 93
15 121
15 4415
15 6965
15 8103
15 42056
16 660
16 2586
16 2587
16 2589
16 42057
17 9
17 10
17 24
17 26
17 27
17 42058
18 443
18 703
18 707
18 2086
18 42059
19 5
19 20
19 90
19 122
19 708
19 713
19 10527
19 42061
19 42062
20 71
20 76
20 190
20 191
20 42063
seqId 261
1 90
1 443
1 1345
1 42065
1 42066
2 10
2 109
2 110
2 112
2 42067
3 3
3 4
3 5
3 4249
3 4251
3 42068
4 99
4 131
4 132
4 133
4 195
4 237
4 42069
5 3
5 4
5 195
5 10184
5 10186
5 42070
6 9
6 10
6 11
6 13
6 42071
7 3
7 4
7 5
7 26724
7 26726
7 42072
8 243
8 244
8 245
8 247
8 42073
9 9
9 10
9 24
9 26
9 27
9 42074
10 3
10 4
10 5
10 4804
10 33065
10 42075
11 4
11 5
11 202
11 3386
11 6768
11 42076
12 27
12 82
12 84
12 114
12 115
12 116
12 118
12 42077
13 5
13 84
13 90
13 91
13 93
13 121
13 4258
13 4469
13 42078
14 10
14 283
14 284
14 286
14 42079
15 4
15 5
15 99
15 133
15 175
15 176
15 178
15 42080
16 3
16 4
16 5
16 8229
16 12263
16 42081
17 9
17 10
17 11
17 13
17 42082
18 3
18 4
18 5
18 42084
18 42085
18 42086
19 82
19 758
19 759
19 761
19 42087
20 5
20 84
20 90
20 91
20 93
20 121
20 3360
20 5608
20 42088
21 90
21 443
21 2333
21 3366
21 42089
22 9
22 10
22 11
22 13
22 42090
23 90
23 443
23 42092
23 42093
23 42094
24 2822
24 2823
24 2824
24 2826
24 42095
25 10
25 146
25 147
25 149
25 722
26 99
26 131
26 132
26 133
26 195
26 236
26 237
27 3
27 20
27 195
27 3632
27 3634
27 42096
28 243
28 244
28 245
28 247
28 12012
29 2822
29 2823
29 2824
29 2826
29 42097
30 10
30 146
30 147
30 149
30 722
31 99
31 131
31 132
31 133
31 195
31 236
31 237
32 3
32 20
32 195
32 33911
32 33913
32 42098
33 20
33 195
33 202
33 625
33 1810
33 38915
33 42100
33 42101
34 76
34 342
34 343
34 345
34 42102
35 20
35 90
35 122
35 195
35 708
35 713
35 10094
35 42104
35 42105
36 717
36 718
36 719
36 721
36 42106
37 10
37 146
37 147
37 149
37 722
38 5
38 20
38 99
38 131
38 132
38 133
38 165
38 166
39 3
39 5
39 20
39 18025
39 18027
39 42107
40 230
40 231
40 232
40 234
40 42108
41 9
41 10
41 11
41 13
41 163
42 99
42 131
42 132
42 133
42 195
42 236
42 237
43 3
43 4
43 195
43 16756
43 33576
43 42109
44 9
44 10
44 11
44 13
44 42110
45 3
45 5
45 20
45 33053
45 33917
45 42111
46 230
46 231
46 232
46 234
46 42112
47 9
47 10
47 11
47 13
47 163
48 99
48 131
48 132
48 133
48 195
48 236
48 237
49 3
49 4
49 195
49 337
49 3929
49 42113
50 76
50 342
50 343
50 345
50 42114
51 99
51 133
51 175
51 176
51 195
51 234
51 42115
52 3
52 4
52 195
52 3974
52 3976
52 42116
53 76
53 342
53 343
53 345
53 42117
54 99
54 133
54 175
54 176
54 195
54 234
54 42118
55 3
55 4
55 195
55 347
55 349
55 42119
56 76
56 342
56 343
56 345
56 42120
57 244
57 1249
57 1250
57 1252
57 42121
58 660
58 1622
58 1623
58 1625
58 42122
59 99
59 133
59 175
59 176
59 195
59 234
59 42123
60 3
60 4
60 195
60 5859
60 14468
60 42124
61 76
61 342
61 343
61 345
61 42125
62 99
62 133
62 175
62 176
62 195
62 234
62 42126
63 3
63 4
63 195
63 5512
63 5514
63 42127
64 4
64 195
64 202
64 26353
64 26355
64 42128
65 71
65 76
65 190
65 191
65 42129
seqId 262
1 20
1 82
1 84
1 98
1 100
1 8099
1 42130
2 82
2 758
2 759
2 761
2 42131
3 5
3 84
3 91
3 93
3 121
3 703
3 707
3 956
3 42132
4 10
4 109
4 110
4 112
4 42133
5 3
5 5
5 20
5 24116
5 24118
5 42134
6 5
6 84
6 91
6 93
6 121
6 703
6 707
6 956
6 42135
7 4
7 5
7 99
7 131
7 132
7 133
7 152
7 42136
8 3
8 4
8 5
8 30555
8 30557
8 42137
9 10
9 146
9 147
9 149
9 42138
10 443
10 703
10 4766
10 5065
10 42139
11 90
11 443
11 2574
11 40541
11 42140
12 99
12 131
12 132
12 133
12 195
12 237
12 42141
13 3
13 20
13 195
13 4345
13 16570
13 42142
14 76
14 342
14 343
14 345
14 42143
15 4
15 5
15 99
15 131
15 132
15 133
15 152
15 42144
16 3
16 4
16 5
16 30555
16 30557
16 42145
17 230
17 231
17 232
17 234
17 42146
18 9
18 10
18 11
18 13
18 163
19 99
19 131
19 132
19 133
19 195
19 236
19 237
20 3
20 20
20 195
20 3386
20 3388
20 42147
21 10
21 146
21 147
21 149
21 42148
22 27
22 82
22 84
22 114
22 115
22 116
22 118
22 42149
23 90
23 443
23 9250
23 40900
23 42151
24 10
24 283
24 284
24 286
24 42152
25 99
25 133
25 175
25 176
25 195
25 234
25 42153
26 3
26 4
26 195
26 340
26 38982
26 38984
26 42155
27 4
27 195
27 202
27 625
27 11499
27 38915
27 42100
27 42157
28 71
28 76
28 190
28 191
28 42158
seqId 263
1 5
1 20
1 99
1 131
1 132
1 133
1 967
1 42159
2 3
2 5
2 20
2 3199
2 5132
2 42160
3 82
3 84
3 114
3 115
3 116
3 1361
3 42161
4 5
4 84
4 90
4 91
4 93
4 121
4 1104
4 42163
4 42164
4 42165
5 10
5 109
5 110
5 112
5 42166
6 5
6 20
6 98
6 99
6 100
6 102
6 42167
7 3
7 5
7 20
7 18025
7 18027
7 42168
8 9
8 10
8 24
8 26
8 27
8 42169
9 3
9 5
9 20
9 37469
9 37471
9 42170
10 76
10 342
10 343
10 345
10 42171
11 9
11 10
11 11
11 13
11 42172
12 3
12 5
12 20
12 36733
12 36735
12 42174
13 76
13 342
13 343
13 345
13 42175
14 9
14 10
14 24
14 26
14 27
14 42176
15 90
15 443
15 37376
15 38997
15 42177
16 76
16 342
16 343
16 345
16 42178
17 5
17 20
17 82
17 83
17 84
17 115
17 763
17 1002
17 42179
18 5
18 84
18 90
18 91
18 93
18 121
18 34469
18 39019
18 42180
19 2822
19 2823
19 2824
19 2826
19 42181
20 10
20 146
20 147
20 149
20 722
21 99
21 131
21 132
21 133
21 195
21 236
21 237
22 4
22 195
22 202
22 2075
22 2771
22 42182
23 3
23 4
23 195
23 3615
23 35716
23 42183
24 9
24 10
24 11
24 13
24 42184
25 90
25 443
25 4766
25 5065
25 42185
26 3
26 4
26 5
26 7178
26 21009
26 42186
27 82
27 758
27 759
27 761
27 42187
28 84
28 90
28 91
28 93
28 121
28 195
28 5390
28 42189
28 42190
28 42191
29 243
29 244
29 245
29 247
29 42192
30 82
30 84
30 114
30 115
30 116
30 1361
30 12145
31 84
31 90
31 91
31 93
31 121
31 195
31 755
31 3969
31 42194
31 42195
32 71
32 76
32 190
32 191
32 42196
seqId 264
1 4
1 85
1 99
1 195
1 1589
1 31729
1 42197
2 3
2 4
2 195
2 340
2 26724
2 26726
2 42198
3 4
3 195
3 202
3 42200
3 42201
3 42202
4 27
4 82
4 84
4 114
4 115
4 116
4 118
4 42203
5 84
5 90
5 91
5 93
5 121
5 195
5 4258
5 23888
5 42204
6 76
6 137
6 138
6 140
6 42205
7 10
7 3987
7 6141
7 6142
7 42206
8 76
8 185
8 186
8 188
8 42207
9 76
9 342
9 343
9 345
9 42208
10 10
10 3987
10 6141
10 6142
10 42209
11 4
11 85
11 99
11 195
11 1589
11 1591
11 42210
12 3
12 4
12 195
12 3199
12 4859
12 42211
13 4
13 195
13 202
13 5627
13 35059
13 42212
14 76
14 342
14 343
14 345
14 42213
15 10
15 3987
15 6141
15 6142
15 42214
16 99
16 133
16 175
16 176
16 195
16 234
16 42215
17 3
17 20
17 195
17 7633
17 12173
17 18680
18 20
18 195
18 202
18 3199
18 4859
18 42216
19 76
19 342
19 343
19 345
19 42217
20 945
20 1010
20 1011
20 1013
20 42218
21 10
21 283
21 284
21 286
21 42219
22 5
22 20
22 99
22 131
22 132
22 133
22 166
22 42220
23 3
23 5
23 20
23 10622
23 10624
23 42221
24 230
24 231
24 232
24 234
24 42222
25 9
25 10
25 11
25 13
25 163
26 99
26 131
26 132
26 133
26 195
26 236
26 237
27 3
27 20
27 195
27 33816
27 33818
27 42223
28 20
28 195
28 202
28 34785
28 34787
28 42224
29 244
29 418
29 419
29 421
29 42225
30 9
30 10
30 11
30 13
30 42226
31 3
31 4
31 195
31 6137
31 42228
31 42229
32 4
32 112
32 195
32 202
32 22675
32 34529
32 42230
33 71
33 76
33 190
33 191
33 42231
seqId 265
1 244
1 1249
1 2068
1 2070
1 42232
2 76
2 342
2 343
2 345
2 42233
3 660
3 6695
3 6696
3 6698
3 42234
4 10
4 283
4 284
4 286
4 42235
5 5
5 99
5 115
5 773
5 774
5 775
5 776
5 778
5 42236
6 3
6 5
6 20
6 23151
6 23153
6 42237
7 5
7 20
7 202
7 340
7 6756
7 14296
7 33919
7 33921
7 42238
8 76
8 342
8 343
8 345
8 42239
9 5
9 27
9 99
9 131
9 132
9 133
9 135
9 42240
10 3
10 4
10 5
10 4804
10 33065
10 42241
11 4
11 5
11 202
11 3386
11 6768
11 42242
12 5
12 84
12 90
12 91
12 93
12 121
12 34469
12 39019
12 42243
13 660
13 1622
13 1623
13 1625
13 42244
14 10
14 146
14 147
14 149
14 42245
15 99
15 133
15 175
15 176
15 195
15 234
15 42246
16 3
16 4
16 195
16 340
16 26724
16 26726
16 42247
17 243
17 244
17 245
17 247
17 42248
18 99
18 133
18 175
18 176
18 195
18 234
18 42249
19 3
19 20
19 195
19 11005
19 34730
19 42250
20 76
20 137
20 138
20 140
20 42251
21 10
21 378
21 379
21 381
21 42252
22 76
22 185
22 186
22 188
22 42253
23 76
23 342
23 343
23 345
23 42254
24 10
24 378
24 379
24 381
24 42255
25 4
25 5
25 99
25 133
25 175
25 176
25 178
25 42256
26 3
26 4
26 5
26 28583
26 28585
26 42257
27 4
27 5
27 202
27 29353
27 29355
27 42258
28 76
28 342
28 343
28 345
28 42259
29 10
29 378
29 379
29 381
29 42260
30 99
30 133
30 175
30 176
30 195
30 234
30 42261
31 3
31 4
31 195
31 8152
31 8154
31 42262
32 9
32 10
32 24
32 26
32 27
32 42263
33 3
33 4
33 5
33 42265
33 42266
33 42267
34 10
34 283
34 284
34 286
34 42268
35 5
35 20
35 99
35 131
35 132
35 133
35 166
35 42269
36 3
36 5
36 20
36 1320
36 1322
36 42270
37 76
37 342
37 343
37 345
37 42271
38 10
38 378
38 379
38 381
38 42272
39 99
39 133
39 175
39 176
39 195
39 234
39 42273
40 3
40 4
40 195
40 26959
40 27007
40 42274
41 9
41 10
41 11
41 13
41 42275
42 3
42 4
42 5
42 4228
42 13593
42 42276
43 4
43 5
43 202
43 29341
43 29343
43 42277
44 479
44 660
44 37471
44 42279
44 42280
44 42281
45 4
45 195
45 202
45 340
45 42283
45 42284
45 42285
46 76
46 342
46 343
46 345
46 42286
47 10
47 378
47 379
47 381
47 42287
48 5
48 20
48 99
48 131
48 132
48 133
48 166
48 42288
49 3
49 5
49 20
49 24778
49 24780
49 42289
50 5
50 20
50 202
50 42291
50 42292
50 42293
51 76
51 342
51 343
51 345
51 42294
52 10
52 378
52 379
52 381
52 42295
53 4
53 5
53 99
53 131
53 132
53 133
53 152
53 42296
54 3
54 4
54 5
54 42298
54 42299
54 42300
55 9
55 10
55 24
55 26
55 27
55 42301
56 3
56 4
56 195
56 42303
56 42304
56 42305
57 76
57 342
57 343
57 345
57 42306
58 9
58 10
58 11
58 13
58 42307
59 3
59 20
59 195
59 34626
59 34628
59 42308
60 244
60 418
60 419
60 421
60 42309
61 9
61 10
61 11
61 13
61 42310
62 3
62 20
62 195
62 1905
62 36638
62 42311
63 76
63 342
63 343
63 345
63 42312
64 10
64 378
64 379
64 381
64 42313
65 4
65 5
65 99
65 131
65 132
65 133
65 152
65 42314
66 3
66 4
66 5
66 6713
66 6715
66 42315
67 9
67 10
67 11
67 13
67 42316
68 5
68 27
68 99
68 131
68 132
68 133
68 135
68 42317
69 3
69 4
69 5
69 35420
69 35422
69 42318
70 76
70 342
70 343
70 345
70 42319
71 10
71 378
71 379
71 381
71 42320
72 4
72 5
72 99
72 133
72 175
72 176
72 178
72 42321
73 3
73 4
73 5
73 313
73 5251
73 42322
74 4
74 5
74 202
74 30488
74 37589
74 42324
75 76
75 342
75 343
75 345
75 42325
76 71
76 509
76 25601
76 25602
76 25604
76 42326
seqId 266
1 4
1 195
1 202
1 1888
1 42328
1 42329
2 84
2 91
2 93
2 121
2 195
2 703
2 707
2 1858
2 12308
3 99
3 131
3 132
3 133
3 195
3 237
3 42330
4 3
4 4
4 195
4 10184
4 10186
4 42331
5 9
5 10
5 11
5 13
5 42332
6 3
6 4
6 5
6 15
6 17
6 42333
7 10
7 146
7 147
7 149
7 42334
8 3
8 5
8 20
8 31708
8 31710
8 42335
9 9
9 10
9 11
9 13
9 42336
10 98
10 99
10 100
10 195
10 2073
10 42337
11 3
11 4
11 195
11 340
11 26724
11 26726
11 42338
12 71
12 76
12 190
12 191
12 42339
seqId 267
1 5
1 20
1 82
1 83
1 84
1 115
1 763
1 3948
1 42340
2 5
2 84
2 90
2 91
2 93
2 121
2 5045
2 19274
2 42341
3 9
3 10
3 11
3 13
3 42342
4 90
4 443
4 4063
4 5056
4 42343
5 5
5 27
5 99
5 131
5 132
5 133
5 135
5 42344
6 3
6 4
6 5
6 14541
6 14543
6 42345
7 4
7 5
7 202
7 42347
7 42348
7 42349
8 99
8 133
8 175
8 176
8 195
8 234
8 42350
9 3
9 20
9 195
9 10402
9 10404
9 42351
10 660
10 5576
10 5577
10 5579
10 42352
11 230
11 231
11 232
11 234
11 42353
12 9
12 10
12 11
12 13
12 163
13 99
13 131
13 132
13 133
13 195
13 236
13 237
14 3
14 20
14 195
14 3632
14 3634
14 42354
15 76
15 342
15 343
15 345
15 42355
16 10
16 126
16 127
16 129
16 42356
17 99
17 133
17 175
17 176
17 195
17 234
17 42357
18 3
18 20
18 195
18 7393
18 36855
18 42358
19 20
19 195
19 202
19 15601
19 15603
19 42359
20 71
20 76
20 190
20 191
20 42360
seqId 268
1 3
1 4
1 5
1 72
1 5937
1 39357
1 39359
1 42361
2 76
2 342
2 343
2 345
2 42362
3 3
3 4
3 5
3 17
3 72
3 42364
3 42365
3 42366
4 76
4 342
4 343
4 345
4 42367
5 3
5 4
5 5
5 17
5 72
5 35899
5 35901
5 42368
6 76
6 342
6 343
6 345
6 42369
7 244
7 1249
7 1250
7 1252
7 42370
8 660
8 1622
8 1623
8 1625
8 42371
9 4
9 85
9 99
9 195
9 2075
9 2771
9 42372
10 3
10 4
10 195
10 8152
10 8154
10 42373
11 9
11 10
11 24
11 26
11 27
11 42374
12 3
12 4
12 195
12 340
12 7615
12 7617
12 42375
13 84
13 90
13 91
13 93
13 121
13 195
13 5390
13 42189
13 42191
13 42376
14 76
14 342
14 343
14 345
14 42377
15 660
15 5576
15 5577
15 5579
15 42378
16 9
16 10
16 11
16 13
16 42379
17 4
17 5
17 99
17 131
17 132
17 133
17 152
17 42380
18 3
18 4
18 5
18 7178
18 21009
18 42381
19 4
19 5
19 202
19 226
19 2228
19 42382
20 76
20 342
20 343
20 345
20 42383
21 99
21 133
21 175
21 176
21 195
21 234
21 42384
22 3
22 4
22 195
22 42386
22 42387
22 42388
23 4
23 195
23 202
23 5627
23 35059
23 42389
24 76
24 342
24 343
24 345
24 42390
25 9
25 10
25 24
25 26
25 27
25 42391
26 3
26 4
26 195
26 2818
26 2820
26 42392
27 76
27 342
27 343
27 345
27 42393
28 71
28 509
28 25601
28 25602
28 25604
28 42394
seqId 269
1 90
1 443
1 31304
1 33935
1 42395
2 99
2 131
2 132
2 133
2 195
2 237
2 42396
3 3
3 4
3 195
3 8152
3 8154
3 42397
4 9
4 10
4 24
4 26
4 27
4 42398
5 3
5 4
5 5
5 4804
5 33065
5 42399
6 4
6 5
6 202
6 3386
6 6768
6 42400
7 5
7 84
7 90
7 91
7 93
7 121
7 35334
7 35336
7 42401
8 9
8 10
8 11
8 13
8 12415
9 90
9 443
9 17308
9 34513
9 42402
10 72
10 660
10 721
10 5077
10 5078
10 5080
10 42403
11 9
11 10
11 11
11 13
11 42404
12 5
12 27
12 99
12 131
12 132
12 133
12 135
12 42405
13 3
13 5
13 20
13 11005
13 11007
13 42406
14 230
14 231
14 232
14 234
14 42407
15 9
15 10
15 11
15 13
15 163
16 99
16 131
16 132
16 133
16 195
16 236
16 237
17 3
17 20
17 195
17 34294
17 34296
17 42408
18 76
18 342
18 343
18 345
18 42409
19 20
19 82
19 84
19 98
19 100
19 102
19 42410
20 82
20 758
20 759
20 761
20 42411
21 5
21 84
21 91
21 93
21 121
21 703
21 707
21 956
21 42412
22 10
22 109
22 110
22 112
22 42413
23 3
23 5
23 20
23 24116
23 24118
23 42414
24 10
24 146
24 147
24 149
24 42415
25 99
25 133
25 175
25 176
25 195
25 234
25 42416
26 3
26 4
26 195
26 340
26 14965
26 14967
26 42417
27 195
27 202
27 7906
27 36380
27 42418
28 71
28 76
28 190
28 191
28 42419
seqId 270
1 5
1 27
1 99
1 131
1 132
1 133
1 699
1 42420
2 3
2 5
2 20
2 1815
2 29773
2 42421
3 5
3 20
3 202
3 3386
3 10488
3 42422
4 5
4 84
4 90
4 91
4 93
4 121
4 2081
4 2426
4 42423
5 660
5 976
5 977
5 979
5 42424
6 82
6 84
6 114
6 115
6 116
6 1361
6 42425
7 90
7 443
7 17308
7 34513
7 42426
8 10
8 109
8 112
8 2548
8 42427
9 660
9 1796
9 1797
9 1799
9 42428
10 944
10 945
10 946
10 948
10 42429
11 3
11 4
11 5
11 6763
11 6765
11 42430
12 4
12 5
12 202
12 33775
12 36278
12 36280
12 42431
13 76
13 342
13 343
13 345
13 42432
14 659
14 660
14 661
14 2274
14 42433
15 660
15 661
15 1240
15 1242
15 42434
16 660
16 2276
16 2277
16 2279
16 42435
17 4
17 5
17 90
17 122
17 708
17 713
17 2125
17 42437
17 42438
18 717
18 718
18 719
18 721
18 42439
19 10
19 146
19 147
19 149
19 722
20 5
20 20
20 99
20 131
20 132
20 133
20 165
20 166
21 3
21 5
21 20
21 18025
21 18027
21 42440
22 9
22 10
22 24
22 26
22 27
22 42441
23 3
23 5
23 20
23 7906
23 7908
23 42442
24 10
24 1605
24 1606
24 1608
24 42443
25 5
25 27
25 99
25 131
25 132
25 133
25 135
25 42444
26 3
26 5
26 20
26 34294
26 36321
26 42445
27 243
27 244
27 245
27 247
27 42446
28 4
28 5
28 99
28 131
28 132
28 133
28 152
28 42447
29 3
29 4
29 5
29 16756
29 16758
29 42448
30 3
30 4
30 5
30 36283
30 36285
30 42449
31 76
31 413
31 414
31 416
31 42450
32 10
32 109
32 110
32 112
32 42451
33 3
33 20
33 195
33 1866
33 10151
33 42452
34 9
34 10
34 11
34 13
34 42453
35 3
35 4
35 5
35 3199
35 5132
35 42454
36 4
36 5
36 202
36 5627
36 19546
36 42455
37 76
37 342
37 343
37 345
37 42456
38 9
38 10
38 11
38 13
38 42457
39 3
39 4
39 5
39 5484
39 5486
39 42458
40 4
40 5
40 202
40 39232
40 39234
40 42459
41 76
41 433
41 434
41 436
41 42460
42 76
42 342
42 343
42 345
42 42461
43 244
43 1249
43 1250
43 1252
43 42462
44 660
44 1622
44 1623
44 1625
44 42463
45 717
45 718
45 719
45 721
45 42464
46 10
46 146
46 147
46 149
46 722
47 5
47 20
47 99
47 131
47 132
47 133
47 165
47 166
48 3
48 5
48 20
48 18025
48 18027
48 42465
49 9
49 10
49 11
49 13
49 42466
50 3
50 4
50 5
50 22458
50 22460
50 42467
51 244
51 418
51 419
51 421
51 42468
52 9
52 10
52 11
52 13
52 42469
53 3
53 4
53 5
53 16756
53 16758
53 42470
54 4
54 5
54 202
54 2742
54 16528
54 42471
55 10
55 146
55 147
55 149
55 42472
56 99
56 133
56 175
56 176
56 195
56 234
56 42473
57 3
57 20
57 195
57 3386
57 3388
57 42474
58 76
58 342
58 343
58 345
58 42475
59 10
59 109
59 110
59 112
59 42476
60 3
60 4
60 5
60 9397
60 40093
60 42477
61 10
61 1387
61 1388
61 1390
61 42478
62 99
62 133
62 175
62 176
62 195
62 234
62 42479
63 3
63 20
63 195
63 10796
63 42481
63 42482
64 20
64 195
64 202
64 1773
64 1775
64 1776
64 1777
64 42483
65 71
65 76
65 190
65 191
65 42484
seqId 271
1 99
1 131
1 132
1 133
1 195
1 1220
1 42485
2 3
2 4
2 195
2 340
2 3811
2 23253
2 34824
2 42487
2 42488
3 9
3 10
3 24
3 26
3 27
3 42489
4 3
4 4
4 5
4 14965
4 14967
4 42490
5 9
5 10
5 11
5 13
5 42491
6 98
6 99
6 100
6 195
6 2073
6 42492
7 3
7 4
7 195
7 340
7 26724
7 26726
7 42493
8 76
8 342
8 343
8 345
8 42494
9 3
9 20
9 195
9 11005
9 34730
9 42495
10 76
10 342
10 343
10 345
10 42496
11 9
11 10
11 11
11 13
11 42497
12 5
12 20
12 98
12 99
12 100
12 3961
12 42498
13 90
13 443
13 1815
13 29773
13 42499
14 5
14 20
14 202
14 3386
14 10488
14 42500
15 84
15 90
15 91
15 93
15 121
15 195
15 1509
15 1511
15 42501
16 5
16 20
16 99
16 133
16 175
16 176
16 1316
16 42502
17 3
17 5
17 20
17 2320
17 2322
17 42503
18 9
18 10
18 11
18 13
18 42504
19 3
19 5
19 20
19 1320
19 1322
19 42505
20 5
20 20
20 202
20 4011
20 4013
20 42506
21 10
21 378
21 379
21 381
21 42507
22 90
22 443
22 16673
22 39719
22 42508
23 4
23 5
23 99
23 131
23 132
23 133
23 152
23 42509
24 3
24 4
24 5
24 38982
24 38984
24 42510
25 158
25 159
25 160
25 162
25 42511
26 9
26 10
26 11
26 13
26 163
27 5
27 20
27 99
27 131
27 132
27 133
27 165
27 166
28 3
28 5
28 20
28 5018
28 5020
28 42512
29 9
29 10
29 11
29 13
29 42513
30 660
30 30062
30 30063
30 30065
30 42514
31 71
31 76
31 190
31 191
31 42515
seqId 272
1 51
1 52
1 71
1 2056
1 33197
1 33199
1 42516
2 71
2 76
2 190
2 191
2 42517
seqId 273
1 3
1 4
1 5
1 4734
1 33141
1 33142
1 33143
1 42518
2 51
2 52
2 1705
2 1707
2 42519
3 75
3 76
3 77
3 79
3 42520
seqId 274
1 3
1 20
1 195
1 340
1 33088
1 33206
1 33207
1 42521
2 20
2 195
2 202
2 340
2 10216
2 10218
2 42522
3 243
3 244
3 245
3 247
3 42523
4 3
4 4
4 5
4 7537
4 33211
4 33213
4 33214
4 42524
5 230
5 231
5 232
5 234
5 42525
6 9
6 10
6 11
6 13
6 163
7 99
7 131
7 132
7 133
7 195
7 236
7 237
8 3
8 4
8 195
8 8229
8 8231
8 42526
9 195
9 202
9 302
9 1655
9 42527
seqId 275
1 3
1 20
1 195
1 340
1 26010
1 41020
1 42528
2 75
2 76
2 77
2 79
2 42529
3 67
3 42531
3 42532
3 42533
3 42534
3 42535
4 67
4 407
4 1186
4 26225
4 42537
4 42538
4 42539
4 42540
5 76
5 342
5 343
5 345
5 42541
6 76
6 413
6 414
6 416
6 42542
7 3
7 5
7 20
7 41034
7 41036
7 42543
8 76
8 342
8 343
8 345
8 42544
9 3
9 4
9 5
9 597
9 599
9 42545
10 67
10 601
10 603
10 1197
10 42546
11 51
11 195
11 2712
11 2714
11 42547
12 76
12 433
12 434
12 436
12 42548
13 76
13 342
13 343
13 345
13 42549
14 67
14 42551
14 42552
14 42553
14 42554
15 67
15 7291
15 42556
15 42557
15 42558
15 42559
16 76
16 413
16 414
16 416
16 42560
17 3
17 5
17 20
17 41034
17 41036
17 42561
18 76
18 342
18 343
18 345
18 42562
19 3
19 4
19 5
19 597
19 599
19 42563
20 67
20 601
20 603
20 1197
20 42564
21 51
21 195
21 2686
21 15391
21 42565
22 76
22 433
22 434
22 436
22 42566
23 243
23 244
23 245
23 247
23 42567
24 67
24 42569
24 42570
24 42571
24 42572
25 67
25 204
25 11523
25 42574
25 42575
25 42576
25 42577
26 76
26 413
26 414
26 416
26 42578
27 3
27 5
27 20
27 41034
27 41036
27 42579
28 76
28 342
28 343
28 345
28 42580
29 3
29 4
29 5
29 597
29 599
29 42581
30 67
30 601
30 603
30 1197
30 42582
31 51
31 195
31 2712
31 2714
31 42583
32 76
32 433
32 434
32 436
32 42584
seqId 276
1 4
1 5
1 99
1 131
1 132
1 133
1 811
1 42585
2 3
2 4
2 5
2 3691
2 3693
2 42586
3 10
3 126
3 127
3 129
3 42587
4 4
4 5
4 99
4 131
4 132
4 133
4 152
4 42588
5 3
5 4
5 5
5 34306
5 34308
5 42589
6 9
6 10
6 11
6 13
6 42590
7 4
7 5
7 99
7 131
7 132
7 133
7 152
7 42591
8 3
8 4
8 5
8 15
8 17
8 42592
9 243
9 244
9 245
9 247
9 42593
10 230
10 231
10 232
10 234
10 42594
11 9
11 10
11 11
11 13
11 163
12 99
12 131
12 132
12 133
12 195
12 236
12 237
13 3
13 20
13 195
13 340
13 12336
13 15959
13 42595
14 20
14 195
14 202
14 302
14 1655
14 42596
15 5
15 84
15 90
15 91
15 93
15 121
15 1509
15 16289
15 42597
16 4
16 5
16 99
16 133
16 175
16 176
16 178
16 42598
17 3
17 4
17 5
17 6763
17 6765
17 42599
18 4
18 5
18 202
18 3303
18 3305
18 42600
19 9
19 10
19 11
19 13
19 42601
20 5
20 27
20 99
20 131
20 132
20 133
20 135
20 42602
21 3
21 4
21 5
21 14686
21 14688
21 42603
22 158
22 159
22 160
22 162
22 42604
23 9
23 10
23 11
23 13
23 163
24 5
24 20
24 99
24 131
24 132
24 133
24 165
24 166
25 3
25 5
25 20
25 4434
25 4436
25 42605
26 71
26 76
26 190
26 191
26 42606
seqId 277
1 10
1 283
1 3640
1 3642
1 42607
2 4
2 5
2 98
2 99
2 100
2 1927
2 42608
3 3
3 4
3 5
3 3645
3 3647
3 42609
4 76
4 342
4 343
4 345
4 42610
5 5
5 20
5 99
5 131
5 132
5 133
5 166
5 42611
6 5
6 20
6 202
6 566
6 568
6 42612
7 3
7 5
7 20
7 761
7 4399
7 8684
7 24369
7 24371
7 24372
7 42613
8 5
8 84
8 90
8 91
8 92
8 93
8 96
8 4955
8 42615
8 42616
9 660
9 6695
9 6696
9 6698
9 42617
10 10
10 283
10 284
10 286
10 42618
11 5
11 99
11 115
11 773
11 774
11 775
11 776
11 778
11 42619
12 3
12 5
12 20
12 42621
12 42622
12 42623
13 85
13 99
13 195
13 638
13 640
13 42624
14 3
14 20
14 195
14 34035
14 34037
14 42625
15 9
15 10
15 11
15 13
15 42626
16 3
16 4
16 5
16 10638
16 10812
16 42627
17 243
17 244
17 245
17 247
17 42628
18 9
18 10
18 24
18 26
18 27
18 42629
19 3
19 4
19 195
19 340
19 42631
19 42632
19 42633
20 90
20 121
20 122
20 5094
20 42635
20 42636
21 4
21 5
21 98
21 99
21 100
21 1927
21 42637
22 3
22 4
22 5
22 28107
22 28109
22 42638
23 76
23 342
23 343
23 345
23 42639
24 717
24 718
24 719
24 721
24 42640
25 10
25 146
25 147
25 149
25 722
26 5
26 20
26 99
26 131
26 132
26 133
26 165
26 166
27 3
27 5
27 20
27 12014
27 12016
27 42641
28 230
28 231
28 232
28 234
28 42642
29 9
29 10
29 11
29 13
29 163
30 99
30 131
30 132
30 133
30 195
30 236
30 237
31 20
31 195
31 202
31 1888
31 1890
31 42643
32 3
32 20
32 195
32 10464
32 10466
32 42644
33 660
33 1305
33 1306
33 1308
33 42645
34 20
34 90
34 122
34 195
34 708
34 713
34 3563
34 42647
34 42648
35 10
35 126
35 127
35 129
35 42649
36 98
36 99
36 100
36 195
36 2073
36 42650
37 3
37 20
37 195
37 23048
37 23050
37 42651
38 71
38 76
38 190
38 191
38 42652
seqId 278
1 10
1 378
1 3871
1 3873
1 12727
2 5
2 20
2 99
2 133
2 175
2 176
2 1316
2 42653
3 3
3 5
3 20
3 4434
3 4436
3 42654
4 82
4 758
4 759
4 761
4 42655
5 5
5 84
5 90
5 91
5 93
5 121
5 9966
5 28344
5 42656
6 90
6 443
6 4766
6 5065
6 42657
7 99
7 133
7 175
7 176
7 195
7 234
7 42658
8 3
8 20
8 195
8 1240
8 1242
8 42659
9 9
9 10
9 11
9 13
9 42660
10 3
10 5
10 20
10 24951
10 38843
10 42661
11 10
11 828
11 829
11 831
11 42662
12 3
12 5
12 20
12 2723
12 2725
12 42663
13 717
13 718
13 719
13 721
13 42664
14 10
14 146
14 147
14 149
14 722
15 5
15 20
15 99
15 131
15 132
15 133
15 165
15 166
16 3
16 5
16 20
16 3338
16 3340
16 42665
17 660
17 9231
17 9232
17 9234
17 42666
18 5
18 20
18 202
18 42668
18 42669
18 42670
19 9
19 10
19 11
19 13
19 42671
20 5
20 27
20 99
20 131
20 132
20 133
20 135
20 42672
21 3
21 4
21 5
21 2608
21 4490
21 42673
22 158
22 159
22 160
22 162
22 42674
23 9
23 10
23 11
23 13
23 163
24 5
24 20
24 99
24 131
24 132
24 133
24 165
24 166
25 3
25 5
25 20
25 19603
25 19605
25 42675
26 10
26 1605
26 1606
26 1608
26 42676
27 99
27 131
27 132
27 133
27 195
27 237
27 42677
28 3
28 4
28 195
28 313
28 6526
28 42678
29 76
29 342
29 343
29 345
29 42679
30 90
30 443
30 40114
30 42681
30 42682
31 2822
31 2823
31 2824
31 2826
31 42683
32 10
32 146
32 147
32 149
32 722
33 99
33 131
33 132
33 133
33 195
33 236
33 237
34 3
34 4
34 195
34 340
34 42685
34 42686
34 42687
35 82
35 758
35 759
35 761
35 42688
36 84
36 90
36 91
36 93
36 121
36 195
36 2081
36 14250
36 42689
37 90
37 443
37 21938
37 42691
37 42692
38 9
38 10
38 11
38 13
38 42693
39 5
39 27
39 99
39 131
39 132
39 133
39 135
39 42694
40 3
40 4
40 5
40 28808
40 42696
40 42697
40 42698
40 42699
40 42700
41 5
41 84
41 90
41 91
41 93
41 121
41 33688
41 42702
41 42703
42 4
42 5
42 82
42 84
42 85
42 175
42 178
42 42704
43 230
43 231
43 232
43 234
43 42705
44 9
44 10
44 11
44 13
44 163
45 99
45 131
45 132
45 133
45 195
45 236
45 237
46 3
46 4
46 195
46 10638
46 10640
46 42706
47 4
47 195
47 202
47 42708
47 42709
47 42710
48 9
48 10
48 11
48 13
48 42711
49 4
49 5
49 98
49 99
49 100
49 1927
49 42712
50 3
50 4
50 5
50 4734
50 4736
50 4737
50 42713
51 71
51 76
51 190
51 191
51 42714
seqId 279
1 10
1 19283
1 30094
1 30096
1 42715
2 99
2 131
2 132
2 133
2 195
2 237
2 42716
3 3
3 20
3 195
3 4279
3 6292
3 42717
4 9
4 10
4 11
4 13
4 42718
5 3
5 5
5 20
5 33088
5 33090
5 42719
6 76
6 342
6 343
6 345
6 42720
7 5
7 20
7 81
7 82
7 83
7 84
7 85
7 87
7 42721
8 5
8 84
8 90
8 91
8 93
8 121
8 2081
8 2426
8 42722
9 90
9 443
9 6971
9 12939
9 42723
10 4
10 5
10 99
10 131
10 132
10 133
10 152
10 42724
11 3
11 4
11 5
11 27335
11 27337
11 42725
12 230
12 231
12 232
12 234
12 42726
13 9
13 10
13 11
13 13
13 163
14 99
14 131
14 132
14 133
14 195
14 236
14 237
15 3
15 20
15 195
15 3937
15 3939
15 42727
16 20
16 195
16 202
16 302
16 1655
16 42728
17 76
17 342
17 343
17 345
17 42729
18 82
18 758
18 759
18 761
18 42730
19 5
19 84
19 90
19 91
19 93
19 121
19 22718
19 22720
19 42731
20 10
20 109
20 110
20 112
20 42732
21 5
21 20
21 202
21 784
21 4033
21 42733
22 3
22 5
22 20
22 1905
22 1907
22 42734
23 158
23 159
23 160
23 162
23 42735
24 9
24 10
24 11
24 13
24 163
25 5
25 20
25 99
25 131
25 132
25 133
25 165
25 166
26 3
26 5
26 20
26 42737
26 42738
26 42739
27 10
27 283
27 284
27 286
27 42740
28 5
28 20
28 99
28 131
28 132
28 133
28 166
28 42741
29 3
29 5
29 20
29 19820
29 19822
29 42742
30 5
30 20
30 202
30 302
30 304
30 42743
31 75
31 76
31 77
31 79
31 42744
32 3
32 4
32 195
32 3707
32 41983
32 42745
33 76
33 342
33 343
33 345
33 42746
34 3
34 20
34 195
34 42748
34 42749
34 42750
35 76
35 342
35 343
35 345
35 42751
36 3
36 4
36 5
36 11542
36 13403
36 42753
36 42754
36 42755
36 42756
37 243
37 244
37 245
37 247
37 42757
38 3
38 4
38 195
38 340
38 42759
38 42760
38 42761
39 230
39 231
39 232
39 234
39 42762
40 9
40 10
40 11
40 13
40 163
41 99
41 131
41 132
41 133
41 195
41 236
41 237
42 3
42 20
42 195
42 1866
42 10151
42 42763
43 243
43 244
43 245
43 247
43 12873
44 660
44 19069
44 19070
44 19072
44 42764
45 99
45 133
45 175
45 176
45 195
45 234
45 42765
46 3
46 4
46 195
46 33173
46 33175
46 42766
47 4
47 195
47 202
47 340
47 24085
47 42768
47 42769
47 42770
48 71
48 76
48 190
48 191
48 42771
seqId 280
1 5
1 27
1 99
1 131
1 132
1 133
1 699
1 42772
2 3
2 4
2 5
2 2608
2 4490
2 42773
3 9
3 10
3 11
3 13
3 42774
4 4
4 5
4 99
4 131
4 132
4 133
4 152
4 42775
5 3
5 4
5 5
5 15
5 17
5 42776
6 243
6 244
6 245
6 247
6 42777
7 4
7 5
7 99
7 131
7 132
7 133
7 152
7 42778
8 3
8 4
8 5
8 6422
8 6424
8 42779
9 4
9 5
9 202
9 3722
9 34419
9 34421
9 42781
10 158
10 159
10 160
10 162
10 42782
11 9
11 10
11 11
11 13
11 163
12 5
12 20
12 99
12 131
12 132
12 133
12 165
12 166
13 3
13 5
13 20
13 2601
13 2603
13 42783
14 10
14 1605
14 1606
14 1608
14 42784
15 4
15 85
15 99
15 195
15 2075
15 2771
15 42785
16 3
16 4
16 195
16 5859
16 14468
16 42786
17 76
17 342
17 343
17 345
17 42787
18 3
18 4
18 195
18 8229
18 8231
18 42788
19 243
19 244
19 245
19 247
19 42789
20 3
20 4
20 195
20 19879
20 26830
20 42790
21 76
21 413
21 414
21 416
21 42791
22 3
22 4
22 5
22 17766
22 38508
22 42793
22 42794
23 76
23 342
23 343
23 345
23 42795
24 3
24 4
24 5
24 17
24 72
24 39357
24 39359
24 42796
25 76
25 342
25 343
25 345
25 42797
26 3
26 4
26 5
26 15
26 17
26 42798
27 3
27 4
27 5
27 13887
27 26751
27 42800
28 76
28 342
28 343
28 345
28 42801
29 3
29 4
29 5
29 7615
29 7617
29 42802
30 76
30 342
30 343
30 345
30 42803
31 3
31 4
31 195
31 340
31 42631
31 42633
31 42804
32 76
32 433
32 434
32 436
32 42805
33 84
33 90
33 91
33 93
33 121
33 195
33 1509
33 1511
33 42806
34 5
34 20
34 99
34 133
34 175
34 176
34 1316
34 42807
35 5
35 20
35 202
35 2294
35 2296
35 42808
36 3
36 5
36 20
36 3937
36 37531
36 42809
37 9
37 10
37 11
37 13
37 42810
38 3
38 4
38 5
38 10638
38 10812
38 42811
39 71
39 76
39 190
39 191
39 12940
seqId 281
1 10
1 283
1 3640
1 3642
1 42812
2 5
2 20
2 98
2 99
2 100
2 102
2 42813
3 3
3 5
3 20
3 19820
3 19822
3 42814
4 76
4 342
4 343
4 345
4 42815
5 5
5 20
5 81
5 82
5 83
5 84
5 85
5 87
5 42816
6 5
6 84
6 90
6 91
6 93
6 121
6 4414
6 4417
6 42817
7 10
7 828
7 831
7 1539
7 42818
8 660
8 2210
8 2211
8 2213
8 42819
9 4
9 5
9 99
9 133
9 175
9 176
9 178
9 42820
10 4
10 5
10 202
10 42822
10 42823
10 42824
11 3
11 4
11 5
11 4249
11 4251
11 42825
12 10
12 126
12 127
12 129
12 42826
13 4
13 5
13 82
13 759
13 1432
13 1434
13 42827
14 5
14 20
14 99
14 131
14 132
14 133
14 166
14 42828
15 5
15 20
15 67
15 699
15 3213
15 5979
15 33380
15 33382
15 42829
16 5
16 84
16 90
16 91
16 93
16 121
16 7504
16 42831
16 42832
17 10
17 7340
17 9033
17 9035
17 42833
18 13
18 99
18 133
18 175
18 176
18 195
18 42834
19 4
19 195
19 202
19 1888
19 3548
19 42835
20 3
20 4
20 195
20 729
20 731
20 42836
21 76
21 342
21 343
21 345
21 12966
22 4
22 5
22 82
22 84
22 100
22 4680
22 7233
22 42837
23 158
23 159
23 160
23 162
23 42838
24 9
24 10
24 11
24 13
24 163
25 5
25 20
25 99
25 131
25 132
25 133
25 165
25 166
26 3
26 5
26 20
26 33570
26 33572
26 42840
27 243
27 244
27 245
27 247
27 42841
28 99
28 133
28 175
28 176
28 195
28 234
28 42842
29 3
29 4
29 195
29 4198
29 4662
29 42843
30 10
30 1605
30 1606
30 1608
30 42844
31 3
31 4
31 195
31 8229
31 8231
31 42845
32 4
32 195
32 202
32 340
32 35603
32 35605
32 42846
33 243
33 244
33 245
33 247
33 42847
34 4
34 195
34 202
34 340
34 15611
34 35598
34 42848
35 76
35 342
35 343
35 345
35 42849
36 243
36 244
36 245
36 247
36 42850
37 660
37 18530
37 42852
37 42853
37 42854
37 42855
37 42856
37 42857
38 5
38 20
38 99
38 131
38 132
38 133
38 166
38 13001
39 3
39 5
39 20
39 5228
39 15262
39 42858
40 10
40 146
40 147
40 149
40 42859
41 5
41 27
41 99
41 131
41 132
41 133
41 135
41 42860
42 3
42 4
42 5
42 497
42 42862
42 42863
42 42864
43 243
43 244
43 245
43 247
43 42865
44 2822
44 2823
44 2824
44 2826
44 42866
45 10
45 146
45 147
45 149
45 722
46 99
46 131
46 132
46 133
46 195
46 236
46 237
47 3
47 4
47 195
47 1742
47 13218
47 42867
48 71
48 76
48 190
48 191
48 42868
seqId 282
1 4
1 5
1 98
1 99
1 100
1 4105
1 42869
2 3
2 4
2 5
2 22957
2 42871
2 42872
3 10
3 126
3 127
3 129
3 42873
4 4
4 5
4 99
4 131
4 132
4 133
4 152
4 42874
5 3
5 4
5 5
5 4228
5 13593
5 42875
6 230
6 231
6 232
6 234
6 42876
7 9
7 10
7 11
7 13
7 163
8 99
8 131
8 132
8 133
8 195
8 236
8 237
9 3
9 4
9 195
9 1742
9 13218
9 42877
10 5
10 84
10 90
10 91
10 93
10 121
10 3777
10 4766
10 42878
11 3
11 5
11 20
11 17801
11 17803
11 42879
12 10
12 146
12 147
12 149
12 42880
13 5
13 27
13 99
13 131
13 132
13 133
13 135
13 42881
14 3
14 5
14 20
14 3937
14 37531
14 42882
15 9
15 10
15 11
15 13
15 42883
16 4
16 5
16 99
16 131
16 132
16 133
16 152
16 42884
17 3
17 4
17 5
17 42886
17 42887
17 42888
17 42889
18 71
18 76
18 190
18 191
18 42890
seqId 283
1 5
1 20
1 82
1 83
1 84
1 115
1 763
1 3948
1 42891
2 27
2 82
2 84
2 114
2 115
2 116
2 118
2 42892
3 5
3 84
3 90
3 91
3 93
3 121
3 1815
3 2122
3 42893
4 660
4 918
4 919
4 921
4 42894
5 9
5 10
5 24
5 26
5 27
5 42895
6 90
6 443
6 10527
6 38747
6 42896
7 4
7 5
7 99
7 131
7 132
7 133
7 152
7 42897
8 3
8 4
8 5
8 34306
8 34308
8 42898
9 230
9 231
9 232
9 234
9 42899
10 9
10 10
10 11
10 13
10 163
11 99
11 131
11 132
11 133
11 195
11 236
11 237
12 3
12 20
12 195
12 23785
12 42901
12 42902
13 9
13 10
13 11
13 13
13 42903
14 3
14 4
14 5
14 1931
14 1933
14 42904
15 76
15 342
15 343
15 345
15 42905
16 3
16 5
16 20
16 1650
16 3499
16 42906
17 82
17 758
17 759
17 761
17 42907
18 5
18 84
18 90
18 91
18 93
18 121
18 25987
18 35225
18 42908
19 5
19 20
19 99
19 133
19 175
19 176
19 1316
19 42909
20 3
20 5
20 20
20 1320
20 1322
20 42910
21 3
21 4
21 5
21 4447
21 4449
21 42911
22 10
22 126
22 127
22 129
22 42912
23 99
23 131
23 132
23 133
23 195
23 237
23 42913
24 3
24 4
24 195
24 5280
24 7167
24 42914
25 76
25 342
25 343
25 345
25 42915
26 660
26 3319
26 3320
26 3322
26 42916
27 660
27 6695
27 6696
27 6698
27 42917
28 9
28 10
28 11
28 13
28 42918
29 90
29 443
29 2081
29 29574
29 42919
30 90
30 443
30 2333
30 3366
30 42920
31 5
31 99
31 115
31 773
31 775
31 776
31 2192
31 3593
31 42921
32 3
32 4
32 5
32 2902
32 42923
32 42924
32 42925
33 10
33 283
33 284
33 286
33 42926
34 5
34 20
34 99
34 131
34 132
34 133
34 166
34 42927
35 3
35 5
35 20
35 2601
35 2603
35 42928
36 71
36 76
36 190
36 191
36 42929
seqId 284
1 5
1 20
1 27
1 36
1 82
1 84
1 98
1 100
1 42930
2 5
2 84
2 91
2 93
2 121
2 703
2 707
2 956
2 42931
3 4
3 5
3 99
3 131
3 132
3 133
3 152
3 42932
4 3
4 4
4 5
4 34306
4 34308
4 42933
5 230
5 231
5 232
5 234
5 42934
6 9
6 10
6 11
6 13
6 163
7 99
7 131
7 132
7 133
7 195
7 236
7 237
8 3
8 20
8 195
8 34458
8 37676
8 42935
9 82
9 758
9 759
9 761
9 42936
10 5
10 84
10 90
10 91
10 93
10 121
10 6481
10 16983
10 42938
10 42939
10 42940
11 660
11 976
11 977
11 979
11 42941
12 10
12 283
12 284
12 286
12 42942
13 5
13 20
13 99
13 131
13 132
13 133
13 166
13 42943
14 3
14 5
14 20
14 19603
14 19605
14 42944
15 76
15 342
15 343
15 345
15 42945
16 5
16 20
16 82
16 759
16 1432
16 6158
16 42946
17 27
17 82
17 84
17 114
17 115
17 116
17 118
17 42947
18 5
18 84
18 90
18 91
18 93
18 121
18 2101
18 2103
18 42948
19 10
19 146
19 149
19 2548
19 42949
20 3
20 5
20 20
20 38959
20 38961
20 42950
21 13
21 99
21 133
21 175
21 176
21 195
21 42951
22 4
22 195
22 202
22 1888
22 3548
22 42952
23 3
23 4
23 15
23 195
23 4121
23 42953
24 4
24 90
24 122
24 195
24 708
24 713
24 3686
24 5120
24 42954
25 717
25 718
25 719
25 721
25 42955
26 10
26 146
26 147
26 149
26 722
27 5
27 20
27 99
27 131
27 132
27 133
27 165
27 166
28 3
28 5
28 20
28 1325
28 1327
28 42956
29 158
29 159
29 160
29 162
29 42957
30 9
30 10
30 11
30 13
30 163
31 5
31 20
31 99
31 131
31 132
31 133
31 165
31 166
32 5
32 20
32 67
32 699
32 3213
32 5979
32 33380
32 33382
32 42958
33 76
33 342
33 343
33 345
33 42959
34 243
34 244
34 245
34 247
34 42960
35 5
35 20
35 82
35 84
35 100
35 6672
35 28729
35 42961
36 10
36 146
36 147
36 149
36 42962
37 99
37 133
37 175
37 176
37 195
37 234
37 42963
38 3
38 4
38 195
38 340
38 14965
38 14967
38 42964
39 660
39 7237
39 10032
39 10034
39 42965
40 4
40 195
40 202
40 15601
40 17892
40 42966
41 71
41 76
41 190
41 191
41 42967
seqId 285
1 5
1 20
1 202
1 15064
1 42969
1 42970
2 5
2 20
2 202
2 7021
2 19588
2 42971
3 3
3 5
3 20
3 1684
3 13711
3 42972
4 9
4 10
4 11
4 13
4 42973
5 3
5 4
5 5
5 3691
5 3693
5 42974
6 76
6 342
6 343
6 345
6 42975
7 5
7 20
7 82
7 84
7 100
7 4680
7 7814
7 42976
8 9
8 10
8 11
8 13
8 42977
9 4
9 5
9 99
9 131
9 132
9 133
9 152
9 42978
10 3
10 4
10 5
10 14174
10 27570
10 42979
11 243
11 244
11 245
11 247
11 42980
12 9
12 10
12 11
12 13
12 42981
13 4
13 5
13 99
13 131
13 132
13 133
13 152
13 42982
14 3
14 4
14 5
14 42984
14 42985
14 42986
15 230
15 231
15 232
15 234
15 42987
16 9
16 10
16 11
16 13
16 163
17 99
17 131
17 132
17 133
17 195
17 236
17 237
18 3
18 20
18 195
18 340
18 12336
18 15959
18 42988
19 20
19 195
19 202
19 302
19 1655
19 42989
20 76
20 342
20 343
20 345
20 42990
21 244
21 15672
21 15673
21 15675
21 42991
22 9
22 10
22 11
22 13
22 42992
23 4
23 5
23 99
23 131
23 132
23 133
23 152
23 42993
24 3
24 4
24 5
24 5390
24 40030
24 42995
24 42996
25 3
25 20
25 72
25 195
25 340
25 1230
25 1231
25 3634
25 42998
25 42999
26 76
26 342
26 343
26 345
26 43000
27 3
27 5
27 20
27 1684
27 13711
27 43001
28 82
28 758
28 759
28 761
28 43002
29 5
29 84
29 90
29 91
29 93
29 121
29 831
29 39037
29 43004
29 43005
30 99
30 131
30 132
30 133
30 195
30 237
30 43006
31 51
31 195
31 1368
31 1370
31 43007
32 3
32 4
32 195
32 4734
32 4736
32 20119
32 43008
33 3
33 20
33 195
33 340
33 43010
33 43011
33 43012
34 5
34 20
34 82
34 83
34 84
34 115
34 763
34 1002
34 43013
35 5
35 84
35 91
35 93
35 121
35 703
35 707
35 956
35 43014
36 717
36 718
36 719
36 721
36 13176
37 10
37 146
37 147
37 149
37 722
38 5
38 20
38 99
38 131
38 132
38 133
38 165
38 166
39 3
39 5
39 20
39 8760
39 8762
39 43015
40 9
40 10
40 11
40 13
40 43016
41 5
41 27
41 99
41 131
41 132
41 133
41 135
41 43017
42 3
42 4
42 5
42 1573
42 1575
42 43018
43 158
43 159
43 160
43 162
43 43019
44 9
44 10
44 11
44 13
44 163
45 5
45 20
45 99
45 131
45 132
45 133
45 165
45 166
46 5
46 20
46 67
46 699
46 3213
46 5979
46 33380
46 33382
46 43020
47 71
47 76
47 190
47 191
47 43021
seqId 286
1 660
1 2906
1 36107
1 41384
1 43022
2 90
2 443
2 5450
2 8909
2 43023
3 10
3 146
3 147
3 149
3 43024
4 4
4 5
4 99
4 131
4 132
4 133
4 152
4 43025
5 3
5 4
5 5
5 470
5 472
5 43026
6 9
6 10
6 24
6 26
6 27
6 43027
7 3
7 20
7 195
7 14720
7 14722
7 43028
8 20
8 195
8 202
8 340
8 25038
8 40841
8 43029
9 82
9 758
9 759
9 761
9 43030
10 5
10 84
10 90
10 91
10 93
10 121
10 43032
10 43033
10 43034
11 99
11 133
11 175
11 176
11 195
11 234
11 43035
12 3
12 20
12 195
12 2081
12 36474
12 43036
13 20
13 195
13 202
13 5627
13 40014
13 43037
14 76
14 342
14 343
14 345
14 43038
15 99
15 133
15 175
15 176
15 195
15 234
15 43039
16 3
16 20
16 195
16 2960
16 2962
16 43040
17 20
17 195
17 202
17 22285
17 22287
17 39102
17 43042
18 76
18 342
18 343
18 345
18 43043
19 244
19 15672
19 15673
19 15675
19 43044
20 9
20 10
20 24
20 26
20 27
20 43045
21 3
21 4
21 195
21 2608
21 33258
21 43046
22 9
22 10
22 11
22 13
22 43047
23 4
23 5
23 99
23 131
23 132
23 133
23 152
23 43048
24 3
24 4
24 5
24 7178
24 21009
24 43049
25 4
25 5
25 202
25 226
25 2228
25 43050
26 243
26 244
26 245
26 247
26 43051
27 9
27 10
27 24
27 26
27 27
27 43052
28 3
28 4
28 195
28 2818
28 2820
28 43053
29 76
29 2911
29 2912
29 2914
29 43054
seqId 287
1 5
1 20
1 202
1 2905
1 2906
1 43056
1 43057
2 5
2 84
2 91
2 93
2 121
2 703
2 707
2 956
2 43058
3 5
3 20
3 99
3 131
3 132
3 133
3 166
3 43059
4 3
4 5
4 20
4 12137
4 12139
4 43060
5 9
5 10
5 11
5 13
5 43061
6 98
6 99
6 100
6 195
6 2073
6 43062
7 3
7 4
7 195
7 4094
7 4096
7 43063
8 4
8 195
8 202
8 795
8 3439
8 43064
9 76
9 342
9 343
9 345
9 43065
10 660
10 2906
10 19025
10 36107
10 43066
11 90
11 443
11 3482
11 7519
11 43067
12 98
12 99
12 100
12 195
12 2073
12 43068
13 3
13 20
13 195
13 21902
13 21904
13 43069
14 9
14 10
14 11
14 13
14 43070
15 3
15 4
15 5
15 15
15 17
15 43071
16 76
16 342
16 343
16 345
16 43072
17 660
17 2906
17 19025
17 36107
17 43073
18 243
18 244
18 245
18 247
18 43074
19 10
19 146
19 147
19 149
19 43075
20 82
20 758
20 759
20 761
20 43076
21 82
21 83
21 84
21 115
21 195
21 237
21 1824
21 43077
22 90
22 443
22 43079
22 43080
22 43081
23 76
23 342
23 343
23 345
23 43082
24 660
24 6695
24 6696
24 6698
24 43083
25 10
25 109
25 110
25 112
25 43084
26 3
26 5
26 20
26 5228
26 15262
26 43085
27 2822
27 2823
27 2824
27 2826
27 43086
28 10
28 146
28 147
28 149
28 722
29 99
29 131
29 132
29 133
29 195
29 236
29 237
30 4
30 195
30 202
30 2075
30 2771
30 43087
31 3
31 4
31 195
31 8152
31 8154
31 43088
32 9
32 10
32 24
32 26
32 27
32 43089
33 3
33 4
33 5
33 37922
33 37924
33 43090
34 158
34 159
34 160
34 162
34 43091
35 9
35 10
35 11
35 13
35 163
36 5
36 20
36 99
36 131
36 132
36 133
36 165
36 166
37 3
37 5
37 20
37 12336
37 15959
37 43092
38 76
38 2911
38 2912
38 2914
38 43093
seqId 288
1 660
1 2906
1 36107
1 41384
1 43094
2 82
2 84
2 114
2 115
2 116
2 1361
2 43095
3 90
3 443
3 1159
3 33557
3 43096
4 72
4 72
4 660
4 11166
4 25047
4 43098
4 43099
4 43100
4 43101
5 9
5 10
5 11
5 13
5 43102
6 4
6 5
6 99
6 131
6 132
6 133
6 152
6 43103
7 3
7 4
7 5
7 470
7 472
7 43104
8 4
8 5
8 202
8 322
8 22672
8 43105
9 9
9 10
9 11
9 13
9 43106
10 76
10 137
10 138
10 140
10 43107
11 3
11 4
11 5
11 43109
11 43110
11 43111
12 4
12 5
12 202
12 302
12 304
12 43112
13 76
13 185
13 186
13 188
13 43113
14 76
14 2911
14 2912
14 2914
14 43114
seqId 289
1 5
1 20
1 202
1 15304
1 43116
1 43117
2 3
2 5
2 20
2 34035
2 43119
2 43120
3 76
3 342
3 343
3 345
3 43121
4 82
4 758
4 759
4 761
4 43122
5 5
5 84
5 90
5 91
5 93
5 121
5 43124
5 43125
5 43126
6 660
6 2305
6 2306
6 2308
6 43127
7 660
7 1622
7 1623
7 1625
7 43128
8 5
8 20
8 99
8 133
8 175
8 176
8 1316
8 43129
9 3
9 5
9 20
9 1684
9 13711
9 43130
10 5
10 20
10 202
10 2635
10 43132
10 43133
11 230
11 231
11 232
11 234
11 43134
12 9
12 10
12 11
12 13
12 163
13 99
13 131
13 132
13 133
13 195
13 236
13 237
14 3
14 4
14 195
14 340
14 43136
14 43137
14 43138
15 10
15 1605
15 1606
15 1608
15 43139
16 99
16 133
16 175
16 176
16 195
16 234
16 43140
17 3
17 4
17 195
17 8050
17 33365
17 43141
18 4
18 195
18 202
18 302
18 1655
18 43142
19 4
19 195
19 202
19 2075
19 2771
19 43143
20 76
20 342
20 343
20 345
20 43144
21 5
21 20
21 82
21 84
21 100
21 4680
21 7814
21 43145
22 9
22 10
22 11
22 13
22 43146
23 4
23 5
23 99
23 131
23 132
23 133
23 152
23 43147
24 3
24 4
24 5
24 34306
24 34308
24 43148
25 230
25 231
25 232
25 234
25 43149
26 9
26 10
26 11
26 13
26 163
27 99
27 131
27 132
27 133
27 195
27 236
27 237
28 3
28 4
28 195
28 8229
28 8231
28 43150
29 9
29 10
29 11
29 13
29 43151
30 3
30 4
30 5
30 43153
30 43154
30 43155
31 76
31 342
31 343
31 345
31 43156
32 244
32 15672
32 15673
32 15675
32 43157
33 9
33 10
33 11
33 13
33 43158
34 4
34 5
34 99
34 131
34 132
34 133
34 152
34 43159
35 3
35 4
35 5
35 4851
35 4853
35 43160
36 10
36 109
36 110
36 112
36 43161
37 3
37 5
37 20
37 19603
37 19605
37 43162
38 9
38 10
38 11
38 13
38 43163
39 3
39 20
39 195
39 31126
39 38752
39 43164
40 10
40 146
40 147
40 149
40 43165
41 3
41 4
41 5
41 21656
41 21658
41 43166
42 4
42 5
42 202
42 912
42 27311
42 27313
42 39562
42 43167
43 244
43 418
43 419
43 421
43 43168
44 10
44 146
44 147
44 149
44 43169
45 3
45 5
45 20
45 37928
45 37930
45 43170
46 5
46 20
46 202
46 912
46 15613
46 27311
46 27313
46 43171
47 71
47 76
47 190
47 191
47 43172
seqId 290
1 20
1 82
1 84
1 98
1 100
1 8099
1 43173
2 84
2 91
2 93
2 121
2 195
2 703
2 707
2 1858
2 43174
3 660
3 2305
3 2306
3 2308
3 43175
4 99
4 133
4 175
4 176
4 195
4 234
4 43176
5 3
5 4
5 195
5 3707
5 41983
5 43177
6 243
6 244
6 245
6 247
6 43178
7 99
7 133
7 175
7 176
7 195
7 234
7 43179
8 3
8 4
8 195
8 19879
8 26830
8 43180
9 10
9 146
9 147
9 149
9 43181
10 90
10 443
10 38175
10 43183
10 43184
10 43185
11 75
11 76
11 77
11 79
11 43186
12 90
12 443
12 43188
12 43189
12 43190
13 243
13 244
13 245
13 247
13 43191
14 90
14 443
14 41069
14 43193
14 43194
14 43195
15 99
15 133
15 175
15 176
15 195
15 234
15 43196
16 3
16 20
16 195
16 43198
16 43199
16 43200
17 3
17 4
17 195
17 35445
17 43202
17 43203
18 10
18 378
18 379
18 381
18 43204
19 90
19 443
19 16673
19 39719
19 43205
20 99
20 131
20 132
20 133
20 195
20 237
20 43206
21 3
21 20
21 195
21 30034
21 30036
21 43207
22 76
22 342
22 343
22 345
22 43208
23 90
23 443
23 43210
23 43211
23 43212
23 43213
23 43214
23 43215
24 244
24 418
24 419
24 421
24 43216
25 90
25 443
25 8685
25 43218
25 43219
25 43220
26 99
26 131
26 132
26 133
26 195
26 237
26 43221
27 3
27 20
27 195
27 3937
27 3939
27 43222
28 243
28 244
28 245
28 247
28 43223
29 3
29 4
29 195
29 9397
29 9399
29 43224
30 9
30 10
30 24
30 26
30 27
30 43225
31 3
31 4
31 195
31 340
31 14965
31 14967
31 43226
32 76
32 342
32 343
32 345
32 43227
33 90
33 443
33 1845
33 43229
33 43230
33 43231
34 5
34 27
34 99
34 131
34 132
34 133
34 135
34 43232
35 3
35 4
35 5
35 4804
35 33065
35 43233
36 230
36 231
36 232
36 234
36 43234
37 9
37 10
37 11
37 13
37 163
38 99
38 131
38 132
38 133
38 195
38 236
38 237
39 3
39 4
39 195
39 3419
39 3421
39 43235
40 76
40 342
40 343
40 345
40 43236
41 71
41 509
41 25601
41 25602
41 25604
41 43237
42 84
42 91
42 93
42 121
42 195
42 703
42 707
42 1858
42 43238
43 660
43 2522
43 17966
43 17969
43 43239
44 9
44 10
44 11
44 13
44 43240
45 3
45 20
45 195
45 614
45 4760
45 43241
46 20
46 195
46 202
46 340
46 15742
46 15744
46 43242
47 27
47 944
47 945
47 1463
47 3308
47 43243
48 5
48 20
48 82
48 83
48 84
48 115
48 763
48 1002
48 43244
49 5
49 84
49 90
49 91
49 93
49 121
49 12628
49 12630
49 43245
50 10
50 1539
50 2408
50 2410
50 43246
51 3
51 4
51 5
51 43248
51 43249
51 43250
52 90
52 443
52 1345
52 9933
52 43251
53 10
53 109
53 110
53 112
53 43252
54 3
54 5
54 20
54 19603
54 19605
54 43253
55 71
55 76
55 190
55 191
55 43254
seqId 291
1 5
1 20
1 82
1 83
1 84
1 115
1 763
1 3948
1 43255
2 82
2 83
2 115
2 195
2 4940
2 4941
2 28267
2 43256
3 5
3 84
3 90
3 91
3 93
3 121
3 3787
3 16535
3 43257
4 27
4 944
4 945
4 1463
4 3308
4 43258
5 5
5 20
5 82
5 83
5 84
5 115
5 763
5 1002
5 43259
6 5
6 84
6 90
6 91
6 93
6 121
6 2081
6 2426
6 43260
7 82
7 83
7 84
7 115
7 5729
7 5731
7 43261
8 90
8 443
8 702
8 10559
8 43262
9 5
9 20
9 99
9 133
9 175
9 176
9 1316
9 43263
10 3
10 5
10 20
10 7259
10 7261
10 43264
11 5
11 20
11 202
11 6320
11 10657
11 43265
12 10
12 146
12 147
12 149
12 43266
13 90
13 443
13 3969
13 3971
13 43267
14 99
14 133
14 175
14 176
14 195
14 234
14 43268
15 3
15 4
15 195
15 5859
15 14468
15 43269
16 230
16 231
16 232
16 234
16 43270
17 9
17 10
17 11
17 13
17 163
18 99
18 131
18 132
18 133
18 195
18 236
18 237
19 3
19 20
19 195
19 10402
19 10404
19 43271
20 90
20 121
20 122
20 31304
20 37431
20 43272
21 10
21 126
21 127
21 129
21 43273
22 99
22 133
22 175
22 176
22 195
22 234
22 43274
23 3
23 20
23 195
23 10801
23 14877
23 43275
24 20
24 195
24 202
24 2075
24 2077
24 43276
25 243
25 244
25 245
25 247
25 43277
26 90
26 121
26 122
26 792
26 10796
26 28187
26 43278
27 660
27 976
27 977
27 979
27 43279
28 99
28 133
28 175
28 176
28 195
28 234
28 43280
29 3
29 20
29 195
29 43282
29 43283
29 43284
30 243
30 244
30 245
30 247
30 43285
31 99
31 133
31 175
31 176
31 195
31 234
31 43286
32 3
32 20
32 195
32 3118
32 10103
32 43287
33 9
33 10
33 11
33 13
33 43288
34 3
34 4
34 5
34 13351
34 13353
34 43289
35 71
35 76
35 190
35 191
35 43290
seqId 292
1 90
1 443
1 1587
1 40114
1 43292
1 43293
2 10
2 146
2 147
2 149
2 43294
3 4
3 5
3 99
3 131
3 132
3 133
3 152
3 43295
4 3
4 4
4 5
4 13423
4 43212
4 43213
4 43214
4 43297
4 43298
5 230
5 231
5 232
5 234
5 43299
6 9
6 10
6 11
6 13
6 163
7 99
7 131
7 132
7 133
7 195
7 236
7 237
8 3
8 20
8 195
8 36672
8 36674
8 43300
9 76
9 342
9 343
9 345
9 43301
10 10
10 146
10 147
10 149
10 43302
11 4
11 5
11 99
11 131
11 132
11 133
11 152
11 43303
12 3
12 4
12 5
12 19693
12 32850
12 43304
13 230
13 231
13 232
13 234
13 43305
14 9
14 10
14 11
14 13
14 163
15 99
15 131
15 132
15 133
15 195
15 236
15 237
16 3
16 4
16 195
16 43307
16 43308
16 43309
17 76
17 342
17 343
17 345
17 43310
18 10
18 146
18 147
18 149
18 43311
19 4
19 5
19 99
19 131
19 132
19 133
19 152
19 43312
20 3
20 4
20 5
20 29607
20 43220
20 43314
20 43315
21 230
21 231
21 232
21 234
21 43316
22 9
22 10
22 11
22 13
22 163
23 99
23 131
23 132
23 133
23 195
23 236
23 237
24 3
24 4
24 195
24 340
24 33143
24 43318
24 43319
24 43320
25 10
25 146
25 147
25 149
25 43321
26 5
26 27
26 99
26 131
26 132
26 133
26 135
26 43322
27 3
27 4
27 5
27 4406
27 24330
27 43323
28 5
28 84
28 90
28 91
28 93
28 121
28 6965
28 8103
28 43324
29 660
29 2586
29 2587
29 2589
29 43325
30 5
30 20
30 99
30 133
30 175
30 176
30 1316
30 43326
31 5
31 20
31 202
31 7021
31 19588
31 43327
32 3
32 5
32 20
32 43329
32 43330
32 43331
33 9
33 10
33 11
33 13
33 43332
34 3
34 4
34 195
34 43334
34 43335
34 43336
35 243
35 244
35 245
35 247
35 43337
36 9
36 10
36 11
36 13
36 43338
37 3
37 4
37 5
37 4851
37 4853
37 43339
38 10
38 109
38 110
38 112
38 43340
39 3
39 4
39 195
39 4107
39 20236
39 43341
40 71
40 76
40 190
40 191
40 43342
seqId 293
1 10
1 283
1 3640
1 3642
1 43343
2 5
2 20
2 99
2 131
2 132
2 133
2 166
2 43344
3 3
3 5
3 20
3 272
3 894
3 43345
4 9
4 10
4 11
4 13
4 43346
5 5
5 27
5 99
5 131
5 132
5 133
5 135
5 43347
6 3
6 4
6 5
6 42631
6 42633
6 43349
7 4
7 5
7 202
7 10216
7 10218
7 43350
8 76
8 342
8 343
8 345
8 43351
9 5
9 20
9 99
9 131
9 132
9 133
9 166
9 43352
10 5
10 20
10 67
10 699
10 3213
10 5979
10 33380
10 33382
10 43353
11 5
11 84
11 90
11 91
11 93
11 121
11 7327
11 28710
11 43354
12 9
12 10
12 24
12 26
12 27
12 43355
13 90
13 443
13 43357
13 43358
13 43359
14 10
14 126
14 127
14 129
14 43360
15 4
15 85
15 99
15 195
15 1589
15 1591
15 43361
16 3
16 4
16 195
16 19879
16 26830
16 43362
17 9
17 10
17 11
17 13
17 43363
18 3
18 4
18 5
18 15
18 17
18 43364
19 660
19 6695
19 6696
19 6698
19 43365
20 4
20 195
20 202
20 340
20 35603
20 35605
20 43366
21 76
21 342
21 343
21 345
21 43367
22 4
22 82
22 195
22 759
22 1432
22 12203
22 43368
23 84
23 91
23 93
23 121
23 195
23 702
23 703
23 1062
23 43369
24 5
24 20
24 90
24 122
24 708
24 769
24 1509
24 24559
24 43370
25 10
25 27
25 1113
25 1114
25 1116
25 43371
26 660
26 30602
26 30603
26 30605
26 43372
27 4
27 5
27 99
27 131
27 132
27 133
27 152
27 43373
28 3
28 4
28 5
28 43375
28 43376
28 43377
29 10
29 146
29 147
29 149
29 43378
30 3
30 20
30 195
30 14720
30 14722
30 43379
31 9
31 10
31 24
31 26
31 27
31 43380
32 4
32 5
32 99
32 133
32 175
32 176
32 178
32 43381
33 4
33 5
33 202
33 7021
33 7023
33 43382
34 3
34 4
34 5
34 6046
34 6048
34 43383
35 9
35 10
35 11
35 13
35 43384
36 99
36 115
36 195
36 773
36 774
36 775
36 776
36 3400
36 43385
37 3
37 20
37 195
37 1320
37 3384
37 43386
38 71
38 76
38 190
38 191
38 43387
seqId 294
1 10
1 109
1 878
1 1539
1 43388
2 3
2 5
2 20
2 1601
2 1603
2 43389
3 76
3 342
3 343
3 345
3 43390
4 5
4 20
4 82
4 83
4 84
4 115
4 763
4 1002
4 43391
5 5
5 84
5 90
5 91
5 93
5 121
5 5094
5 43393
5 43394
6 99
6 133
6 175
6 176
6 195
6 234
6 43395
7 3
7 4
7 195
7 340
7 42631
7 42633
7 43396
8 243
8 244
8 245
8 247
8 43397
9 3
9 4
9 195
9 10638
9 10640
9 43398
10 10
10 109
10 110
10 112
10 43399
11 3
11 4
11 5
11 4550
11 8014
11 43400
12 9
12 10
12 24
12 26
12 27
12 43401
13 3
13 4
13 5
13 3268
13 3270
13 43402
14 230
14 231
14 232
14 234
14 43403
15 9
15 10
15 11
15 13
15 163
16 99
16 131
16 132
16 133
16 195
16 236
16 237
17 3
17 20
17 195
17 17780
17 27594
17 43404
18 243
18 244
18 245
18 247
18 43405
19 9
19 10
19 24
19 26
19 27
19 43406
20 3
20 4
20 195
20 33173
20 33175
20 43407
21 10
21 146
21 147
21 149
21 43408
22 5
22 27
22 99
22 131
22 132
22 133
22 135
22 43409
23 3
23 4
23 5
23 14965
23 14967
23 43410
24 9
24 10
24 11
24 13
24 43411
25 5
25 27
25 99
25 131
25 132
25 133
25 135
25 43412
26 3
26 5
26 20
26 34294
26 36321
26 43413
27 10
27 1010
27 1011
27 1013
27 43414
28 99
28 131
28 132
28 133
28 195
28 237
28 43415
29 3
29 4
29 195
29 33173
29 33175
29 43416
30 4
30 195
30 202
30 340
30 43418
30 43419
30 43420
31 76
31 413
31 414
31 416
31 43421
32 3
32 20
32 195
32 43423
32 43424
32 43425
33 9
33 10
33 11
33 13
33 43426
34 3
34 4
34 5
34 2613
34 2615
34 43427
35 76
35 342
35 343
35 345
35 43428
36 3
36 20
36 195
36 43430
36 43431
36 43432
37 76
37 342
37 343
37 345
37 43433
38 71
38 509
38 25601
38 25602
38 25604
38 43434
39 76
39 433
39 434
39 436
39 43435
40 71
40 76
40 190
40 191
40 43436
seqId 295
1 51
1 52
1 1705
1 1707
1 43437
2 71
2 76
2 190
2 191
2 43438
seqId 296
1 99
1 133
1 175
1 176
1 195
1 5187
1 43439
2 3
2 20
2 195
2 4157
2 33225
2 43440
3 10
3 378
3 379
3 381
3 43441
4 90
4 443
4 1345
4 9933
4 43442
5 10
5 109
5 110
5 112
5 43443
6 3
6 4
6 5
6 4406
6 24330
6 43444
7 4
7 5
7 99
7 131
7 132
7 133
7 152
7 43445
8 3
8 4
8 5
8 16756
8 16758
8 43446
9 4
9 5
9 202
9 33233
9 33235
9 43447
10 158
10 159
10 160
10 162
10 43448
11 9
11 10
11 11
11 13
11 163
12 5
12 20
12 99
12 131
12 132
12 133
12 165
12 166
13 3
13 5
13 20
13 1320
13 1322
13 43449
14 9
14 10
14 11
14 13
14 43450
15 3
15 4
15 5
15 15
15 17
15 43451
seqId 297
1 4
1 5
1 99
1 131
1 132
1 133
1 811
1 43452
2 3
2 4
2 5
2 29607
2 43220
2 43314
2 43453
3 230
3 231
3 232
3 234
3 43454
4 9
4 10
4 11
4 13
4 163
5 99
5 131
5 132
5 133
5 195
5 236
5 237
6 3
6 20
6 195
6 4157
6 4159
6 43455
7 660
7 3261
7 3262
7 3264
7 43456
8 12584
8 12585
8 12586
8 12588
8 43457
9 9
9 10
9 11
9 13
9 163
10 5
10 20
10 82
10 759
10 1432
10 6157
10 6158
11 5
11 84
11 90
11 91
11 93
11 121
11 3830
11 28470
11 43458
12 27
12 82
12 84
12 114
12 115
12 116
12 118
12 43459
13 90
13 443
13 2832
13 10563
13 43460
14 5
14 20
14 99
14 131
14 132
14 133
14 166
14 43461
15 3
15 5
15 20
15 1320
15 1322
15 43462
16 5
16 20
16 202
16 33233
16 40590
16 43463
17 158
17 159
17 160
17 162
17 43464
18 9
18 10
18 11
18 13
18 163
19 5
19 20
19 99
19 131
19 132
19 133
19 165
19 166
20 3
20 5
20 20
20 4434
20 4436
20 43465
21 5
21 84
21 91
21 93
21 121
21 703
21 707
21 956
21 43466
22 10
22 109
22 110
22 112
22 43467
23 3
23 5
23 20
23 389
23 391
23 43468
24 9
24 10
24 24
24 26
24 27
24 43469
25 3
25 4
25 5
25 9634
25 9636
25 43470
26 71
26 76
26 190
26 191
26 43471
seqId 298
1 99
1 131
1 132
1 133
1 195
1 1220
1 43472
2 3
2 4
2 195
2 10638
2 10640
2 43473
3 243
3 244
3 245
3 247
3 43474
4 99
4 131
4 132
4 133
4 195
4 237
4 43475
5 3
5 4
5 195
5 13471
5 13492
5 43476
6 10
6 146
6 147
6 149
6 43477
7 5
7 27
7 99
7 131
7 132
7 133
7 135
7 43478
8 3
8 5
8 20
8 1029
8 1031
8 43479
9 51
9 195
9 5342
9 5344
9 43480
10 243
10 244
10 245
10 247
10 13692
11 717
11 718
11 719
11 721
11 43481
12 10
12 146
12 147
12 149
12 722
13 5
13 20
13 99
13 131
13 132
13 133
13 165
13 166
14 3
14 5
14 20
14 33816
14 33818
14 43482
15 51
15 195
15 4167
15 4169
15 43483
16 84
16 91
16 93
16 121
16 195
16 702
16 703
16 1062
16 43484
17 5
17 20
17 90
17 122
17 708
17 769
17 2333
17 7738
17 43485
18 9
18 10
18 24
18 26
18 27
18 43486
19 90
19 443
19 6211
19 43488
19 43489
20 99
20 131
20 132
20 133
20 195
20 237
20 43490
21 3
21 20
21 195
21 43492
21 43493
21 43494
22 20
22 195
22 202
22 2359
22 2361
22 43495
23 243
23 244
23 245
23 247
23 43496
24 4
24 195
24 202
24 21181
24 21183
24 43497
25 9
25 10
25 11
25 13
25 43498
26 51
26 195
26 2526
26 2528
26 43499
27 3
27 20
27 195
27 4157
27 4159
27 43500
28 71
28 76
28 190
28 191
28 43501
seqId 299
1 27
1 42
1 99
1 133
1 175
1 176
1 195
1 43502
2 20
2 195
2 202
2 2294
2 3837
2 43503
3 3
3 20
3 195
3 1684
3 1686
3 43504
4 90
4 121
4 122
4 43506
4 43507
4 43508
5 5
5 20
5 99
5 133
5 175
5 176
5 1316
5 43509
6 3
6 5
6 20
6 31623
6 31625
6 43510
7 5
7 20
7 202
7 14726
7 14727
7 43512
7 43513
7 43514
8 10
8 378
8 379
8 381
8 43515
9 85
9 99
9 195
9 638
9 640
9 43516
10 3
10 195
10 2217
10 8955
10 43517
11 84
11 91
11 93
11 121
11 195
11 703
11 707
11 1858
11 43518
12 3
12 20
12 195
12 4279
12 6292
12 43519
13 9
13 10
13 11
13 13
13 43520
14 3
14 20
14 195
14 19603
14 29160
14 43521
15 243
15 244
15 245
15 247
15 43522
16 660
16 19069
16 19070
16 19072
16 43523
17 9
17 10
17 24
17 26
17 27
17 43524
18 3
18 20
18 195
18 3937
18 3939
18 43525
19 20
19 195
19 202
19 302
19 1655
19 43526
20 71
20 76
20 190
20 191
20 43527
seqId 300
1 20
1 82
1 83
1 84
1 115
1 195
1 1824
1 9780
1 43528
2 84
2 90
2 91
2 93
2 121
2 195
2 7785
2 43530
2 43531
3 660
3 1513
3 1514
3 1516
3 43532
4 5
4 20
4 98
4 99
4 100
4 102
4 43533
5 3
5 5
5 20
5 31623
5 31625
5 43534
6 9
6 10
6 11
6 13
6 43535
7 3
7 4
7 5
7 4737
7 43537
7 43538
7 43539
8 244
8 1249
8 1250
8 1252
8 43540
9 99
9 131
9 132
9 133
9 195
9 237
9 43541
10 3
10 4
10 195
10 10638
10 10640
10 43542
11 10
11 146
11 147
11 149
11 43543
12 5
12 99
12 115
12 773
12 775
12 776
12 2192
12 3593
12 43544
13 3
13 5
13 20
13 31708
13 31710
13 43545
14 27
14 660
14 661
14 910
14 912
14 43546
15 84
15 91
15 93
15 121
15 195
15 702
15 703
15 1062
15 43547
16 660
16 661
16 1240
16 1242
16 43548
17 660
17 2509
17 2510
17 2512
17 43549
18 660
18 43551
18 43552
18 43553
18 43554
19 5
19 20
19 90
19 122
19 708
19 769
19 6204
19 6206
19 43555
20 10
20 146
20 147
20 149
20 43556
21 5
21 20
21 98
21 99
21 100
21 102
21 43557
22 3
22 5
22 20
22 11297
22 18838
22 43558
23 10
23 378
23 379
23 381
23 43559
24 27
24 944
24 945
24 1463
24 3308
24 43560
25 20
25 82
25 83
25 84
25 115
25 195
25 1824
25 1826
25 43561
26 84
26 93
26 121
26 195
26 703
26 707
26 4415
26 25065
26 43562
27 20
27 90
27 122
27 195
27 708
27 713
27 2163
27 2165
27 43563
28 10
28 283
28 284
28 286
28 43564
29 5
29 20
29 99
29 131
29 132
29 133
29 166
29 13810
30 3
30 5
30 20
30 429
30 431
30 43565
31 20
31 90
31 122
31 708
31 713
31 8667
31 8669
31 43566
32 717
32 718
32 719
32 721
32 43567
33 10
33 146
33 147
33 149
33 722
34 5
34 20
34 99
34 131
34 132
34 133
34 165
34 166
35 3
35 5
35 20
35 33816
35 33818
35 43568
36 51
36 195
36 4167
36 4169
36 43569
37 71
37 76
37 190
37 191
37 43570
seqId 301
1 5
1 20
1 99
1 133
1 175
1 176
1 9647
1 43571
2 5
2 20
2 202
2 43573
2 43574
2 43575
3 3
3 5
3 20
3 4157
3 10601
3 43576
4 660
4 6695
4 6696
4 6698
4 43577
5 5
5 84
5 91
5 93
5 121
5 703
5 707
5 956
5 43578
6 10
6 109
6 110
6 112
6 43579
7 3
7 5
7 20
7 389
7 391
7 43580
8 9
8 10
8 24
8 26
8 27
8 43581
9 3
9 4
9 5
9 9634
9 9636
9 43582
10 660
10 3261
10 3262
10 3264
10 43583
11 230
11 231
11 232
11 234
11 43584
12 9
12 10
12 11
12 13
12 163
13 99
13 131
13 132
13 133
13 195
13 236
13 237
14 3
14 4
14 195
14 4249
14 26359
14 43585
15 9
15 10
15 11
15 13
15 43586
16 4
16 5
16 99
16 131
16 132
16 133
16 152
16 43587
17 3
17 4
17 5
17 34306
17 34308
17 43588
18 243
18 244
18 245
18 247
18 43589
19 9
19 10
19 11
19 13
19 43590
20 5
20 27
20 82
20 83
20 84
20 115
20 135
20 763
20 43591
21 90
21 443
21 37376
21 38997
21 43592
22 10
22 283
22 284
22 286
22 43593
23 99
23 131
23 132
23 133
23 195
23 237
23 43594
24 3
24 20
24 195
24 33358
24 34347
24 43595
25 20
25 195
25 202
25 35387
25 38107
25 43596
26 71
26 76
26 190
26 191
26 43597
seqId 302
1 82
1 83
1 115
1 195
1 4940
1 4941
1 4943
1 43598
2 90
2 91
2 93
2 121
2 195
2 3482
2 4941
2 43600
2 43601
3 660
3 19069
3 19070
3 19072
3 43602
4 72
4 660
4 28422
4 33655
4 33656
4 33658
4 43603
5 99
5 131
5 132
5 133
5 195
5 237
5 43604
6 51
6 195
6 2526
6 2528
6 43605
7 3
7 20
7 195
7 4157
7 4159
7 43606
8 20
8 90
8 122
8 195
8 340
8 708
8 713
8 43218
8 43220
8 43608
8 43609
9 10
9 146
9 147
9 149
9 43610
10 5
10 20
10 98
10 99
10 100
10 102
10 43611
11 3
11 5
11 20
11 11297
11 18838
11 43612
12 71
12 76
12 190
12 191
12 43613
seqId 303
1 51
1 52
1 33243
1 33245
1 43614
2 71
2 76
2 190
2 191
2 43615
seqId 304
1 3
1 5
1 20
1 4157
1 10520
1 43616
2 51
2 52
2 680
2 1993
2 43617
seqId 305
1 76
1 592
1 593
1 595
1 43618
2 3
2 20
2 195
2 340
2 31126
2 33252
2 43619
3 20
3 195
3 202
3 340
3 13029
3 13031
3 43620
4 9
4 10
4 26
4 169
4 171
4 43621
5 3
5 4
5 195
5 2818
5 2820
5 43622
6 243
6 244
6 245
6 247
6 43623
7 9
7 10
7 26
7 169
7 171
7 43624
8 3
8 4
8 195
8 2608
8 33258
8 43625
seqId 306
1 3
1 5
1 20
1 43627
1 43628
1 43629
1 43630
2 75
2 76
2 77
2 79
2 43631
3 5
3 67
3 10819
3 10822
3 43632
4 67
4 204
4 43634
4 43635
4 43636
4 43637
4 43638
5 76
5 413
5 414
5 416
5 43639
6 3
6 5
6 20
6 23229
6 23231
6 43640
7 76
7 342
7 343
7 345
7 43641
8 3
8 4
8 5
8 597
8 599
8 43642
9 67
9 601
9 603
9 1197
9 43643
10 51
10 52
10 2712
10 2714
10 43644
11 76
11 433
11 434
11 436
11 43645
seqId 307
1 99
1 131
1 132
1 133
1 195
1 1220
1 43646
2 3
2 20
2 195
2 21934
2 21936
2 43647
3 84
3 90
3 91
3 93
3 121
3 195
3 4379
3 13099
3 43648
4 10
4 126
4 127
4 129
4 43649
5 4
5 5
5 99
5 131
5 132
5 133
5 152
5 43650
6 3
6 4
6 5
6 34518
6 34520
6 43651
7 230
7 231
7 232
7 234
7 43652
8 9
8 10
8 11
8 13
8 163
9 99
9 131
9 132
9 133
9 195
9 236
9 237
10 3
10 20
10 195
10 30034
10 30036
10 43653
11 9
11 10
11 24
11 26
11 27
11 43654
12 3
12 5
12 20
12 705
12 4089
12 4091
12 43655
13 230
13 231
13 232
13 234
13 43656
14 9
14 10
14 11
14 13
14 163
15 99
15 131
15 132
15 133
15 195
15 236
15 237
16 3
16 4
16 195
16 35988
16 35990
16 43657
17 76
17 413
17 414
17 416
17 43658
18 4
18 5
18 202
18 254
18 256
18 43659
19 76
19 342
19 343
19 345
19 43660
20 4
20 5
20 202
20 322
20 22672
20 43661
21 76
21 342
21 343
21 345
21 43662
22 4
22 5
22 202
22 1104
22 22675
22 22677
22 43663
23 76
23 433
23 434
23 436
23 43664
24 243
24 244
24 245
24 247
24 43665
25 99
25 133
25 175
25 176
25 195
25 234
25 43666
26 3
26 4
26 195
26 5331
26 7585
26 43667
27 10
27 146
27 147
27 149
27 43668
28 90
28 443
28 2990
28 34548
28 43669
29 71
29 76
29 190
29 191
29 43670
seqId 308
1 98
1 99
1 100
1 195
1 8870
1 43671
2 3
2 4
2 195
2 35988
2 35990
2 43672
3 84
3 90
3 91
3 93
3 121
3 195
3 755
3 21513
3 35493
3 43674
4 99
4 131
4 132
4 133
4 195
4 237
4 43675
5 3
5 4
5 195
5 36424
5 36426
5 43676
6 10
6 126
6 127
6 129
6 43677
7 5
7 27
7 99
7 131
7 132
7 133
7 135
7 43678
8 3
8 5
8 20
8 8688
8 8690
8 43679
9 2822
9 2823
9 2824
9 2826
9 43680
10 10
10 146
10 147
10 149
10 722
11 99
11 131
11 132
11 133
11 195
11 236
11 237
12 3
12 4
12 195
12 2738
12 2740
12 43681
13 76
13 342
13 343
13 345
13 43682
14 99
14 131
14 132
14 133
14 195
14 237
14 43683
15 3
15 4
15 195
15 26959
15 27007
15 43684
16 9
16 10
16 24
16 26
16 27
16 43685
17 3
17 5
17 20
17 38181
17 38183
17 43686
18 76
18 342
18 343
18 345
18 43687
19 4
19 5
19 99
19 131
19 132
19 133
19 152
19 43688
20 3
20 4
20 5
20 32381
20 32383
20 43689
21 76
21 342
21 343
21 345
21 43690
22 71
22 509
22 25601
22 25602
22 25604
22 43691
seqId 309
1 99
1 133
1 175
1 176
1 195
1 5187
1 43692
2 3
2 4
2 195
2 16756
2 33576
2 43693
3 9
3 10
3 11
3 13
3 43694
4 3
4 4
4 5
4 497
4 43696
4 43697
4 43698
5 84
5 90
5 91
5 93
5 121
5 195
5 1064
5 12908
5 43699
6 5
6 27
6 99
6 131
6 132
6 133
6 135
6 43700
7 3
7 5
7 20
7 43702
7 43703
7 43704
8 10
8 126
8 127
8 129
8 43705
9 99
9 131
9 132
9 133
9 195
9 237
9 43706
10 3
10 20
10 195
10 33911
10 33913
10 43707
11 9
11 10
11 24
11 26
11 27
11 43708
12 3
12 4
12 5
12 1316
12 43710
12 43711
12 43712
13 71
13 76
13 190
13 191
13 43713
seqId 310
1 5
1 27
1 99
1 131
1 132
1 133
1 699
1 43714
2 3
2 5
2 20
2 10801
2 10803
2 43715
3 9
3 10
3 11
3 13
3 43716
4 5
4 27
4 99
4 131
4 132
4 133
4 135
4 43717
5 3
5 5
5 20
5 4157
5 10601
5 43718
6 5
6 84
6 91
6 93
6 121
6 703
6 707
6 956
6 43719
7 9
7 10
7 24
7 26
7 27
7 43720
8 90
8 443
8 3257
8 14916
8 43721
9 99
9 131
9 132
9 133
9 195
9 237
9 43722
10 3
10 4
10 195
10 8152
10 8154
10 43723
11 4
11 195
11 202
11 2787
11 17796
11 17798
11 43725
12 9
12 10
12 24
12 26
12 27
12 43726
13 3
13 4
13 5
13 2608
13 4490
13 43727
14 76
14 342
14 343
14 345
14 43728
15 10
15 109
15 110
15 112
15 43729
16 90
16 121
16 122
16 3906
16 43731
16 43732
17 9
17 10
17 11
17 13
17 43733
18 5
18 27
18 99
18 131
18 132
18 133
18 135
18 43734
19 3
19 4
19 5
19 3268
19 3270
19 43735
20 230
20 231
20 232
20 234
20 43736
21 9
21 10
21 11
21 13
21 163
22 99
22 131
22 132
22 133
22 195
22 236
22 237
23 3
23 4
23 195
23 340
23 43738
23 43739
23 43740
24 243
24 244
24 245
24 247
24 43741
25 230
25 231
25 232
25 234
25 43742
26 9
26 10
26 11
26 13
26 163
27 99
27 131
27 132
27 133
27 195
27 236
27 237
28 3
28 4
28 195
28 35988
28 35990
28 43743
29 10
29 146
29 147
29 149
29 43744
30 4
30 5
30 82
30 84
30 100
30 4680
30 7233
30 43745
31 230
31 231
31 232
31 234
31 43746
32 9
32 10
32 11
32 13
32 163
33 99
33 131
33 132
33 133
33 195
33 236
33 237
34 3
34 4
34 195
34 340
34 35567
34 35569
34 43747
35 10
35 109
35 110
35 112
35 43748
36 3
36 4
36 5
36 4900
36 4902
36 43749
37 71
37 76
37 190
37 191
37 14086
seqId 311
1 660
1 976
1 7272
1 7274
1 43750
2 13
2 99
2 133
2 175
2 176
2 195
2 43751
3 4
3 195
3 202
3 1888
3 3548
3 43752
4 3
4 4
4 195
4 24687
4 43754
4 43755
5 84
5 91
5 93
5 121
5 195
5 703
5 707
5 1858
5 43756
6 4
6 90
6 122
6 195
6 340
6 708
6 713
6 8812
6 8814
6 43757
7 75
7 76
7 77
7 79
7 43758
seqId 312
1 76
1 40466
1 40467
1 40469
1 43759
seqId 313
1 5
1 27
1 99
1 131
1 132
1 133
1 699
1 43760
2 3
2 5
2 20
2 11005
2 11007
2 43761
3 230
3 231
3 232
3 234
3 43762
4 9
4 10
4 11
4 13
4 163
5 99
5 131
5 132
5 133
5 195
5 236
5 237
6 3
6 4
6 195
6 2818
6 2820
6 43763
7 10
7 283
7 284
7 286
7 43764
8 4
8 5
8 99
8 133
8 175
8 176
8 178
8 43765
9 3
9 4
9 5
9 38566
9 43767
9 43768
10 9
10 10
10 11
10 13
10 43769
11 3
11 5
11 20
11 16848
11 16850
11 43770
12 5
12 20
12 202
12 29358
12 29360
12 43771
13 5
13 84
13 90
13 91
13 93
13 121
13 4288
13 19779
13 43772
14 9
14 10
14 11
14 13
14 43773
15 90
15 443
15 3433
15 3435
15 43774
16 10
16 146
16 149
16 1539
16 43775
17 4
17 5
17 99
17 131
17 132
17 133
17 152
17 43776
18 3
18 4
18 5
18 3725
18 3727
18 43777
19 4
19 5
19 99
19 133
19 175
19 176
19 178
19 43778
20 3
20 4
20 5
20 43780
20 43781
20 43782
21 9
21 10
21 11
21 13
21 43783
22 3
22 20
22 195
22 31126
22 38752
22 43784
23 20
23 195
23 202
23 254
23 3637
23 43785
24 9
24 10
24 24
24 26
24 27
24 43786
25 3
25 4
25 195
25 2818
25 2820
25 43787
26 243
26 244
26 245
26 247
26 43788
27 9
27 10
27 11
27 13
27 43789
28 3
28 20
28 195
28 33053
28 33055
28 43790
29 20
29 195
29 202
29 2964
29 2966
29 43791
30 71
30 76
30 190
30 191
30 43792
seqId 314
1 76
1 40466
1 40467
1 40469
1 43793
seqId 315
1 5
1 27
1 99
1 131
1 132
1 133
1 699
1 43794
2 3
2 4
2 5
2 34917
2 34919
2 43795
3 9
3 10
3 11
3 13
3 43796
4 5
4 27
4 99
4 131
4 132
4 133
4 135
4 43797
5 3
5 4
5 5
5 22378
5 22380
5 43798
6 4
6 5
6 202
6 322
6 22672
6 43799
7 243
7 244
7 245
7 247
7 43800
8 4
8 5
8 202
8 10492
8 10494
8 43801
9 71
9 76
9 190
9 191
9 43802
seqId 316
1 4
1 5
1 99
1 131
1 132
1 133
1 811
1 43803
2 3
2 4
2 5
2 34942
2 34944
2 43804
3 230
3 231
3 232
3 234
3 43805
4 9
4 10
4 11
4 13
4 163
5 99
5 131
5 132
5 133
5 195
5 236
5 237
6 3
6 4
6 195
6 8152
6 8154
6 43806
7 4
7 195
7 202
7 340
7 34792
7 34794
7 43807
8 244
8 418
8 419
8 421
8 43808
9 4
9 195
9 202
9 340
9 12971
9 12973
9 43809
10 5
10 84
10 90
10 91
10 93
10 121
10 35334
10 35336
10 43810
11 5
11 20
11 99
11 133
11 175
11 176
11 1316
11 43811
12 3
12 5
12 20
12 1320
12 1322
12 43812
13 9
13 10
13 11
13 13
13 43813
14 3
14 4
14 5
14 22402
14 22404
14 43814
15 9
15 10
15 11
15 13
15 43815
16 98
16 99
16 100
16 195
16 2073
16 43816
17 3
17 20
17 195
17 31126
17 38752
17 43817
18 243
18 244
18 245
18 247
18 14180
19 3
19 4
19 195
19 340
19 42631
19 42633
19 43818
20 76
20 342
20 343
20 345
20 43819
21 82
21 758
21 759
21 761
21 43820
22 84
22 90
22 91
22 93
22 121
22 195
22 755
22 34469
22 39019
22 43821
23 10
23 146
23 147
23 149
23 43822
24 99
24 133
24 175
24 176
24 195
24 234
24 43823
25 3
25 20
25 195
25 22743
25 22745
25 43824
26 20
26 195
26 202
26 2964
26 2966
26 43825
27 243
27 244
27 245
27 247
27 43826
28 99
28 133
28 175
28 176
28 195
28 234
28 43827
29 3
29 4
29 195
29 5859
29 14468
29 43828
30 660
30 7237
30 10032
30 10034
30 43829
31 4
31 195
31 202
31 15601
31 15603
31 43830
32 71
32 76
32 190
32 191
32 43831
seqId 317
1 76
1 40466
1 40467
1 40469
1 43832
seqId 318
1 5
1 20
1 99
1 133
1 175
1 176
1 9647
1 43833
2 3
2 5
2 20
2 1320
2 1322
2 43834
3 5
3 20
3 202
3 8917
3 8919
3 43835
4 10
4 126
4 127
4 129
4 43836
5 99
5 133
5 175
5 176
5 195
5 234
5 43837
6 3
6 4
6 195
6 22378
6 36608
6 43838
7 4
7 195
7 202
7 43840
7 43841
7 43842
8 76
8 413
8 414
8 416
8 43843
9 3
9 4
9 195
9 8152
9 8154
9 43844
10 4
10 195
10 202
10 43846
10 43847
10 43848
11 76
11 342
11 343
11 345
11 43849
12 3
12 4
12 195
12 2818
12 2820
12 43850
13 4
13 31
13 195
13 202
13 38641
13 43852
13 43853
13 43854
14 76
14 342
14 343
14 345
14 43855
15 71
15 509
15 25601
15 25602
15 25604
15 43856
16 76
16 433
16 434
16 436
16 43857
17 5
17 84
17 90
17 93
17 121
17 2081
17 4621
17 10555
17 43858
18 90
18 443
18 29073
18 30500
18 43859
19 99
19 133
19 175
19 176
19 195
19 234
19 43860
20 3
20 20
20 195
20 13108
20 13110
20 43861
21 20
21 195
21 202
21 43863
21 43864
21 43865
22 82
22 758
22 759
22 761
22 43866
23 76
23 342
23 343
23 345
23 43867
24 20
24 90
24 122
24 195
24 340
24 708
24 713
24 4114
24 15379
24 43869
25 10
25 828
25 829
25 831
25 43870
26 99
26 133
26 175
26 176
26 195
26 234
26 43871
27 3
27 4
27 195
27 21181
27 21183
27 43872
28 4
28 195
28 202
28 795
28 3439
28 43873
29 76
29 342
29 343
29 345
29 43874
30 84
30 93
30 121
30 195
30 703
30 707
30 4621
30 10328
30 43875
31 10
31 109
31 112
31 21976
31 43876
32 3
32 4
32 5
32 5280
32 5282
32 43877
33 9
33 10
33 11
33 13
33 43878
34 90
34 443
34 8415
34 28349
34 43879
35 10
35 146
35 147
35 149
35 43880
36 5
36 27
36 99
36 131
36 132
36 133
36 135
36 43881
37 3
37 4
37 5
37 9634
37 9636
37 43882
38 9
38 10
38 11
38 13
38 43883
39 20
39 195
39 202
39 795
39 2446
39 43884
40 3
40 20
40 195
40 31126
40 38752
40 43885
41 71
41 76
41 190
41 191
41 43886
seqId 319
1 98
1 99
1 100
1 195
1 8870
1 43887
2 3
2 4
2 195
2 33489
2 34524
2 43888
3 84
3 90
3 91
3 93
3 121
3 195
3 755
3 18265
3 18267
3 43889
4 10
4 146
4 147
4 149
4 43890
5 5
5 27
5 99
5 131
5 132
5 133
5 135
5 43891
6 3
6 5
6 20
6 33358
6 35385
6 43892
7 5
7 20
7 202
7 1341
7 6599
7 43893
8 5
8 20
8 99
8 133
8 175
8 176
8 1316
8 43894
9 3
9 5
9 20
9 31623
9 31625
9 43895
10 5
10 20
10 202
10 6320
10 10657
10 43896
11 10
11 283
11 284
11 286
11 43897
12 5
12 20
12 99
12 131
12 132
12 133
12 166
12 43898
13 3
13 5
13 20
13 16848
13 16850
13 43899
14 9
14 10
14 11
14 13
14 43900
15 20
15 195
15 202
15 795
15 2446
15 43901
16 3
16 20
16 195
16 2723
16 3278
16 43902
17 20
17 195
17 202
17 322
17 357
17 43903
18 71
18 76
18 190
18 191
18 43904
seqId 320
1 10
1 109
1 876
1 878
1 43905
2 90
2 121
2 122
2 5661
2 5663
2 43906
3 3
3 5
3 20
3 10695
3 10697
3 43907
4 99
4 133
4 175
4 176
4 195
4 234
4 14343
5 3
5 4
5 195
5 8229
5 8231
5 43908
6 9
6 10
6 11
6 13
6 43909
7 3
7 4
7 5
7 34306
7 34308
7 43910
8 9
8 10
8 11
8 13
8 43911
9 5
9 27
9 99
9 131
9 132
9 133
9 135
9 43912
10 3
10 4
10 5
10 4804
10 33065
10 43913
11 230
11 231
11 232
11 234
11 43914
12 9
12 10
12 11
12 13
12 163
13 99
13 131
13 132
13 133
13 195
13 236
13 237
14 3
14 4
14 195
14 2608
14 33258
14 43915
15 76
15 342
15 343
15 345
15 43916
16 5
16 20
16 81
16 82
16 83
16 84
16 85
16 87
16 43917
17 5
17 84
17 90
17 91
17 93
17 121
17 2081
17 2426
17 43918
18 90
18 443
18 10527
18 38747
18 43919
19 4
19 5
19 99
19 131
19 132
19 133
19 152
19 43920
20 3
20 4
20 5
20 4420
20 4422
20 43921
21 158
21 159
21 160
21 162
21 43922
22 9
22 10
22 11
22 13
22 163
23 5
23 20
23 99
23 131
23 132
23 133
23 165
23 166
24 3
24 5
24 20
24 33272
24 34089
24 43923
25 76
25 342
25 343
25 345
25 43924
26 10
26 109
26 112
26 2548
26 43925
27 660
27 1796
27 1797
27 1799
27 43926
28 27
28 944
28 945
28 1463
28 3308
28 43927
29 3
29 5
29 20
29 33358
29 35385
29 43928
30 9
30 10
30 24
30 26
30 27
30 43929
31 3
31 4
31 5
31 36053
31 36055
31 43930
32 243
32 244
32 245
32 247
32 43931
33 9
33 10
33 24
33 26
33 27
33 43932
34 3
34 4
34 195
34 9397
34 9399
34 43933
35 71
35 76
35 190
35 191
35 43934
seqId 321
1 51
1 52
1 71
1 335
1 1707
1 33262
1 43935
2 71
2 76
2 190
2 191
2 43936
seqId 322
1 3
1 5
1 20
1 4157
1 10520
1 43937
2 51
2 52
2 2054
2 2056
2 43938
seqId 323
1 76
1 592
1 593
1 595
1 43939
2 3
2 4
2 195
2 340
2 7178
2 18652
2 43940
3 243
3 244
3 245
3 247
3 43941
4 3
4 20
4 195
4 33272
4 33274
4 43942
5 10
5 109
5 110
5 112
5 43943
6 3
6 4
6 5
6 33277
6 33279
6 43944
seqId 324
1 3
1 4
1 5
1 43629
1 43946
1 43947
1 43948
2 75
2 76
2 77
2 79
2 43949
3 67
3 1026
3 43951
3 43952
3 43953
3 43954
4 67
4 7291
4 43956
4 43957
4 43958
4 43959
4 43960
5 76
5 413
5 414
5 416
5 14401
6 3
6 5
6 20
6 41034
6 41036
6 43961
7 76
7 342
7 343
7 345
7 43962
8 67
8 41961
8 41962
8 41964
8 43963
9 76
9 433
9 434
9 436
9 43964
seqId 325
1 5
1 27
1 99
1 131
1 132
1 133
1 699
1 43965
2 3
2 5
2 20
2 1650
2 3499
2 43966
3 5
3 84
3 91
3 93
3 121
3 703
3 707
3 956
3 43967
4 9
4 10
4 24
4 26
4 27
4 43968
5 90
5 443
5 10527
5 38747
5 43969
6 4
6 85
6 99
6 195
6 2075
6 2771
6 43970
7 3
7 4
7 195
7 340
7 35567
7 35569
7 43971
8 9
8 10
8 11
8 13
8 43972
9 3
9 5
9 20
9 33053
9 33917
9 43973
10 243
10 244
10 245
10 247
10 43974
11 9
11 10
11 11
11 13
11 43975
12 3
12 4
12 5
12 33489
12 33491
12 43976
13 230
13 231
13 232
13 234
13 43977
14 9
14 10
14 11
14 13
14 163
15 99
15 131
15 132
15 133
15 195
15 236
15 237
16 3
16 4
16 195
16 7178
16 7180
16 43978
17 243
17 244
17 245
17 247
17 43979
18 9
18 10
18 11
18 13
18 43980
19 99
19 115
19 195
19 773
19 775
19 776
19 2192
19 2194
19 43981
20 3
20 4
20 195
20 347
20 349
20 43982
21 76
21 342
21 343
21 345
21 43983
22 10
22 146
22 147
22 149
22 43984
23 4
23 85
23 99
23 195
23 1951
23 1953
23 43985
24 3
24 4
24 195
24 340
24 14965
24 14967
24 43986
25 71
25 76
25 190
25 191
25 43987
seqId 326
1 10
1 146
1 1024
1 1026
1 43988
2 5
2 27
2 99
2 131
2 132
2 133
2 135
2 43989
3 3
3 4
3 5
3 14965
3 14967
3 43990
4 4
4 5
4 202
4 1341
4 34327
4 43991
5 76
5 342
5 343
5 345
5 43992
6 5
6 20
6 81
6 82
6 83
6 84
6 85
6 87
6 43993
7 27
7 82
7 84
7 114
7 115
7 116
7 118
7 43994
8 5
8 84
8 90
8 91
8 93
8 121
8 37175
8 43996
8 43997
9 660
9 6695
9 6696
9 6698
9 43998
10 2822
10 2823
10 2824
10 2826
10 43999
11 10
11 146
11 147
11 149
11 722
12 99
12 131
12 132
12 133
12 195
12 236
12 237
13 4
13 195
13 202
13 1888
13 3548
13 44000
14 3
14 4
14 195
14 4198
14 4662
14 44001
15 10
15 1605
15 1606
15 1608
15 44002
16 3
16 20
16 195
16 3632
16 3634
16 44003
17 243
17 244
17 245
17 247
17 44004
18 3
18 20
18 195
18 429
18 4265
18 44005
19 9
19 10
19 11
19 13
19 44006
20 3
20 5
20 20
20 33272
20 34089
20 44007
21 71
21 76
21 190
21 191
21 44008
22 5211
22 5212
22 5213
22 5215
22 44009
seqId 327
1 10
1 146
1 147
1 149
1 722
2 5
2 20
2 99
2 131
2 132
2 133
2 165
2 166
3 3
3 5
3 20
3 6686
3 6688
3 44010
4 660
4 2347
4 2348
4 2350
4 44011
5 5
5 20
5 202
5 1773
5 31090
5 44012
6 244
6 418
6 419
6 421
6 44013
7 3
7 5
7 20
7 36283
7 36285
7 44014
8 76
8 342
8 343
8 345
8 44015
9 5
9 20
9 82
9 83
9 84
9 115
9 763
9 1002
9 44016
10 27
10 82
10 84
10 114
10 115
10 116
10 118
10 44017
11 5
11 84
11 90
11 91
11 93
11 121
11 1815
11 2122
11 44018
12 9
12 10
12 11
12 13
12 44019
13 90
13 443
13 5661
13 31000
13 44020
14 3
14 5
14 20
14 10695
14 10697
14 44021
15 243
15 244
15 245
15 247
15 44022
16 9
16 10
16 11
16 13
16 44023
17 90
17 443
17 3718
17 12280
17 44024
18 99
18 133
18 175
18 176
18 195
18 234
18 44025
19 3
19 20
19 195
19 33911
19 33913
19 44026
20 9
20 10
20 11
20 13
20 44027
21 3
21 4
21 5
21 33489
21 33491
21 44028
22 230
22 231
22 232
22 234
22 44029
23 9
23 10
23 11
23 13
23 163
24 99
24 131
24 132
24 133
24 195
24 236
24 237
25 3
25 20
25 195
25 340
25 34424
25 34426
25 44030
26 76
26 342
26 343
26 345
26 44031
27 10
27 109
27 110
27 112
27 44032
28 90
28 121
28 122
28 44034
28 44035
28 44036
29 660
29 6695
29 6696
29 6698
29 44037
30 99
30 131
30 132
30 133
30 195
30 237
30 44038
31 3
31 4
31 195
31 8152
31 8154
31 44039
32 243
32 244
32 245
32 247
32 44040
33 3
33 20
33 195
33 44042
33 44043
33 44044
34 76
34 413
34 414
34 416
34 44045
35 10
35 109
35 110
35 112
35 44046
36 90
36 121
36 122
36 792
36 11281
36 12304
36 44048
37 4
37 5
37 99
37 133
37 175
37 176
37 178
37 44049
38 3
38 4
38 5
38 33906
38 33908
38 44050
39 10
39 146
39 147
39 149
39 44051
40 4
40 5
40 99
40 131
40 132
40 133
40 152
40 44052
41 3
41 4
41 5
41 5424
41 5426
41 44053
42 243
42 244
42 245
42 247
42 44054
43 2822
43 2823
43 2824
43 2826
43 44055
44 10
44 146
44 147
44 149
44 722
45 99
45 131
45 132
45 133
45 195
45 236
45 237
46 3
46 4
46 195
46 340
46 38050
46 38052
46 44057
47 76
47 433
47 434
47 436
47 44058
48 71
48 76
48 190
48 191
48 44059
seqId 328
1 5
1 20
1 82
1 83
1 84
1 115
1 763
1 3948
1 44060
2 27
2 82
2 84
2 114
2 115
2 116
2 118
2 44061
3 5
3 84
3 90
3 91
3 92
3 93
3 96
3 1815
3 29773
3 44062
4 660
4 6695
4 6696
4 6698
4 44063
5 9
5 10
5 11
5 13
5 44064
6 90
6 443
6 3718
6 12280
6 44065
7 99
7 133
7 175
7 176
7 195
7 234
7 44066
8 4
8 195
8 202
8 2075
8 2771
8 44067
9 3
9 4
9 195
9 340
9 17977
9 44069
9 44070
9 44071
10 9
10 10
10 11
10 13
10 44072
11 4
11 5
11 99
11 131
11 132
11 133
11 152
11 44073
12 3
12 4
12 5
12 3707
12 3709
12 44074
13 9
13 10
13 11
13 13
13 44075
14 3
14 4
14 5
14 33277
14 33279
14 44076
15 71
15 76
15 190
15 191
15 44077
seqId 329
1 51
1 195
1 1368
1 17432
1 44078
2 4
2 195
2 202
2 7021
2 38246
2 44079
3 3
3 4
3 195
3 32860
3 41465
3 44080
4 9
4 10
4 11
4 13
4 44081
5 3
5 5
5 20
5 33053
5 33917
5 44082
6 84
6 91
6 93
6 121
6 195
6 703
6 707
6 1858
6 44083
7 660
7 6286
7 6287
7 6289
7 44084
8 10
8 109
8 110
8 112
8 44085
9 3
9 5
9 20
9 24116
9 24118
9 44086
10 75
10 76
10 77
10 79
10 44087
11 3
11 5
11 20
11 33053
11 33917
11 44088
12 5
12 20
12 202
12 322
12 36035
12 44089
13 76
13 342
13 343
13 345
13 44090
14 5
14 20
14 202
14 254
14 256
14 44091
15 243
15 244
15 245
15 247
15 44092
16 5
16 20
16 202
16 22675
16 22677
16 44093
17 76
17 342
17 343
17 345
17 44094
18 10
18 2408
18 2410
18 10221
18 44095
19 90
19 443
19 10330
19 44097
19 44098
20 10
20 378
20 381
20 1539
20 44099
21 660
21 17966
21 17967
21 17969
21 44100
22 5
22 20
22 99
22 133
22 175
22 176
22 1316
22 44101
23 3
23 5
23 20
23 27195
23 35848
23 44103
24 9
24 10
24 24
24 26
24 27
24 44104
25 3
25 4
25 5
25 35340
25 44106
25 44107
26 244
26 418
26 419
26 421
26 44108
27 5
27 20
27 99
27 133
27 175
27 176
27 1316
27 44109
28 3
28 5
28 20
28 27195
28 35848
28 44110
29 5
29 20
29 202
29 10216
29 10218
29 44111
30 76
30 342
30 343
30 345
30 44112
31 244
31 1249
31 1250
31 1252
31 44113
32 4
32 82
32 83
32 84
32 115
32 195
32 1824
32 3621
32 44114
33 84
33 90
33 91
33 93
33 121
33 195
33 755
33 34469
33 39019
33 44115
34 660
34 3768
34 3769
34 3771
34 44116
35 660
35 2347
35 2348
35 2350
35 44117
36 10
36 146
36 147
36 149
36 44118
37 5
37 27
37 99
37 131
37 132
37 133
37 135
37 44119
38 3
38 4
38 5
38 5408
38 32064
38 37384
38 44121
39 230
39 231
39 232
39 234
39 44122
40 9
40 10
40 11
40 13
40 163
41 99
41 131
41 132
41 133
41 195
41 236
41 237
42 3
42 20
42 195
42 36672
42 36674
42 44123
43 9
43 10
43 11
43 13
43 44124
44 3
44 4
44 5
44 33489
44 33491
44 44125
45 71
45 76
45 190
45 191
45 44126
seqId 330
1 98
1 99
1 100
1 195
1 8870
1 44127
2 3
2 4
2 195
2 340
2 33277
2 33279
2 44128
3 121
3 122
3 703
3 707
3 1107
3 44129
4 660
4 1622
4 1623
4 1625
4 44130
5 4
5 195
5 202
5 340
5 6756
5 34953
5 34955
5 44131
6 76
6 342
6 343
6 345
6 44132
7 4
7 195
7 202
7 8705
7 37392
7 44133
8 76
8 342
8 343
8 345
8 44134
9 4
9 195
9 202
9 39550
9 44136
9 44137
10 76
10 342
10 343
10 345
10 44138
11 4
11 82
11 83
11 84
11 115
11 195
11 1824
11 3621
11 44139
12 84
12 90
12 91
12 93
12 121
12 195
12 1064
12 12908
12 44140
13 3
13 4
13 5
13 8152
13 9005
13 44141
14 243
14 244
14 245
14 247
14 44142
15 82
15 84
15 114
15 115
15 116
15 1361
15 44143
16 84
16 90
16 91
16 93
16 121
16 195
16 1047
16 38939
16 38941
16 38942
16 44144
17 10
17 283
17 284
17 286
17 44145
18 5
18 20
18 99
18 131
18 132
18 133
18 166
18 44146
19 3
19 5
19 20
19 33272
19 34089
19 44147
20 71
20 76
20 190
20 191
20 44148
seqId 331
1 5
1 20
1 82
1 84
1 98
1 100
1 8099
1 44149
2 82
2 758
2 759
2 761
2 44150
3 5
3 84
3 90
3 91
3 93
3 121
3 34469
3 39019
3 44151
4 660
4 1622
4 1623
4 1625
4 44152
5 9
5 10
5 26
5 27
5 1539
5 44153
6 660
6 2210
6 2211
6 2213
6 44154
7 2822
7 2823
7 2824
7 2826
7 44155
8 10
8 146
8 147
8 149
8 722
9 99
9 131
9 132
9 133
9 195
9 236
9 237
10 3
10 4
10 195
10 340
10 26724
10 26726
10 44156
11 243
11 244
11 245
11 247
11 44157
12 10
12 146
12 147
12 149
12 44158
13 5
13 27
13 82
13 83
13 84
13 115
13 135
13 763
13 44159
14 90
14 443
14 1815
14 29773
14 44160
15 5
15 20
15 202
15 3386
15 10488
15 44161
16 71
16 76
16 190
16 191
16 44162
seqId 332
1 5
1 20
1 81
1 82
1 83
1 84
1 85
1 2423
1 44163
2 27
2 82
2 84
2 114
2 115
2 116
2 118
2 44164
3 5
3 84
3 90
3 91
3 92
3 93
3 96
3 37175
3 37177
3 44166
4 2822
4 2823
4 2824
4 2826
4 44167
5 10
5 146
5 147
5 149
5 722
6 99
6 131
6 132
6 133
6 195
6 236
6 237
7 3
7 4
7 195
7 340
7 33277
7 33279
7 44168
8 10
8 1010
8 1011
8 1013
8 44169
9 3
9 5
9 20
9 33911
9 33913
9 44170
10 76
10 342
10 343
10 345
10 44171
11 660
11 1377
11 6485
11 6487
11 44172
12 10
12 109
12 110
12 112
12 44173
13 90
13 121
13 122
13 4190
13 44175
13 44176
14 4
14 5
14 99
14 133
14 175
14 176
14 178
14 44177
15 3
15 4
15 5
15 3691
15 3693
15 44178
16 10
16 126
16 127
16 129
16 44179
17 99
17 131
17 132
17 133
17 195
17 237
17 44180
18 3
18 4
18 195
18 6763
18 18041
18 44181
19 4
19 195
19 202
19 912
19 27311
19 27313
19 27314
19 44182
20 82
20 759
20 944
20 948
20 44183
21 84
21 90
21 91
21 93
21 121
21 195
21 2081
21 14250
21 44184
22 90
22 443
22 1104
22 17645
22 44186
22 44187
22 44188
23 4
23 85
23 99
23 195
23 1589
23 1591
23 44189
24 3
24 4
24 195
24 33173
24 33175
24 44190
25 9
25 10
25 11
25 13
25 44191
26 4
26 5
26 99
26 131
26 132
26 133
26 152
26 44192
27 3
27 4
27 5
27 33277
27 33279
27 44193
28 71
28 76
28 190
28 191
28 44194
seqId 333
1 4
1 5
1 98
1 99
1 100
1 4105
1 44195
2 3
2 4
2 5
2 16756
2 16758
2 44196
3 9
3 10
3 11
3 13
3 44197
4 3
4 4
4 5
4 15
4 17
4 44198
5 5
5 84
5 91
5 93
5 121
5 703
5 707
5 956
5 44199
6 660
6 7237
6 10032
6 10034
6 44200
7 4
7 5
7 202
7 8973
7 8975
7 44201
8 10
8 283
8 284
8 286
8 44202
9 5
9 27
9 99
9 131
9 132
9 133
9 135
9 44203
10 5
10 67
10 1026
10 1104
10 9565
10 28544
10 44204
11 5
11 51
11 680
11 1993
11 44205
12 158
12 159
12 160
12 162
12 44206
13 9
13 10
13 11
13 13
13 163
14 5
14 20
14 99
14 131
14 132
14 133
14 165
14 166
15 5
15 20
15 67
15 340
15 340
15 44208
15 44209
15 44210
16 10
16 27969
16 27970
16 27972
16 44211
17 5
17 20
17 99
17 131
17 132
17 133
17 166
17 44212
18 3
18 5
18 20
18 384
18 386
18 44213
19 51
19 195
19 4164
19 33755
19 33757
19 44214
20 76
20 1267
20 1268
20 1270
20 44215
seqId 334
1 4
1 5
1 82
1 83
1 84
1 115
1 763
1 1264
1 44216
2 27
2 660
2 661
2 910
2 912
2 44217
3 5
3 84
3 91
3 93
3 121
3 702
3 703
3 705
3 44218
4 660
4 661
4 1240
4 1242
4 14742
5 660
5 2509
5 2510
5 2512
5 44219
6 5
6 20
6 122
6 703
6 707
6 708
6 710
6 44220
7 4
7 5
7 90
7 122
7 708
7 713
7 16983
7 28412
7 30971
7 44222
7 44223
8 10
8 146
8 147
8 149
8 44224
9 5
9 27
9 99
9 131
9 132
9 133
9 135
9 44225
10 3
10 4
10 5
10 14965
10 14967
10 44226
11 230
11 231
11 232
11 234
11 44227
12 9
12 10
12 11
12 13
12 163
13 99
13 131
13 132
13 133
13 195
13 236
13 237
14 3
14 20
14 195
14 4157
14 4159
14 44228
15 76
15 342
15 343
15 345
15 44229
16 5
16 20
16 27
16 82
16 84
16 98
16 100
16 2487
16 44230
17 5
17 84
17 91
17 93
17 121
17 703
17 707
17 956
17 14754
18 5
18 27
18 99
18 131
18 132
18 133
18 135
18 44231
19 3
19 5
19 20
19 10801
19 10803
19 44232
20 158
20 159
20 160
20 162
20 44233
21 9
21 10
21 11
21 13
21 163
22 5
22 20
22 99
22 131
22 132
22 133
22 165
22 166
23 3
23 5
23 20
23 10672
23 10674
23 44234
24 9
24 10
24 11
24 13
24 44235
25 4
25 5
25 99
25 131
25 132
25 133
25 152
25 44236
26 4
26 5
26 202
26 9960
26 19296
26 44237
27 3
27 4
27 5
27 729
27 4454
27 44238
28 9
28 10
28 11
28 13
28 44239
29 5
29 27
29 99
29 131
29 132
29 133
29 135
29 44240
30 67
30 1026
30 1104
30 9565
30 28544
30 28569
30 44241
31 5
31 51
31 680
31 1993
31 44242
32 71
32 76
32 190
32 191
32 44243
seqId 335
1 51
1 52
1 71
1 1707
1 33199
1 33283
1 44244
2 71
2 76
2 190
2 191
2 44245
seqId 336
1 3
1 5
1 20
1 4157
1 10520
1 44246
2 51
2 52
2 1705
2 1707
2 44247
seqId 337
1 76
1 592
1 593
1 595
1 44248
2 3
2 4
2 5
2 33290
2 33292
2 44249
3 76
3 342
3 343
3 345
3 44250
4 3
4 4
4 5
4 28583
4 28585
4 44251
5 243
5 244
5 245
5 247
5 44252
6 3
6 4
6 5
6 33297
6 33299
6 44253
7 4
7 5
7 202
7 322
7 22672
7 44254
seqId 338
1 3
1 4
1 5
1 43629
1 43946
1 43948
1 44255
2 75
2 76
2 77
2 79
2 44256
3 67
3 44258
3 44259
3 44260
3 44261
4 67
4 9576
4 44263
4 44264
4 44265
4 44266
5 76
5 413
5 414
5 416
5 44267
6 3
6 5
6 20
6 41034
6 41036
6 44268
7 76
7 342
7 343
7 345
7 44269
8 3
8 4
8 5
8 597
8 599
8 44270
9 67
9 601
9 603
9 1197
9 44271
10 51
10 195
10 2686
10 15391
10 44272
11 76
11 433
11 434
11 436
11 44273
seqId 339
1 5
1 27
1 99
1 131
1 132
1 133
1 699
1 44274
2 3
2 4
2 5
2 33290
2 34963
2 44275
3 5
3 84
3 90
3 91
3 93
3 121
3 1509
3 16289
3 44276
4 10
4 378
4 379
4 381
4 44277
5 99
5 131
5 132
5 133
5 195
5 237
5 44278
6 3
6 20
6 195
6 2034
6 3403
6 44279
7 9
7 10
7 11
7 13
7 44280
8 5
8 20
8 98
8 99
8 100
8 3961
8 44281
9 3
9 5
9 20
9 4157
9 10601
9 44282
10 4
10 5
10 99
10 133
10 175
10 176
10 178
10 44283
11 3
11 4
11 5
11 37227
11 37229
11 44284
12 4
12 5
12 90
12 122
12 708
12 713
12 3346
12 19726
12 44286
13 10
13 378
13 379
13 381
13 44287
14 90
14 443
14 3446
14 3448
14 44288
15 99
15 131
15 132
15 133
15 195
15 237
15 44289
16 3
16 20
16 195
16 33911
16 33913
16 44290
17 9
17 10
17 24
17 26
17 27
17 44291
18 3
18 5
18 20
18 23151
18 23153
18 44292
19 5
19 20
19 202
19 1341
19 6599
19 44293
20 9
20 10
20 11
20 13
20 44294
21 4
21 5
21 99
21 131
21 132
21 133
21 152
21 44295
22 3
22 4
22 5
22 13423
22 31090
22 31447
22 44296
23 243
23 244
23 245
23 247
23 44297
24 230
24 231
24 232
24 234
24 44298
25 9
25 10
25 11
25 13
25 163
26 99
26 131
26 132
26 133
26 195
26 236
26 237
27 20
27 195
27 202
27 795
27 2446
27 44299
28 3
28 20
28 195
28 3937
28 3939
28 44300
29 82
29 758
29 759
29 761
29 44301
30 82
30 83
30 84
30 115
30 5729
30 5731
30 44302
31 84
31 91
31 93
31 121
31 195
31 703
31 707
31 1858
31 44303
32 20
32 90
32 122
32 195
32 708
32 713
32 4530
32 4532
32 44304
33 76
33 342
33 343
33 345
33 44305
34 27
34 944
34 945
34 1463
34 3308
34 44306
35 5
35 20
35 82
35 83
35 84
35 115
35 763
35 1002
35 44307
36 27
36 82
36 84
36 114
36 115
36 116
36 118
36 44308
37 5
37 84
37 90
37 93
37 121
37 1815
37 4415
37 21609
37 44309
38 9
38 10
38 11
38 13
38 44310
39 99
39 115
39 195
39 773
39 774
39 775
39 776
39 3400
39 44311
40 3
40 4
40 195
40 25430
40 37321
40 44312
41 10
41 109
41 110
41 112
41 44313
42 3
42 20
42 195
42 1866
42 10151
42 44314
43 9
43 10
43 11
43 13
43 44315
44 3
44 4
44 5
44 495
44 496
44 497
44 30132
44 44317
44 44318
45 4
45 5
45 202
45 33164
45 38952
45 44319
46 244
46 418
46 419
46 421
46 44320
47 99
47 133
47 175
47 176
47 195
47 234
47 44321
48 3
48 4
48 195
48 5331
48 7585
48 44322
49 230
49 231
49 232
49 234
49 44323
50 9
50 10
50 11
50 13
50 163
51 99
51 131
51 132
51 133
51 195
51 236
51 237
52 3
52 20
52 195
52 3632
52 3634
52 44324
53 20
53 195
53 202
53 1341
53 1343
53 44325
54 10
54 279
54 11672
54 11673
54 44326
55 3
55 4
55 5
55 8152
55 9005
55 44327
56 9
56 10
56 24
56 26
56 27
56 44328
57 3
57 4
57 195
57 740
57 10380
57 44329
58 4
58 195
58 202
58 13029
58 39249
58 44330
59 243
59 244
59 245
59 247
59 44331
60 9
60 10
60 11
60 13
60 44332
61 20
61 195
61 202
61 795
61 2446
61 44333
62 3
62 20
62 195
62 13025
62 13027
62 44334
63 9
63 10
63 11
63 13
63 44335
64 3
64 4
64 5
64 14650
64 14652
64 44336
65 71
65 76
65 190
65 191
65 44337
seqId 340
1 4
1 5
1 99
1 131
1 132
1 133
1 811
1 44338
2 3
2 4
2 5
2 21181
2 44340
2 44341
3 9
3 10
3 11
3 13
3 44342
4 5
4 27
4 99
4 131
4 132
4 133
4 135
4 44343
5 3
5 4
5 5
5 1784
5 10502
5 44344
6 230
6 231
6 232
6 234
6 44345
7 9
7 10
7 11
7 13
7 163
8 99
8 131
8 132
8 133
8 195
8 236
8 237
9 3
9 20
9 195
9 22488
9 44347
9 44348
10 9
10 10
10 11
10 13
10 44349
11 5
11 27
11 99
11 131
11 132
11 133
11 135
11 44350
12 3
12 4
12 5
12 28583
12 28585
12 44351
13 10
13 109
13 110
13 112
13 44352
14 3
14 4
14 5
14 5512
14 34639
14 44353
15 10
15 1387
15 1388
15 1390
15 44354
16 99
16 131
16 132
16 133
16 195
16 237
16 44355
17 3
17 4
17 195
17 19808
17 44357
17 44358
18 9
18 10
18 11
18 13
18 44359
19 3
19 4
19 5
19 4228
19 13593
19 44360
20 243
20 244
20 245
20 247
20 44361
21 9
21 10
21 11
21 13
21 44362
22 3
22 4
22 5
22 20344
22 20346
22 44363
23 243
23 244
23 245
23 247
23 44364
24 660
24 19069
24 19070
24 19072
24 44365
25 99
25 133
25 175
25 176
25 195
25 234
25 44366
26 3
26 20
26 195
26 44368
26 44369
26 44370
27 9
27 10
27 11
27 13
27 44371
28 3
28 4
28 195
28 44373
28 44374
28 44375
29 5
29 84
29 91
29 92
29 93
29 703
29 707
29 16563
29 44376
30 660
30 1622
30 1623
30 1625
30 44377
31 4
31 5
31 90
31 122
31 708
31 713
31 1104
31 32374
31 44379
31 44380
32 71
32 76
32 190
32 191
32 44381
seqId 341
1 10
1 378
1 3871
1 3873
1 44382
2 5
2 99
2 115
2 773
2 774
2 775
2 776
2 778
2 44383
3 3
3 5
3 20
3 44385
3 44386
3 44387
4 76
4 342
4 343
4 345
4 44388
5 5
5 27
5 99
5 131
5 132
5 133
5 135
5 44389
6 3
6 5
6 20
6 4157
6 10601
6 44390
7 5
7 84
7 90
7 91
7 92
7 93
7 96
7 36143
7 44392
7 44393
8 10
8 126
8 127
8 129
8 44394
9 4
9 5
9 99
9 131
9 132
9 133
9 152
9 44395
10 3
10 4
10 5
10 11412
10 14762
10 44396
11 9
11 10
11 11
11 13
11 44397
12 3
12 20
12 195
12 2863
12 10735
12 44398
13 82
13 758
13 759
13 761
13 44399
14 84
14 90
14 91
14 92
14 93
14 195
14 31018
14 44401
14 44402
15 10
15 146
15 147
15 149
15 44403
16 90
16 443
16 3969
16 3971
16 44404
17 99
17 131
17 132
17 133
17 195
17 237
17 44405
18 3
18 20
18 195
18 21902
18 21904
18 44406
19 9
19 10
19 11
19 13
19 14938
20 3
20 4
20 5
20 15
20 17
20 44407
21 230
21 231
21 232
21 234
21 44408
22 9
22 10
22 11
22 13
22 163
23 99
23 131
23 132
23 133
23 195
23 236
23 237
24 3
24 20
24 195
24 25752
24 25754
24 44409
25 76
25 342
25 343
25 345
25 44410
26 660
26 3261
26 3262
26 3264
26 44411
27 9
27 10
27 11
27 13
27 44412
28 85
28 99
28 195
28 638
28 640
28 44413
29 3
29 4
29 195
29 2359
29 2361
29 44414
30 75
30 76
30 77
30 79
30 44415
31 99
31 131
31 132
31 133
31 195
31 237
31 44416
32 3
32 4
32 195
32 16756
32 33576
32 44417
33 4
33 195
33 202
33 33164
33 33166
33 44418
34 243
34 244
34 245
34 247
34 44419
35 4
35 195
35 202
35 340
35 3414
35 16682
35 44420
36 4
36 90
36 122
36 195
36 708
36 713
36 4530
36 9217
36 44421
37 10
37 146
37 147
37 149
37 44422
38 4
38 5
38 99
38 131
38 132
38 133
38 152
38 44423
39 3
39 4
39 5
39 492
39 44425
39 44426
40 230
40 231
40 232
40 234
40 44427
41 9
41 10
41 11
41 13
41 163
42 99
42 131
42 132
42 133
42 195
42 236
42 237
43 3
43 4
43 195
43 44429
43 44430
43 44431
44 4
44 72
44 195
44 202
44 340
44 35531
44 44433
44 44434
44 44435
45 76
45 342
45 343
45 345
45 44436
46 99
46 131
46 132
46 133
46 195
46 237
46 44437
47 3
47 4
47 195
47 38566
47 38568
47 44438
48 4
48 195
48 202
48 340
48 37939
48 44440
48 44441
49 230
49 231
49 232
49 234
49 44442
50 9
50 10
50 11
50 13
50 163
51 99
51 131
51 132
51 133
51 195
51 236
51 237
52 3
52 20
52 195
52 3632
52 3634
52 44443
53 9
53 10
53 11
53 13
53 44444
54 4
54 5
54 99
54 131
54 132
54 133
54 152
54 44445
55 3
55 4
55 5
55 44429
55 44447
55 44448
56 243
56 244
56 245
56 247
56 44449
57 230
57 231
57 232
57 234
57 44450
58 9
58 10
58 11
58 13
58 163
59 99
59 131
59 132
59 133
59 195
59 236
59 237
60 3
60 20
60 195
60 33272
60 33274
60 44451
61 76
61 342
61 343
61 345
61 44452
62 4
62 5
62 99
62 131
62 132
62 133
62 152
62 44453
63 3
63 4
63 5
63 34306
63 34308
63 44454
64 9
64 10
64 24
64 26
64 27
64 14996
65 3
65 4
65 195
65 740
65 10380
65 44455
66 9
66 10
66 11
66 13
66 44456
67 3
67 5
67 20
67 16848
67 16850
67 44457
68 5
68 20
68 202
68 1341
68 6599
68 44458
69 76
69 342
69 343
69 345
69 15004
70 99
70 131
70 132
70 133
70 195
70 237
70 15005
71 3
71 4
71 195
71 2196
71 2198
71 44459
72 4
72 195
72 202
72 254
72 3637
72 44460
73 243
73 244
73 245
73 247
73 44461
74 4
74 195
74 202
74 322
74 324
74 44462
75 9
75 10
75 11
75 13
75 44463
76 5
76 27
76 99
76 131
76 132
76 133
76 135
76 44464
77 3
77 4
77 5
77 625
77 7538
77 33143
77 44466
77 44467
78 10
78 109
78 110
78 112
78 44468
79 3
79 4
79 5
79 33290
79 34963
79 44469
80 71
80 76
80 190
80 191
80 44470
seqId 342
1 5
1 27
1 99
1 131
1 132
1 133
1 699
1 44471
2 3
2 5
2 20
2 1650
2 3499
2 44472
3 5
3 84
3 91
3 93
3 121
3 703
3 707
3 956
3 44473
4 660
4 1622
4 1623
4 1625
4 44474
5 9
5 10
5 11
5 13
5 44475
6 90
6 443
6 31757
6 33170
6 44476
7 99
7 131
7 132
7 133
7 195
7 237
7 44477
8 3
8 4
8 195
8 4249
8 26359
8 44478
9 9
9 10
9 11
9 13
9 44479
10 3
10 4
10 5
10 15
10 17
10 44480
11 10
11 283
11 284
11 286
11 44481
12 5
12 20
12 98
12 99
12 100
12 102
12 44482
13 3
13 5
13 20
13 272
13 894
13 44483
14 10
14 109
14 110
14 112
14 44484
15 90
15 121
15 122
15 792
15 6867
15 6869
15 44485
16 99
16 131
16 132
16 133
16 195
16 237
16 44486
17 4
17 195
17 202
17 2075
17 2771
17 44487
18 3
18 4
18 195
18 32860
18 41465
18 44488
19 9
19 10
19 24
19 26
19 27
19 44489
20 3
20 4
20 5
20 3268
20 3270
20 44490
21 230
21 231
21 232
21 234
21 44491
22 9
22 10
22 11
22 13
22 163
23 99
23 131
23 132
23 133
23 195
23 236
23 237
24 3
24 20
24 195
24 13358
24 13360
24 44492
25 20
25 195
25 202
25 29341
25 44494
25 44495
26 75
26 76
26 77
26 79
26 44496
27 3
27 4
27 5
27 33290
27 34963
27 44497
28 4
28 5
28 202
28 44499
28 44500
28 44501
29 76
29 342
29 343
29 345
29 44502
30 9
30 10
30 11
30 13
30 44503
31 3
31 4
31 5
31 34900
31 34902
31 44504
32 76
32 342
32 343
32 345
32 44505
33 4
33 5
33 202
33 35387
33 36351
33 44506
34 76
34 342
34 343
34 345
34 44507
35 4
35 5
35 202
35 1104
35 34374
35 34376
35 34377
35 44509
36 76
36 342
36 343
36 345
36 44510
37 9
37 10
37 11
37 13
37 44511
38 3
38 4
38 5
38 44513
38 44514
38 44515
39 76
39 342
39 343
39 345
39 44516
40 4
40 195
40 202
40 340
40 3414
40 16682
40 44517
41 76
41 342
41 343
41 345
41 44518
42 71
42 509
42 25601
42 25602
42 25604
42 44519
seqId 343
1 51
1 52
1 71
1 1707
1 33304
1 33306
1 44520
2 71
2 76
2 190
2 191
2 44521
seqId 344
1 3
1 5
1 20
1 4157
1 10520
1 44522
2 51
2 195
2 1427
2 1962
2 44523
3 76
3 2265
3 2266
3 2268
3 44524
4 3
4 4
4 5
4 26985
4 33312
4 44525
5 76
5 342
5 343
5 345
5 44526
6 3
6 20
6 195
6 3937
6 3939
6 44527
7 20
7 195
7 202
7 33316
7 33318
7 44528
8 243
8 244
8 245
8 247
8 44529
9 3
9 20
9 195
9 33272
9 33274
9 44530
seqId 345
1 3
1 5
1 20
1 43627
1 43629
1 43630
1 44531
2 75
2 76
2 77
2 79
2 44532
3 67
3 72
3 452
3 1104
3 9577
3 44534
3 44535
3 44536
3 44537
4 67
4 296
4 13452
4 44539
4 44540
4 44541
4 44542
5 76
5 413
5 414
5 416
5 44543
6 3
6 5
6 20
6 41034
6 41036
6 44544
7 76
7 342
7 343
7 345
7 44545
8 3
8 4
8 5
8 597
8 599
8 44546
9 67
9 601
9 603
9 1197
9 44547
10 67
10 605
10 607
10 1199
10 44548
11 76
11 433
11 434
11 436
11 44549
seqId 346
1 4
1 5
1 99
1 131
1 132
1 133
1 811
1 44550
2 3
2 4
2 5
2 26985
2 26987
2 44551
3 5
3 84
3 90
3 91
3 93
3 121
3 32078
3 41824
3 44552
4 5
4 20
4 99
4 133
4 175
4 176
4 1316
4 44553
5 3
5 5
5 20
5 31623
5 31625
5 44554
6 5
6 20
6 202
6 44556
6 44557
6 44558
7 10
7 283
7 284
7 286
7 44559
8 99
8 131
8 132
8 133
8 195
8 237
8 44560
9 3
9 4
9 195
9 16756
9 33576
9 44561
10 4
10 195
10 202
10 322
10 324
10 44562
11 243
11 244
11 245
11 247
11 15125
12 4
12 5
12 99
12 131
12 132
12 133
12 152
12 44563
13 3
13 4
13 5
13 3989
13 16983
13 34778
13 34780
13 44564
14 230
14 231
14 232
14 234
14 44565
15 9
15 10
15 11
15 13
15 163
16 99
16 131
16 132
16 133
16 195
16 236
16 237
17 3
17 20
17 195
17 33358
17 34347
17 44566
18 71
18 76
18 190
18 191
18 44567
19 5211
19 5212
19 5213
19 5215
19 44568
seqId 347
1 10
1 146
1 147
1 149
1 722
2 5
2 20
2 99
2 131
2 132
2 133
2 165
2 166
3 3
3 5
3 20
3 1325
3 1327
3 44569
4 9
4 10
4 11
4 13
4 44570
5 5
5 20
5 98
5 99
5 100
5 3961
5 44571
6 3
6 5
6 20
6 4157
6 10601
6 44572
7 76
7 342
7 343
7 345
7 44573
8 82
8 115
8 195
8 4940
8 4941
8 28267
8 44574
9 82
9 115
9 116
9 195
9 4940
9 4941
9 28267
9 44575
10 90
10 91
10 93
10 121
10 195
10 4941
10 4948
10 10527
10 38747
10 44577
11 10
11 126
11 127
11 129
11 44578
12 99
12 131
12 132
12 133
12 195
12 237
12 44579
13 3
13 20
13 195
13 33053
13 33055
13 44580
14 20
14 195
14 202
14 322
14 357
14 44581
15 76
15 342
15 343
15 345
15 44582
16 20
16 195
16 202
16 254
16 3637
16 44583
17 244
17 418
17 419
17 421
17 44584
18 20
18 195
18 202
18 22675
18 33345
18 44585
19 76
19 413
19 414
19 416
19 44586
20 3
20 5
20 20
20 1892
20 37252
20 44587
21 9
21 10
21 24
21 26
21 27
21 44588
22 3
22 4
22 5
22 38115
22 38117
22 44589
23 76
23 342
23 343
23 345
23 44590
24 3
24 4
24 195
24 35988
24 35990
24 44591
25 4
25 195
25 202
25 254
25 3637
25 44592
26 76
26 342
26 343
26 345
26 44593
27 3
27 4
27 5
27 35722
27 35724
27 44594
28 76
28 342
28 343
28 345
28 44595
29 3
29 5
29 20
29 33053
29 33917
29 44596
30 5
30 20
30 202
30 34863
30 34865
30 44597
31 76
31 342
31 343
31 345
31 44598
32 71
32 509
32 25601
32 25602
32 25604
32 44599
33 76
33 433
33 434
33 436
33 44600
34 10
34 109
34 110
34 112
34 44601
35 3
35 5
35 20
35 5228
35 15262
35 44602
36 10
36 1387
36 1388
36 1390
36 44603
37 99
37 131
37 132
37 133
37 195
37 237
37 44604
38 3
38 4
38 195
38 5951
38 5953
38 44605
39 4
39 195
39 202
39 322
39 324
39 44606
40 243
40 244
40 245
40 247
40 44607
41 4
41 195
41 202
41 33164
41 33166
41 44608
42 9
42 10
42 11
42 13
42 44609
43 3
43 4
43 5
43 26985
43 26987
43 44610
44 76
44 413
44 414
44 416
44 44611
45 3
45 4
45 5
45 10713
45 10715
45 44612
46 76
46 342
46 343
46 345
46 44613
47 3
47 5
47 20
47 13224
47 13226
47 44614
48 76
48 342
48 343
48 345
48 44615
49 3
49 20
49 195
49 352
49 354
49 44616
50 243
50 244
50 245
50 247
50 15253
51 3
51 5
51 20
51 23785
51 28259
51 44617
52 9
52 10
52 11
52 13
52 44618
53 3
53 4
53 5
53 15255
53 26985
53 26987
54 9
54 10
54 11
54 13
54 44619
55 4
55 5
55 99
55 131
55 132
55 133
55 152
55 44620
56 3
56 4
56 5
56 29295
56 29297
56 44621
57 76
57 342
57 343
57 345
57 44622
58 3
58 20
58 195
58 36672
58 36674
58 44623
59 9
59 10
59 11
59 13
59 44624
60 3
60 5
60 20
60 12983
60 12985
60 44625
61 76
61 433
61 434
61 436
61 44626
62 71
62 76
62 190
62 191
62 44627
seqId 348
1 99
1 131
1 132
1 133
1 195
1 1220
1 44628
2 3
2 20
2 195
2 33911
2 33913
2 44629
3 20
3 195
3 202
3 33164
3 33341
3 44630
4 10
4 146
4 147
4 149
4 44631
5 5
5 27
5 99
5 131
5 132
5 133
5 135
5 44632
6 3
6 4
6 5
6 4406
6 24330
6 44633
7 10
7 283
7 284
7 286
7 44634
8 4
8 5
8 99
8 131
8 132
8 133
8 152
8 44635
9 3
9 4
9 5
9 6070
9 6072
9 44636
10 9
10 10
10 11
10 13
10 44637
11 98
11 99
11 100
11 195
11 2073
11 44638
12 3
12 4
12 195
12 5951
12 5953
12 44639
13 76
13 413
13 414
13 416
13 44640
14 3
14 4
14 195
14 16756
14 33576
14 44641
15 230
15 231
15 232
15 234
15 44642
16 9
16 10
16 11
16 13
16 163
17 99
17 131
17 132
17 133
17 195
17 236
17 237
18 3
18 20
18 195
18 3632
18 3634
18 44643
19 20
19 195
19 202
19 1341
19 1343
19 44644
20 76
20 342
20 343
20 345
20 44645
21 3
21 20
21 195
21 13358
21 13360
21 44646
22 9
22 10
22 24
22 26
22 27
22 44647
23 3
23 4
23 195
23 4804
23 5101
23 44648
24 76
24 342
24 343
24 345
24 44649
25 3
25 20
25 195
25 2723
25 3278
25 44650
26 9
26 10
26 11
26 13
26 44651
27 3
27 5
27 20
27 2081
27 29574
27 44652
28 76
28 342
28 343
28 345
28 44653
29 3
29 4
29 195
29 340
29 22458
29 22460
29 44654
30 4
30 195
30 202
30 340
30 44656
30 44657
30 44658
31 76
31 433
31 434
31 436
31 44659
32 84
32 91
32 92
32 93
32 195
32 703
32 707
32 12595
32 44660
33 20
33 90
33 122
33 195
33 708
33 713
33 38175
33 44662
33 44663
33 44664
33 44665
34 660
34 976
34 979
34 1458
34 44666
35 944
35 945
35 946
35 948
35 44667
36 99
36 131
36 132
36 133
36 195
36 237
36 44668
37 3
37 4
37 195
37 3615
37 35716
37 44669
38 9
38 10
38 24
38 26
38 27
38 44670
39 82
39 83
39 84
39 115
39 5729
39 5731
39 44671
40 90
40 443
40 4766
40 5065
40 44672
41 3
41 4
41 5
41 10996
41 10998
41 44673
42 76
42 413
42 414
42 416
42 44674
43 3
43 5
43 20
43 33911
43 33913
43 44675
44 5
44 20
44 202
44 29358
44 29360
44 44676
45 9
45 10
45 11
45 13
45 44677
46 3
46 4
46 5
46 72
46 5390
46 40028
46 40030
46 44678
47 76
47 342
47 343
47 345
47 44679
48 9
48 10
48 11
48 13
48 44680
49 3
49 5
49 20
49 5292
49 44681
49 44682
50 230
50 231
50 232
50 234
50 44683
51 9
51 10
51 11
51 13
51 163
52 99
52 131
52 132
52 133
52 195
52 236
52 237
53 3
53 4
53 195
53 4094
53 4096
53 44684
54 10
54 109
54 110
54 112
54 44685
55 90
55 121
55 122
55 755
55 44687
55 44688
55 44689
56 3
56 4
56 5
56 4900
56 4902
56 44690
57 76
57 342
57 343
57 345
57 44691
58 3
58 4
58 5
58 15
58 17
58 44692
59 243
59 244
59 245
59 247
59 44693
60 3
60 4
60 5
60 4804
60 33065
60 44694
61 4
61 5
61 202
61 5627
61 19546
61 44695
62 76
62 433
62 434
62 436
62 44696
63 71
63 76
63 190
63 191
63 44697
seqId 349
1 5
1 27
1 99
1 131
1 132
1 133
1 699
1 15353
2 3
2 5
2 20
2 3937
2 37531
2 44698
3 230
3 231
3 232
3 234
3 15356
4 9
4 10
4 11
4 13
4 163
5 99
5 131
5 132
5 133
5 195
5 236
5 237
6 3
6 4
6 15
6 195
6 4121
6 44699
7 4
7 90
7 122
7 195
7 708
7 713
7 3563
7 3565
7 44700
8 717
8 718
8 719
8 721
8 44701
9 10
9 146
9 147
9 149
9 722
10 5
10 20
10 99
10 131
10 132
10 133
10 165
10 166
11 3
11 5
11 20
11 1325
11 1327
11 44702
12 9
12 10
12 11
12 13
12 44703
13 5
13 20
13 98
13 99
13 100
13 3961
13 44704
14 3
14 5
14 20
14 4157
14 10601
14 44705
15 5
15 84
15 91
15 93
15 121
15 703
15 707
15 956
15 44706
16 660
16 976
16 977
16 979
16 44707
17 9
17 10
17 11
17 13
17 44708
18 90
18 443
18 1345
18 9933
18 44709
19 10
19 109
19 110
19 112
19 15376
20 3
20 4
20 5
20 21329
20 21331
20 44710
21 99
21 131
21 132
21 133
21 195
21 237
21 44711
22 3
22 20
22 195
22 5228
22 5230
22 44712
23 82
23 758
23 759
23 761
23 44713
24 27
24 82
24 84
24 114
24 115
24 116
24 118
24 44714
25 84
25 90
25 91
25 93
25 121
25 195
25 6211
25 22399
25 44716
25 44717
26 10
26 1605
26 1606
26 1608
26 15385
27 5
27 27
27 99
27 131
27 132
27 133
27 135
27 44718
28 3
28 4
28 5
28 2608
28 4490
28 44719
29 243
29 244
29 245
29 247
29 44720
30 5
30 20
30 99
30 131
30 132
30 133
30 166
30 44721
31 3
31 5
31 20
31 24881
31 24883
31 44722
32 230
32 231
32 232
32 234
32 44723
33 9
33 10
33 11
33 13
33 163
34 99
34 131
34 132
34 133
34 195
34 236
34 237
35 3
35 20
35 195
35 33272
35 33274
35 44724
36 243
36 244
36 245
36 247
36 15411
37 99
37 131
37 132
37 133
37 195
37 237
37 44725
38 3
38 4
38 195
38 340
38 44727
38 44728
38 44729
39 4
39 195
39 202
39 33316
39 33318
39 44730
40 230
40 231
40 232
40 234
40 44731
41 9
41 10
41 11
41 13
41 163
42 99
42 131
42 132
42 133
42 195
42 236
42 237
43 3
43 4
43 195
43 29295
43 34622
43 44732
44 76
44 342
44 343
44 345
44 44733
45 10
45 378
45 379
45 381
45 44734
46 90
46 142
46 443
46 44736
46 44737
47 10
47 146
47 147
47 149
47 44738
48 90
48 443
48 3257
48 14916
48 44739
49 99
49 131
49 132
49 133
49 195
49 237
49 44740
50 3
50 20
50 195
50 340
50 39106
50 39108
50 44742
51 90
51 121
51 122
51 2333
51 15757
51 44743
52 9
52 10
52 24
52 26
52 27
52 44744
53 90
53 443
53 8109
53 17672
53 44745
54 99
54 131
54 132
54 133
54 195
54 237
54 44746
55 3
55 4
55 195
55 2567
55 41688
55 44747
56 4
56 195
56 202
56 1341
56 21523
56 44748
57 243
57 244
57 245
57 247
57 44749
58 90
58 443
58 8415
58 28349
58 44750
59 10
59 146
59 147
59 149
59 44751
60 90
60 443
60 32157
60 32159
60 44752
61 99
61 131
61 132
61 133
61 195
61 237
61 44753
62 3
62 4
62 195
62 5951
62 5953
62 44754
63 4
63 195
63 202
63 322
63 324
63 44755
64 243
64 244
64 245
64 247
64 44756
65 4
65 195
65 202
65 33164
65 33166
65 44757
66 9
66 10
66 11
66 13
66 44758
67 3
67 4
67 5
67 26985
67 26987
67 44759
68 71
68 76
68 190
68 191
68 44760
seqId 350
1 51
1 52
1 33324
1 33326
1 44761
2 71
2 76
2 190
2 191
2 44762
seqId 351
1 3
1 5
1 20
1 4157
1 10520
1 44763
2 51
2 52
2 4934
2 4936
2 44764
seqId 352
1 76
1 592
1 593
1 595
1 44765
2 5
2 20
2 99
2 131
2 132
2 133
2 967
2 44766
3 3
3 5
3 20
3 33333
3 33335
3 44767
4 243
4 244
4 245
4 247
4 44768
5 99
5 195
5 773
5 776
5 3400
5 44769
6 3
6 20
6 195
6 3937
6 3939
6 44770
7 20
7 195
7 202
7 33164
7 33341
7 44771
8 243
8 244
8 245
8 247
8 44772
9 20
9 195
9 202
9 22675
9 33345
9 44773
seqId 353
1 3
1 4
1 5
1 43629
1 43946
1 43948
1 44774
2 75
2 76
2 77
2 79
2 44775
3 67
3 17618
3 17619
3 17621
3 44776
4 36
4 67
4 4559
4 44778
4 44779
4 44780
4 44781
5 76
5 413
5 414
5 416
5 44782
6 3
6 5
6 20
6 41034
6 41036
6 44783
7 76
7 342
7 343
7 345
7 44784
8 3
8 4
8 5
8 597
8 599
8 44785
9 67
9 601
9 603
9 1197
9 44786
10 67
10 34179
10 34181
10 44787
10 44788
11 76
11 433
11 434
11 436
11 44789
seqId 354
1 5
1 20
1 98
1 99
1 100
1 4215
1 44790
2 3
2 5
2 20
2 4157
2 10601
2 44791
3 5
3 84
3 90
3 91
3 93
3 121
3 8855
3 13550
3 44792
4 99
4 131
4 132
4 133
4 195
4 237
4 44793
5 3
5 20
5 195
5 2034
5 3403
5 44794
6 158
6 159
6 160
6 162
6 44795
7 9
7 10
7 11
7 13
7 163
8 5
8 20
8 99
8 131
8 132
8 133
8 165
8 166
9 5
9 20
9 67
9 699
9 3213
9 5979
9 33380
9 33382
9 44796
10 90
10 121
10 122
10 31304
10 37431
10 44797
11 10
11 126
11 127
11 129
11 15513
12 5
12 20
12 99
12 131
12 132
12 133
12 166
12 44798
13 3
13 5
13 20
13 33333
13 33335
13 44799
14 76
14 413
14 414
14 416
14 44800
15 3
15 4
15 5
15 37691
15 37693
15 44801
16 76
16 342
16 343
16 345
16 44802
17 3
17 4
17 5
17 37684
17 37686
17 44803
18 76
18 433
18 434
18 436
18 44804
19 10
19 109
19 110
19 112
19 44805
20 3
20 5
20 20
20 5228
20 15262
20 44806
21 10
21 1387
21 1388
21 1390
21 44807
22 99
22 131
22 132
22 133
22 195
22 237
22 44808
23 3
23 20
23 195
23 33272
23 33274
23 44809
24 76
24 342
24 343
24 345
24 44810
25 660
25 3261
25 3262
25 3264
25 44811
26 9
26 10
26 11
26 13
26 15526
27 3
27 4
27 195
27 4249
27 26359
27 44812
28 10
28 146
28 147
28 149
28 15528
29 5
29 27
29 99
29 131
29 132
29 133
29 135
29 44813
30 3
30 4
30 5
30 4198
30 4200
30 44814
31 10
31 1605
31 1606
31 1608
31 44815
32 3
32 5
32 20
32 24881
32 24883
32 44816
33 5
33 20
33 202
33 37469
33 37471
33 44817
34 243
34 244
34 245
34 247
34 44818
35 3
35 20
35 195
35 3937
35 3939
35 44819
36 20
36 195
36 202
36 322
36 357
36 44820
37 71
37 76
37 190
37 191
37 44821
seqId 355
1 5
1 27
1 99
1 131
1 132
1 133
1 699
1 44822
2 3
2 5
2 20
2 1650
2 3499
2 44823
3 5
3 84
3 91
3 93
3 121
3 703
3 707
3 956
3 15547
4 10
4 146
4 149
4 1539
4 44824
5 4
5 5
5 99
5 131
5 132
5 133
5 152
5 44825
6 3
6 4
6 5
6 3725
6 3727
6 44826
7 9
7 10
7 24
7 26
7 27
7 44827
8 90
8 443
8 1917
8 3590
8 44828
9 5
9 27
9 99
9 131
9 132
9 133
9 135
9 44829
10 3
10 5
10 20
10 23785
10 28259
10 44830
11 9
11 10
11 11
11 13
11 44831
12 4
12 5
12 99
12 131
12 132
12 133
12 152
12 44832
13 3
13 4
13 5
13 34878
13 34880
13 44833
14 10
14 34760
14 34761
14 34763
14 44834
15 5
15 20
15 99
15 131
15 132
15 133
15 166
15 44835
16 3
16 5
16 20
16 16848
16 16850
16 44836
17 9
17 10
17 24
17 26
17 27
17 44837
18 3
18 20
18 195
18 34458
18 37676
18 44838
19 243
19 244
19 245
19 247
19 44839
20 9
20 10
20 11
20 13
20 44840
21 27
21 82
21 84
21 114
21 115
21 116
21 118
21 44841
22 90
22 443
22 10527
22 38747
22 44842
23 10
23 126
23 127
23 129
23 44843
24 99
24 131
24 132
24 133
24 195
24 237
24 44844
25 3
25 4
25 195
25 10184
25 10186
25 44845
26 9
26 10
26 24
26 26
26 27
26 44846
27 3
27 4
27 5
27 37922
27 37924
27 44847
28 230
28 231
28 232
28 234
28 44848
29 9
29 10
29 11
29 13
29 163
30 99
30 131
30 132
30 133
30 195
30 236
30 237
31 3
31 4
31 195
31 4094
31 4096
31 44849
32 10
32 1605
32 1606
32 1608
32 44850
33 99
33 131
33 132
33 133
33 195
33 237
33 44851
34 3
34 20
34 195
34 3632
34 3634
34 44852
35 20
35 195
35 202
35 302
35 1655
35 44853
36 243
36 244
36 245
36 247
36 15586
37 99
37 131
37 132
37 133
37 195
37 237
37 44854
38 3
38 20
38 195
38 3632
38 3634
38 44855
39 20
39 195
39 202
39 1341
39 1343
39 44856
40 76
40 2265
40 2266
40 2268
40 44857
41 3
41 20
41 195
41 1445
41 44859
41 44860
42 244
42 418
42 419
42 421
42 44861
43 3
43 20
43 195
43 6665
43 6667
43 44862
44 76
44 2265
44 2266
44 2268
44 44863
45 660
45 3319
45 3320
45 3322
45 44864
46 9
46 10
46 11
46 13
46 44865
47 90
47 443
47 6804
47 44867
47 44868
48 99
48 133
48 175
48 176
48 195
48 234
48 44869
49 3
49 4
49 195
49 3199
49 4859
49 44870
50 4
50 112
50 195
50 202
50 22675
50 34529
50 44871
51 660
51 2347
51 2348
51 2350
51 44872
52 4
52 195
52 202
52 340
52 21271
52 44874
52 44875
53 71
53 76
53 190
53 191
53 44876
seqId 356
1 99
1 131
1 132
1 133
1 195
1 1220
1 44877
2 3
2 20
2 195
2 3118
2 10103
2 44878
3 9
3 10
3 11
3 13
3 44879
4 3
4 4
4 5
4 3123
4 3125
4 44880
5 9
5 10
5 11
5 13
5 44881
6 98
6 99
6 100
6 195
6 2073
6 44882
7 3
7 20
7 195
7 3632
7 3634
7 44883
8 84
8 91
8 93
8 121
8 195
8 703
8 707
8 1858
8 44884
9 20
9 90
9 122
9 195
9 340
9 708
9 713
9 3446
9 4357
9 44885
10 76
10 342
10 343
10 345
10 44886
11 20
11 90
11 122
11 195
11 340
11 708
11 713
11 44888
11 44889
11 44890
12 76
12 342
12 343
12 345
12 44891
13 20
13 90
13 122
13 195
13 340
13 708
13 713
13 22567
13 22569
13 44892
14 660
14 3319
14 3320
14 3322
14 44893
15 9
15 10
15 24
15 26
15 27
15 44894
16 90
16 443
16 14715
16 14717
16 44895
17 99
17 133
17 175
17 176
17 195
17 234
17 44896
18 3
18 20
18 118
18 195
18 9769
18 33483
18 33485
18 33486
18 44897
19 9
19 10
19 24
19 26
19 27
19 44898
20 3
20 5
20 20
20 44900
20 44901
20 44902
21 76
21 342
21 343
21 345
21 44903
22 20
22 90
22 122
22 195
22 708
22 713
22 33672
22 33674
22 44904
23 660
23 818
23 819
23 821
23 44905
24 10
24 1010
24 1011
24 1013
24 44906
25 3
25 5
25 20
25 9702
25 44908
25 44909
26 10
26 146
26 147
26 149
26 44910
27 4
27 5
27 99
27 131
27 132
27 133
27 152
27 44911
28 3
28 4
28 5
28 10638
28 10812
28 44912
29 10
29 378
29 379
29 381
29 44913
30 5
30 27
30 99
30 131
30 132
30 133
30 135
30 44914
31 3
31 4
31 5
31 44916
31 44917
31 44918
32 10
32 146
32 147
32 149
32 44919
33 4
33 5
33 99
33 131
33 132
33 133
33 152
33 44920
34 3
34 4
34 5
34 19020
34 23943
34 44921
35 71
35 76
35 190
35 191
35 44922
seqId 357
1 5
1 27
1 99
1 131
1 132
1 133
1 699
1 44923
2 3
2 5
2 20
2 4157
2 10601
2 44924
3 27
3 82
3 84
3 114
3 115
3 116
3 118
3 44925
4 5
4 84
4 90
4 91
4 93
4 121
4 37175
4 43997
4 44926
5 660
5 1513
5 1514
5 1516
5 44927
6 2822
6 2823
6 2824
6 2826
6 44928
7 10
7 146
7 147
7 149
7 722
8 99
8 131
8 132
8 133
8 195
8 236
8 237
9 3
9 20
9 195
9 33053
9 33055
9 44929
10 20
10 195
10 202
10 22675
10 33345
10 44930
11 76
11 413
11 414
11 416
11 44931
12 3
12 5
12 20
12 33053
12 33917
12 44932
13 5
13 20
13 202
13 34863
13 34865
13 44933
14 76
14 342
14 343
14 345
14 44934
15 3
15 4
15 5
15 34872
15 34874
15 44935
16 9
16 10
16 11
16 13
16 44936
17 4
17 5
17 99
17 131
17 132
17 133
17 152
17 44937
18 3
18 4
18 5
18 34878
18 34880
18 44938
19 76
19 342
19 343
19 345
19 44939
20 3
20 4
20 195
20 16756
20 33576
20 44940
21 230
21 231
21 232
21 234
21 44941
22 9
22 10
22 11
22 13
22 163
23 99
23 131
23 132
23 133
23 195
23 236
23 237
24 3
24 20
24 195
24 3338
24 35545
24 44942
25 76
25 342
25 343
25 345
25 44943
26 71
26 509
26 25601
26 25602
26 25604
26 44944
27 76
27 433
27 434
27 436
27 44945
28 76
28 342
28 343
28 345
28 44946
29 20
29 90
29 122
29 195
29 708
29 713
29 44665
29 44948
29 44949
29 44950
30 10
30 146
30 149
30 2548
30 44951
31 3
31 5
31 20
31 38959
31 38961
31 44952
32 5
32 27
32 99
32 131
32 132
32 133
32 135
32 44953
33 3
33 4
33 5
33 44
33 621
33 44954
34 76
34 413
34 414
34 416
34 44955
35 3
35 2548
35 9789
35 9791
35 44956
36 2822
36 2823
36 2824
36 2826
36 44957
37 10
37 146
37 147
37 149
37 722
38 99
38 131
38 132
38 133
38 195
38 236
38 237
39 3
39 4
39 195
39 340
39 5256
39 5258
39 44958
40 10
40 1387
40 1388
40 1390
40 44959
41 99
41 131
41 132
41 133
41 195
41 237
41 44960
42 3
42 20
42 195
42 10402
42 10404
42 44961
43 158
43 159
43 160
43 162
43 44962
44 9
44 10
44 11
44 13
44 163
45 5
45 20
45 99
45 131
45 132
45 133
45 165
45 166
46 3
46 5
46 20
46 2943
46 2945
46 44963
47 67
47 315
47 44964
47 44965
47 44966
48 76
48 433
48 434
48 436
48 44967
49 243
49 244
49 245
49 247
49 44968
50 4
50 5
50 99
50 131
50 132
50 133
50 152
50 44969
51 3
51 4
51 5
51 44971
51 44972
51 44973
52 76
52 413
52 414
52 416
52 44974
53 10
53 109
53 110
53 112
53 44975
54 3
54 5
54 20
54 5228
54 15262
54 44976
55 10
55 1387
55 1388
55 1390
55 44977
56 5
56 27
56 99
56 131
56 132
56 133
56 135
56 44978
57 3
57 5
57 20
57 4157
57 10601
57 44979
58 51
58 195
58 2151
58 2153
58 44980
59 3
59 20
59 195
59 340
59 33358
59 33360
59 44981
60 20
60 195
60 202
60 26353
60 26355
60 44982
61 76
61 342
61 343
61 345
61 44983
62 3
62 4
62 195
62 8050
62 33365
62 44984
63 76
63 342
63 343
63 345
63 44985
64 3
64 4
64 195
64 340
64 33368
64 33370
64 44986
65 76
65 433
65 434
65 436
65 44987
66 9
66 10
66 11
66 13
66 44988
67 99
67 115
67 195
67 773
67 775
67 776
67 2192
67 2194
67 44989
68 3
68 20
68 195
68 2429
68 22565
68 44990
69 20
69 195
69 202
69 37469
69 38704
69 44991
70 243
70 244
70 245
70 247
70 44992
71 20
71 195
71 202
71 322
71 357
71 44993
72 71
72 76
72 190
72 191
72 44994
seqId 358
1 99
1 131
1 132
1 133
1 195
1 1220
1 44995
2 3
2 4
2 15
2 195
2 4121
2 44996
3 4
3 90
3 122
3 195
3 708
3 713
3 4190
3 6946
3 44997
4 27
4 82
4 84
4 114
4 115
4 116
4 118
4 44998
5 84
5 90
5 91
5 93
5 120
5 121
5 195
5 45000
5 45001
6 10
6 126
6 127
6 129
6 45002
7 5
7 27
7 99
7 131
7 132
7 133
7 135
7 45003
8 3
8 4
8 5
8 9634
8 9636
8 45004
9 9
9 10
9 11
9 13
9 45005
10 3
10 20
10 195
10 340
10 45007
10 45008
10 45009
11 20
11 195
11 202
11 340
11 10216
11 10218
11 45010
12 76
12 342
12 343
12 345
12 45011
13 20
13 195
13 202
13 912
13 27313
13 44665
13 45013
13 45014
14 243
14 244
14 245
14 247
14 45015
15 20
15 195
15 202
15 45017
15 45018
15 45019
16 76
16 342
16 343
16 345
16 45020
17 90
17 121
17 122
17 2333
17 15757
17 45021
18 9
18 10
18 24
18 26
18 27
18 45022
19 90
19 443
19 3979
19 36008
19 45023
20 5
20 20
20 99
20 131
20 132
20 133
20 166
20 45024
21 3
21 5
21 20
21 33333
21 33335
21 45025
22 10
22 1010
22 1011
22 1013
22 45026
23 5
23 20
23 99
23 133
23 175
23 176
23 1316
23 45027
24 3
24 5
24 20
24 13358
24 28067
24 45028
25 5
25 20
25 202
25 25638
25 45030
25 45031
26 243
26 244
26 245
26 247
26 45032
27 5
27 20
27 202
27 16756
27 16758
27 45033
28 76
28 342
28 343
28 345
28 45034
29 90
29 121
29 122
29 35983
29 45036
29 45037
30 9
30 10
30 11
30 13
30 45038
31 3
31 20
31 195
31 33911
31 33913
31 45039
32 20
32 195
32 202
32 322
32 357
32 45040
33 243
33 244
33 245
33 247
33 45041
34 20
34 195
34 202
34 5273
34 5667
34 45042
35 71
35 76
35 190
35 191
35 45043
seqId 359
1 51
1 52
1 71
1 1707
1 33350
1 33352
1 45044
2 71
2 76
2 190
2 191
2 45045
seqId 360
1 3
1 5
1 20
1 4157
1 10520
1 45046
2 51
2 52
2 2151
2 2153
2 45047
3 76
3 2265
3 2266
3 2268
3 45048
4 3
4 20
4 195
4 340
4 33358
4 33360
4 45049
5 20
5 195
5 202
5 26353
5 26355
5 45050
6 76
6 342
6 343
6 345
6 45051
7 3
7 4
7 195
7 8050
7 33365
7 45052
8 76
8 342
8 343
8 345
8 45053
9 3
9 4
9 195
9 340
9 33368
9 33370
9 45054
seqId 361
1 3
1 4
1 5
1 43629
1 43946
1 43948
1 45055
2 75
2 76
2 77
2 79
2 45056
3 67
3 41948
3 41949
3 41951
3 45057
4 67
4 41953
4 41954
4 41956
4 45058
5 76
5 413
5 414
5 416
5 45059
6 3
6 5
6 20
6 41034
6 41036
6 45060
7 76
7 342
7 343
7 345
7 45061
8 67
8 41961
8 41962
8 41964
8 45062
9 76
9 433
9 434
9 436
9 45063
seqId 362
1 5
1 20
1 98
1 99
1 100
1 4215
1 45064
2 3
2 5
2 20
2 4157
2 10601
2 45065
3 5
3 84
3 90
3 91
3 93
3 121
3 45067
3 45068
3 45069
4 99
4 133
4 175
4 176
4 195
4 234
4 45070
5 3
5 20
5 195
5 1320
5 3384
5 45071
6 20
6 90
6 122
6 195
6 708
6 713
6 37175
6 45073
6 45074
7 10
7 828
7 829
7 831
7 45075
8 99
8 131
8 132
8 133
8 195
8 237
8 45076
9 3
9 4
9 195
9 13797
9 39179
9 45077
10 243
10 244
10 245
10 247
10 45078
11 3
11 4
11 195
11 5859
11 14468
11 45079
12 230
12 231
12 232
12 234
12 45080
13 9
13 10
13 11
13 13
13 163
14 99
14 131
14 132
14 133
14 195
14 236
14 237
15 3
15 20
15 195
15 33358
15 34347
15 45081
16 10
16 146
16 147
16 149
16 45082
17 3
17 5
17 20
17 21756
17 21758
17 45083
18 5
18 20
18 202
18 5273
18 45085
18 45086
19 71
19 76
19 190
19 191
19 45087
seqId 363
1 20
1 90
1 122
1 195
1 340
1 708
1 713
1 45089
1 45090
1 45091
1 45092
2 717
2 718
2 719
2 721
2 45093
3 10
3 146
3 147
3 149
3 722
4 5
4 20
4 99
4 131
4 132
4 133
4 165
4 166
5 3
5 5
5 20
5 4721
5 4723
5 45095
6 3
6 4
6 5
6 33368
6 33370
6 45096
7 1458
7 2717
7 4052
7 4054
7 45097
8 3
8 4
8 5
8 8050
8 8052
8 45098
9 76
9 342
9 343
9 345
9 45099
10 99
10 131
10 132
10 133
10 195
10 237
10 45100
11 3
11 20
11 195
11 10402
11 10404
11 45101
12 9
12 10
12 11
12 13
12 45102
13 5
13 20
13 98
13 99
13 100
13 3961
13 45103
14 3
14 5
14 20
14 4157
14 10601
14 45104
15 84
15 90
15 91
15 93
15 121
15 195
15 31304
15 45106
15 45107
16 10
16 126
16 127
16 129
16 45108
17 4
17 5
17 99
17 131
17 132
17 133
17 152
17 45109
18 3
18 4
18 5
18 18684
18 33143
18 41068
18 45111
18 45112
19 4
19 5
19 202
19 26353
19 45114
19 45115
20 243
20 244
20 245
20 247
20 45116
21 4
21 5
21 202
21 35841
21 35843
21 45118
22 9
22 10
22 11
22 13
22 45119
23 4
23 5
23 99
23 131
23 132
23 133
23 152
23 45120
24 3
24 4
24 5
24 33368
24 33370
24 45121
25 76
25 342
25 343
25 345
25 45122
26 10
26 146
26 149
26 1539
26 45123
27 90
27 443
27 1334
27 8849
27 45124
28 9
28 10
28 11
28 13
28 45125
29 5
29 27
29 99
29 131
29 132
29 133
29 135
29 45126
30 3
30 4
30 5
30 3268
30 3270
30 45127
31 230
31 231
31 232
31 234
31 45128
32 9
32 10
32 11
32 13
32 163
33 99
33 131
33 132
33 133
33 195
33 236
33 237
34 3
34 4
34 195
34 6876
34 6878
34 45129
35 4
35 195
35 202
35 33425
35 35792
35 45130
36 9
36 10
36 11
36 13
36 45131
37 3
37 4
37 5
37 33368
37 33370
37 45132
38 660
38 976
38 979
38 1458
38 45133
39 944
39 945
39 946
39 948
39 45134
40 99
40 133
40 175
40 176
40 195
40 234
40 45135
41 3
41 4
41 195
41 340
41 45137
41 45138
41 45139
42 4
42 90
42 122
42 195
42 340
42 708
42 713
42 23821
42 23823
42 45140
43 10
43 146
43 147
43 149
43 45141
44 5
44 99
44 115
44 773
44 774
44 775
44 776
44 778
44 45142
45 3
45 5
45 20
45 3963
45 3965
45 45143
46 71
46 76
46 190
46 191
46 45144
seqId 364
1 4
1 5
1 99
1 131
1 132
1 133
1 811
1 45145
2 3
2 4
2 5
2 8229
2 12263
2 45146
3 5
3 84
3 90
3 91
3 93
3 121
3 45148
3 45149
3 45150
4 9
4 10
4 11
4 13
4 45151
5 90
5 443
5 30010
5 45153
5 45154
6 99
6 131
6 132
6 133
6 195
6 237
6 45155
7 3
7 20
7 195
7 15110
7 15112
7 45156
8 9
8 10
8 24
8 26
8 27
8 45157
9 4
9 5
9 99
9 133
9 175
9 176
9 178
9 45158
10 3
10 4
10 5
10 33173
10 33763
10 45159
11 4
11 5
11 202
11 10121
11 45161
11 45162
11 45163
11 45164
12 9
12 10
12 11
12 13
12 45165
13 4
13 5
13 99
13 131
13 132
13 133
13 152
13 45166
14 3
14 4
14 5
14 33368
14 33370
14 45167
15 10
15 109
15 110
15 112
15 45168
16 90
16 121
16 122
16 34541
16 45170
16 45171
17 99
17 131
17 132
17 133
17 195
17 237
17 45172
18 3
18 20
18 195
18 5228
18 5230
18 45173
19 20
19 195
19 202
19 1527
19 45175
19 45176
20 76
20 342
20 343
20 345
20 45177
21 20
21 195
21 202
21 26353
21 26355
21 45178
22 243
22 244
22 245
22 247
22 45179
23 20
23 195
23 202
23 340
23 45181
23 45182
23 45183
24 10
24 1605
24 1606
24 1608
24 45184
25 99
25 131
25 132
25 133
25 195
25 237
25 45185
26 3
26 20
26 195
26 33333
26 45187
26 45188
27 71
27 76
27 190
27 191
27 45189
seqId 365
1 5
1 20
1 82
1 83
1 84
1 115
1 763
1 3948
1 45190
2 27
2 82
2 84
2 114
2 115
2 116
2 118
2 45191
3 5
3 84
3 90
3 91
3 93
3 121
3 1815
3 2122
3 45192
4 9
4 10
4 11
4 13
4 45193
5 90
5 443
5 16673
5 39719
5 45194
6 99
6 131
6 132
6 133
6 195
6 237
6 45195
7 3
7 4
7 195
7 4420
7 45197
7 45198
8 27
8 82
8 759
8 944
8 1463
8 45199
9 84
9 90
9 91
9 93
9 121
9 195
9 25319
9 45201
9 45202
10 99
10 131
10 132
10 133
10 195
10 237
10 15937
11 3
11 20
11 195
11 37158
11 37160
11 45203
12 10
12 283
12 284
12 286
12 45204
13 5
13 27
13 99
13 131
13 132
13 133
13 135
13 45205
14 3
14 5
14 20
14 4311
14 14516
14 45206
15 5
15 20
15 202
15 45208
15 45209
15 45210
16 243
16 244
16 245
16 247
16 45211
17 9
17 10
17 24
17 26
17 27
17 45212
18 90
18 443
18 45214
18 45215
18 45216
19 4
19 5
19 99
19 131
19 132
19 133
19 152
19 45217
20 3
20 4
20 5
20 4249
20 4251
20 45218
21 230
21 231
21 232
21 234
21 45219
22 9
22 10
22 11
22 13
22 163
23 99
23 131
23 132
23 133
23 195
23 236
23 237
24 3
24 4
24 195
24 8050
24 33365
24 45220
25 4
25 195
25 202
25 29358
25 45222
25 45223
26 243
26 244
26 245
26 247
26 45224
27 230
27 231
27 232
27 234
27 45225
28 9
28 10
28 11
28 13
28 163
29 99
29 131
29 132
29 133
29 195
29 236
29 237
30 3
30 4
30 195
30 340
30 35326
30 35328
30 45226
31 4
31 112
31 195
31 202
31 22675
31 34529
31 45227
32 76
32 342
32 343
32 345
32 45228
33 660
33 1539
33 1622
33 1625
33 45229
34 660
34 3768
34 3769
34 3771
34 45230
35 944
35 945
35 946
35 948
35 45231
36 4
36 5
36 82
36 84
36 100
36 4680
36 7233
36 45232
37 9
37 10
37 24
37 26
37 27
37 45233
38 4
38 5
38 99
38 133
38 175
38 176
38 178
38 45234
39 3
39 4
39 5
39 37345
39 45236
39 45237
40 4
40 5
40 202
40 1104
40 22675
40 22677
40 45238
41 76
41 413
41 414
41 416
41 45239
42 3
42 5
42 20
42 33233
42 40590
42 45240
43 9
43 10
43 11
43 13
43 45241
44 3
44 4
44 5
44 15
44 17
44 45242
45 82
45 758
45 759
45 761
45 45243
46 5
46 84
46 90
46 91
46 93
46 121
46 5073
46 45245
46 45246
47 5
47 20
47 99
47 131
47 132
47 133
47 166
47 45247
48 3
48 5
48 20
48 21756
48 21758
48 45248
49 5
49 20
49 202
49 37345
49 45237
49 45249
50 230
50 231
50 232
50 234
50 45250
51 9
51 10
51 11
51 13
51 163
52 99
52 131
52 132
52 133
52 195
52 236
52 237
53 3
53 20
53 195
53 33358
53 34347
53 45251
54 9
54 10
54 11
54 13
54 45252
55 3
55 4
55 5
55 33368
55 33370
55 45253
56 76
56 433
56 434
56 436
56 45254
57 10
57 146
57 147
57 149
57 45255
58 5
58 27
58 99
58 131
58 132
58 133
58 135
58 45256
59 3
59 4
59 5
59 12560
59 12562
59 45257
60 230
60 231
60 232
60 234
60 45258
61 9
61 10
61 11
61 13
61 163
62 99
62 131
62 132
62 133
62 195
62 236
62 237
63 20
63 195
63 202
63 795
63 45260
63 45261
64 3
64 20
64 195
64 340
64 41068
64 45263
64 45264
64 45265
64 45266
65 71
65 76
65 190
65 191
65 45267
seqId 366
1 660
1 976
1 7272
1 7274
1 45268
2 76
2 342
2 343
2 345
2 45269
3 5
3 27
3 99
3 131
3 132
3 133
3 135
3 45270
4 3
4 4
4 5
4 37227
4 37229
4 45271
5 10
5 828
5 829
5 831
5 45272
6 99
6 131
6 132
6 133
6 195
6 237
6 45273
7 3
7 20
7 195
7 44368
7 44370
7 45274
8 20
8 195
8 202
8 1527
8 45176
8 45275
9 5
9 84
9 90
9 91
9 93
9 121
9 2081
9 2426
9 45276
10 443
10 703
10 707
10 2086
10 45277
11 4
11 5
11 90
11 122
11 708
11 713
11 3346
11 19726
11 45278
12 76
12 342
12 343
12 345
12 45279
13 10
13 828
13 831
13 1539
13 45280
14 3
14 5
14 20
14 6890
14 6892
14 45281
15 10
15 109
15 112
15 2548
15 45282
16 20
16 82
16 84
16 98
16 100
16 102
16 45283
17 82
17 758
17 759
17 761
17 45284
18 5
18 84
18 90
18 91
18 93
18 121
18 7704
18 30340
18 45285
19 5
19 27
19 99
19 131
19 132
19 133
19 135
19 45286
20 3
20 4
20 5
20 1784
20 10502
20 45287
21 230
21 231
21 232
21 234
21 45288
22 9
22 10
22 11
22 13
22 163
23 99
23 131
23 132
23 133
23 195
23 236
23 237
24 3
24 4
24 195
24 8152
24 8154
24 45289
25 9
25 10
25 11
25 13
25 45290
26 5
26 27
26 99
26 131
26 132
26 133
26 135
26 45291
27 3
27 5
27 20
27 20716
27 20718
27 45292
28 76
28 342
28 343
28 345
28 45293
29 27
29 944
29 945
29 1463
29 3308
29 45294
30 5
30 20
30 82
30 83
30 84
30 115
30 763
30 1002
30 45295
31 27
31 82
31 84
31 114
31 115
31 116
31 118
31 45296
32 5
32 84
32 90
32 93
32 121
32 1815
32 4415
32 21609
32 45297
33 9
33 10
33 11
33 13
33 45298
34 3
34 20
34 195
34 3338
34 35545
34 45299
35 76
35 342
35 343
35 345
35 45300
36 9
36 10
36 11
36 13
36 45301
37 3
37 20
37 195
37 45303
37 45304
37 45305
38 76
38 342
38 343
38 345
38 45306
39 9
39 10
39 11
39 13
39 45307
40 3
40 20
40 195
40 43423
40 43425
40 45308
41 9
41 10
41 11
41 13
41 45309
42 3
42 4
42 5
42 33368
42 33370
42 45310
43 76
43 342
43 343
43 345
43 45311
44 244
44 418
44 419
44 421
44 45312
45 660
45 2509
45 2510
45 2512
45 45313
46 9
46 10
46 24
46 26
46 27
46 45314
47 3
47 20
47 195
47 340
47 1104
47 24023
47 40062
47 45316
47 45317
48 90
48 121
48 122
48 4338
48 45319
48 45320
49 9
49 10
49 11
49 13
49 45321
50 5
50 27
50 99
50 131
50 132
50 133
50 135
50 45322
51 3
51 5
51 20
51 20716
51 20718
51 45323
52 5
52 20
52 202
52 5273
52 45086
52 45324
53 243
53 244
53 245
53 247
53 45325
54 5
54 20
54 90
54 122
54 708
54 713
54 10796
54 36031
54 45326
55 71
55 76
55 190
55 191
55 45327
seqId 367
1 98
1 99
1 100
1 195
1 8870
1 45328
2 3
2 20
2 195
2 1320
2 3384
2 45329
3 84
3 90
3 91
3 93
3 121
3 195
3 14730
3 16060
3 39860
4 10
4 146
4 147
4 149
4 45330
5 90
5 443
5 31757
5 33170
5 45331
6 99
6 131
6 132
6 133
6 195
6 237
6 45332
7 3
7 4
7 195
7 340
7 11107
7 11109
7 45334
8 230
8 231
8 232
8 234
8 45335
9 9
9 10
9 11
9 13
9 163
10 99
10 131
10 132
10 133
10 195
10 236
10 237
11 3
11 4
11 195
11 313
11 6526
11 45336
12 4
12 195
12 202
12 317
12 319
12 45337
13 243
13 244
13 245
13 247
13 45338
14 4
14 195
14 202
14 322
14 324
14 45339
15 90
15 121
15 122
15 792
15 8120
15 34400
15 45340
16 2822
16 2823
16 2824
16 2826
16 45341
17 10
17 146
17 147
17 149
17 722
18 99
18 131
18 132
18 133
18 195
18 236
18 237
19 3
19 20
19 195
19 35863
19 45343
19 45344
20 76
20 342
20 343
20 345
20 45345
21 2822
21 2823
21 2824
21 2826
21 45346
22 10
22 146
22 147
22 149
22 722
23 99
23 131
23 132
23 133
23 195
23 236
23 237
24 3
24 4
24 15
24 195
24 4121
24 45347
25 10
25 126
25 127
25 129
25 45348
26 99
26 131
26 132
26 133
26 195
26 237
26 45349
27 3
27 20
27 195
27 25355
27 25357
27 45350
28 10
28 109
28 110
28 112
28 45351
29 3
29 5
29 20
29 1892
29 37252
29 45352
30 243
30 244
30 245
30 247
30 45353
31 10
31 146
31 147
31 149
31 45354
32 99
32 133
32 175
32 176
32 195
32 234
32 45355
33 3
33 4
33 195
33 19879
33 26830
33 45356
34 9
34 10
34 24
34 26
34 27
34 45357
35 3
35 4
35 5
35 7388
35 27055
35 45358
36 4
36 195
36 202
36 2787
36 33390
36 45360
36 45361
37 71
37 76
37 190
37 191
37 45362
