seqId 1
1 2
1 3
1 4
1 5
1 6
1 7
2 9
2 10
2 11
2 12
2 13
3 3
3 4
3 5
3 15
3 16
3 17
seqId 2
1 3
1 5
1 19
1 20
1 21
1 22
2 9
2 10
2 24
2 25
2 26
2 27
3 3
3 4
3 5
3 29
3 30
3 31
3 32
seqId 3
1 3
1 4
1 5
1 34
1 35
1 36
1 37
1 38
2 9
2 10
2 27
2 40
2 41
2 42
3 3
3 4
3 5
3 44
3 45
3 46
3 47
3 48
4 50
4 51
4 52
4 53
4 54
seqId 4
1 3
1 4
1 5
1 56
1 57
1 58
1 59
2 3
2 61
2 62
2 63
2 64
seqId 5
1 66
1 67
1 68
1 69
1 70
1 71
1 71
1 72
1 73
2 75
2 76
2 77
2 78
2 79
3 5
3 20
3 81
3 82
3 83
3 84
3 85
3 86
3 87
4 5
4 84
4 89
4 90
4 91
4 92
4 93
4 94
4 95
4 96
5 5
5 20
5 98
5 99
5 100
5 101
5 102
6 3
6 5
6 19
6 20
6 104
6 105
7 9
7 10
7 24
7 26
7 27
7 106
8 3
8 4
8 5
8 29
8 31
8 32
8 107
9 10
9 109
9 110
9 111
9 112
10 27
10 82
10 84
10 114
10 115
10 116
10 117
10 118
11 90
11 120
11 121
11 122
11 123
11 124
12 10
12 126
12 127
12 128
12 129
13 5
13 27
13 99
13 131
13 132
13 133
13 134
13 135
14 76
14 137
14 138
14 139
14 140
15 3
15 4
15 5
15 142
15 143
15 144
16 10
16 146
16 147
16 148
16 149
17 4
17 5
17 99
17 131
17 132
17 133
17 151
17 152
18 3
18 4
18 5
18 154
18 155
18 156
19 158
19 159
19 160
19 161
19 162
20 9
20 10
20 11
20 13
20 163
21 5
21 20
21 99
21 131
21 132
21 133
21 165
21 166
22 3
22 5
22 19
22 20
22 105
22 167
23 9
23 10
23 26
23 169
23 170
23 171
24 3
24 4
24 5
24 29
24 31
24 32
24 172
25 9
25 10
25 26
25 169
25 171
25 173
26 4
26 5
26 99
26 133
26 175
26 176
26 177
26 178
27 2
27 3
27 4
27 5
27 180
27 181
28 9
28 10
28 11
28 13
28 182
29 3
29 4
29 5
29 15
29 17
29 183
30 76
30 185
30 186
30 187
30 188
31 71
31 76
31 190
31 191
31 192
seqId 6
1 3
1 4
1 194
1 195
1 196
1 197
1 198
1 199
2 4
2 195
2 201
2 202
2 203
2 204
2 205
2 206
2 207
seqId 7
1 3
1 5
1 20
1 209
1 210
1 211
2 9
2 10
2 11
2 13
2 212
3 5
3 27
3 99
3 131
3 132
3 133
3 135
3 213
4 2
4 3
4 4
4 5
4 181
4 214
5 75
5 76
5 77
5 79
5 300279
6 3
6 5
6 20
6 197
6 5498
6 61500
6 61613
6 67621
6 351797
7 9
7 10
7 4811
7 24201
7 55329
8 3
8 4
8 195
8 3213
8 25269
8 25270
8 25271
8 351799
8 351800
9 4
9 195
9 202
9 3219
9 4813
9 24197
9 47596
9 135356
9 143817
9 351802
9 351803
seqId 8
1 3
1 5
1 20
1 258
1 260
1 261
1 262
1 351804
2 75
2 76
2 77
2 79
2 351805
3 67
3 1104
3 75755
3 351807
3 351808
3 351809
3 351810
seqId 9
1 3
1 5
1 20
1 272
1 274
1 45415
2 243
2 244
2 245
2 247
2 45416
3 3
3 5
3 20
3 72
3 277
3 279
3 280
3 281
3 351811
4 10
4 283
4 284
4 286
4 351812
5 4
5 5
5 99
5 131
5 132
5 133
5 152
5 351813
6 3
6 4
6 5
6 289
6 291
6 351814
7 158
7 159
7 160
7 162
7 323921
8 9
8 10
8 11
8 13
8 163
9 5
9 20
9 99
9 131
9 132
9 133
9 165
9 166
10 5
10 20
10 67
10 294
10 296
10 297
10 298
10 351815
11 75
11 76
11 77
11 79
11 351816
12 310
12 311
12 367
12 509
12 5178
12 33306
12 150224
12 351818
12 351819
seqId 10
1 3
1 4
1 5
1 71
1 373
1 375
1 376
1 351820
2 10
2 378
2 379
2 381
2 351821
3 5
3 20
3 99
3 131
3 132
3 133
3 166
3 351822
4 3
4 5
4 20
4 384
4 386
4 351823
5 10
5 109
5 110
5 112
5 351824
6 3
6 5
6 20
6 389
6 391
6 351825
7 75
7 76
7 77
7 79
7 351826
8 5
8 20
8 67
8 61858
8 61861
8 351827
9 67
9 207059
9 351829
9 351830
9 351831
9 351832
10 244
10 19444
10 19445
10 19447
10 351833
11 67
11 72
11 51015
11 206424
11 206425
11 206427
11 351834
12 67
12 90868
12 152063
12 351836
12 351837
12 351838
12 351839
13 10
13 7340
13 9033
13 9035
13 351840
14 3
14 5
14 20
14 2202
14 2204
14 351841
15 51
15 52
15 4167
15 4169
15 351842
seqId 11
1 3
1 4
1 5
1 71
1 373
1 375
1 376
1 351843
2 76
2 413
2 414
2 416
2 351844
3 244
3 418
3 419
3 421
3 351845
4 158
4 159
4 160
4 162
4 351846
5 9
5 10
5 11
5 13
5 163
6 5
6 20
6 99
6 131
6 132
6 133
6 165
6 166
7 3
7 5
7 20
7 424
7 426
7 351847
8 9
8 10
8 11
8 13
8 351848
9 3
9 5
9 20
9 429
9 431
9 351849
10 76
10 433
10 434
10 436
10 351850
11 10
11 378
11 379
11 381
11 351851
12 5
12 20
12 99
12 131
12 132
12 133
12 166
12 351852
13 3
13 5
13 20
13 384
13 386
13 351853
14 10
14 146
14 147
14 149
14 351854
15 90
15 442
15 443
15 445
15 351855
16 75
16 76
16 77
16 79
16 351856
17 67
17 72
17 51015
17 206424
17 206425
17 206427
17 351857
18 67
18 90868
18 152063
18 351836
18 351837
18 351839
18 351858
seqId 12
1 3
1 5
1 20
1 465
1 467
1 351859
2 9
2 10
2 11
2 13
2 351860
3 3
3 4
3 5
3 470
3 472
3 351861
4 75
4 76
4 77
4 79
4 351862
seqId 13
1 3
1 5
1 20
1 475
1 477
1 478
1 479
1 351863
2 10
2 146
2 147
2 149
2 351864
3 5
3 27
3 99
3 131
3 132
3 133
3 135
3 351865
4 3
4 5
4 20
4 483
4 485
4 351866
5 67
5 18749
5 45457
5 45458
5 351867
6 3
6 4
6 5
6 492
6 494
6 495
6 496
6 497
6 351868
7 76
7 499
7 500
7 502
7 351869
8 3
8 4
8 5
8 504
8 506
8 351870
9 508
9 509
9 510
9 512
9 351871
10 509
10 514
10 515
10 517
10 518
10 519
10 351872
11 76
11 499
11 500
11 502
11 351873
seqId 14
1 3
1 20
1 195
1 340
1 522
1 524
1 525
1 351874
2 243
2 244
2 245
2 247
2 351875
3 3
3 20
3 195
3 528
3 530
3 351876
4 9
4 10
4 11
4 13
4 45486
5 3
5 5
5 20
5 533
5 535
5 536
5 351877
6 75
6 76
6 77
6 79
6 351878
seqId 15
1 3
1 4
1 5
1 539
1 541
1 351879
2 230
2 231
2 232
2 234
2 351880
3 9
3 10
3 11
3 13
3 163
4 99
4 131
4 132
4 133
4 195
4 236
4 237
5 3
5 20
5 195
5 522
5 545
5 351881
6 243
6 244
6 245
6 247
6 351882
7 3
7 20
7 195
7 528
7 530
7 351883
8 4
8 195
8 202
8 340
8 549
8 551
8 351884
9 9
9 10
9 11
9 13
9 351885
10 5
10 27
10 99
10 131
10 132
10 133
10 135
10 351886
11 2
11 3
11 4
11 5
11 181
11 351887
12 9
12 10
12 11
12 13
12 351888
13 3
13 4
13 5
13 15
13 17
13 351889
14 10
14 378
14 379
14 381
14 351890
15 5
15 20
15 99
15 131
15 132
15 133
15 166
15 351891
16 3
16 5
16 20
16 384
16 386
16 351892
17 10
17 109
17 110
17 112
17 351893
18 3
18 5
18 20
18 389
18 391
18 351894
19 243
19 244
19 245
19 247
19 351895
20 10
20 378
20 379
20 381
20 351896
21 5
21 20
21 99
21 131
21 132
21 133
21 166
21 351897
22 5
22 20
22 202
22 566
22 568
22 351898
23 3
23 5
23 20
23 384
23 386
23 351899
24 76
24 413
24 414
24 416
24 351900
25 3
25 4
25 195
25 340
25 549
25 551
25 351901
26 76
26 433
26 434
26 436
26 351902
27 71
27 76
27 190
27 191
27 351903
seqId 16
1 3
1 5
1 20
1 384
1 576
1 351904
2 10
2 109
2 110
2 112
2 351905
3 3
3 5
3 20
3 389
3 391
3 351906
4 75
4 76
4 77
4 79
4 351907
5 76
5 581
5 582
5 584
5 351908
6 5
6 20
6 202
6 566
6 587
6 588
6 351909
7 3
7 5
7 20
7 384
7 386
7 351910
8 75
8 76
8 77
8 79
8 351911
seqId 17
1 76
1 592
1 593
1 595
1 351912
2 3
2 4
2 5
2 597
2 599
2 351913
3 5
3 20
3 67
3 601
3 603
3 351914
4 5
4 20
4 67
4 605
4 607
4 351915
5 67
5 581
5 582
5 584
5 351916
6 76
6 592
6 593
6 595
6 351917
7 3
7 4
7 5
7 597
7 599
7 351918
8 5
8 20
8 67
8 601
8 603
8 351919
9 5
9 20
9 67
9 605
9 607
9 351920
seqId 18
1 76
1 592
1 593
1 595
1 351921
2 76
2 25774
2 25775
2 25777
2 351922
3 509
3 581
3 582
3 584
3 351923
4 76
4 595
4 25777
4 91551
4 91552
4 351924
seqId 19
1 76
1 592
1 593
1 595
1 351925
2 76
2 25774
2 25775
2 25777
2 351926
3 509
3 581
3 582
3 584
3 351927
4 76
4 595
4 25777
4 91551
4 91552
4 351928
seqId 20
1 76
1 592
1 593
1 595
1 33267
2 76
2 25774
2 25775
2 25777
2 351929
3 509
3 581
3 582
3 584
3 351930
4 76
4 595
4 25777
4 91551
4 91552
4 351931
seqId 21
1 3
1 5
1 20
1 614
1 616
1 351932
2 9
2 10
2 11
2 13
2 564
3 5
3 27
3 99
3 131
3 132
3 133
3 135
3 324021
4 3
4 4
4 5
4 44
4 621
4 351933
5 5
5 202
5 623
5 625
5 626
5 351934
6 9
6 10
6 11
6 13
6 120037
7 5
7 27
7 99
7 131
7 132
7 133
7 135
7 351935
8 2
8 3
8 4
8 5
8 181
8 351936
9 9
9 10
9 11
9 13
9 351937
10 3
10 4
10 5
10 15
10 17
10 351938
11 76
11 413
11 414
11 416
11 351939
12 244
12 418
12 419
12 421
12 351940
13 9
13 10
13 24
13 26
13 27
13 351941
14 4
14 5
14 99
14 133
14 175
14 176
14 178
14 351942
15 244
15 418
15 419
15 421
15 351943
16 85
16 99
16 195
16 638
16 640
16 351944
17 3
17 4
17 195
17 642
17 644
17 351945
18 4
18 195
18 202
18 646
18 648
18 351946
19 76
19 433
19 434
19 436
19 351947
20 75
20 76
20 77
20 79
20 351948
seqId 22
1 652
1 653
1 654
1 656
1 351949
2 76
2 499
2 500
2 502
2 351950
3 659
3 660
3 661
3 663
3 351951
4 51
4 195
4 18749
4 45457
4 351952
seqId 23
1 3
1 5
1 19
1 20
1 42
1 667
1 668
1 351953
2 9
2 10
2 27
2 40
2 42
2 214205
3 3
3 4
3 5
3 29
3 48
3 672
3 673
3 674
3 675
3 351954
seqId 24
1 3
1 72
1 677
1 678
1 680
1 351955
2 3
2 4
2 5
2 682
2 684
2 351956
3 9
3 10
3 11
3 13
3 351957
4 5
4 27
4 99
4 131
4 132
4 133
4 135
4 351958
5 2
5 3
5 4
5 5
5 181
5 351959
seqId 25
1 3
1 4
1 5
1 689
1 691
1 351960
seqId 26
1 5
1 27
1 99
1 131
1 132
1 133
1 699
1 351961
2 5
2 67
2 1104
2 75755
2 351807
2 351810
2 351962
3 5
3 84
3 91
3 93
3 121
3 703
3 707
3 956
3 185927
4 5
4 20
4 202
4 7185
4 48252
4 351963
5 9
5 10
5 11
5 13
5 351964
6 4
6 5
6 99
6 131
6 132
6 133
6 152
6 351965
7 3
7 4
7 5
7 91927
7 91929
7 351966
8 76
8 342
8 343
8 345
8 351967
9 717
9 718
9 719
9 721
9 351968
10 10
10 146
10 147
10 149
10 722
11 5
11 20
11 99
11 131
11 132
11 133
11 165
11 166
12 3
12 5
12 20
12 724
12 726
12 351969
13 230
13 231
13 232
13 234
13 351970
14 9
14 10
14 11
14 13
14 163
15 99
15 131
15 132
15 133
15 195
15 236
15 237
16 3
16 4
16 195
16 729
16 731
16 351971
17 51
17 195
17 880
17 882
17 351972
18 76
18 342
18 343
18 345
18 351973
19 9
19 10
19 11
19 13
19 351974
20 51
20 195
20 1368
20 1370
20 351975
21 3
21 20
21 195
21 217
21 219
21 340
21 351976
22 9
22 10
22 11
22 13
22 351977
23 3
23 4
23 15
23 195
23 4121
23 351978
24 76
24 342
24 343
24 345
24 351979
25 5
25 20
25 99
25 131
25 132
25 133
25 166
25 351980
26 3
26 5
26 20
26 217
26 219
26 351981
27 9
27 10
27 24
27 26
27 27
27 351982
28 3
28 4
28 5
28 14686
28 14688
28 351983
29 243
29 244
29 245
29 247
29 351984
30 9
30 10
30 11
30 13
30 351985
31 3
31 4
31 5
31 59102
31 59104
31 351986
32 230
32 231
32 232
32 234
32 351987
33 9
33 10
33 11
33 13
33 163
34 99
34 131
34 132
34 133
34 195
34 236
34 237
35 3
35 4
35 195
35 313
35 6526
35 351988
36 76
36 413
36 414
36 416
36 351989
37 5
37 20
37 90
37 122
37 708
37 712
37 713
37 30404
37 351990
38 10
38 828
38 829
38 831
38 351991
39 67
39 51540
39 51541
39 51543
39 351992
40 67
40 72
40 851
40 9577
40 11542
40 14073
40 26497
40 92153
40 351994
40 351995
40 351996
41 76
41 433
41 434
41 436
41 91662
42 76
42 342
42 343
42 345
42 351997
43 5
43 20
43 99
43 131
43 132
43 133
43 166
43 351998
44 3
44 5
44 20
44 217
44 219
44 351999
45 9
45 10
45 24
45 26
45 27
45 352000
46 3
46 4
46 5
46 14686
46 14688
46 352001
47 9
47 10
47 11
47 13
47 352002
48 4
48 5
48 99
48 131
48 132
48 133
48 152
48 352003
49 3
49 4
49 5
49 59102
49 59104
49 352004
50 4
50 5
50 202
50 140235
50 144993
50 352005
51 243
51 244
51 245
51 247
51 352006
52 4
52 5
52 202
52 21185
52 78431
52 352007
53 76
53 342
53 343
53 345
53 352008
54 5
54 20
54 99
54 131
54 132
54 133
54 166
54 352009
55 3
55 5
55 20
55 217
55 219
55 352010
56 9
56 10
56 11
56 13
56 352011
57 3
57 4
57 5
57 15
57 17
57 352012
58 10
58 126
58 127
58 129
58 352013
59 99
59 131
59 132
59 133
59 195
59 237
59 352014
60 3
60 4
60 195
60 340
60 59102
60 59104
60 352015
61 4
61 195
61 202
61 36111
61 36891
61 352016
62 76
62 413
62 414
62 416
62 352017
63 3
63 5
63 20
63 72
63 512
63 352019
63 352020
63 352021
64 67
64 6078
64 25046
64 87682
64 138210
64 352023
64 352024
64 352025
65 76
65 433
65 434
65 436
65 352026
66 71
66 76
66 190
66 191
66 352027
seqId 27
1 5
1 20
1 99
1 131
1 132
1 133
1 967
1 324118
2 3
2 5
2 20
2 9584
2 9586
2 352028
3 9
3 10
3 24
3 26
3 27
3 352029
4 90
4 443
4 11744
4 15894
4 300491
5 4
5 5
5 99
5 133
5 175
5 176
5 178
5 128494
6 3
6 4
6 5
6 268410
6 268412
6 352030
7 4
7 5
7 202
7 8917
7 8919
7 352031
8 4
8 5
8 202
8 19972
8 19974
8 352032
9 243
9 244
9 245
9 247
9 352033
10 76
10 342
10 343
10 345
10 352034
11 660
11 1566
11 1567
11 1569
11 352035
12 76
12 342
12 343
12 345
12 352036
13 9
13 10
13 24
13 26
13 27
13 352037
14 90
14 443
14 47494
14 47496
14 352038
15 4
15 5
15 99
15 133
15 175
15 176
15 178
15 352039
16 3
16 4
16 5
16 831
16 13423
16 201148
16 352041
16 352042
17 4
17 5
17 202
17 27536
17 27538
17 352043
18 90
18 121
18 122
18 1692
18 22527
18 155206
18 352045
18 352046
19 99
19 131
19 132
19 133
19 195
19 237
19 352047
20 3
20 4
20 15
20 195
20 4121
20 352048
21 4
21 195
21 202
21 340
21 33765
21 33767
21 352049
22 5
22 84
22 91
22 93
22 702
22 703
22 914
22 2233
22 352050
23 5
23 20
23 90
23 122
23 708
23 769
23 143262
23 352052
23 352053
24 10
24 146
24 147
24 149
24 352054
25 4
25 5
25 98
25 99
25 100
25 1927
25 352055
26 3
26 4
26 5
26 91927
26 91929
26 352056
27 71
27 76
27 190
27 191
27 352057
seqId 28
1 479
1 660
1 5407
1 93182
1 176708
1 176709
1 352058
2 76
2 342
2 343
2 345
2 55626
3 5
3 27
3 99
3 131
3 132
3 133
3 135
3 352059
4 3
4 4
4 5
4 24833
4 24835
4 352060
5 9
5 10
5 24
5 26
5 27
5 352061
6 90
6 443
6 1587
6 30624
6 30626
6 352062
7 4
7 5
7 99
7 131
7 132
7 133
7 152
7 352063
8 3
8 4
8 5
8 35277
8 35279
8 352064
9 230
9 231
9 232
9 234
9 352065
10 9
10 10
10 11
10 13
10 163
11 99
11 131
11 132
11 133
11 195
11 236
11 237
12 3
12 4
12 15
12 195
12 4121
12 352066
13 4
13 90
13 122
13 195
13 708
13 713
13 116524
13 311034
13 352067
14 10
14 1387
14 1388
14 1390
14 91760
15 5
15 20
15 99
15 133
15 175
15 176
15 1316
15 352068
16 3
16 5
16 20
16 429
16 431
16 352069
17 9
17 10
17 11
17 13
17 352070
18 3
18 4
18 5
18 15
18 17
18 352071
19 5
19 20
19 202
19 5335
19 8517
19 352072
20 243
20 244
20 245
20 247
20 352073
21 4
21 5
21 99
21 133
21 175
21 176
21 178
21 352074
22 3
22 4
22 5
22 1573
22 1575
22 352075
23 4
23 5
23 202
23 1773
23 26635
23 352076
24 9
24 10
24 24
24 26
24 27
24 352077
25 3
25 4
25 5
25 642
25 23331
25 352078
26 5
26 84
26 91
26 93
26 121
26 703
26 707
26 956
26 352079
27 10
27 7340
27 9033
27 9035
27 352080
28 4
28 5
28 99
28 131
28 132
28 133
28 152
28 966
29 3
29 4
29 5
29 91927
29 91929
29 352081
30 76
30 342
30 343
30 345
30 352082
31 243
31 244
31 245
31 247
31 352083
32 660
32 2586
32 2587
32 2589
32 352084
33 27
33 660
33 21971
33 21974
33 21975
33 39567
33 352085
34 76
34 342
34 343
34 345
34 91778
35 4
35 5
35 99
35 133
35 175
35 176
35 178
35 214389
36 3
36 4
36 5
36 22957
36 42872
36 352086
37 4
37 5
37 202
37 1104
37 15742
37 15744
37 352087
38 71
38 76
38 190
38 191
38 352088
seqId 29
1 5
1 99
1 131
1 132
1 133
1 171
1 699
1 352089
2 5
2 67
2 1104
2 75755
2 351807
2 351810
2 352090
3 5
3 84
3 90
3 91
3 93
3 121
3 30624
3 30626
3 352091
4 99
4 115
4 195
4 773
4 774
4 775
4 776
4 3400
4 352092
5 3
5 4
5 15
5 195
5 4121
5 352093
6 660
6 3261
6 3262
6 3264
6 352094
7 158
7 159
7 160
7 162
7 352095
8 9
8 10
8 11
8 13
8 163
9 5
9 20
9 99
9 131
9 132
9 133
9 165
9 166
10 3
10 5
10 20
10 1684
10 13711
10 352096
11 5
11 20
11 202
11 3244
11 7638
11 352097
12 76
12 137
12 138
12 140
12 128578
13 99
13 131
13 132
13 133
13 195
13 1220
13 352098
14 3
14 4
14 195
14 8152
14 8154
14 352099
15 9
15 10
15 11
15 13
15 343676
16 5
16 27
16 99
16 131
16 132
16 133
16 135
16 352100
17 3
17 4
17 5
17 6876
17 7950
17 352101
18 76
18 185
18 186
18 188
18 352102
19 71
19 76
19 190
19 191
19 352103
seqId 30
1 99
1 115
1 195
1 773
1 774
1 775
1 776
1 14703
1 352104
2 3
2 4
2 15
2 195
2 4121
2 352105
3 82
3 84
3 114
3 115
3 116
3 1361
3 352106
4 84
4 90
4 91
4 93
4 121
4 195
4 755
4 1676
4 4779
4 352107
5 10
5 109
5 110
5 112
5 33537
6 51
6 195
6 1368
6 1370
6 352108
7 3
7 20
7 195
7 2320
7 16794
7 352109
8 75
8 76
8 77
8 79
8 352110
9 5
9 51
9 680
9 1993
9 352111
10 71
10 76
10 190
10 191
10 352112
seqId 31
1 76
1 137
1 138
1 140
1 352113
2 3
2 4
2 195
2 340
2 8152
2 111133
2 352114
3 243
3 244
3 245
3 247
3 352115
4 3
4 4
4 195
4 19879
4 26830
4 352116
5 9
5 10
5 11
5 13
5 352117
6 4
6 5
6 99
6 131
6 132
6 133
6 152
6 352118
7 3
7 4
7 5
7 313
7 5251
7 352119
8 76
8 185
8 186
8 188
8 352120
9 76
9 342
9 343
9 345
9 352121
10 51
10 195
10 2054
10 2056
10 352122
11 71
11 76
11 190
11 191
11 324227
seqId 32
1 76
1 137
1 138
1 140
1 352123
2 3
2 20
2 195
2 340
2 2081
2 48543
2 352124
3 243
3 244
3 245
3 247
3 300598
4 3
4 4
4 195
4 340
4 302012
4 302014
4 352126
5 9
5 10
5 11
5 13
5 352127
6 5
6 99
6 131
6 132
6 133
6 135
6 171
6 352128
7 3
7 5
7 20
7 39897
7 39899
7 352129
8 76
8 185
8 186
8 188
8 352130
9 243
9 244
9 245
9 247
9 324234
10 51
10 195
10 1705
10 1707
10 352131
11 71
11 76
11 190
11 191
11 352132
seqId 33
1 76
1 137
1 138
1 140
1 352133
2 3
2 4
2 5
2 131731
2 140928
2 140931
2 352135
3 9
3 10
3 11
3 13
3 33565
4 4
4 5
4 99
4 131
4 132
4 133
4 152
4 55757
5 3
5 4
5 5
5 4094
5 12255
5 352136
6 76
6 185
6 186
6 188
6 352137
7 71
7 76
7 190
7 191
7 352138
seqId 34
1 5
1 27
1 99
1 131
1 132
1 133
1 699
1 352139
2 3
2 4
2 5
2 642
2 23331
2 352140
3 5
3 84
3 91
3 93
3 121
3 703
3 707
3 956
3 120233
4 4
4 5
4 90
4 122
4 708
4 713
4 2653
4 93132
4 352141
5 10
5 146
5 147
5 149
5 352142
6 5
6 27
6 99
6 131
6 132
6 133
6 135
6 352143
7 5
7 67
7 1256
7 1258
7 1259
7 352144
8 67
8 42535
8 352146
8 352147
8 352148
8 352149
9 76
9 342
9 343
9 345
9 352150
10 243
10 244
10 245
10 247
10 352151
11 5
11 84
11 90
11 91
11 93
11 121
11 2582
11 2584
11 352152
12 9
12 10
12 24
12 26
12 27
12 352153
13 5
13 20
13 99
13 133
13 175
13 176
13 1316
13 352154
14 3
14 5
14 20
14 1222
14 1281
14 352155
15 10
15 283
15 284
15 286
15 352156
16 5
16 20
16 99
16 131
16 132
16 133
16 166
16 352157
17 3
17 5
17 20
17 1173
17 1175
17 352158
18 67
18 14065
18 352160
18 352161
18 352162
18 352163
19 82
19 758
19 759
19 761
19 352164
20 5
20 84
20 90
20 91
20 93
20 121
20 45960
20 127757
20 352165
21 5
21 27
21 99
21 131
21 132
21 133
21 135
21 352166
22 5
22 67
22 1256
22 1258
22 1259
22 352167
23 76
23 413
23 414
23 416
23 352168
24 67
24 699
24 33306
24 159126
24 352170
24 352171
24 352172
25 76
25 433
25 434
25 436
25 352173
26 71
26 76
26 190
26 191
26 186102
seqId 35
1 5
1 20
1 99
1 131
1 132
1 133
1 967
1 352174
2 3
2 5
2 20
2 10167
2 10169
2 352175
3 9
3 10
3 24
3 26
3 27
3 352176
4 3
4 5
4 20
4 2558
4 2560
4 352177
5 9
5 10
5 11
5 13
5 352178
6 5
6 27
6 99
6 131
6 132
6 133
6 135
6 352179
7 3
7 4
7 5
7 642
7 23331
7 352180
8 76
8 342
8 343
8 345
8 352181
9 82
9 758
9 759
9 761
9 352182
10 5
10 84
10 90
10 91
10 93
10 121
10 5290
10 5292
10 352183
11 5
11 99
11 115
11 773
11 774
11 775
11 776
11 778
11 352184
12 3
12 5
12 20
12 2601
12 2603
12 352185
13 10
13 1605
13 1606
13 1608
13 352186
14 5
14 27
14 99
14 131
14 132
14 133
14 135
14 352187
15 5
15 67
15 1104
15 75755
15 351807
15 351810
15 352188
16 243
16 244
16 245
16 247
16 1171
17 5
17 20
17 99
17 133
17 175
17 176
17 1316
17 352189
18 5
18 20
18 202
18 2294
18 2296
18 352190
19 3
19 5
19 20
19 4434
19 4436
19 352191
20 76
20 413
20 414
20 416
20 352192
21 67
21 194396
21 273821
21 352194
21 352195
21 352196
22 76
22 2265
22 2266
22 2268
22 352197
23 67
23 55291
23 55292
23 55294
23 352198
24 51
24 195
24 92942
24 141707
24 141709
24 352199
25 76
25 433
25 434
25 436
25 352200
26 76
26 342
26 343
26 345
26 352201
27 5
27 84
27 90
27 91
27 93
27 121
27 2582
27 2584
27 352202
28 9
28 10
28 24
28 26
28 27
28 352203
29 5
29 20
29 99
29 133
29 175
29 176
29 1316
29 352204
30 3
30 5
30 20
30 1222
30 1281
30 352205
31 717
31 718
31 719
31 721
31 324276
32 10
32 146
32 147
32 149
32 722
33 5
33 20
33 99
33 131
33 132
33 133
33 165
33 166
34 3
34 5
34 20
34 1173
34 1175
34 352206
35 42
35 509
35 5178
35 32995
35 352207
36 71
36 76
36 190
36 191
36 352208
seqId 36
1 3
1 5
1 20
1 1709
1 1711
1 352209
2 230
2 231
2 232
2 234
2 352210
3 9
3 10
3 11
3 13
3 163
4 99
4 131
4 132
4 133
4 195
4 236
4 237
5 3
5 20
5 195
5 1548
5 1715
5 352211
6 243
6 244
6 245
6 247
6 352212
7 3
7 20
7 195
7 1718
7 1720
7 352213
8 9
8 10
8 11
8 13
8 352214
9 5
9 27
9 99
9 131
9 132
9 133
9 135
9 352215
10 2
10 3
10 4
10 5
10 181
10 352216
seqId 37
1 3
1 20
1 195
1 1548
1 26802
1 62981
1 352217
seqId 38
1 99
1 131
1 132
1 133
1 195
1 1220
1 352218
2 3
2 20
2 195
2 1548
2 1715
2 352219
3 9
3 10
3 11
3 13
3 33664
4 3
4 20
4 195
4 10402
4 10404
4 352220
5 20
5 195
5 202
5 24418
5 24420
5 352221
6 84
6 91
6 93
6 121
6 195
6 703
6 707
6 1858
6 352222
7 10
7 146
7 149
7 1539
7 352223
8 660
8 19655
8 19656
8 19658
8 352224
9 660
9 17010
9 17011
9 17013
9 352225
10 20
10 195
10 202
10 340
10 2674
10 2676
10 352226
11 10
11 126
11 127
11 129
11 91931
12 4
12 5
12 99
12 131
12 132
12 133
12 152
12 352227
13 3
13 4
13 5
13 1913
13 1915
13 352228
14 75
14 76
14 77
14 79
14 352229
15 51
15 195
15 11455
15 16959
15 168424
16 3
16 20
16 195
16 24418
16 24420
16 352230
17 27
17 660
17 21971
17 21974
17 21975
17 39567
17 352231
18 76
18 342
18 343
18 345
18 352232
19 3
19 5
19 20
19 1832
19 1834
19 352233
20 82
20 758
20 759
20 761
20 352234
21 5
21 84
21 90
21 93
21 121
21 3360
21 4621
21 28087
21 352235
22 90
22 443
22 28166
22 93640
22 352236
23 5
23 20
23 99
23 131
23 132
23 133
23 166
23 352237
24 5
24 20
24 202
24 2310
24 2313
24 352238
25 5
25 27
25 99
25 131
25 132
25 133
25 135
25 352239
26 3
26 4
26 5
26 729
26 4454
26 352240
27 4
27 5
27 202
27 566
27 28249
27 352241
28 76
28 342
28 343
28 345
28 352242
29 945
29 7958
29 20878
29 20880
29 352243
30 945
30 2473
30 2474
30 2476
30 343799
31 67
31 72
31 51488
31 130128
31 130129
31 130131
31 352244
32 67
32 340
32 72995
32 142139
32 142550
32 352246
32 352247
32 352248
33 5
33 84
33 90
33 91
33 93
33 121
33 1334
33 5471
33 352249
34 10
34 146
34 147
34 149
34 352250
35 4
35 5
35 99
35 131
35 132
35 133
35 152
35 1318
36 3
36 4
36 5
36 2019
36 2021
36 352251
37 76
37 342
37 343
37 345
37 300697
38 82
38 83
38 115
38 195
38 4940
38 4941
38 28267
38 352252
39 91
39 93
39 121
39 195
39 702
39 703
39 4941
39 28270
39 352253
40 5
40 20
40 90
40 122
40 708
40 769
40 12430
40 12432
40 352254
41 67
41 72
41 452
41 8740
41 31952
41 352256
41 352257
41 352258
42 67
42 12797
42 352260
42 352261
42 352262
43 67
43 71
43 675
43 4796
43 352264
43 352265
43 352266
44 71
44 76
44 190
44 191
44 343813
seqId 39
1 5
1 20
1 81
1 82
1 83
1 84
1 85
1 2423
1 128787
2 5
2 84
2 90
2 91
2 93
2 121
2 13184
2 73086
2 352267
3 660
3 1897
3 1898
3 1900
3 352268
4 4
4 5
4 99
4 133
4 175
4 176
4 178
4 300705
5 3
5 4
5 5
5 39762
5 39764
5 352269
6 230
6 231
6 232
6 234
6 352270
7 9
7 10
7 11
7 13
7 163
8 99
8 131
8 132
8 133
8 195
8 236
8 237
9 3
9 20
9 195
9 1548
9 1715
9 352271
10 10
10 126
10 127
10 129
10 352272
11 5
11 20
11 99
11 133
11 175
11 176
11 1316
11 352273
12 3
12 5
12 20
12 2601
12 2603
12 352274
13 660
13 2347
13 2348
13 2350
13 352275
14 5
14 20
14 202
14 12237
14 12239
14 352276
15 75
15 76
15 77
15 79
15 352277
16 10
16 109
16 110
16 112
16 352278
17 51
17 195
17 55692
17 55694
17 352279
18 76
18 342
18 343
18 345
18 352280
19 51
19 195
19 14418
19 14420
19 352281
20 3
20 20
20 195
20 24418
20 24420
20 352282
21 76
21 342
21 343
21 345
21 55899
22 10
22 109
22 110
22 112
22 352283
23 51
23 195
23 1095
23 1097
23 352284
24 76
24 342
24 343
24 345
24 55904
25 51
25 195
25 13966
25 13968
25 168482
26 3
26 20
26 195
26 24418
26 24420
26 352285
27 71
27 76
27 190
27 191
27 186207
seqId 40
1 5
1 20
1 82
1 83
1 84
1 115
1 763
1 3948
1 128810
2 5
2 84
2 91
2 93
2 121
2 703
2 707
2 956
2 352286
3 660
3 19069
3 19070
3 19072
3 352287
4 5
4 20
4 202
4 3997
4 3999
4 352288
5 76
5 342
5 343
5 345
5 352289
6 10
6 378
6 379
6 381
6 352290
7 944
7 945
7 946
7 948
7 352291
8 5
8 27
8 99
8 131
8 132
8 133
8 135
8 352292
9 3
9 4
9 5
9 642
9 23331
9 352293
10 660
10 661
10 910
10 1234
10 352294
11 5
11 84
11 90
11 93
11 121
11 1104
11 4415
11 39314
11 352296
11 352297
12 660
12 661
12 1240
12 1242
12 352298
13 660
13 352300
13 352301
13 352302
13 352303
14 10
14 109
14 110
14 112
14 186223
15 3
15 5
15 20
15 25943
15 25945
15 352304
16 76
16 342
16 343
16 345
16 352305
17 944
17 945
17 946
17 948
17 45981
18 84
18 93
18 121
18 195
18 703
18 707
18 4415
18 25065
18 352306
19 660
19 7237
19 10032
19 10034
19 352307
20 660
20 137200
20 137201
20 137203
20 352308
21 71
21 71
21 340
21 509
21 1104
21 5178
21 12432
21 352309
21 352310
22 71
22 509
22 1104
22 1316
22 56345
22 74034
22 352311
23 71
23 71
23 509
23 675
23 4796
23 352313
23 352314
23 352315
24 243
24 244
24 245
24 247
24 352316
25 71
25 509
25 1104
25 1316
25 56345
25 74034
25 352317
26 509
26 9490
26 47543
26 47544
26 47546
26 352318
27 76
27 413
27 414
27 416
27 352319
28 27
28 945
28 7958
28 7959
28 7961
28 352320
29 10
29 109
29 110
29 112
29 343853
30 51
30 195
30 4167
30 4169
30 352321
31 67
31 251195
31 251196
31 251198
31 352322
32 67
32 72
32 14296
32 47596
32 299385
32 352324
32 352325
32 352326
32 352327
33 5
33 84
33 91
33 93
33 121
33 702
33 703
33 705
33 352328
34 5
34 20
34 122
34 703
34 707
34 708
34 710
34 352329
35 4
35 5
35 90
35 122
35 708
35 713
35 1104
35 78065
35 315137
35 352331
36 3
36 4
36 5
36 1104
36 12435
36 69666
36 352332
37 10
37 146
37 147
37 149
37 352333
38 67
38 601
38 603
38 1197
38 352334
39 51
39 195
39 2686
39 15391
39 352335
40 243
40 244
40 245
40 247
40 352336
41 944
41 945
41 946
41 948
41 352337
42 67
42 61858
42 61859
42 61861
42 352338
43 67
43 61863
43 61864
43 61866
43 352339
44 5
44 84
44 91
44 93
44 121
44 702
44 703
44 705
44 352340
45 5
45 20
45 90
45 122
45 708
45 769
45 2235
45 2237
45 352341
46 5
46 27
46 99
46 131
46 132
46 133
46 135
46 352342
47 3
47 4
47 5
47 642
47 23331
47 352343
48 10
48 378
48 379
48 381
48 352344
49 67
49 601
49 603
49 1197
49 352345
50 5
50 51
50 680
50 1993
50 352346
51 243
51 244
51 245
51 247
51 33809
52 5
52 27
52 99
52 131
52 132
52 133
52 135
52 352347
53 5
53 67
53 3206
53 61613
53 352349
53 352350
53 352351
54 76
54 433
54 434
54 436
54 352352
55 71
55 76
55 190
55 191
55 352353
seqId 41
1 660
1 2310
1 11957
1 11959
1 352354
2 945
2 2473
2 2474
2 2476
2 352355
3 5
3 20
3 98
3 99
3 100
3 102
3 352356
4 3
4 5
4 20
4 1892
4 37252
4 352357
5 5
5 84
5 90
5 93
5 121
5 3360
5 4621
5 28087
5 352358
6 90
6 443
6 9380
6 97621
6 192526
6 352360
6 352361
7 76
7 342
7 343
7 345
7 352362
8 5
8 20
8 81
8 82
8 83
8 84
8 85
8 87
8 352363
9 5
9 84
9 90
9 91
9 93
9 121
9 13184
9 73086
9 352364
10 5
10 20
10 99
10 133
10 175
10 176
10 1316
10 186270
11 3
11 5
11 20
11 1832
11 1834
11 352365
12 5
12 20
12 202
12 1466
12 18974
12 352366
13 9
13 10
13 11
13 13
13 352367
14 3
14 5
14 20
14 1942
14 1944
14 33831
15 10
15 146
15 147
15 149
15 352368
16 4
16 5
16 99
16 131
16 132
16 133
16 152
16 352369
17 3
17 4
17 5
17 2019
17 2021
17 186276
18 10
18 126
18 127
18 129
18 352370
19 4
19 5
19 99
19 131
19 132
19 133
19 152
19 352371
20 3
20 4
20 5
20 1913
20 1915
20 352372
21 9
21 10
21 11
21 13
21 300790
22 3
22 4
22 5
22 1931
22 1933
22 352373
23 75
23 76
23 77
23 79
23 352374
24 36
24 67
24 71
24 18488
24 18489
24 352375
25 67
25 46409
25 48761
25 352377
25 352378
25 352379
26 76
26 342
26 343
26 345
26 214670
27 42
27 67
27 71
27 9541
27 9542
27 352380
28 67
28 138439
28 138440
28 138442
28 352381
29 76
29 342
29 343
29 345
29 352382
30 67
30 71
30 9179
30 9494
30 18718
30 352383
31 67
31 48608
31 61056
31 92366
31 114954
31 352385
31 352386
31 352387
32 76
32 342
32 343
32 345
32 352388
33 67
33 72
33 51488
33 130128
33 130129
33 130131
33 352389
34 67
34 340
34 72995
34 142139
34 142550
34 352246
34 352247
34 352390
35 84
35 90
35 91
35 93
35 121
35 195
35 981
35 66217
35 352391
36 3
36 20
36 71
36 71
36 195
36 340
36 1104
36 2182
36 57818
36 352392
37 20
37 195
37 202
37 340
37 2042
37 2044
37 352393
38 76
38 342
38 343
38 345
38 352394
39 243
39 244
39 245
39 247
39 352395
40 10
40 378
40 379
40 381
40 352396
41 20
41 82
41 84
41 85
41 195
41 1589
41 2970
41 352397
42 84
42 90
42 91
42 93
42 121
42 195
42 755
42 11164
42 76201
42 352398
43 4
43 5
43 99
43 133
43 175
43 176
43 178
43 352399
44 3
44 4
44 5
44 7803
44 7805
44 352400
45 4
45 5
45 202
45 8973
45 8975
45 352401
46 717
46 718
46 719
46 721
46 120456
47 10
47 146
47 147
47 149
47 722
48 5
48 20
48 99
48 131
48 132
48 133
48 165
48 166
49 3
49 5
49 20
49 1325
49 1327
49 352402
50 9
50 10
50 11
50 13
50 352403
51 5
51 27
51 99
51 131
51 132
51 133
51 135
51 352404
52 3
52 4
52 5
52 642
52 23331
52 352405
53 71
53 76
53 190
53 191
53 352406
seqId 42
1 10
1 126
1 1922
1 1924
1 352407
2 5
2 20
2 99
2 131
2 132
2 133
2 166
2 352408
3 3
3 5
3 20
3 724
3 726
3 352409
4 9
4 10
4 11
4 13
4 352410
5 4
5 5
5 99
5 131
5 132
5 133
5 152
5 352411
6 3
6 4
6 5
6 1913
6 1915
6 352412
7 9
7 10
7 11
7 13
7 352413
8 3
8 4
8 5
8 1931
8 1933
8 352414
9 76
9 342
9 343
9 345
9 300845
10 5
10 27
10 99
10 131
10 132
10 133
10 135
10 352415
11 3
11 4
11 5
11 642
11 23331
11 352416
12 5
12 84
12 91
12 93
12 121
12 702
12 703
12 705
12 352417
13 5
13 20
13 122
13 703
13 707
13 708
13 710
13 352418
14 4
14 5
14 90
14 122
14 708
14 713
14 24220
14 65487
14 352419
15 9
15 10
15 24
15 26
15 27
15 352420
16 5
16 20
16 99
16 133
16 175
16 176
16 1316
16 92116
17 3
17 5
17 20
17 1126
17 1128
17 352421
18 9
18 10
18 11
18 13
18 352422
19 3
19 5
19 20
19 10167
19 10169
19 352423
20 9
20 10
20 24
20 26
20 27
20 352424
21 3
21 5
21 20
21 2558
21 2560
21 352425
22 10
22 146
22 147
22 149
22 352426
23 4
23 5
23 99
23 131
23 132
23 133
23 152
23 352427
24 3
24 4
24 5
24 15
24 17
24 352428
25 76
25 342
25 343
25 345
25 352429
26 5
26 20
26 90
26 122
26 708
26 713
26 25319
26 25321
26 352430
27 10
27 7340
27 9033
27 9035
27 352431
28 3
28 5
28 20
28 5840
28 5842
28 352432
29 51
29 195
29 4167
29 4169
29 352433
30 10
30 828
30 829
30 831
30 352434
31 67
31 41043
31 41044
31 41046
31 352435
32 67
32 30161
32 41191
32 49742
32 157649
32 352437
32 352438
32 352439
33 71
33 76
33 190
33 191
33 352440
seqId 43
1 99
1 131
1 132
1 133
1 195
1 1220
1 352441
2 20
2 195
2 202
2 795
2 2446
2 352442
3 3
3 20
3 195
3 13025
3 13027
3 352443
4 9
4 10
4 24
4 26
4 27
4 352444
5 3
5 4
5 5
5 2608
5 4490
5 352445
6 243
6 244
6 245
6 247
6 352446
7 9
7 10
7 11
7 13
7 1679
8 3
8 5
8 20
8 2778
8 2780
8 352447
9 9
9 10
9 11
9 13
9 352448
10 4
10 5
10 99
10 131
10 132
10 133
10 152
10 352449
11 3
11 4
11 5
11 15
11 17
11 352450
12 84
12 90
12 91
12 93
12 195
12 914
12 5661
12 9969
12 40858
12 352452
13 5
13 20
13 202
13 3997
13 3999
13 352453
14 5
14 20
14 99
14 133
14 175
14 176
14 1316
14 343955
15 5
15 20
15 202
15 6111
15 6113
15 352454
16 3
16 5
16 20
16 2985
16 2987
16 352455
17 75
17 76
17 77
17 79
17 33932
18 5
18 20
18 27
18 82
18 84
18 98
18 100
18 2487
18 352456
19 5
19 84
19 91
19 93
19 121
19 703
19 707
19 956
19 352457
20 4
20 5
20 99
20 133
20 175
20 176
20 178
20 352458
21 4
21 5
21 202
21 23867
21 305459
21 352459
22 3
22 4
22 5
22 12036
22 12038
22 352460
23 76
23 342
23 343
23 345
23 33937
24 660
24 2310
24 2311
24 2313
24 352461
25 945
25 2473
25 2474
25 2476
25 352462
26 5
26 20
26 98
26 99
26 100
26 102
26 352463
27 3
27 5
27 20
27 1126
27 1128
27 352464
28 5
28 84
28 91
28 93
28 121
28 703
28 707
28 956
28 352465
29 660
29 18071
29 18072
29 18074
29 352466
30 5
30 20
30 202
30 352468
30 352469
30 352470
31 243
31 244
31 245
31 247
31 352471
32 5
32 20
32 90
32 122
32 708
32 713
32 10167
32 10169
32 352472
33 76
33 342
33 343
33 345
33 352473
34 9
34 10
34 26
34 27
34 2548
34 352474
35 660
35 17966
35 17967
35 17969
35 352475
36 944
36 945
36 946
36 948
36 352476
37 3
37 5
37 20
37 71
37 9488
37 9490
37 352477
38 67
38 30161
38 41191
38 49742
38 157649
38 352437
38 352438
38 352478
39 5
39 84
39 90
39 91
39 93
39 121
39 5290
39 5292
39 352479
40 5
40 99
40 115
40 773
40 774
40 775
40 776
40 778
40 352480
41 3
41 5
41 20
41 2601
41 2603
41 352481
42 9
42 10
42 11
42 13
42 186388
43 3
43 5
43 20
43 1320
43 1322
43 352482
44 10
44 1387
44 1388
44 1390
44 352483
45 4
45 5
45 99
45 133
45 175
45 176
45 178
45 352484
46 4
46 5
46 202
46 2294
46 2296
46 352485
47 3
47 4
47 5
47 642
47 23331
47 352486
48 76
48 413
48 414
48 416
48 352487
49 67
49 310
49 4813
49 58308
49 76059
49 138113
49 141702
49 141703
49 352488
50 76
50 433
50 434
50 436
50 352489
51 71
51 76
51 190
51 191
51 352490
seqId 44
1 9
1 10
1 1539
1 1886
1 352491
2 660
2 2310
2 2311
2 2313
2 352492
3 76
3 342
3 343
3 345
3 120532
4 3
4 4
4 5
4 9488
4 25310
4 352493
5 67
5 838
5 224180
5 352495
5 352496
5 352497
6 67
6 1587
6 12799
6 49279
6 79978
6 352499
6 352500
6 352501
7 27
7 82
7 84
7 114
7 115
7 116
7 118
7 352502
8 5
8 84
8 90
8 91
8 93
8 121
8 25319
8 33978
8 115235
9 9
9 10
9 11
9 13
9 352503
10 4
10 5
10 99
10 131
10 132
10 133
10 152
10 324532
11 3
11 4
11 5
11 6422
11 6424
11 352504
12 4
12 5
12 202
12 1793
12 2625
12 25785
13 9
13 10
13 11
13 13
13 186403
14 5
14 27
14 99
14 131
14 132
14 133
14 135
14 33988
15 3
15 4
15 5
15 642
15 23331
15 352505
16 945
16 1010
16 1011
16 1013
16 352506
17 9
17 10
17 11
17 13
17 92224
18 4
18 82
18 84
18 100
18 195
18 4680
18 4682
18 92225
19 9
19 10
19 11
19 13
19 168696
20 85
20 99
20 195
20 638
20 640
20 352507
21 4
21 195
21 202
21 2294
21 3837
21 352508
22 3
22 4
22 195
22 642
22 644
22 352509
23 71
23 76
23 190
23 191
23 352510
seqId 45
1 5
1 20
1 99
1 131
1 132
1 133
1 967
1 56221
2 3
2 5
2 20
2 1832
2 1834
2 352511
3 9
3 10
3 11
3 13
3 34010
4 3
4 20
4 195
4 1806
4 1808
4 1809
4 1810
4 352512
5 76
5 413
5 414
5 416
5 352513
6 82
6 759
6 2852
6 2854
6 352514
7 5
7 20
7 99
7 133
7 175
7 176
7 1316
7 352515
8 3
8 5
8 20
8 133272
8 133274
8 352516
9 5
9 20
9 202
9 19972
9 74707
9 352517
10 9
10 10
10 11
10 13
10 1830
11 3
11 20
11 195
11 1806
11 1808
11 1809
11 1810
11 352518
12 20
12 90
12 122
12 195
12 340
12 708
12 713
12 5533
12 8486
12 352519
13 76
13 433
13 434
13 436
13 352520
14 76
14 342
14 343
14 345
14 352521
15 51
15 195
15 2010
15 87073
15 352522
16 76
16 342
16 343
16 345
16 324564
17 5
17 84
17 90
17 91
17 93
17 121
17 4222
17 6678
17 352523
18 5
18 27
18 99
18 131
18 132
18 133
18 135
18 352524
19 3
19 4
19 5
19 27389
19 27391
19 352525
20 660
20 2586
20 2587
20 2589
20 352526
21 660
21 7237
21 10032
21 10034
21 352527
22 4
22 5
22 202
22 1466
22 1468
22 352528
23 9
23 10
23 11
23 13
23 352529
24 5
24 27
24 99
24 131
24 132
24 133
24 135
24 352530
25 3
25 4
25 5
25 642
25 23331
25 352531
26 71
26 76
26 190
26 191
26 352532
seqId 46
1 5
1 20
1 98
1 99
1 100
1 8099
1 352533
2 3
2 5
2 20
2 50335
2 50337
2 352534
3 5
3 84
3 90
3 91
3 93
3 121
3 66555
3 67213
3 352535
4 5
4 20
4 99
4 133
4 175
4 176
4 1316
4 1539
4 352536
5 3
5 19655
5 19656
5 19658
5 352537
6 10
6 828
6 829
6 831
6 352538
7 3
7 5
7 20
7 2723
7 2725
7 46237
8 10
8 146
8 147
8 149
8 352539
9 4
9 5
9 99
9 131
9 132
9 133
9 152
9 352540
10 3
10 4
10 5
10 1913
10 1915
10 352541
11 4
11 5
11 202
11 2244
11 3490
11 352542
12 76
12 342
12 343
12 345
12 352543
13 158
13 159
13 160
13 162
13 352544
14 9
14 10
14 13
14 163
14 1539
15 5
15 20
15 99
15 131
15 132
15 133
15 165
15 166
16 3
16 5
16 20
16 3775
16 3777
16 301010
17 944
17 945
17 946
17 948
17 301011
18 99
18 131
18 132
18 133
18 195
18 237
18 46246
19 3
19 20
19 195
19 10243
19 10245
19 352545
20 84
20 91
20 93
20 121
20 195
20 703
20 707
20 1858
20 352546
21 660
21 35876
21 35877
21 35879
21 352547
22 20
22 90
22 122
22 195
22 708
22 713
22 1363
22 47365
22 352548
23 10
23 828
23 829
23 831
23 352549
24 5
24 20
24 99
24 133
24 175
24 176
24 1316
24 352550
25 3
25 5
25 20
25 132268
25 132270
25 352551
26 76
26 413
26 414
26 416
26 352552
27 51
27 195
27 2847
27 11803
27 352553
28 20
28 90
28 122
28 195
28 708
28 713
28 4258
28 35322
28 352554
29 3
29 5
29 20
29 352556
29 352557
29 352558
30 76
30 433
30 434
30 436
30 352559
31 71
31 76
31 190
31 191
31 352560
seqId 47
1 98
1 99
1 100
1 195
1 1948
1 8870
2 3
2 4
2 195
2 340
2 115562
2 115564
2 352562
3 4
3 195
3 202
3 340
3 15611
3 35598
3 352563
4 84
4 91
4 93
4 121
4 195
4 703
4 707
4 1858
4 352564
5 4
5 5
5 99
5 133
5 175
5 176
5 178
5 352565
6 4
6 5
6 202
6 22623
6 22625
6 352566
7 3
7 4
7 5
7 12036
7 12038
7 352567
8 10
8 283
8 284
8 286
8 352568
9 4
9 5
9 99
9 131
9 132
9 133
9 152
9 129106
10 3
10 4
10 5
10 5280
10 5282
10 352569
11 82
11 759
11 5284
11 5286
11 352570
12 4
12 82
12 83
12 84
12 115
12 195
12 1824
12 3621
12 352571
13 84
13 90
13 91
13 93
13 121
13 195
13 5326
13 5328
13 352572
14 9
14 10
14 11
14 13
14 301054
15 4
15 5
15 99
15 131
15 132
15 133
15 152
15 352573
16 3
16 4
16 5
16 7999
16 8001
16 352574
17 10
17 109
17 110
17 112
17 352575
18 3
18 5
18 20
18 10695
18 10697
18 352576
19 230
19 231
19 232
19 234
19 352577
20 9
20 10
20 11
20 13
20 163
21 99
21 131
21 132
21 133
21 195
21 236
21 237
22 20
22 195
22 202
22 795
22 2446
22 352578
23 3
23 20
23 195
23 13025
23 13027
23 352579
24 9
24 10
24 24
24 26
24 27
24 352580
25 3
25 5
25 20
25 10238
25 10240
25 352581
26 660
26 2347
26 2348
26 2350
26 352582
27 20
27 195
27 202
27 340
27 165699
27 352584
27 352585
28 10
28 109
28 110
28 112
28 352586
29 3
29 5
29 20
29 2601
29 2603
29 352587
30 71
30 76
30 190
30 191
30 352588
seqId 48
1 3
1 20
1 195
1 340
1 1718
1 57849
1 352589
2 20
2 195
2 202
2 2625
2 2627
2 352590
seqId 49
1 5
1 20
1 81
1 82
1 83
1 84
1 85
1 2423
1 352591
2 5
2 84
2 90
2 91
2 92
2 93
2 96
2 2035
2 13184
2 71491
3 944
3 945
3 946
3 948
3 352592
4 4
4 5
4 99
4 131
4 132
4 133
4 152
4 352593
5 3
5 4
5 5
5 2631
5 2633
5 352594
6 4
6 5
6 202
6 2742
6 16528
6 352595
7 9
7 10
7 11
7 13
7 352596
8 5
8 27
8 99
8 131
8 132
8 133
8 135
8 352597
9 2
9 3
9 4
9 5
9 181
9 352598
10 10
10 828
10 829
10 831
10 352599
11 5
11 27
11 99
11 131
11 132
11 133
11 135
11 352600
12 3
12 5
12 20
12 522
12 939
12 352601
13 5
13 84
13 91
13 93
13 121
13 703
13 707
13 956
13 352602
14 4
14 5
14 90
14 122
14 708
14 769
14 3906
14 248742
14 352603
15 9
15 10
15 11
15 13
15 352604
16 660
16 2522
16 17010
16 17013
16 352605
17 9
17 10
17 11
17 13
17 352606
18 51
18 195
18 1707
18 352608
18 352609
18 352610
19 3
19 20
19 195
19 2689
19 2691
19 352611
20 10
20 109
20 110
20 112
20 92423
21 51
21 195
21 1851
21 1853
21 352612
22 10
22 146
22 147
22 149
22 352613
23 660
23 2522
23 18003
23 18006
23 352614
24 9
24 10
24 11
24 13
24 344103
25 51
25 195
25 10792
25 151132
25 352616
25 352617
26 3
26 20
26 195
26 2689
26 2691
26 301093
27 10
27 109
27 110
27 112
27 120682
28 51
28 195
28 4167
28 4169
28 352618
29 76
29 413
29 414
29 416
29 352619
30 20
30 82
30 84
30 98
30 100
30 102
30 352620
31 82
31 758
31 759
31 761
31 129169
32 5
32 84
32 90
32 91
32 93
32 121
32 33688
32 42703
32 352621
33 4
33 5
33 99
33 133
33 175
33 176
33 178
33 352622
34 3
34 4
34 5
34 66553
34 66555
34 352623
35 4
35 5
35 202
35 19972
35 19974
35 352624
36 945
36 7958
36 20878
36 20880
36 352625
37 5
37 20
37 99
37 131
37 132
37 133
37 166
37 34148
38 3
38 5
38 20
38 23108
38 99702
38 352626
39 9
39 10
39 11
39 13
39 120693
40 4
40 5
40 99
40 131
40 132
40 133
40 152
40 352627
41 3
41 4
41 5
41 2613
41 2615
41 352628
42 9
42 10
42 11
42 13
42 120695
43 4
43 5
43 99
43 131
43 132
43 133
43 152
43 352629
44 3
44 4
44 5
44 15
44 17
44 352630
45 5
45 84
45 91
45 93
45 121
45 702
45 703
45 705
45 301107
46 660
46 1539
46 3768
46 3771
46 352631
47 5
47 20
47 202
47 36084
47 36086
47 352632
48 5
48 20
48 90
48 122
48 708
48 769
48 2752
48 2754
48 352633
49 10
49 13688
49 20559
49 20561
49 352634
50 4
50 5
50 99
50 131
50 132
50 133
50 152
50 34166
51 3
51 4
51 5
51 1913
51 1915
51 352635
52 76
52 433
52 434
52 436
52 352636
53 71
53 76
53 190
53 191
53 352637
seqId 50
1 4
1 5
1 98
1 99
1 100
1 4105
1 352638
2 3
2 4
2 5
2 56392
2 66553
2 66555
3 5
3 84
3 90
3 91
3 93
3 121
3 4075
3 11984
3 352639
4 4
4 5
4 99
4 131
4 132
4 133
4 152
4 352640
5 4
5 5
5 202
5 8157
5 47568
5 352641
6 3
6 4
6 5
6 66553
6 66555
6 352642
7 158
7 159
7 160
7 162
7 352643
8 9
8 10
8 11
8 13
8 163
9 5
9 20
9 99
9 131
9 132
9 133
9 165
9 166
10 3
10 5
10 20
10 1832
10 1834
10 352644
11 9
11 10
11 11
11 13
11 168862
12 3
12 20
12 195
12 24418
12 24420
12 352645
13 243
13 244
13 245
13 247
13 129205
14 5
14 84
14 90
14 91
14 93
14 121
14 4222
14 6678
14 352646
15 660
15 1566
15 1567
15 1569
15 352647
16 99
16 131
16 132
16 133
16 195
16 237
16 352648
17 3
17 4
17 195
17 64909
17 64911
17 352649
18 4
18 195
18 202
18 3127
18 25074
18 352650
19 90
19 121
19 122
19 38586
19 352652
19 352653
20 660
20 1513
20 1514
20 1516
20 352654
21 20
21 195
21 202
21 1377
21 5238
21 352655
22 99
22 131
22 132
22 133
22 195
22 237
22 352656
23 3
23 20
23 195
23 4434
23 14602
23 352657
24 71
24 76
24 190
24 191
24 352658
seqId 51
1 10
1 27775
1 87159
1 87161
1 352659
2 5
2 20
2 82
2 84
2 85
2 1377
2 6487
2 352660
3 76
3 342
3 343
3 345
3 352661
4 99
4 131
4 132
4 133
4 195
4 237
4 56431
5 3
5 4
5 195
5 897
5 3520
5 352662
6 4
6 195
6 202
6 302
6 1655
6 352663
7 84
7 90
7 91
7 93
7 121
7 195
7 28166
7 46679
7 352664
8 4
8 195
8 202
8 16756
8 33576
8 352665
9 71
9 76
9 190
9 191
9 352666
seqId 52
1 243
1 244
1 22047
1 77064
1 129234
2 20
2 82
2 84
2 98
2 100
2 102
2 352667
3 9
3 10
3 26
3 27
3 941
3 352668
4 660
4 17966
4 17967
4 17969
4 352669
5 944
5 945
5 946
5 948
5 352670
6 99
6 131
6 132
6 133
6 195
6 237
6 352671
7 3
7 4
7 195
7 2738
7 2740
7 352672
8 4
8 195
8 202
8 340
8 1773
8 26635
8 352673
9 4
9 90
9 122
9 195
9 708
9 713
9 2315
9 2787
9 27745
9 352674
10 9
10 10
10 11
10 13
10 352675
11 5
11 27
11 99
11 131
11 132
11 133
11 135
11 352676
12 2
12 3
12 4
12 5
12 181
12 352677
13 84
13 91
13 93
13 121
13 195
13 703
13 707
13 1858
13 352678
14 4
14 90
14 122
14 195
14 708
14 713
14 16673
14 18097
14 352679
15 10
15 126
15 127
15 129
15 352680
16 4
16 5
16 99
16 131
16 132
16 133
16 152
16 352681
17 3
17 4
17 5
17 1913
17 1915
17 352682
18 9
18 10
18 11
18 13
18 324728
19 3
19 4
19 5
19 1931
19 1933
19 352683
20 76
20 342
20 343
20 345
20 352684
21 10
21 828
21 829
21 831
21 352685
22 3
22 4
22 5
22 729
22 4454
22 352686
23 76
23 342
23 343
23 345
23 352687
24 10
24 1605
24 1606
24 1608
24 352688
25 51
25 195
25 2010
25 75643
25 352690
25 352691
26 3
26 20
26 195
26 2689
26 2691
26 352692
27 660
27 77612
27 77613
27 77615
27 352693
28 243
28 244
28 245
28 247
28 129264
29 51
29 195
29 12117
29 352695
29 352696
29 352697
30 3
30 20
30 195
30 2689
30 2691
30 352698
31 3
31 2548
31 9789
31 9791
31 352699
32 2822
32 2823
32 2824
32 2826
32 352700
33 10
33 146
33 147
33 149
33 722
34 99
34 131
34 132
34 133
34 195
34 236
34 237
35 3
35 20
35 195
35 429
35 4265
35 352701
36 243
36 244
36 245
36 247
36 352702
37 660
37 1566
37 1567
37 1569
37 344186
38 2822
38 2823
38 2824
38 2826
38 352703
39 10
39 146
39 147
39 149
39 722
40 99
40 131
40 132
40 133
40 195
40 236
40 237
41 67
41 195
41 3206
41 75982
41 164728
41 352704
42 76
42 413
42 414
42 416
42 352705
43 4
43 5
43 98
43 99
43 100
43 1927
43 352706
44 4
44 5
44 202
44 9960
44 19296
44 352707
45 3
45 4
45 5
45 2738
45 149635
45 352708
46 76
46 342
46 343
46 345
46 352709
47 945
47 1010
47 1011
47 1013
47 352710
48 5
48 20
48 81
48 82
48 83
48 84
48 85
48 87
48 352711
49 5
49 84
49 90
49 91
49 93
49 121
49 12336
49 326657
49 352712
50 76
50 342
50 343
50 345
50 56493
51 660
51 661
51 910
51 1234
51 56494
52 5
52 84
52 90
52 91
52 93
52 121
52 1236
52 18019
52 352713
53 660
53 1897
53 1898
53 1900
53 56497
54 660
54 661
54 1240
54 1242
54 352714
55 660
55 24605
55 24606
55 24608
55 352715
56 158
56 159
56 160
56 162
56 2302
57 9
57 10
57 11
57 13
57 163
58 5
58 20
58 99
58 131
58 132
58 133
58 165
58 166
59 3
59 5
59 20
59 47573
59 47575
59 352716
60 5
60 20
60 202
60 3386
60 10488
60 352717
61 9
61 10
61 11
61 13
61 92565
62 5
62 27
62 99
62 131
62 132
62 133
62 135
62 352718
63 2
63 3
63 4
63 5
63 181
63 352719
64 76
64 433
64 434
64 436
64 352720
65 71
65 76
65 190
65 191
65 352721
seqId 53
1 4
1 5
1 99
1 131
1 132
1 133
1 811
1 352722
2 3
2 4
2 5
2 2567
2 2569
2 352723
3 4
3 5
3 202
3 3127
3 3129
3 352724
4 5
4 84
4 91
4 93
4 121
4 703
4 707
4 956
4 352725
5 660
5 19069
5 19070
5 19072
5 352726
6 4
6 5
6 202
6 29353
6 29355
6 352727
7 243
7 244
7 245
7 247
7 352728
8 4
8 5
8 202
8 2334
8 42283
8 42285
9 660
9 2310
9 2311
9 2313
9 352730
10 27
10 118
10 945
10 2473
10 12602
10 34310
11 5
11 20
11 82
11 83
11 84
11 115
11 763
11 1002
11 352731
12 5
12 84
12 90
12 91
12 93
12 121
12 12628
12 12630
12 352732
13 75
13 76
13 77
13 79
13 352733
seqId 54
1 5
1 51
1 680
1 1993
1 352734
2 76
2 433
2 434
2 436
2 352735
3 90
3 443
3 4827
3 26698
3 352736
4 27
4 944
4 945
4 1463
4 3308
4 352737
5 5
5 20
5 99
5 133
5 175
5 176
5 1316
5 352738
6 3
6 5
6 20
6 4434
6 4436
6 352739
7 660
7 661
7 910
7 1234
7 56554
8 5
8 84
8 90
8 91
8 93
8 121
8 2081
8 2426
8 352740
9 90
9 443
9 36143
9 44393
9 352741
10 660
10 352743
10 352744
10 352745
10 352746
11 10
11 2408
11 2410
11 10221
11 352747
12 3
12 5
12 20
12 47573
12 47575
12 352748
13 5
13 20
13 202
13 2635
13 43133
13 352749
14 5
14 20
14 202
14 3753
14 79490
14 352750
15 243
15 244
15 245
15 247
15 352751
16 5
16 20
16 202
16 2674
16 2676
16 352752
17 76
17 2265
17 2266
17 2268
17 352753
18 5
18 20
18 99
18 131
18 132
18 133
18 166
18 129348
19 3
19 5
19 20
19 3118
19 3120
19 352754
20 9
20 10
20 11
20 13
20 129351
21 3
21 4
21 5
21 66553
21 66555
21 129352
22 5
22 20
22 202
22 10447
22 44909
22 352756
22 352757
23 5
23 84
23 91
23 93
23 121
23 703
23 707
23 956
23 352758
24 5
24 20
24 90
24 122
24 708
24 713
24 11744
24 11746
24 352759
25 71
25 76
25 190
25 191
25 352760
seqId 55
1 51
1 195
1 2054
1 2056
1 352761
2 76
2 433
2 434
2 436
2 352762
3 90
3 443
3 37601
3 130864
3 352763
4 99
4 131
4 132
4 133
4 195
4 237
4 352764
5 3
5 20
5 195
5 10402
5 10404
5 352765
6 10
6 146
6 147
6 149
6 352766
7 90
7 443
7 1437
7 10356
7 352767
8 10
8 283
8 284
8 286
8 352768
9 99
9 131
9 132
9 133
9 195
9 237
9 352769
10 3
10 20
10 195
10 429
10 4265
10 352770
11 67
11 5583
11 5585
11 5586
11 135171
11 352771
12 76
12 342
12 343
12 345
12 352772
13 20
13 195
13 202
13 3001
13 7424
13 324802
14 243
14 244
14 245
14 247
14 352773
15 20
15 195
15 202
15 2923
15 14156
15 352774
16 76
16 342
16 343
16 345
16 352775
17 99
17 133
17 175
17 176
17 195
17 234
17 352776
18 3
18 4
18 195
18 2738
18 2740
18 352777
19 4
19 195
19 202
19 795
19 3439
19 352778
20 10
20 378
20 379
20 381
20 352779
21 90
21 443
21 1064
21 8149
21 301269
22 5
22 20
22 99
22 131
22 132
22 133
22 166
22 92671
23 3
23 5
23 20
23 170066
23 170068
23 352780
24 230
24 231
24 232
24 234
24 352781
25 9
25 10
25 11
25 13
25 163
26 99
26 131
26 132
26 133
26 195
26 236
26 237
27 3
27 20
27 195
27 384
27 3094
27 352782
28 82
28 758
28 759
28 761
28 352783
29 82
29 84
29 114
29 115
29 116
29 1361
29 352784
30 84
30 90
30 91
30 93
30 121
30 195
30 86462
30 352786
30 352787
31 71
31 76
31 190
31 191
31 352788
seqId 56
1 51
1 52
1 1705
1 1707
1 352789
2 76
2 433
2 434
2 436
2 352790
3 90
3 443
3 4063
3 5056
3 352791
4 27
4 944
4 945
4 1463
4 3308
4 352792
5 5
5 20
5 99
5 133
5 175
5 176
5 1316
5 352793
6 3
6 5
6 20
6 29708
6 29710
6 352794
7 5
7 84
7 91
7 93
7 121
7 702
7 703
7 705
7 352795
8 122
8 703
8 707
8 708
8 710
8 352796
9 5
9 20
9 90
9 122
9 708
9 713
9 3777
9 4766
9 352797
10 10
10 378
10 379
10 381
10 352798
11 90
11 443
11 14777
11 14779
11 352799
12 9
12 10
12 11
12 13
12 129400
13 3
13 4
13 5
13 3615
13 3617
13 352800
14 660
14 2347
14 2348
14 2350
14 352801
15 5
15 202
15 188832
15 188834
15 352802
16 660
16 5576
16 5577
16 5579
16 352803
17 9
17 10
17 11
17 13
17 352804
18 20
18 195
18 202
18 1377
18 5238
18 352805
19 99
19 131
19 132
19 133
19 195
19 237
19 352806
20 3
20 20
20 195
20 2034
20 3403
20 352807
21 9
21 10
21 11
21 13
21 46620
22 5
22 27
22 99
22 131
22 132
22 133
22 135
22 352808
23 3
23 4
23 5
23 642
23 23331
23 352809
24 76
24 342
24 343
24 345
24 352810
25 82
25 759
25 2852
25 2854
25 352811
26 99
26 131
26 132
26 133
26 195
26 237
26 352812
27 3
27 20
27 195
27 1806
27 1808
27 1809
27 1810
27 352813
28 76
28 342
28 343
28 345
28 56662
29 99
29 131
29 132
29 133
29 195
29 237
29 352814
30 3
30 4
30 195
30 27599
30 71545
30 352815
31 9
31 10
31 11
31 13
31 215173
32 3
32 5
32 20
32 2778
32 2780
32 352816
33 243
33 244
33 245
33 247
33 352817
34 82
34 759
34 944
34 948
34 34429
35 5
35 20
35 82
35 84
35 100
35 6672
35 28729
35 352818
36 5
36 84
36 90
36 91
36 92
36 93
36 74143
36 78755
36 85596
36 352820
37 76
37 342
37 343
37 345
37 352821
38 5
38 20
38 27
38 82
38 84
38 98
38 100
38 2487
38 56676
39 5
39 84
39 91
39 93
39 121
39 703
39 707
39 956
39 46641
40 10
40 705
40 1539
40 5165
40 352822
41 660
41 43195
41 211505
41 211506
41 352823
42 4
42 5
42 99
42 133
42 175
42 176
42 178
42 352824
43 4
43 5
43 202
43 22623
43 22625
43 352825
44 3
44 4
44 5
44 12036
44 12038
44 352826
45 10
45 378
45 379
45 381
45 352827
46 5
46 20
46 99
46 131
46 132
46 133
46 166
46 352828
47 3
47 5
47 20
47 25943
47 25945
47 120937
48 9
48 10
48 11
48 13
48 352829
49 3
49 4
49 5
49 15
49 17
49 352830
50 76
50 342
50 343
50 345
50 352831
51 660
51 2347
51 2350
51 2522
51 352832
52 9
52 10
52 11
52 13
52 352833
53 3
53 4
53 195
53 470
53 24460
53 352834
54 4
54 195
54 202
54 2625
54 57873
54 352835
55 71
55 76
55 190
55 191
55 352836
seqId 57
1 3
1 4
1 5
1 3199
1 3201
1 352837
2 5
2 202
2 302
2 304
2 352838
seqId 58
1 76
1 592
1 593
1 595
1 352839
2 5
2 27
2 99
2 131
2 132
2 133
2 699
2 352840
3 5
3 67
3 1104
3 75755
3 351807
3 351810
3 352841
4 5
4 84
4 90
4 91
4 93
4 121
4 78065
4 352843
4 352844
5 660
5 2643
5 2644
5 2646
5 352845
6 4
6 5
6 99
6 131
6 132
6 133
6 152
6 352846
7 3
7 4
7 5
7 4228
7 13593
7 352847
8 9
8 10
8 11
8 13
8 186831
9 3
9 4
9 195
9 4094
9 4096
9 352848
10 4
10 195
10 202
10 958
10 59953
10 352849
11 10
11 283
11 284
11 286
11 352850
12 99
12 131
12 132
12 133
12 195
12 237
12 352851
13 3
13 20
13 195
13 272
13 6282
13 352852
14 9
14 10
14 11
14 13
14 352853
15 4
15 5
15 99
15 131
15 132
15 133
15 152
15 352854
16 3
16 4
16 5
16 59102
16 59104
16 352855
17 230
17 231
17 232
17 234
17 352856
18 9
18 10
18 11
18 13
18 163
19 99
19 131
19 132
19 133
19 195
19 236
19 237
20 3
20 4
20 195
20 313
20 6526
20 352857
21 76
21 342
21 343
21 345
21 352858
22 9
22 10
22 11
22 13
22 352859
23 4
23 5
23 99
23 131
23 132
23 133
23 152
23 46693
24 3
24 4
24 5
24 59102
24 59104
24 352860
25 4
25 5
25 202
25 5416
25 5418
25 352861
26 243
26 244
26 245
26 247
26 46699
27 9
27 10
27 11
27 13
27 352862
28 5
28 27
28 99
28 131
28 132
28 133
28 135
28 352863
29 3
29 4
29 5
29 14686
29 14688
29 352864
30 9
30 10
30 11
30 13
30 352865
31 4
31 5
31 99
31 131
31 132
31 133
31 152
31 352866
32 3
32 4
32 5
32 59102
32 59104
32 352867
33 76
33 413
33 414
33 416
33 352868
34 71
34 90
34 443
34 2487
34 40276
34 40279
34 352869
35 3
35 4
35 5
35 165226
35 165228
35 352870
36 76
36 137
36 138
36 140
36 169138
37 3
37 5
37 20
37 4038
37 4040
37 352871
38 5
38 20
38 202
38 302
38 304
38 352872
39 76
39 185
39 186
39 188
39 352873
40 10
40 378
40 379
40 381
40 352874
41 5
41 20
41 99
41 131
41 132
41 133
41 166
41 352875
42 3
42 5
42 20
42 34497
42 57859
42 352876
43 230
43 231
43 232
43 234
43 352877
44 9
44 10
44 11
44 13
44 163
45 99
45 131
45 132
45 133
45 195
45 236
45 237
46 3
46 4
46 195
46 24335
46 24337
46 352878
47 76
47 433
47 434
47 436
47 352879
48 71
48 76
48 190
48 191
48 352880
seqId 59
1 660
1 2310
1 11957
1 11959
1 352881
2 27
2 118
2 945
2 2473
2 12602
2 352882
3 5
3 20
3 82
3 83
3 84
3 115
3 763
3 1002
3 352883
4 27
4 660
4 661
4 910
4 912
4 352884
5 5
5 84
5 90
5 91
5 93
5 121
5 702
5 705
5 352885
6 660
6 661
6 1240
6 1242
6 352886
7 3
7 4
7 5
7 21656
7 21658
7 352887
8 10
8 146
8 147
8 149
8 352888
9 90
9 443
9 12400
9 33680
9 352889
10 4
10 5
10 99
10 133
10 175
10 176
10 178
10 352890
11 3
11 4
11 5
11 15
11 17
11 352891
12 4
12 5
12 90
12 122
12 708
12 713
12 1104
12 5007
12 5009
12 352892
13 10
13 378
13 379
13 381
13 352893
14 5
14 20
14 99
14 131
14 132
14 133
14 166
14 46732
15 3
15 5
15 20
15 5018
15 5020
15 352894
16 9
16 10
16 11
16 13
16 324929
17 5
17 27
17 99
17 131
17 132
17 133
17 135
17 352895
18 3
18 4
18 5
18 2818
18 5508
18 352896
19 244
19 418
19 419
19 421
19 352897
20 4
20 5
20 99
20 131
20 132
20 133
20 152
20 352898
21 3
21 4
21 5
21 7178
21 21009
21 352899
22 4
22 5
22 202
22 226
22 2228
22 352900
23 76
23 342
23 343
23 345
23 129504
24 5
24 20
24 81
24 82
24 83
24 84
24 85
24 87
24 352901
25 5
25 84
25 90
25 91
25 92
25 93
25 96
25 13184
25 71491
25 352902
26 660
26 1897
26 1898
26 1900
26 352903
27 5
27 27
27 99
27 131
27 132
27 133
27 135
27 215274
28 3
28 5
28 20
28 20350
28 21005
28 215275
29 9
29 10
29 11
29 13
29 352904
30 20
30 82
30 84
30 85
30 195
30 1589
30 2970
30 352905
31 9
31 10
31 11
31 13
31 352906
32 99
32 115
32 195
32 773
32 774
32 775
32 776
32 3400
32 186901
33 3
33 20
33 195
33 2034
33 3403
33 352907
34 10
34 283
34 284
34 286
34 352908
35 5
35 20
35 99
35 133
35 175
35 176
35 1316
35 352909
36 5
36 20
36 42
36 67
36 71
36 71
36 675
36 352911
36 352912
37 76
37 137
37 138
37 140
37 352913
38 3
38 4
38 5
38 64
38 26596
38 100159
38 352914
39 243
39 244
39 245
39 247
39 352915
40 3
40 4
40 5
40 7178
40 18652
40 352916
41 76
41 185
41 186
41 188
41 215285
42 5
42 20
42 90
42 122
42 708
42 713
42 19582
42 151262
42 352917
43 76
43 342
43 343
43 345
43 352918
44 10
44 19283
44 19284
44 19286
44 352919
45 26
45 27
45 99
45 133
45 175
45 176
45 195
45 352920
46 20
46 195
46 202
46 2294
46 3837
46 352921
47 3
47 20
47 195
47 5627
47 40014
47 352922
48 76
48 342
48 343
48 345
48 352923
49 10
49 146
49 147
49 149
49 352924
50 99
50 133
50 175
50 176
50 195
50 234
50 352925
51 3
51 20
51 195
51 3632
51 3634
51 352926
52 158
52 159
52 160
52 162
52 352927
53 9
53 10
53 11
53 13
53 163
54 5
54 20
54 99
54 131
54 132
54 133
54 165
54 166
55 3
55 5
55 20
55 5018
55 5020
55 352928
56 9
56 10
56 11
56 13
56 352929
57 5
57 27
57 99
57 131
57 132
57 133
57 135
57 352930
58 3
58 4
58 5
58 2818
58 5508
58 352931
59 76
59 413
59 414
59 416
59 352932
60 3
60 4
60 5
60 7698
60 35099
60 352933
61 4
61 5
61 202
61 322
61 55521
61 352934
62 9
62 10
62 11
62 13
62 352935
63 5
63 27
63 99
63 131
63 132
63 133
63 135
63 352936
64 3
64 4
64 5
64 2818
64 18426
64 352937
65 76
65 342
65 343
65 345
65 352938
66 3
66 5
66 20
66 16848
66 16850
66 352939
67 5
67 20
67 202
67 29358
67 29360
67 352940
68 76
68 342
68 343
68 345
68 352941
69 76
69 25774
69 25775
69 25777
69 352942
70 76
70 433
70 434
70 436
70 352943
71 76
71 342
71 343
71 345
71 352944
72 244
72 418
72 419
72 421
72 352945
73 660
73 2509
73 2510
73 2512
73 352946
74 10
74 283
74 284
74 286
74 121090
75 4
75 5
75 99
75 133
75 175
75 176
75 178
75 352947
76 76
76 137
76 138
76 140
76 352948
77 3
77 4
77 5
77 8229
77 12263
77 352949
78 9
78 10
78 11
78 13
78 352950
79 3
79 4
79 5
79 59102
79 59104
79 352951
80 9
80 10
80 11
80 13
80 352952
81 3
81 5
81 20
81 7393
81 7395
81 352953
82 76
82 185
82 186
82 188
82 352954
83 76
83 413
83 414
83 416
83 352955
84 90
84 121
84 122
84 1064
84 14792
84 352956
85 10
85 109
85 110
85 112
85 352957
86 3
86 5
86 20
86 10695
86 10697
86 352958
87 5
87 27
87 99
87 131
87 132
87 133
87 135
87 352959
88 3
88 4
88 5
88 6876
88 7950
88 352960
89 230
89 231
89 232
89 234
89 352961
90 9
90 10
90 11
90 13
90 163
91 99
91 131
91 132
91 133
91 195
91 236
91 237
92 3
92 20
92 195
92 3632
92 3634
92 352962
93 76
93 433
93 434
93 436
93 352963
94 71
94 76
94 190
94 191
94 352964
seqId 60
1 660
1 5049
1 7881
1 7883
1 352965
2 76
2 342
2 343
2 345
2 34629
3 82
3 83
3 115
3 195
3 4940
3 4941
3 28267
3 352966
4 82
4 83
4 84
4 115
4 5729
4 5731
4 352967
5 90
5 91
5 92
5 93
5 195
5 4941
5 42092
5 352969
5 352970
6 76
6 342
6 343
6 345
6 352971
7 5
7 20
7 82
7 83
7 84
7 115
7 763
7 1002
7 186967
8 5
8 84
8 90
8 91
8 93
8 121
8 5045
8 19274
8 352972
9 9
9 10
9 11
9 13
9 352973
10 90
10 443
10 2979
10 2981
10 352974
11 5
11 27
11 99
11 131
11 132
11 133
11 135
11 352975
12 3
12 5
12 20
12 20350
12 21005
12 352976
13 5
13 20
13 202
13 28847
13 75145
13 352977
14 9
14 10
14 11
14 13
14 352978
15 5
15 27
15 99
15 131
15 132
15 133
15 135
15 352979
16 3
16 4
16 5
16 642
16 23331
16 352980
17 10
17 283
17 284
17 286
17 352981
18 5
18 27
18 99
18 131
18 132
18 133
18 135
18 352982
19 5
19 67
19 2689
19 34134
19 352983
20 67
20 1104
20 5978
20 37859
20 48974
20 189216
20 189217
20 352984
21 76
21 413
21 414
21 416
21 352985
22 82
22 758
22 759
22 761
22 352986
23 82
23 84
23 114
23 115
23 116
23 1361
23 352987
24 5
24 84
24 90
24 91
24 93
24 121
24 9903
24 10728
24 352988
25 10
25 1605
25 1606
25 1608
25 352989
26 82
26 84
26 85
26 195
26 2294
26 3837
26 352990
27 9
27 10
27 11
27 13
27 352991
28 90
28 443
28 4190
28 4192
28 352992
29 99
29 133
29 175
29 176
29 195
29 234
29 34665
30 3
30 4
30 195
30 340
30 111080
30 111082
30 352993
31 10
31 1605
31 1606
31 1608
31 325026
32 3
32 20
32 195
32 1191
32 1193
32 352994
33 20
33 195
33 202
33 6881
33 6883
33 352995
34 76
34 342
34 343
34 345
34 215354
35 3
35 20
35 195
35 340
35 34799
35 34801
35 34802
35 352996
36 20
36 195
36 202
36 340
36 33629
36 61249
36 352997
37 76
37 342
37 343
37 345
37 352998
38 243
38 244
38 245
38 247
38 352999
39 3
39 20
39 195
39 2960
39 2962
39 353000
40 20
40 195
40 202
40 6519
40 41618
40 353001
41 76
41 433
41 434
41 436
41 353002
42 71
42 76
42 190
42 191
42 353003
seqId 61
1 76
1 592
1 593
1 595
1 353004
2 10
2 360
2 11672
2 112736
2 353005
3 5
3 27
3 99
3 131
3 132
3 133
3 135
3 353006
4 3
4 4
4 5
4 780
4 782
4 353007
5 9
5 10
5 11
5 13
5 301478
6 4
6 5
6 99
6 131
6 132
6 133
6 152
6 353008
7 3
7 4
7 5
7 813
7 815
7 353009
8 4
8 5
8 202
8 2244
8 3490
8 353010
9 76
9 413
9 414
9 416
9 353011
10 67
10 61858
10 61859
10 61861
10 353012
11 67
11 61863
11 61864
11 61866
11 353013
12 243
12 244
12 245
12 247
12 46880
13 67
13 251195
13 251196
13 251198
13 353014
14 67
14 72
14 14296
14 47596
14 299385
14 352324
14 352325
14 352327
14 353015
15 9
15 10
15 11
15 13
15 353016
16 51
16 195
16 1851
16 1853
16 353017
17 10
17 146
17 147
17 149
17 353018
18 51
18 195
18 4167
18 4169
18 353019
19 76
19 433
19 434
19 436
19 353020
20 76
20 342
20 343
20 345
20 353021
21 5
21 27
21 99
21 131
21 132
21 133
21 135
21 353022
22 3
22 4
22 5
22 642
22 23331
22 353023
23 5
23 84
23 91
23 93
23 121
23 702
23 703
23 705
23 46890
24 10
24 378
24 379
24 381
24 353024
25 660
25 976
25 977
25 979
25 353025
26 90
26 443
26 23744
26 48462
26 353026
27 5
27 20
27 90
27 122
27 708
27 769
27 353028
27 353029
27 353030
28 5
28 99
28 115
28 773
28 774
28 775
28 776
28 778
28 353031
29 3
29 5
29 20
29 194616
29 194618
29 353032
30 10
30 109
30 110
30 112
30 301504
31 3
31 20
31 195
31 1866
31 10151
31 353033
32 9
32 10
32 11
32 13
32 353034
33 76
33 137
33 138
33 140
33 353035
34 3
34 4
34 5
34 110759
34 110761
34 353036
35 4
35 5
35 202
35 2964
35 51830
35 353037
36 76
36 185
36 186
36 188
36 353038
37 71
37 76
37 190
37 191
37 353039
seqId 62
1 10
1 109
1 878
1 1539
1 353040
2 3
2 5
2 20
2 2429
2 2431
2 353041
3 76
3 342
3 343
3 345
3 353042
4 5
4 20
4 99
4 131
4 132
4 133
4 166
4 353043
5 5
5 20
5 202
5 2244
5 2246
5 353044
6 3
6 5
6 20
6 2723
6 2725
6 353045
7 5
7 84
7 91
7 93
7 702
7 703
7 914
7 2233
7 353046
8 479
8 660
8 12898
8 12899
8 12901
8 353047
9 5
9 20
9 90
9 122
9 708
9 769
9 13184
9 127004
9 353048
10 4
10 5
10 99
10 131
10 132
10 133
10 152
10 353049
11 4
11 5
11 202
11 7021
11 7023
11 353050
12 3
12 4
12 5
12 171638
12 171640
12 353051
13 9
13 10
13 11
13 13
13 353052
14 3
14 5
14 20
14 24881
14 24883
14 353053
15 9
15 10
15 11
15 13
15 353054
16 5
16 27
16 99
16 131
16 132
16 133
16 135
16 353055
17 3
17 4
17 5
17 642
17 23331
17 353056
18 76
18 342
18 343
18 345
18 353057
19 3
19 5
19 20
19 116670
19 116672
19 353058
20 9
20 10
20 24
20 26
20 27
20 353059
21 4
21 5
21 99
21 133
21 175
21 176
21 178
21 353060
22 4
22 5
22 202
22 26513
22 26515
22 353061
23 3
23 4
23 5
23 8619
23 8621
23 353062
24 9
24 10
24 11
24 13
24 353063
25 3
25 4
25 5
25 4851
25 4853
25 353064
26 10
26 109
26 110
26 112
26 353065
27 3
27 4
27 5
27 4406
27 24330
27 353066
28 76
28 342
28 343
28 345
28 353067
29 244
29 1249
29 1250
29 1252
29 353068
30 5
30 20
30 90
30 122
30 708
30 713
30 2433
30 353070
30 353071
31 4
31 5
31 99
31 133
31 175
31 176
31 178
31 353072
32 3
32 4
32 5
32 26859
32 26861
32 46941
33 9
33 10
33 11
33 13
33 353073
34 3
34 4
34 5
34 1536
34 4896
34 353074
35 4
35 5
35 202
35 78900
35 78902
35 353075
36 76
36 413
36 414
36 416
36 353076
37 71
37 90
37 443
37 2487
37 40276
37 40279
37 187080
38 3
38 4
38 5
38 165226
38 165228
38 353077
39 3
39 4
39 5
39 2608
39 4490
39 353078
40 243
40 244
40 245
40 247
40 325115
41 3
41 4
41 5
41 2613
41 2615
41 169389
42 9
42 10
42 11
42 13
42 353079
43 5
43 27
43 99
43 131
43 132
43 133
43 135
43 353080
44 2
44 3
44 4
44 5
44 181
44 353081
45 76
45 433
45 434
45 436
45 353082
46 71
46 76
46 190
46 191
46 353083
seqId 63
1 76
1 592
1 593
1 595
1 353084
2 90
2 121
2 122
2 1337
2 6078
2 6828
2 221989
2 325119
2 353086
3 5
3 27
3 99
3 131
3 132
3 133
3 135
3 353087
4 3
4 4
4 5
4 642
4 23331
4 301551
5 10
5 378
5 379
5 381
5 353088
6 5
6 20
6 99
6 131
6 132
6 133
6 166
6 353089
7 3
7 5
7 20
7 25943
7 25945
7 353090
8 230
8 231
8 232
8 234
8 353091
9 9
9 10
9 11
9 13
9 163
10 99
10 131
10 132
10 133
10 195
10 236
10 237
11 3
11 20
11 195
11 1320
11 3384
11 353092
12 20
12 90
12 122
12 195
12 708
12 713
12 3686
12 9599
12 353093
13 243
13 244
13 245
13 247
13 353094
14 4
14 5
14 99
14 131
14 132
14 133
14 152
14 353095
15 3
15 4
15 5
15 6713
15 6715
15 353096
16 230
16 231
16 232
16 234
16 353097
17 9
17 10
17 11
17 13
17 163
18 99
18 131
18 132
18 133
18 195
18 236
18 237
19 3
19 4
19 195
19 8842
19 8844
19 353098
20 76
20 413
20 414
20 416
20 353099
21 10
21 146
21 147
21 149
21 3097
22 5
22 27
22 99
22 131
22 132
22 133
22 135
22 353100
23 3
23 4
23 5
23 3576
23 3578
23 353101
24 4
24 5
24 90
24 122
24 708
24 713
24 1104
24 13184
24 127004
24 353103
25 3
25 1026
25 75913
25 353105
25 353106
25 353107
26 10
26 283
26 284
26 286
26 353108
27 4
27 5
27 98
27 99
27 100
27 1927
27 353109
28 3
28 4
28 5
28 165226
28 165228
28 353110
29 76
29 433
29 434
29 436
29 353111
30 76
30 342
30 343
30 345
30 353112
31 5
31 27
31 99
31 131
31 132
31 133
31 135
31 353113
32 5
32 67
32 1026
32 3228
32 3231
32 3232
32 353114
33 5
33 84
33 91
33 93
33 702
33 703
33 914
33 2233
33 353115
34 660
34 1897
34 1898
34 1900
34 353116
35 5
35 20
35 90
35 122
35 708
35 64882
35 353118
35 353119
36 5
36 99
36 773
36 776
36 778
36 353120
37 3
37 4
37 5
37 332856
37 353122
37 353123
38 10
38 146
38 147
38 149
38 353124
39 3
39 5
39 20
39 31708
39 31710
39 353125
40 9
40 10
40 11
40 13
40 353126
41 51
41 52
41 1501
41 1503
41 353127
42 3
42 20
42 195
42 3118
42 10103
42 353128
43 20
43 195
43 202
43 340
43 21279
43 21281
43 353130
44 71
44 76
44 190
44 191
44 353131
seqId 64
1 9
1 10
1 27
1 40
1 42
1 353132
2 4
2 5
2 99
2 133
2 175
2 176
2 178
2 121281
3 3
3 4
3 5
3 5469
3 5471
3 121282
4 5
4 27
4 99
4 131
4 132
4 133
4 135
4 353133
5 3
5 4
5 5
5 26859
5 26861
5 353134
6 9
6 10
6 11
6 13
6 353135
7 5
7 20
7 202
7 19896
7 19898
7 353136
8 3
8 5
8 20
8 429
8 431
8 353137
9 9
9 10
9 24
9 26
9 27
9 353138
10 3
10 4
10 5
10 642
10 23331
10 353139
11 5
11 20
11 202
11 22418
11 87145
11 353140
12 10
12 378
12 379
12 381
12 353141
13 99
13 131
13 132
13 133
13 195
13 237
13 353142
14 51
14 195
14 11257
14 11259
14 187131
15 3
15 20
15 195
15 6913
15 6915
15 353143
16 10
16 146
16 147
16 149
16 353144
17 90
17 442
17 443
17 445
17 353145
18 76
18 342
18 343
18 345
18 353146
19 243
19 244
19 245
19 247
19 353147
20 76
20 342
20 343
20 345
20 215502
21 9
21 10
21 24
21 26
21 27
21 215503
22 4
22 5
22 202
22 2294
22 2296
22 353148
23 3
23 4
23 5
23 5469
23 5471
23 353149
24 76
24 342
24 343
24 345
24 353150
25 5
25 27
25 99
25 131
25 132
25 133
25 135
25 353151
26 3
26 4
26 5
26 26859
26 26861
26 353152
27 9
27 10
27 24
27 26
27 27
27 353153
28 4
28 5
28 99
28 133
28 175
28 176
28 178
28 353154
29 3
29 4
29 5
29 15266
29 33214
29 353156
29 353157
30 4
30 5
30 202
30 3303
30 3305
30 353158
31 4
31 5
31 202
31 104071
31 104073
31 353160
32 10
32 146
32 147
32 149
32 353161
33 90
33 443
33 9589
33 9591
33 353162
34 4
34 5
34 99
34 133
34 175
34 176
34 178
34 325188
35 3
35 4
35 5
35 16756
35 16758
35 353163
36 9
36 10
36 11
36 13
36 47034
37 3
37 4
37 5
37 64972
37 64974
37 353164
38 717
38 718
38 719
38 721
38 129767
39 10
39 146
39 147
39 149
39 722
40 5
40 20
40 99
40 131
40 132
40 133
40 165
40 166
41 3
41 5
41 20
41 1325
41 1327
41 129768
42 9
42 10
42 11
42 13
42 353165
43 3
43 4
43 15
43 195
43 4121
43 34887
44 4
44 195
44 202
44 1951
44 1953
44 34888
45 243
45 244
45 245
45 247
45 34889
46 660
46 12080
46 12081
46 12083
46 353166
47 4
47 195
47 202
47 6690
47 9241
47 353167
48 71
48 76
48 190
48 191
48 353168
seqId 65
1 945
1 2473
1 4518
1 4520
1 353169
2 98
2 99
2 100
2 195
2 2073
2 93071
3 51
3 195
3 1501
3 1503
3 353170
4 3
4 20
4 195
4 26873
4 353172
4 353173
5 84
5 91
5 93
5 121
5 195
5 703
5 707
5 1858
5 301639
6 76
6 2265
6 2266
6 2268
6 353174
7 5
7 20
7 82
7 83
7 84
7 115
7 763
7 1002
7 353175
8 5
8 84
8 90
8 91
8 93
8 121
8 12628
8 12630
8 353176
9 5
9 20
9 82
9 83
9 84
9 115
9 166
9 763
9 353177
10 90
10 443
10 4827
10 26698
10 353178
11 76
11 2265
11 2266
11 2268
11 353179
12 4
12 5
12 99
12 131
12 132
12 133
12 152
12 353180
13 3
13 4
13 5
13 353182
13 353183
13 353184
14 9
14 10
14 24
14 26
14 27
14 353185
15 4
15 5
15 99
15 133
15 175
15 176
15 178
15 3250
16 3
16 4
16 5
16 17915
16 17917
16 353186
17 660
17 18071
17 18072
17 18074
17 353187
18 4
18 5
18 202
18 1104
18 55060
18 55062
18 353188
19 10
19 109
19 110
19 112
19 353189
20 3
20 20
20 195
20 1866
20 10151
20 353190
21 9
21 10
21 11
21 13
21 353191
22 3
22 20
22 195
22 21902
22 21904
22 353192
23 9
23 10
23 11
23 13
23 353193
24 3
24 4
24 5
24 15
24 17
24 353194
25 76
25 342
25 343
25 345
25 353195
26 5
26 27
26 99
26 131
26 132
26 133
26 135
26 93098
27 3
27 4
27 5
27 642
27 23331
27 353196
28 5
28 84
28 91
28 93
28 121
28 702
28 703
28 705
28 353197
29 660
29 3768
29 3769
29 3771
29 353198
30 5
30 20
30 90
30 122
30 708
30 769
30 78213
30 107458
30 353200
31 944
31 945
31 946
31 948
31 169505
32 5
32 27
32 99
32 131
32 132
32 133
32 135
32 353201
33 3
33 4
33 5
33 3576
33 3578
33 353202
34 5
34 84
34 90
34 91
34 93
34 121
34 3482
34 35076
34 353203
35 158
35 159
35 160
35 162
35 3288
36 9
36 10
36 11
36 13
36 163
37 5
37 20
37 99
37 131
37 132
37 133
37 165
37 166
38 3
38 5
38 20
38 22657
38 22659
38 353204
39 5
39 20
39 202
39 3001
39 3343
39 353205
40 243
40 244
40 245
40 247
40 353206
41 5
41 20
41 202
41 2923
41 2925
41 353207
42 9
42 10
42 11
42 13
42 47090
43 4
43 5
43 99
43 131
43 132
43 133
43 152
43 47091
44 3
44 4
44 5
44 15
44 17
44 47092
45 5
45 84
45 90
45 91
45 93
45 121
45 165697
45 189759
45 353208
46 230
46 231
46 232
46 234
46 353209
47 9
47 10
47 11
47 13
47 163
48 99
48 131
48 132
48 133
48 195
48 236
48 237
49 3
49 20
49 195
49 429
49 4265
49 353210
50 20
50 195
50 202
50 5335
50 5564
50 353211
51 243
51 244
51 245
51 247
51 353212
52 20
52 195
52 202
52 3386
52 3388
52 353213
53 90
53 121
53 122
53 97611
53 211224
53 353215
53 353216
54 4
54 5
54 99
54 133
54 175
54 176
54 178
54 353217
55 3
55 4
55 5
55 642
55 23331
55 353218
56 10
56 146
56 147
56 149
56 353219
57 5
57 27
57 99
57 131
57 132
57 133
57 135
57 353220
58 3
58 4
58 5
58 1573
58 1575
58 353221
59 4
59 5
59 90
59 122
59 708
59 713
59 23260
59 23262
59 353222
60 76
60 342
60 343
60 345
60 169533
61 243
61 244
61 245
61 247
61 353223
62 20
62 82
62 84
62 98
62 100
62 102
62 353224
63 660
63 2310
63 2311
63 2313
63 353225
64 10
64 378
64 379
64 381
64 353226
65 5
65 20
65 99
65 131
65 132
65 133
65 166
65 353227
66 3
66 5
66 20
66 272
66 894
66 353228
67 5
67 20
67 202
67 327
67 329
67 353229
68 9
68 10
68 11
68 13
68 353230
69 4
69 5
69 99
69 131
69 132
69 133
69 152
69 353231
70 3
70 4
70 5
70 59102
70 59104
70 353232
71 76
71 342
71 343
71 345
71 353233
72 82
72 759
72 5284
72 5286
72 353234
73 99
73 131
73 132
73 133
73 195
73 237
73 353235
74 3
74 4
74 15
74 195
74 4121
74 353236
75 84
75 91
75 93
75 121
75 195
75 703
75 707
75 1858
75 353237
76 660
76 1566
76 1567
76 1569
76 353238
77 4
77 195
77 202
77 6690
77 9241
77 353239
78 71
78 76
78 190
78 191
78 353240
seqId 66
1 660
1 2347
1 108273
1 108275
1 353241
2 660
2 2509
2 2510
2 2512
2 353242
3 76
3 342
3 343
3 345
3 353243
4 4
4 5
4 82
4 83
4 84
4 115
4 763
4 1264
4 121414
5 5
5 84
5 91
5 93
5 121
5 702
5 703
5 705
5 353244
6 5
6 20
6 90
6 122
6 708
6 769
6 3391
6 78213
6 107458
7 944
7 945
7 946
7 948
7 353245
8 4
8 5
8 99
8 131
8 132
8 133
8 152
8 353246
9 3
9 4
9 5
9 4737
9 4963
9 113112
9 353247
10 4
10 5
10 202
10 5358
10 66204
10 66206
10 353248
11 243
11 244
11 245
11 247
11 353249
12 4
12 5
12 99
12 131
12 132
12 133
12 152
12 47143
13 4
13 5
13 202
13 7021
13 7023
13 353250
14 3
14 4
14 5
14 5405
14 16412
14 353251
15 4
15 5
15 90
15 122
15 708
15 713
15 768
15 7210
15 353252
16 2822
16 2823
16 2824
16 2826
16 353253
17 10
17 146
17 147
17 149
17 722
18 99
18 131
18 132
18 133
18 195
18 236
18 237
19 20
19 195
19 202
19 2075
19 2077
19 353254
20 3
20 20
20 195
20 2034
20 3403
20 215616
21 84
21 90
21 91
21 93
21 121
21 195
21 2081
21 14250
21 353255
22 660
22 661
22 910
22 1234
22 353256
23 660
23 661
23 1240
23 1242
23 353257
24 90
24 443
24 702
24 10559
24 353258
25 10
25 146
25 147
25 149
25 353259
26 90
26 443
26 115901
26 211027
26 353260
27 76
27 2265
27 2266
27 2268
27 353261
28 243
28 244
28 245
28 247
28 353262
29 660
29 2347
29 2348
29 2350
29 353263
30 660
30 2509
30 2510
30 2512
30 353264
31 90
31 443
31 702
31 10559
31 353265
32 10
32 146
32 147
32 149
32 47162
33 90
33 443
33 8189
33 8191
33 169591
34 76
34 2265
34 2266
34 2268
34 353266
35 10
35 146
35 147
35 149
35 187247
36 4
36 5
36 99
36 131
36 132
36 133
36 152
36 353267
37 3
37 4
37 5
37 34306
37 34308
37 353268
38 9
38 10
38 24
38 26
38 27
38 353269
39 5
39 20
39 99
39 133
39 175
39 176
39 1316
39 353270
40 5
40 20
40 202
40 19896
40 19898
40 353271
41 3
41 5
41 20
41 429
41 431
41 353272
42 243
42 244
42 245
42 247
42 353273
43 9
43 10
43 24
43 26
43 27
43 353274
44 4
44 5
44 99
44 133
44 175
44 176
44 178
44 353275
45 4
45 5
45 202
45 19896
45 19898
45 353276
46 3
46 4
46 5
46 1573
46 1575
46 353277
47 71
47 76
47 190
47 191
47 353278
seqId 67
1 4
1 5
1 82
1 83
1 84
1 115
1 763
1 4750
1 353279
2 27
2 82
2 84
2 114
2 115
2 116
2 118
2 353280
3 5
3 84
3 91
3 93
3 121
3 703
3 707
3 956
3 353281
4 660
4 19069
4 19070
4 19072
4 353282
5 10
5 3889
5 3891
5 9630
5 353283
6 51
6 195
6 1851
6 1853
6 353284
7 4
7 5
7 90
7 122
7 708
7 713
7 24220
7 65487
7 353285
8 9
8 10
8 24
8 26
8 27
8 353286
9 5
9 20
9 99
9 133
9 175
9 176
9 1316
9 353287
10 3
10 5
10 20
10 429
10 431
10 129922
11 5
11 20
11 90
11 122
11 708
11 713
11 1676
11 45984
11 353288
12 76
12 342
12 343
12 345
12 353289
13 5
13 20
13 99
13 131
13 132
13 133
13 166
13 35066
14 3
14 5
14 20
14 1684
14 13711
14 353290
15 5
15 20
15 202
15 5335
15 8517
15 353291
16 230
16 231
16 232
16 234
16 353292
17 9
17 10
17 11
17 13
17 163
18 99
18 131
18 132
18 133
18 195
18 236
18 237
19 76
19 137
19 138
19 140
19 353293
20 3
20 4
20 195
20 8152
20 8154
20 353294
21 9
21 10
21 11
21 13
21 353295
22 5
22 27
22 99
22 131
22 132
22 133
22 135
22 353296
23 3
23 4
23 5
23 6876
23 7950
23 353297
24 76
24 185
24 186
24 188
24 187275
25 121
25 122
25 703
25 707
25 1107
25 47194
26 5
26 20
26 90
26 122
26 708
26 713
26 4148
26 4150
26 353298
27 10
27 3221
27 53306
27 53308
27 353299
28 51
28 195
28 1368
28 1370
28 353300
29 3
29 20
29 195
29 2320
29 16794
29 353301
30 76
30 413
30 414
30 416
30 353302
31 20
31 90
31 122
31 195
31 708
31 713
31 3482
31 40814
31 353303
32 10
32 146
32 147
32 149
32 353304
33 4
33 5
33 99
33 131
33 132
33 133
33 152
33 353305
34 3
34 4
34 5
34 6896
34 6898
34 353306
35 10
35 283
35 284
35 286
35 353307
36 5
36 20
36 99
36 131
36 132
36 133
36 166
36 353308
37 3
37 5
37 20
37 4038
37 15485
37 353309
38 5
38 20
38 202
38 302
38 304
38 353310
39 76
39 433
39 434
39 436
39 353311
40 71
40 76
40 190
40 191
40 301776
seqId 68
1 4
1 5
1 82
1 83
1 84
1 115
1 763
1 4750
1 353312
2 5
2 84
2 90
2 91
2 93
2 121
2 2081
2 2426
2 353313
3 27
3 660
3 21971
3 21974
3 21975
3 39567
3 353314
4 90
4 443
4 1587
4 10674
4 21477
4 353316
5 76
5 342
5 343
5 345
5 353317
6 10
6 126
6 127
6 129
6 353318
7 99
7 131
7 132
7 133
7 195
7 237
7 353319
8 51
8 195
8 11257
8 11259
8 353320
9 3
9 20
9 195
9 6913
9 6915
9 353321
10 10
10 146
10 147
10 149
10 353322
11 90
11 442
11 443
11 445
11 353323
12 76
12 342
12 343
12 345
12 353324
13 5
13 20
13 99
13 131
13 132
13 133
13 166
13 353325
14 3
14 5
14 20
14 981
14 11977
14 187299
15 9
15 10
15 11
15 13
15 353326
16 5
16 20
16 98
16 99
16 100
16 102
16 169662
17 3
17 5
17 20
17 429
17 431
17 353327
18 717
18 718
18 719
18 721
18 353328
19 10
19 146
19 147
19 149
19 722
20 5
20 20
20 99
20 131
20 132
20 133
20 165
20 166
21 3
21 5
21 20
21 1325
21 1327
21 353329
22 12584
22 12585
22 12586
22 12588
22 353330
23 9
23 10
23 11
23 13
23 163
24 5
24 20
24 82
24 759
24 1432
24 6157
24 6158
25 5
25 99
25 115
25 773
25 774
25 775
25 776
25 778
25 353331
26 3
26 4
26 5
26 1573
26 1575
26 353332
27 82
27 84
27 114
27 115
27 116
27 1361
27 353333
28 5
28 84
28 90
28 91
28 93
28 121
28 10796
28 36031
28 353334
29 243
29 244
29 245
29 247
29 3531
30 82
30 84
30 114
30 115
30 116
30 1361
30 344770
31 5
31 84
31 90
31 91
31 93
31 121
31 21513
31 35493
31 353335
32 76
32 413
32 414
32 416
32 353336
33 71
33 90
33 443
33 2487
33 35134
33 40276
33 40279
34 4
34 5
34 99
34 131
34 132
34 133
34 152
34 353337
35 3
35 4
35 5
35 165226
35 165228
35 353338
36 3
36 5
36 20
36 429
36 431
36 353339
37 5
37 20
37 202
37 302
37 304
37 353340
38 10
38 146
38 147
38 149
38 353341
39 51
39 195
39 11257
39 11259
39 353342
40 3
40 20
40 195
40 6913
40 6915
40 353343
41 76
41 433
41 434
41 436
41 353344
42 71
42 76
42 190
42 191
42 353345
seqId 69
1 51
1 52
1 2054
1 2056
1 353346
2 76
2 592
2 593
2 595
2 353347
3 3
3 4
3 5
3 682
3 684
3 353348
4 9
4 10
4 11
4 13
4 353349
5 5
5 27
5 99
5 131
5 132
5 133
5 135
5 353350
6 3
6 5
6 20
6 4311
6 14516
6 353351
7 3
7 4
7 5
7 15
7 17
7 353352
8 9
8 10
8 11
8 13
8 353353
9 5
9 27
9 99
9 131
9 132
9 133
9 135
9 353354
10 2
10 3
10 4
10 5
10 181
10 353355
seqId 70
1 10
1 146
1 1024
1 1026
1 353356
2 5
2 27
2 99
2 131
2 132
2 133
2 135
2 353357
3 3
3 4
3 5
3 14965
3 14967
3 130004
4 158
4 159
4 160
4 162
4 353358
5 9
5 10
5 11
5 13
5 163
6 5
6 20
6 99
6 131
6 132
6 133
6 165
6 166
7 3
7 5
7 20
7 9758
7 9760
7 353359
8 76
8 342
8 343
8 345
8 353360
9 5
9 27
9 99
9 131
9 132
9 133
9 135
9 353361
10 5
10 67
10 1104
10 75755
10 351807
10 351810
10 353362
11 5
11 84
11 91
11 93
11 121
11 702
11 703
11 705
11 169699
12 5
12 20
12 90
12 122
12 708
12 769
12 12336
12 76933
12 301850
13 660
13 2136
13 2137
13 2139
13 353363
14 9
14 10
14 11
14 13
14 57770
15 4
15 5
15 99
15 131
15 132
15 133
15 152
15 353364
16 3
16 4
16 5
16 1913
16 1915
16 353365
17 9
17 10
17 11
17 13
17 121551
18 3
18 4
18 5
18 1931
18 1933
18 353366
19 76
19 342
19 343
19 345
19 353367
20 90
20 443
20 5138
20 20731
20 353368
21 4
21 5
21 99
21 133
21 175
21 176
21 178
21 353369
22 3
22 4
22 5
22 40976
22 40978
22 353370
23 4
23 5
23 202
23 3303
23 3305
23 353371
24 10
24 1387
24 1388
24 1390
24 57780
25 4
25 5
25 99
25 131
25 132
25 133
25 152
25 57781
26 4
26 5
26 67
26 5583
26 5585
26 5586
26 353372
27 67
27 1258
27 57345
27 57346
27 57348
27 353373
28 76
28 342
28 343
28 345
28 353374
29 10
29 109
29 112
29 1539
29 353375
30 3
30 5
30 20
30 1601
30 1603
30 353376
31 10
31 109
31 110
31 112
31 353377
32 72
32 90
32 121
32 122
32 792
32 5390
32 5917
32 323691
32 353379
33 5
33 20
33 99
33 133
33 175
33 176
33 1316
33 353380
34 660
34 7237
34 10032
34 10034
34 353381
35 5
35 20
35 202
35 9877
35 9879
35 353382
36 3
36 5
36 20
36 429
36 431
36 353383
37 76
37 137
37 138
37 140
37 353384
38 5
38 27
38 99
38 131
38 132
38 133
38 699
38 353385
39 3
39 5
39 20
39 317
39 101512
39 353386
40 5
40 20
40 202
40 4397
40 24371
40 49832
40 119322
40 353387
41 76
41 185
41 186
41 188
41 353388
42 76
42 413
42 414
42 416
42 353389
43 67
43 71
43 71
43 72
43 4586
43 9179
43 338861
43 338862
43 353390
44 67
44 340
44 72995
44 142139
44 142550
44 352246
44 352247
44 353391
45 76
45 342
45 343
45 345
45 353392
46 67
46 71
46 1026
46 18413
46 18414
46 353393
47 67
47 1147
47 130327
47 353395
47 353396
47 353397
48 76
48 433
48 434
48 436
48 353398
49 76
49 342
49 343
49 345
49 353399
50 10
50 126
50 127
50 129
50 353400
51 51
51 195
51 10375
51 10377
51 353401
52 3
52 20
52 195
52 6913
52 6915
52 353402
53 76
53 342
53 343
53 345
53 353403
54 82
54 758
54 759
54 761
54 353404
55 5
55 84
55 91
55 92
55 93
55 702
55 703
55 63087
55 353405
56 5
56 20
56 90
56 122
56 702
56 708
56 769
56 1903
56 353406
57 5
57 20
57 99
57 133
57 175
57 176
57 1316
57 353407
58 3
58 5
58 20
58 2429
58 2431
58 353408
59 10
59 126
59 127
59 129
59 130053
60 4
60 5
60 99
60 131
60 132
60 133
60 152
60 353409
61 3
61 4
61 5
61 30890
61 30892
61 30893
61 353410
62 230
62 231
62 232
62 234
62 169745
63 9
63 10
63 11
63 13
63 163
64 99
64 131
64 132
64 133
64 195
64 236
64 237
65 3
65 20
65 195
65 2320
65 16794
65 353411
66 9
66 10
66 11
66 13
66 353412
67 3
67 4
67 5
67 15
67 17
67 353413
68 9
68 10
68 11
68 13
68 353414
69 5
69 27
69 99
69 131
69 132
69 133
69 135
69 353415
70 3
70 4
70 5
70 642
70 23331
70 353416
71 76
71 413
71 414
71 416
71 353417
72 71
72 90
72 443
72 2487
72 40276
72 40279
72 353418
73 76
73 137
73 138
73 140
73 57831
74 3
74 5
74 20
74 4038
74 4040
74 353419
75 5
75 20
75 202
75 302
75 304
75 353420
76 76
76 185
76 186
76 188
76 353421
77 76
77 433
77 434
77 436
77 353422
78 71
78 76
78 190
78 191
78 353423
seqId 71
1 5
1 20
1 98
1 99
1 100
1 8099
1 47339
2 3
2 5
2 20
2 429
2 431
2 353424
3 5
3 20
3 202
3 3386
3 10488
3 353425
4 5
4 84
4 91
4 93
4 121
4 702
4 703
4 705
4 353426
5 5
5 20
5 90
5 122
5 708
5 769
5 2333
5 7738
5 353427
6 9
6 10
6 11
6 13
6 353428
7 90
7 443
7 5138
7 20731
7 353429
8 99
8 133
8 175
8 176
8 195
8 234
8 353430
9 3
9 20
9 195
9 5228
9 5230
9 353431
10 20
10 72
10 195
10 202
10 340
10 22806
10 32062
10 32064
10 353432
11 76
11 342
11 343
11 345
11 353433
12 244
12 15672
12 15673
12 15675
12 353434
13 20
13 195
13 202
13 340
13 22806
13 54437
13 61639
13 353435
14 76
14 342
14 343
14 345
14 353436
15 660
15 6695
15 6696
15 6698
15 353437
16 10
16 1387
16 1388
16 1390
16 353438
17 5
17 27
17 99
17 131
17 132
17 133
17 135
17 353439
18 3
18 4
18 5
18 30801
18 30803
18 353440
19 76
19 342
19 343
19 345
19 353441
20 244
20 1249
20 1250
20 1252
20 353442
21 660
21 1622
21 1623
21 1625
21 353443
22 10
22 1387
22 1388
22 1390
22 353444
23 99
23 133
23 175
23 176
23 195
23 234
23 353445
24 3
24 4
24 195
24 642
24 644
24 353446
25 9
25 10
25 11
25 13
25 353447
26 3
26 4
26 5
26 15
26 17
26 353448
27 9
27 10
27 11
27 13
27 35272
28 67
28 601
28 603
28 1197
28 353449
29 51
29 195
29 2686
29 15391
29 353450
30 71
30 76
30 190
30 191
30 353451
seqId 72
1 660
1 2347
1 108273
1 108275
1 353452
2 5
2 20
2 202
2 9212
2 26026
2 353453
3 76
3 342
3 343
3 345
3 353454
4 5
4 20
4 99
4 131
4 132
4 133
4 166
4 353455
5 3
5 5
5 20
5 2778
5 2780
5 353456
6 10
6 828
6 829
6 831
6 353457
7 67
7 1258
7 57345
7 57346
7 57348
7 353458
8 158
8 159
8 160
8 162
8 353459
9 9
9 10
9 11
9 13
9 163
10 5
10 20
10 99
10 131
10 132
10 133
10 165
10 166
11 3
11 5
11 20
11 429
11 431
11 353460
12 5
12 20
12 202
12 11147
12 11149
12 353461
13 51
13 195
13 75452
13 75454
13 353462
14 76
14 137
14 138
14 140
14 130113
15 67
15 12736
15 49267
15 49269
15 49270
15 148112
15 353463
16 51
16 195
16 206110
16 206112
16 353464
17 75
17 76
17 77
17 79
17 353465
18 4
18 5
18 99
18 133
18 175
18 176
18 178
18 353466
19 3
19 4
19 5
19 206116
19 206118
19 353467
20 4
20 5
20 202
20 54437
20 178839
20 178841
20 353468
21 71
21 76
21 190
21 191
21 353469
seqId 73
1 3
1 5
1 20
1 34802
1 206122
1 206128
1 353470
2 243
2 244
2 245
2 247
2 353471
3 3
3 5
3 20
3 72
3 27718
3 34802
3 206126
3 206128
3 353472
4 10
4 1605
4 1606
4 1608
4 353473
5 4
5 5
5 99
5 131
5 132
5 133
5 152
5 353474
6 4
6 5
6 67
6 3042
6 3045
6 353475
7 243
7 244
7 245
7 247
7 353476
8 99
8 131
8 132
8 133
8 195
8 237
8 353477
9 67
9 72
9 195
9 22053
9 22055
9 22056
9 353478
10 71
10 76
10 190
10 191
10 353479
seqId 74
1 76
1 185
1 186
1 188
1 187442
2 76
2 413
2 414
2 416
2 353480
3 3
3 5
3 20
3 429
3 23585
3 353481
4 90
4 121
4 122
4 792
4 9250
4 37556
4 353482
5 76
5 342
5 343
5 345
5 130162
6 10
6 4185
6 4186
6 4188
6 353483
7 67
7 601
7 603
7 1197
7 353484
8 67
8 605
8 607
8 1199
8 353485
9 76
9 342
9 343
9 345
9 353486
10 5
10 27
10 99
10 131
10 132
10 133
10 135
10 353487
11 5
11 67
11 38351
11 75606
11 353488
12 67
12 10653
12 150986
12 150987
12 150989
12 353489
13 76
13 342
13 343
13 345
13 353490
14 67
14 601
14 603
14 1197
14 353491
15 51
15 195
15 2686
15 15391
15 353492
16 76
16 342
16 343
16 345
16 187451
17 5
17 20
17 99
17 131
17 132
17 133
17 166
17 187452
18 3
18 5
18 20
18 24554
18 50235
18 353493
19 5
19 20
19 202
19 2923
19 50020
19 353494
20 9
20 10
20 11
20 13
20 353495
21 3
21 4
21 5
21 59102
21 140647
21 353496
22 243
22 244
22 245
22 247
22 35361
23 5
23 20
23 90
23 122
23 708
23 713
23 19582
23 151262
23 353497
24 10
24 146
24 147
24 149
24 353498
25 90
25 443
25 5874
25 131212
25 353499
26 5
26 20
26 99
26 133
26 175
26 176
26 1316
26 353500
27 3
27 5
27 20
27 10672
27 10674
27 353501
28 9
28 10
28 11
28 13
28 353502
29 3
29 4
29 5
29 15
29 17
29 353503
30 76
30 433
30 434
30 436
30 325632
31 5
31 84
31 91
31 92
31 93
31 702
31 703
31 35382
31 63087
32 5
32 20
32 90
32 122
32 708
32 768
32 769
32 771
32 353504
33 5
33 27
33 99
33 131
33 132
33 133
33 135
33 353505
34 3
34 4
34 5
34 780
34 782
34 353506
35 10
35 146
35 147
35 149
35 353507
36 4
36 5
36 99
36 131
36 132
36 133
36 152
36 353508
37 3
37 4
37 5
37 1536
37 4896
37 353509
38 158
38 159
38 160
38 162
38 353510
39 9
39 10
39 11
39 13
39 163
40 5
40 20
40 99
40 131
40 132
40 133
40 165
40 166
41 3
41 5
41 20
41 35288
41 35290
41 353511
42 9
42 10
42 11
42 13
42 353512
43 3
43 4
43 5
43 59102
43 140647
43 353513
44 4
44 5
44 202
44 13322
44 48936
44 353514
45 4
45 5
45 202
45 21185
45 140675
45 353515
46 71
46 76
46 190
46 191
46 93477
seqId 75
1 5
1 20
1 99
1 131
1 132
1 133
1 967
1 353516
2 5
2 20
2 67
2 4796
2 58295
2 111218
2 353518
2 353519
3 5
3 84
3 91
3 93
3 121
3 703
3 707
3 956
3 353520
4 5
4 20
4 99
4 133
4 175
4 176
4 1316
4 353521
5 3
5 5
5 20
5 13609
5 13611
5 353522
6 9
6 10
6 11
6 13
6 353523
7 3
7 5
7 20
7 1320
7 1322
7 353524
8 20
8 72
8 195
8 202
8 340
8 32064
8 55652
8 68082
8 353525
9 76
9 342
9 343
9 345
9 353526
10 90
10 121
10 122
10 8855
10 8857
10 353527
11 99
11 133
11 175
11 176
11 195
11 234
11 169897
12 3
12 20
12 71
12 71
12 71
12 71
12 72
12 195
12 340
12 340
12 1104
12 1104
12 1230
12 1231
12 11681
12 57658
12 353528
13 76
13 342
13 343
13 345
13 353529
14 99
14 133
14 175
14 176
14 195
14 234
14 353530
15 3
15 20
15 71
15 71
15 195
15 340
15 1104
15 41855
15 56416
15 353531
16 243
16 244
16 245
16 247
16 130263
17 99
17 133
17 175
17 176
17 195
17 234
17 353532
18 3
18 20
18 71
18 71
18 195
18 340
18 792
18 1104
18 1808
18 1809
18 56365
18 353533
19 76
19 342
19 343
19 345
19 325678
20 3
20 5
20 20
20 71
20 71
20 340
20 1104
20 2655
20 353534
20 353535
21 10
21 146
21 147
21 149
21 353536
22 5
22 27
22 99
22 131
22 132
22 133
22 135
22 353537
23 4
23 5
23 82
23 84
23 85
23 175
23 178
23 353538
24 230
24 231
24 232
24 234
24 353539
25 9
25 10
25 11
25 13
25 163
26 99
26 131
26 132
26 133
26 195
26 236
26 237
27 51
27 195
27 1368
27 1370
27 353540
28 3
28 4
28 195
28 642
28 644
28 353541
29 9
29 10
29 11
29 13
29 353542
30 3
30 4
30 5
30 15
30 17
30 353543
31 158
31 159
31 160
31 162
31 325689
32 9
32 10
32 11
32 13
32 163
33 5
33 20
33 99
33 131
33 132
33 133
33 165
33 166
34 3
34 5
34 20
34 56527
34 108516
34 353544
35 9
35 10
35 11
35 13
35 353545
36 3
36 4
36 5
36 59102
36 140647
36 353546
37 9
37 10
37 11
37 13
37 353547
38 67
38 605
38 607
38 1199
38 353548
39 75
39 76
39 77
39 79
39 353549
40 5
40 27
40 99
40 131
40 132
40 133
40 135
40 353550
41 5
41 67
41 1104
41 75755
41 351807
41 351810
41 353551
42 76
42 342
42 343
42 345
42 3958
43 67
43 296
43 140796
43 140797
43 140799
43 353552
44 76
44 413
44 414
44 416
44 353553
45 3
45 4
45 5
45 14686
45 49719
45 353554
46 230
46 231
46 232
46 234
46 353555
47 9
47 10
47 11
47 13
47 163
48 99
48 131
48 132
48 133
48 195
48 236
48 237
49 3
49 20
49 195
49 35863
49 140877
49 353556
50 243
50 244
50 245
50 247
50 353557
51 230
51 231
51 232
51 234
51 353558
52 9
52 10
52 11
52 13
52 163
53 99
53 131
53 132
53 133
53 195
53 236
53 237
54 3
54 4
54 195
54 340
54 13797
54 36822
54 353559
55 76
55 342
55 343
55 345
55 353560
56 67
56 55291
56 55292
56 55294
56 353561
57 51
57 195
57 18193
57 56102
57 140596
57 353562
58 76
58 433
58 434
58 436
58 353563
59 243
59 244
59 245
59 247
59 353564
60 67
60 194396
60 273821
60 352194
60 352195
60 353565
61 76
61 413
61 414
61 416
61 353566
62 3
62 5
62 20
62 4434
62 55490
62 353567
63 9
63 10
63 11
63 13
63 353568
64 3
64 4
64 5
64 5804
64 35103
64 36230
64 353569
65 76
65 342
65 343
65 345
65 353570
66 3
66 4
66 5
66 59102
66 140647
66 353571
67 243
67 244
67 245
67 247
67 353572
68 3
68 4
68 195
68 340
68 5804
68 10827
68 30801
68 35034
68 353574
69 4
69 195
69 202
69 340
69 3199
69 3201
69 353575
70 76
70 342
70 343
70 345
70 353576
71 67
71 55291
71 55292
71 55294
71 353577
72 51
72 195
72 92942
72 141707
72 141709
72 353578
73 76
73 433
73 434
73 436
73 353579
74 71
74 76
74 190
74 191
74 302145
seqId 76
1 5
1 99
1 115
1 773
1 774
1 775
1 776
1 31621
1 35508
2 3
2 5
2 20
2 1650
2 3499
2 353580
3 5
3 84
3 91
3 93
3 121
3 703
3 707
3 956
3 187550
4 9
4 10
4 11
4 13
4 216002
5 90
5 443
5 2333
5 3366
5 353581
6 2822
6 2823
6 2824
6 2826
6 35513
7 10
7 146
7 147
7 149
7 722
8 99
8 131
8 132
8 133
8 195
8 236
8 237
9 3
9 20
9 71
9 71
9 195
9 340
9 1104
9 41855
9 56416
9 353582
10 20
10 71
10 71
10 195
10 202
10 340
10 1104
10 137185
10 353584
10 353585
11 10
11 828
11 829
11 831
11 353586
12 4
12 5
12 99
12 131
12 132
12 133
12 152
12 353587
13 3
13 4
13 5
13 59102
13 59104
13 353588
14 4
14 5
14 202
14 13322
14 31197
14 353589
15 4
15 5
15 202
15 21185
15 78431
15 353590
16 9
16 10
16 11
16 13
16 353591
17 82
17 84
17 114
17 115
17 116
17 1361
17 353592
18 90
18 443
18 4414
18 329065
18 353593
19 9
19 10
19 11
19 13
19 353594
20 3
20 4
20 5
20 3615
20 3617
20 353595
21 4
21 5
21 202
21 6269
21 10569
21 353596
22 76
22 342
22 343
22 345
22 353597
23 9
23 10
23 11
23 13
23 93584
24 660
24 22631
24 22632
24 22634
24 353598
25 90
25 443
25 14777
25 14779
25 353599
26 99
26 115
26 195
26 773
26 775
26 776
26 2192
26 2194
26 353600
27 3
27 20
27 195
27 1320
27 3384
27 353601
28 20
28 195
28 202
28 20423
28 91768
28 353602
29 76
29 342
29 343
29 345
29 58100
30 9
30 10
30 24
30 26
30 27
30 353603
31 90
31 443
31 11173
31 126047
31 353604
32 99
32 133
32 175
32 176
32 195
32 234
32 353605
33 3
33 20
33 195
33 1320
33 3384
33 47587
34 20
34 195
34 202
34 5335
34 5564
34 353606
35 243
35 244
35 245
35 247
35 353607
36 9
36 10
36 11
36 13
36 353608
37 90
37 443
37 768
37 4129
37 353609
38 660
38 976
38 977
38 979
38 353610
39 660
39 2347
39 2350
39 2522
39 353611
40 9
40 10
40 11
40 13
40 353612
41 3
41 4
41 5
41 7721
41 7723
41 353613
42 10
42 146
42 147
42 149
42 58123
43 4
43 5
43 99
43 133
43 175
43 176
43 178
43 353614
44 3
44 4
44 5
44 6046
44 6048
44 353615
45 4
45 5
45 202
45 1466
45 1468
45 353616
46 158
46 159
46 160
46 162
46 353617
47 9
47 10
47 11
47 13
47 163
48 5
48 20
48 99
48 131
48 132
48 133
48 165
48 166
49 3
49 5
49 20
49 1320
49 1322
49 353618
50 9
50 10
50 11
50 13
50 47630
51 3
51 4
51 5
51 15
51 17
51 353619
52 82
52 758
52 759
52 761
52 170023
53 5
53 84
53 91
53 93
53 121
53 703
53 707
53 956
53 353620
54 5
54 20
54 90
54 122
54 708
54 713
54 56461
54 56463
54 353621
55 10
55 126
55 127
55 129
55 47639
56 5
56 20
56 99
56 131
56 132
56 133
56 166
56 353622
57 3
57 5
57 20
57 9758
57 9760
57 353623
58 9
58 10
58 11
58 13
58 353624
59 67
59 605
59 607
59 1199
59 353625
60 71
60 76
60 190
60 191
60 353626
seqId 77
1 27
1 310
1 945
1 2473
1 25995
1 353627
2 5
2 20
2 82
2 83
2 84
2 115
2 763
2 1002
2 353628
3 5
3 84
3 91
3 93
3 121
3 703
3 707
3 956
3 353629
4 660
4 1377
4 6485
4 6487
4 353630
5 660
5 13091
5 13092
5 13094
5 353631
6 5
6 20
6 202
6 99070
6 99072
6 353633
7 9
7 10
7 11
7 13
7 353634
8 4
8 5
8 99
8 131
8 132
8 133
8 152
8 353635
9 3
9 4
9 5
9 34306
9 34308
9 353636
10 9
10 10
10 24
10 26
10 27
10 353637
11 5
11 20
11 99
11 133
11 175
11 176
11 1316
11 353638
12 3
12 5
12 20
12 4311
12 14516
12 353639
13 10
13 378
13 379
13 381
13 353640
14 5
14 99
14 115
14 773
14 776
14 2192
14 28103
14 28105
14 353641
15 3
15 4
15 5
15 642
15 23331
15 353642
16 76
16 413
16 414
16 416
16 353643
17 10
17 109
17 110
17 112
17 35618
18 90
18 121
18 122
18 792
18 30624
18 68909
18 353644
19 3
19 20
19 195
19 1320
19 3384
19 58187
20 20
20 72
20 195
20 202
20 340
20 32064
20 55652
20 68082
20 353645
21 10
21 126
21 127
21 129
21 353646
22 5
22 20
22 99
22 131
22 132
22 133
22 166
22 353647
23 3
23 5
23 20
23 9758
23 9760
23 353648
24 9
24 10
24 11
24 13
24 353649
25 67
25 605
25 607
25 1199
25 353650
26 76
26 342
26 343
26 345
26 353651
27 244
27 19444
27 19445
27 19447
27 353652
28 10
28 1387
28 1388
28 1390
28 353653
29 99
29 131
29 132
29 133
29 195
29 237
29 345105
30 3
30 20
30 195
30 2034
30 3403
30 353654
31 9
31 10
31 11
31 13
31 353655
32 4
32 5
32 99
32 131
32 132
32 133
32 152
32 353656
33 4
33 5
33 67
33 5583
33 5585
33 5586
33 353657
34 76
34 2265
34 2266
34 2268
34 216107
35 67
35 601
35 603
35 1197
35 353658
36 51
36 195
36 2686
36 15391
36 353659
37 76
37 342
37 343
37 345
37 4170
38 5
38 20
38 99
38 131
38 132
38 133
38 166
38 4171
39 5
39 20
39 67
39 74483
39 351810
39 353661
39 353662
40 76
40 2265
40 2266
40 2268
40 353663
41 243
41 244
41 245
41 247
41 130554
42 72
42 660
42 721
42 5077
42 5078
42 5080
42 353664
43 76
43 342
43 343
43 345
43 353665
44 71
44 90
44 443
44 2487
44 40276
44 40279
44 353666
45 5
45 27
45 99
45 131
45 132
45 133
45 135
45 353667
46 5
46 67
46 38351
46 75606
46 353668
47 76
47 433
47 434
47 436
47 353669
48 76
48 342
48 343
48 345
48 353670
49 5
49 20
49 99
49 131
49 132
49 133
49 166
49 353671
50 5
50 20
50 67
50 4796
50 58295
50 111218
50 353518
50 353672
51 27
51 660
51 661
51 910
51 912
51 353673
52 5
52 84
52 91
52 93
52 121
52 703
52 707
52 956
52 353674
53 660
53 661
53 1240
53 1242
53 353675
54 5
54 20
54 99
54 131
54 132
54 133
54 166
54 353676
55 5
55 20
55 202
55 3106
55 3108
55 353677
56 10
56 109
56 110
56 112
56 353678
57 5
57 99
57 115
57 773
57 774
57 775
57 776
57 778
57 353679
58 3
58 5
58 20
58 5945
58 5947
58 353680
59 76
59 342
59 343
59 345
59 353681
60 71
60 90
60 443
60 2487
60 40276
60 40279
60 353682
61 4
61 5
61 99
61 131
61 132
61 133
61 152
61 93694
62 3
62 4
62 5
62 165226
62 165228
62 353683
63 76
63 137
63 138
63 140
63 353684
64 3
64 20
64 195
64 3775
64 19731
64 353685
65 20
65 195
65 202
65 340
65 4047
65 4049
65 353686
66 76
66 185
66 186
66 188
66 353687
67 71
67 76
67 190
67 191
67 353688
seqId 78
1 10
1 146
1 1024
1 1026
1 353689
2 4
2 5
2 99
2 133
2 175
2 176
2 178
2 353690
3 3
3 4
3 5
3 14965
3 14967
3 353691
4 660
4 2347
4 2348
4 2350
4 353692
5 4
5 5
5 202
5 4270
5 18030
5 353693
6 76
6 342
6 343
6 345
6 170089
7 5
7 20
7 81
7 82
7 83
7 84
7 85
7 87
7 353694
8 5
8 84
8 90
8 91
8 92
8 93
8 96
8 4063
8 5056
8 353695
9 944
9 945
9 946
9 948
9 353696
10 76
10 342
10 343
10 345
10 353697
11 10
11 7340
11 9033
11 9035
11 353698
12 4
12 5
12 98
12 99
12 100
12 1927
12 353699
13 3
13 4
13 5
13 729
13 4454
13 353700
14 76
14 342
14 343
14 345
14 345133
15 5
15 27
15 99
15 131
15 132
15 133
15 135
15 353701
16 3
16 4
16 5
16 642
16 23331
16 353702
17 5
17 84
17 91
17 93
17 121
17 703
17 707
17 956
17 353703
18 3
18 5
18 20
18 2034
18 2036
18 353704
19 5
19 20
19 202
19 62155
19 62157
19 353705
20 9
20 10
20 11
20 13
20 353706
21 5
21 27
21 99
21 131
21 132
21 133
21 135
21 353707
22 5
22 67
22 2689
22 34134
22 353708
23 67
23 1104
23 5978
23 37859
23 48974
23 189216
23 189217
23 353709
24 76
24 413
24 414
24 416
24 353710
25 243
25 244
25 245
25 247
25 353711
26 944
26 945
26 946
26 948
26 353712
27 5
27 99
27 115
27 773
27 774
27 775
27 776
27 778
27 353713
28 3
28 5
28 20
28 1299
28 10243
28 353714
29 27
29 82
29 84
29 114
29 115
29 116
29 118
29 47740
30 5
30 84
30 91
30 93
30 121
30 703
30 707
30 956
30 353715
31 5
31 20
31 90
31 122
31 708
31 769
31 9250
31 25965
31 353716
32 10
32 283
32 284
32 286
32 353717
33 5
33 20
33 99
33 131
33 132
33 133
33 166
33 353718
34 3
34 5
34 20
34 10295
34 26593
34 353719
35 5
35 20
35 202
35 297445
35 297447
35 353720
36 9
36 10
36 11
36 13
36 353721
37 4
37 5
37 98
37 99
37 100
37 1927
37 353722
38 3
38 4
38 5
38 2689
38 34134
38 353723
39 76
39 433
39 434
39 436
39 353724
40 76
40 342
40 343
40 345
40 353725
41 20
41 82
41 84
41 98
41 100
41 102
41 353726
42 82
42 758
42 759
42 761
42 353727
43 76
43 342
43 343
43 345
43 325878
44 10
44 283
44 284
44 286
44 353728
45 4
45 5
45 99
45 133
45 175
45 176
45 178
45 353729
46 3
46 4
46 5
46 40976
46 40978
46 353730
47 76
47 342
47 343
47 345
47 353731
48 5
48 27
48 82
48 83
48 84
48 115
48 135
48 763
48 353732
49 5
49 84
49 90
49 91
49 93
49 121
49 58812
49 83188
49 353733
50 10
50 146
50 147
50 149
50 353734
51 90
51 443
51 3100
51 68740
51 353735
52 99
52 131
52 132
52 133
52 195
52 237
52 353736
53 3
53 20
53 195
53 43492
53 43494
53 353737
54 9
54 10
54 11
54 13
54 353738
55 5
55 99
55 115
55 773
55 774
55 775
55 776
55 778
55 353739
56 3
56 5
56 20
56 981
56 11977
56 353740
57 71
57 76
57 190
57 191
57 353741
seqId 79
1 3
1 4
1 5
1 58946
1 189826
1 353742
2 9
2 10
2 24
2 26
2 27
2 353743
3 67
3 1104
3 5978
3 37859
3 48974
3 189216
3 189217
3 353744
4 75
4 76
4 77
4 79
4 353745
5 5
5 20
5 90
5 122
5 708
5 713
5 5533
5 8486
5 353746
6 10
6 378
6 379
6 381
6 353747
7 99
7 131
7 132
7 133
7 195
7 237
7 345171
8 51
8 195
8 2847
8 11803
8 93749
9 3
9 4
9 195
9 729
9 731
9 353748
10 10
10 146
10 147
10 149
10 353749
11 90
11 442
11 443
11 445
11 353750
12 10
12 1387
12 1388
12 1390
12 353751
13 5
13 20
13 99
13 133
13 175
13 176
13 1316
13 353752
14 3
14 5
14 20
14 47573
14 47575
14 353753
15 9
15 10
15 11
15 13
15 353754
16 51
16 195
16 2686
16 15391
16 353755
17 3
17 20
17 195
17 102645
17 102647
17 353756
18 9
18 10
18 24
18 26
18 27
18 353757
19 3
19 20
19 195
19 2689
19 2691
19 353758
20 10
20 378
20 379
20 381
20 353759
21 5
21 27
21 99
21 131
21 132
21 133
21 135
21 353760
22 3
22 5
22 20
22 3394
22 3396
22 353761
23 9
23 10
23 11
23 13
23 353762
24 4
24 5
24 99
24 131
24 132
24 133
24 152
24 130662
25 3
25 4
25 5
25 1913
25 1915
25 353763
26 76
26 342
26 343
26 345
26 353764
27 67
27 1104
27 5978
27 37859
27 48974
27 189216
27 189217
27 353765
28 5
28 84
28 90
28 91
28 92
28 93
28 142
28 353767
28 353768
29 10
29 146
29 147
29 149
29 353769
30 443
30 703
30 4766
30 5065
30 353770
31 90
31 443
31 15945
31 33410
31 353771
32 99
32 133
32 175
32 176
32 195
32 234
32 353772
33 3
33 4
33 195
33 340
33 5256
33 5258
33 353773
34 10
34 1605
34 1606
34 1608
34 353774
35 99
35 131
35 132
35 133
35 195
35 237
35 353775
36 3
36 4
36 195
36 347
36 349
36 353776
37 4
37 195
37 202
37 2960
37 2962
37 353777
38 76
38 342
38 343
38 345
38 47815
39 10
39 109
39 110
39 112
39 170184
40 90
40 121
40 122
40 2514
40 353779
40 353780
41 243
41 244
41 245
41 247
41 353781
42 10
42 109
42 110
42 112
42 353782
43 90
43 121
43 122
43 792
43 2784
43 12536
43 353783
44 99
44 133
44 175
44 176
44 195
44 234
44 216245
45 3
45 20
45 195
45 429
45 4265
45 353784
46 20
46 90
46 122
46 195
46 708
46 713
46 11410
46 37034
46 353785
47 10
47 126
47 127
47 129
47 353786
48 99
48 133
48 175
48 176
48 195
48 234
48 325934
49 3
49 4
49 195
49 4198
49 4662
49 353787
50 4
50 195
50 202
50 3272
50 21191
50 353788
51 10
51 1605
51 1606
51 1608
51 353789
52 3
52 4
52 5
52 15
52 17
52 353790
53 243
53 244
53 245
53 247
53 353791
54 3
54 4
54 5
54 4900
54 4902
54 353792
55 4
55 5
55 202
55 55615
55 156744
55 353793
56 76
56 413
56 414
56 416
56 353794
57 3
57 5
57 20
57 4925
57 4927
57 353795
58 76
58 342
58 343
58 345
58 93804
59 3
59 5
59 20
59 11709
59 11711
59 353796
60 76
60 433
60 434
60 436
60 353797
61 76
61 342
61 343
61 345
61 353798
62 10
62 1605
62 1606
62 1608
62 353799
63 3
63 4
63 5
63 504
63 14984
63 353800
64 4
64 5
64 202
64 35796
64 140829
64 353801
65 76
65 342
65 343
65 345
65 187750
66 3
66 4
66 5
66 5390
66 49831
66 82115
66 107849
66 353803
67 243
67 244
67 245
67 247
67 353804
68 3
68 4
68 195
68 29726
68 29728
68 353805
69 4
69 195
69 202
69 2947
69 8713
69 353806
70 76
70 342
70 343
70 345
70 353807
71 10
71 1605
71 1606
71 1608
71 353808
72 3
72 4
72 195
72 340
72 35326
72 35328
72 353809
73 76
73 342
73 343
73 345
73 353810
74 3
74 4
74 5
74 69912
74 69914
74 353811
75 76
75 342
75 343
75 345
75 170228
76 3
76 5
76 20
76 92118
76 92120
76 353812
77 243
77 244
77 245
77 247
77 325963
78 3
78 4
78 195
78 313
78 6526
78 353813
79 4
79 195
79 202
79 322
79 324
79 353814
80 76
80 342
80 343
80 345
80 47877
81 10
81 1605
81 1606
81 1608
81 353815
82 3
82 20
82 195
82 1191
82 1193
82 353816
83 20
83 195
83 202
83 6881
83 6883
83 353817
84 76
84 342
84 343
84 345
84 353818
85 3
85 4
85 195
85 347
85 349
85 353819
86 4
86 195
86 202
86 8705
86 37392
86 353820
87 76
87 342
87 343
87 345
87 353821
88 3
88 20
88 195
88 340
88 34799
88 34801
88 34802
88 353822
89 20
89 195
89 202
89 340
89 33629
89 61249
89 353823
90 243
90 244
90 245
90 247
90 353824
91 3
91 20
91 195
91 2960
91 2962
91 353825
92 20
92 195
92 202
92 6519
92 41618
92 353826
93 71
93 76
93 190
93 191
93 353827
seqId 80
1 51
1 52
1 1705
1 1707
1 353828
2 76
2 592
2 593
2 595
2 353829
3 3
3 20
3 195
3 9675
3 14622
3 353830
4 243
4 244
4 245
4 247
4 353831
5 3
5 4
5 195
5 897
5 3520
5 353832
6 9
6 10
6 11
6 13
6 353833
7 3
7 4
7 5
7 15
7 17
7 353834
seqId 81
1 76
1 413
1 414
1 416
1 353835
2 10
2 378
2 379
2 381
2 353836
3 5
3 27
3 99
3 131
3 132
3 133
3 135
3 353837
4 2
4 3
4 4
4 5
4 181
4 353838
5 244
5 19444
5 19445
5 19447
5 353839
6 10
6 828
6 829
6 831
6 4476
7 3
7 4
7 5
7 642
7 23331
7 353840
8 244
8 418
8 419
8 421
8 353841
9 3
9 5
9 20
9 1684
9 13711
9 353842
10 76
10 433
10 434
10 436
10 353843
seqId 82
1 3
1 5
1 20
1 4038
1 4040
1 353844
2 5
2 202
2 302
2 304
2 353845
seqId 83
1 10
1 146
1 1026
1 1539
1 353846
2 90
2 443
2 1334
2 8849
2 353847
3 158
3 159
3 160
3 162
3 353848
4 9
4 10
4 11
4 13
4 163
5 5
5 20
5 99
5 131
5 132
5 133
5 165
5 166
6 3
6 5
6 20
6 1684
6 13711
6 353849
7 5
7 20
7 202
7 14726
7 14727
7 43512
7 43514
7 353850
8 99
8 131
8 132
8 133
8 195
8 237
8 353851
9 76
9 137
9 138
9 140
9 353852
10 3
10 4
10 195
10 8152
10 8154
10 122064
11 9
11 10
11 11
11 13
11 122065
12 5
12 27
12 99
12 131
12 132
12 133
12 135
12 353853
13 3
13 4
13 5
13 6876
13 7950
13 353854
14 76
14 185
14 186
14 188
14 353855
15 76
15 342
15 343
15 345
15 353856
16 5
16 27
16 99
16 131
16 132
16 133
16 135
16 353857
17 3
17 4
17 5
17 642
17 23331
17 353858
18 82
18 84
18 114
18 115
18 116
18 1361
18 47927
19 5
19 84
19 90
19 91
19 93
19 121
19 1676
19 4779
19 353859
20 10
20 3221
20 53306
20 53308
20 353860
21 51
21 195
21 1368
21 1370
21 353861
22 3
22 20
22 195
22 2320
22 16794
22 353862
23 71
23 76
23 190
23 191
23 353863
seqId 84
1 5
1 85
1 99
1 10078
1 27149
1 353864
2 3
2 5
2 20
2 10402
2 41855
2 353865
3 5
3 84
3 90
3 91
3 93
3 121
3 2832
3 11345
3 353866
4 4
4 5
4 99
4 115
4 773
4 774
4 775
4 776
4 3330
4 353867
5 3
5 4
5 5
5 15
5 17
5 353868
6 10
6 3221
6 53306
6 53308
6 93891
7 98
7 99
7 100
7 195
7 2073
7 353869
8 3
8 20
8 195
8 2320
8 16794
8 353870
9 10
9 2408
9 2410
9 4531
9 10221
10 443
10 703
10 707
10 2086
10 353871
11 5
11 20
11 90
11 122
11 708
11 713
11 76529
11 76531
11 353872
12 10
12 828
12 829
12 831
12 353873
13 5
13 20
13 99
13 133
13 175
13 176
13 1316
13 353874
14 3
14 5
14 20
14 533
14 535
14 536
14 353875
15 5
15 20
15 202
15 10459
15 10461
15 353876
16 10
16 146
16 147
16 149
16 353877
17 5
17 20
17 99
17 133
17 175
17 176
17 1316
17 216348
18 3
18 5
18 20
18 2320
18 2322
18 353878
19 10
19 109
19 112
19 1539
19 58542
20 3
20 5
20 20
20 1601
20 1603
20 353879
21 76
21 342
21 343
21 345
21 187835
22 660
22 2310
22 2311
22 2313
22 353880
23 945
23 2473
23 2474
23 2476
23 353881
24 5
24 20
24 99
24 131
24 132
24 133
24 166
24 1539
24 353882
25 660
25 2347
25 2348
25 2350
25 353883
26 660
26 12080
26 12081
26 12083
26 122099
27 5
27 20
27 82
27 83
27 84
27 115
27 763
27 1002
27 353884
28 5
28 84
28 90
28 91
28 93
28 121
28 168214
28 223095
28 353885
29 99
29 115
29 195
29 773
29 774
29 775
29 776
29 3400
29 353886
30 3
30 20
30 195
30 1320
30 3384
30 353887
31 660
31 165728
31 315811
31 315812
31 315814
31 353888
32 10
32 283
32 284
32 286
32 353889
33 5
33 20
33 99
33 133
33 175
33 176
33 1316
33 353890
34 3
34 5
34 20
34 2320
34 2322
34 353891
35 5
35 20
35 90
35 122
35 708
35 713
35 768
35 771
35 353892
36 71
36 76
36 190
36 191
36 353893
seqId 85
1 51
1 52
1 680
1 1993
1 353894
2 71
2 76
2 190
2 191
2 93921
seqId 86
1 5
1 27
1 99
1 131
1 132
1 133
1 699
1 353895
2 3
2 5
2 20
2 2320
2 2322
2 353896
3 3
3 4
3 195
3 340
3 8152
3 111133
3 353897
4 243
4 244
4 245
4 247
4 353898
5 3
5 4
5 195
5 19879
5 26830
5 353899
6 9
6 10
6 11
6 13
6 353900
7 4
7 5
7 99
7 131
7 132
7 133
7 152
7 353901
8 3
8 4
8 5
8 313
8 5251
8 353902
9 76
9 342
9 343
9 345
9 353903
10 5
10 84
10 90
10 91
10 93
10 121
10 3482
10 35076
10 353904
11 660
11 1377
11 6485
11 6487
11 353905
12 9
12 10
12 26
12 27
12 1539
12 353906
13 3
13 5
13 20
13 7120
13 7122
13 353907
14 5
14 20
14 99
14 133
14 175
14 176
14 1316
14 187862
15 3
15 5
15 20
15 3394
15 3396
15 353908
16 9
16 10
16 11
16 13
16 353909
17 3
17 4
17 15
17 195
17 4121
17 353910
18 4
18 5
18 202
18 15492
18 15494
18 353911
19 243
19 244
19 245
19 247
19 353912
20 5
20 20
20 90
20 122
20 708
20 713
20 40016
20 40018
20 353914
21 76
21 342
21 343
21 345
21 353915
22 158
22 159
22 160
22 162
22 58589
23 9
23 10
23 11
23 13
23 163
24 5
24 20
24 99
24 131
24 132
24 133
24 165
24 166
25 3
25 5
25 20
25 24951
25 38843
25 353916
26 5
26 20
26 202
26 340
26 10649
26 10651
26 10652
26 10653
26 10654
26 353917
27 76
27 342
27 343
27 345
27 353918
28 27
28 72
28 72
28 244
28 2487
28 25043
28 25046
28 25047
28 25048
28 170495
28 353919
29 76
29 342
29 343
29 345
29 326091
30 945
30 2473
30 2474
30 2476
30 353920
31 5
31 20
31 27
31 81
31 82
31 83
31 84
31 85
31 135
31 13403
31 353921
32 5
32 84
32 90
32 91
32 93
32 121
32 47017
32 47019
32 353922
33 76
33 342
33 343
33 345
33 93958
34 158
34 159
34 160
34 162
34 93959
35 9
35 10
35 11
35 13
35 163
36 5
36 20
36 99
36 131
36 132
36 133
36 165
36 166
37 3
37 5
37 20
37 24951
37 38843
37 353923
38 9
38 10
38 11
38 13
38 353924
39 4
39 5
39 99
39 131
39 132
39 133
39 152
39 93961
40 3
40 4
40 5
40 3691
40 3693
40 353925
41 10
41 126
41 127
41 129
41 353926
42 99
42 131
42 132
42 133
42 195
42 237
42 353927
43 3
43 4
43 195
43 19879
43 26830
43 353928
44 9
44 10
44 11
44 13
44 353929
45 4
45 5
45 99
45 131
45 132
45 133
45 152
45 353930
46 3
46 4
46 5
46 313
46 5251
46 353931
47 71
47 76
47 190
47 191
47 353932
seqId 87
1 4
1 5
1 99
1 133
1 175
1 176
1 5129
1 353933
2 4
2 5
2 202
2 6111
2 151303
2 353934
3 3
3 4
3 5
3 3691
3 3693
3 353935
4 76
4 342
4 343
4 345
4 353936
5 5
5 20
5 27
5 82
5 84
5 98
5 100
5 2487
5 353937
6 5
6 84
6 91
6 93
6 121
6 703
6 707
6 956
6 353938
7 4
7 5
7 99
7 133
7 175
7 176
7 178
7 353939
8 3
8 4
8 5
8 3441
8 33896
8 353940
9 4
9 5
9 202
9 76625
9 76627
9 353941
10 9
10 10
10 11
10 13
10 353942
11 5
11 99
11 115
11 773
11 776
11 2192
11 28103
11 28105
11 353943
12 3
12 4
12 5
12 642
12 23331
12 353944
13 76
13 342
13 343
13 345
13 353945
14 5
14 84
14 91
14 93
14 121
14 703
14 707
14 956
14 353946
15 4
15 5
15 90
15 122
15 708
15 713
15 4845
15 25202
15 353947
16 10
16 146
16 149
16 1539
16 35971
17 3
17 5
17 20
17 31708
17 31710
17 35972
18 230
18 231
18 232
18 234
18 353948
19 9
19 10
19 11
19 13
19 163
20 99
20 131
20 132
20 133
20 195
20 236
20 237
21 3
21 4
21 195
21 313
21 6526
21 353949
22 158
22 159
22 160
22 162
22 302528
23 9
23 10
23 11
23 13
23 163
24 5
24 20
24 99
24 131
24 132
24 133
24 165
24 166
25 3
25 5
25 20
25 33333
25 33335
25 353950
26 76
26 342
26 343
26 345
26 353951
27 9
27 10
27 11
27 13
27 187903
28 4
28 5
28 99
28 131
28 132
28 133
28 152
28 35977
29 3
29 4
29 5
29 26989
29 26991
29 130877
30 243
30 244
30 245
30 247
30 130878
31 230
31 231
31 232
31 234
31 353952
32 9
32 10
32 11
32 13
32 163
33 99
33 131
33 132
33 133
33 195
33 236
33 237
34 3
34 4
34 195
34 313
34 6526
34 35981
35 4
35 195
35 202
35 340
35 78900
35 78902
35 353953
36 76
36 413
36 414
36 416
36 353954
37 3
37 4
37 5
37 22458
37 22460
37 353955
38 243
38 244
38 245
38 247
38 35992
39 3
39 4
39 195
39 172261
39 172263
39 353956
40 76
40 433
40 434
40 436
40 353957
41 76
41 342
41 343
41 345
41 326134
42 27
42 72
42 72
42 244
42 2487
42 4694
42 25043
42 25046
42 25047
42 25048
42 170495
43 10
43 283
43 284
43 286
43 353958
44 5
44 20
44 202
44 1377
44 6487
44 353959
45 5
45 20
45 99
45 131
45 132
45 133
45 166
45 170394
46 3
46 5
46 20
46 951
46 953
46 353960
47 230
47 231
47 232
47 234
47 353961
48 9
48 10
48 11
48 13
48 163
49 99
49 131
49 132
49 133
49 195
49 236
49 237
50 4
50 195
50 202
50 23744
50 37757
50 353962
51 3
51 4
51 195
51 313
51 6526
51 36004
52 4
52 195
52 202
52 340
52 135693
52 135695
52 353963
53 71
53 76
53 190
53 191
53 353964
seqId 88
1 10
1 378
1 3871
1 3873
1 353965
2 99
2 131
2 132
2 133
2 195
2 237
2 353966
3 3
3 4
3 195
3 313
3 6526
3 353967
4 158
4 159
4 160
4 162
4 353968
5 9
5 10
5 11
5 13
5 163
6 5
6 20
6 99
6 131
6 132
6 133
6 165
6 166
7 3
7 5
7 20
7 33333
7 33335
7 353969
8 76
8 342
8 343
8 345
8 353970
9 5
9 20
9 81
9 82
9 83
9 84
9 85
9 87
9 353971
10 5
10 84
10 90
10 91
10 93
10 121
10 41549
10 98443
10 326153
11 4
11 5
11 99
11 133
11 175
11 176
11 178
11 353973
12 3
12 4
12 5
12 38552
12 38554
12 353974
13 4
13 5
13 202
13 1601
13 18277
13 353975
14 10
14 126
14 127
14 129
14 353976
15 99
15 131
15 132
15 133
15 195
15 237
15 353977
16 3
16 4
16 195
16 340
16 37439
16 55269
16 62165
16 353978
17 76
17 413
17 414
17 416
17 353979
18 42
18 67
18 71
18 9541
18 9542
18 353980
19 67
19 61863
19 61864
19 61866
19 353981
20 76
20 433
20 434
20 436
20 353982
21 76
21 342
21 343
21 345
21 122220
22 10
22 2408
22 2410
22 10221
22 353983
23 90
23 443
23 5000
23 353985
23 353986
24 10
24 378
24 381
24 1539
24 353987
25 660
25 17966
25 17967
25 17969
25 94036
26 99
26 131
26 132
26 133
26 195
26 237
26 353988
27 3
27 4
27 195
27 313
27 6526
27 353989
28 4
28 195
28 202
28 5273
28 5275
28 353990
29 10
29 283
29 284
29 286
29 353991
30 5
30 99
30 115
30 773
30 775
30 776
30 2192
30 3593
30 353992
31 3
31 5
31 20
31 3394
31 3396
31 353993
32 76
32 342
32 343
32 345
32 353994
33 9
33 10
33 11
33 13
33 326182
34 5
34 27
34 99
34 131
34 132
34 133
34 135
34 353995
35 3
35 4
35 5
35 14686
35 14688
35 353996
36 4
36 5
36 202
36 5273
36 176128
36 345452
37 10
37 146
37 147
37 149
37 353997
38 4
38 5
38 99
38 131
38 132
38 133
38 152
38 48108
39 3
39 4
39 5
39 104024
39 104026
39 353998
40 9
40 10
40 11
40 13
40 353999
41 5
41 27
41 99
41 131
41 132
41 133
41 135
41 354000
42 3
42 4
42 5
42 1784
42 10502
42 354001
43 76
43 413
43 414
43 416
43 354002
44 67
44 71
44 16138
44 95651
44 95652
44 354003
45 67
45 146404
45 175496
45 354005
45 354006
45 354007
46 76
46 433
46 434
46 436
46 354008
47 71
47 76
47 190
47 191
47 354009
seqId 89
1 10
1 378
1 3871
1 3873
1 36065
2 4
2 5
2 99
2 131
2 132
2 133
2 152
2 36066
3 3
3 4
3 5
3 26989
3 26991
3 354010
4 76
4 342
4 343
4 345
4 354011
5 90
5 93
5 121
5 195
5 4941
5 4948
5 5889
5 7132
5 13184
5 354012
6 27
6 944
6 945
6 1463
6 3308
6 354013
7 4
7 5
7 82
7 83
7 84
7 115
7 763
7 1264
7 354014
8 5
8 84
8 91
8 93
8 121
8 703
8 707
8 956
8 354015
9 4
9 5
9 90
9 122
9 708
9 713
9 1104
9 32374
9 44380
9 354016
10 10
10 279
10 11672
10 11673
10 122252
11 85
11 99
11 195
11 638
11 640
11 354017
12 3
12 20
12 195
12 16388
12 104901
12 354018
13 76
13 413
13 414
13 416
13 354019
14 3
14 4
14 5
14 14686
14 14688
14 354020
15 9
15 10
15 11
15 13
15 354021
16 4
16 5
16 99
16 131
16 132
16 133
16 152
16 326215
17 3
17 4
17 5
17 5987
17 55143
17 354022
18 9
18 10
18 11
18 13
18 354023
19 4
19 5
19 99
19 131
19 132
19 133
19 152
19 354024
20 3
20 4
20 5
20 402
20 15106
20 16983
20 354026
20 354027
21 4
21 5
21 202
21 1104
21 124738
21 182652
21 354028
22 76
22 342
22 343
22 345
22 354029
23 3
23 20
23 195
23 19603
23 29160
23 354030
24 20
24 195
24 202
24 340
24 206743
24 206745
24 354032
25 20
25 195
25 202
25 3244
25 10740
25 354033
26 20
26 90
26 122
26 195
26 708
26 713
26 4530
26 4532
26 354034
27 10
27 146
27 147
27 149
27 36095
28 4
28 5
28 99
28 131
28 132
28 133
28 152
28 170479
29 3
29 4
29 5
29 26989
29 26991
29 326231
30 4
30 5
30 202
30 21185
30 78431
30 354035
31 76
31 433
31 434
31 436
31 354036
32 76
32 413
32 414
32 416
32 354037
33 64
33 67
33 71
33 53047
33 53048
33 354038
34 67
34 49510
34 206664
34 206665
34 206667
34 354039
35 76
35 433
35 434
35 436
35 354040
36 76
36 165951
36 165952
36 165954
36 354041
37 3
37 20
37 195
37 23048
37 23050
37 354042
38 82
38 758
38 759
38 761
38 354043
39 84
39 90
39 91
39 93
39 121
39 195
39 28470
39 28472
39 354044
40 443
40 703
40 707
40 2086
40 354045
41 20
41 90
41 122
41 195
41 340
41 708
41 713
41 21513
41 47519
41 354046
42 10
42 828
42 829
42 831
42 354047
43 99
43 131
43 132
43 133
43 195
43 237
43 354048
44 3
44 20
44 195
44 1320
44 3384
44 354049
45 9
45 10
45 24
45 26
45 27
45 354050
46 67
46 72
46 452
46 8740
46 31952
46 352256
46 352257
46 354051
47 67
47 12797
47 352260
47 352261
47 354052
48 660
48 6695
48 6696
48 6698
48 354053
49 10
49 126
49 127
49 129
49 354054
50 4
50 5
50 99
50 131
50 132
50 133
50 152
50 354055
51 3
51 4
51 5
51 1913
51 1915
51 354056
52 9
52 10
52 11
52 13
52 354057
53 4
53 5
53 99
53 131
53 132
53 133
53 152
53 354058
54 3
54 4
54 5
54 26989
54 26991
54 354059
55 4
55 5
55 202
55 47432
55 47434
55 354060
56 71
56 76
56 190
56 191
56 354061
seqId 90
1 10
1 378
1 3871
1 3873
1 354062
2 20
2 82
2 84
2 98
2 100
2 102
2 354063
3 82
3 758
3 759
3 761
3 354064
4 5
4 84
4 90
4 91
4 93
4 121
4 7704
4 30340
4 354065
5 660
5 5049
5 5050
5 5052
5 354066
6 99
6 131
6 132
6 133
6 195
6 237
6 354067
7 3
7 4
7 195
7 172261
7 172263
7 354068
8 243
8 244
8 245
8 247
8 354069
9 4
9 5
9 99
9 131
9 132
9 133
9 152
9 354070
10 3
10 4
10 5
10 22458
10 22460
10 354071
11 76
11 342
11 343
11 345
11 354072
12 84
12 91
12 93
12 121
12 195
12 702
12 703
12 1062
12 354073
13 5
13 20
13 122
13 703
13 707
13 708
13 710
13 354074
14 20
14 90
14 122
14 195
14 340
14 708
14 713
14 10527
14 42062
14 354075
15 660
15 2347
15 2348
15 2350
15 354076
16 660
16 6286
16 6287
16 6289
16 354077
17 660
17 1796
17 1797
17 1799
17 354078
18 99
18 131
18 132
18 133
18 195
18 237
18 354079
19 3
19 20
19 195
19 180925
19 180927
19 354080
20 9
20 10
20 11
20 13
20 122333
21 4
21 5
21 99
21 131
21 132
21 133
21 152
21 354081
22 3
22 4
22 5
22 22458
22 22460
22 354082
23 76
23 413
23 414
23 416
23 354083
24 71
24 90
24 443
24 2487
24 40276
24 40279
24 354084
25 4
25 5
25 99
25 131
25 132
25 133
25 152
25 94148
26 3
26 4
26 5
26 3707
26 3709
26 354085
27 9
27 10
27 11
27 13
27 354086
28 76
28 137
28 138
28 140
28 354087
29 3
29 4
29 5
29 1767
29 1769
29 354088
30 4
30 5
30 202
30 22458
30 22460
30 354089
31 76
31 185
31 186
31 188
31 354090
32 76
32 433
32 434
32 436
32 354091
33 944
33 945
33 946
33 948
33 354092
34 99
34 133
34 175
34 176
34 195
34 234
34 354093
35 3
35 4
35 195
35 2930
35 85868
35 354094
36 9
36 10
36 11
36 13
36 122354
37 4
37 5
37 99
37 131
37 132
37 133
37 152
37 354095
38 3
38 4
38 5
38 22458
38 22460
38 354096
39 76
39 413
39 414
39 416
39 354097
40 3
40 4
40 5
40 4900
40 4902
40 354098
41 9
41 10
41 24
41 26
41 27
41 354099
42 3
42 20
42 195
42 11279
42 75275
42 354100
43 10
43 283
43 284
43 286
43 354101
44 99
44 133
44 175
44 176
44 195
44 234
44 36193
45 3
45 20
45 195
45 13609
45 33503
45 354102
46 20
46 195
46 202
46 322
46 357
46 354103
47 76
47 342
47 343
47 345
47 302720
48 3
48 20
48 195
48 37928
48 60441
48 354104
49 230
49 231
49 232
49 234
49 354105
50 9
50 10
50 11
50 13
50 163
51 99
51 131
51 132
51 133
51 195
51 236
51 237
52 3
52 4
52 195
52 354107
52 354108
52 354109
53 4
53 195
53 202
53 54770
53 63060
53 257499
53 354111
53 354112
54 243
54 244
54 245
54 247
54 36200
55 230
55 231
55 232
55 234
55 354113
56 9
56 10
56 11
56 13
56 163
57 99
57 131
57 132
57 133
57 195
57 236
57 237
58 3
58 4
58 195
58 80032
58 80521
58 354114
59 76
59 433
59 434
59 436
59 354115
60 76
60 413
60 414
60 416
60 354116
61 42
61 67
61 71
61 9541
61 9542
61 354117
62 67
62 22227
62 48669
62 354119
62 354120
62 354121
63 76
63 433
63 434
63 436
63 354122
64 76
64 1267
64 1268
64 1270
64 354123
seqId 91
1 5
1 84
1 91
1 93
1 121
1 702
1 703
1 705
1 354124
2 5
2 20
2 122
2 703
2 707
2 708
2 710
2 354125
3 4
3 5
3 90
3 122
3 708
3 713
3 4845
3 25202
3 354126
4 660
4 1513
4 1514
4 1516
4 354127
5 4
5 5
5 99
5 133
5 175
5 176
5 178
5 354128
6 3
6 4
6 5
6 3691
6 3693
6 354129
7 4
7 5
7 202
7 958
7 4995
7 354130
8 10
8 126
8 127
8 129
8 354131
9 5
9 20
9 99
9 131
9 132
9 133
9 166
9 354132
10 3
10 5
10 20
10 354134
10 354135
10 354136
11 76
11 137
11 138
11 140
11 216609
12 3
12 4
12 5
12 22458
12 22460
12 354137
13 76
13 342
13 343
13 345
13 354138
14 3
14 4
14 5
14 172261
14 345497
14 354139
15 76
15 342
15 343
15 345
15 354140
16 3
16 4
16 5
16 59102
16 59104
16 354141
17 76
17 185
17 186
17 188
17 354142
18 76
18 342
18 343
18 345
18 354143
19 10
19 1387
19 1388
19 1390
19 354144
20 5
20 20
20 99
20 133
20 175
20 176
20 1316
20 326337
21 3
21 5
21 20
21 13224
21 13226
21 354145
22 5
22 20
22 202
22 18773
22 18775
22 354146
23 2822
23 2823
23 2824
23 2826
23 170580
24 10
24 146
24 147
24 149
24 722
25 99
25 131
25 132
25 133
25 195
25 236
25 237
26 3
26 4
26 195
26 172261
26 172263
26 354147
27 10
27 378
27 379
27 381
27 354148
28 90
28 443
28 36172
28 78363
28 354149
29 99
29 133
29 175
29 176
29 195
29 234
29 354150
30 3
30 4
30 195
30 4249
30 26359
30 354151
31 9
31 10
31 11
31 13
31 354152
32 3
32 4
32 5
32 22458
32 22460
32 354153
33 243
33 244
33 245
33 247
33 354154
34 9
34 10
34 11
34 13
34 354155
35 3
35 4
35 5
35 59102
35 59104
35 354156
36 76
36 1267
36 1268
36 1270
36 216626
seqId 92
1 20
1 82
1 84
1 98
1 100
1 102
1 354157
2 82
2 758
2 759
2 761
2 354158
3 27
3 660
3 661
3 910
3 912
3 354159
4 5
4 84
4 91
4 93
4 121
4 702
4 703
4 705
4 354160
5 660
5 661
5 1240
5 1242
5 354161
6 5
6 20
6 90
6 122
6 708
6 53867
6 53869
6 354162
7 10
7 109
7 110
7 112
7 354163
8 3
8 4
8 5
8 31190
8 31192
8 354164
9 5
9 20
9 99
9 133
9 175
9 176
9 1316
9 354165
10 3
10 5
10 20
10 29708
10 29710
10 354166
11 10
11 378
11 379
11 381
11 354167
12 90
12 443
12 1587
12 10385
12 34411
12 354168
13 4
13 5
13 99
13 131
13 132
13 133
13 152
13 354169
14 76
14 137
14 138
14 140
14 354170
15 3
15 4
15 5
15 41495
15 41497
15 354171
16 76
16 185
16 186
16 188
16 354172
17 10
17 109
17 110
17 112
17 354173
18 98
18 99
18 100
18 195
18 2073
18 354174
19 3
19 4
19 195
19 4550
19 4552
19 354175
20 76
20 413
20 414
20 416
20 354176
21 67
21 71
21 407
21 18660
21 18661
21 354177
22 67
22 57044
22 299385
22 354179
22 354180
22 354181
23 76
23 342
23 343
23 345
23 354182
24 67
24 71
24 71
24 72
24 4586
24 9179
24 338861
24 338862
24 354183
25 67
25 340
25 72995
25 142139
25 142550
25 352246
25 352247
25 354184
26 76
26 433
26 434
26 436
26 58925
27 71
27 76
27 190
27 191
27 354185
seqId 93
1 10
1 360
1 11672
1 112736
1 354186
2 4
2 5
2 99
2 131
2 132
2 133
2 152
2 48372
3 3
3 4
3 5
3 165226
3 165228
3 354187
4 76
4 137
4 138
4 140
4 354188
5 99
5 131
5 132
5 133
5 195
5 237
5 354189
6 3
6 4
6 195
6 8152
6 8154
6 354190
7 9
7 10
7 11
7 13
7 354191
8 4
8 5
8 99
8 131
8 132
8 133
8 152
8 354192
9 3
9 4
9 5
9 313
9 5251
9 354193
10 76
10 185
10 186
10 188
10 354194
11 76
11 342
11 343
11 345
11 354195
12 82
12 84
12 114
12 115
12 116
12 1361
12 216661
13 84
13 90
13 91
13 93
13 121
13 195
13 755
13 23821
13 36076
13 354196
14 660
14 1622
14 1623
14 1625
14 122460
15 99
15 133
15 175
15 176
15 195
15 234
15 5135
16 3
16 20
16 195
16 1320
16 3384
16 354197
17 90
17 121
17 122
17 1337
17 168153
17 354199
17 354200
18 5
18 20
18 99
18 131
18 132
18 133
18 166
18 188160
19 3
19 5
19 20
19 12137
19 12139
19 354201
20 9
20 10
20 11
20 13
20 354202
21 4
21 5
21 99
21 131
21 132
21 133
21 152
21 131151
22 3
22 4
22 5
22 313
22 5251
22 354203
23 10
23 61206
23 61207
23 61209
23 354204
24 99
24 131
24 132
24 133
24 195
24 237
24 354205
25 3
25 20
25 195
25 156889
25 338502
25 354206
26 76
26 413
26 414
26 416
26 354207
27 67
27 71
27 29005
27 29006
27 29008
27 354208
28 67
28 38604
28 93561
28 354210
28 354211
28 354212
29 76
29 433
29 434
29 436
29 354213
30 76
30 342
30 343
30 345
30 354214
31 10
31 146
31 147
31 149
31 354215
32 5
32 27
32 99
32 131
32 132
32 133
32 135
32 354216
33 3
33 4
33 5
33 3576
33 3578
33 354217
34 4
34 5
34 202
34 140235
34 144993
34 354218
35 76
35 413
35 414
35 416
35 354219
36 36
36 67
36 71
36 18488
36 18489
36 354220
37 67
37 5741
37 22047
37 56549
37 146918
37 354222
37 354223
37 354224
38 76
38 342
38 343
38 345
38 354225
39 36
39 67
39 71
39 18488
39 18489
39 354226
40 67
40 9507
40 61056
40 354228
40 354229
40 354230
40 354231
41 76
41 342
41 343
41 345
41 354232
42 67
42 71
42 4796
42 46982
42 46983
42 354233
43 67
43 48274
43 139459
43 354235
43 354236
43 354237
44 76
44 433
44 434
44 436
44 354238
45 76
45 342
45 343
45 345
45 354239
46 10
46 283
46 284
46 286
46 354240
47 5
47 20
47 99
47 131
47 132
47 133
47 166
47 188186
48 3
48 5
48 20
48 272
48 894
48 354241
49 5
49 20
49 202
49 22424
49 179192
49 354242
50 10
50 1387
50 1388
50 1390
50 354243
51 4
51 5
51 99
51 133
51 175
51 176
51 178
51 354244
52 3
52 4
52 5
52 33906
52 33908
52 58979
53 4
53 5
53 202
53 1601
53 18277
53 354245
54 4
54 5
54 90
54 122
54 708
54 713
54 12304
54 12306
54 354246
55 10
55 146
55 147
55 149
55 354247
56 4
56 5
56 99
56 131
56 132
56 133
56 152
56 354248
57 3
57 4
57 5
57 15231
57 79831
57 251966
57 354250
57 354251
58 9
58 10
58 11
58 13
58 354252
59 5
59 27
59 99
59 131
59 132
59 133
59 135
59 354253
60 3
60 4
60 5
60 9578
60 98833
60 98835
60 98836
60 98837
60 354254
61 76
61 413
61 414
61 416
61 354255
62 36
62 67
62 71
62 18488
62 18489
62 354256
63 67
63 1845
63 14010
63 354258
63 354259
63 354260
64 76
64 433
64 434
64 436
64 354261
65 71
65 76
65 190
65 191
65 354262
seqId 94
1 51
1 52
1 2054
1 2056
1 354263
2 71
2 76
2 190
2 191
2 354264
seqId 95
1 5
1 27
1 99
1 131
1 132
1 133
1 699
1 354265
2 3
2 5
2 20
2 2320
2 2322
2 354266
3 3
3 20
3 195
3 2081
3 36474
3 216710
4 243
4 244
4 245
4 247
4 302859
5 3
5 4
5 195
5 340
5 302012
5 302014
5 354267
6 9
6 10
6 11
6 13
6 5203
7 5
7 27
7 99
7 131
7 132
7 133
7 135
7 5204
8 3
8 5
8 20
8 39897
8 39899
8 354268
9 5
9 84
9 90
9 91
9 93
9 121
9 19782
9 354270
9 354271
10 5
10 20
10 99
10 131
10 132
10 133
10 166
10 354272
11 5
11 20
11 202
11 784
11 4033
11 354273
12 243
12 244
12 245
12 247
12 354274
13 5
13 20
13 99
13 131
13 132
13 133
13 166
13 354275
14 5
14 20
14 202
14 15304
14 15306
14 354276
15 3
15 5
15 20
15 2320
15 2322
15 188223
16 27
16 945
16 7958
16 7959
16 7961
16 354277
17 5
17 20
17 82
17 83
17 84
17 115
17 763
17 1002
17 345693
18 5
18 84
18 90
18 91
18 93
18 121
18 37621
18 93372
18 354278
19 10
19 146
19 147
19 149
19 122527
20 4
20 85
20 99
20 195
20 1589
20 1591
20 354279
21 3
21 4
21 195
21 21181
21 21183
21 354280
22 4
22 195
22 202
22 340
22 10649
22 10651
22 10652
22 10653
22 37976
22 354281
23 243
23 244
23 245
23 247
23 36404
24 27
24 945
24 7958
24 7959
24 7961
24 354282
25 5
25 20
25 82
25 83
25 84
25 115
25 763
25 1002
25 354283
26 5
26 84
26 90
26 91
26 93
26 121
26 8120
26 329103
26 354285
27 660
27 10454
27 10455
27 10457
27 354286
28 20
28 85
28 99
28 195
28 1589
28 2970
28 170719
29 3
29 20
29 195
29 133752
29 258272
29 354287
30 20
30 195
30 202
30 340
30 33042
30 33044
30 354288
31 10
31 146
31 147
31 149
31 326482
32 5
32 27
32 99
32 131
32 132
32 133
32 135
32 354289
33 3
33 4
33 5
33 140928
33 140930
33 140931
33 354290
34 9
34 10
34 11
34 13
34 354291
35 4
35 5
35 99
35 131
35 132
35 133
35 152
35 354292
36 3
36 4
36 5
36 4094
36 12255
36 354293
37 71
37 76
37 190
37 191
37 345713
seqId 96
1 5
1 20
1 82
1 83
1 84
1 115
1 763
1 3948
1 188254
2 5
2 84
2 90
2 91
2 93
2 121
2 1437
2 59855
2 216754
3 660
3 1897
3 1898
3 1900
3 354294
4 4
4 5
4 99
4 115
4 773
4 774
4 775
4 776
4 3330
4 302921
5 3
5 4
5 5
5 127416
5 127418
5 354295
6 4
6 5
6 202
6 2742
6 16528
6 302924
7 10
7 109
7 110
7 112
7 302925
8 90
8 121
8 122
8 31427
8 168637
8 168639
8 354296
9 51
9 195
9 1368
9 1370
9 354297
10 3
10 4
10 195
10 20119
10 43537
10 43539
10 354298
11 9
11 10
11 11
11 13
11 354299
12 3
12 4
12 5
12 15
12 17
12 354300
13 75
13 76
13 77
13 79
13 354301
14 10
14 705
14 5165
14 5166
14 354302
15 76
15 433
15 434
15 436
15 354303
16 5
16 20
16 99
16 133
16 175
16 176
16 1316
16 36453
17 3
17 5
17 20
17 4784
17 45671
17 354304
18 660
18 3261
18 3262
18 3264
18 354305
19 9
19 10
19 11
19 13
19 354306
20 4
20 5
20 99
20 131
20 132
20 133
20 152
20 354307
21 3
21 4
21 5
21 3707
21 3709
21 216776
22 9
22 10
22 11
22 13
22 354308
23 76
23 137
23 138
23 140
23 354309
24 509
24 5376
24 57671
24 174007
24 354311
24 354312
25 76
25 185
25 186
25 188
25 48600
26 76
26 413
26 414
26 416
26 354313
27 3
27 4
27 5
27 59102
27 59104
27 354314
28 4
28 5
28 202
28 140235
28 144993
28 354315
29 243
29 244
29 245
29 247
29 354316
30 4
30 5
30 202
30 21185
30 78431
30 354317
31 9
31 10
31 11
31 13
31 354318
32 3
32 4
32 5
32 18201
32 18203
32 354319
33 4
33 5
33 202
33 14350
33 21780
33 354320
34 76
34 433
34 434
34 436
34 94422
35 76
35 413
35 414
35 416
35 354321
36 67
36 71
36 4796
36 46982
36 46983
36 354322
37 67
37 48274
37 139459
37 354235
37 354236
37 354323
38 76
38 342
38 343
38 345
38 354324
39 42
39 67
39 71
39 9541
39 9542
39 354325
40 67
40 61863
40 61864
40 61866
40 354326
41 76
41 342
41 343
41 345
41 354327
42 36
42 67
42 71
42 18488
42 18489
42 354328
43 67
43 5741
43 22047
43 56549
43 146918
43 354222
43 354223
43 354329
44 76
44 433
44 434
44 436
44 354330
45 509
45 5177
45 5178
45 5180
45 354331
46 76
46 433
46 434
46 436
46 354332
47 5
47 20
47 99
47 133
47 175
47 176
47 1316
47 345745
48 3
48 5
48 20
48 4784
48 45671
48 354333
49 660
49 28289
49 28290
49 28292
49 354334
50 5
50 20
50 90
50 122
50 708
50 713
50 7553
50 55240
50 302956
51 10
51 4919
51 4920
51 4922
51 354335
52 99
52 131
52 132
52 133
52 195
52 237
52 354336
53 3
53 4
53 195
53 340
53 37439
53 55269
53 62165
53 354337
54 243
54 244
54 245
54 247
54 345753
55 4
55 5
55 99
55 131
55 132
55 133
55 152
55 345754
56 3
56 4
56 5
56 59102
56 59104
56 354338
57 9
57 10
57 11
57 13
57 354339
58 5
58 27
58 99
58 131
58 132
58 133
58 135
58 354340
59 3
59 5
59 20
59 39897
59 39899
59 354341
60 717
60 718
60 719
60 721
60 354342
61 10
61 146
61 147
61 149
61 722
62 5
62 20
62 99
62 131
62 132
62 133
62 165
62 166
63 3
63 5
63 20
63 18025
63 18027
63 354343
64 5
64 20
64 202
64 302
64 304
64 354344
65 243
65 244
65 245
65 247
65 354345
66 5
66 20
66 202
66 21185
66 41254
66 354346
67 158
67 159
67 160
67 162
67 354347
68 9
68 10
68 11
68 13
68 163
69 5
69 20
69 99
69 131
69 132
69 133
69 165
69 166
70 3
70 5
70 20
70 1866
70 1868
70 354348
71 76
71 413
71 414
71 416
71 354349
72 42
72 67
72 71
72 9541
72 9542
72 354350
73 67
73 61863
73 61864
73 61866
73 354351
74 76
74 433
74 434
74 436
74 354352
75 76
75 342
75 343
75 345
75 354353
76 509
76 2487
76 5178
76 48114
76 354354
77 76
77 433
77 434
77 436
77 326560
78 5
78 20
78 99
78 133
78 175
78 176
78 1316
78 94486
79 3
79 5
79 20
79 4784
79 45671
79 354355
80 9
80 10
80 11
80 13
80 188333
81 3
81 4
81 5
81 59102
81 59104
81 354356
82 4
82 5
82 202
82 36111
82 52482
82 354357
83 76
83 342
83 343
83 345
83 354358
84 660
84 35658
84 35660
84 48707
84 69282
85 5
85 20
85 90
85 122
85 708
85 713
85 10347
85 12699
85 345776
86 10
86 4919
86 4920
86 4922
86 345777
87 20
87 82
87 84
87 98
87 100
87 102
87 354359
88 27
88 82
88 759
88 944
88 1463
88 354360
89 5
89 20
89 81
89 82
89 83
89 84
89 85
89 87
89 354361
90 5
90 84
90 90
90 91
90 93
90 121
90 21205
90 145279
90 354362
91 4
91 5
91 99
91 131
91 132
91 133
91 152
91 354363
92 76
92 137
92 138
92 140
92 354364
93 3
93 4
93 5
93 55516
93 70448
93 354365
94 4
94 5
94 202
94 5416
94 5418
94 354366
95 76
95 185
95 186
95 188
95 354367
96 230
96 231
96 232
96 234
96 354368
97 9
97 10
97 11
97 13
97 163
98 99
98 131
98 132
98 133
98 195
98 236
98 237
99 3
99 20
99 195
99 36111
99 69954
99 354369
100 75
100 76
100 77
100 79
100 36541
101 3
101 4
101 5
101 59102
101 59104
101 354370
102 230
102 231
102 232
102 234
102 354371
103 9
103 10
103 11
103 13
103 163
104 99
104 131
104 132
104 133
104 195
104 236
104 237
105 3
105 4
105 195
105 74254
105 74256
105 354372
106 76
106 342
106 343
106 345
106 188357
107 3
107 4
107 5
107 13423
107 49469
107 76182
107 76184
107 354373
108 230
108 231
108 232
108 234
108 122652
109 9
109 10
109 11
109 13
109 163
110 99
110 131
110 132
110 133
110 195
110 236
110 237
111 3
111 20
111 195
111 340
111 52978
111 198869
111 326583
112 243
112 244
112 245
112 247
112 36551
113 230
113 231
113 232
113 234
113 354375
114 9
114 10
114 11
114 13
114 163
115 99
115 131
115 132
115 133
115 195
115 236
115 237
116 3
116 4
116 195
116 94892
116 213941
116 354376
117 76
117 342
117 343
117 345
117 131318
118 3
118 4
118 5
118 1395
118 5941
118 354377
119 99
119 133
119 175
119 176
119 195
119 234
119 122657
120 3
120 4
120 195
120 22445
120 199004
120 354378
121 9
121 10
121 11
121 13
121 354379
122 5
122 27
122 99
122 131
122 132
122 133
122 135
122 354380
123 3
123 5
123 20
123 39897
123 39899
123 354381
124 76
124 413
124 414
124 416
124 354382
125 67
125 71
125 29005
125 29006
125 29008
125 354383
126 67
126 38604
126 93561
126 354210
126 354211
126 354384
127 76
127 342
127 343
127 345
127 354385
128 36
128 67
128 71
128 18488
128 18489
128 354386
129 67
129 1185
129 183607
129 354388
129 354389
129 354390
130 76
130 433
130 434
130 436
130 354391
131 71
131 76
131 190
131 191
131 354392
seqId 97
1 10
1 283
1 3640
1 3642
1 354393
2 5
2 20
2 98
2 99
2 100
2 3961
2 354394
3 3
3 5
3 20
3 2320
3 2322
3 354395
4 76
4 342
4 343
4 345
4 354396
5 84
5 91
5 93
5 121
5 195
5 702
5 703
5 1062
5 354397
6 5
6 20
6 122
6 703
6 707
6 708
6 710
6 326594
7 660
7 1377
7 6485
7 6487
7 122672
8 660
8 6286
8 6287
8 6289
8 354398
9 20
9 90
9 122
9 195
9 340
9 708
9 713
9 23821
9 210554
9 354399
10 230
10 231
10 232
10 234
10 326598
11 9
11 10
11 11
11 13
11 163
12 99
12 131
12 132
12 133
12 195
12 236
12 237
13 3
13 20
13 195
13 1320
13 3384
13 354400
14 10
14 1791
14 1792
14 1794
14 354401
15 4
15 5
15 99
15 131
15 132
15 133
15 152
15 354402
16 3
16 4
16 5
16 41363
16 41365
16 41366
16 354403
17 9
17 10
17 11
17 13
17 122683
18 4
18 5
18 99
18 131
18 132
18 133
18 152
18 354404
19 3
19 4
19 5
19 3707
19 3709
19 354405
20 9
20 10
20 24
20 26
20 27
20 354406
21 76
21 137
21 138
21 140
21 354407
22 3
22 5
22 20
22 33358
22 35385
22 354408
23 5
23 20
23 202
23 26994
23 326605
23 354410
24 76
24 185
24 186
24 188
24 36597
25 76
25 342
25 343
25 345
25 36598
26 244
26 1249
26 1250
26 1252
26 36599
27 660
27 1622
27 1623
27 1625
27 354411
28 99
28 133
28 175
28 176
28 195
28 234
28 354412
29 3
29 20
29 195
29 1320
29 3384
29 354413
30 90
30 121
30 122
30 37621
30 37623
30 354414
31 10
31 146
31 147
31 149
31 354415
32 4
32 5
32 99
32 131
32 132
32 133
32 152
32 122694
33 3
33 4
33 5
33 59102
33 59104
33 354416
34 4
34 5
34 202
34 5416
34 5418
34 354417
35 76
35 413
35 414
35 416
35 354418
36 3
36 4
36 5
36 1573
36 1575
36 354419
37 76
37 342
37 343
37 345
37 354420
38 3
38 4
38 5
38 21117
38 21119
38 354421
39 76
39 342
39 343
39 345
39 354422
40 3
40 4
40 5
40 17809
40 17811
40 170865
41 243
41 244
41 245
41 247
41 354423
42 3
42 4
42 5
42 4094
42 12255
42 354424
43 9
43 10
43 11
43 13
43 94566
44 5
44 82
44 84
44 114
44 115
44 1262
44 70317
44 354425
45 76
45 342
45 343
45 345
45 354426
46 3
46 5
46 20
46 31623
46 31625
46 354427
47 230
47 231
47 232
47 234
47 354428
48 9
48 10
48 11
48 13
48 163
49 99
49 131
49 132
49 133
49 195
49 236
49 237
50 3
50 4
50 195
50 74254
50 74256
50 354429
51 76
51 433
51 434
51 436
51 354430
52 71
52 76
52 190
52 191
52 59254
seqId 98
1 5
1 20
1 82
1 83
1 84
1 115
1 763
1 3948
1 354431
2 5
2 84
2 91
2 93
2 121
2 703
2 707
2 956
2 354432
3 10
3 146
3 147
3 149
3 354433
4 90
4 443
4 13184
4 71491
4 354434
5 27
5 944
5 945
5 1463
5 3308
5 354435
6 5
6 20
6 81
6 82
6 83
6 84
6 85
6 87
6 48829
7 5
7 84
7 90
7 91
7 93
7 121
7 2081
7 2426
7 354436
8 90
8 443
8 10094
8 199159
8 354437
9 9
9 10
9 26
9 133850
9 354438
10 76
10 433
10 434
10 436
10 354439
11 27
11 944
11 945
11 1463
11 3308
11 354440
12 5
12 20
12 99
12 133
12 175
12 176
12 1316
12 354441
13 5
13 20
13 202
13 1164
13 1166
13 354442
14 3
14 5
14 20
14 4784
14 45671
14 354443
15 5
15 84
15 91
15 93
15 121
15 703
15 707
15 956
15 354444
16 5
16 20
16 202
16 1539
16 9342
16 77976
16 354445
17 10
17 146
17 147
17 149
17 354446
18 5
18 20
18 202
18 9342
18 77976
18 354447
19 5
19 20
19 90
19 122
19 442
19 708
19 769
19 20581
19 354448
20 27
20 82
20 84
20 114
20 115
20 116
20 118
20 345855
21 90
21 443
21 705
21 94586
21 136934
21 225825
21 225827
22 717
22 718
22 719
22 721
22 94587
23 10
23 146
23 147
23 149
23 722
24 5
24 20
24 99
24 131
24 132
24 133
24 165
24 166
25 51
25 195
25 1368
25 1370
25 354449
26 20
26 195
26 202
26 784
26 17696
26 354450
27 71
27 76
27 190
27 191
27 354451
seqId 99
1 5
1 20
1 82
1 83
1 84
1 115
1 763
1 3948
1 354452
2 27
2 82
2 84
2 114
2 115
2 116
2 118
2 354453
3 5
3 84
3 90
3 91
3 93
3 121
3 37175
3 43997
3 354454
4 10
4 146
4 147
4 149
4 354455
5 4
5 5
5 99
5 131
5 132
5 133
5 152
5 354456
6 3
6 4
6 5
6 21181
6 44341
6 354457
7 4
7 5
7 202
7 5416
7 5418
7 354458
8 10
8 146
8 149
8 1539
8 354459
9 90
9 443
9 1334
9 8849
9 354460
10 158
10 159
10 160
10 162
10 354461
11 9
11 10
11 11
11 13
11 163
12 5
12 20
12 99
12 131
12 132
12 133
12 165
12 166
13 3
13 5
13 20
13 1684
13 13711
13 354462
14 9
14 10
14 11
14 13
14 354463
15 5
15 27
15 99
15 131
15 132
15 133
15 135
15 59294
16 3
16 5
16 20
16 317
16 37361
16 354464
17 243
17 244
17 245
17 247
17 354465
18 82
18 84
18 114
18 115
18 116
18 1361
18 216952
19 5
19 84
19 90
19 91
19 93
19 121
19 5661
19 40858
19 354466
20 5
20 20
20 202
20 33042
20 33044
20 354467
21 717
21 718
21 719
21 721
21 188454
22 10
22 146
22 147
22 149
22 722
23 5
23 20
23 99
23 131
23 132
23 133
23 165
23 166
24 3
24 5
24 20
24 25355
24 25357
24 354468
25 243
25 244
25 245
25 247
25 5594
26 10
26 146
26 147
26 149
26 354469
27 4
27 5
27 99
27 131
27 132
27 133
27 152
27 188457
28 3
28 4
28 5
28 18773
28 18775
28 354470
29 76
29 413
29 414
29 416
29 326672
30 660
30 1377
30 6485
30 6487
30 354471
31 660
31 17966
31 17967
31 17969
31 354472
32 27
32 944
32 945
32 1463
32 3308
32 354473
33 10
33 146
33 147
33 149
33 354474
34 5
34 27
34 99
34 131
34 132
34 133
34 135
34 354475
35 3
35 5
35 20
35 39897
35 39899
35 354476
36 243
36 244
36 245
36 247
36 354477
37 10
37 146
37 147
37 149
37 354478
38 4
38 5
38 99
38 131
38 132
38 133
38 152
38 354479
39 3
39 4
39 5
39 313
39 5251
39 354480
40 76
40 433
40 434
40 436
40 354481
41 10
41 109
41 110
41 112
41 354482
42 82
42 84
42 114
42 115
42 116
42 1361
42 354483
43 90
43 121
43 122
43 326682
43 354485
43 354486
44 10
44 126
44 127
44 129
44 216967
45 99
45 133
45 175
45 176
45 195
45 234
45 303094
46 3
46 20
46 195
46 30034
46 30036
46 354487
47 90
47 121
47 122
47 1236
47 3852
47 354488
48 9
48 10
48 11
48 13
48 48914
49 5
49 27
49 99
49 131
49 132
49 133
49 135
49 354489
50 5
50 20
50 202
50 182854
50 182856
50 188479
51 3
51 5
51 20
51 21185
51 41254
51 354490
52 76
52 413
52 414
52 416
52 354491
53 67
53 71
53 16138
53 95651
53 95652
53 354492
54 67
54 146404
54 175496
54 354005
54 354006
54 354493
55 76
55 342
55 343
55 345
55 354494
56 67
56 71
56 71
56 72
56 6078
56 46523
56 354496
56 354497
56 354498
57 67
57 75556
57 206429
57 206430
57 206432
57 354499
58 76
58 342
58 343
58 345
58 326698
59 67
59 71
59 9179
59 9494
59 18718
59 354500
60 67
60 71
60 9490
60 96879
60 96880
60 354501
61 67
61 340
61 72995
61 142139
61 142550
61 352246
61 352247
61 354502
62 76
62 342
62 343
62 345
62 354503
63 64
63 67
63 71
63 53047
63 53048
63 354504
64 67
64 49510
64 206664
64 206665
64 206667
64 354505
65 76
65 433
65 434
65 436
65 354506
seqId 100
1 51
1 52
1 1705
1 1707
1 354507
2 71
2 76
2 190
2 191
2 170955
seqId 101
1 5
1 27
1 99
1 131
1 132
1 133
1 699
1 354508
2 3
2 5
2 20
2 2320
2 2322
2 354509
3 3
3 4
3 5
3 140928
3 140930
3 140931
3 354510
4 9
4 10
4 11
4 13
4 188498
5 4
5 5
5 99
5 131
5 132
5 133
5 152
5 354511
6 3
6 4
6 5
6 4094
6 12255
6 354512
7 5
7 84
7 90
7 91
7 93
7 121
7 45067
7 45069
7 354513
8 99
8 131
8 132
8 133
8 195
8 237
8 354514
9 3
9 4
9 195
9 1395
9 1397
9 354515
10 9
10 10
10 24
10 26
10 27
10 94653
11 3
11 4
11 5
11 14686
11 14688
11 354516
12 9
12 10
12 11
12 13
12 354517
13 4
13 5
13 99
13 131
13 132
13 133
13 152
13 345904
14 3
14 4
14 5
14 59102
14 59104
14 354518
15 243
15 244
15 245
15 247
15 216998
16 99
16 133
16 175
16 176
16 195
16 234
16 354519
17 3
17 4
17 195
17 313
17 6526
17 354520
18 660
18 976
18 979
18 1458
18 354521
19 944
19 945
19 946
19 948
19 354522
20 9
20 10
20 11
20 13
20 354523
21 4
21 5
21 99
21 131
21 132
21 133
21 152
21 354524
22 3
22 4
22 5
22 11107
22 11109
22 354525
23 4
23 5
23 202
23 7602
23 7687
23 354526
24 10
24 146
24 147
24 149
24 354527
25 98
25 99
25 100
25 195
25 2073
25 354528
26 3
26 4
26 195
26 33173
26 33175
26 354529
27 4
27 195
27 202
27 693
27 39275
27 354530
28 71
28 76
28 190
28 191
28 354531
seqId 102
1 82
1 83
1 84
1 115
1 5729
1 46102
1 354532
2 84
2 91
2 93
2 121
2 195
2 703
2 707
2 1858
2 354533
3 20
3 90
3 122
3 195
3 708
3 713
3 33688
3 240998
3 354534
4 5
4 27
4 99
4 131
4 132
4 133
4 135
4 354535
5 3
5 4
5 5
5 1395
5 5941
5 354536
6 9
6 10
6 11
6 13
6 48996
7 3
7 5
7 20
7 70580
7 70582
7 354537
8 76
8 342
8 343
8 345
8 354538
9 5
9 27
9 99
9 131
9 132
9 133
9 135
9 354539
10 3
10 4
10 5
10 14686
10 14688
10 354540
11 230
11 231
11 232
11 234
11 354541
12 9
12 10
12 11
12 13
12 163
13 99
13 131
13 132
13 133
13 195
13 236
13 237
14 3
14 4
14 195
14 35646
14 82802
14 354542
15 76
15 342
15 343
15 345
15 354543
16 5
16 27
16 99
16 131
16 132
16 133
16 135
16 354544
17 3
17 4
17 5
17 3268
17 3270
17 354545
18 230
18 231
18 232
18 234
18 188541
19 9
19 10
19 11
19 13
19 163
20 99
20 131
20 132
20 133
20 195
20 236
20 237
21 3
21 20
21 195
21 42748
21 42750
21 354546
22 10
22 109
22 110
22 112
22 354547
23 3
23 5
23 20
23 3533
23 3535
23 354548
24 76
24 342
24 343
24 345
24 326761
25 243
25 244
25 245
25 247
25 326762
26 13
26 99
26 133
26 175
26 176
26 195
26 326763
27 20
27 195
27 202
27 1888
27 1890
27 354549
28 3
28 20
28 195
28 1320
28 3384
28 354550
29 9
29 10
29 24
29 26
29 27
29 354551
30 3
30 4
30 5
30 18168
30 18422
30 354552
31 71
31 76
31 190
31 191
31 354553
seqId 103
1 5
1 27
1 99
1 131
1 132
1 133
1 699
1 354554
2 5
2 67
2 1104
2 75755
2 351807
2 351810
2 354555
3 90
3 121
3 122
3 22882
3 53566
3 354556
4 4
4 5
4 99
4 133
4 175
4 176
4 178
4 354557
5 3
5 4
5 5
5 36810
5 268410
5 268412
6 4
6 5
6 202
6 8917
6 8919
6 354558
7 9
7 10
7 11
7 13
7 5724
8 3
8 20
8 195
8 10402
8 10404
8 354559
9 4
9 5
9 202
9 1466
9 1468
9 354560
10 660
10 2669
10 2670
10 2672
10 354561
11 717
11 718
11 719
11 721
11 354562
12 10
12 146
12 147
12 149
12 722
13 5
13 20
13 99
13 131
13 132
13 133
13 165
13 166
14 3
14 5
14 20
14 3533
14 3535
14 354563
15 5
15 20
15 202
15 13322
15 13324
15 354564
16 9
16 10
16 11
16 13
16 354565
17 3
17 4
17 5
17 15
17 17
17 354566
18 10
18 109
18 110
18 112
18 59424
19 3
19 4
19 5
19 59102
19 59104
19 354567
20 76
20 342
20 343
20 345
20 354568
21 5
21 20
21 98
21 99
21 100
21 3961
21 354569
22 3
22 5
22 20
22 2320
22 2322
22 354570
23 5
23 84
23 90
23 91
23 93
23 121
23 2081
23 2426
23 354571
24 90
24 443
24 4379
24 47166
24 354572
25 99
25 133
25 175
25 176
25 195
25 234
25 354573
26 3
26 4
26 15
26 195
26 4121
26 354574
27 660
27 1539
27 1622
27 1625
27 354575
28 660
28 3768
28 3769
28 3771
28 354576
29 10
29 109
29 110
29 112
29 354577
30 3
30 4
30 5
30 59102
30 59104
30 354578
31 4
31 5
31 202
31 173580
31 173582
31 354579
32 243
32 244
32 245
32 247
32 354580
33 4
33 5
33 202
33 168118
33 168120
33 354581
34 76
34 413
34 414
34 416
34 354582
35 10
35 1387
35 1388
35 1390
35 354583
36 5
36 20
36 99
36 133
36 175
36 176
36 1316
36 5770
37 3
37 5
37 20
37 7259
37 7261
37 354584
38 5
38 20
38 202
38 1601
38 1603
38 354585
39 10
39 378
39 379
39 381
39 354586
40 99
40 131
40 132
40 133
40 195
40 237
40 354587
41 3
41 4
41 195
41 4249
41 26359
41 171055
42 4
42 195
42 202
42 340
42 10649
42 10651
42 10652
42 10653
42 37976
42 354588
43 9
43 10
43 24
43 26
43 27
43 354589
44 4
44 5
44 99
44 133
44 175
44 176
44 178
44 354590
45 3
45 4
45 5
45 5469
45 5471
45 354591
46 243
46 244
46 245
46 247
46 354592
47 3
47 4
47 195
47 5416
47 354594
47 354595
48 9
48 10
48 24
48 26
48 27
48 354596
49 4
49 5
49 202
49 2294
49 2296
49 354597
50 3
50 4
50 5
50 5469
50 5471
50 354598
51 76
51 433
51 434
51 436
51 354599
52 27
52 944
52 945
52 1463
52 3308
52 354600
53 10
53 109
53 110
53 112
53 354601
54 3
54 4
54 5
54 59102
54 59104
54 354602
55 4
55 5
55 202
55 140235
55 144993
55 354603
56 243
56 244
56 245
56 247
56 354604
57 4
57 5
57 202
57 21185
57 78431
57 354605
58 76
58 413
58 414
58 416
58 354606
59 10
59 1387
59 1388
59 1390
59 354607
60 5
60 20
60 99
60 131
60 132
60 133
60 166
60 122906
61 5
61 20
61 202
61 2310
61 2313
61 354608
62 5
62 20
62 202
62 29679
62 29681
62 354609
63 3
63 5
63 20
63 7259
63 7261
63 354610
64 76
64 433
64 434
64 436
64 354611
65 76
65 342
65 343
65 345
65 354612
66 243
66 244
66 245
66 247
66 354613
67 82
67 84
67 114
67 115
67 116
67 1361
67 36898
68 90
68 443
68 23821
68 241344
68 354614
69 10
69 126
69 127
69 129
69 354615
70 99
70 131
70 132
70 133
70 195
70 237
70 354616
71 3
71 20
71 195
71 272
71 6282
71 354617
72 5
72 20
72 202
72 22593
72 22595
72 354618
73 76
73 342
73 343
73 345
73 94828
74 5
74 20
74 202
74 22424
74 179192
74 354619
75 76
75 342
75 343
75 345
75 49117
76 243
76 244
76 245
76 247
76 5838
77 5
77 20
77 202
77 13322
77 13324
77 354620
78 71
78 76
78 190
78 191
78 49121
seqId 104
1 76
1 413
1 414
1 416
1 354621
2 4
2 5
2 98
2 99
2 100
2 4105
2 354622
3 3
3 4
3 5
3 44727
3 44729
3 354623
4 5
4 84
4 91
4 93
4 121
4 703
4 707
4 956
4 354624
5 660
5 1539
5 3768
5 3771
5 94834
6 5
6 20
6 202
6 36084
6 36086
6 171092
7 660
7 1622
7 1623
7 1625
7 188642
8 4
8 5
8 82
8 84
8 100
8 4680
8 7233
8 354625
9 9
9 10
9 24
9 26
9 27
9 354626
10 4
10 5
10 99
10 133
10 175
10 176
10 178
10 354627
11 2
11 3
11 4
11 5
11 181
11 354628
12 9
12 10
12 11
12 13
12 354629
13 3
13 4
13 5
13 15
13 17
13 354630
14 4
14 5
14 90
14 122
14 708
14 713
14 1104
14 4929
14 4931
14 354631
15 10
15 146
15 147
15 149
15 94843
16 5
16 20
16 99
16 133
16 175
16 176
16 1316
16 171098
17 3
17 5
17 20
17 56527
17 56529
17 354632
18 243
18 244
18 245
18 247
18 354633
19 10
19 146
19 147
19 149
19 354634
20 4
20 5
20 99
20 131
20 132
20 133
20 152
20 354635
21 3
21 4
21 5
21 35277
21 35279
21 354636
22 9
22 10
22 11
22 13
22 36938
23 99
23 115
23 195
23 773
23 774
23 775
23 776
23 3400
23 354637
24 3
24 4
24 195
24 24833
24 26709
24 354638
25 4
25 195
25 202
25 12924
25 59333
25 354639
26 71
26 76
26 190
26 191
26 354640
27 76
27 433
27 434
27 436
27 354641
seqId 105
1 99
1 131
1 132
1 133
1 195
1 1220
1 354642
2 3
2 20
2 195
2 1320
2 3384
2 354643
3 10
3 109
3 110
3 112
3 188664
4 3
4 4
4 5
4 59102
4 59104
4 354644
5 4
5 5
5 202
5 173580
5 173582
5 354645
6 243
6 244
6 245
6 247
6 36948
7 4
7 5
7 202
7 168118
7 168120
7 354646
8 84
8 90
8 91
8 93
8 121
8 195
8 7704
8 58022
8 354647
9 4
9 5
9 99
9 131
9 132
9 133
9 152
9 354648
10 3
10 4
10 5
10 38205
10 38207
10 354649
11 660
11 2310
11 2311
11 2313
11 354650
12 9
12 10
12 11
12 13
12 354651
13 4
13 5
13 99
13 131
13 132
13 133
13 152
13 354652
14 3
14 4
14 5
14 59102
14 59104
14 354653
15 9
15 10
15 11
15 13
15 354654
16 5
16 27
16 99
16 131
16 132
16 133
16 135
16 131622
17 3
17 4
17 5
17 3576
17 3578
17 354655
18 4
18 5
18 202
18 303445
18 303447
18 354656
19 10
19 27
19 1113
19 1114
19 1116
19 354657
20 10
20 146
20 147
20 149
20 354658
21 67
21 354660
21 354661
21 354662
21 354663
22 244
22 1249
22 1250
22 1252
22 354664
23 660
23 1622
23 1623
23 1625
23 354665
24 5
24 27
24 99
24 131
24 132
24 133
24 135
24 346054
25 3
25 4
25 5
25 340
25 5804
25 10651
25 10652
25 10653
25 10961
25 354666
26 243
26 244
26 245
26 247
26 303315
27 4
27 5
27 99
27 131
27 132
27 133
27 152
27 354667
28 3
28 4
28 5
28 313
28 5251
28 354668
29 4
29 5
29 202
29 168118
29 168120
29 354669
30 76
30 413
30 414
30 416
30 354670
31 67
31 71
31 29005
31 29006
31 29008
31 354671
32 67
32 38604
32 93561
32 354210
32 354211
32 354672
33 76
33 342
33 343
33 345
33 354673
34 42
34 67
34 71
34 9541
34 9542
34 354674
35 67
35 1886
35 10653
35 83564
35 354676
35 354677
35 354678
36 76
36 433
36 434
36 436
36 354679
37 71
37 76
37 190
37 191
37 5963
seqId 106
1 20
1 82
1 83
1 84
1 115
1 195
1 1824
1 9780
1 354680
2 84
2 90
2 91
2 93
2 121
2 195
2 7704
2 58022
2 354681
3 660
3 1622
3 1623
3 1625
3 354682
4 4
4 5
4 99
4 131
4 132
4 133
4 152
4 354683
5 3
5 4
5 5
5 4249
5 4251
5 354684
6 76
6 137
6 138
6 140
6 354685
7 3
7 5
7 20
7 5945
7 5947
7 354686
8 243
8 244
8 245
8 247
8 303329
9 3
9 4
9 5
9 163515
9 172416
9 354687
10 76
10 185
10 186
10 188
10 354688
11 660
11 976
11 979
11 1458
11 354689
12 944
12 945
12 946
12 948
12 354690
13 4
13 5
13 99
13 131
13 132
13 133
13 152
13 354691
14 3
14 4
14 5
14 21181
14 44341
14 354692
15 76
15 137
15 138
15 140
15 354693
16 3
16 4
16 195
16 94892
16 213941
16 354694
17 4
17 195
17 202
17 36111
17 36891
17 354695
18 76
18 342
18 343
18 345
18 354696
19 4
19 5
19 202
19 26596
19 26598
19 354697
20 4
20 5
20 202
20 21185
20 78431
20 354698
21 76
21 185
21 186
21 188
21 171175
22 9
22 10
22 11
22 13
22 354699
23 67
23 354660
23 354661
23 354663
23 354700
24 2822
24 2823
24 2824
24 2826
24 354701
25 10
25 146
25 147
25 149
25 722
26 99
26 131
26 132
26 133
26 195
26 236
26 237
27 3
27 20
27 195
27 16923
27 38010
27 50774
27 132616
27 354703
27 354704
28 76
28 2265
28 2266
28 2268
28 354705
29 243
29 244
29 245
29 247
29 303350
30 9
30 10
30 24
30 26
30 27
30 354706
31 4
31 5
31 99
31 133
31 175
31 176
31 178
31 354707
32 3
32 4
32 5
32 3615
32 3617
32 354708
33 660
33 2347
33 2348
33 2350
33 354709
34 4
34 5
34 202
34 3244
34 3246
34 354710
35 4
35 5
35 99
35 131
35 132
35 133
35 152
35 354711
36 3
36 4
36 5
36 21181
36 44341
36 354712
37 9
37 10
37 11
37 13
37 171191
38 4
38 5
38 99
38 131
38 132
38 133
38 152
38 354713
39 76
39 137
39 138
39 140
39 354714
40 3
40 4
40 5
40 7537
40 37924
40 354716
40 354717
41 76
41 185
41 186
41 188
41 6036
42 4
42 5
42 202
42 21185
42 78431
42 354718
43 230
43 231
43 232
43 234
43 354719
44 9
44 10
44 11
44 13
44 163
45 99
45 131
45 132
45 133
45 195
45 236
45 237
46 3
46 20
46 195
46 340
46 36111
46 168242
46 354720
47 76
47 413
47 414
47 416
47 354721
48 36
48 67
48 71
48 18488
48 18489
48 354722
49 67
49 1185
49 183607
49 354388
49 354389
49 354723
50 76
50 342
50 343
50 345
50 354724
51 67
51 71
51 29005
51 29006
51 29008
51 354725
52 67
52 38604
52 93561
52 354210
52 354211
52 354726
53 76
53 433
53 434
53 436
53 354727
54 71
54 76
54 190
54 191
54 354728
seqId 107
1 99
1 131
1 132
1 133
1 195
1 1220
1 354729
2 3
2 20
2 195
2 1320
2 3384
2 354730
3 10
3 109
3 110
3 112
3 303382
4 3
4 4
4 5
4 59102
4 59104
4 354731
5 4
5 5
5 202
5 140235
5 144993
5 354732
6 76
6 413
6 414
6 416
6 59647
7 67
7 699
7 1104
7 122203
7 354734
7 354735
7 354736
8 76
8 342
8 343
8 345
8 354737
9 67
9 967
9 9507
9 75863
9 119076
9 354739
9 354740
9 354741
10 76
10 342
10 343
10 345
10 354742
11 67
11 1104
11 11594
11 354744
11 354745
11 354746
11 354747
12 76
12 342
12 343
12 345
12 354748
13 4
13 5
13 99
13 131
13 132
13 133
13 152
13 354749
14 3
14 4
14 5
14 539
14 18239
14 354750
15 27
15 660
15 661
15 910
15 912
15 354751
16 5
16 84
16 91
16 93
16 121
16 703
16 707
16 956
16 171221
17 660
17 1539
17 3768
17 3771
17 354752
18 5
18 20
18 202
18 36084
18 36086
18 354753
19 660
19 661
19 1240
19 1242
19 354754
20 4
20 5
20 202
20 354756
20 354757
20 354758
21 76
21 433
21 434
21 436
21 354759
22 84
22 90
22 91
22 93
22 121
22 195
22 7704
22 58022
22 354760
23 660
23 2347
23 2348
23 2350
23 354761
24 660
24 6286
24 6287
24 6289
24 354762
25 4
25 5
25 99
25 131
25 132
25 133
25 152
25 354763
26 3
26 4
26 5
26 3707
26 3709
26 354764
27 9
27 10
27 24
27 26
27 27
27 49348
28 3
28 5
28 20
28 39897
28 39899
28 354765
29 76
29 342
29 343
29 345
29 354766
30 4
30 5
30 99
30 131
30 132
30 133
30 152
30 354767
31 3
31 4
31 5
31 5987
31 55143
31 354768
32 9
32 10
32 11
32 13
32 354769
33 4
33 5
33 99
33 131
33 132
33 133
33 152
33 217256
34 3
34 4
34 5
34 35824
34 35826
34 354770
35 76
35 342
35 343
35 345
35 354771
36 99
36 131
36 132
36 133
36 195
36 237
36 354772
37 20
37 195
37 202
37 795
37 2446
37 354773
38 3
38 20
38 195
38 31126
38 38752
38 354774
39 9
39 10
39 11
39 13
39 354775
40 3
40 4
40 5
40 34518
40 34520
40 354776
41 9
41 10
41 11
41 13
41 6102
42 4
42 5
42 99
42 131
42 132
42 133
42 152
42 354777
43 3
43 4
43 5
43 4094
43 12255
43 354778
44 243
44 244
44 245
44 247
44 354779
45 158
45 159
45 160
45 162
45 354780
46 9
46 10
46 11
46 13
46 163
47 5
47 20
47 99
47 131
47 132
47 133
47 165
47 166
48 3
48 5
48 20
48 5018
48 5020
48 354781
49 76
49 413
49 414
49 416
49 354782
50 36
50 67
50 71
50 18488
50 18489
50 354783
51 67
51 5741
51 22047
51 56549
51 146918
51 354222
51 354223
51 354784
52 76
52 342
52 343
52 345
52 346236
53 67
53 71
53 4796
53 46982
53 46983
53 354785
54 67
54 48274
54 139459
54 354235
54 354236
54 354786
55 76
55 342
55 343
55 345
55 354787
56 36
56 67
56 71
56 18488
56 18489
56 354788
57 67
57 9507
57 61056
57 354228
57 354229
57 354231
57 354789
58 76
58 433
58 434
58 436
58 354790
59 71
59 76
59 190
59 191
59 354791
seqId 108
1 5
1 20
1 81
1 82
1 83
1 84
1 85
1 2423
1 354792
2 5
2 84
2 90
2 91
2 92
2 93
2 96
2 4063
2 5056
2 354793
3 944
3 945
3 946
3 948
3 354794
4 5
4 27
4 99
4 131
4 132
4 133
4 135
4 354795
5 3
5 4
5 5
5 642
5 23331
5 354796
6 5
6 84
6 91
6 93
6 121
6 702
6 703
6 705
6 131797
7 5
7 20
7 90
7 122
7 708
7 769
7 28710
7 188737
7 354797
8 9
8 10
8 11
8 13
8 354798
9 90
9 443
9 2514
9 12362
9 354799
10 4
10 5
10 99
10 131
10 132
10 133
10 152
10 217288
11 3
11 4
11 5
11 9329
11 9660
11 354800
12 67
12 340
12 17607
12 64592
12 151392
12 151393
12 354801
13 76
13 165951
13 165952
13 165954
13 354802
14 660
14 15898
14 15899
14 15901
14 354803
15 4
15 5
15 90
15 122
15 708
15 712
15 713
15 715
15 354804
16 10
16 378
16 379
16 381
16 354805
17 90
17 443
17 4075
17 4077
17 346265
18 5
18 27
18 99
18 131
18 132
18 133
18 135
18 354806
19 4
19 5
19 202
19 92193
19 92195
19 354807
20 3
20 4
20 5
20 2818
20 5508
20 354808
21 9
21 10
21 11
21 13
21 354809
22 3
22 4
22 5
22 8842
22 9174
22 354810
23 158
23 159
23 160
23 162
23 354811
24 9
24 10
24 11
24 13
24 163
25 5
25 20
25 99
25 131
25 132
25 133
25 165
25 166
26 5
26 20
26 67
26 340
26 17607
26 64592
26 151392
26 354812
27 230
27 231
27 232
27 234
27 354813
28 9
28 10
28 11
28 13
28 163
29 99
29 131
29 132
29 133
29 195
29 236
29 237
30 3
30 4
30 195
30 340
30 162083
30 162085
30 162086
30 354814
31 9
31 10
31 11
31 13
31 354815
32 3
32 4
32 5
32 59102
32 140647
32 354816
33 10
33 109
33 110
33 112
33 354817
34 3
34 4
34 5
34 18201
34 126846
34 354818
35 4
35 5
35 202
35 13322
35 31197
35 354819
36 4
36 5
36 90
36 122
36 708
36 713
36 6182
36 10347
36 11928
37 10
37 828
37 829
37 831
37 354820
38 67
38 49286
38 49287
38 49289
38 354821
39 67
39 340
39 96775
39 96776
39 96778
39 354822
40 9
40 10
40 11
40 13
40 354823
41 51
41 195
41 204423
41 204425
41 354824
42 10
42 146
42 147
42 149
42 354825
43 51
43 195
43 4167
43 4169
43 354826
44 76
44 413
44 414
44 416
44 354827
45 3
45 4
45 5
45 9329
45 9660
45 95049
46 4
46 5
46 90
46 122
46 708
46 713
46 10347
46 11928
46 354828
47 10
47 828
47 829
47 831
47 354829
48 67
48 71
48 6078
48 9551
48 9552
48 354830
49 67
49 74089
49 101752
49 274655
49 354832
49 354833
49 354834
50 76
50 342
50 343
50 345
50 354835
51 67
51 71
51 16138
51 95651
51 95652
51 354836
52 67
52 146404
52 175496
52 354005
52 354006
52 354837
53 76
53 433
53 434
53 436
53 354838
54 71
54 76
54 190
54 191
54 49481
seqId 109
1 99
1 131
1 132
1 133
1 195
1 1220
1 354839
2 3
2 20
2 195
2 1320
2 3384
2 354840
3 10
3 109
3 110
3 112
3 354841
4 3
4 4
4 5
4 59102
4 59104
4 354842
5 4
5 5
5 202
5 22424
5 354844
5 354845
6 84
6 90
6 91
6 93
6 121
6 195
6 34669
6 354847
6 354848
6 354849
7 10
7 7340
7 9033
7 9035
7 354850
8 67
8 792
8 18588
8 354852
8 354853
8 354854
9 243
9 244
9 245
9 247
9 37222
10 5
10 27
10 99
10 131
10 132
10 133
10 135
10 171320
11 3
11 4
11 5
11 2997
11 12501
11 354855
12 4
12 5
12 202
12 8917
12 8919
12 354856
13 76
13 342
13 343
13 345
13 354857
14 10
14 109
14 110
14 112
14 6217
15 3
15 4
15 5
15 813
15 815
15 354858
16 230
16 231
16 232
16 234
16 354859
17 9
17 10
17 11
17 13
17 163
18 99
18 131
18 132
18 133
18 195
18 236
18 237
19 3
19 20
19 72
19 195
19 792
19 30546
19 47215
19 132616
19 354861
19 354862
20 76
20 342
20 343
20 345
20 49517
21 9
21 10
21 11
21 13
21 123161
22 67
22 192526
22 354864
22 354865
22 354866
22 354867
23 76
23 342
23 343
23 345
23 354868
24 244
24 1249
24 1250
24 1252
24 354869
25 660
25 1622
25 1623
25 1625
25 354870
26 9
26 10
26 11
26 13
26 354871
27 4
27 5
27 99
27 131
27 132
27 133
27 152
27 354872
28 3
28 4
28 5
28 5804
28 98836
28 168909
28 354874
28 354875
28 354876
29 10
29 109
29 112
29 1539
29 354877
30 3
30 5
30 20
30 1601
30 1603
30 354878
31 4
31 5
31 202
31 106727
31 133773
31 354880
31 354881
31 354882
31 354883
32 9
32 10
32 11
32 13
32 354884
33 5
33 27
33 99
33 131
33 132
33 133
33 135
33 354885
34 3
34 4
34 5
34 2997
34 12501
34 354886
35 9
35 10
35 11
35 13
35 354887
36 67
36 190852
36 190853
36 190855
36 354888
37 243
37 244
37 245
37 247
37 354889
38 9
38 10
38 11
38 13
38 37266
39 4
39 5
39 99
39 131
39 132
39 133
39 152
39 354890
40 3
40 4
40 5
40 28107
40 28109
40 354891
41 4
41 5
41 202
41 9578
41 98833
41 98835
41 98836
41 98837
41 354892
42 76
42 413
42 414
42 416
42 354893
43 67
43 71
43 9179
43 9494
43 18718
43 354894
44 67
44 48608
44 61056
44 92366
44 114954
44 352385
44 352386
44 354895
45 76
45 342
45 343
45 345
45 354896
46 42
46 67
46 71
46 9541
46 9542
46 354897
47 67
47 138439
47 138440
47 138442
47 354898
48 76
48 342
48 343
48 345
48 354899
49 3
49 5
49 20
49 71
49 9488
49 9490
49 354900
50 67
50 72
50 14296
50 47596
50 299385
50 352324
50 352325
50 352327
50 354901
51 76
51 342
51 343
51 345
51 354902
52 36
52 67
52 71
52 18488
52 18489
52 354903
53 67
53 1845
53 14010
53 354258
53 354259
53 354904
54 76
54 433
54 434
54 436
54 354905
55 71
55 76
55 190
55 191
55 354906
seqId 110
1 99
1 131
1 132
1 133
1 195
1 1220
1 354907
2 3
2 20
2 195
2 1320
2 3384
2 354908
3 10
3 109
3 110
3 112
3 354909
4 3
4 4
4 5
4 59102
4 59104
4 354910
5 4
5 5
5 202
5 13322
5 31197
5 354911
6 76
6 342
6 343
6 345
6 354912
7 10
7 7340
7 9033
7 9035
7 123202
8 67
8 50053
8 55359
8 206584
8 206585
8 354913
9 76
9 413
9 414
9 416
9 354914
10 243
10 244
10 245
10 247
10 354915
11 5
11 99
11 115
11 773
11 774
11 775
11 776
11 778
11 354916
12 3
12 5
12 20
12 2723
12 2725
12 354917
13 2822
13 2823
13 2824
13 2826
13 123208
14 10
14 146
14 147
14 149
14 722
15 99
15 131
15 132
15 133
15 195
15 236
15 237
16 3
16 4
16 195
16 313
16 6526
16 354918
17 76
17 433
17 434
17 436
17 354919
18 76
18 342
18 343
18 345
18 354920
19 5
19 84
19 90
19 91
19 93
19 121
19 4379
19 9977
19 354921
20 4
20 5
20 99
20 133
20 175
20 176
20 178
20 354922
21 3
21 4
21 5
21 33906
21 33908
21 354923
22 4
22 5
22 202
22 1601
22 18277
22 354924
23 717
23 718
23 719
23 721
23 59815
24 10
24 146
24 147
24 149
24 722
25 5
25 20
25 99
25 131
25 132
25 133
25 165
25 166
26 3
26 5
26 20
26 21185
26 41254
26 354925
27 76
27 342
27 343
27 345
27 354926
28 10
28 828
28 831
28 1539
28 354927
29 3
29 5
29 20
29 6890
29 6892
29 354928
30 10
30 146
30 147
30 149
30 354929
31 67
31 967
31 45613
31 83565
31 354931
31 354932
31 354933
32 243
32 244
32 245
32 247
32 37332
33 67
33 699
33 139588
33 204412
33 204413
33 204415
33 354934
34 76
34 413
34 414
34 416
34 354935
35 36
35 67
35 71
35 18488
35 18489
35 354936
36 67
36 46409
36 48761
36 352377
36 352378
36 354937
37 76
37 342
37 343
37 345
37 354938
38 64
38 67
38 71
38 53047
38 53048
38 354939
39 67
39 49510
39 206664
39 206665
39 206667
39 354940
40 76
40 342
40 343
40 345
40 354941
41 67
41 71
41 71
41 72
41 4586
41 9179
41 338861
41 338862
41 354942
42 67
42 340
42 72995
42 142139
42 142550
42 352246
42 352247
42 354943
43 76
43 342
43 343
43 345
43 354944
44 67
44 71
44 6078
44 9551
44 9552
44 354945
45 76
45 592
45 593
45 595
45 354946
46 42
46 67
46 71
46 9541
46 9542
46 354947
47 67
47 75556
47 206429
47 206430
47 206432
47 354948
48 76
48 342
48 343
48 345
48 354949
49 3
49 5
49 20
49 71
49 9488
49 9490
49 354950
50 67
50 72
50 14296
50 47596
50 299385
50 352324
50 352325
50 352327
50 354951
51 76
51 433
51 434
51 436
51 188938
52 71
52 76
52 190
52 191
52 354952
seqId 111
1 5
1 20
1 202
1 15492
1 309322
1 354953
2 243
2 244
2 245
2 247
2 354954
3 5
3 20
3 202
3 30408
3 101482
3 354955
4 76
4 342
4 343
4 345
4 354956
5 5
5 20
5 98
5 99
5 100
5 3961
5 354957
6 3
6 5
6 20
6 2320
6 2322
6 354958
7 5
7 84
7 91
7 93
7 121
7 703
7 707
7 956
7 354959
8 660
8 1897
8 1898
8 1900
8 354960
9 5
9 20
9 90
9 122
9 708
9 713
9 10385
9 46245
9 354961
10 10
10 828
10 829
10 831
10 354962
11 51
11 195
11 1501
11 1503
11 354963
12 3
12 20
12 195
12 22992
12 314603
12 354964
13 20
13 195
13 202
13 7169
13 7171
13 354965
14 82
14 758
14 759
14 761
14 354966
15 84
15 90
15 91
15 93
15 121
15 195
15 755
15 3541
15 35152
15 354967
16 5
16 27
16 99
16 131
16 132
16 133
16 135
16 327158
17 3
17 4
17 5
17 1573
17 1575
17 354968
18 9
18 10
18 11
18 13
18 354969
19 5
19 27
19 99
19 131
19 132
19 133
19 135
19 354970
20 3
20 4
20 5
20 642
20 23331
20 354971
21 10
21 109
21 112
21 1539
21 354972
22 3
22 5
22 20
22 3244
22 7638
22 354973
23 75
23 76
23 77
23 79
23 354974
24 509
24 705
24 5165
24 5166
24 354975
25 76
25 433
25 434
25 436
25 354976
26 5
26 20
26 82
26 83
26 84
26 115
26 763
26 1002
26 354977
27 5
27 84
27 90
27 91
27 93
27 121
27 4190
27 17942
27 354978
28 243
28 244
28 245
28 247
28 354979
29 5
29 84
29 90
29 91
29 93
29 121
29 19782
29 354271
29 354980
30 660
30 1377
30 6485
30 6487
30 354981
31 660
31 6286
31 6287
31 6289
31 354982
32 99
32 131
32 132
32 133
32 195
32 237
32 354983
33 3
33 4
33 195
33 21181
33 21183
33 354984
34 4
34 195
34 202
34 340
34 10649
34 10651
34 10652
34 10653
34 37976
34 354985
35 243
35 244
35 245
35 247
35 354986
36 4
36 195
36 202
36 5416
36 354595
36 354987
37 76
37 413
37 414
37 416
37 354988
38 3
38 5
38 20
38 2320
38 2322
38 354989
39 5
39 51
39 680
39 1993
39 6372
40 243
40 244
40 245
40 247
40 354990
41 51
41 195
41 2054
41 2056
41 354991
42 76
42 433
42 434
42 436
42 354992
43 76
43 342
43 343
43 345
43 132041
44 509
44 5177
44 5178
44 5180
44 354993
45 76
45 433
45 434
45 436
45 49699
46 5
46 20
46 202
46 26353
46 45115
46 354994
47 76
47 342
47 343
47 345
47 354995
48 72
48 660
48 721
48 5077
48 5078
48 5080
48 354996
49 9
49 10
49 11
49 13
49 354997
50 4
50 5
50 99
50 131
50 132
50 133
50 152
50 354998
51 3
51 4
51 5
51 5859
51 24599
51 354999
52 9
52 10
52 11
52 13
52 95186
53 5
53 27
53 99
53 131
53 132
53 133
53 135
53 355000
54 3
54 4
54 5
54 14686
54 14688
54 355001
55 9
55 10
55 11
55 13
55 171458
56 4
56 5
56 99
56 131
56 132
56 133
56 152
56 123281
57 3
57 4
57 5
57 59102
57 59104
57 355002
58 76
58 342
58 343
58 345
58 355003
59 10
59 146
59 147
59 149
59 355004
60 5
60 27
60 99
60 131
60 132
60 133
60 135
60 355005
61 3
61 4
61 5
61 140928
61 140930
61 140931
61 355006
62 9
62 10
62 11
62 13
62 355007
63 4
63 5
63 99
63 131
63 132
63 133
63 152
63 355008
64 3
64 4
64 5
64 34647
64 34649
64 355009
65 76
65 342
65 343
65 345
65 355010
66 5
66 20
66 82
66 83
66 84
66 115
66 763
66 1002
66 355011
67 5
67 84
67 90
67 91
67 93
67 121
67 4379
67 9977
67 355012
68 5
68 20
68 99
68 133
68 175
68 176
68 1316
68 355013
69 3
69 5
69 20
69 7259
69 7261
69 355014
70 5
70 20
70 202
70 1601
70 1603
70 355015
71 2822
71 2823
71 2824
71 2826
71 355016
72 10
72 146
72 147
72 149
72 722
73 99
73 131
73 132
73 133
73 195
73 236
73 237
74 3
74 4
74 195
74 340
74 340
74 7537
74 355018
74 355019
74 355020
75 76
75 342
75 343
75 345
75 189011
76 2822
76 2823
76 2824
76 2826
76 355021
77 10
77 146
77 147
77 149
77 722
78 99
78 131
78 132
78 133
78 195
78 236
78 237
79 3
79 20
79 195
79 37928
79 60441
79 355022
80 243
80 244
80 245
80 247
80 355023
81 2822
81 2823
81 2824
81 2826
81 355024
82 10
82 146
82 147
82 149
82 722
83 99
83 131
83 132
83 133
83 195
83 236
83 237
84 3
84 4
84 195
84 340
84 7537
84 37924
84 354716
84 355026
85 76
85 342
85 343
85 345
85 355027
86 9
86 10
86 11
86 13
86 355028
87 3
87 20
87 195
87 112339
87 355030
87 355031
87 355032
88 243
88 244
88 245
88 247
88 355033
89 3
89 20
89 195
89 37245
89 37247
89 355034
90 9
90 10
90 11
90 13
90 355035
91 3
91 4
91 5
91 34647
91 34649
91 355036
92 76
92 342
92 343
92 345
92 355037
93 243
93 244
93 245
93 247
93 355038
94 20
94 82
94 84
94 98
94 100
94 102
94 355039
95 10
95 109
95 112
95 1539
95 355040
96 3
96 5
96 20
96 1601
96 1603
96 355041
97 717
97 718
97 719
97 721
97 95222
98 10
98 146
98 147
98 149
98 722
99 5
99 20
99 99
99 131
99 132
99 133
99 165
99 166
100 3
100 5
100 20
100 8760
100 8762
100 355042
101 158
101 159
101 160
101 162
101 355043
102 9
102 10
102 11
102 13
102 163
103 5
103 20
103 99
103 131
103 132
103 133
103 165
103 166
104 3
104 5
104 20
104 21185
104 41254
104 355044
105 71
105 76
105 190
105 191
105 355045
seqId 112
1 10
1 1539
1 2408
1 33987
1 355046
2 3
2 5
2 20
2 2412
2 2414
2 355047
3 4
3 5
3 99
3 131
3 132
3 133
3 152
3 355048
4 3
4 4
4 5
4 35277
4 35279
4 355049
5 230
5 231
5 232
5 234
5 355050
6 9
6 10
6 11
6 13
6 163
7 99
7 131
7 132
7 133
7 195
7 236
7 237
8 3
8 4
8 15
8 195
8 4121
8 355051
9 4
9 90
9 122
9 195
9 708
9 713
9 3686
9 5120
9 355052
10 10
10 146
10 147
10 149
10 355053
11 5
11 27
11 99
11 131
11 132
11 133
11 135
11 355054
12 5
12 67
12 1104
12 75755
12 351807
12 351810
12 355055
13 76
13 2265
13 2266
13 2268
13 355056
14 4
14 90
14 122
14 195
14 708
14 713
14 2787
14 326462
14 326464
14 355057
15 9
15 10
15 11
15 13
15 355058
16 5
16 99
16 115
16 773
16 774
16 775
16 776
16 778
16 171519
17 3
17 5
17 20
17 32317
17 32319
17 355059
18 76
18 342
18 343
18 345
18 355060
19 9
19 10
19 11
19 13
19 355061
20 5
20 99
20 115
20 773
20 774
20 775
20 776
20 778
20 355062
21 3
21 5
21 20
21 13025
21 30421
21 355063
22 9
22 10
22 11
22 13
22 355064
23 3
23 4
23 5
23 34306
23 34308
23 355065
24 10
24 828
24 829
24 831
24 355066
25 3
25 4
25 5
25 91927
25 91929
25 355067
26 9
26 10
26 11
26 13
26 346592
27 3
27 20
27 195
27 217
27 1506
27 217549
28 76
28 342
28 343
28 345
28 217550
29 243
29 244
29 245
29 247
29 355068
30 9
30 10
30 11
30 13
30 355069
31 5
31 99
31 115
31 773
31 774
31 775
31 776
31 778
31 355070
32 3
32 5
32 20
32 12850
32 12852
32 12853
32 355071
33 10
33 146
33 147
33 149
33 355072
34 5
34 20
34 99
34 133
34 175
34 176
34 1316
34 355073
35 3
35 5
35 20
35 56527
35 56529
35 355074
36 243
36 244
36 245
36 247
36 355075
37 99
37 115
37 195
37 773
37 774
37 775
37 776
37 3400
37 355076
38 3
38 4
38 195
38 24833
38 26709
38 355077
39 4
39 195
39 202
39 12924
39 59333
39 355078
40 76
40 2265
40 2266
40 2268
40 355079
41 82
41 83
41 84
41 109
41 112
41 115
41 355080
42 84
42 90
42 91
42 93
42 121
42 195
42 4766
42 6444
42 346608
43 4
43 5
43 99
43 133
43 175
43 176
43 178
43 355081
44 3
44 4
44 5
44 642
44 23331
44 355082
45 660
45 18003
45 18004
45 18006
45 355083
46 4
46 5
46 202
46 325798
46 325800
46 355084
47 944
47 945
47 946
47 948
47 355085
48 99
48 133
48 175
48 176
48 195
48 234
48 355086
49 3
49 4
49 195
49 642
49 644
49 355087
50 660
50 6560
50 10036
50 10038
50 355088
51 4
51 90
51 122
51 195
51 708
51 713
51 2787
51 3257
51 3259
51 355089
52 10
52 828
52 829
52 831
52 355090
53 5
53 20
53 99
53 133
53 175
53 176
53 1316
53 355091
54 3
54 5
54 20
54 272
54 894
54 355092
55 5
55 20
55 202
55 22418
55 87145
55 355093
56 9
56 10
56 24
56 26
56 27
56 355094
57 3
57 4
57 5
57 13887
57 26751
57 355095
58 244
58 418
58 419
58 421
58 355096
59 4
59 5
59 99
59 133
59 175
59 176
59 178
59 355097
60 3
60 4
60 5
60 1913
60 1915
60 355098
61 4
61 5
61 202
61 693
61 33899
61 355099
62 4
62 5
62 202
62 22861
62 22863
62 355100
63 243
63 244
63 245
63 247
63 355101
64 4
64 5
64 90
64 122
64 708
64 713
64 23260
64 23262
64 355102
65 71
65 76
65 190
65 191
65 355103
seqId 113
1 5
1 20
1 82
1 83
1 84
1 115
1 763
1 3948
1 355104
2 27
2 660
2 661
2 910
2 912
2 355105
3 82
3 83
3 84
3 109
3 112
3 115
3 355106
4 5
4 84
4 91
4 93
4 121
4 703
4 707
4 956
4 355107
5 660
5 661
5 1240
5 1242
5 355108
6 660
6 18003
6 18004
6 18006
6 355109
7 5
7 20
7 202
7 48464
7 48466
7 355110
8 27
8 944
8 945
8 1463
8 3308
8 355111
9 72
9 660
9 721
9 5077
9 5078
9 5080
9 355112
10 158
10 159
10 160
10 162
10 355113
11 9
11 10
11 11
11 13
11 163
12 5
12 20
12 99
12 131
12 132
12 133
12 165
12 166
13 3
13 5
13 20
13 3775
13 3777
13 355114
14 944
14 945
14 946
14 948
14 355115
15 4
15 5
15 99
15 131
15 132
15 133
15 152
15 355116
16 3
16 4
16 5
16 15
16 17
16 355117
17 10
17 109
17 110
17 112
17 355118
18 3
18 4
18 5
18 59102
18 59104
18 355119
19 76
19 342
19 343
19 345
19 355120
20 660
20 2347
20 2348
20 2350
20 355121
21 944
21 945
21 946
21 948
21 355122
22 10
22 283
22 284
22 286
22 355123
23 26
23 27
23 99
23 133
23 175
23 176
23 195
23 355124
24 20
24 195
24 202
24 2294
24 3837
24 355125
25 3
25 20
25 195
25 272
25 6282
25 355126
26 76
26 413
26 414
26 416
26 355127
27 10
27 109
27 112
27 1539
27 49909
28 3
28 5
28 20
28 1601
28 1603
28 355128
29 10
29 283
29 284
29 286
29 355129
30 85
30 99
30 195
30 237
30 340
30 111528
30 355131
30 355132
31 76
31 137
31 138
31 140
31 217610
32 3
32 4
32 195
32 313
32 6526
32 355133
33 4
33 195
33 202
33 340
33 66223
33 66225
33 355134
34 76
34 185
34 186
34 188
34 355135
35 76
35 433
35 434
35 436
35 355136
36 76
36 342
36 343
36 345
36 95335
37 5
37 84
37 90
37 91
37 93
37 121
37 2081
37 2426
37 355137
38 90
38 443
38 63865
38 63867
38 355138
39 3
39 5
39 20
39 6840
39 6842
39 49928
40 9
40 10
40 24
40 26
40 27
40 355139
41 4
41 5
41 99
41 133
41 175
41 176
41 178
41 355140
42 4
42 5
42 202
42 6111
42 151303
42 355141
43 3
43 4
43 5
43 35277
43 35279
43 355142
44 76
44 342
44 343
44 345
44 171625
45 5
45 27
45 99
45 131
45 132
45 133
45 135
45 355143
46 5
46 67
46 1104
46 75755
46 351807
46 351810
46 355144
47 5
47 84
47 91
47 93
47 121
47 702
47 703
47 705
47 355145
48 5
48 20
48 90
48 122
48 708
48 769
48 12336
48 76933
48 355146
49 90
49 443
49 12400
49 33680
49 355147
50 98
50 99
50 100
50 195
50 2073
50 355148
51 4
51 195
51 202
51 9960
51 28670
51 355149
52 3
52 4
52 195
52 729
52 731
52 355150
53 4
53 5
53 99
53 133
53 175
53 176
53 178
53 49945
54 3
54 4
54 5
54 1573
54 1575
54 355151
55 82
55 758
55 759
55 761
55 355152
56 76
56 342
56 343
56 345
56 132188
57 10
57 378
57 379
57 381
57 355153
58 27
58 660
58 661
58 910
58 912
58 355154
59 443
59 703
59 707
59 2086
59 355155
60 660
60 661
60 1240
60 1242
60 355156
61 4
61 5
61 90
61 122
61 708
61 713
61 2125
61 42438
61 355157
62 9
62 10
62 11
62 13
62 355158
63 3
63 4
63 5
63 3615
63 3617
63 355159
64 10
64 705
64 1539
64 5165
64 171644
65 660
65 43195
65 211505
65 211506
65 355160
66 76
66 342
66 343
66 345
66 327347
67 5
67 84
67 90
67 91
67 93
67 121
67 65970
67 65972
67 355161
68 660
68 2522
68 17966
68 17969
68 355162
69 9
69 10
69 11
69 13
69 355163
70 3
70 4
70 5
70 355165
70 355166
70 355167
71 944
71 945
71 946
71 948
71 355168
72 9
72 10
72 11
72 13
72 355169
73 3
73 4
73 5
73 171638
73 171640
73 355170
74 76
74 342
74 343
74 345
74 355171
75 20
75 82
75 84
75 98
75 100
75 102
75 355172
76 82
76 758
76 759
76 761
76 355173
77 5
77 20
77 82
77 83
77 84
77 115
77 763
77 765
77 355174
78 5
78 84
78 90
78 91
78 93
78 121
78 2333
78 2335
78 355175
79 9
79 10
79 11
79 13
79 355176
80 90
80 443
80 768
80 4129
80 355177
81 4
81 5
81 99
81 133
81 175
81 176
81 178
81 355178
82 3
82 4
82 5
82 111896
82 309646
82 355179
83 4
83 5
83 202
83 355181
83 355182
83 355183
84 2822
84 2823
84 2824
84 2826
84 355184
85 10
85 146
85 147
85 149
85 722
86 99
86 131
86 132
86 133
86 195
86 236
86 237
87 3
87 4
87 15
87 195
87 4121
87 355185
88 82
88 758
88 759
88 761
88 355186
89 82
89 83
89 84
89 115
89 5729
89 5731
89 355187
90 84
90 91
90 93
90 121
90 195
90 703
90 707
90 1858
90 355188
91 4
91 90
91 122
91 195
91 708
91 713
91 3686
91 5120
91 189162
92 243
92 244
92 245
92 247
92 189163
93 9
93 10
93 24
93 26
93 27
93 355189
94 90
94 443
94 6565
94 22451
94 355190
95 99
95 115
95 195
95 773
95 774
95 775
95 776
95 3400
95 355191
96 20
96 195
96 202
96 38807
96 144827
96 355192
97 3
97 20
97 195
97 340
97 2094
97 2096
97 355193
98 75
98 76
98 77
98 79
98 355194
99 10
99 146
99 147
99 149
99 355195
100 4
100 5
100 99
100 131
100 132
100 133
100 152
100 189171
101 3
101 4
101 5
101 29247
101 51885
101 355196
102 10
102 1605
102 1606
102 1608
102 123463
103 3
103 4
103 195
103 22957
103 22959
103 355197
104 4
104 195
104 202
104 340
104 10649
104 10651
104 10652
104 10653
104 37976
104 355198
105 243
105 244
105 245
105 247
105 355199
106 4
106 195
106 202
106 5416
106 354595
106 355200
107 76
107 342
107 343
107 345
107 355201
108 10
108 283
108 284
108 286
108 355202
109 5
109 20
109 99
109 133
109 175
109 176
109 1316
109 189183
110 5
110 20
110 202
110 3303
110 36191
110 355203
111 3
111 5
111 20
111 9584
111 9586
111 355204
112 10
112 378
112 379
112 381
112 355205
113 5
113 27
113 99
113 131
113 132
113 133
113 135
113 355206
114 3
114 4
114 5
114 140928
114 140930
114 140931
114 355207
115 9
115 10
115 11
115 13
115 355208
116 4
116 5
116 99
116 131
116 132
116 133
116 152
116 355209
117 3
117 4
117 5
117 4094
117 12255
117 355210
118 82
118 84
118 114
118 115
118 116
118 1361
118 217709
119 90
119 121
119 122
119 3681
119 25955
119 25957
119 355211
120 660
120 1377
120 6485
120 6487
120 355212
121 660
121 6286
121 6287
121 6289
121 355213
122 99
122 133
122 175
122 176
122 195
122 234
122 355214
123 3
123 20
123 195
123 3937
123 3939
123 355215
124 76
124 342
124 343
124 345
124 355216
125 3
125 20
125 195
125 37928
125 60441
125 355217
126 243
126 244
126 245
126 247
126 355218
127 3
127 4
127 195
127 340
127 7537
127 37924
127 354716
127 355219
128 10
128 283
128 284
128 286
128 355220
129 4
129 5
129 99
129 131
129 132
129 133
129 152
129 355221
130 3
130 4
130 5
130 34647
130 34649
130 355222
131 76
131 342
131 343
131 345
131 171726
132 82
132 758
132 759
132 761
132 355223
133 84
133 90
133 91
133 93
133 121
133 195
133 37376
133 355225
133 355226
134 5
134 20
134 99
134 131
134 132
134 133
134 166
134 355227
135 660
135 2347
135 2348
135 2350
135 355228
136 5
136 20
136 202
136 21185
136 41254
136 355229
137 71
137 76
137 190
137 191
137 355230
seqId 114
1 3
1 4
1 195
1 1742
1 1744
1 355231
2 4
2 195
2 202
2 15437
2 15439
2 355232
seqId 115
1 90
1 443
1 25415
1 34486
1 355233
2 5
2 20
2 99
2 131
2 132
2 133
2 166
2 6739
3 3
3 5
3 20
3 1731
3 15444
3 355234
4 67
4 1735
4 1736
4 1738
4 355235
5 76
5 137
5 138
5 140
5 355236
6 3
6 4
6 195
6 1742
6 1744
6 346772
7 158
7 159
7 160
7 162
7 355237
8 9
8 10
8 11
8 13
8 163
9 5
9 20
9 99
9 131
9 132
9 133
9 165
9 166
10 3
10 5
10 20
10 384
10 386
10 355238
11 10
11 109
11 110
11 112
11 355239
12 3
12 5
12 20
12 389
12 391
12 355240
13 76
13 185
13 186
13 188
13 355241
14 76
14 342
14 343
14 345
14 355242
15 243
15 244
15 245
15 247
15 355243
16 5
16 20
16 99
16 131
16 132
16 133
16 166
16 37769
17 3
17 5
17 20
17 1709
17 14619
17 327443
18 51
18 195
18 10375
18 10377
18 355244
19 5
19 20
19 90
19 122
19 708
19 713
19 5400
19 5402
19 355245
20 76
20 137
20 138
20 140
20 355246
21 3
21 20
21 195
21 9675
21 14622
21 355247
22 243
22 244
22 245
22 247
22 355248
23 3
23 4
23 195
23 897
23 3520
23 355249
24 9
24 10
24 11
24 13
24 355250
25 4
25 5
25 99
25 131
25 132
25 133
25 152
25 355251
26 3
26 4
26 5
26 15
26 17
26 355252
27 76
27 2265
27 2266
27 2268
27 355253
28 3
28 4
28 195
28 1742
28 1744
28 355254
29 4
29 195
29 202
29 15437
29 15439
29 355255
30 76
30 185
30 186
30 188
30 355256
31 71
31 76
31 190
31 191
31 355257
seqId 116
1 3
1 4
1 5
1 19693
1 19695
1 355258
2 230
2 231
2 232
2 234
2 355259
3 9
3 10
3 11
3 13
3 163
4 99
4 131
4 132
4 133
4 195
4 236
4 237
5 3
5 20
5 195
5 9675
5 9677
5 355260
6 243
6 244
6 245
6 247
6 189245
7 230
7 231
7 232
7 234
7 355261
8 9
8 10
8 11
8 13
8 163
9 99
9 131
9 132
9 133
9 195
9 236
9 237
10 3
10 4
10 195
10 897
10 3520
10 95502
11 9
11 10
11 11
11 13
11 355262
12 3
12 4
12 5
12 15
12 17
12 355263
seqId 117
1 90
1 443
1 25415
1 34486
1 355264
2 5
2 20
2 99
2 131
2 132
2 133
2 166
2 303935
3 3
3 5
3 20
3 1731
3 15444
3 171774
4 76
4 137
4 138
4 140
4 355265
5 3
5 4
5 5
5 19693
5 19695
5 355266
6 230
6 231
6 232
6 234
6 355267
7 9
7 10
7 11
7 13
7 163
8 99
8 131
8 132
8 133
8 195
8 236
8 237
9 3
9 20
9 195
9 9675
9 9677
9 355268
10 243
10 244
10 245
10 247
10 50157
11 230
11 231
11 232
11 234
11 355269
12 9
12 10
12 11
12 13
12 163
13 99
13 131
13 132
13 133
13 195
13 236
13 237
14 3
14 4
14 195
14 897
14 3520
14 355270
15 76
15 185
15 186
15 188
15 355271
16 10
16 109
16 110
16 112
16 60203
17 3
17 4
17 5
17 1701
17 1703
17 303946
18 51
18 195
18 1427
18 1962
18 355272
19 71
19 76
19 190
19 191
19 355273
seqId 118
1 3
1 20
1 195
1 340
1 3775
1 4045
1 355274
2 20
2 195
2 202
2 340
2 4047
2 4049
2 355275
seqId 119
1 76
1 592
1 593
1 595
1 355276
2 5
2 20
2 99
2 131
2 132
2 133
2 967
2 355277
3 3
3 5
3 20
3 10672
3 10674
3 355278
4 5
4 20
4 72
4 202
4 31324
4 39146
4 39148
4 355279
5 76
5 137
5 138
5 140
5 355280
6 3
6 4
6 5
6 59102
6 140647
6 355281
7 4
7 5
7 202
7 13322
7 31197
7 355282
8 243
8 244
8 245
8 247
8 355283
9 3
9 4
9 5
9 59102
9 59104
9 355284
10 4
10 5
10 202
10 48841
10 48843
10 327492
11 717
11 718
11 719
11 721
11 327493
12 10
12 146
12 147
12 149
12 722
13 5
13 20
13 99
13 131
13 132
13 133
13 165
13 166
14 5
14 20
14 202
14 15065
14 49335
14 49337
14 355285
15 3
15 5
15 20
15 16951
15 16953
15 355286
16 76
16 185
16 186
16 188
16 355287
17 71
17 76
17 190
17 191
17 50190
seqId 120
1 5
1 20
1 82
1 83
1 84
1 115
1 763
1 3948
1 355288
2 5
2 84
2 91
2 93
2 121
2 702
2 703
2 705
2 355289
3 5
3 20
3 90
3 122
3 708
3 769
3 11204
3 70367
3 355290
4 243
4 244
4 245
4 247
4 355291
5 5
5 20
5 90
5 122
5 708
5 769
5 3433
5 80311
5 355292
6 20
6 195
6 202
6 1377
6 5238
6 217821
7 99
7 131
7 132
7 133
7 195
7 237
7 355293
8 3
8 20
8 195
8 340
8 10651
8 10652
8 10653
8 155907
8 355295
8 355296
9 9
9 10
9 11
9 13
9 355297
10 5
10 27
10 99
10 131
10 132
10 133
10 135
10 37871
11 5
11 67
11 1104
11 75755
11 351807
11 351810
11 355298
12 76
12 342
12 343
12 345
12 303973
13 10
13 283
13 284
13 286
13 355299
14 5
14 27
14 99
14 131
14 132
14 133
14 135
14 355300
15 3
15 4
15 5
15 2608
15 4490
15 355301
16 9
16 10
16 11
16 13
16 355302
17 5
17 27
17 99
17 131
17 132
17 133
17 135
17 355303
18 3
18 4
18 5
18 2997
18 12501
18 355304
19 9
19 10
19 24
19 26
19 27
19 355305
20 3
20 5
20 20
20 710
20 51590
20 355306
21 67
21 873
21 49469
21 50946
21 104337
21 355308
21 355309
21 355310
22 67
22 39465
22 50701
22 355312
22 355313
22 355314
22 355315
23 9
23 10
23 11
23 13
23 189322
24 51
24 195
24 4162
24 4164
24 303983
25 10
25 146
25 147
25 149
25 355316
26 67
26 605
26 607
26 1199
26 355317
27 243
27 244
27 245
27 247
27 355318
28 9
28 10
28 11
28 13
28 355319
29 5
29 27
29 99
29 131
29 132
29 133
29 135
29 355320
30 3
30 4
30 5
30 2997
30 12501
30 355321
31 9
31 10
31 24
31 26
31 27
31 355322
32 3
32 5
32 20
32 710
32 51590
32 355323
33 509
33 5376
33 109317
33 109319
33 355324
34 509
34 5376
34 50491
34 50493
34 355325
35 509
35 5376
35 11542
35 48631
35 231314
35 355327
35 355328
36 340
36 509
36 858
36 5376
36 55732
36 56132
36 264351
36 355329
37 509
37 5376
37 48624
37 48625
37 355330
38 313
38 509
38 5251
38 5376
38 355331
39 9
39 10
39 11
39 13
39 355332
40 51
40 195
40 5922
40 5924
40 355333
41 10
41 146
41 147
41 149
41 355334
42 67
42 58425
42 58426
42 58428
42 355335
43 75
43 76
43 77
43 79
43 355336
44 67
44 61858
44 61859
44 61861
44 355337
45 67
45 22227
45 48669
45 354119
45 354120
45 355338
46 76
46 342
46 343
46 345
46 355339
47 67
47 1104
47 134722
47 206660
47 206661
47 355340
48 67
48 49510
48 206664
48 206665
48 206667
48 355341
49 76
49 342
49 343
49 345
49 355342
50 67
50 61858
50 61859
50 61861
50 355343
51 67
51 61863
51 61864
51 61866
51 355344
52 76
52 342
52 343
52 345
52 355345
53 67
53 9769
53 57130
53 355347
53 355348
53 355349
54 67
54 57044
54 299385
54 354179
54 354180
54 355350
55 243
55 244
55 245
55 247
55 355351
56 67
56 72
56 51488
56 130128
56 130129
56 130131
56 355352
57 67
57 340
57 72995
57 142139
57 142550
57 352246
57 352247
57 355353
58 76
58 342
58 343
58 345
58 355354
59 243
59 244
59 245
59 247
59 355355
60 67
60 42551
60 42552
60 42554
60 355356
61 67
61 146404
61 175496
61 354005
61 354006
61 355357
62 10
62 8436
62 8437
62 8439
62 355358
63 27
63 944
63 945
63 1463
63 3308
63 355359
64 5
64 20
64 82
64 83
64 84
64 115
64 763
64 1002
64 355360
65 660
65 661
65 910
65 1234
65 355361
66 5
66 84
66 93
66 121
66 703
66 707
66 4415
66 355363
66 355364
67 9
67 10
67 13
67 1539
67 355365
68 5
68 20
68 202
68 795
68 797
68 355366
69 3
69 5
69 20
69 2034
69 2036
69 327561
70 9
70 10
70 11
70 13
70 327562
71 5
71 27
71 99
71 131
71 132
71 133
71 135
71 355367
72 5
72 67
72 5494
72 351810
72 355369
72 355370
73 71
73 76
73 190
73 191
73 355371
seqId 121
1 10
1 283
1 3640
1 3642
1 123657
2 5
2 20
2 99
2 131
2 132
2 133
2 166
2 95589
3 3
3 5
3 20
3 3533
3 3535
3 355372
4 9
4 10
4 11
4 13
4 355373
5 5
5 20
5 98
5 99
5 100
5 102
5 355374
6 3
6 5
6 20
6 10672
6 10674
6 355375
7 84
7 91
7 93
7 121
7 195
7 702
7 703
7 1062
7 355376
8 5
8 20
8 122
8 703
8 707
8 708
8 710
8 355377
9 20
9 90
9 122
9 195
9 708
9 713
9 32374
9 32376
9 355378
10 4
10 5
10 99
10 131
10 132
10 133
10 152
10 304028
11 3
11 4
11 5
11 6776
11 6778
11 355379
12 230
12 231
12 232
12 234
12 355380
13 9
13 10
13 11
13 13
13 163
14 99
14 131
14 132
14 133
14 195
14 236
14 237
15 3
15 20
15 195
15 4279
15 6292
15 355381
16 82
16 84
16 114
16 115
16 116
16 1361
16 355382
17 121
17 122
17 703
17 10063
17 132439
17 355384
18 90
18 443
18 535
18 2653
18 16539
18 355385
19 10
19 146
19 147
19 149
19 355386
20 5
20 27
20 99
20 131
20 132
20 133
20 135
20 355387
21 3
21 5
21 20
21 2320
21 2322
21 355388
22 76
22 413
22 414
22 416
22 355389
23 3
23 4
23 5
23 340
23 5804
23 10651
23 10652
23 10653
23 10961
23 355390
24 76
24 342
24 343
24 345
24 355391
25 3
25 4
25 5
25 206743
25 206745
25 355392
26 4
26 5
26 202
26 302
26 304
26 355393
27 76
27 342
27 343
27 345
27 355394
28 3
28 4
28 5
28 1062
28 5804
28 355396
28 355397
29 4
29 5
29 202
29 3244
29 3246
29 355398
30 243
30 244
30 245
30 247
30 355399
31 3
31 4
31 5
31 313
31 5251
31 355400
32 76
32 433
32 434
32 436
32 355401
33 76
33 342
33 343
33 345
33 355402
34 660
34 976
34 979
34 1458
34 355403
35 944
35 945
35 946
35 948
35 355404
36 99
36 131
36 132
36 133
36 195
36 237
36 355405
37 4
37 195
37 202
37 1951
37 1953
37 355406
38 3
38 4
38 195
38 13569
38 13571
38 355407
39 90
39 121
39 122
39 25735
39 35046
39 355408
40 10
40 283
40 284
40 286
40 355409
41 99
41 115
41 195
41 773
41 776
41 2192
41 28103
41 28931
41 355410
42 3
42 4
42 195
42 3846
42 3848
42 355411
43 76
43 413
43 414
43 416
43 355412
44 3
44 4
44 5
44 104024
44 104026
44 355413
45 76
45 342
45 343
45 345
45 355414
46 3
46 4
46 5
46 26989
46 26991
46 355415
47 76
47 342
47 343
47 345
47 355416
48 3
48 4
48 195
48 172261
48 172263
48 355417
49 76
49 342
49 343
49 345
49 355418
50 3
50 4
50 5
50 22458
50 22460
50 355419
51 76
51 433
51 434
51 436
51 355420
52 71
52 76
52 190
52 191
52 355421
seqId 122
1 85
1 99
1 195
1 638
1 6239
1 355422
2 3
2 20
2 195
2 1806
2 1808
2 1809
2 1810
2 355423
3 9
3 10
3 11
3 13
3 189429
4 5
4 27
4 99
4 131
4 132
4 133
4 135
4 355424
5 5
5 67
5 5494
5 351810
5 355369
5 355425
6 84
6 91
6 93
6 121
6 195
6 702
6 703
6 1062
6 355426
7 5
7 20
7 122
7 703
7 707
7 708
7 710
7 355427
8 20
8 90
8 122
8 195
8 708
8 713
8 9250
8 58963
8 304079
9 10
9 283
9 284
9 286
9 355428
10 99
10 131
10 132
10 133
10 195
10 237
10 355429
11 3
11 4
11 195
11 897
11 3520
11 355430
12 158
12 159
12 160
12 162
12 355431
13 9
13 10
13 11
13 13
13 163
14 5
14 20
14 99
14 131
14 132
14 133
14 165
14 166
15 3
15 5
15 20
15 10672
15 10674
15 355432
16 76
16 413
16 414
16 416
16 355433
17 67
17 355435
17 355436
17 355437
17 355438
18 67
18 90645
18 287101
18 355440
18 355441
18 355442
19 76
19 342
19 343
19 345
19 7071
20 67
20 57264
20 57265
20 57267
20 355443
21 67
21 72
21 865
21 15215
21 26224
21 49511
21 260594
21 355445
21 355446
21 355447
22 76
22 342
22 343
22 345
22 132495
23 67
23 85485
23 355449
23 355450
23 355451
23 355452
24 67
24 92366
24 260099
24 355454
24 355455
24 355456
25 76
25 433
25 434
25 436
25 355457
26 71
26 76
26 190
26 191
26 60376
seqId 123
1 4
1 5
1 99
1 131
1 132
1 133
1 811
1 60377
2 3
2 4
2 5
2 8842
2 9174
2 355458
3 10
3 828
3 829
3 831
3 355459
4 67
4 9769
4 57130
4 355347
4 355348
4 355460
5 67
5 57044
5 299385
5 354179
5 354180
5 355461
6 9
6 10
6 11
6 13
6 7088
7 5
7 99
7 115
7 773
7 774
7 775
7 776
7 778
7 355462
8 3
8 5
8 20
8 70793
8 70795
8 355463
9 5
9 20
9 99
9 131
9 132
9 133
9 967
9 355464
10 5
10 20
10 202
10 3954
10 3956
10 355465
11 243
11 244
11 245
11 247
11 355466
12 5
12 27
12 99
12 131
12 132
12 133
12 135
12 355467
13 3
13 5
13 20
13 169377
13 220799
13 355468
14 76
14 342
14 343
14 345
14 355469
15 10
15 378
15 379
15 381
15 355470
16 5
16 20
16 82
16 759
16 1432
16 6158
16 355471
17 5
17 20
17 82
17 83
17 84
17 115
17 763
17 1002
17 355472
18 5
18 84
18 91
18 93
18 121
18 702
18 703
18 705
18 355473
19 5
19 20
19 90
19 122
19 708
19 769
19 5568
19 5570
19 355474
20 5
20 20
20 99
20 131
20 132
20 133
20 166
20 95686
21 3
21 5
21 20
21 19318
21 88599
21 355475
22 36
22 67
22 1186
22 301790
22 340662
22 355477
22 355478
22 355479
23 5
23 84
23 90
23 91
23 93
23 121
23 2081
23 2426
23 355480
24 443
24 703
24 707
24 2086
24 60406
25 4
25 5
25 90
25 122
25 708
25 713
25 3372
25 24510
25 355481
26 10
26 146
26 147
26 149
26 355482
27 5
27 20
27 98
27 99
27 100
27 102
27 355483
28 3
28 5
28 20
28 10672
28 10674
28 355484
29 76
29 413
29 414
29 416
29 355485
30 67
30 9769
30 57130
30 355347
30 355348
30 355486
31 67
31 57044
31 299385
31 354179
31 354180
31 355487
32 82
32 83
32 84
32 115
32 5729
32 5731
32 355488
33 5
33 84
33 91
33 93
33 121
33 702
33 703
33 705
33 355489
34 5
34 20
34 90
34 122
34 708
34 769
34 28524
34 304280
34 355490
35 99
35 133
35 175
35 176
35 195
35 234
35 355491
36 3
36 20
36 195
36 6818
36 68447
36 355492
37 20
37 90
37 122
37 195
37 708
37 713
37 4530
37 4532
37 355493
38 717
38 718
38 719
38 721
38 355494
39 10
39 146
39 147
39 149
39 722
40 5
40 20
40 99
40 131
40 132
40 133
40 165
40 166
41 3
41 5
41 20
41 70793
41 70795
41 355495
42 76
42 433
42 434
42 436
42 355496
43 71
43 76
43 190
43 191
43 355497
seqId 124
1 76
1 592
1 593
1 595
1 355498
2 5
2 20
2 99
2 131
2 132
2 133
2 967
2 355499
3 3
3 5
3 20
3 2887
3 2889
3 355500
4 3
4 4
4 195
4 340
4 12036
4 206738
4 355502
5 10
5 109
5 110
5 112
5 355503
6 5
6 82
6 84
6 114
6 115
6 70317
6 355504
7 5
7 20
7 90
7 122
7 708
7 713
7 2832
7 5688
7 355505
8 10
8 828
8 829
8 831
8 355506
9 5
9 20
9 67
9 1104
9 134722
9 206660
9 355507
10 67
10 49510
10 206664
10 206665
10 206667
10 355508
11 243
11 244
11 245
11 247
11 327697
12 5
12 20
12 67
12 122195
12 122198
12 355509
13 67
13 96
13 355511
13 355512
13 355513
13 355514
14 76
14 413
14 414
14 416
14 355515
15 3
15 5
15 20
15 2972
15 21750
15 355516
16 5
16 20
16 202
16 8640
16 344443
16 355518
16 355519
17 158
17 159
17 160
17 162
17 217996
18 9
18 10
18 11
18 13
18 163
19 5
19 20
19 99
19 131
19 132
19 133
19 165
19 166
20 3
20 5
20 20
20 10672
20 10674
20 355520
21 5
21 20
21 72
21 90
21 122
21 479
21 708
21 713
21 14293
21 32325
21 171503
21 355522
21 355523
22 76
22 433
22 434
22 436
22 355524
23 76
23 342
23 343
23 345
23 189504
24 10
24 109
24 110
24 112
24 38118
25 3
25 4
25 5
25 14583
25 171236
25 355525
26 9
26 10
26 11
26 13
26 95746
27 90
27 443
27 768
27 4129
27 355526
28 3
28 5
28 20
28 1905
28 1907
28 355527
29 10
29 146
29 147
29 149
29 304155
30 5
30 20
30 99
30 133
30 175
30 176
30 1316
30 355528
31 3
31 5
31 20
31 9469
31 10946
31 355529
32 5
32 20
32 202
32 3386
32 10488
32 355530
33 2822
33 2823
33 2824
33 2826
33 355531
34 10
34 146
34 147
34 149
34 722
35 99
35 131
35 132
35 133
35 195
35 236
35 237
36 67
36 195
36 4796
36 75982
36 186591
36 355532
37 71
37 76
37 190
37 191
37 38136
seqId 125
1 5
1 20
1 98
1 99
1 100
1 8099
1 355533
2 3
2 5
2 20
2 2887
2 2889
2 355534
3 243
3 244
3 245
3 247
3 355535
4 5
4 20
4 99
4 131
4 132
4 133
4 166
4 355536
5 3
5 5
5 20
5 70793
5 70795
5 355537
6 5
6 20
6 90
6 122
6 708
6 713
6 3372
6 6990
6 355538
7 84
7 90
7 91
7 93
7 121
7 195
7 16983
7 23994
7 191595
7 355540
7 355541
8 10
8 109
8 110
8 112
8 355542
9 5
9 85
9 99
9 13851
9 160015
9 355543
10 3
10 4
10 5
10 17932
10 17934
10 355544
11 5
11 20
11 99
11 131
11 132
11 133
11 166
11 355545
12 3
12 5
12 20
12 1684
12 13711
12 355546
13 3
13 4
13 195
13 340
13 8152
13 111133
13 355547
14 243
14 244
14 245
14 247
14 355548
15 3
15 4
15 195
15 19879
15 26830
15 355549
16 9
16 10
16 11
16 13
16 355550
17 4
17 5
17 99
17 131
17 132
17 133
17 152
17 355551
18 3
18 4
18 5
18 313
18 5251
18 355552
19 717
19 718
19 719
19 721
19 327736
20 10
20 146
20 147
20 149
20 722
21 5
21 20
21 99
21 131
21 132
21 133
21 165
21 166
22 3
22 5
22 20
22 6686
22 6688
22 38161
23 9
23 10
23 11
23 13
23 38162
24 4
24 5
24 99
24 131
24 132
24 133
24 152
24 355553
25 3
25 4
25 5
25 59102
25 59104
25 355554
26 4
26 5
26 202
26 3244
26 3246
26 355555
27 76
27 342
27 343
27 345
27 355556
28 10
28 109
28 110
28 112
28 355557
29 5
29 20
29 82
29 83
29 84
29 115
29 166
29 763
29 355558
30 90
30 121
30 122
30 111815
30 355560
30 355561
31 10
31 1387
31 1388
31 1390
31 355562
32 5
32 20
32 99
32 131
32 132
32 133
32 166
32 355563
33 3
33 5
33 20
33 19603
33 19605
33 355564
34 5
34 20
34 202
34 2923
34 2925
34 355565
35 10
35 126
35 127
35 129
35 355566
36 5
36 20
36 99
36 131
36 132
36 133
36 166
36 355567
37 3
37 5
37 20
37 355569
37 355570
37 355571
38 71
38 76
38 190
38 191
38 355572
seqId 126
1 76
1 592
1 593
1 595
1 355573
2 4
2 5
2 99
2 131
2 132
2 133
2 811
2 347080
3 3
3 4
3 5
3 6070
3 306311
3 355574
4 158
4 159
4 160
4 162
4 355575
5 9
5 10
5 11
5 13
5 163
6 5
6 20
6 99
6 131
6 132
6 133
6 165
6 166
7 3
7 5
7 20
7 13609
7 13611
7 355576
8 9
8 10
8 11
8 13
8 355577
9 3
9 4
9 15
9 195
9 4121
9 355578
10 76
10 137
10 138
10 140
10 355579
11 3
11 4
11 5
11 14686
11 49719
11 355580
12 9
12 10
12 11
12 13
12 355581
13 4
13 5
13 99
13 131
13 132
13 133
13 152
13 355582
14 3
14 4
14 5
14 59102
14 59104
14 355583
15 4
15 5
15 202
15 140235
15 144993
15 355584
16 76
16 185
16 186
16 188
16 355585
17 10
17 146
17 149
17 1539
17 355586
18 90
18 443
18 1334
18 8849
18 355587
19 9
19 10
19 11
19 13
19 355588
20 51
20 195
20 5922
20 5924
20 355589
21 71
21 76
21 190
21 191
21 355590
seqId 127
1 10
1 109
1 876
1 878
1 189578
2 51
2 195
2 5922
2 5924
2 355591
3 76
3 342
3 343
3 345
3 355592
4 5
4 20
4 99
4 133
4 175
4 176
4 1316
4 355593
5 3
5 5
5 20
5 13609
5 13611
5 327779
6 9
6 10
6 11
6 13
6 355594
7 3
7 4
7 15
7 195
7 4121
7 355595
8 5
8 84
8 90
8 91
8 93
8 121
8 625
8 1104
8 38915
8 49886
8 355597
9 230
9 231
9 232
9 234
9 355598
10 9
10 10
10 11
10 13
10 163
11 99
11 131
11 132
11 133
11 195
11 236
11 237
12 3
12 4
12 195
12 13471
12 13492
12 355599
13 4
13 195
13 202
13 340
13 10523
13 16034
13 355600
14 660
14 3261
14 3262
14 3264
14 355601
15 9
15 10
15 24
15 26
15 27
15 355602
16 5
16 20
16 99
16 133
16 175
16 176
16 1316
16 7312
17 3
17 5
17 20
17 7626
17 10019
17 355603
18 9
18 10
18 11
18 13
18 355604
19 3
19 4
19 5
19 59102
19 59104
19 355605
20 4
20 5
20 202
20 140235
20 144993
20 355606
21 76
21 342
21 343
21 345
21 355607
22 5
22 20
22 90
22 122
22 708
22 713
22 2832
22 5688
22 355608
23 10
23 828
23 829
23 831
23 355609
24 67
24 57096
24 57097
24 57099
24 355610
25 67
25 5741
25 22047
25 56549
25 146918
25 354222
25 354223
25 355611
26 76
26 342
26 343
26 345
26 355612
27 67
27 55991
27 55993
27 57226
27 355613
28 67
28 48274
28 139459
28 354235
28 354236
28 355614
29 76
29 342
29 343
29 345
29 355615
30 243
30 244
30 245
30 247
30 355616
31 67
31 57096
31 57097
31 57099
31 355617
32 67
32 9507
32 61056
32 354228
32 354229
32 354231
32 355618
33 71
33 76
33 190
33 191
33 355619
seqId 128
1 4
1 5
1 99
1 131
1 132
1 133
1 811
1 355620
2 3
2 4
2 5
2 21656
2 21658
2 355621
3 9
3 10
3 11
3 13
3 355622
4 5
4 20
4 98
4 99
4 100
4 102
4 355623
5 3
5 5
5 20
5 13609
5 13611
5 355624
6 5
6 84
6 91
6 93
6 121
6 703
6 707
6 956
6 355625
7 9
7 10
7 11
7 13
7 355626
8 90
8 443
8 8855
8 51295
8 327823
9 99
9 133
9 175
9 176
9 195
9 234
9 355627
10 3
10 20
10 195
10 23221
10 23223
10 355628
11 9
11 10
11 11
11 13
11 189620
12 4
12 5
12 99
12 131
12 132
12 133
12 152
12 347137
13 3
13 4
13 5
13 38283
13 59102
13 59104
14 4
14 5
14 202
14 140235
14 144993
14 355629
15 76
15 342
15 343
15 345
15 355630
16 90
16 121
16 122
16 14803
16 14805
16 355631
17 10
17 146
17 147
17 149
17 355632
18 5
18 27
18 99
18 131
18 132
18 133
18 135
18 355633
19 5
19 67
19 1104
19 36348
19 75755
19 355635
19 355636
20 244
20 418
20 419
20 421
20 355637
21 660
21 661
21 910
21 1234
21 355638
22 5
22 20
22 82
22 83
22 84
22 115
22 763
22 765
22 355639
23 90
23 121
23 122
23 14803
23 14805
23 355640
24 660
24 661
24 1240
24 1242
24 355641
25 76
25 342
25 343
25 345
25 38303
26 660
26 3261
26 3262
26 3264
26 355642
27 230
27 231
27 232
27 234
27 355643
28 9
28 10
28 11
28 13
28 163
29 99
29 131
29 132
29 133
29 195
29 236
29 237
30 3
30 4
30 195
30 4249
30 26359
30 355644
31 90
31 121
31 122
31 1236
31 3852
31 355645
32 9
32 10
32 11
32 13
32 172129
33 4
33 5
33 99
33 131
33 132
33 133
33 152
33 304272
34 3
34 4
34 5
34 206743
34 206745
34 355646
35 76
35 342
35 343
35 345
35 355647
36 9
36 10
36 11
36 13
36 355648
37 5
37 27
37 99
37 131
37 132
37 133
37 135
37 355649
38 3
38 4
38 5
38 30801
38 30803
38 355650
39 243
39 244
39 245
39 247
39 355651
40 9
40 10
40 11
40 13
40 355652
41 4
41 5
41 99
41 131
41 132
41 133
41 152
41 355653
42 3
42 4
42 5
42 5987
42 38323
42 55143
43 9
43 10
43 11
43 13
43 355654
44 4
44 5
44 99
44 131
44 132
44 133
44 152
44 355655
45 3
45 4
45 5
45 4094
45 12255
45 355656
46 71
46 76
46 190
46 191
46 355657
seqId 129
1 5
1 20
1 99
1 131
1 132
1 133
1 967
1 355658
2 3
2 5
2 20
2 13609
2 13611
2 355659
3 82
3 758
3 759
3 761
3 218134
4 5
4 84
4 90
4 91
4 93
4 121
4 1488
4 17865
4 355660
5 51
5 195
5 2847
5 11803
5 50689
6 10
6 146
6 147
6 149
6 355661
7 51
7 195
7 14051
7 14053
7 355662
8 3
8 20
8 195
8 25752
8 25754
8 355663
9 20
9 195
9 202
9 6269
9 6271
9 355664
10 82
10 84
10 114
10 115
10 116
10 1361
10 355665
11 5
11 84
11 90
11 91
11 93
11 121
11 8855
11 13550
11 355666
12 4
12 5
12 99
12 133
12 175
12 176
12 178
12 355667
13 3
13 4
13 5
13 3725
13 3727
13 355668
14 10
14 828
14 829
14 831
14 355669
15 3
15 5
15 20
15 8773
15 8775
15 355670
16 76
16 342
16 343
16 345
16 95919
17 10
17 378
17 379
17 381
17 355671
18 90
18 443
18 3718
18 12280
18 355672
19 9
19 10
19 11
19 13
19 355673
20 3
20 20
20 195
20 1320
20 3384
20 355674
21 10
21 109
21 110
21 112
21 189671
22 3
22 5
22 20
22 389
22 391
22 355675
23 76
23 342
23 343
23 345
23 355676
24 660
24 976
24 979
24 1458
24 355677
25 944
25 945
25 946
25 948
25 355678
26 13
26 99
26 133
26 175
26 176
26 195
26 355679
27 4
27 195
27 202
27 795
27 3439
27 355680
28 3
28 4
28 195
28 8842
28 8844
28 355681
29 71
29 76
29 190
29 191
29 218156
seqId 130
1 4
1 5
1 99
1 131
1 132
1 133
1 811
1 355682
2 3
2 4
2 5
2 3691
2 3693
2 355683
3 4
3 5
3 202
3 10216
3 10218
3 355684
4 10
4 126
4 127
4 129
4 355685
5 5
5 20
5 99
5 131
5 132
5 133
5 166
5 132771
6 3
6 5
6 20
6 12137
6 12139
6 355686
7 9
7 10
7 11
7 13
7 355687
8 5
8 27
8 99
8 131
8 132
8 133
8 135
8 355688
9 3
9 4
9 5
9 14686
9 14688
9 355689
10 9
10 10
10 11
10 13
10 355690
11 4
11 5
11 99
11 131
11 132
11 133
11 152
11 355691
12 3
12 4
12 5
12 59102
12 59104
12 355692
13 243
13 244
13 245
13 247
13 355693
14 5
14 99
14 115
14 773
14 774
14 775
14 776
14 778
14 355694
15 3
15 4
15 5
15 4198
15 4200
15 355695
16 10
16 1387
16 1388
16 1390
16 355696
17 99
17 131
17 132
17 133
17 195
17 237
17 355697
18 3
18 20
18 195
18 19603
18 29160
18 355698
19 20
19 195
19 202
19 21185
19 54136
19 355699
20 5
20 84
20 91
20 93
20 121
20 703
20 707
20 956
20 355700
21 4
21 5
21 202
21 3303
21 3305
21 355701
22 71
22 76
22 190
22 191
22 355702
seqId 131
1 5
1 20
1 99
1 131
1 132
1 133
1 967
1 60685
2 3
2 5
2 20
2 13609
2 13611
2 355703
3 5
3 84
3 91
3 93
3 121
3 702
3 703
3 705
3 38415
4 5
4 20
4 90
4 122
4 708
4 769
4 2832
4 5688
4 355704
5 5
5 85
5 99
5 10078
5 10080
5 355705
6 3
6 4
6 5
6 729
6 4454
6 355706
7 4
7 5
7 99
7 133
7 175
7 176
7 178
7 355707
8 3
8 4
8 5
8 6862
8 6864
8 355708
9 9
9 10
9 24
9 26
9 27
9 355709
10 3
10 4
10 5
10 1395
10 5941
10 355710
11 9
11 10
11 11
11 13
11 355711
12 3
12 4
12 5
12 20193
12 20195
12 355712
13 82
13 758
13 759
13 761
13 60696
14 5
14 84
14 91
14 93
14 121
14 702
14 703
14 705
14 355713
15 5
15 20
15 90
15 122
15 708
15 769
15 8855
15 51624
15 355714
16 85
16 99
16 195
16 638
16 640
16 355715
17 3
17 20
17 195
17 11758
17 51107
17 355716
18 20
18 195
18 202
18 2923
18 14156
18 355717
19 76
19 413
19 414
19 416
19 355718
20 67
20 14026
20 14028
20 151583
20 355719
21 67
21 11542
21 58458
21 176829
21 355721
21 355722
21 355723
22 10
22 109
22 110
22 112
22 355724
23 51
23 195
23 5342
23 5344
23 355725
24 76
24 342
24 343
24 345
24 355726
25 67
25 159863
25 159864
25 159866
25 355727
26 67
26 1845
26 24379
26 47215
26 355729
26 355730
26 355731
26 355732
27 76
27 342
27 343
27 345
27 355733
28 67
28 1026
28 74319
28 355735
28 355736
28 355737
29 67
29 157209
29 355739
29 355740
29 355741
29 355742
30 76
30 342
30 343
30 345
30 355743
31 67
31 154159
31 154160
31 154162
31 355744
32 67
32 2787
32 43959
32 91440
32 355746
32 355747
32 355748
33 10
33 109
33 110
33 112
33 355749
34 51
34 195
34 4167
34 4169
34 355750
35 76
35 433
35 434
35 436
35 355751
36 71
36 76
36 190
36 191
36 355752
seqId 132
1 5
1 20
1 27
1 36
1 82
1 84
1 98
1 100
1 355753
2 5
2 84
2 91
2 93
2 121
2 703
2 707
2 956
2 38455
3 10
3 283
3 284
3 286
3 355754
4 5
4 20
4 98
4 99
4 100
4 102
4 327955
5 3
5 5
5 20
5 4345
5 4347
5 355755
6 660
6 1513
6 1514
6 1516
6 355756
7 27
7 944
7 945
7 1463
7 3308
7 355757
8 5
8 84
8 91
8 93
8 121
8 702
8 703
8 705
8 355758
9 5
9 20
9 122
9 703
9 707
9 708
9 710
9 218213
10 5
10 20
10 90
10 122
10 708
10 713
10 7785
10 7787
10 132852
11 5
11 20
11 99
11 131
11 132
11 133
11 166
11 355759
12 3
12 5
12 20
12 2887
12 14153
12 355760
13 76
13 137
13 138
13 140
13 355761
14 99
14 131
14 132
14 133
14 195
14 1220
14 355762
15 3
15 4
15 195
15 9881
15 34477
15 355763
16 4
16 195
16 202
16 340
16 26994
16 26996
16 355765
17 2822
17 2823
17 2824
17 2826
17 355766
18 10
18 146
18 147
18 149
18 722
19 99
19 131
19 132
19 133
19 195
19 236
19 237
20 5
20 20
20 202
20 15065
20 131933
20 131935
20 355767
21 243
21 244
21 245
21 247
21 355768
22 5
22 20
22 202
22 15065
22 131938
22 131940
22 355769
23 3
23 20
23 195
23 16951
23 131943
23 355770
24 76
24 185
24 186
24 188
24 355771
25 76
25 342
25 343
25 345
25 355772
26 10
26 146
26 147
26 149
26 355773
27 67
27 605
27 607
27 1199
27 355774
28 76
28 342
28 343
28 345
28 355775
29 99
29 131
29 132
29 133
29 195
29 237
29 355776
30 51
30 195
30 14423
30 14425
30 355777
31 243
31 244
31 245
31 247
31 355778
32 51
32 195
32 10915
32 10917
32 60745
33 3
33 5
33 20
33 4604
33 4606
33 355779
34 51
34 195
34 5342
34 5344
34 355780
35 76
35 342
35 343
35 345
35 96019
36 90
36 121
36 122
36 8855
36 8857
36 355781
37 85
37 99
37 195
37 638
37 640
37 355782
38 3
38 20
38 195
38 2034
38 3403
38 355783
39 9
39 10
39 11
39 13
39 304405
40 5
40 27
40 99
40 131
40 132
40 133
40 135
40 355784
41 5
41 67
41 1104
41 75755
41 351807
41 351810
41 355785
42 76
42 413
42 414
42 416
42 96025
43 67
43 71
43 4796
43 46982
43 46983
43 355786
44 67
44 48274
44 139459
44 354235
44 354236
44 355787
45 76
45 342
45 343
45 345
45 355788
46 36
46 67
46 71
46 18488
46 18489
46 355789
47 67
47 9507
47 61056
47 354228
47 354229
47 354231
47 355790
48 76
48 342
48 343
48 345
48 355791
49 36
49 67
49 71
49 18488
49 18489
49 355792
50 67
50 5741
50 22047
50 56549
50 146918
50 354222
50 354223
50 355793
51 76
51 342
51 343
51 345
51 355794
52 67
52 71
52 407
52 18660
52 18661
52 355795
53 67
53 57044
53 299385
53 354179
53 354180
53 355796
54 76
54 342
54 343
54 345
54 355797
55 67
55 71
55 9179
55 9494
55 18718
55 355798
56 67
56 48608
56 61056
56 92366
56 114954
56 352385
56 352386
56 355799
57 76
57 342
57 343
57 345
57 355800
58 67
58 71
58 310
58 18785
58 18786
58 355801
59 67
59 699
59 355803
59 355804
59 355805
59 355806
60 76
60 433
60 434
60 436
60 355807
61 10
61 146
61 149
61 2548
61 355808
62 3
62 5
62 20
62 38959
62 38961
62 355809
63 5
63 20
63 99
63 133
63 175
63 176
63 1316
63 355810
64 3
64 5
64 20
64 7259
64 7261
64 355811
65 5
65 20
65 202
65 5335
65 8517
65 355812
66 660
66 3261
66 3262
66 3264
66 355813
67 9
67 10
67 11
67 13
67 355814
68 4
68 5
68 99
68 131
68 132
68 133
68 152
68 355815
69 3
69 4
69 5
69 3707
69 3709
69 355816
70 9
70 10
70 11
70 13
70 355817
71 76
71 137
71 138
71 140
71 355818
72 3
72 5
72 20
72 26994
72 354410
72 355819
73 76
73 185
73 186
73 188
73 355820
74 10
74 109
74 110
74 112
74 355821
75 3
75 4
75 5
75 59102
75 59104
75 355822
76 4
76 5
76 202
76 140235
76 144993
76 355823
77 243
77 244
77 245
77 247
77 355824
78 4
78 5
78 202
78 21185
78 78431
78 355825
79 71
79 76
79 190
79 191
79 355826
seqId 133
1 76
1 592
1 593
1 595
1 355827
2 4
2 5
2 99
2 131
2 132
2 133
2 811
2 355828
3 3
3 4
3 5
3 6070
3 306311
3 355829
4 158
4 159
4 160
4 162
4 355830
5 9
5 10
5 11
5 13
5 163
6 5
6 20
6 99
6 131
6 132
6 133
6 165
6 166
7 3
7 5
7 20
7 13609
7 13611
7 355831
8 9
8 10
8 11
8 13
8 50924
9 3
9 4
9 15
9 195
9 4121
9 355832
10 76
10 137
10 138
10 140
10 355833
11 67
11 140562
11 140564
11 355834
11 355835
12 76
12 185
12 186
12 188
12 355836
13 10
13 146
13 149
13 1539
13 355837
14 90
14 443
14 1334
14 8849
14 355838
15 9
15 10
15 11
15 13
15 355839
16 51
16 195
16 5342
16 5344
16 355840
17 71
17 76
17 190
17 191
17 50941
seqId 134
1 660
1 918
1 941
1 198713
1 355841
2 27
2 944
2 945
2 1463
2 3308
2 355842
3 5
3 20
3 99
3 133
3 175
3 176
3 1316
3 355843
4 3
4 5
4 20
4 2887
4 2889
4 355844
5 5
5 20
5 90
5 122
5 708
5 713
5 2832
5 5688
5 355845
6 10
6 283
6 284
6 286
6 355846
7 5
7 20
7 99
7 131
7 132
7 133
7 166
7 132947
8 3
8 5
8 20
8 4345
8 4347
8 60801
9 158
9 159
9 160
9 162
9 355847
10 9
10 10
10 11
10 13
10 163
11 5
11 20
11 99
11 131
11 132
11 133
11 165
11 166
12 3
12 5
12 20
12 429
12 431
12 355848
13 76
13 137
13 138
13 140
13 355849
14 5
14 27
14 99
14 131
14 132
14 133
14 699
14 355850
15 3
15 5
15 20
15 317
15 37361
15 355851
16 5
16 20
16 202
16 4397
16 24371
16 49832
16 119322
16 355852
17 76
17 185
17 186
17 188
17 355853
18 5
18 84
18 91
18 93
18 121
18 702
18 703
18 705
18 355854
19 5
19 20
19 122
19 703
19 707
19 708
19 710
19 304453
20 5
20 20
20 90
20 122
20 708
20 713
20 2832
20 5688
20 355855
21 10
21 146
21 147
21 149
21 355856
22 5
22 27
22 99
22 131
22 132
22 133
22 135
22 355857
23 5
23 67
23 38351
23 75606
23 355858
24 67
24 10653
24 150986
24 150987
24 150989
24 355859
25 76
25 413
25 414
25 416
25 355860
26 51
26 195
26 2847
26 11803
26 355861
27 3
27 5
27 20
27 1875
27 1877
27 355862
28 51
28 195
28 5342
28 5344
28 355863
29 76
29 433
29 434
29 436
29 355864
30 76
30 342
30 343
30 345
30 355865
31 5
31 20
31 90
31 122
31 708
31 713
31 5400
31 5402
31 355866
32 76
32 137
32 138
32 140
32 355867
33 3
33 4
33 195
33 340
33 92205
33 355869
33 355870
34 158
34 159
34 160
34 162
34 355871
35 9
35 10
35 11
35 13
35 163
36 5
36 20
36 99
36 131
36 132
36 133
36 165
36 166
37 5
37 20
37 67
37 140562
37 140564
37 355872
38 76
38 185
38 186
38 188
38 355873
39 82
39 758
39 759
39 761
39 124183
40 5
40 84
40 90
40 91
40 93
40 914
40 4180
40 4182
40 355874
41 90
41 443
41 10527
41 38747
41 50985
42 4
42 5
42 99
42 131
42 132
42 133
42 152
42 355875
43 3
43 4
43 5
43 3707
43 3709
43 355876
44 9
44 10
44 24
44 26
44 27
44 355877
45 3
45 5
45 20
45 39897
45 39899
45 355878
46 10
46 109
46 112
46 2548
46 355879
47 660
47 1796
47 1797
47 1799
47 304476
48 944
48 945
48 946
48 948
48 355880
49 660
49 212926
49 212927
49 212929
49 355881
50 4
50 5
50 202
50 243389
50 355883
50 355884
50 355885
51 76
51 342
51 343
51 345
51 355886
52 5
52 20
52 99
52 133
52 175
52 176
52 1316
52 355887
53 3
53 5
53 20
53 13609
53 13611
53 355888
54 9
54 10
54 11
54 13
54 328113
55 3
55 4
55 15
55 195
55 4121
55 355889
56 90
56 121
56 122
56 3812
56 14726
56 59058
56 168936
56 355891
57 85
57 99
57 195
57 638
57 640
57 355892
58 3
58 20
58 195
58 2034
58 3403
58 218330
59 243
59 244
59 245
59 247
59 355893
60 3
60 20
60 195
60 1806
60 1808
60 1809
60 1810
60 355894
61 9
61 10
61 11
61 13
61 60858
62 5
62 27
62 99
62 131
62 132
62 133
62 135
62 355895
63 5
63 67
63 5494
63 90166
63 140812
63 355896
64 27
64 82
64 84
64 114
64 115
64 116
64 118
64 355897
65 5
65 84
65 91
65 93
65 121
65 703
65 707
65 956
65 355898
66 5
66 20
66 90
66 122
66 708
66 769
66 1509
66 24559
66 355899
67 76
67 413
67 414
67 416
67 355900
68 42
68 67
68 71
68 9541
68 9542
68 355901
69 67
69 61863
69 61864
69 61866
69 355902
70 76
70 342
70 343
70 345
70 355903
71 67
71 71
71 699
71 18402
71 18403
71 355904
72 67
72 72
72 865
72 15215
72 26224
72 49511
72 260594
72 355445
72 355446
72 355905
73 76
73 342
73 343
73 345
73 355906
74 67
74 71
74 1026
74 18413
74 18414
74 355907
75 67
75 9387
75 69708
75 74143
75 355909
75 355910
75 355911
76 76
76 342
76 343
76 345
76 355912
77 67
77 71
77 296
77 57510
77 57511
77 355913
78 9
78 11
78 13
78 67
78 355914
79 67
79 3831
79 155445
79 355916
79 355917
79 355918
80 76
80 342
80 343
80 345
80 355919
81 67
81 71
81 1026
81 18413
81 18414
81 355920
82 67
82 57285
82 57286
82 57288
82 57289
82 355921
83 76
83 433
83 434
83 436
83 355922
84 71
84 76
84 190
84 191
84 355923
seqId 135
1 5
1 20
1 82
1 83
1 84
1 115
1 763
1 3948
1 355924
2 5
2 84
2 90
2 91
2 92
2 93
2 702
2 63087
2 355925
3 10
3 378
3 379
3 381
3 355926
4 3
4 5
4 20
4 11731
4 11733
4 355927
5 9
5 10
5 11
5 13
5 7746
6 90
6 443
6 4190
6 4192
6 355928
7 10
7 283
7 284
7 286
7 355929
8 5
8 27
8 99
8 131
8 132
8 133
8 135
8 355930
9 5
9 67
9 1104
9 75755
9 351807
9 351810
9 355931
10 243
10 244
10 245
10 247
10 355932
11 10
11 283
11 284
11 286
11 355933
12 5
12 20
12 99
12 131
12 132
12 133
12 166
12 133029
13 3
13 5
13 20
13 56527
13 56529
13 355934
14 9
14 10
14 11
14 13
14 355935
15 3
15 4
15 5
15 59102
15 59104
15 355936
16 9
16 10
16 11
16 13
16 355937
17 5
17 99
17 131
17 132
17 133
17 135
17 171
17 355938
18 3
18 4
18 5
18 597
18 13641
18 355939
19 67
19 601
19 603
19 1197
19 355940
20 67
20 605
20 607
20 1199
20 355941
21 99
21 131
21 132
21 133
21 195
21 237
21 355942
22 3
22 4
22 15
22 195
22 4121
22 355943
23 660
23 3261
23 3262
23 3264
23 328170
24 9
24 10
24 11
24 13
24 355944
25 4
25 5
25 99
25 131
25 132
25 133
25 152
25 355945
26 3
26 4
26 5
26 59102
26 59104
26 355946
27 9
27 10
27 11
27 13
27 355947
28 5
28 27
28 99
28 131
28 132
28 133
28 135
28 355948
29 3
29 5
29 20
29 39897
29 39899
29 355949
30 76
30 342
30 343
30 345
30 355950
31 9
31 10
31 11
31 13
31 355951
32 5
32 99
32 115
32 773
32 774
32 775
32 776
32 778
32 355952
33 3
33 4
33 5
33 14686
33 14688
33 355953
34 243
34 244
34 245
34 247
34 355954
35 9
35 10
35 11
35 13
35 355955
36 4
36 5
36 99
36 131
36 132
36 133
36 152
36 355956
37 3
37 4
37 5
37 59102
37 59104
37 355957
38 9
38 10
38 24
38 26
38 27
38 355958
39 5
39 20
39 99
39 133
39 175
39 176
39 1316
39 355959
40 5
40 20
40 202
40 1589
40 23961
40 355960
41 3
41 5
41 20
41 1832
41 1834
41 355961
42 9
42 10
42 11
42 13
42 355962
43 3
43 4
43 195
43 313
43 6526
43 355963
44 4
44 195
44 202
44 69277
44 69279
44 355964
45 75
45 76
45 77
45 79
45 355965
46 3
46 4
46 195
46 340
46 37439
46 55269
46 62165
46 355966
47 76
47 342
47 343
47 345
47 60920
48 3
48 4
48 5
48 55516
48 70448
48 355967
49 243
49 244
49 245
49 247
49 355968
50 3
50 4
50 5
50 196588
50 196589
50 355969
51 71
51 76
51 190
51 191
51 355970
seqId 136
1 99
1 131
1 132
1 133
1 195
1 1220
1 355971
2 3
2 20
2 195
2 5228
2 5230
2 355972
3 10
3 1605
3 1606
3 1608
3 355973
4 98
4 99
4 100
4 195
4 2073
4 328205
5 3
5 20
5 195
5 272
5 6282
5 328206
6 84
6 90
6 91
6 92
6 93
6 195
6 2333
6 244210
6 355974
7 9
7 10
7 11
7 13
7 355975
8 90
8 443
8 19782
8 19784
8 355976
9 99
9 131
9 132
9 133
9 195
9 237
9 355977
10 3
10 20
10 195
10 7259
10 23768
10 355978
11 9
11 10
11 11
11 13
11 355979
12 3
12 4
12 5
12 15
12 17
12 355980
13 71
13 76
13 190
13 191
13 355981
seqId 137
1 10
1 146
1 2548
1 35564
1 355982
2 3
2 5
2 20
2 38959
2 38961
2 355983
3 5
3 27
3 99
3 131
3 132
3 133
3 135
3 355984
4 3
4 4
4 5
4 3268
4 3270
4 355985
5 230
5 231
5 232
5 234
5 355986
6 9
6 10
6 11
6 13
6 163
7 99
7 131
7 132
7 133
7 195
7 236
7 237
8 3
8 20
8 195
8 1320
8 3384
8 355987
9 10
9 283
9 284
9 286
9 355988
10 99
10 131
10 132
10 133
10 195
10 237
10 355989
11 3
11 4
11 195
11 13569
11 13571
11 355990
12 4
12 90
12 122
12 195
12 708
12 713
12 7795
12 116213
12 355991
13 72
13 660
13 28422
13 53292
13 53293
13 53295
13 355992
14 76
14 413
14 414
14 416
14 355993
15 3
15 4
15 195
15 340
15 37439
15 55269
15 62165
15 355994
16 76
16 342
16 343
16 345
16 355995
17 3
17 4
17 5
17 55516
17 70448
17 355996
18 76
18 342
18 343
18 345
18 96268
19 3
19 4
19 5
19 196588
19 196589
19 355997
20 76
20 433
20 434
20 436
20 355998
21 99
21 131
21 132
21 133
21 195
21 237
21 328235
22 3
22 4
22 195
22 897
22 3520
22 355999
23 9
23 10
23 11
23 13
23 60965
24 67
24 140562
24 140564
24 355834
24 356000
25 27
25 82
25 84
25 114
25 115
25 116
25 118
25 356001
26 84
26 90
26 91
26 93
26 121
26 195
26 4258
26 23888
26 356002
27 10
27 283
27 284
27 286
27 356003
28 5
28 27
28 99
28 131
28 132
28 133
28 135
28 356004
29 5
29 67
29 1026
29 1104
29 9565
29 28544
29 356005
30 51
30 195
30 3206
30 123769
30 356006
31 158
31 159
31 160
31 162
31 356007
32 9
32 10
32 11
32 13
32 163
33 5
33 20
33 99
33 131
33 132
33 133
33 165
33 166
34 3
34 5
34 20
34 4434
34 55490
34 356008
35 67
35 1104
35 75755
35 351807
35 351808
35 351810
35 356009
36 76
36 137
36 138
36 140
36 356010
37 3
37 4
37 195
37 340
37 8152
37 111133
37 356011
38 243
38 244
38 245
38 247
38 356012
39 3
39 4
39 195
39 19879
39 26830
39 356013
40 9
40 10
40 11
40 13
40 172504
41 4
41 5
41 99
41 131
41 132
41 133
41 152
41 133129
42 3
42 4
42 5
42 313
42 5251
42 356014
43 76
43 185
43 186
43 188
43 356015
44 71
44 76
44 190
44 191
44 356016
seqId 138
1 10
1 146
1 2548
1 35564
1 356017
2 3
2 5
2 20
2 38959
2 38961
2 356018
3 230
3 231
3 232
3 234
3 356019
4 9
4 10
4 11
4 13
4 163
5 99
5 131
5 132
5 133
5 195
5 236
5 237
6 3
6 4
6 195
6 4249
6 26359
6 356020
7 82
7 758
7 759
7 761
7 218476
8 84
8 90
8 91
8 93
8 121
8 195
8 37621
8 108554
8 356021
9 10
9 146
9 147
9 149
9 356022
10 20
10 82
10 84
10 98
10 100
10 102
10 96302
11 82
11 759
11 944
11 948
11 304622
12 84
12 91
12 93
12 121
12 195
12 703
12 707
12 1858
12 133139
13 99
13 131
13 132
13 133
13 195
13 237
13 60997
14 3
14 4
14 195
14 22445
14 199004
14 356023
15 9
15 10
15 11
15 13
15 218482
16 5
16 27
16 99
16 131
16 132
16 133
16 135
16 356024
17 3
17 5
17 20
17 39897
17 39899
17 356025
18 243
18 244
18 245
18 247
18 356026
19 20
19 82
19 84
19 98
19 100
19 102
19 356027
20 82
20 759
20 944
20 948
20 172526
21 82
21 83
21 115
21 195
21 4940
21 4941
21 28267
21 356028
22 84
22 90
22 91
22 93
22 121
22 195
22 69312
22 104587
22 356029
23 10
23 126
23 127
23 129
23 356030
24 4
24 82
24 84
24 115
24 195
24 1262
24 1824
24 3621
24 356031
25 3
25 20
25 195
25 199670
25 241613
25 356032
26 243
26 244
26 245
26 247
26 356033
27 3
27 4
27 195
27 35392
27 295501
27 356034
28 76
28 342
28 343
28 345
28 356035
29 244
29 1249
29 1250
29 1252
29 304639
30 660
30 1622
30 1623
30 1625
30 304640
31 10
31 146
31 147
31 149
31 356036
32 20
32 82
32 84
32 98
32 100
32 102
32 356037
33 27
33 82
33 759
33 944
33 1463
33 356038
34 5
34 84
34 91
34 93
34 121
34 703
34 707
34 956
34 356039
35 5
35 27
35 99
35 131
35 132
35 133
35 135
35 356040
36 3
36 4
36 5
36 1573
36 10652
36 147601
36 356041
37 158
37 159
37 160
37 162
37 356042
38 9
38 10
38 11
38 13
38 163
39 5
39 20
39 99
39 131
39 132
39 133
39 165
39 166
40 3
40 5
40 20
40 114
40 356044
40 356045
41 76
41 342
41 343
41 345
41 38832
42 98
42 99
42 100
42 195
42 2073
42 356046
43 3
43 4
43 195
43 897
43 3520
43 356047
44 27
44 82
44 84
44 114
44 115
44 116
44 118
44 356048
45 84
45 90
45 91
45 93
45 121
45 195
45 4258
45 23888
45 356049
46 660
46 1622
46 1623
46 1625
46 356050
47 10
47 283
47 284
47 286
47 356051
48 5
48 27
48 99
48 131
48 132
48 133
48 135
48 356052
49 5
49 67
49 1026
49 1104
49 9565
49 28544
49 356053
50 51
50 195
50 4790
50 4792
50 356054
51 76
51 137
51 138
51 140
51 356055
52 3
52 20
52 195
52 340
52 2081
52 48543
52 356056
53 243
53 244
53 245
53 247
53 356057
54 3
54 4
54 195
54 340
54 302012
54 302014
54 356058
55 9
55 10
55 11
55 13
55 356059
56 5
56 27
56 99
56 131
56 132
56 133
56 135
56 356060
57 3
57 5
57 20
57 39897
57 39899
57 356061
58 76
58 185
58 186
58 188
58 356062
59 71
59 76
59 190
59 191
59 304661
seqId 139
1 660
1 5049
1 7881
1 7883
1 356063
2 4
2 85
2 99
2 195
2 1589
2 1591
2 356064
3 3
3 4
3 195
3 11475
3 11807
3 356065
4 84
4 90
4 91
4 92
4 93
4 195
4 2333
4 244210
4 356066
5 660
5 1513
5 1514
5 1516
5 356067
6 4
6 5
6 99
6 133
6 175
6 176
6 178
6 356068
7 3
7 4
7 5
7 4851
7 4853
7 356069
8 10
8 109
8 110
8 112
8 356070
9 3
9 4
9 5
9 4107
9 4109
9 356071
10 4
10 5
10 202
10 693
10 33899
10 356072
11 230
11 231
11 232
11 234
11 356073
12 9
12 10
12 11
12 13
12 163
13 99
13 131
13 132
13 133
13 195
13 236
13 237
14 3
14 20
14 195
14 19603
14 29160
14 356074
15 20
15 195
15 202
15 17683
15 81201
15 356075
16 76
16 342
16 343
16 345
16 356076
17 10
17 109
17 112
17 1539
17 356077
18 3
18 5
18 20
18 1601
18 1603
18 356078
19 20
19 82
19 84
19 100
19 195
19 4680
19 6827
19 356079
20 20
20 195
20 202
20 7602
20 29111
20 356080
21 2822
21 2823
21 2824
21 2826
21 356081
22 10
22 146
22 147
22 149
22 722
23 99
23 131
23 132
23 133
23 195
23 236
23 237
24 3
24 4
24 195
24 5512
24 5514
24 356082
25 10
25 1605
25 1606
25 1608
25 356083
26 3
26 5
26 20
26 25355
26 25357
26 38877
27 243
27 244
27 245
27 247
27 38878
28 3
28 5
28 20
28 39897
28 39899
28 356084
29 76
29 413
29 414
29 416
29 356085
30 67
30 1026
30 1104
30 9565
30 28544
30 28569
30 356086
31 51
31 195
31 26052
31 26054
31 356087
32 76
32 342
32 343
32 345
32 356088
33 76
33 137
33 138
33 140
33 356089
34 3
34 4
34 5
34 131731
34 140928
34 140931
34 356090
35 9
35 10
35 11
35 13
35 7997
36 4
36 5
36 99
36 131
36 132
36 133
36 152
36 356091
37 3
37 4
37 5
37 4094
37 12255
37 356092
38 76
38 185
38 186
38 188
38 61133
39 76
39 433
39 434
39 436
39 356093
40 71
40 76
40 190
40 191
40 356094
seqId 140
1 76
1 592
1 593
1 595
1 356095
2 4
2 5
2 99
2 133
2 175
2 176
2 5129
2 356096
3 3
3 4
3 5
3 57494
3 140009
3 356097
4 9
4 10
4 11
4 13
4 356098
5 3
5 20
5 195
5 340
5 2887
5 2889
5 356099
6 20
6 195
6 202
6 2923
6 14156
6 356100
7 10
7 126
7 127
7 129
7 356101
8 4
8 5
8 99
8 131
8 132
8 133
8 152
8 356102
9 3
9 4
9 5
9 55516
9 70448
9 356103
10 4
10 5
10 202
10 5416
10 5418
10 356104
11 10
11 283
11 284
11 286
11 356105
12 5
12 27
12 99
12 131
12 132
12 133
12 135
12 356106
13 5
13 67
13 172186
13 172188
13 356107
14 10
14 7340
14 9033
14 9035
14 356108
15 51
15 52
15 5922
15 5924
15 356109
16 71
16 76
16 190
16 191
16 356110
seqId 141
1 945
1 2473
1 4518
1 4520
1 190166
2 5
2 20
2 99
2 131
2 132
2 133
2 166
2 356111
3 3
3 5
3 20
3 4784
3 45671
3 356112
4 9
4 10
4 11
4 13
4 356113
5 3
5 4
5 5
5 59102
5 59104
5 356114
6 4
6 5
6 202
6 36111
6 52482
6 356115
7 27
7 660
7 661
7 910
7 912
7 356116
8 5
8 84
8 91
8 93
8 121
8 703
8 707
8 956
8 356117
9 660
9 661
9 1240
9 1242
9 356118
10 10
10 146
10 149
10 1539
10 356119
11 660
11 73696
11 73697
11 73699
11 356120
12 90
12 443
12 73690
12 73692
12 356121
13 5
13 20
13 90
13 122
13 708
13 713
13 1676
13 45984
13 356122
14 10
14 109
14 110
14 112
14 356123
15 5
15 20
15 99
15 133
15 175
15 176
15 1316
15 356124
16 76
16 137
16 138
16 140
16 356125
17 3
17 5
17 20
17 13609
17 13611
17 356126
18 76
18 185
18 186
18 188
18 356127
19 5
19 20
19 90
19 122
19 708
19 713
19 2125
19 172740
19 356128
20 76
20 342
20 343
20 345
20 356129
21 99
21 131
21 132
21 133
21 195
21 237
21 356130
22 3
22 20
22 195
22 1320
22 3384
22 356131
23 10
23 109
23 110
23 112
23 356132
24 3
24 4
24 5
24 59102
24 59104
24 356133
25 4
25 5
25 202
25 36111
25 52482
25 356134
26 10
26 283
26 284
26 286
26 356135
27 5
27 20
27 99
27 131
27 132
27 133
27 166
27 38943
28 3
28 5
28 20
28 4345
28 4347
28 356136
29 9
29 10
29 11
29 13
29 172634
30 5
30 27
30 99
30 131
30 132
30 133
30 135
30 356137
31 5
31 67
31 1026
31 1104
31 9565
31 28544
31 356138
32 51
32 195
32 4790
32 4792
32 356139
33 82
33 84
33 114
33 115
33 116
33 1361
33 356140
34 84
34 91
34 93
34 121
34 195
34 703
34 707
34 1858
34 356141
35 20
35 90
35 122
35 195
35 340
35 708
35 769
35 37003
35 323077
35 356143
36 10
36 126
36 127
36 129
36 218596
37 5
37 20
37 99
37 131
37 132
37 133
37 166
37 356144
38 3
38 5
38 20
38 1684
38 13711
38 356145
39 9
39 10
39 11
39 13
39 356146
40 4
40 5
40 99
40 131
40 132
40 133
40 152
40 133287
41 3
41 4
41 5
41 55516
41 70448
41 356147
42 4
42 5
42 202
42 5416
42 5418
42 356148
43 71
43 76
43 190
43 191
43 356149
seqId 142
1 51
1 195
1 1501
1 6279
1 190205
2 3
2 20
2 195
2 2972
2 2974
2 356150
3 20
3 195
3 202
3 340
3 4047
3 4049
3 356151
4 84
4 91
4 93
4 121
4 195
4 702
4 703
4 1062
4 356152
5 5
5 20
5 90
5 122
5 708
5 769
5 18530
5 51077
5 51079
5 356154
6 98
6 99
6 100
6 195
6 2073
6 356155
7 3
7 20
7 195
7 1320
7 3384
7 356156
8 75
8 76
8 77
8 79
8 356157
seqId 143
1 509
1 1024
1 1026
1 62219
1 304768
2 76
2 433
2 434
2 436
2 356158
seqId 144
1 51
1 195
1 1501
1 6279
1 133299
2 3
2 20
2 195
2 340
2 2887
2 2889
2 356159
3 20
3 195
3 202
3 2923
3 14156
3 356160
4 20
4 90
4 122
4 195
4 340
4 708
4 713
4 5400
4 5402
4 356161
5 75
5 76
5 77
5 79
5 356162
6 76
6 137
6 138
6 140
6 124485
7 5
7 20
7 99
7 131
7 132
7 133
7 967
7 356163
8 3
8 5
8 20
8 52978
8 198869
8 356164
9 243
9 244
9 245
9 247
9 356165
10 99
10 115
10 195
10 773
10 774
10 775
10 776
10 3400
10 356166
11 3
11 4
11 195
11 94892
11 213941
11 356167
12 75
12 76
12 77
12 79
12 8123
13 4
13 5
13 99
13 131
13 132
13 133
13 152
13 124490
14 3
14 4
14 5
14 5987
14 55143
14 218630
15 230
15 231
15 232
15 234
15 218631
16 9
16 10
16 11
16 13
16 163
17 99
17 131
17 132
17 133
17 195
17 236
17 237
18 3
18 20
18 195
18 340
18 52978
18 198869
18 356168
19 10
19 283
19 284
19 286
19 356169
20 5
20 27
20 99
20 131
20 132
20 133
20 135
20 356170
21 5
21 67
21 172186
21 172188
21 356171
22 76
22 185
22 186
22 188
22 356172
23 76
23 342
23 343
23 345
23 356173
24 10
24 109
24 110
24 112
24 328465
25 3
25 4
25 5
25 5256
25 5258
25 356174
26 10
26 1387
26 1388
26 1390
26 356175
27 5
27 27
27 99
27 131
27 132
27 133
27 135
27 356176
28 3
28 4
28 5
28 597
28 599
28 356177
29 9
29 10
29 11
29 13
29 356178
30 67
30 601
30 603
30 1197
30 356179
31 5
31 51
31 680
31 1993
31 356180
32 76
32 413
32 414
32 416
32 356181
33 51
33 195
33 1427
33 13769
33 341595
33 356182
34 3
34 5
34 13
34 20
34 71
34 38010
34 133327
34 338208
35 51
35 195
35 5922
35 5924
35 356183
36 76
36 342
36 343
36 345
36 172694
37 243
37 244
37 245
37 247
37 356184
38 51
38 195
38 13808
38 55812
38 337924
38 356185
39 3
39 5
39 13
39 20
39 71
39 38010
39 96508
39 338208
40 51
40 195
40 5342
40 5344
40 356186
41 76
41 433
41 434
41 436
41 356187
42 76
42 342
42 343
42 345
42 356188
43 20
43 90
43 122
43 195
43 708
43 713
43 2832
43 9060
43 356189
44 10
44 828
44 829
44 831
44 356190
45 36
45 67
45 71
45 18488
45 18489
45 356191
46 67
46 1185
46 183607
46 354388
46 354389
46 356192
47 243
47 244
47 245
47 247
47 356193
48 67
48 71
48 29005
48 29006
48 29008
48 356194
49 67
49 38604
49 93561
49 354210
49 354211
49 356195
50 10
50 378
50 379
50 381
50 124524
51 67
51 601
51 603
51 1197
51 356196
52 67
52 605
52 607
52 1199
52 356197
53 71
53 76
53 190
53 191
53 356198
seqId 145
1 5
1 20
1 98
1 99
1 100
1 8099
1 356199
2 5
2 20
2 202
2 29679
2 29681
2 356200
3 3
3 5
3 20
3 2972
3 21750
3 356201
4 9
4 10
4 24
4 26
4 27
4 356202
5 3
5 4
5 5
5 67099
5 67101
5 356203
6 4
6 5
6 202
6 2923
6 5110
6 356204
7 5
7 84
7 91
7 93
7 121
7 702
7 703
7 705
7 356205
8 20
8 90
8 122
8 195
8 708
8 769
8 8855
8 28987
8 356206
9 660
9 2347
9 2350
9 2522
9 356207
10 9
10 10
10 24
10 26
10 27
10 356208
11 4
11 5
11 51
11 175
11 178
11 356209
12 3
12 4
12 5
12 13876
12 13878
12 356210
13 9
13 10
13 11
13 13
13 218681
14 3
14 20
14 195
14 2221
14 3410
14 356211
15 10
15 109
15 110
15 112
15 356212
16 3
16 4
16 5
16 59102
16 59104
16 356213
17 4
17 5
17 202
17 36111
17 52482
17 356214
18 76
18 342
18 343
18 345
18 356215
19 10
19 109
19 110
19 112
19 356216
20 3
20 4
20 5
20 128205
20 128207
20 356217
21 4
21 5
21 202
21 47432
21 47434
21 356218
22 243
22 244
22 245
22 247
22 39085
23 10
23 109
23 110
23 112
23 124552
24 3
24 4
24 5
24 14686
24 14688
24 356219
25 4
25 5
25 202
25 36111
25 52482
25 356220
26 76
26 342
26 343
26 345
26 356221
27 660
27 3319
27 3320
27 3322
27 356222
28 9
28 10
28 11
28 13
28 356223
29 90
29 443
29 20210
29 106568
29 356224
30 4
30 5
30 99
30 133
30 175
30 176
30 178
30 96556
31 3
31 4
31 5
31 22402
31 22404
31 356225
32 230
32 231
32 232
32 234
32 356226
33 9
33 10
33 11
33 13
33 163
34 99
34 131
34 132
34 133
34 195
34 236
34 237
35 3
35 20
35 195
35 340
35 52978
35 198869
35 356227
36 76
36 342
36 343
36 345
36 356228
37 9
37 10
37 11
37 13
37 356229
38 99
38 115
38 195
38 773
38 775
38 776
38 2192
38 2194
38 356230
39 3
39 20
39 195
39 37928
39 60441
39 356231
40 243
40 244
40 245
40 247
40 356232
41 5
41 99
41 115
41 773
41 775
41 776
41 2192
41 3593
41 356233
42 3
42 4
42 5
42 13423
42 49469
42 76182
42 76184
42 356234
43 660
43 9103
43 9104
43 9106
43 356235
44 10
44 283
44 284
44 286
44 356236
45 5
45 27
45 99
45 131
45 132
45 133
45 135
45 356237
46 4
46 5
46 67
46 172186
46 172188
46 356238
47 4
47 5
47 202
47 47432
47 47434
47 356239
48 76
48 342
48 343
48 345
48 356240
49 82
49 758
49 759
49 761
49 356241
50 5
50 84
50 90
50 91
50 92
50 93
50 96
50 41781
50 145979
50 356242
51 10
51 126
51 127
51 129
51 356243
52 4
52 5
52 99
52 131
52 132
52 133
52 152
52 347829
53 3
53 4
53 5
53 8842
53 9174
53 356244
54 9
54 10
54 24
54 26
54 27
54 356245
55 5
55 20
55 99
55 133
55 175
55 176
55 1316
55 356246
56 3
56 5
56 20
56 18968
56 18970
56 190336
57 10
57 61206
57 61207
57 61209
57 356247
58 67
58 407
58 175375
58 175376
58 175378
58 356248
59 76
59 413
59 414
59 416
59 356249
60 3
60 4
60 5
60 4447
60 4449
60 356250
61 51
61 195
61 1879
61 1881
61 356251
62 76
62 342
62 343
62 345
62 356252
63 3
63 5
63 20
63 724
63 726
63 356253
64 51
64 195
64 29812
64 29814
64 356254
65 76
65 433
65 434
65 436
65 356255
66 71
66 76
66 190
66 191
66 356256
seqId 146
1 4
1 5
1 99
1 131
1 132
1 133
1 811
1 356257
2 3
2 4
2 5
2 5256
2 5258
2 356258
3 10
3 1387
3 1388
3 1390
3 356259
4 5
4 27
4 99
4 131
4 132
4 133
4 135
4 356260
5 3
5 4
5 5
5 597
5 599
5 356261
6 9
6 10
6 11
6 13
6 356262
7 67
7 601
7 603
7 1197
7 356263
8 5
8 51
8 680
8 1993
8 356264
9 76
9 413
9 414
9 416
9 356265
10 67
10 6030
10 6032
10 57336
10 356266
11 51
11 195
11 1479
11 62476
11 356268
11 356269
12 76
12 433
12 434
12 436
12 356270
13 5
13 84
13 91
13 92
13 93
13 703
13 707
13 16563
13 356271
14 4
14 5
14 90
14 122
14 708
14 713
14 5094
14 5096
14 51585
15 10
15 283
15 284
15 286
15 356272
16 99
16 131
16 132
16 133
16 195
16 237
16 356273
17 3
17 4
17 195
17 729
17 731
17 356274
18 10
18 146
18 147
18 149
18 356275
19 90
19 442
19 443
19 445
19 356276
20 10
20 378
20 379
20 381
20 356277
21 26
21 27
21 99
21 133
21 175
21 176
21 195
21 356278
22 20
22 195
22 202
22 2294
22 3837
22 356279
23 3
23 20
23 195
23 2972
23 2974
23 356280
24 243
24 244
24 245
24 247
24 356281
25 3
25 4
25 195
25 4228
25 4230
25 356282
26 4
26 195
26 202
26 302
26 1655
26 356283
27 10
27 109
27 110
27 112
27 356284
28 3
28 4
28 5
28 55516
28 70448
28 96617
29 4
29 5
29 202
29 5416
29 5418
29 356285
30 10
30 283
30 284
30 286
30 356286
31 5
31 27
31 99
31 131
31 132
31 133
31 135
31 356287
32 5
32 67
32 172186
32 172188
32 356288
33 71
33 76
33 190
33 191
33 356289
seqId 147
1 407
1 509
1 5178
1 62307
1 356290
2 76
2 433
2 434
2 436
2 356291
3 3
3 4
3 5
3 57494
3 140009
3 356292
4 9
4 10
4 11
4 13
4 190392
5 51
5 52
5 1368
5 1370
5 356293
6 3
6 20
6 195
6 340
6 2887
6 2889
6 356294
7 20
7 195
7 202
7 2923
7 14156
7 356295
8 76
8 137
8 138
8 140
8 356296
9 64
9 340
9 509
9 5376
9 190257
9 356297
9 356298
10 509
10 625
10 5376
10 10054
10 356299
11 509
11 5376
11 9567
11 356301
11 356302
11 356303
12 76
12 185
12 186
12 188
12 356304
13 76
13 413
13 414
13 416
13 356305
14 51
14 52
14 14300
14 14302
14 356306
15 3
15 5
15 20
15 5883
15 5885
15 356307
16 51
16 52
16 4167
16 4169
16 356308
17 76
17 413
17 414
17 416
17 356309
18 5
18 20
18 67
18 605
18 607
18 356310
19 76
19 433
19 434
19 436
19 356311
20 76
20 342
20 343
20 345
20 356312
21 51
21 52
21 2712
21 2714
21 356313
22 3
22 5
22 20
22 1091
22 1093
22 356314
23 51
23 52
23 4167
23 4169
23 356315
24 76
24 413
24 414
24 416
24 356316
25 67
25 518
25 26224
25 148715
25 152305
25 152306
25 152308
25 356317
26 76
26 433
26 434
26 436
26 356318
27 76
27 342
27 343
27 345
27 356319
28 51
28 52
28 14491
28 106040
28 287974
28 356320
29 3
29 5
29 20
29 1091
29 1093
29 356321
30 51
30 52
30 1879
30 1881
30 356322
31 76
31 413
31 414
31 416
31 356323
32 5
32 20
32 67
32 605
32 607
32 356324
33 76
33 433
33 434
33 436
33 356325
34 76
34 433
34 434
34 436
34 356326
35 76
35 342
35 343
35 345
35 190415
36 10
36 109
36 110
36 112
36 172847
37 3
37 5
37 20
37 4862
37 9651
37 356327
38 10
38 1387
38 1388
38 1390
38 356328
39 5
39 27
39 99
39 131
39 132
39 133
39 135
39 356329
40 5
40 64
40 67
40 18319
40 34987
40 98029
40 356331
40 356332
41 67
41 136467
41 136468
41 136470
41 356333
42 9
42 10
42 11
42 13
42 356334
43 5
43 27
43 99
43 131
43 132
43 133
43 135
43 356335
44 3
44 4
44 5
44 597
44 599
44 356336
45 9
45 10
45 24
45 26
45 27
45 356337
46 67
46 518
46 26224
46 148715
46 152305
46 152306
46 152308
46 356338
47 76
47 342
47 343
47 345
47 356339
48 20
48 90
48 122
48 195
48 708
48 713
48 2832
48 9060
48 356340
49 10
49 828
49 829
49 831
49 356341
50 67
50 71
50 29005
50 29006
50 29008
50 356342
51 67
51 38604
51 93561
51 354210
51 354211
51 356343
52 10
52 378
52 379
52 381
52 356344
53 67
53 601
53 603
53 1197
53 356345
54 67
54 605
54 607
54 1199
54 356346
55 71
55 76
55 190
55 191
55 356347
seqId 148
1 4
1 5
1 98
1 99
1 100
1 4105
1 356348
2 3
2 4
2 5
2 57494
2 57496
2 356349
3 9
3 10
3 11
3 13
3 356350
4 3
4 20
4 195
4 340
4 2887
4 2889
4 356351
5 5
5 84
5 90
5 91
5 92
5 93
5 96
5 41781
5 145979
5 356352
6 10
6 126
6 127
6 129
6 356353
7 4
7 5
7 99
7 131
7 132
7 133
7 152
7 51693
8 3
8 4
8 5
8 8842
8 9174
8 356354
9 9
9 10
9 24
9 26
9 27
9 356355
10 5
10 20
10 99
10 133
10 175
10 176
10 1316
10 51696
11 3
11 5
11 20
11 18968
11 18970
11 356356
12 660
12 1513
12 1514
12 1516
12 356357
13 10
13 61206
13 61207
13 61209
13 356358
14 67
14 407
14 175375
14 175376
14 175378
14 356359
15 76
15 413
15 414
15 416
15 356360
16 27
16 340
16 407
16 509
16 5376
16 175378
16 356362
16 356363
17 509
17 5376
17 9567
17 356301
17 356303
17 356364
18 509
18 2787
18 5376
18 50774
18 85728
18 136387
18 356365
19 310
19 509
19 5376
19 287103
19 287105
19 356366
20 76
20 342
20 343
20 345
20 8364
21 3
21 4
21 5
21 8842
21 9174
21 356367
22 10
22 109
22 110
22 112
22 356368
23 51
23 195
23 1879
23 1881
23 356369
24 76
24 433
24 434
24 436
24 356370
25 71
25 76
25 190
25 191
25 356371
seqId 149
1 4
1 5
1 98
1 99
1 100
1 4105
1 356372
2 3
2 4
2 5
2 57494
2 57496
2 356373
3 10
3 126
3 127
3 129
3 356374
4 4
4 5
4 99
4 131
4 132
4 133
4 152
4 356375
5 3
5 4
5 5
5 3707
5 3709
5 356376
6 9
6 10
6 24
6 26
6 27
6 124715
7 3
7 4
7 5
7 74254
7 272148
7 356377
8 5
8 84
8 91
8 92
8 93
8 703
8 707
8 16563
8 356378
9 4
9 5
9 90
9 122
9 708
9 713
9 12009
9 356380
9 356381
10 10
10 146
10 149
10 2548
10 356382
11 3
11 5
11 20
11 38959
11 38961
11 356383
12 5
12 20
12 99
12 133
12 175
12 176
12 1316
12 356384
13 3
13 5
13 20
13 429
13 431
13 356385
14 9
14 10
14 24
14 26
14 27
14 356386
15 67
15 5929
15 5930
15 5932
15 5933
15 356387
16 243
16 244
16 245
16 247
16 356388
17 1458
17 2717
17 4052
17 4054
17 347951
18 244
18 418
18 419
18 421
18 356389
19 64
19 67
19 38761
19 38762
19 38764
19 356390
20 10
20 109
20 110
20 112
20 356391
21 3
21 5
21 20
21 389
21 391
21 356392
22 9
22 10
22 24
22 26
22 27
22 356393
23 3
23 4
23 5
23 9634
23 9636
23 356394
24 76
24 342
24 343
24 345
24 356395
25 82
25 759
25 2852
25 2854
25 356396
26 5
26 27
26 99
26 131
26 132
26 133
26 135
26 356397
27 3
27 5
27 20
27 10801
27 10803
27 356398
28 5
28 84
28 91
28 93
28 121
28 703
28 707
28 956
28 356399
29 4
29 5
29 99
29 131
29 132
29 133
29 152
29 356400
30 3
30 4
30 5
30 13423
30 49469
30 76182
30 76184
30 356401
31 230
31 231
31 232
31 234
31 356402
32 9
32 10
32 11
32 13
32 163
33 99
33 131
33 132
33 133
33 195
33 236
33 237
34 76
34 137
34 138
34 140
34 356403
35 3
35 4
35 195
35 74254
35 74256
35 356404
36 76
36 185
36 186
36 188
36 356405
37 10
37 283
37 284
37 286
37 356406
38 5
38 27
38 99
38 131
38 132
38 133
38 135
38 356407
39 5
39 67
39 172186
39 172188
39 356408
40 76
40 413
40 414
40 416
40 39310
41 3
41 4
41 5
41 1913
41 1915
41 356409
42 4
42 5
42 202
42 303445
42 303447
42 356410
43 76
43 342
43 343
43 345
43 133560
44 4
44 5
44 202
44 47432
44 47434
44 356411
45 243
45 244
45 245
45 247
45 8405
46 4
46 5
46 202
46 80034
46 101985
46 356413
46 356414
46 356415
47 76
47 433
47 434
47 436
47 356416
48 76
48 342
48 343
48 345
48 356417
49 10
49 109
49 110
49 112
49 356418
50 90
50 121
50 122
50 9141
50 77883
50 305028
51 5
51 27
51 99
51 131
51 132
51 133
51 135
51 356419
52 3
52 4
52 5
52 28808
52 42696
52 42698
52 42699
52 42700
52 356420
53 76
53 413
53 414
53 416
53 356421
54 3
54 4
54 5
54 14686
54 14688
54 356422
55 76
55 342
55 343
55 345
55 356423
56 3
56 4
56 195
56 14834
56 14836
56 356424
57 4
57 195
57 202
57 47432
57 85392
57 356425
58 76
58 342
58 343
58 345
58 356426
59 3
59 4
59 5
59 59102
59 59104
59 356427
60 76
60 342
60 343
60 345
60 356428
61 3
61 4
61 5
61 55516
61 70448
61 356429
62 76
62 433
62 434
62 436
62 356430
63 243
63 244
63 245
63 247
63 356431
64 4
64 5
64 99
64 131
64 132
64 133
64 152
64 356432
65 3
65 4
65 5
65 35277
65 35279
65 356433
66 230
66 231
66 232
66 234
66 356434
67 9
67 10
67 11
67 13
67 163
68 99
68 131
68 132
68 133
68 195
68 236
68 237
69 3
69 20
69 195
69 70580
69 70582
69 356435
70 76
70 413
70 414
70 416
70 356436
71 3
71 4
71 5
71 356438
71 356439
71 356440
72 76
72 342
72 343
72 345
72 356441
73 3
73 5
73 20
73 70580
73 70582
73 356442
74 5
74 20
74 202
74 22790
74 336886
74 356444
74 356445
74 356446
75 76
75 342
75 343
75 345
75 96790
76 3
76 4
76 5
76 14686
76 14688
76 356447
77 76
77 342
77 343
77 345
77 356448
78 3
78 4
78 5
78 144000
78 144002
78 356449
79 76
79 342
79 343
79 345
79 328728
80 3
80 4
80 5
80 59102
80 59104
80 356450
81 76
81 433
81 434
81 436
81 356451
82 71
82 76
82 190
82 191
82 356452
seqId 150
1 76
1 592
1 593
1 595
1 356453
2 5
2 20
2 99
2 131
2 132
2 133
2 967
2 356454
3 3
3 5
3 20
3 35288
3 35290
3 356455
4 9
4 10
4 11
4 13
4 356456
5 3
5 4
5 5
5 59102
5 140647
5 356457
6 4
6 5
6 202
6 13322
6 48936
6 356458
7 4
7 5
7 202
7 21185
7 140675
7 356459
8 9
8 10
8 11
8 13
8 356460
9 5
9 20
9 67
9 605
9 607
9 356461
10 76
10 342
10 343
10 345
10 356462
11 3
11 5
11 20
11 4784
11 45671
11 356463
12 20
12 72
12 195
12 202
12 340
12 32064
12 55652
12 68082
12 356464
13 660
13 1305
13 1306
13 1308
13 356465
14 5
14 20
14 90
14 122
14 708
14 713
14 22735
14 77958
14 356466
15 76
15 342
15 343
15 345
15 356467
16 5
16 84
16 91
16 93
16 121
16 702
16 703
16 705
16 39383
17 10
17 109
17 112
17 1539
17 39384
18 3
18 5
18 20
18 1601
18 1603
18 356468
19 5
19 20
19 90
19 122
19 708
19 769
19 4379
19 5722
19 356469
20 10
20 109
20 110
20 112
20 356470
21 3
21 4
21 5
21 5256
21 5258
21 356471
22 10
22 1387
22 1388
22 1390
22 356472
23 5
23 27
23 99
23 131
23 132
23 133
23 135
23 356473
24 5
24 67
24 38351
24 75606
24 356474
25 243
25 244
25 245
25 247
25 356475
26 5
26 20
26 99
26 131
26 132
26 133
26 166
26 305101
27 5
27 20
27 67
27 116348
27 117682
27 136708
27 356476
28 67
28 136467
28 136468
28 136470
28 356477
29 9
29 10
29 11
29 13
29 356478
30 5
30 27
30 99
30 131
30 132
30 133
30 135
30 356479
31 3
31 4
31 5
31 597
31 599
31 356480
32 67
32 340
32 49257
32 139312
32 139313
32 356481
33 67
33 139316
33 139317
33 139319
33 139320
33 356482
34 76
34 342
34 343
34 345
34 356483
35 51
35 195
35 1501
35 1503
35 356484
36 3
36 20
36 195
36 340
36 2887
36 2889
36 356485
37 20
37 195
37 202
37 2923
37 14156
37 356486
38 76
38 342
38 343
38 345
38 133640
39 20
39 27
39 82
39 84
39 85
39 135
39 195
39 763
39 48234
39 356487
40 10
40 146
40 147
40 149
40 356488
41 67
41 605
41 607
41 1199
41 356489
42 243
42 244
42 245
42 247
42 356490
43 5
43 27
43 99
43 131
43 132
43 133
43 135
43 39428
44 5
44 67
44 38351
44 75606
44 356491
45 76
45 342
45 343
45 345
45 356492
46 5
46 27
46 99
46 131
46 132
46 133
46 135
46 356493
47 5
47 82
47 84
47 85
47 2294
47 2296
47 356494
48 10
48 146
48 147
48 149
48 356495
49 67
49 12736
49 49267
49 49269
49 49270
49 148112
49 356496
50 76
50 413
50 414
50 416
50 356497
51 67
51 87526
51 139295
51 356498
51 356499
52 76
52 433
52 434
52 436
52 356500
53 75
53 76
53 77
53 79
53 356501
54 5
54 20
54 99
54 131
54 132
54 133
54 166
54 133650
55 3
55 5
55 20
55 2887
55 2889
55 356502
56 5
56 20
56 202
56 2923
56 2925
56 356503
57 76
57 137
57 138
57 140
57 356504
58 9
58 10
58 1886
58 20009
58 356505
59 67
59 12736
59 49267
59 49269
59 49270
59 148112
59 356506
60 51
60 195
60 206110
60 206112
60 356507
61 10
61 146
61 147
61 149
61 305132
62 27
62 660
62 21971
62 21974
62 21975
62 39567
62 356508
63 71
63 76
63 190
63 191
63 356509
seqId 151
1 99
1 131
1 132
1 133
1 195
1 1220
1 356510
2 3
2 20
2 195
2 340
2 28470
2 34653
2 356511
3 3
3 20
3 195
3 4570
3 34657
3 356512
4 158
4 159
4 160
4 162
4 356513
5 9
5 10
5 11
5 13
5 163
6 5
6 20
6 99
6 131
6 132
6 133
6 165
6 166
7 3
7 5
7 20
7 34802
7 206122
7 206128
7 356514
8 76
8 185
8 186
8 188
8 356515
9 76
9 342
9 343
9 345
9 51870
10 3
10 4
10 5
10 597
10 599
10 356516
11 67
11 601
11 603
11 1197
11 356517
12 67
12 605
12 607
12 1199
12 356518
13 243
13 244
13 245
13 247
13 356519
14 67
14 38351
14 75606
14 75607
14 356520
15 67
15 10653
15 150986
15 150987
15 150989
15 356521
16 76
16 342
16 343
16 345
16 356522
17 3
17 5
17 20
17 9380
17 356524
17 356525
18 51
18 195
18 5342
18 5344
18 173050
19 244
19 19444
19 19445
19 19447
19 356526
20 509
20 5376
20 48317
20 48320
20 48321
20 356527
21 509
21 5376
21 50944
21 50946
21 356528
22 310
22 495
22 509
22 5376
22 206181
22 206183
22 206184
22 356529
23 340
23 509
23 5376
23 11542
23 147314
23 206186
23 206188
23 356530
24 509
24 5376
24 50491
24 50493
24 356531
25 340
25 509
25 5376
25 103435
25 254906
25 356532
26 509
26 967
26 5376
26 80105
26 146918
26 356534
26 356535
27 76
27 342
27 343
27 345
27 356536
28 509
28 5376
28 206110
28 206112
28 356537
29 340
29 509
29 5376
29 94427
29 141677
29 356539
29 356540
29 356541
30 509
30 3465
30 5376
30 71016
30 75402
30 356542
31 76
31 342
31 343
31 345
31 356543
32 509
32 5376
32 116348
32 117682
32 136708
32 356544
33 509
33 5376
33 136467
33 136470
33 356545
34 76
34 342
34 343
34 345
34 356546
35 340
35 509
35 5376
35 49257
35 139312
35 356547
36 509
36 5376
36 139316
36 139319
36 139320
36 356548
37 509
37 5376
37 13941
37 13943
37 356549
38 76
38 342
38 343
38 345
38 356550
39 509
39 87526
39 139295
39 356498
39 356551
40 76
40 342
40 343
40 345
40 356552
41 3
41 5
41 20
41 1091
41 1093
41 356553
42 51
42 195
42 4169
42 48321
42 48328
42 173079
42 356555
43 71
43 76
43 190
43 191
43 356556
seqId 152
1 98
1 99
1 100
1 195
1 8870
1 96928
2 51
2 195
2 1501
2 1503
2 356557
3 3
3 20
3 195
3 340
3 2887
3 2889
3 356558
4 84
4 90
4 91
4 93
4 121
4 195
4 702
4 1062
4 356559
5 9
5 10
5 24
5 26
5 27
5 356560
6 5
6 20
6 99
6 133
6 175
6 176
6 1316
6 356561
7 5
7 20
7 202
7 1589
7 23961
7 356562
8 3
8 5
8 20
8 3118
8 3120
8 356563
9 9
9 10
9 11
9 13
9 356564
10 3
10 4
10 5
10 3123
10 3125
10 356565
11 5
11 20
11 90
11 122
11 708
11 713
11 1509
11 24559
11 356566
12 5
12 27
12 99
12 131
12 132
12 133
12 135
12 356567
13 3
13 5
13 20
13 9159
13 49345
13 356568
14 9
14 10
14 11
14 13
14 356569
15 3
15 4
15 5
15 38205
15 38207
15 356570
16 158
16 159
16 160
16 162
16 305188
17 9
17 10
17 11
17 13
17 163
18 5
18 20
18 99
18 131
18 132
18 133
18 165
18 166
19 5
19 20
19 67
19 4796
19 58295
19 111218
19 353518
19 356571
20 5
20 20
20 90
20 122
20 708
20 713
20 21205
20 68026
20 356572
21 10
21 146
21 147
21 149
21 356573
22 90
22 443
22 702
22 10559
22 51931
23 4
23 5
23 99
23 133
23 175
23 176
23 178
23 356574
24 3
24 4
24 5
24 2196
24 2649
24 305195
25 4
25 5
25 202
25 1104
25 15742
25 15744
25 356575
26 243
26 244
26 245
26 247
26 356576
27 4
27 5
27 202
27 27674
27 188058
27 356577
28 71
28 76
28 190
28 191
28 356578
seqId 153
1 76
1 592
1 593
1 595
1 356579
2 5
2 20
2 99
2 131
2 132
2 133
2 967
2 356580
3 3
3 5
3 20
3 2863
3 2865
3 356581
4 76
4 137
4 138
4 140
4 356582
5 3
5 4
5 195
5 340
5 59102
5 140647
5 356584
6 158
6 159
6 160
6 162
6 356585
7 9
7 10
7 11
7 13
7 163
8 5
8 20
8 99
8 131
8 132
8 133
8 165
8 166
9 3
9 5
9 20
9 18025
9 18027
9 356586
10 76
10 185
10 186
10 188
10 356587
11 76
11 342
11 343
11 345
11 356588
12 5
12 20
12 90
12 122
12 708
12 713
12 10347
12 12699
12 356589
13 10
13 828
13 829
13 831
13 356590
14 36
14 67
14 71
14 18488
14 18489
14 356591
15 67
15 1845
15 14010
15 354258
15 354259
15 356592
16 10
16 1387
16 1388
16 1390
16 356593
17 36
17 67
17 71
17 18488
17 18489
17 356594
18 67
18 9735
18 36347
18 204863
18 204864
18 356595
19 10
19 7340
19 9033
19 9035
19 356596
20 51
20 195
20 5342
20 5344
20 356597
21 76
21 342
21 343
21 345
21 356598
22 10
22 1605
22 1606
22 1608
22 356599
23 5
23 27
23 99
23 131
23 132
23 133
23 135
23 356600
24 5
24 67
24 1104
24 75755
24 351807
24 351810
24 356601
25 243
25 244
25 245
25 247
25 173143
26 5
26 20
26 99
26 131
26 132
26 133
26 166
26 356602
27 5
27 20
27 67
27 52779
27 72014
27 82591
27 356603
28 67
28 340
28 33141
28 162188
28 356605
28 356606
28 356607
29 76
29 413
29 414
29 416
29 356608
30 67
30 41961
30 41962
30 41964
30 356609
31 76
31 592
31 593
31 595
31 356610
32 67
32 38351
32 75606
32 75607
32 356611
33 67
33 10653
33 150986
33 150987
33 150989
33 356612
34 76
34 433
34 434
34 436
34 356613
35 75
35 76
35 77
35 79
35 356614
36 5
36 20
36 82
36 83
36 84
36 115
36 763
36 1002
36 356615
37 5
37 84
37 90
37 91
37 93
37 121
37 234435
37 234437
37 356617
38 5
38 20
38 99
38 131
38 132
38 133
38 166
38 96978
39 3
39 5
39 20
39 981
39 11977
39 328899
40 5
40 20
40 202
40 17683
40 47027
40 356618
41 76
41 342
41 343
41 345
41 356619
42 5
42 20
42 90
42 122
42 708
42 713
42 3513
42 26031
42 356620
43 10
43 126
43 127
43 129
43 356621
44 5
44 27
44 99
44 131
44 132
44 133
44 135
44 356622
45 3
45 4
45 5
45 9578
45 98833
45 98835
45 98836
45 98837
45 356623
46 76
46 342
46 343
46 345
46 356624
47 9
47 10
47 11
47 13
47 133779
48 5
48 27
48 99
48 131
48 132
48 133
48 135
48 356625
49 3
49 4
49 5
49 14686
49 14688
49 356626
50 9
50 10
50 11
50 13
50 356627
51 4
51 5
51 99
51 131
51 132
51 133
51 152
51 356628
52 3
52 4
52 5
52 59102
52 59104
52 356629
53 9
53 10
53 11
53 13
53 356630
54 3
54 4
54 5
54 18201
54 18203
54 356631
55 4
55 5
55 202
55 22424
55 354845
55 356632
56 10
56 283
56 284
56 286
56 356633
57 5
57 27
57 99
57 131
57 132
57 133
57 135
57 356634
58 3
58 4
58 5
58 642
58 23331
58 356635
59 76
59 413
59 414
59 416
59 356636
60 82
60 759
60 5284
60 5286
60 356637
61 4
61 5
61 99
61 131
61 132
61 133
61 152
61 39596
62 3
62 4
62 5
62 9853
62 9855
62 356638
63 158
63 159
63 160
63 162
63 356639
64 9
64 10
64 11
64 13
64 163
65 5
65 20
65 99
65 131
65 132
65 133
65 165
65 166
66 3
66 5
66 20
66 151571
66 356641
66 356642
66 356643
67 76
67 342
67 343
67 345
67 124974
68 158
68 159
68 160
68 162
68 356644
69 9
69 10
69 11
69 13
69 163
70 5
70 20
70 99
70 131
70 132
70 133
70 165
70 166
71 3
71 5
71 20
71 72
71 30546
71 151571
71 185482
71 356646
71 356647
72 76
72 342
72 343
72 345
72 356648
73 9
73 10
73 11
73 13
73 219445
74 4
74 5
74 99
74 131
74 132
74 133
74 152
74 356649
75 3
75 4
75 5
75 5804
75 98836
75 168909
75 354874
75 354876
75 356650
76 4
76 5
76 202
76 22424
76 354845
76 356651
77 76
77 342
77 343
77 345
77 356652
78 9
78 10
78 11
78 13
78 356653
79 5
79 27
79 99
79 131
79 132
79 133
79 135
79 97017
80 3
80 4
80 5
80 2997
80 2999
80 356654
81 9
81 10
81 11
81 13
81 356655
82 67
82 190852
82 190853
82 190855
82 356656
83 76
83 342
83 343
83 345
83 133813
84 5
84 84
84 91
84 93
84 121
84 703
84 707
84 956
84 356657
85 27
85 660
85 21971
85 21974
85 21975
85 39567
85 356658
86 660
86 18003
86 18004
86 18006
86 356659
87 4
87 5
87 202
87 3303
87 3305
87 39625
88 944
88 945
88 946
88 948
88 356660
89 10
89 27
89 1113
89 1114
89 1116
89 356661
90 10
90 146
90 147
90 149
90 356662
91 98
91 99
91 100
91 195
91 2073
91 356663
92 4
92 195
92 202
92 1377
92 1379
92 356664
93 4
93 195
93 202
93 9960
93 28670
93 356665
94 3
94 4
94 195
94 729
94 731
94 356666
95 76
95 433
95 434
95 436
95 356667
96 71
96 76
96 190
96 191
96 356668
seqId 154
1 71
1 76
1 190
1 191
1 356669
seqId 155
1 51
1 52
1 1427
1 1962
1 356670
2 76
2 592
2 593
2 595
2 356671
3 3
3 4
3 5
3 2608
3 2610
3 356672
4 243
4 244
4 245
4 247
4 356673
5 3
5 4
5 5
5 2613
5 2615
5 356674
6 9
6 10
6 11
6 13
6 356675
7 5
7 27
7 99
7 131
7 132
7 133
7 135
7 356676
8 2
8 3
8 4
8 5
8 181
8 356677
9 244
9 418
9 419
9 421
9 190832
10 9
10 10
10 11
10 13
10 356678
11 5
11 27
11 99
11 131
11 132
11 133
11 135
11 356679
12 3
12 4
12 5
12 642
12 23331
12 356680
13 660
13 2473
13 2474
13 2476
13 356681
14 5
14 20
14 202
14 43863
14 53223
14 356682
seqId 156
1 3
1 4
1 195
1 1742
1 1744
1 356683
2 4
2 195
2 202
2 15437
2 15439
2 356684
seqId 157
1 90
1 443
1 25415
1 34486
1 356685
2 5
2 20
2 99
2 131
2 132
2 133
2 166
2 356686
3 3
3 5
3 20
3 1731
3 15444
3 219484
4 67
4 1735
4 1736
4 1738
4 356687
5 76
5 137
5 138
5 140
5 356688
6 3
6 4
6 195
6 1742
6 1744
6 61793
7 158
7 159
7 160
7 162
7 61794
8 9
8 10
8 11
8 13
8 163
9 5
9 20
9 99
9 131
9 132
9 133
9 165
9 166
10 3
10 5
10 20
10 384
10 386
10 356689
11 10
11 109
11 110
11 112
11 356690
12 3
12 5
12 20
12 389
12 391
12 356691
13 76
13 185
13 186
13 188
13 356692
14 76
14 342
14 343
14 345
14 356693
15 243
15 244
15 245
15 247
15 328985
16 5
16 20
16 99
16 131
16 132
16 133
16 166
16 356694
17 3
17 5
17 20
17 1709
17 14619
17 356695
18 5
18 20
18 90
18 122
18 708
18 713
18 5400
18 5402
18 356696
19 76
19 137
19 138
19 140
19 356697
20 3
20 4
20 5
20 13599
20 24167
20 356698
21 20
21 195
21 202
21 2553
21 24170
21 356699
22 2
22 3
22 4
22 5
22 181
22 356700
23 76
23 185
23 186
23 188
23 356701
24 71
24 76
24 190
24 191
24 356702
seqId 158
1 3
1 5
1 20
1 1186
1 4796
1 23193
1 24176
1 356703
2 76
2 342
2 343
2 345
2 356704
3 3
3 4
3 5
3 24179
3 24181
3 356705
4 76
4 342
4 343
4 345
4 356706
5 3
5 4
5 5
5 2608
5 4490
5 356707
6 9
6 10
6 11
6 13
6 356708
7 5
7 27
7 99
7 131
7 132
7 133
7 135
7 356709
8 2
8 3
8 4
8 5
8 181
8 356710
seqId 159
1 76
1 592
1 593
1 595
1 356711
2 10
2 27969
2 47790
2 47792
2 356712
3 4
3 5
3 99
3 131
3 132
3 133
3 152
3 97090
4 3
4 4
4 5
4 1913
4 1915
4 173252
5 9
5 10
5 11
5 13
5 356713
6 3
6 4
6 5
6 1931
6 1933
6 356714
7 76
7 342
7 343
7 345
7 356715
8 5
8 27
8 99
8 131
8 132
8 133
8 135
8 190876
9 3
9 4
9 5
9 642
9 23331
9 356716
10 5
10 84
10 91
10 93
10 121
10 702
10 703
10 705
10 356717
11 122
11 703
11 707
11 708
11 710
11 356718
12 4
12 5
12 90
12 122
12 708
12 713
12 10347
12 11928
12 356719
13 10
13 828
13 829
13 831
13 356720
14 5
14 20
14 99
14 133
14 175
14 176
14 1316
14 356721
15 3
15 5
15 20
15 1299
15 10243
15 356722
16 243
16 244
16 245
16 247
16 219520
17 51
17 52
17 1501
17 1503
17 356723
18 3
18 20
18 195
18 10243
18 10245
18 356724
19 243
19 244
19 245
19 247
19 356725
20 2717
20 4052
20 4054
20 16256
20 356726
21 244
21 418
21 419
21 421
21 356727
22 3
22 4
22 195
22 340
22 1084
22 10243
22 356728
23 71
23 71
23 195
23 202
23 340
23 1104
23 25362
23 356730
23 356731
24 76
24 342
24 343
24 345
24 356732
25 20
25 90
25 122
25 195
25 340
25 708
25 713
25 60103
25 356734
25 356735
26 27
26 660
26 21971
26 21974
26 21975
26 39567
26 356736
27 717
27 718
27 719
27 721
27 356737
28 10
28 146
28 147
28 149
28 722
29 5
29 20
29 99
29 131
29 132
29 133
29 165
29 166
30 3
30 5
30 20
30 1832
30 1834
30 356738
31 9
31 10
31 24
31 26
31 27
31 356739
32 5
32 20
32 99
32 133
32 175
32 176
32 1316
32 305343
33 75
33 76
33 77
33 79
33 356740
34 9
34 10
34 11
34 13
34 125066
35 51
35 52
35 1851
35 1853
35 356741
36 10
36 146
36 147
36 149
36 356742
37 51
37 52
37 4167
37 4169
37 356743
38 76
38 342
38 343
38 345
38 356744
39 5
39 20
39 67
39 61858
39 61861
39 356745
40 67
40 61863
40 61864
40 61866
40 356746
41 10
41 1010
41 1011
41 1013
41 356747
42 3
42 5
42 20
42 1299
42 10243
42 356748
43 76
43 342
43 343
43 345
43 356749
44 4
44 5
44 67
44 51488
44 69760
44 356750
45 67
45 48608
45 61056
45 92366
45 114954
45 352385
45 352386
45 356751
46 243
46 244
46 245
46 247
46 356752
47 4
47 5
47 67
47 251195
47 251198
47 356753
48 67
48 72
48 14296
48 47596
48 299385
48 352324
48 352325
48 352327
48 356754
49 10
49 1010
49 1011
49 1013
49 356755
50 3
50 20
50 195
50 340
50 25360
50 25362
50 356756
51 76
51 342
51 343
51 345
51 356757
52 244
52 19444
52 19445
52 19447
52 356758
53 4
53 5
53 67
53 251195
53 251198
53 356759
54 67
54 72
54 14296
54 47596
54 299385
54 352324
54 352325
54 352327
54 356760
55 4
55 5
55 202
55 3106
55 26492
55 356761
56 76
56 1267
56 1268
56 1270
56 356762
seqId 160
1 10
1 7340
1 9033
1 9035
1 356763
2 3
2 5
2 20
2 2202
2 2204
2 356764
3 51
3 52
3 4167
3 4169
3 356765
4 76
4 342
4 343
4 345
4 356766
5 5
5 20
5 67
5 72
5 51015
5 206424
5 206427
5 356767
6 67
6 75556
6 206429
6 206430
6 206432
6 356768
7 10
7 1010
7 1011
7 1013
7 356769
8 3
8 5
8 20
8 1299
8 10243
8 356770
9 243
9 244
9 245
9 247
9 348293
10 5
10 20
10 67
10 42551
10 42554
10 356771
11 67
11 146404
11 175496
11 354005
11 354006
11 356772
12 10
12 1010
12 1011
12 1013
12 356773
13 3
13 5
13 20
13 1299
13 10243
13 356774
14 5
14 20
14 202
14 25360
14 25362
14 356775
15 71
15 76
15 190
15 191
15 356776
seqId 161
1 10
1 595
1 146592
1 356778
1 356779
1 356780
2 4
2 5
2 98
2 99
2 100
2 1927
2 356781
3 3
3 4
3 5
3 729
3 4454
3 356782
4 76
4 342
4 343
4 345
4 356783
5 99
5 133
5 175
5 176
5 195
5 234
5 356784
6 3
6 20
6 195
6 26010
6 53178
6 356785
7 9
7 10
7 24
7 26
7 27
7 356786
8 3
8 5
8 20
8 2320
8 2322
8 356787
9 84
9 91
9 93
9 121
9 195
9 702
9 703
9 1062
9 356788
10 5
10 20
10 122
10 703
10 707
10 708
10 710
10 356789
11 20
11 90
11 122
11 195
11 340
11 708
11 713
11 31897
11 31899
11 173358
12 76
12 413
12 414
12 416
12 356790
13 67
13 71
13 71
13 72
13 4586
13 9179
13 338861
13 338862
13 356791
14 67
14 340
14 72995
14 142139
14 142550
14 352246
14 352247
14 356792
15 10
15 378
15 379
15 381
15 125124
16 5
16 27
16 99
16 131
16 132
16 133
16 135
16 356793
17 3
17 5
17 20
17 2320
17 2322
17 329096
18 5
18 51
18 680
18 1993
18 356794
19 76
19 342
19 343
19 345
19 356795
20 67
20 71
20 29005
20 29006
20 29008
20 356796
21 67
21 38604
21 93561
21 354210
21 354211
21 356797
22 10
22 378
22 379
22 381
22 356798
23 5
23 27
23 99
23 131
23 132
23 133
23 135
23 356799
24 3
24 5
24 20
24 2320
24 2322
24 356800
25 51
25 195
25 2054
25 2056
25 356801
26 76
26 342
26 343
26 345
26 356802
27 36
27 67
27 71
27 18488
27 18489
27 356803
28 67
28 1845
28 14010
28 354258
28 354259
28 356804
29 10
29 378
29 379
29 381
29 39824
30 5
30 27
30 99
30 131
30 132
30 133
30 135
30 356805
31 3
31 5
31 20
31 2320
31 2322
31 356806
32 51
32 195
32 1705
32 1707
32 356807
33 76
33 433
33 434
33 436
33 356808
34 71
34 76
34 190
34 191
34 356809
seqId 162
1 5
1 99
1 115
1 773
1 775
1 776
1 2192
1 24360
1 356810
2 3
2 5
2 20
2 31623
2 31625
2 356811
3 76
3 342
3 343
3 345
3 356812
4 9
4 10
4 11
4 13
4 52193
5 3
5 5
5 20
5 9212
5 26026
5 356813
6 76
6 342
6 343
6 345
6 356814
7 5
7 84
7 90
7 91
7 92
7 93
7 981
7 61950
7 137341
8 5
8 20
8 202
8 27674
8 188058
8 356815
9 76
9 342
9 343
9 345
9 356816
10 660
10 3319
10 3320
10 3322
10 356817
11 9
11 10
11 11
11 13
11 191008
12 660
12 22631
12 22632
12 22634
12 348337
13 90
13 443
13 824
13 9665
13 356818
14 5
14 27
14 99
14 131
14 132
14 133
14 135
14 356819
15 3
15 4
15 5
15 1573
15 1575
15 356820
16 243
16 244
16 245
16 247
16 356821
17 4
17 5
17 99
17 131
17 132
17 133
17 152
17 356822
18 3
18 4
18 5
18 1536
18 4896
18 356823
19 9
19 10
19 11
19 13
19 356824
20 5
20 85
20 99
20 10078
20 10080
20 356825
21 3
21 5
21 20
21 2320
21 2322
21 356826
22 10
22 146
22 147
22 149
22 356827
23 5
23 27
23 99
23 131
23 132
23 133
23 135
23 356828
24 3
24 5
24 20
24 12575
24 12577
24 356829
25 71
25 76
25 190
25 191
25 356830
seqId 163
1 10
1 378
1 3871
1 3873
1 356831
2 90
2 443
2 21513
2 21515
2 356832
3 660
3 2509
3 2510
3 2512
3 356833
4 4
4 5
4 99
4 131
4 132
4 133
4 152
4 356834
5 3
5 4
5 5
5 6763
5 6765
5 356835
6 4
6 5
6 202
6 12971
6 12973
6 356836
7 243
7 244
7 245
7 247
7 356837
8 5
8 27
8 99
8 131
8 132
8 133
8 135
8 356838
9 2
9 3
9 4
9 5
9 181
9 356839
10 9
10 10
10 11
10 13
10 356840
11 5
11 27
11 99
11 131
11 132
11 133
11 135
11 356841
12 3
12 4
12 5
12 642
12 23331
12 356842
13 76
13 342
13 343
13 345
13 191034
14 51
14 195
14 1501
14 1503
14 356843
15 3
15 20
15 195
15 26010
15 53178
15 356844
16 9
16 10
16 11
16 13
16 61982
17 3
17 4
17 5
17 3154
17 17710
17 356845
18 84
18 90
18 93
18 121
18 195
18 2081
18 4621
18 54203
18 356846
19 443
19 703
19 707
19 2086
19 356847
20 20
20 90
20 122
20 195
20 340
20 708
20 713
20 31897
20 31899
20 356848
21 75
21 76
21 77
21 79
21 97229
22 5
22 27
22 99
22 131
22 132
22 133
22 135
22 356849
23 5
23 20
23 82
23 84
23 85
23 175
23 1316
23 356850
24 90
24 121
24 122
24 824
24 48023
24 356851
25 4
25 5
25 99
25 131
25 132
25 133
25 152
25 97235
26 3
26 4
26 5
26 14174
26 27570
26 356852
27 76
27 413
27 414
27 416
27 356853
28 4
28 5
28 202
28 646
28 25589
28 356854
29 243
29 244
29 245
29 247
29 356855
30 4
30 5
30 202
30 8082
30 12624
30 356856
31 76
31 433
31 434
31 436
31 356857
32 9
32 10
32 11
32 13
32 356858
33 5
33 27
33 99
33 131
33 132
33 133
33 135
33 356859
34 5
34 67
34 1104
34 75755
34 351807
34 351810
34 356860
35 243
35 244
35 245
35 247
35 348389
36 5
36 27
36 99
36 131
36 132
36 133
36 135
36 356861
37 5
37 82
37 84
37 85
37 2294
37 2296
37 356862
38 4
38 5
38 99
38 131
38 132
38 133
38 152
38 39901
39 3
39 4
39 5
39 13471
39 14643
39 356863
40 4
40 5
40 202
40 1548
40 3082
40 356864
41 10
41 1605
41 1606
41 1608
41 356865
42 99
42 131
42 132
42 133
42 195
42 237
42 9027
43 51
43 195
43 1368
43 1370
43 356866
44 3
44 20
44 195
44 2320
44 16794
44 356867
45 76
45 413
45 414
45 416
45 356868
46 10
46 828
46 831
46 1539
46 356869
47 3
47 5
47 20
47 6890
47 6892
47 356870
48 10
48 109
48 110
48 112
48 356871
49 90
49 121
49 122
49 77135
49 77895
49 77896
49 356872
50 230
50 231
50 232
50 234
50 356873
51 9
51 10
51 11
51 13
51 163
52 99
52 131
52 132
52 133
52 195
52 236
52 237
53 3
53 4
53 195
53 10683
53 62014
53 356874
54 4
54 195
54 202
54 6269
54 8995
54 356875
55 9
55 10
55 11
55 13
55 356876
56 3
56 5
56 20
56 4038
56 15485
56 356877
57 5
57 20
57 90
57 122
57 708
57 713
57 5290
57 22015
57 356878
58 10
58 1605
58 1606
58 1608
58 356879
59 99
59 131
59 132
59 133
59 195
59 237
59 356880
60 51
60 195
60 1368
60 1370
60 356881
61 3
61 20
61 195
61 2320
61 16794
61 356882
62 76
62 433
62 434
62 436
62 356883
63 71
63 76
63 190
63 191
63 356884
seqId 164
1 76
1 592
1 593
1 595
1 39920
2 10
2 27969
2 47790
2 47792
2 356885
3 98
3 99
3 100
3 195
3 2073
3 356886
4 51
4 52
4 10375
4 10377
4 356887
5 4
5 195
5 202
5 9960
5 28670
5 356888
6 3
6 4
6 195
6 729
6 731
6 356889
7 76
7 342
7 343
7 345
7 356890
8 5
8 27
8 99
8 131
8 132
8 133
8 135
8 356891
9 3
9 4
9 5
9 642
9 23331
9 356892
10 27
10 82
10 84
10 114
10 115
10 116
10 118
10 356893
11 5
11 84
11 91
11 93
11 121
11 703
11 707
11 956
11 356894
12 4
12 5
12 90
12 122
12 708
12 24220
12 65487
12 356895
13 9
13 10
13 24
13 26
13 27
13 356896
14 5
14 20
14 99
14 133
14 175
14 176
14 1316
14 219695
15 3
15 5
15 20
15 2894
15 2896
15 356897
16 5
16 20
16 202
16 24227
16 24229
16 356898
17 76
17 342
17 343
17 345
17 356899
18 9
18 10
18 24
18 26
18 27
18 356900
19 5
19 20
19 99
19 133
19 175
19 176
19 1316
19 356901
20 3
20 5
20 20
20 11030
20 52023
20 356902
21 9
21 10
21 11
21 13
21 356903
22 3
22 5
22 20
22 4434
22 4436
22 356904
23 5
23 20
23 90
23 122
23 708
23 713
23 24434
23 56231
23 219705
24 243
24 244
24 245
24 247
24 356905
25 82
25 84
25 114
25 115
25 116
25 1361
25 356906
26 90
26 121
26 122
26 8855
26 8857
26 356907
27 660
27 12538
27 12539
27 12541
27 356908
28 76
28 413
28 414
28 416
28 356909
29 717
29 718
29 719
29 721
29 356910
30 10
30 146
30 149
30 722
30 1539
31 5
31 20
31 99
31 131
31 132
31 133
31 165
31 166
32 660
32 18003
32 18004
32 18006
32 356911
33 51
33 52
33 1368
33 1370
33 356912
34 3
34 4
34 195
34 3725
34 3727
34 356913
35 5
35 27
35 99
35 131
35 132
35 133
35 135
35 356914
36 3
36 5
36 20
36 6913
36 20565
36 356915
37 76
37 433
37 434
37 436
37 356916
38 76
38 342
38 343
38 345
38 356917
39 9
39 10
39 11
39 13
39 356918
40 3
40 20
40 195
40 7808
40 7810
40 356919
41 230
41 231
41 232
41 234
41 356920
42 9
42 10
42 11
42 13
42 163
43 99
43 131
43 132
43 133
43 195
43 236
43 237
44 3
44 20
44 71
44 71
44 195
44 340
44 792
44 1104
44 1808
44 1809
44 56365
44 356921
45 3
45 20
45 71
45 71
45 195
45 340
45 1104
45 56231
45 238811
45 356922
46 90
46 121
46 122
46 14803
46 14805
46 356923
47 717
47 718
47 719
47 721
47 329212
48 10
48 146
48 147
48 149
48 722
49 5
49 20
49 99
49 131
49 132
49 133
49 165
49 166
50 3
50 5
50 20
50 11030
50 52023
50 356924
51 71
51 76
51 190
51 191
51 39969
seqId 165
1 5
1 84
1 91
1 93
1 121
1 702
1 703
1 1026
1 356925
2 660
2 1622
2 1623
2 1625
2 356926
3 5
3 20
3 122
3 703
3 707
3 708
3 710
3 356927
4 5
4 20
4 90
4 122
4 708
4 713
4 43218
4 43220
4 43609
4 356929
5 5
5 20
5 99
5 131
5 132
5 133
5 166
5 356930
6 3
6 5
6 20
6 11067
6 11069
6 134177
7 9
7 10
7 11
7 13
7 356931
8 4
8 5
8 99
8 131
8 132
8 133
8 152
8 356932
9 3
9 4
9 5
9 8293
9 8295
9 356933
10 9
10 10
10 11
10 13
10 219737
11 51
11 195
11 1501
11 1503
11 356934
12 3
12 4
12 195
12 40830
12 40833
12 356935
13 4
13 195
13 202
13 11147
13 12947
13 356936
14 90
14 121
14 122
14 11204
14 14950
14 356937
15 5
15 27
15 99
15 131
15 132
15 133
15 135
15 356938
16 3
16 5
16 20
16 3394
16 3396
16 356939
17 9
17 10
17 11
17 13
17 356940
18 5
18 27
18 99
18 131
18 132
18 133
18 135
18 356941
19 3
19 4
19 5
19 642
19 23331
19 356942
20 76
20 342
20 343
20 345
20 356943
21 660
21 976
21 979
21 1458
21 356944
22 944
22 945
22 946
22 948
22 305545
23 9
23 10
23 24
23 26
23 27
23 356945
24 4
24 5
24 99
24 133
24 175
24 176
24 178
24 356946
25 3
25 4
25 5
25 6862
25 6864
25 356947
26 4
26 5
26 202
26 4904
26 4906
26 356948
27 717
27 718
27 719
27 721
27 356949
28 10
28 146
28 149
28 722
28 1539
29 5
29 20
29 99
29 131
29 132
29 133
29 165
29 166
30 660
30 18003
30 18004
30 18006
30 356950
31 10
31 283
31 284
31 286
31 356951
32 5
32 27
32 99
32 131
32 132
32 133
32 135
32 356952
33 3
33 4
33 5
33 729
33 4454
33 356953
34 71
34 76
34 190
34 191
34 356954
seqId 166
1 5
1 84
1 91
1 93
1 121
1 702
1 703
1 1026
1 356955
2 660
2 5049
2 5050
2 5052
2 356956
3 5
3 20
3 122
3 703
3 707
3 708
3 710
3 356957
4 5
4 20
4 90
4 122
4 708
4 713
4 141851
4 141853
4 356958
5 76
5 342
5 343
5 345
5 356959
6 10
6 7340
6 9033
6 9035
6 356960
7 4
7 5
7 98
7 99
7 100
7 1927
7 356961
8 3
8 4
8 5
8 729
8 4454
8 356962
9 76
9 342
9 343
9 345
9 125314
10 5
10 20
10 99
10 131
10 132
10 133
10 166
10 356963
11 3
11 5
11 20
11 11067
11 11069
11 356964
12 9
12 10
12 24
12 26
12 27
12 356965
13 5
13 20
13 99
13 133
13 175
13 176
13 1316
13 356966
14 3
14 5
14 20
14 25868
14 102486
14 356967
15 10
15 109
15 110
15 112
15 134216
16 3
16 5
16 20
16 11030
16 52023
16 356968
17 660
17 1796
17 1797
17 1799
17 356969
18 158
18 159
18 160
18 162
18 9171
19 9
19 10
19 11
19 13
19 163
20 5
20 20
20 99
20 131
20 132
20 133
20 165
20 166
21 3
21 5
21 20
21 47573
21 47575
21 356970
22 944
22 945
22 946
22 948
22 356971
23 99
23 133
23 175
23 176
23 195
23 234
23 356972
24 3
24 4
24 195
24 3974
24 3976
24 356973
25 90
25 121
25 122
25 792
25 48608
25 89501
25 143262
25 356974
26 10
26 146
26 147
26 149
26 356975
27 4
27 5
27 99
27 115
27 773
27 774
27 775
27 776
27 3330
27 125327
28 3
28 4
28 5
28 32381
28 32383
28 356976
29 660
29 976
29 979
29 1458
29 356977
30 944
30 945
30 946
30 948
30 356978
31 4
31 5
31 99
31 131
31 132
31 133
31 152
31 356979
32 3
32 4
32 5
32 4851
32 4853
32 40023
33 10
33 109
33 110
33 112
33 40024
34 3
34 4
34 5
34 4406
34 24330
34 356980
35 9
35 10
35 11
35 13
35 356981
36 4
36 5
36 98
36 99
36 100
36 1927
36 356982
37 3
37 4
37 5
37 32381
37 32383
37 356983
38 76
38 413
38 414
38 416
38 356984
39 5
39 20
39 99
39 131
39 132
39 133
39 166
39 356985
40 3
40 5
40 20
40 11030
40 52023
40 356986
41 5
41 84
41 90
41 91
41 93
41 121
41 1495
41 28166
41 356987
42 5
42 20
42 202
42 52324
42 331522
42 356988
43 76
43 342
43 343
43 345
43 356989
44 4
44 5
44 99
44 131
44 132
44 133
44 152
44 356990
45 3
45 4
45 5
45 813
45 815
45 356991
46 5
46 84
46 90
46 91
46 93
46 121
46 25485
46 89666
46 356992
47 99
47 131
47 132
47 133
47 195
47 237
47 356993
48 3
48 4
48 195
48 19020
48 19022
48 356994
49 76
49 433
49 434
49 436
49 356995
50 71
50 76
50 190
50 191
50 356996
seqId 167
1 660
1 976
1 7272
1 7274
1 356997
2 5
2 27
2 99
2 131
2 132
2 133
2 135
2 356998
3 3
3 4
3 5
3 642
3 23331
3 356999
4 76
4 342
4 343
4 345
4 357000
5 660
5 1377
5 6485
5 6487
5 357001
6 10
6 109
6 110
6 112
6 357002
7 90
7 121
7 122
7 17921
7 343667
7 357003
8 4
8 5
8 99
8 115
8 773
8 774
8 775
8 776
8 3330
8 357004
9 3
9 4
9 5
9 171638
9 171640
9 357005
10 76
10 342
10 343
10 345
10 357006
11 5
11 84
11 91
11 93
11 121
11 702
11 703
11 705
11 357007
12 5
12 20
12 90
12 122
12 708
12 769
12 12336
12 76933
12 357008
13 82
13 84
13 114
13 115
13 116
13 1361
13 357009
14 90
14 443
14 1345
14 9933
14 357010
15 10
15 109
15 110
15 112
15 357011
16 3
16 4
16 5
16 36062
16 36064
16 357012
17 10
17 1387
17 1388
17 1390
17 357013
18 99
18 131
18 132
18 133
18 195
18 237
18 357014
19 3
19 4
19 195
19 24833
19 26709
19 357015
20 4
20 195
20 202
20 340
20 78900
20 78902
20 357016
21 9
21 10
21 11
21 13
21 62196
22 5
22 27
22 99
22 131
22 132
22 133
22 135
22 357017
23 3
23 4
23 5
23 347
23 7681
23 357018
24 76
24 342
24 343
24 345
24 357019
25 243
25 244
25 245
25 247
25 357020
26 76
26 342
26 343
26 345
26 305641
27 660
27 1566
27 1567
27 1569
27 357021
28 76
28 342
28 343
28 345
28 97409
29 10
29 1387
29 1388
29 1390
29 357022
30 99
30 133
30 175
30 176
30 195
30 234
30 357023
31 3
31 4
31 195
31 24833
31 26709
31 357024
32 4
32 195
32 202
32 340
32 11381
32 11383
32 357026
33 244
33 1249
33 1250
33 1252
33 357027
34 4
34 195
34 202
34 340
34 3753
34 3755
34 357028
35 9
35 10
35 24
35 26
35 27
35 357029
36 3
36 4
36 5
36 512
36 11667
36 58712
36 58714
36 357030
37 9
37 10
37 11
37 13
37 173633
38 99
38 115
38 195
38 773
38 774
38 775
38 776
38 3400
38 357031
39 3
39 4
39 195
39 1998
39 6305
39 357032
40 243
40 244
40 245
40 247
40 52488
41 9
41 10
41 11
41 13
41 52489
42 3
42 4
42 5
42 13797
42 13799
42 357033
43 9
43 10
43 11
43 13
43 329327
44 99
44 115
44 195
44 773
44 774
44 775
44 776
44 3400
44 357034
45 3
45 20
45 195
45 2034
45 3403
45 357035
46 10
46 378
46 379
46 381
46 357036
47 944
47 945
47 946
47 948
47 219844
48 99
48 133
48 175
48 176
48 195
48 234
48 357037
49 3
49 4
49 195
49 99674
49 99676
49 357038
50 9
50 10
50 24
50 26
50 27
50 357039
51 3
51 4
51 5
51 26859
51 26861
51 357040
52 9
52 10
52 24
52 26
52 27
52 357041
53 3
53 4
53 5
53 357043
53 357044
53 357045
54 243
54 244
54 245
54 247
54 357046
55 9
55 10
55 24
55 26
55 27
55 357047
56 3
56 4
56 5
56 38362
56 339259
56 357048
57 84
57 93
57 121
57 195
57 703
57 707
57 4415
57 25065
57 52517
58 4
58 90
58 122
58 195
58 708
58 713
58 2990
58 21815
58 357049
59 479
59 660
59 90300
59 357051
59 357052
59 357053
60 76
60 342
60 343
60 345
60 357054
61 10
61 72
61 831
61 5080
61 142971
61 357056
61 357057
62 4
62 5
62 99
62 131
62 132
62 133
62 152
62 357058
63 3
63 4
63 5
63 4737
63 4963
63 113112
63 357059
64 4
64 5
64 202
64 5358
64 66204
64 66206
64 357060
65 82
65 758
65 759
65 761
65 357061
66 5
66 84
66 91
66 93
66 121
66 702
66 703
66 705
66 357062
67 660
67 2586
67 2587
67 2589
67 357063
68 5
68 20
68 90
68 122
68 708
68 769
68 10385
68 46245
68 357064
69 99
69 131
69 132
69 133
69 195
69 237
69 357065
70 3
70 20
70 195
70 2723
70 3278
70 357066
71 20
71 90
71 122
71 195
71 340
71 708
71 713
71 5138
71 5140
71 357067
72 10
72 1605
72 1606
72 1608
72 357068
73 99
73 131
73 132
73 133
73 195
73 237
73 357069
74 20
74 82
74 84
74 85
74 175
74 195
74 340
74 1316
74 219873
75 243
75 244
75 245
75 247
75 357070
76 99
76 131
76 132
76 133
76 195
76 237
76 191300
77 82
77 84
77 85
77 195
77 2294
77 3837
77 357071
78 71
78 76
78 190
78 191
78 357072
seqId 168
1 76
1 592
1 593
1 595
1 329372
2 5
2 20
2 99
2 131
2 132
2 133
2 967
2 357073
3 3
3 5
3 20
3 9758
3 9760
3 357074
4 3
4 5
4 20
4 27573
4 27575
4 357075
5 9
5 10
5 11
5 13
5 357076
6 5
6 27
6 99
6 131
6 132
6 133
6 135
6 357077
7 3
7 4
7 5
7 642
7 23331
7 357078
8 76
8 342
8 343
8 345
8 357079
9 20
9 90
9 122
9 708
9 713
9 1345
9 1347
9 219880
10 10
10 109
10 110
10 112
10 357080
11 3
11 4
11 5
11 4420
11 4422
11 357081
12 660
12 2136
12 2137
12 2139
12 357082
13 9
13 10
13 11
13 13
13 357083
14 4
14 5
14 99
14 131
14 132
14 133
14 152
14 357084
15 3
15 4
15 5
15 1913
15 1915
15 329383
16 9
16 10
16 11
16 13
16 357085
17 3
17 4
17 5
17 1931
17 1933
17 357086
18 76
18 342
18 343
18 345
18 40143
19 5
19 84
19 90
19 91
19 93
19 121
19 2333
19 2335
19 357087
20 76
20 342
20 343
20 345
20 357088
21 10
21 4185
21 4186
21 4188
21 357089
22 4
22 5
22 99
22 131
22 132
22 133
22 152
22 357090
23 3
23 4
23 5
23 14174
23 27570
23 357091
24 4
24 5
24 202
24 8082
24 12624
24 357092
25 76
25 342
25 343
25 345
25 357093
26 9
26 10
26 24
26 26
26 27
26 357094
27 90
27 443
27 824
27 9665
27 357095
28 4
28 5
28 99
28 133
28 175
28 176
28 178
28 357096
29 4
29 5
29 202
29 6836
29 10499
29 357097
30 3
30 4
30 5
30 4851
30 4853
30 357098
31 10
31 109
31 110
31 112
31 357099
32 3
32 5
32 20
32 2723
32 2725
32 357100
33 230
33 231
33 232
33 234
33 357101
34 9
34 10
34 11
34 13
34 163
35 99
35 131
35 132
35 133
35 195
35 236
35 237
36 3
36 20
36 195
36 2034
36 3403
36 305746
37 9
37 10
37 11
37 13
37 305747
38 5
38 27
38 99
38 131
38 132
38 133
38 135
38 357102
39 3
39 4
39 5
39 642
39 23331
39 357103
40 10
40 1605
40 1606
40 1608
40 357104
41 20
41 82
41 84
41 115
41 195
41 1262
41 1824
41 11772
41 357105
42 75
42 76
42 77
42 79
42 97508
43 72
43 660
43 721
43 5077
43 5078
43 5080
43 357106
44 9
44 10
44 11
44 13
44 52598
45 4
45 5
45 99
45 131
45 132
45 133
45 152
45 357107
46 3
46 4
46 5
46 13389
46 13391
46 357108
47 230
47 231
47 232
47 234
47 357109
48 9
48 10
48 11
48 13
48 163
49 99
49 131
49 132
49 133
49 195
49 236
49 237
50 4
50 195
50 202
50 2075
50 2771
50 357110
51 3
51 4
51 195
51 897
51 3520
51 357111
52 4
52 195
52 202
52 302
52 1655
52 357112
53 76
53 342
53 343
53 345
53 357113
54 243
54 244
54 245
54 247
54 357114
55 99
55 133
55 175
55 176
55 195
55 234
55 357115
56 3
56 4
56 195
56 11431
56 11433
56 357116
57 4
57 195
57 202
57 6690
57 9241
57 357117
58 76
58 342
58 343
58 345
58 305769
59 5
59 20
59 82
59 83
59 84
59 115
59 763
59 1002
59 357118
60 5
60 84
60 90
60 91
60 93
60 121
60 11458
60 66206
60 357119
61 10
61 126
61 127
61 129
61 357120
62 99
62 131
62 132
62 133
62 195
62 237
62 173736
63 3
63 4
63 195
63 8684
63 11723
63 11725
63 27550
63 357121
64 9
64 10
64 11
64 13
64 357122
65 3
65 4
65 195
65 340
65 10248
65 10250
65 357123
66 243
66 244
66 245
66 247
66 357124
67 67
67 5933
67 32572
67 32573
67 32575
67 357125
68 76
68 342
68 343
68 345
68 357126
69 10
69 126
69 127
69 129
69 52625
70 99
70 131
70 132
70 133
70 195
70 237
70 357127
71 4
71 195
71 202
71 2075
71 2771
71 357128
72 3
72 4
72 195
72 8842
72 8844
72 357129
73 71
73 76
73 190
73 191
73 357130
seqId 169
1 3
1 4
1 5
1 1336
1 4737
1 26335
1 357131
seqId 170
1 4
1 5
1 99
1 131
1 132
1 133
1 811
1 191372
2 3
2 4
2 5
2 13797
2 13799
2 357132
3 230
3 231
3 232
3 234
3 357133
4 9
4 10
4 11
4 13
4 163
5 99
5 131
5 132
5 133
5 195
5 236
5 237
6 3
6 4
6 195
6 14397
6 14399
6 357134
7 10
7 146
7 147
7 149
7 357135
8 5
8 27
8 99
8 131
8 132
8 133
8 135
8 357136
9 5
9 67
9 5494
9 90166
9 140812
9 357137
10 5
10 84
10 91
10 93
10 121
10 702
10 703
10 705
10 357138
11 5
11 20
11 122
11 703
11 707
11 708
11 710
11 357139
12 4
12 5
12 90
12 122
12 708
12 713
12 1104
12 77227
12 77229
12 357141
13 76
13 413
13 414
13 416
13 125513
14 660
14 6695
14 6696
14 6698
14 357142
15 10
15 109
15 110
15 112
15 357143
16 3
16 5
16 20
16 6956
16 6958
16 357144
17 509
17 1026
17 5178
17 62219
17 357145
18 76
18 433
18 434
18 436
18 357146
19 10
19 828
19 829
19 831
19 62368
20 5
20 20
20 99
20 131
20 132
20 133
20 166
20 357147
21 3
21 5
21 20
21 1942
21 1944
21 357148
22 10
22 109
22 110
22 112
22 357149
23 3
23 4
23 5
23 2019
23 2021
23 357150
24 9
24 10
24 11
24 13
24 348662
25 67
25 17618
25 17619
25 17621
25 357151
26 67
26 46409
26 48761
26 352377
26 352378
26 357152
27 76
27 342
27 343
27 345
27 134417
28 243
28 244
28 245
28 247
28 40226
29 10
29 828
29 829
29 831
29 357153
30 4
30 5
30 99
30 131
30 132
30 133
30 152
30 173780
31 3
31 4
31 5
31 1957
31 1959
31 357154
32 9
32 10
32 11
32 13
32 52658
33 67
33 251195
33 251196
33 251198
33 357155
34 67
34 72
34 14296
34 47596
34 299385
34 352324
34 352325
34 352327
34 357156
35 76
35 413
35 414
35 416
35 357157
36 4
36 5
36 90
36 122
36 708
36 713
36 24434
36 26462
36 357158
37 67
37 71
37 71
37 675
37 4796
37 352313
37 352314
37 357159
38 10
38 146
38 147
38 149
38 357160
39 67
39 601
39 603
39 1197
39 357161
40 51
40 195
40 2686
40 15391
40 97574
41 76
41 433
41 434
41 436
41 357162
42 71
42 76
42 190
42 191
42 357163
seqId 171
1 4
1 5
1 98
1 99
1 100
1 4105
1 357164
2 3
2 4
2 5
2 2567
2 2569
2 357165
3 5
3 84
3 91
3 93
3 121
3 702
3 703
3 705
3 357166
4 5
4 20
4 90
4 122
4 708
4 769
4 4845
4 4847
4 357167
5 10
5 146
5 147
5 149
5 357168
6 5
6 20
6 99
6 133
6 175
6 176
6 1316
6 357169
7 3
7 5
7 20
7 6956
7 6958
7 357170
8 509
8 1026
8 5178
8 62219
8 357171
9 660
9 4238
9 4239
9 4241
9 357172
10 5
10 20
10 202
10 171733
10 255441
10 357174
11 10
11 126
11 127
11 129
11 357175
12 99
12 131
12 132
12 133
12 195
12 237
12 357176
13 3
13 4
13 195
13 729
13 731
13 357177
14 51
14 195
14 5344
14 33757
14 294683
14 357178
15 76
15 342
15 343
15 345
15 357179
16 10
16 171
16 1113
16 1116
16 1662
16 357180
17 10
17 146
17 147
17 149
17 62414
18 5
18 27
18 99
18 131
18 132
18 133
18 135
18 357181
19 3
19 4
19 5
19 24715
19 24717
19 357182
20 10
20 109
20 110
20 112
20 357183
21 3
21 5
21 20
21 4604
21 4606
21 357184
22 51
22 195
22 1879
22 1881
22 357185
23 9
23 10
23 24
23 26
23 27
23 357186
24 67
24 72
24 452
24 8740
24 31952
24 352256
24 352257
24 357187
25 67
25 8683
25 250883
25 262356
25 262357
25 357188
26 76
26 342
26 343
26 345
26 9570
27 82
27 758
27 759
27 761
27 357189
28 5
28 84
28 90
28 91
28 92
28 93
28 2257
28 84275
28 357190
29 5
29 27
29 99
29 131
29 132
29 133
29 135
29 357191
30 3
30 4
30 5
30 642
30 23331
30 348698
31 10
31 146
31 149
31 1539
31 348699
32 90
32 443
32 1334
32 8849
32 357192
33 9
33 10
33 11
33 13
33 9587
34 3
34 5
34 20
34 2202
34 2204
34 357193
35 51
35 195
35 1879
35 1881
35 357194
36 71
36 76
36 190
36 191
36 357195
seqId 172
1 5
1 27
1 99
1 131
1 132
1 133
1 699
1 357196
2 5
2 67
2 5494
2 90166
2 140812
2 357197
3 5
3 84
3 91
3 93
3 121
3 703
3 707
3 956
3 9594
4 660
4 1897
4 1898
4 1900
4 357198
5 660
5 2509
5 2510
5 2512
5 357199
6 660
6 60479
6 60480
6 60482
6 357200
7 9
7 10
7 11
7 13
7 357201
8 4
8 5
8 99
8 131
8 132
8 133
8 152
8 9600
9 3
9 4
9 5
9 831
9 4737
9 26335
9 357202
10 243
10 244
10 245
10 247
10 357203
11 99
11 131
11 132
11 133
11 195
11 237
11 357204
12 3
12 20
12 195
12 340
12 2094
12 2096
12 357205
13 230
13 231
13 232
13 234
13 357206
14 9
14 10
14 11
14 13
14 163
15 99
15 131
15 132
15 133
15 195
15 236
15 237
16 4
16 195
16 202
16 566
16 28454
16 357207
17 3
17 4
17 195
17 729
17 731
17 357208
18 84
18 90
18 91
18 92
18 93
18 195
18 3360
18 21993
18 305882
19 90
19 443
19 2333
19 3366
19 357209
20 4
20 5
20 99
20 133
20 175
20 176
20 178
20 357210
21 4
21 5
21 202
21 6836
21 10499
21 357211
22 3
22 4
22 5
22 13797
22 13799
22 357212
23 230
23 231
23 232
23 234
23 9631
24 9
24 10
24 11
24 13
24 163
25 99
25 131
25 132
25 133
25 195
25 236
25 237
26 3
26 4
26 195
26 14397
26 14399
26 357213
27 10
27 283
27 284
27 286
27 357214
28 5
28 27
28 99
28 131
28 132
28 133
28 135
28 357215
29 3
29 4
29 5
29 642
29 23331
29 357216
30 76
30 342
30 343
30 345
30 357217
31 10
31 109
31 112
31 1539
31 357218
32 3
32 5
32 20
32 1601
32 1603
32 357219
33 717
33 718
33 719
33 721
33 357220
34 10
34 146
34 147
34 149
34 722
35 5
35 20
35 99
35 131
35 132
35 133
35 165
35 166
36 3
36 5
36 20
36 6956
36 6958
36 357221
37 9
37 10
37 11
37 13
37 357222
38 3
38 4
38 5
38 1104
38 2182
38 12435
38 357223
39 71
39 76
39 190
39 191
39 357224
seqId 173
1 3
1 4
1 5
1 4737
1 26574
1 26576
1 357225
2 5
2 202
2 302
2 304
2 40343
3 1458
3 2717
3 4052
3 4054
3 357226
4 659
4 660
4 661
4 2274
4 357227
5 5
5 20
5 202
5 43863
5 53223
5 357228
seqId 174
1 3
1 4
1 5
1 8694
1 26853
1 357229
2 243
2 244
2 245
2 247
2 357230
3 3
3 4
3 5
3 4002
3 4004
3 357231
4 1458
4 2717
4 4052
4 4054
4 191489
5 659
5 660
5 661
5 2274
5 357232
6 5
6 20
6 202
6 43863
6 53223
6 357233
seqId 175
1 51
1 52
1 4934
1 4936
1 357234
2 76
2 592
2 593
2 595
2 357235
3 3
3 4
3 5
3 3268
3 5994
3 357236
4 67
4 24198
4 27254
4 27255
4 27257
4 357237
seqId 176
1 99
1 131
1 132
1 133
1 195
1 1220
1 357238
2 3
2 20
2 195
2 3118
2 10103
2 357239
3 20
3 195
3 202
3 3303
3 10106
3 357240
4 75
4 76
4 77
4 79
4 357241
seqId 177
1 76
1 592
1 593
1 595
1 357242
2 5
2 20
2 99
2 131
2 132
2 133
2 967
2 357243
3 3
3 5
3 20
3 27825
3 77233
3 357244
4 9
4 10
4 11
4 13
4 357245
5 3
5 4
5 5
5 4228
5 13593
5 357246
6 5
6 202
6 302
6 304
6 357247
7 4
7 5
7 202
7 6690
7 30986
7 357248
8 5
8 84
8 90
8 91
8 93
8 121
8 1495
8 28166
8 357249
9 5
9 20
9 202
9 2542
9 2544
9 62521
10 243
10 244
10 245
10 247
10 62522
11 5
11 202
11 129783
11 129785
11 357250
12 10
12 146
12 147
12 149
12 357251
13 5
13 20
13 82
13 84
13 100
13 4680
13 7814
13 357252
14 9
14 10
14 11
14 13
14 357253
15 4
15 5
15 99
15 131
15 132
15 133
15 152
15 52893
16 3
16 4
16 5
16 1913
16 1915
16 357254
17 4
17 5
17 202
17 2244
17 3490
17 357255
18 71
18 76
18 190
18 191
18 357256
seqId 178
1 76
1 592
1 593
1 595
1 357257
2 5
2 20
2 99
2 131
2 132
2 133
2 967
2 357258
3 3
3 5
3 20
3 9146
3 9148
3 357259
4 5
4 20
4 202
4 6690
4 6692
4 357260
5 660
5 1622
5 1623
5 1625
5 357261
6 75
6 76
6 77
6 79
6 357262
7 3
7 4
7 5
7 9853
7 9855
7 357263
8 9
8 10
8 11
8 13
8 329608
9 3
9 20
9 195
9 2034
9 3403
9 357264
10 9
10 10
10 11
10 13
10 40397
11 5
11 27
11 99
11 131
11 132
11 133
11 135
11 357265
12 5
12 67
12 1104
12 75755
12 351807
12 351810
12 357266
13 10
13 283
13 284
13 286
13 357267
14 99
14 131
14 132
14 133
14 195
14 237
14 357268
15 3
15 20
15 195
15 10295
15 10297
15 357269
16 9
16 10
16 11
16 13
16 357270
17 660
17 7237
17 10032
17 10034
17 357271
18 4
18 195
18 202
18 1888
18 3548
18 357272
19 3
19 4
19 195
19 9329
19 9331
19 357273
20 4
20 195
20 202
20 302
20 1655
20 357274
21 9
21 10
21 11
21 13
21 9754
22 3
22 4
22 5
22 6713
22 6715
22 357275
23 660
23 1539
23 1622
23 1625
23 357276
24 660
24 3768
24 3769
24 3771
24 357277
25 4
25 195
25 202
25 3001
25 5088
25 357278
26 27
26 944
26 945
26 1463
26 3308
26 357279
27 4
27 195
27 202
27 2923
27 13478
27 357280
28 76
28 342
28 343
28 345
28 357281
29 3
29 4
29 195
29 340
29 81592
29 81594
29 357282
30 10
30 146
30 147
30 149
30 357283
31 99
31 133
31 175
31 176
31 195
31 234
31 357284
32 3
32 20
32 195
32 10672
32 17040
32 357285
33 20
33 195
33 202
33 302
33 1655
33 357286
34 20
34 195
34 202
34 1403
34 53011
34 357287
35 244
35 418
35 419
35 421
35 357288
36 20
36 195
36 202
36 3001
36 7424
36 357289
37 76
37 413
37 414
37 416
37 357290
38 67
38 5929
38 5930
38 5932
38 5933
38 357291
39 76
39 433
39 434
39 436
39 357292
40 76
40 342
40 343
40 345
40 357293
41 4
41 195
41 202
41 1888
41 3548
41 357294
42 3
42 4
42 195
42 340
42 813
42 815
42 357295
43 9
43 10
43 11
43 13
43 357296
44 3
44 4
44 195
44 19388
44 19390
44 357297
45 2822
45 2823
45 2824
45 2826
45 357298
46 10
46 146
46 147
46 149
46 722
47 99
47 131
47 132
47 133
47 195
47 236
47 237
48 3
48 4
48 195
48 340
48 48300
48 48302
48 357299
49 4
49 195
49 202
49 340
49 6881
49 48305
49 357300
50 9
50 10
50 11
50 13
50 357301
51 67
51 601
51 603
51 1197
51 357302
52 67
52 605
52 607
52 1199
52 357303
53 244
53 1249
53 1250
53 1252
53 357304
54 660
54 1622
54 1623
54 1625
54 357305
55 10
55 61206
55 61207
55 61209
55 357306
56 99
56 133
56 175
56 176
56 195
56 234
56 357307
57 3
57 20
57 195
57 80230
57 102860
57 357308
58 76
58 137
58 138
58 140
58 357309
59 20
59 195
59 202
59 693
59 39275
59 357310
60 76
60 185
60 186
60 188
60 348832
61 9
61 10
61 11
61 13
61 357311
62 3
62 4
62 5
62 59102
62 59104
62 357312
63 4
63 5
63 202
63 6881
63 10515
63 357313
64 76
64 413
64 414
64 416
64 357314
65 67
65 4796
65 75982
65 186591
65 186592
65 357315
66 76
66 342
66 343
66 345
66 357316
67 67
67 1728
67 16325
67 357318
67 357319
67 357320
68 76
68 342
68 343
68 345
68 357321
69 99
69 131
69 132
69 133
69 195
69 1220
69 357322
70 4
70 195
70 202
70 340
70 110076
70 156446
70 357324
71 3
71 4
71 195
71 14834
71 134784
71 357325
72 76
72 342
72 343
72 345
72 357326
73 76
73 25774
73 25775
73 25777
73 357327
74 76
74 433
74 434
74 436
74 191629
75 76
75 342
75 343
75 345
75 357328
76 3
76 4
76 195
76 340
76 26519
76 26521
76 357329
77 4
77 195
77 202
77 340
77 9212
77 9214
77 348841
78 660
78 7237
78 10032
78 10034
78 357330
79 4
79 195
79 202
79 1888
79 3548
79 357331
80 10
80 126
80 127
80 129
80 357332
81 5
81 20
81 99
81 133
81 175
81 176
81 1316
81 9856
82 3
82 5
82 20
82 15008
82 15010
82 357333
83 5
83 20
83 202
83 2923
83 2925
83 357334
84 76
84 342
84 343
84 345
84 357335
85 244
85 1249
85 1250
85 1252
85 357336
86 660
86 1622
86 1623
86 1625
86 357337
87 10
87 1010
87 1011
87 1013
87 357338
88 3
88 20
88 195
88 1980
88 1982
88 357339
89 20
89 90
89 122
89 195
89 708
89 713
89 3581
89 11758
89 357340
90 71
90 76
90 190
90 191
90 357341
seqId 179
1 76
1 413
1 414
1 416
1 357342
2 5
2 20
2 81
2 82
2 83
2 84
2 85
2 2423
2 357343
3 82
3 84
3 114
3 115
3 116
3 1361
3 357344
4 5
4 84
4 90
4 91
4 92
4 93
4 96
4 93308
4 125533
4 357346
5 10
5 146
5 147
5 149
5 40485
6 5
6 27
6 99
6 131
6 132
6 133
6 135
6 357347
7 3
7 4
7 5
7 1701
7 1703
7 357348
8 51
8 195
8 1427
8 1962
8 357349
9 76
9 342
9 343
9 345
9 191661
10 10
10 378
10 379
10 381
10 357350
11 5
11 20
11 99
11 131
11 132
11 133
11 166
11 357351
12 3
12 5
12 20
12 34497
12 57859
12 357352
13 230
13 231
13 232
13 234
13 357353
14 9
14 10
14 11
14 13
14 163
15 99
15 131
15 132
15 133
15 195
15 236
15 237
16 3
16 20
16 195
16 10672
16 17040
16 357354
17 9
17 10
17 11
17 13
17 357355
18 3
18 4
18 5
18 15
18 17
18 357356
19 20
19 195
19 202
19 3001
19 7424
19 357357
20 243
20 244
20 245
20 247
20 62705
21 20
21 195
21 202
21 2923
21 14156
21 357358
22 76
22 342
22 343
22 345
22 357359
23 99
23 131
23 132
23 133
23 195
23 237
23 357360
24 3
24 20
24 195
24 10295
24 10297
24 357361
25 9
25 10
25 11
25 13
25 348883
26 3
26 4
26 5
26 154
26 156
26 357362
27 243
27 244
27 245
27 247
27 97834
28 99
28 131
28 132
28 133
28 195
28 237
28 357363
29 3
29 4
29 195
29 340
29 813
29 815
29 357364
30 9
30 10
30 11
30 13
30 357365
31 3
31 4
31 195
31 19388
31 19390
31 357366
32 71
32 76
32 190
32 191
32 357367
33 76
33 433
33 434
33 436
33 357368
34 71
34 76
34 190
34 191
34 174027
seqId 180
1 5
1 20
1 81
1 82
1 83
1 84
1 85
1 2423
1 357369
2 5
2 84
2 90
2 91
2 92
2 93
2 1648
2 167770
2 357371
2 357372
3 660
3 8913
3 8915
3 56657
3 357373
4 660
4 30602
4 30603
4 30605
4 357374
5 944
5 945
5 946
5 948
5 357375
6 42
6 67
6 71
6 9541
6 9542
6 357376
7 67
7 138439
7 138440
7 138442
7 357377
8 76
8 342
8 343
8 345
8 357378
9 64
9 67
9 71
9 53047
9 53048
9 357379
10 67
10 49510
10 206664
10 206665
10 206667
10 357380
11 76
11 342
11 343
11 345
11 357381
12 67
12 71
12 29005
12 29006
12 29008
12 357382
13 67
13 38604
13 93561
13 354210
13 354211
13 357383
14 76
14 342
14 343
14 345
14 357384
15 67
15 71
15 16138
15 95651
15 95652
15 357385
16 67
16 146404
16 175496
16 354005
16 354006
16 357386
17 76
17 342
17 343
17 345
17 191704
18 84
18 91
18 93
18 121
18 195
18 702
18 703
18 1062
18 357387
19 5
19 20
19 122
19 703
19 707
19 708
19 710
19 357388
20 244
20 418
20 419
20 421
20 348904
21 84
21 91
21 93
21 121
21 195
21 703
21 707
21 1858
21 357389
22 660
22 2586
22 2587
22 2589
22 357390
23 3
23 20
23 195
23 2034
23 3403
23 357391
24 9
24 10
24 11
24 13
24 357392
25 5
25 27
25 99
25 131
25 132
25 133
25 135
25 357393
26 3
26 5
26 20
26 5498
26 5500
26 357394
27 5
27 20
27 202
27 6881
27 48305
27 357395
28 9
28 10
28 11
28 13
28 357396
29 67
29 3042
29 3043
29 3045
29 357397
30 10
30 126
30 127
30 129
30 220238
31 4
31 5
31 99
31 131
31 132
31 133
31 152
31 357398
32 3
32 4
32 5
32 1913
32 1915
32 357399
33 9
33 10
33 11
33 13
33 134709
34 3
34 4
34 5
34 1931
34 1933
34 357400
35 76
35 342
35 343
35 345
35 357401
36 243
36 244
36 245
36 247
36 357402
37 944
37 945
37 946
37 948
37 357403
38 85
38 99
38 195
38 638
38 640
38 357404
39 3
39 20
39 195
39 10402
39 10404
39 357405
40 84
40 91
40 93
40 121
40 195
40 702
40 703
40 1062
40 357406
41 5
41 20
41 122
41 703
41 707
41 708
41 710
41 357407
42 244
42 418
42 419
42 421
42 357408
43 84
43 91
43 93
43 121
43 195
43 703
43 707
43 1858
43 357409
44 20
44 195
44 202
44 24418
44 24420
44 357410
45 660
45 26477
45 26478
45 26480
45 357411
46 9
46 10
46 11
46 13
46 357412
47 4
47 5
47 99
47 131
47 132
47 133
47 152
47 357413
48 4
48 5
48 67
48 90869
48 357415
48 357416
49 67
49 4054
49 4814
49 122882
49 357418
49 357419
49 357420
50 71
50 76
50 190
50 191
50 357421
seqId 181
1 76
1 592
1 593
1 595
1 357422
seqId 182
1 99
1 133
1 175
1 176
1 195
1 5187
1 357423
2 3
2 4
2 195
2 340
2 40976
2 40978
2 125814
3 4
3 195
3 202
3 1466
3 1789
3 357424
4 84
4 90
4 91
4 93
4 121
4 195
4 1274
4 5319
4 357425
5 10
5 1605
5 1606
5 1608
5 357426
6 99
6 131
6 132
6 133
6 195
6 237
6 9986
7 3
7 20
7 195
7 2034
7 3403
7 9987
8 158
8 159
8 160
8 162
8 9988
9 9
9 10
9 11
9 13
9 163
10 5
10 20
10 99
10 131
10 132
10 133
10 165
10 166
11 3
11 5
11 20
11 4434
11 4436
11 357427
12 243
12 244
12 245
12 247
12 357428
13 26
13 27
13 99
13 133
13 175
13 176
13 195
13 357429
14 82
14 84
14 85
14 195
14 2294
14 3837
14 357430
15 82
15 84
15 114
15 115
15 116
15 1361
15 357431
16 84
16 90
16 91
16 93
16 121
16 195
16 1345
16 38039
16 357432
17 10
17 109
17 110
17 112
17 125828
18 3
18 4
18 5
18 4420
18 4422
18 357433
19 71
19 76
19 190
19 191
19 9997
seqId 183
1 660
1 976
1 7272
1 7274
1 357434
2 67
2 71
2 71
2 72
2 4586
2 9179
2 338861
2 338862
2 357435
3 67
3 340
3 72995
3 142139
3 142550
3 352246
3 352247
3 357436
4 243
4 244
4 245
4 247
4 10001
5 67
5 1104
5 134722
5 206660
5 206661
5 357437
6 67
6 49510
6 206664
6 206665
6 206667
6 357438
7 10
7 109
7 110
7 112
7 40579
8 3
8 5
8 20
8 4862
8 9651
8 40581
9 10
9 1387
9 1388
9 1390
9 357439
10 4
10 5
10 99
10 131
10 132
10 133
10 152
10 357440
11 4
11 5
11 67
11 1104
11 15193
11 357442
11 357443
11 357444
12 67
12 13941
12 13943
12 49377
12 357445
13 76
13 342
13 343
13 345
13 357446
14 84
14 91
14 93
14 121
14 195
14 702
14 703
14 1062
14 357447
15 5
15 20
15 90
15 122
15 708
15 769
15 5568
15 5570
15 357448
16 5
16 20
16 99
16 133
16 175
16 176
16 1316
16 357449
17 3
17 5
17 20
17 2778
17 2780
17 357450
18 9
18 10
18 11
18 13
18 329830
19 51
19 195
19 14083
19 357452
19 357453
19 357454
19 357455
20 10
20 828
20 829
20 831
20 357456
21 5
21 20
21 99
21 131
21 132
21 133
21 166
21 53149
22 5
22 20
22 67
22 117641
22 186581
22 357457
23 67
23 13941
23 13943
23 49377
23 357458
24 67
24 186586
24 186588
24 188637
24 357459
25 10
25 126
25 127
25 129
25 357460
26 5
26 20
26 99
26 133
26 175
26 176
26 1316
26 357461
27 3
27 5
27 20
27 429
27 431
27 357462
28 5
28 20
28 90
28 122
28 708
28 713
28 5400
28 5402
28 357463
29 509
29 5376
29 109317
29 109319
29 357464
30 509
30 5376
30 50491
30 50493
30 357465
31 509
31 5376
31 11542
31 48631
31 231314
31 355327
31 357466
32 509
32 5376
32 36280
32 151527
32 151529
32 151530
32 357467
33 509
33 625
33 5376
33 10054
33 357468
34 509
34 5376
34 20974
34 255885
34 262845
34 357469
35 509
35 4702
35 5376
35 11542
35 36340
35 251521
35 357470
36 82
36 758
36 759
36 761
36 125878
37 5
37 84
37 91
37 92
37 93
37 702
37 703
37 63087
37 357471
38 5
38 20
38 90
38 122
38 708
38 769
38 2333
38 7738
38 357472
39 13
39 99
39 133
39 175
39 176
39 195
39 357473
40 4
40 195
40 202
40 1888
40 3548
40 357474
41 3
41 4
41 195
41 4804
41 5101
41 357475
42 4
42 195
42 202
42 302
42 1655
42 357476
43 76
43 413
43 414
43 416
43 357477
44 3
44 4
44 5
44 2997
44 2999
44 357478
45 9
45 10
45 24
45 26
45 27
45 357479
46 3
46 5
46 20
46 710
46 51590
46 357480
47 76
47 342
47 343
47 345
47 191831
48 3
48 20
48 195
48 340
48 2887
48 2889
48 357481
49 76
49 342
49 343
49 345
49 357482
50 3
50 4
50 195
50 8842
50 8844
50 357483
51 76
51 25774
51 25775
51 25777
51 357484
52 76
52 433
52 434
52 436
52 357485
53 71
53 76
53 190
53 191
53 191840
seqId 184
1 5
1 20
1 99
1 131
1 132
1 133
1 967
1 357486
2 76
2 137
2 138
2 140
2 357487
3 3
3 5
3 20
3 13609
3 16116
3 357488
4 9
4 10
4 24
4 26
4 27
4 357489
5 3
5 4
5 5
5 14686
5 49719
5 357490
6 9
6 10
6 11
6 13
6 357491
7 4
7 5
7 99
7 131
7 132
7 133
7 152
7 357492
8 3
8 4
8 5
8 59102
8 140647
8 357493
9 4
9 5
9 202
9 140235
9 144993
9 357494
10 76
10 185
10 186
10 188
10 97994
11 5
11 20
11 90
11 122
11 708
11 713
11 28383
11 114508
11 357495
12 10
12 828
12 829
12 831
12 306199
13 67
13 71
13 4796
13 46982
13 46983
13 357496
14 67
14 48274
14 139459
14 354235
14 354236
14 357497
15 76
15 342
15 343
15 345
15 53194
16 36
16 67
16 71
16 18488
16 18489
16 357498
17 67
17 9507
17 61056
17 354228
17 354229
17 354231
17 357499
18 76
18 342
18 343
18 345
18 174211
19 36
19 67
19 71
19 18488
19 18489
19 357500
20 67
20 5741
20 22047
20 56549
20 146918
20 354222
20 354223
20 357501
21 5
21 84
21 91
21 93
21 121
21 703
21 707
21 956
21 357502
22 5
22 20
22 82
22 84
22 115
22 763
22 765
22 1262
22 357503
23 660
23 1622
23 1623
23 1625
23 357504
24 10
24 146
24 147
24 149
24 357505
25 5
25 27
25 99
25 131
25 132
25 133
25 135
25 357506
26 3
26 4
26 5
26 25373
26 25375
26 357507
27 9
27 10
27 24
27 26
27 27
27 357508
28 3
28 20
28 195
28 2972
28 2974
28 357509
29 20
29 195
29 202
29 302
29 1655
29 134833
30 243
30 244
30 245
30 247
30 134834
31 9
31 10
31 11
31 13
31 220373
32 3
32 4
32 195
32 8842
32 8844
32 357510
33 76
33 1267
33 1268
33 1270
33 329902
seqId 185
1 5
1 20
1 99
1 133
1 175
1 176
1 1316
1 125923
2 3
2 5
2 20
2 429
2 431
2 357511
3 67
3 5929
3 5930
3 5932
3 5933
3 357512
4 5
4 20
4 90
4 122
4 708
4 713
4 10010
4 15367
4 357513
5 10
5 828
5 829
5 831
5 357514
6 36
6 67
6 71
6 18488
6 18489
6 357515
7 67
7 1845
7 14010
7 354258
7 354259
7 357516
8 76
8 413
8 414
8 416
8 191919
9 67
9 35930
9 357518
9 357519
9 357520
9 357521
10 76
10 433
10 434
10 436
10 357522
11 82
11 758
11 759
11 761
11 40671
12 5
12 84
12 90
12 91
12 93
12 121
12 9250
12 37556
12 357523
13 26
13 27
13 99
13 133
13 175
13 176
13 195
13 357524
14 20
14 195
14 202
14 2294
14 3837
14 357525
15 3
15 20
15 195
15 2034
15 3403
15 357526
16 9
16 10
16 11
16 13
16 53231
17 5
17 27
17 99
17 131
17 132
17 133
17 135
17 357527
18 5
18 67
18 1104
18 75755
18 351807
18 351810
18 357528
19 76
19 413
19 414
19 416
19 191930
20 67
20 71
20 6078
20 9551
20 9552
20 357529
21 76
21 592
21 593
21 595
21 357530
22 42
22 67
22 71
22 9541
22 9542
22 357531
23 67
23 75556
23 206429
23 206430
23 206432
23 357532
24 76
24 433
24 434
24 436
24 357533
25 5
25 84
25 90
25 91
25 93
25 121
25 442
25 2283
25 357534
26 9
26 10
26 11
26 13
26 10161
27 90
27 443
27 3906
27 40686
27 41387
28 4
28 5
28 99
28 131
28 132
28 133
28 152
28 357535
29 4
29 5
29 202
29 784
29 786
29 357536
30 3
30 4
30 5
30 11949
30 11997
30 357537
31 9
31 10
31 11
31 13
31 98052
32 3
32 4
32 5
32 19693
32 32850
32 357538
33 76
33 25774
33 25775
33 25777
33 357539
seqId 186
1 76
1 592
1 593
1 595
1 53246
2 4
2 5
2 99
2 133
2 175
2 176
2 5129
2 357540
3 3
3 4
3 5
3 6763
3 6765
3 357541
4 4
4 5
4 202
4 2923
4 5110
4 357542
5 75
5 76
5 77
5 79
5 10179
6 5
6 27
6 99
6 131
6 132
6 133
6 135
6 357543
7 3
7 4
7 5
7 27389
7 27391
7 357544
8 9
8 10
8 11
8 13
8 306252
9 5
9 27
9 99
9 131
9 132
9 133
9 135
9 357545
10 5
10 67
10 1104
10 75755
10 351807
10 351810
10 357546
11 10
11 378
11 379
11 381
11 357547
12 99
12 131
12 132
12 133
12 195
12 237
12 357548
13 3
13 20
13 195
13 7149
13 7151
13 357549
14 20
14 195
14 202
14 13830
14 13832
14 357550
15 5
15 84
15 91
15 93
15 121
15 703
15 707
15 956
15 174293
16 4
16 5
16 202
16 26513
16 26515
16 357551
17 76
17 1267
17 1268
17 1270
17 357552
seqId 187
1 85
1 99
1 195
1 638
1 640
1 357553
2 3
2 20
2 195
2 1806
2 1808
2 1809
2 1810
2 357554
3 244
3 418
3 419
3 421
3 357555
4 3
4 20
4 72
4 195
4 1810
4 24568
4 24569
4 27718
4 34106
4 357556
5 84
5 91
5 93
5 121
5 195
5 703
5 707
5 1858
5 357557
6 20
6 90
6 122
6 195
6 442
6 708
6 769
6 169974
6 357558
7 90
7 443
7 4766
7 5065
7 357559
8 99
8 133
8 175
8 176
8 195
8 234
8 357560
9 3
9 20
9 195
9 32417
9 32419
9 357561
10 20
10 195
10 202
10 12237
10 316045
10 357562
11 20
11 90
11 122
11 195
11 340
11 708
11 713
11 5533
11 8486
11 357563
12 10
12 828
12 829
12 831
12 349101
13 99
13 115
13 195
13 773
13 775
13 776
13 2192
13 2194
13 357564
14 3
14 4
14 195
14 347
14 349
14 357565
15 76
15 413
15 414
15 416
15 357566
16 10
16 109
16 112
16 1539
16 220445
17 3
17 5
17 20
17 1601
17 1603
17 357567
18 10
18 109
18 110
18 112
18 357568
19 3
19 4
19 5
19 121093
19 121095
19 357569
20 9
20 10
20 24
20 26
20 27
20 357570
21 67
21 74958
21 74960
21 127317
21 357571
22 158
22 159
22 160
22 162
22 357572
23 9
23 10
23 11
23 13
23 163
24 5
24 20
24 99
24 131
24 132
24 133
24 165
24 166
25 3
25 5
25 20
25 38251
25 38253
25 357573
26 243
26 244
26 245
26 247
26 125994
27 4
27 5
27 202
27 4424
27 4426
27 357574
28 76
28 342
28 343
28 345
28 357575
29 660
29 976
29 979
29 1458
29 357576
30 944
30 945
30 946
30 948
30 357577
31 9
31 10
31 24
31 26
31 27
31 357578
32 67
32 22029
32 22030
32 22032
32 357579
33 76
33 433
33 434
33 436
33 191996
34 660
34 5576
34 5577
34 5579
34 357580
35 9
35 10
35 11
35 13
35 357581
36 3
36 20
36 195
36 2034
36 3403
36 357582
37 9
37 10
37 11
37 13
37 357583
38 5
38 27
38 99
38 131
38 132
38 133
38 135
38 357584
39 5
39 67
39 1104
39 75755
39 351807
39 351810
39 357585
40 76
40 342
40 343
40 345
40 357586
41 85
41 99
41 195
41 638
41 640
41 357587
42 3
42 20
42 195
42 2217
42 8955
42 357588
43 84
43 91
43 93
43 121
43 195
43 702
43 703
43 1062
43 53332
44 5
44 20
44 90
44 122
44 708
44 769
44 9966
44 27901
44 357589
45 443
45 703
45 707
45 2086
45 357590
46 5
46 20
46 90
46 122
46 708
46 713
46 1488
46 14134
46 357591
47 10
47 828
47 829
47 831
47 174357
48 5
48 27
48 99
48 131
48 132
48 133
48 135
48 349136
49 5
49 67
49 1104
49 75755
49 351807
49 351810
49 357592
50 10
50 13688
50 20559
50 20561
50 357593
51 99
51 115
51 195
51 773
51 775
51 776
51 2192
51 2194
51 357594
52 3
52 20
52 195
52 57466
52 57468
52 357595
53 20
53 118
53 195
53 202
53 35035
53 341179
53 357597
53 357598
54 76
54 413
54 414
54 416
54 357599
55 67
55 72
55 22053
55 22055
55 22056
55 70395
55 357600
56 76
56 342
56 343
56 345
56 357601
57 67
57 31273
57 31274
57 31276
57 357602
58 76
58 25774
58 25775
58 25777
58 357603
59 76
59 433
59 434
59 436
59 357604
60 71
60 76
60 190
60 191
60 357605
seqId 188
1 99
1 131
1 132
1 133
1 195
1 1220
1 357606
2 3
2 20
2 195
2 5228
2 5230
2 357607
3 20
3 195
3 202
3 6690
3 9994
3 357608
4 10
4 1605
4 1606
4 1608
4 357609
5 5
5 20
5 202
5 6111
5 6113
5 174374
6 244
6 418
6 419
6 421
6 357610
7 5
7 20
7 202
7 6111
7 6113
7 357611
8 3
8 5
8 20
8 10402
8 41855
8 357612
9 243
9 244
9 245
9 247
9 357613
10 4
10 5
10 85
10 99
10 6111
10 151303
10 357614
11 244
11 418
11 419
11 421
11 357615
12 4
12 5
12 85
12 99
12 6111
12 151303
12 357616
13 3
13 4
13 5
13 347
13 7681
13 357617
14 4
14 5
14 202
14 13830
14 18206
14 40799
15 84
15 91
15 93
15 121
15 195
15 703
15 707
15 1858
15 40801
16 20
16 195
16 202
16 1888
16 1890
16 357618
17 243
17 244
17 245
17 247
17 330020
18 27
18 82
18 84
18 114
18 115
18 116
18 118
18 357619
19 84
19 90
19 91
19 93
19 121
19 195
19 755
19 2163
19 7359
19 357620
20 660
20 12080
20 12081
20 12083
20 357621
21 10
21 146
21 147
21 149
21 357622
22 99
22 133
22 175
22 176
22 195
22 234
22 357623
23 3
23 20
23 195
23 429
23 4265
23 357624
24 9
24 10
24 24
24 26
24 27
24 357625
25 3
25 4
25 5
25 67099
25 67101
25 357626
26 243
26 244
26 245
26 247
26 357627
27 10
27 146
27 147
27 149
27 357628
28 5
28 20
28 202
28 12237
28 12239
28 357629
29 3
29 5
29 20
29 1866
29 1868
29 357630
30 75
30 76
30 77
30 79
30 357631
31 5
31 20
31 81
31 82
31 83
31 84
31 85
31 87
31 357632
32 5
32 84
32 90
32 91
32 92
32 93
32 96
32 6971
32 12939
32 357633
33 10
33 828
33 831
33 1539
33 53375
34 3
34 5
34 20
34 6890
34 6892
34 10348
35 5
35 20
35 99
35 131
35 132
35 133
35 166
35 357634
36 3
36 5
36 20
36 429
36 431
36 357635
37 67
37 72
37 5932
37 5933
37 14294
37 100638
37 357637
37 357638
37 357639
38 76
38 137
38 138
38 140
38 134984
39 67
39 17718
39 49315
39 55536
39 357641
39 357642
39 357643
40 76
40 185
40 186
40 188
40 357644
41 76
41 413
41 414
41 416
41 357645
42 3
42 4
42 5
42 3386
42 6768
42 134986
43 3
43 4
43 195
43 58845
43 58847
43 357646
44 3
44 4
44 5
44 4900
44 4902
44 357647
45 76
45 433
45 434
45 436
45 357648
46 6151
46 6152
46 6153
46 6155
46 357649
47 10
47 146
47 147
47 149
47 722
48 5
48 20
48 82
48 759
48 1432
48 6157
48 6158
49 5
49 84
49 90
49 91
49 93
49 121
49 4338
49 4740
49 357650
50 67
50 61858
50 61859
50 61861
50 357651
51 67
51 22227
51 48669
51 354119
51 354120
51 357652
52 71
52 76
52 190
52 191
52 357653
seqId 189
1 10
1 828
1 1336
1 1539
1 126078
2 660
2 2210
2 2211
2 2213
2 357654
3 76
3 342
3 343
3 345
3 192071
4 10
4 109
4 112
4 1539
4 357655
5 660
5 2347
5 2348
5 2350
5 357656
6 158
6 159
6 160
6 162
6 357657
7 9
7 10
7 11
7 13
7 163
8 5
8 20
8 99
8 131
8 132
8 133
8 165
8 166
9 3
9 5
9 20
9 10672
9 10674
9 357658
10 5
10 20
10 72
10 202
10 340
10 31324
10 38509
10 48234
10 91705
10 357660
10 357661
11 509
11 5376
11 109317
11 109319
11 357662
12 509
12 5376
12 50491
12 50493
12 357663
13 509
13 5376
13 11542
13 48631
13 231314
13 355327
13 357664
14 509
14 5376
14 36280
14 151527
14 151529
14 151530
14 357665
15 509
15 625
15 5376
15 10054
15 357666
16 509
16 5376
16 20974
16 255885
16 262845
16 357667
17 509
17 4702
17 5376
17 11542
17 36340
17 251521
17 357668
18 660
18 1305
18 1306
18 1308
18 357669
19 5
19 20
19 90
19 122
19 708
19 713
19 7795
19 78981
19 357670
20 76
20 342
20 343
20 345
20 357671
21 5
21 20
21 81
21 82
21 83
21 84
21 85
21 87
21 357672
22 5
22 84
22 90
22 91
22 92
22 93
22 96
22 13184
22 71491
22 357673
23 944
23 945
23 946
23 948
23 357674
24 51
24 195
24 1501
24 1503
24 357675
25 3
25 4
25 195
25 111896
25 216875
25 357676
26 9
26 10
26 11
26 13
26 10416
27 3
27 4
27 195
27 7319
27 58061
27 357677
28 84
28 91
28 93
28 121
28 195
28 703
28 707
28 1858
28 357678
29 10
29 126
29 127
29 129
29 357679
30 5
30 20
30 99
30 131
30 132
30 133
30 166
30 357680
31 3
31 5
31 20
31 3118
31 3120
31 357681
32 9
32 10
32 11
32 13
32 357682
33 82
33 84
33 114
33 115
33 116
33 1361
33 357683
34 90
34 443
34 4483
34 357685
34 357686
35 10
35 1387
35 1388
35 1390
35 357687
36 51
36 195
36 1501
36 1503
36 357688
37 3
37 4
37 195
37 597
37 31151
37 357689
38 4
38 195
38 202
38 340
38 14339
38 287858
38 357690
39 76
39 413
39 414
39 416
39 357691
40 5
40 27
40 99
40 131
40 132
40 133
40 135
40 357692
41 3
41 4
41 5
41 597
41 599
41 357693
42 9
42 10
42 24
42 26
42 27
42 357694
43 67
43 143405
43 206485
43 206486
43 206488
43 357695
44 76
44 342
44 343
44 345
44 135045
45 5
45 27
45 99
45 131
45 132
45 133
45 135
45 357696
46 3
46 4
46 5
46 597
46 599
46 357697
47 67
47 49432
47 357699
47 357700
47 357701
47 357702
48 9
48 10
48 11
48 13
48 357703
49 67
49 194222
49 194223
49 194225
49 357704
50 76
50 433
50 434
50 436
50 357705
51 71
51 76
51 190
51 191
51 306441
seqId 190
1 660
1 1539
1 3768
1 14116
1 357706
2 5
2 20
2 202
2 36084
2 36086
2 357707
3 99
3 131
3 132
3 133
3 195
3 237
3 357708
4 3
4 20
4 195
4 2034
4 3403
4 357709
5 9
5 10
5 11
5 13
5 357710
6 5
6 27
6 99
6 131
6 132
6 133
6 135
6 357711
7 5
7 67
7 1104
7 75755
7 351807
7 351810
7 357712
8 84
8 90
8 91
8 93
8 121
8 195
8 2832
8 66907
8 357713
9 244
9 418
9 419
9 421
9 349246
10 72
10 84
10 90
10 91
10 93
10 121
10 195
10 755
10 5390
10 32018
10 51964
10 63215
11 13
11 99
11 133
11 175
11 176
11 195
11 53476
12 20
12 195
12 202
12 1888
12 1890
12 174489
13 3
13 20
13 195
13 340
13 2887
13 2889
13 357715
14 20
14 195
14 202
14 2923
14 14156
14 357716
15 76
15 2265
15 2266
15 2268
15 357717
16 660
16 976
16 977
16 979
16 357718
17 5
17 20
17 99
17 131
17 132
17 133
17 166
17 192148
18 3
18 5
18 20
18 2887
18 2889
18 357719
19 76
19 137
19 138
19 140
19 357720
20 509
20 2550
20 5376
20 8741
20 357722
20 357723
21 509
21 5376
21 38352
21 357725
21 357726
21 357727
22 509
22 5376
22 50491
22 50493
22 357728
23 509
23 5376
23 36280
23 151527
23 151529
23 151530
23 357729
24 76
24 185
24 186
24 188
24 357730
25 76
25 342
25 343
25 345
25 192156
26 5
26 20
26 72
26 90
26 122
26 708
26 713
26 5390
26 18530
26 21424
26 32018
26 357731
27 10
27 828
27 829
27 831
27 220616
28 67
28 1104
28 134722
28 206660
28 206661
28 357732
29 67
29 49510
29 206664
29 206665
29 206667
29 357733
30 76
30 342
30 343
30 345
30 357734
31 82
31 758
31 759
31 761
31 357735
32 5
32 84
32 91
32 93
32 121
32 702
32 703
32 705
32 357736
33 5
33 20
33 90
33 122
33 702
33 708
33 769
33 1903
33 357737
34 3
34 5
34 20
34 1905
34 1907
34 220621
35 10
35 109
35 110
35 112
35 357738
36 51
36 195
36 4167
36 4169
36 330133
37 10
37 146
37 147
37 149
37 357739
38 5
38 27
38 99
38 131
38 132
38 133
38 135
38 357740
39 3
39 5
39 20
39 5498
39 5500
39 357741
40 230
40 231
40 232
40 234
40 357742
41 9
41 10
41 11
41 13
41 163
42 99
42 131
42 132
42 133
42 195
42 236
42 237
43 4
43 195
43 202
43 21213
43 148458
43 357743
44 3
44 4
44 195
44 340
44 6005
44 6007
44 357744
45 4
45 195
45 202
45 302
45 340
45 156910
45 357746
46 71
46 76
46 190
46 191
46 357747
seqId 191
1 76
1 592
1 593
1 595
1 357748
seqId 192
1 5
1 27
1 99
1 131
1 132
1 133
1 699
1 357749
2 3
2 4
2 5
2 27389
2 27391
2 357750
3 10
3 109
3 110
3 112
3 357751
4 3
4 20
4 195
4 1866
4 10151
4 357752
5 9
5 10
5 11
5 13
5 357753
6 3
6 4
6 5
6 15
6 17
6 357754
7 4
7 5
7 202
7 4904
7 4906
7 357755
8 5
8 84
8 91
8 93
8 121
8 703
8 707
8 956
8 357756
9 660
9 7237
9 10032
9 10034
9 357757
10 4
10 5
10 202
10 3303
10 3305
10 357758
11 75
11 76
11 77
11 79
11 357759
12 51
12 72
12 195
12 340
12 120004
12 357761
12 357762
12 357763
13 3
13 20
13 195
13 1806
13 1808
13 1809
13 1810
13 357764
14 20
14 90
14 122
14 195
14 708
14 713
14 4258
14 35322
14 357765
15 76
15 342
15 343
15 345
15 357766
16 4
16 5
16 99
16 133
16 175
16 176
16 178
16 357767
17 4
17 5
17 202
17 3303
17 3305
17 357768
18 3
18 4
18 5
18 77963
18 77965
18 357769
19 9
19 10
19 11
19 13
19 53547
20 3
20 20
20 195
20 1806
20 1808
20 1809
20 1810
20 357770
21 20
21 90
21 122
21 195
21 340
21 708
21 713
21 5533
21 8486
21 357771
22 76
22 413
22 414
22 416
22 357772
23 3
23 2548
23 9789
23 9791
23 357773
24 10
24 146
24 147
24 149
24 357774
25 99
25 133
25 175
25 176
25 195
25 234
25 357775
26 3
26 4
26 195
26 340
26 3181
26 3183
26 349305
27 9
27 10
27 11
27 13
27 357776
28 20
28 85
28 99
28 195
28 1951
28 18077
28 357777
29 3
29 20
29 195
29 465
29 36747
29 357778
30 76
30 342
30 343
30 345
30 357779
31 230
31 231
31 232
31 234
31 357780
32 9
32 10
32 11
32 13
32 163
33 99
33 131
33 132
33 133
33 195
33 236
33 237
34 3
34 4
34 195
34 340
34 3181
34 3183
34 357781
35 4
35 195
35 202
35 340
35 4904
35 4906
35 357782
36 4
36 195
36 202
36 340
36 217054
36 217056
36 357783
37 76
37 342
37 343
37 345
37 192212
38 230
38 231
38 232
38 234
38 357784
39 9
39 10
39 11
39 13
39 163
40 99
40 131
40 132
40 133
40 195
40 236
40 237
41 3
41 4
41 195
41 340
41 3181
41 3183
41 357785
42 9
42 10
42 24
42 26
42 27
42 357786
43 3
43 20
43 195
43 528
43 530
43 357787
44 20
44 195
44 202
44 13830
44 13832
44 357788
45 76
45 342
45 343
45 345
45 357789
46 76
46 25774
46 25775
46 25777
46 53581
47 76
47 433
47 434
47 436
47 357790
48 71
48 76
48 190
48 191
48 357791
seqId 193
1 5
1 27
1 99
1 131
1 132
1 133
1 699
1 357792
2 5
2 67
2 1104
2 75755
2 351807
2 351810
2 357793
3 5
3 84
3 90
3 91
3 93
3 121
3 7785
3 46773
3 357794
4 660
4 1897
4 1898
4 1900
4 357795
5 10
5 146
5 147
5 149
5 98376
6 90
6 443
6 28710
6 29094
6 357796
7 10
7 146
7 147
7 149
7 330214
8 90
8 443
8 9903
8 12062
8 53590
9 10
9 146
9 147
9 149
9 357797
10 99
10 133
10 175
10 176
10 195
10 234
10 357798
11 3
11 20
11 195
11 7149
11 7151
11 357799
12 659
12 660
12 661
12 2274
12 306535
13 20
13 90
13 122
13 195
13 340
13 708
13 713
13 5533
13 8486
13 357800
14 244
14 418
14 419
14 421
14 357801
15 3
15 20
15 195
15 102171
15 102173
15 220703
16 76
16 413
16 414
16 416
16 357802
17 660
17 12080
17 12081
17 12083
17 357803
18 3
18 20
18 195
18 1980
18 1982
18 357804
19 158
19 159
19 160
19 162
19 357805
20 9
20 10
20 11
20 13
20 163
21 5
21 20
21 99
21 131
21 132
21 133
21 165
21 166
22 3
22 5
22 20
22 94928
22 167401
22 357806
23 76
23 433
23 434
23 436
23 357807
24 4
24 5
24 99
24 131
24 132
24 133
24 152
24 357808
25 3
25 4
25 5
25 27599
25 62043
25 357809
26 9
26 10
26 11
26 13
26 357810
27 90
27 443
27 4766
27 5065
27 357811
28 4
28 5
28 99
28 133
28 175
28 176
28 178
28 357812
29 3
29 4
29 5
29 10248
29 10250
29 357813
30 71
30 76
30 190
30 191
30 357814
seqId 194
1 9
1 10
1 1539
1 1886
1 306550
2 3
2 5
2 20
2 3775
2 3777
2 357815
3 76
3 342
3 343
3 345
3 192252
4 98
4 99
4 100
4 195
4 2073
4 53616
5 3
5 20
5 195
5 7149
5 7151
5 357816
6 84
6 91
6 93
6 121
6 195
6 703
6 707
6 1858
6 357817
7 660
7 18003
7 18004
7 18006
7 357818
8 20
8 195
8 202
8 340
8 357820
8 357821
8 357822
9 76
9 342
9 343
9 345
9 357823
10 10
10 283
10 284
10 286
10 357824
11 5
11 27
11 99
11 131
11 132
11 133
11 135
11 357825
12 3
12 5
12 20
12 3394
12 3396
12 357826
13 76
13 342
13 343
13 345
13 357827
14 944
14 945
14 946
14 948
14 357828
15 99
15 131
15 132
15 133
15 195
15 237
15 357829
16 3
16 20
16 195
16 7149
16 7151
16 357830
17 20
17 90
17 122
17 195
17 340
17 708
17 713
17 5533
17 8486
17 357831
18 76
18 1267
18 1268
18 1270
18 174627
seqId 195
1 5
1 20
1 82
1 84
1 100
1 6672
1 28729
1 357832
2 5
2 20
2 90
2 121
2 122
2 23744
2 30039
2 357833
3 99
3 131
3 132
3 133
3 195
3 237
3 357834
4 3
4 4
4 195
4 8842
4 8844
4 357835
5 9
5 10
5 11
5 13
5 357836
6 5
6 27
6 99
6 131
6 132
6 133
6 135
6 357837
7 3
7 5
7 20
7 3394
7 3396
7 357838
8 230
8 231
8 232
8 234
8 357839
9 9
9 10
9 11
9 13
9 163
10 99
10 131
10 132
10 133
10 195
10 236
10 237
11 3
11 20
11 195
11 1806
11 1808
11 1809
11 1810
11 357840
12 84
12 91
12 93
12 121
12 195
12 703
12 707
12 1858
12 357841
13 9
13 10
13 11
13 13
13 63347
14 3
14 4
14 5
14 6713
14 6715
14 357842
15 243
15 244
15 245
15 247
15 357843
16 10
16 109
16 110
16 112
16 220744
17 3
17 5
17 20
17 1832
17 1834
17 357844
18 5
18 20
18 202
18 19972
18 74707
18 357845
19 71
19 76
19 190
19 191
19 357846
seqId 196
1 5
1 20
1 81
1 82
1 83
1 84
1 85
1 2423
1 357847
2 5
2 84
2 90
2 91
2 92
2 93
2 96
2 4063
2 5056
2 357848
3 944
3 945
3 946
3 948
3 357849
4 20
4 85
4 99
4 195
4 1589
4 2970
4 357850
5 3
5 20
5 195
5 1806
5 1808
5 1809
5 1810
5 53655
6 84
6 91
6 93
6 121
6 195
6 703
6 707
6 1858
6 53656
7 660
7 7237
7 10032
7 10034
7 357851
8 20
8 195
8 202
8 8973
8 47719
8 357852
9 10
9 283
9 284
9 286
9 357853
10 5
10 27
10 99
10 131
10 132
10 133
10 135
10 357854
11 3
11 4
11 5
11 2608
11 4490
11 357855
12 9
12 10
12 11
12 13
12 174660
13 3
13 4
13 195
13 6862
13 14459
13 357856
14 9
14 10
14 24
14 26
14 27
14 357857
15 3
15 4
15 5
15 1395
15 5941
15 357858
16 76
16 342
16 343
16 345
16 357859
17 99
17 133
17 175
17 176
17 195
17 234
17 357860
18 3
18 20
18 195
18 340
18 2887
18 2889
18 357861
19 76
19 342
19 343
19 345
19 41135
20 9
20 10
20 11
20 13
20 357862
21 3
21 20
21 195
21 2863
21 10735
21 357863
22 76
22 342
22 343
22 345
22 357864
23 660
23 9231
23 9232
23 9234
23 357865
24 10
24 109
24 110
24 112
24 357866
25 3
25 4
25 5
25 5256
25 5258
25 357867
26 10
26 1387
26 1388
26 1390
26 357868
27 99
27 133
27 175
27 176
27 195
27 234
27 357869
28 3
28 20
28 195
28 10402
28 10404
28 98481
29 20
29 195
29 202
29 24418
29 24420
29 357870
30 76
30 342
30 343
30 345
30 357871
31 660
31 9231
31 9232
31 9234
31 357872
32 10
32 109
32 110
32 112
32 357873
33 90
33 121
33 122
33 9903
33 81065
33 357874
34 99
34 133
34 175
34 176
34 195
34 234
34 357875
35 3
35 4
35 195
35 897
35 3520
35 357876
36 9
36 10
36 11
36 13
36 357877
37 5
37 20
37 98
37 99
37 100
37 102
37 357878
38 3
38 5
38 20
38 465
38 40514
38 357879
39 9
39 10
39 11
39 13
39 357880
40 3
40 4
40 5
40 3615
40 3617
40 41159
41 4
41 5
41 202
41 45629
41 45631
41 357881
42 76
42 413
42 414
42 416
42 357882
43 71
43 509
43 2487
43 40276
43 40277
43 40279
43 174692
44 10
44 109
44 112
44 1539
44 220795
45 3
45 5
45 20
45 1601
45 1603
45 357883
46 76
46 342
46 343
46 345
46 357884
47 67
47 71
47 1026
47 18413
47 18414
47 357885
48 67
48 1026
48 57393
48 357887
48 357888
48 357889
48 357890
49 76
49 342
49 343
49 345
49 357891
50 67
50 71
50 296
50 57510
50 57511
50 357892
51 9
51 10
51 11
51 13
51 357893
52 67
52 357895
52 357896
52 357897
52 357898
53 76
53 342
53 343
53 345
53 357899
54 67
54 71
54 1026
54 18413
54 18414
54 357900
55 67
55 9387
55 69708
55 74143
55 355909
55 355910
55 357901
56 76
56 342
56 343
56 345
56 357902
57 67
57 71
57 699
57 18402
57 18403
57 357903
58 67
58 72
58 857
58 865
58 15215
58 26224
58 49511
58 116457
58 357905
58 357906
58 357907
59 76
59 342
59 343
59 345
59 357908
60 67
60 71
60 699
60 18402
60 18403
60 357909
61 67
61 115890
61 357911
61 357912
61 357913
61 357914
62 76
62 433
62 434
62 436
62 357915
63 71
63 76
63 190
63 191
63 357916
seqId 197
1 5
1 20
1 81
1 82
1 83
1 84
1 85
1 2423
1 126345
2 5
2 84
2 90
2 91
2 92
2 93
2 96
2 13184
2 71491
2 357917
3 660
3 1622
3 1623
3 1625
3 357918
4 9
4 10
4 24
4 26
4 27
4 357919
5 4
5 5
5 99
5 133
5 175
5 176
5 178
5 98522
6 3
6 4
6 5
6 5469
6 5471
6 357920
7 27
7 944
7 945
7 1463
7 3308
7 53712
8 5
8 20
8 99
8 133
8 175
8 176
8 1316
8 357921
9 3
9 5
9 20
9 2034
9 2036
9 357922
10 9
10 10
10 11
10 13
10 357923
11 5
11 27
11 99
11 131
11 132
11 133
11 135
11 357924
12 5
12 67
12 1104
12 75755
12 351807
12 351810
12 357925
13 76
13 413
13 414
13 416
13 357926
14 3
14 5
14 20
14 71
14 9488
14 9490
14 357927
15 67
15 72
15 14296
15 47596
15 299385
15 352324
15 352325
15 352327
15 357928
16 76
16 433
16 434
16 436
16 357929
17 5
17 84
17 91
17 93
17 121
17 702
17 703
17 705
17 357930
18 5
18 20
18 90
18 122
18 708
18 769
18 2514
18 2516
18 357931
19 5
19 99
19 115
19 773
19 774
19 775
19 776
19 778
19 357932
20 5
20 67
20 5933
20 32572
20 32575
20 357933
21 10
21 13688
21 20559
21 20561
21 357934
22 4
22 5
22 99
22 131
22 132
22 133
22 152
22 357935
23 3
23 4
23 5
23 1913
23 1915
23 357936
24 9
24 10
24 11
24 13
24 357937
25 3
25 4
25 5
25 1931
25 1933
25 357938
26 243
26 244
26 245
26 247
26 357939
27 76
27 342
27 343
27 345
27 53729
28 9
28 10
28 24
28 26
28 27
28 357940
29 4
29 5
29 202
29 2294
29 2296
29 306670
30 3
30 4
30 5
30 5469
30 5471
30 357941
31 76
31 342
31 343
31 345
31 174749
32 944
32 945
32 946
32 948
32 174750
33 85
33 99
33 195
33 638
33 640
33 357942
34 67
34 195
34 5933
34 32572
34 32575
34 357943
35 84
35 91
35 93
35 121
35 195
35 702
35 703
35 1062
35 357944
36 5
36 20
36 122
36 703
36 707
36 708
36 710
36 357945
37 4
37 90
37 122
37 195
37 340
37 708
37 713
37 2514
37 12161
37 357946
38 10
38 146
38 147
38 149
38 357947
39 5
39 27
39 99
39 131
39 132
39 133
39 135
39 357948
40 5
40 67
40 1104
40 75755
40 351807
40 351810
40 357949
41 10
41 828
41 829
41 831
41 357950
42 99
42 133
42 175
42 176
42 195
42 234
42 357951
43 3
43 195
43 2217
43 8955
43 357952
44 27
44 660
44 661
44 910
44 912
44 357953
45 90
45 121
45 122
45 14803
45 14805
45 357954
46 660
46 661
46 1240
46 1242
46 357955
47 10
47 146
47 147
47 149
47 357956
48 5
48 27
48 99
48 131
48 132
48 133
48 135
48 357957
49 3
49 4
49 5
49 642
49 23331
49 98578
50 10
50 13688
50 20559
50 20561
50 357958
51 4
51 5
51 98
51 99
51 100
51 1927
51 357959
52 4
52 5
52 202
52 2310
52 2313
52 192399
53 3
53 4
53 5
53 1913
53 1915
53 357960
54 71
54 76
54 190
54 191
54 357961
seqId 198
1 99
1 131
1 132
1 133
1 195
1 1220
1 174769
2 3
2 20
2 195
2 3118
2 10103
2 357962
3 10
3 146
3 147
3 149
3 357963
4 90
4 443
4 8109
4 17672
4 357964
5 75
5 76
5 77
5 79
5 357965
seqId 199
1 76
1 592
1 593
1 595
1 357966
2 660
2 2522
2 6797
2 328181
2 357967
3 9
3 10
3 11
3 13
3 357968
4 3
4 5
4 20
4 133752
4 212669
4 357969
5 5
5 84
5 91
5 93
5 121
5 702
5 703
5 705
5 357970
6 122
6 703
6 707
6 708
6 710
6 357971
7 5
7 20
7 90
7 122
7 708
7 713
7 73074
7 73076
7 357972
8 660
8 3319
8 3320
8 3322
8 174779
9 9
9 10
9 11
9 13
9 10916
10 90
10 443
10 9952
10 9954
10 357973
11 4
11 5
11 99
11 133
11 175
11 176
11 178
11 357974
12 3
12 4
12 5
12 642
12 23331
12 357975
13 4
13 5
13 90
13 122
13 708
13 713
13 33806
13 211224
13 357977
13 357978
14 10
14 828
14 829
14 831
14 357979
15 5
15 20
15 99
15 133
15 175
15 176
15 1316
15 357980
16 3
16 5
16 20
16 429
16 431
16 357981
17 243
17 244
17 245
17 247
17 10925
18 4
18 5
18 99
18 133
18 175
18 176
18 178
18 357982
19 3
19 4
19 5
19 1573
19 1575
19 357983
20 4
20 5
20 90
20 122
20 708
20 713
20 5290
20 158310
20 357984
21 660
21 1377
21 6485
21 6487
21 357985
22 10
22 109
22 110
22 112
22 357986
23 90
23 121
23 122
23 26703
23 242567
23 357987
24 4
24 5
24 99
24 131
24 132
24 133
24 152
24 10937
25 3
25 4
25 5
25 35277
25 35279
25 357988
26 230
26 231
26 232
26 234
26 357989
27 9
27 10
27 11
27 13
27 163
28 99
28 131
28 132
28 133
28 195
28 236
28 237
29 3
29 4
29 195
29 340
29 813
29 815
29 357990
30 9
30 10
30 11
30 13
30 192435
31 3
31 4
31 5
31 15
31 17
31 98634
32 76
32 342
32 343
32 345
32 98635
33 244
33 1249
33 1250
33 1252
33 63516
34 99
34 133
34 175
34 176
34 195
34 234
34 63517
35 3
35 20
35 195
35 280305
35 280307
35 357991
36 84
36 90
36 91
36 93
36 121
36 195
36 28166
36 46679
36 357992
37 10
37 146
37 147
37 149
37 10966
38 90
38 443
38 4766
38 5065
38 357993
39 75
39 76
39 77
39 79
39 357994
40 5
40 20
40 99
40 131
40 132
40 133
40 166
40 330488
41 3
41 5
41 20
41 429
41 431
41 357995
42 5
42 20
42 202
42 302
42 304
42 357996
43 5
43 20
43 90
43 122
43 708
43 713
43 4148
43 4150
43 357997
44 660
44 2347
44 2348
44 2350
44 357998
45 5
45 20
45 202
45 65089
45 65091
45 357999
46 5
46 84
46 90
46 91
46 93
46 121
46 702
46 705
46 306741
47 10
47 378
47 379
47 381
47 306742
48 3
48 5
48 20
48 1650
48 3499
48 358000
49 9
49 10
49 11
49 13
49 358001
50 90
50 443
50 21513
50 21515
50 358002
51 4
51 5
51 98
51 99
51 100
51 1927
51 358003
52 3
52 4
52 5
52 1573
52 1575
52 358004
53 4
53 5
53 202
53 40773
53 53236
53 358005
54 244
54 1249
54 1250
54 1252
54 358006
55 4
55 5
55 202
55 96223
55 96225
55 358007
56 71
56 76
56 190
56 191
56 358008
seqId 200
1 76
1 592
1 593
1 595
1 358009
2 4
2 5
2 99
2 131
2 132
2 133
2 811
2 358010
3 3
3 4
3 5
3 813
3 815
3 358011
4 9
4 10
4 11
4 13
4 358012
5 5
5 27
5 99
5 131
5 132
5 133
5 135
5 358013
6 5
6 67
6 1104
6 75755
6 351807
6 351810
6 358014
7 5
7 84
7 90
7 91
7 93
7 121
7 37601
7 37603
7 358015
8 99
8 115
8 195
8 773
8 774
8 775
8 776
8 3400
8 358016
9 3
9 20
9 195
9 2034
9 3403
9 358017
10 10
10 146
10 147
10 149
10 358018
11 90
11 443
11 5094
11 34555
11 358019
12 99
12 115
12 195
12 773
12 775
12 776
12 2192
12 2194
12 358020
13 3
13 4
13 195
13 897
13 3520
13 358021
14 10
14 283
14 284
14 286
14 358022
15 99
15 131
15 132
15 133
15 195
15 237
15 358023
16 20
16 195
16 202
16 1951
16 18077
16 358024
17 3
17 20
17 195
17 1905
17 36638
17 358025
18 9
18 10
18 11
18 13
18 358026
19 3
19 4
19 15
19 195
19 4121
19 135453
20 660
20 7237
20 10032
20 10034
20 358027
21 20
21 195
21 202
21 54754
21 116524
21 358028
22 76
22 413
22 414
22 416
22 220940
23 3
23 4
23 5
23 59102
23 59104
23 358029
24 4
24 5
24 202
24 173580
24 173582
24 358030
25 76
25 342
25 343
25 345
25 358031
26 4
26 5
26 202
26 140235
26 144993
26 358032
27 76
27 342
27 343
27 345
27 358033
28 3
28 4
28 5
28 59102
28 59104
28 358034
29 230
29 231
29 232
29 234
29 358035
30 9
30 10
30 11
30 13
30 163
31 99
31 131
31 132
31 133
31 195
31 236
31 237
32 3
32 4
32 195
32 172261
32 172263
32 358036
33 76
33 342
33 343
33 345
33 358037
34 230
34 231
34 232
34 234
34 358038
35 9
35 10
35 11
35 13
35 163
36 99
36 131
36 132
36 133
36 195
36 236
36 237
37 3
37 4
37 195
37 313
37 6526
37 358039
38 10
38 109
38 112
38 1539
38 174865
39 3
39 5
39 20
39 3244
39 7638
39 358040
40 76
40 25774
40 25775
40 25777
40 306790
41 76
41 433
41 434
41 436
41 306791
42 82
42 759
42 5284
42 5286
42 358041
43 20
43 82
43 83
43 84
43 115
43 195
43 1824
43 1826
43 41367
44 84
44 90
44 91
44 93
44 121
44 195
44 4338
44 23325
44 358042
45 10
45 146
45 147
45 149
45 358043
46 99
46 133
46 175
46 176
46 195
46 234
46 358044
47 3
47 20
47 195
47 429
47 4265
47 358045
48 20
48 195
48 202
48 302
48 1655
48 358046
49 76
49 342
49 343
49 345
49 358047
50 244
50 1249
50 1250
50 1252
50 358048
51 82
51 83
51 84
51 115
51 195
51 237
51 1824
51 330548
52 5
52 84
52 90
52 91
52 93
52 121
52 9250
52 37556
52 358049
53 10
53 146
53 147
53 149
53 174881
54 90
54 443
54 44188
54 164422
54 268297
54 358051
55 99
55 131
55 132
55 133
55 195
55 237
55 358052
56 3
56 20
56 195
56 2778
56 8080
56 358053
57 9
57 10
57 11
57 13
57 41388
58 4
58 5
58 99
58 131
58 132
58 133
58 152
58 358054
59 3
59 4
59 5
59 15
59 17
59 358055
60 10
60 109
60 110
60 112
60 358056
61 90
61 121
61 122
61 4845
61 224494
61 358057
62 13
62 99
62 133
62 175
62 176
62 195
62 358058
63 20
63 195
63 202
63 795
63 2446
63 358059
64 3
64 20
64 195
64 429
64 4265
64 358060
65 76
65 413
65 414
65 416
65 358061
66 10
66 828
66 831
66 1539
66 358062
67 3
67 5
67 20
67 6890
67 6892
67 358063
68 67
68 5929
68 5930
68 5932
68 5933
68 358064
69 76
69 433
69 434
69 436
69 41408
70 10
70 146
70 149
70 1539
70 358065
71 90
71 443
71 1334
71 8849
71 41412
72 9
72 10
72 11
72 13
72 358066
73 5
73 27
73 99
73 131
73 132
73 133
73 135
73 358067
74 5
74 67
74 1104
74 75755
74 351807
74 351810
74 358068
75 71
75 76
75 190
75 191
75 98744
seqId 201
1 76
1 413
1 414
1 416
1 358069
2 660
2 26477
2 53431
2 53433
2 358070
3 5
3 20
3 99
3 928
3 929
3 931
3 358071
4 3
4 5
4 20
4 429
4 431
4 63639
5 67
5 5929
5 5930
5 5932
5 5933
5 358072
6 10
6 109
6 110
6 112
6 358073
7 3
7 5
7 20
7 389
7 391
7 358074
8 27
8 660
8 661
8 910
8 912
8 358075
9 5
9 84
9 91
9 93
9 121
9 703
9 707
9 956
9 358076
10 5
10 20
10 90
10 122
10 708
10 713
10 2653
10 2655
10 358077
11 10
11 146
11 147
11 149
11 358078
12 5
12 27
12 99
12 131
12 132
12 133
12 135
12 358079
13 5
13 67
13 1104
13 75755
13 351807
13 351810
13 358080
14 76
14 342
14 343
14 345
14 11113
15 660
15 918
15 921
15 941
15 358081
16 27
16 944
16 945
16 1463
16 3308
16 358082
17 5
17 20
17 82
17 83
17 84
17 115
17 763
17 1002
17 358083
18 82
18 83
18 84
18 115
18 5729
18 5731
18 41435
19 82
19 83
19 84
19 109
19 112
19 115
19 358084
20 5
20 84
20 90
20 91
20 93
20 702
20 708
20 63651
20 358086
21 51
21 195
21 1368
21 1370
21 358087
22 10
22 126
22 127
22 129
22 358088
23 4
23 5
23 99
23 131
23 132
23 133
23 152
23 358089
24 3
24 4
24 5
24 1913
24 1915
24 358090
25 9
25 10
25 11
25 13
25 358091
26 3
26 4
26 5
26 1931
26 1933
26 358092
27 4
27 5
27 202
27 2244
27 3490
27 358093
28 71
28 76
28 190
28 191
28 358094
29 76
29 433
29 434
29 436
29 358095
seqId 202
1 76
1 592
1 593
1 595
1 358096
2 5
2 20
2 99
2 131
2 132
2 133
2 967
2 358097
3 3
3 5
3 20
3 2863
3 2865
3 358098
4 76
4 137
4 138
4 140
4 358099
5 3
5 20
5 195
5 340
5 10801
5 102073
5 358100
6 1458
6 2717
6 4052
6 4054
6 358101
7 3
7 20
7 195
7 340
7 429
7 23585
7 358102
8 76
8 185
8 186
8 188
8 358103
9 76
9 413
9 414
9 416
9 358104
10 10
10 1605
10 1606
10 1608
10 358105
11 51
11 195
11 2712
11 2714
11 126545
12 243
12 244
12 245
12 247
12 358106
13 51
13 195
13 14489
13 14491
13 358107
14 3
14 4
14 195
14 10683
14 62014
14 358108
15 4
15 195
15 202
15 11147
15 12947
15 358109
16 10
16 7340
16 9033
16 9035
16 358110
17 13
17 99
17 133
17 175
17 176
17 195
17 358111
18 4
18 195
18 202
18 1888
18 3548
18 358112
19 3
19 4
19 195
19 729
19 731
19 358113
20 76
20 433
20 434
20 436
20 358114
21 27
21 660
21 21971
21 21974
21 21975
21 39567
21 358115
22 5
22 20
22 90
22 122
22 708
22 713
22 28383
22 114508
22 358116
23 10
23 828
23 829
23 831
23 358117
24 67
24 42551
24 42552
24 42554
24 358118
25 67
25 146404
25 175496
25 354005
25 354006
25 358119
26 76
26 342
26 343
26 345
26 358120
27 10
27 2518
27 2519
27 2521
27 358121
28 36
28 67
28 71
28 18488
28 18489
28 358122
29 67
29 5741
29 22047
29 56549
29 146918
29 354222
29 354223
29 358123
30 244
30 19444
30 19445
30 19447
30 358124
31 42
31 67
31 71
31 9541
31 9542
31 358125
32 67
32 61863
32 61864
32 61866
32 358126
33 76
33 342
33 343
33 345
33 358127
34 5
34 84
34 91
34 93
34 121
34 703
34 707
34 956
34 358128
35 5
35 20
35 202
35 44556
35 44558
35 358129
36 71
36 76
36 190
36 191
36 358130
seqId 203
1 90
1 121
1 122
1 3346
1 3348
1 3349
1 3350
1 165614
1 358132
2 99
2 131
2 132
2 133
2 195
2 237
2 358133
3 3
3 4
3 195
3 340
3 26519
3 26521
3 358134
4 9
4 10
4 11
4 13
4 358135
5 3
5 20
5 195
5 10402
5 10404
5 358136
6 20
6 195
6 202
6 13322
6 13324
6 358137
7 243
7 244
7 245
7 247
7 306889
8 20
8 195
8 202
8 13830
8 13832
8 358138
9 76
9 413
9 414
9 416
9 358139
10 67
10 601
10 603
10 1197
10 358140
11 51
11 195
11 3206
11 123769
11 358141
12 76
12 342
12 343
12 345
12 358142
13 51
13 195
13 236453
13 338683
13 358143
14 76
14 342
14 343
14 345
14 358144
15 67
15 119080
15 119082
15 131774
15 358145
16 76
16 342
16 343
16 345
16 126585
17 67
17 141823
17 141824
17 141826
17 358146
18 76
18 342
18 343
18 345
18 358147
19 76
19 25774
19 25775
19 25777
19 358148
20 76
20 433
20 434
20 436
20 98827
21 660
21 3261
21 3262
21 3264
21 358149
22 9
22 10
22 11
22 13
22 330638
23 3
23 4
23 195
23 8842
23 8844
23 358150
24 4
24 195
24 202
24 28847
24 28849
24 358151
25 4
25 195
25 202
25 340
25 19972
25 19974
25 358152
26 90
26 121
26 122
26 2101
26 358154
26 358155
27 99
27 131
27 132
27 133
27 195
27 237
27 358156
28 3
28 20
28 195
28 2320
28 16794
28 358157
29 9
29 10
29 11
29 13
29 221072
30 3
30 4
30 5
30 15
30 17
30 358158
31 9
31 10
31 11
31 13
31 63730
32 5
32 27
32 99
32 131
32 132
32 133
32 135
32 358159
33 3
33 4
33 5
33 642
33 23331
33 358160
34 76
34 342
34 343
34 345
34 358161
35 5
35 20
35 82
35 83
35 84
35 115
35 763
35 1002
35 358162
36 5
36 84
36 90
36 91
36 93
36 121
36 702
36 705
36 192642
37 4
37 5
37 99
37 133
37 175
37 176
37 178
37 192643
38 3
38 4
38 5
38 72
38 115132
38 340441
38 358164
38 358165
39 75
39 76
39 77
39 79
39 358166
40 3
40 5
40 20
40 1905
40 1907
40 358167
41 9
41 10
41 11
41 13
41 358168
42 3
42 5
42 20
42 72
42 9041
42 9045
42 358170
42 358171
43 82
43 758
43 759
43 761
43 358172
44 5
44 84
44 90
44 91
44 93
44 121
44 353215
44 358174
44 358175
45 99
45 131
45 132
45 133
45 195
45 237
45 358176
46 3
46 20
46 195
46 2034
46 3403
46 358177
47 9
47 10
47 11
47 13
47 358178
48 5
48 27
48 99
48 131
48 132
48 133
48 135
48 358179
49 3
49 4
49 5
49 642
49 23331
49 41538
50 10
50 1605
50 1606
50 1608
50 11263
51 20
51 82
51 84
51 115
51 195
51 1262
51 1824
51 11772
51 358180
52 76
52 342
52 343
52 345
52 175034
53 5
53 20
53 82
53 83
53 84
53 115
53 763
53 1002
53 358181
54 5
54 84
54 91
54 93
54 121
54 703
54 707
54 956
54 358182
55 660
55 1622
55 1623
55 1625
55 358183
56 3
56 5
56 20
56 217
56 800
56 358184
57 9
57 10
57 24
57 26
57 27
57 358185
58 3
58 4
58 5
58 358187
58 358188
58 358189
59 243
59 244
59 245
59 247
59 358190
60 9
60 10
60 11
60 13
60 358191
61 3
61 5
61 20
61 9146
61 9148
61 358192
62 76
62 342
62 343
62 345
62 358193
63 90
63 121
63 122
63 111815
63 355561
63 358194
64 5
64 27
64 99
64 131
64 132
64 133
64 135
64 358195
65 3
65 4
65 5
65 642
65 23331
65 358196
66 2822
66 2823
66 2824
66 2826
66 41566
67 10
67 146
67 147
67 149
67 722
68 99
68 131
68 132
68 133
68 195
68 236
68 237
69 3
69 20
69 195
69 17780
69 27594
69 358197
70 4326
70 4327
70 4328
70 4330
70 358198
71 10
71 146
71 147
71 149
71 722
72 20
72 82
72 195
72 759
72 1432
72 4332
72 4333
73 4
73 5
73 82
73 83
73 84
73 115
73 763
73 1264
73 358199
74 5
74 84
74 90
74 91
74 93
74 121
74 4338
74 4740
74 192674
75 71
75 76
75 190
75 191
75 192675
seqId 204
1 10
1 378
1 3871
1 3873
1 358200
2 90
2 443
2 59058
2 126029
2 358201
3 5
3 27
3 99
3 131
3 132
3 133
3 135
3 358202
4 3
4 4
4 5
4 642
4 23331
4 358203
5 660
5 22631
5 22632
5 22634
5 358204
6 660
6 2509
6 2510
6 2512
6 358205
7 76
7 342
7 343
7 345
7 358206
8 5
8 20
8 99
8 131
8 132
8 133
8 166
8 358207
9 3
9 5
9 20
9 2863
9 2865
9 358208
10 27
10 82
10 84
10 114
10 115
10 116
10 118
10 358209
11 5
11 84
11 90
11 91
11 92
11 93
11 96
11 68351
11 358211
11 358212
12 10
12 146
12 147
12 149
12 358213
13 5
13 27
13 99
13 131
13 132
13 133
13 135
13 358214
14 3
14 5
14 20
14 12575
14 12577
14 358215
15 10
15 146
15 147
15 149
15 54069
16 443
16 703
16 707
16 2086
16 358216
17 660
17 2347
17 2348
17 2350
17 358217
18 5
18 20
18 202
18 15231
18 15266
18 358219
18 358220
19 10
19 283
19 284
19 286
19 41599
20 4
20 5
20 99
20 115
20 773
20 774
20 775
20 776
20 3330
20 221125
21 3
21 4
21 5
21 40881
21 40883
21 358221
22 660
22 3319
22 3320
22 3322
22 358222
23 9
23 10
23 24
23 26
23 27
23 358223
24 90
24 142
24 443
24 44737
24 358224
25 10
25 146
25 147
25 149
25 358225
26 90
26 443
26 10796
26 10798
26 358226
27 5
27 27
27 99
27 131
27 132
27 133
27 135
27 358227
28 3
28 4
28 5
28 1573
28 1575
28 358228
29 9
29 10
29 11
29 13
29 358229
30 5
30 27
30 99
30 131
30 132
30 133
30 135
30 358230
31 3
31 4
31 5
31 642
31 23331
31 221135
32 10
32 3221
32 53306
32 53308
32 54087
33 5
33 20
33 99
33 131
33 132
33 133
33 166
33 54088
34 3
34 5
34 20
34 429
34 431
34 358231
35 5
35 20
35 90
35 122
35 708
35 713
35 4148
35 4150
35 358232
36 10
36 146
36 147
36 149
36 135671
37 4
37 5
37 99
37 131
37 132
37 133
37 152
37 63813
38 3
38 4
38 5
38 6896
38 6898
38 358233
39 71
39 76
39 190
39 191
39 358234
seqId 205
1 76
1 592
1 593
1 595
1 358235
2 5
2 27
2 99
2 131
2 132
2 133
2 699
2 358236
3 3
3 4
3 5
3 597
3 599
3 358237
4 67
4 601
4 603
4 1197
4 358238
5 67
5 605
5 607
5 1199
5 358239
6 5
6 84
6 91
6 93
6 121
6 702
6 703
6 705
6 358240
7 5
7 20
7 90
7 122
7 708
7 769
7 5874
7 5876
7 358241
8 10
8 109
8 110
8 112
8 358242
9 3
9 5
9 20
9 16181
9 16183
9 358243
10 51
10 195
10 5342
10 5344
10 358244
11 5
11 20
11 99
11 131
11 132
11 133
11 166
11 358245
12 3
12 5
12 20
12 17850
12 17852
12 358246
13 67
13 296
13 462
13 9802
13 9803
13 358247
14 3
14 4
14 5
14 597
14 599
14 358248
15 67
15 601
15 603
15 1197
15 358249
16 67
16 605
16 607
16 1199
16 358250
17 76
17 342
17 343
17 345
17 349776
18 243
18 244
18 245
18 247
18 358251
19 5
19 84
19 91
19 93
19 121
19 702
19 703
19 705
19 358252
20 5
20 20
20 90
20 122
20 708
20 769
20 4075
20 21735
20 358253
21 99
21 131
21 132
21 133
21 195
21 237
21 41648
22 3
22 20
22 195
22 4434
22 14602
22 358254
23 10
23 378
23 379
23 381
23 54115
24 90
24 443
24 35046
24 65601
24 358255
25 5
25 20
25 99
25 133
25 175
25 176
25 1316
25 358256
26 5
26 20
26 202
26 1589
26 23961
26 358257
27 3
27 5
27 20
27 1832
27 1834
27 358258
28 9
28 10
28 11
28 13
28 358259
29 3
29 4
29 195
29 340
29 133079
29 133081
29 358260
30 71
30 76
30 190
30 191
30 358261
seqId 206
1 5
1 27
1 99
1 131
1 132
1 133
1 699
1 358262
2 5
2 67
2 5494
2 90166
2 140812
2 358263
3 27
3 660
3 661
3 910
3 912
3 358264
4 5
4 84
4 91
4 93
4 121
4 702
4 703
4 705
4 358265
5 660
5 661
5 1240
5 1242
5 358266
6 660
6 2509
6 2510
6 2512
6 358267
7 5
7 20
7 90
7 122
7 708
7 769
7 1301
7 7764
7 358268
8 9
8 10
8 11
8 13
8 358269
9 5
9 20
9 98
9 99
9 100
9 102
9 358270
10 5
10 20
10 202
10 784
10 4033
10 358271
11 3
11 5
11 20
11 8494
11 8496
11 358272
12 9
12 10
12 11
12 13
12 358273
13 3
13 4
13 5
13 268410
13 268412
13 358274
14 230
14 231
14 232
14 234
14 358275
15 9
15 10
15 11
15 13
15 163
16 99
16 131
16 132
16 133
16 195
16 236
16 237
17 3
17 4
17 195
17 4228
17 4230
17 358276
18 9
18 10
18 11
18 13
18 98988
19 99
19 115
19 195
19 773
19 774
19 775
19 776
19 3400
19 358277
20 3
20 20
20 195
20 2034
20 3403
20 358278
21 76
21 342
21 343
21 345
21 358279
22 3
22 4
22 5
22 780
22 782
22 358280
23 4
23 5
23 202
23 3954
23 3956
23 358281
24 10
24 378
24 379
24 381
24 358282
25 90
25 443
25 5874
25 131212
25 358283
26 5
26 20
26 99
26 133
26 175
26 176
26 1316
26 63877
27 3
27 5
27 20
27 10041
27 10043
27 358284
28 5
28 20
28 202
28 3899
28 3901
28 358285
29 71
29 76
29 190
29 191
29 358286
seqId 207
1 5
1 20
1 99
1 131
1 132
1 133
1 967
1 358287
2 3
2 5
2 20
2 10041
2 10043
2 358288
3 230
3 231
3 232
3 234
3 358289
4 9
4 10
4 11
4 13
4 163
5 99
5 131
5 132
5 133
5 195
5 236
5 237
6 3
6 4
6 195
6 340
6 133079
6 133081
6 358290
7 9
7 10
7 11
7 13
7 358291
8 5
8 27
8 99
8 131
8 132
8 133
8 135
8 358292
9 5
9 67
9 5494
9 90166
9 140812
9 358293
10 76
10 342
10 343
10 345
10 358294
11 20
11 90
11 122
11 195
11 340
11 708
11 713
11 30624
11 81368
11 358295
12 660
12 3261
12 3262
12 3264
12 358296
13 99
13 131
13 132
13 133
13 195
13 237
13 358297
14 51
14 195
14 1368
14 1370
14 358298
15 3
15 20
15 72
15 195
15 279
15 340
15 172668
15 172670
15 358300
16 158
16 159
16 160
16 162
16 358301
17 9
17 10
17 11
17 13
17 163
18 5
18 20
18 99
18 131
18 132
18 133
18 165
18 166
19 3
19 5
19 20
19 4434
19 4436
19 358302
20 76
20 413
20 414
20 416
20 358303
21 3
21 4
21 5
21 131731
21 140928
21 140931
21 358304
22 9
22 10
22 11
22 13
22 358305
23 4
23 5
23 99
23 131
23 132
23 133
23 152
23 358306
24 3
24 4
24 5
24 4094
24 12255
24 358307
25 76
25 342
25 343
25 345
25 358308
26 3
26 20
26 195
26 340
26 2081
26 48543
26 358309
27 243
27 244
27 245
27 247
27 358310
28 3
28 4
28 195
28 340
28 302012
28 302014
28 358311
29 9
29 10
29 11
29 13
29 358312
30 5
30 27
30 99
30 131
30 132
30 133
30 135
30 358313
31 3
31 5
31 20
31 39897
31 39899
31 358314
32 76
32 342
32 343
32 345
32 358315
33 3
33 4
33 195
33 340
33 8152
33 111133
33 358316
34 243
34 244
34 245
34 247
34 358317
35 3
35 4
35 195
35 19879
35 26830
35 358318
36 9
36 10
36 11
36 13
36 358319
37 4
37 5
37 99
37 131
37 132
37 133
37 152
37 358320
38 3
38 4
38 5
38 313
38 5251
38 358321
39 76
39 433
39 434
39 436
39 358322
40 76
40 342
40 343
40 345
40 358323
41 660
41 12858
41 12859
41 12861
41 358324
42 5
42 20
42 90
42 122
42 708
42 713
42 18530
42 79018
42 79020
42 79021
42 358326
43 27
43 660
43 21971
43 21974
43 21975
43 39567
43 358327
44 76
44 342
44 343
44 345
44 358328
45 5
45 84
45 90
45 93
45 121
45 3360
45 4621
45 28087
45 358329
46 90
46 443
46 11691
46 14741
46 358330
47 4
47 5
47 99
47 133
47 175
47 176
47 178
47 358331
48 4
48 5
48 202
48 795
48 8936
48 358332
49 3
49 4
49 5
49 780
49 782
49 358333
50 717
50 718
50 719
50 721
50 63929
51 10
51 146
51 147
51 149
51 722
52 5
52 20
52 99
52 131
52 132
52 133
52 165
52 166
53 5
53 20
53 202
53 566
53 568
53 358334
54 3
54 5
54 20
54 24371
54 24372
54 46130
54 46132
54 358335
55 71
55 76
55 190
55 191
55 358336
seqId 208
1 5
1 20
1 82
1 83
1 84
1 115
1 763
1 3948
1 358337
2 5
2 84
2 91
2 93
2 121
2 703
2 707
2 956
2 358338
3 5
3 20
3 90
3 122
3 708
3 713
3 9903
3 9905
3 358339
4 9
4 10
4 11
4 13
4 358340
5 90
5 443
5 24268
5 140316
5 358341
6 5
6 20
6 99
6 133
6 175
6 176
6 1316
6 126785
7 3
7 5
7 20
7 2034
7 2036
7 358342
8 158
8 159
8 160
8 162
8 358343
9 9
9 10
9 11
9 13
9 163
10 5
10 20
10 99
10 131
10 132
10 133
10 165
10 166
11 3
11 5
11 20
11 4434
11 4436
11 358344
12 5
12 20
12 202
12 59885
12 59887
12 358345
13 67
13 296
13 462
13 9802
13 9803
13 358346
14 660
14 3319
14 3320
14 3322
14 358347
15 9
15 10
15 24
15 26
15 27
15 358348
16 90
16 443
16 11744
16 15894
16 358349
17 5
17 20
17 99
17 133
17 175
17 176
17 1316
17 358350
18 3
18 5
18 20
18 138302
18 138304
18 358351
19 5
19 20
19 202
19 8917
19 8919
19 358352
20 9
20 10
20 11
20 13
20 63950
21 3
21 5
21 20
21 10041
21 10043
21 358353
22 9
22 10
22 11
22 13
22 358354
23 3
23 4
23 195
23 340
23 133079
23 133081
23 358355
24 9
24 10
24 24
24 26
24 27
24 358356
25 4
25 5
25 99
25 133
25 175
25 176
25 178
25 54225
26 3
26 4
26 5
26 5469
26 5471
26 358357
27 76
27 342
27 343
27 345
27 358358
28 243
28 244
28 245
28 247
28 358359
29 9
29 10
29 11
29 13
29 358360
30 3
30 20
30 195
30 1731
30 1733
30 358361
31 9
31 10
31 24
31 26
31 27
31 358362
32 4
32 5
32 202
32 2294
32 2296
32 358363
33 3
33 4
33 5
33 5469
33 5471
33 358364
34 71
34 76
34 190
34 191
34 358365
seqId 209
1 76
1 592
1 593
1 595
1 358366
2 5
2 27
2 99
2 131
2 132
2 133
2 699
2 358367
3 3
3 4
3 5
3 14523
3 14525
3 358368
4 230
4 231
4 232
4 234
4 126807
5 9
5 10
5 11
5 13
5 163
6 99
6 131
6 132
6 133
6 195
6 236
6 237
7 3
7 20
7 195
7 1806
7 1808
7 1809
7 1810
7 358369
8 10
8 146
8 147
8 149
8 358370
9 4
9 5
9 99
9 131
9 132
9 133
9 152
9 358371
10 3
10 4
10 5
10 2613
10 2615
10 358372
11 9
11 10
11 11
11 13
11 358373
12 5
12 27
12 99
12 131
12 132
12 133
12 135
12 358374
13 3
13 4
13 5
13 642
13 23331
13 358375
14 5
14 84
14 90
14 91
14 93
14 121
14 3360
14 5608
14 358376
15 443
15 703
15 707
15 2086
15 221281
16 660
16 2509
16 2510
16 2512
16 358377
17 4
17 5
17 90
17 122
17 708
17 713
17 8109
17 116261
17 358378
18 71
18 76
18 190
18 191
18 358379
seqId 210
1 4
1 5
1 99
1 131
1 132
1 133
1 811
1 54245
2 3
2 4
2 5
2 4851
2 4853
2 358380
3 10
3 109
3 110
3 112
3 358381
4 3
4 4
4 5
4 4420
4 4422
4 358382
5 9
5 10
5 11
5 13
5 358383
6 3
6 4
6 195
6 6862
6 14459
6 358384
7 4
7 195
7 202
7 340
7 4904
7 4906
7 358385
8 76
8 342
8 343
8 345
8 358386
9 9
9 10
9 11
9 13
9 358387
10 4
10 5
10 99
10 131
10 132
10 133
10 152
10 358388
11 3
11 4
11 5
11 2196
11 2649
11 358389
12 9
12 10
12 11
12 13
12 358390
13 3
13 20
13 195
13 7808
13 7810
13 358391
14 230
14 231
14 232
14 234
14 358392
15 9
15 10
15 11
15 13
15 163
16 99
16 131
16 132
16 133
16 195
16 236
16 237
17 3
17 20
17 195
17 1806
17 1808
17 1809
17 1810
17 358393
18 717
18 718
18 719
18 721
18 175274
19 10
19 146
19 147
19 149
19 722
20 5
20 20
20 99
20 131
20 132
20 133
20 165
20 166
21 3
21 5
21 20
21 11030
21 52023
21 358394
22 76
22 342
22 343
22 345
22 358395
23 243
23 244
23 245
23 247
23 358396
24 660
24 2509
24 2510
24 2512
24 358397
25 4
25 5
25 99
25 131
25 132
25 133
25 152
25 41836
26 4
26 5
26 202
26 6836
26 10499
26 41837
27 3
27 4
27 5
27 13389
27 13391
27 63997
28 76
28 413
28 414
28 416
28 358398
29 3
29 4
29 195
29 539
29 14828
29 358399
30 10
30 146
30 147
30 149
30 358400
31 3
31 5
31 20
31 11297
31 18838
31 358401
32 76
32 342
32 343
32 345
32 358402
33 3
33 4
33 195
33 340
33 20338
33 20340
33 358404
34 4
34 195
34 202
34 6269
34 8995
34 358405
35 76
35 433
35 434
35 436
35 358406
36 230
36 231
36 232
36 234
36 358407
37 9
37 10
37 11
37 13
37 163
38 99
38 131
38 132
38 133
38 195
38 236
38 237
39 3
39 4
39 195
39 27599
39 71545
39 358408
40 9
40 10
40 11
40 13
40 358409
41 3
41 5
41 20
41 2778
41 2780
41 358410
42 4
42 90
42 122
42 195
42 340
42 708
42 713
42 789
42 4136
42 64008
43 2822
43 2823
43 2824
43 2826
43 358411
44 10
44 146
44 147
44 149
44 722
45 99
45 131
45 132
45 133
45 195
45 236
45 237
46 3
46 20
46 195
46 1806
46 1808
46 1809
46 1810
46 126870
47 10
47 378
47 379
47 381
47 358412
48 3
48 4
48 195
48 3154
48 12349
48 358413
49 243
49 244
49 245
49 247
49 99172
50 3
50 4
50 195
50 2608
50 33258
50 358414
51 9
51 10
51 11
51 13
51 358415
52 3
52 5
52 20
52 2887
52 2889
52 358416
53 76
53 342
53 343
53 345
53 358417
54 5
54 20
54 85
54 202
54 1377
54 6487
54 126880
55 5
55 20
55 82
55 84
55 100
55 6672
55 28729
55 358418
56 5
56 84
56 90
56 91
56 93
56 121
56 33688
56 42703
56 358419
57 5
57 20
57 99
57 133
57 175
57 176
57 1316
57 358420
58 3
58 5
58 20
58 280305
58 280307
58 358421
59 5
59 20
59 202
59 19972
59 74707
59 358422
60 71
60 76
60 190
60 191
60 358423
seqId 211
1 5
1 20
1 82
1 83
1 84
1 115
1 763
1 3948
1 358424
2 5
2 84
2 90
2 91
2 92
2 93
2 12628
2 65298
2 358425
3 660
3 1897
3 1898
3 1900
3 358426
4 10
4 146
4 147
4 149
4 307252
5 5
5 27
5 99
5 131
5 132
5 133
5 135
5 307253
6 3
6 5
6 20
6 12575
6 12577
6 358427
7 90
7 443
7 21513
7 21515
7 358428
8 5
8 27
8 99
8 131
8 132
8 133
8 135
8 358429
9 3
9 4
9 5
9 14523
9 14525
9 358430
10 230
10 231
10 232
10 234
10 126898
11 9
11 10
11 11
11 13
11 163
12 99
12 131
12 132
12 133
12 195
12 236
12 237
13 3
13 20
13 195
13 1806
13 1808
13 1809
13 1810
13 358431
14 659
14 660
14 661
14 2274
14 358432
15 20
15 90
15 122
15 195
15 340
15 708
15 713
15 5533
15 8486
15 11765
16 10
16 146
16 147
16 149
16 175370
17 4
17 5
17 99
17 131
17 132
17 133
17 152
17 358433
18 3
18 4
18 5
18 2613
18 2615
18 358434
19 9
19 10
19 11
19 13
19 192947
20 5
20 27
20 99
20 131
20 132
20 133
20 135
20 358435
21 3
21 4
21 5
21 642
21 23331
21 358436
22 76
22 342
22 343
22 345
22 358437
23 82
23 758
23 759
23 761
23 358438
24 660
24 12080
24 12081
24 12083
24 358439
25 84
25 90
25 91
25 93
25 121
25 195
25 702
25 1062
25 358440
26 4
26 5
26 99
26 133
26 175
26 176
26 178
26 358441
27 3
27 4
27 5
27 897
27 899
27 175384
28 4
28 5
28 202
28 1104
28 102171
28 219839
28 358443
29 243
29 244
29 245
29 247
29 358444
30 1458
30 2717
30 4052
30 4054
30 358445
31 244
31 418
31 419
31 421
31 358446
32 3
32 5
32 20
32 112376
32 114275
32 358447
33 660
33 60479
33 60480
33 60482
33 358448
34 9
34 10
34 11
34 13
34 358449
35 5
35 27
35 99
35 131
35 132
35 133
35 135
35 358450
36 3
36 4
36 5
36 597
36 599
36 358451
37 76
37 342
37 343
37 345
37 307302
38 660
38 1377
38 6485
38 6487
38 358452
39 10
39 109
39 110
39 112
39 358453
40 90
40 121
40 122
40 17921
40 343667
40 358454
41 4
41 5
41 99
41 131
41 132
41 133
41 152
41 358455
42 3
42 4
42 5
42 27599
42 62043
42 358456
43 9
43 10
43 11
43 13
43 358457
44 90
44 443
44 3686
44 3688
44 175395
45 4
45 5
45 99
45 133
45 175
45 176
45 178
45 358458
46 3
46 4
46 5
46 15
46 17
46 358459
47 4
47 5
47 202
47 4904
47 4906
47 358460
48 10
48 283
48 284
48 286
48 358461
49 98
49 99
49 100
49 195
49 2073
49 358462
50 3
50 4
50 195
50 26959
50 27007
50 358463
51 71
51 76
51 190
51 191
51 331014
seqId 212
1 5
1 27
1 99
1 131
1 132
1 133
1 699
1 358464
2 3
2 4
2 5
2 642
2 23331
2 358465
3 5
3 84
3 90
3 91
3 93
3 121
3 9966
3 28344
3 331016
4 660
4 1622
4 1623
4 1625
4 358466
5 90
5 443
5 1345
5 9933
5 358467
6 10
6 146
6 147
6 149
6 358468
7 3
7 5
7 20
7 6840
7 6842
7 358469
8 99
8 131
8 132
8 133
8 195
8 237
8 331021
9 3
9 20
9 195
9 5228
9 5230
9 358470
10 20
10 195
10 202
10 340
10 2674
10 2676
10 358471
11 20
11 90
11 122
11 195
11 340
11 708
11 713
11 7432
11 7434
11 358472
12 10
12 1387
12 1388
12 1390
12 358473
13 99
13 133
13 175
13 176
13 195
13 234
13 358474
14 3
14 4
14 195
14 347
14 349
14 358475
15 4
15 195
15 202
15 13830
15 53096
15 358476
16 76
16 413
16 414
16 416
16 358477
17 67
17 31273
17 31274
17 31276
17 358478
18 76
18 342
18 343
18 345
18 64165
19 67
19 72
19 22053
19 22055
19 22056
19 70395
19 358479
20 76
20 433
20 434
20 436
20 41946
21 10
21 378
21 379
21 381
21 358480
22 90
22 443
22 116149
22 358482
22 358483
23 5
23 27
23 99
23 131
23 132
23 133
23 135
23 358484
24 3
24 4
24 5
24 2925
24 13421
24 13423
24 358485
25 158
25 159
25 160
25 162
25 358486
26 9
26 10
26 11
26 13
26 163
27 5
27 20
27 99
27 131
27 132
27 133
27 165
27 166
28 3
28 5
28 20
28 1320
28 1322
28 358487
29 230
29 231
29 232
29 234
29 358488
30 9
30 10
30 11
30 13
30 163
31 99
31 131
31 132
31 133
31 195
31 236
31 237
32 3
32 20
32 195
32 1806
32 1808
32 1809
32 1810
32 358489
33 10
33 109
33 110
33 112
33 358490
34 90
34 121
34 122
34 1345
34 30451
34 358491
35 10
35 109
35 110
35 112
35 99268
36 3
36 4
36 5
36 4406
36 24330
36 358492
37 99
37 133
37 175
37 176
37 195
37 234
37 358493
38 3
38 20
38 195
38 10660
38 10662
38 358494
39 20
39 195
39 202
39 6269
39 6271
39 358495
40 10
40 1387
40 1388
40 1390
40 358496
41 98
41 99
41 100
41 195
41 2073
41 358497
42 3
42 4
42 195
42 347
42 349
42 358498
43 717
43 718
43 719
43 721
43 358499
44 10
44 146
44 147
44 149
44 722
45 5
45 20
45 99
45 131
45 132
45 133
45 165
45 166
46 3
46 5
46 20
46 6686
46 6688
46 358500
47 5
47 20
47 26
47 202
47 4904
47 10364
47 10365
47 358501
48 71
48 76
48 190
48 191
48 358502
seqId 213
1 76
1 592
1 593
1 595
1 358503
2 10
2 378
2 3871
2 3873
2 358504
3 90
3 443
3 824
3 9665
3 358505
4 5
4 27
4 99
4 131
4 132
4 133
4 135
4 358506
5 3
5 4
5 5
5 14523
5 14525
5 358507
6 230
6 231
6 232
6 234
6 358508
7 9
7 10
7 11
7 13
7 163
8 99
8 131
8 132
8 133
8 195
8 236
8 237
9 3
9 20
9 195
9 1806
9 1808
9 1809
9 1810
9 358509
10 76
10 342
10 343
10 345
10 358510
11 99
11 131
11 132
11 133
11 195
11 237
11 358511
12 3
12 4
12 195
12 26959
12 27007
12 358512
13 4
13 195
13 202
13 1527
13 91998
13 358513
14 84
14 91
14 93
14 121
14 195
14 703
14 707
14 1858
14 358514
15 4
15 195
15 202
15 340
15 44556
15 134857
15 358515
16 75
16 76
16 77
16 79
16 358516
17 5
17 27
17 99
17 131
17 132
17 133
17 135
17 307379
18 3
18 4
18 5
18 642
18 23331
18 193068
19 5
19 84
19 90
19 91
19 93
19 121
19 2433
19 2435
19 358517
20 9
20 10
20 11
20 13
20 358518
21 660
21 661
21 910
21 1234
21 358519
22 90
22 443
22 2582
22 93204
22 358520
23 660
23 661
23 944
23 948
23 42016
24 9
24 10
24 24
24 26
24 27
24 358521
25 5
25 20
25 99
25 133
25 175
25 176
25 1316
25 358522
26 5
26 20
26 202
26 7021
26 19588
26 136003
27 3
27 5
27 20
27 1222
27 1281
27 358523
28 76
28 2265
28 2266
28 2268
28 42019
29 717
29 718
29 719
29 721
29 358524
30 10
30 146
30 147
30 149
30 722
31 5
31 20
31 99
31 131
31 132
31 133
31 165
31 166
32 3
32 5
32 20
32 12137
32 12139
32 358525
33 660
33 19655
33 19656
33 19658
33 358526
34 5
34 20
34 202
34 30387
34 30389
34 358527
35 27
35 945
35 7958
35 7959
35 7961
35 358528
36 5
36 20
36 82
36 83
36 84
36 115
36 763
36 1002
36 358529
37 5
37 84
37 91
37 93
37 121
37 703
37 707
37 956
37 358530
38 10
38 146
38 149
38 1539
38 358531
39 4
39 5
39 99
39 131
39 132
39 133
39 152
39 358532
40 3
40 4
40 5
40 3725
40 3727
40 358533
41 76
41 137
41 138
41 140
41 358534
42 3
42 4
42 5
42 1372
42 1423
42 358535
43 9
43 10
43 11
43 13
43 358536
44 5
44 27
44 99
44 131
44 132
44 133
44 135
44 358537
45 5
45 67
45 1104
45 75755
45 351807
45 351810
45 358538
46 76
46 185
46 186
46 188
46 358539
47 243
47 244
47 245
47 247
47 358540
48 3
48 5
48 20
48 1222
48 1281
48 358541
49 5
49 20
49 90
49 122
49 708
49 713
49 5290
49 22015
49 358542
50 10
50 828
50 829
50 831
50 358543
51 85
51 99
51 195
51 638
51 640
51 331095
52 3
52 20
52 72
52 195
52 340
52 1227
52 1229
52 1230
52 1231
52 358544
53 10
53 378
53 379
53 381
53 358545
54 82
54 83
54 84
54 115
54 5729
54 5731
54 193099
55 90
55 443
55 3686
55 3688
55 358546
56 660
56 1622
56 1623
56 1625
56 358547
57 99
57 115
57 195
57 773
57 775
57 776
57 2192
57 2194
57 358548
58 3
58 4
58 195
58 897
58 3520
58 358549
59 9
59 10
59 24
59 26
59 27
59 99333
60 3
60 20
60 195
60 1229
60 27157
60 358550
61 71
61 76
61 190
61 191
61 358551
seqId 214
1 10
1 109
1 878
1 1539
1 11960
2 3
2 5
2 20
2 1601
2 1603
2 358552
3 76
3 342
3 343
3 345
3 136040
4 4
4 5
4 99
4 133
4 175
4 176
4 178
4 99339
5 3
5 4
5 5
5 1372
5 1423
5 358553
6 4
6 5
6 90
6 122
6 708
6 713
6 789
6 4136
6 358554
7 2822
7 2823
7 2824
7 2826
7 358555
8 10
8 146
8 147
8 149
8 722
9 99
9 131
9 132
9 133
9 195
9 236
9 237
10 3
10 20
10 195
10 1806
10 1808
10 1809
10 1810
10 358556
11 5
11 84
11 90
11 93
11 121
11 2333
11 4621
11 334006
11 358557
12 9
12 10
12 11
12 13
12 358558
13 660
13 22631
13 22632
13 22634
13 358559
14 90
14 443
14 4483
14 357686
14 358560
15 5
15 20
15 99
15 133
15 175
15 176
15 1316
15 358561
16 76
16 137
16 138
16 140
16 358562
17 3
17 5
17 20
17 3386
17 10488
17 358563
18 76
18 185
18 186
18 188
18 358564
19 230
19 231
19 232
19 234
19 42069
20 9
20 10
20 11
20 13
20 163
21 99
21 131
21 132
21 133
21 195
21 236
21 237
22 3
22 20
22 195
22 1806
22 1808
22 1809
22 1810
22 358565
23 67
23 1104
23 75755
23 351807
23 351808
23 351810
23 358566
24 71
24 76
24 190
24 191
24 358567
seqId 215
1 660
1 918
1 941
1 198713
1 358568
2 944
2 945
2 946
2 948
2 358569
3 5
3 27
3 99
3 131
3 132
3 133
3 135
3 358570
4 3
4 4
4 5
4 597
4 599
4 358571
5 67
5 601
5 603
5 1197
5 358572
6 67
6 605
6 607
6 1199
6 358573
7 5
7 84
7 91
7 93
7 121
7 702
7 703
7 705
7 358574
8 5
8 20
8 90
8 122
8 708
8 769
8 10796
8 36031
8 358575
9 99
9 133
9 175
9 176
9 195
9 234
9 358576
10 3
10 20
10 195
10 331135
10 358578
10 358579
11 9
11 10
11 11
11 13
11 127075
12 3
12 20
12 195
12 240527
12 240529
12 358580
13 20
13 195
13 202
13 358582
13 358583
13 358584
14 98
14 99
14 100
14 195
14 2073
14 358585
15 4
15 195
15 202
15 9960
15 28670
15 221542
16 3
16 4
16 195
16 729
16 731
16 358586
17 76
17 342
17 343
17 345
17 358587
18 99
18 131
18 132
18 133
18 195
18 237
18 358588
19 3
19 4
19 195
19 470
19 24460
19 358589
20 4
20 195
20 202
20 6269
20 8995
20 358590
21 9
21 10
21 11
21 13
21 64314
22 5
22 27
22 99
22 131
22 132
22 133
22 135
22 64315
23 5
23 67
23 1104
23 75755
23 351807
23 351810
23 358591
24 10
24 109
24 110
24 112
24 358592
25 5
25 20
25 98
25 99
25 100
25 102
25 358593
26 3
26 5
26 20
26 18025
26 18027
26 358594
27 84
27 91
27 93
27 121
27 195
27 703
27 707
27 1858
27 358595
28 660
28 2586
28 2587
28 2589
28 358596
29 4
29 90
29 122
29 195
29 340
29 708
29 769
29 28166
29 129644
29 358597
30 3
30 4
30 5
30 14834
30 32753
30 358598
31 4
31 5
31 202
31 52510
31 358600
31 358601
32 71
32 76
32 190
32 191
32 358602
seqId 216
1 3
1 4
1 195
1 340
1 27599
1 27601
1 358603
2 243
2 244
2 245
2 247
2 358604
3 3
3 20
3 195
3 12983
3 23115
3 358605
4 20
4 90
4 122
4 195
4 708
4 713
4 4530
4 4532
4 358606
5 717
5 718
5 719
5 721
5 358607
6 10
6 146
6 147
6 149
6 722
7 5
7 20
7 99
7 131
7 132
7 133
7 165
7 166
8 3
8 5
8 20
8 3533
8 3535
8 358608
9 75
9 76
9 77
9 79
9 358609
seqId 217
1 5
1 20
1 99
1 131
1 132
1 133
1 967
1 358610
2 3
2 5
2 20
2 429
2 431
2 358611
3 10
3 126
3 127
3 129
3 358612
4 51
4 195
4 10375
4 10377
4 358613
5 3
5 20
5 195
5 6913
5 6915
5 358614
6 76
6 137
6 138
6 140
6 358615
7 5
7 27
7 99
7 131
7 132
7 133
7 699
7 358616
8 3
8 5
8 20
8 317
8 37361
8 358617
9 5
9 20
9 202
9 4397
9 24371
9 49832
9 119322
9 331170
10 76
10 185
10 186
10 188
10 358618
11 76
11 413
11 414
11 416
11 358619
12 67
12 71
12 1026
12 18413
12 18414
12 358620
13 67
13 1147
13 130327
13 353395
13 353396
13 358621
14 76
14 342
14 343
14 345
14 42129
15 67
15 71
15 71
15 72
15 4586
15 9179
15 338861
15 338862
15 358622
16 67
16 340
16 72995
16 142139
16 142550
16 352246
16 352247
16 358623
17 76
17 433
17 434
17 436
17 358624
18 82
18 758
18 759
18 761
18 358625
19 27
19 82
19 84
19 114
19 115
19 116
19 118
19 358626
20 5
20 84
20 90
20 91
20 93
20 121
20 22166
20 46137
20 127123
21 660
21 26477
21 26478
21 26480
21 358627
22 5
22 84
22 91
22 93
22 121
22 703
22 707
22 956
22 358628
23 5
23 20
23 202
23 137929
23 184793
23 358630
24 9
24 10
24 24
24 26
24 27
24 358631
25 5
25 20
25 99
25 133
25 175
25 176
25 1316
25 358632
26 5
26 20
26 202
26 22623
26 34456
26 358633
27 3
27 5
27 20
27 37928
27 37930
27 358634
28 9
28 10
28 11
28 13
28 175680
29 4
29 5
29 99
29 131
29 132
29 133
29 152
29 358635
30 4
30 5
30 67
30 5583
30 5585
30 5586
30 358636
31 67
31 1258
31 57345
31 57346
31 57348
31 358637
32 71
32 76
32 190
32 191
32 358638
seqId 218
1 5
1 20
1 82
1 83
1 84
1 115
1 763
1 3948
1 358639
2 5
2 84
2 91
2 93
2 121
2 702
2 703
2 705
2 358640
3 5
3 20
3 90
3 122
3 708
3 769
3 2333
3 7738
3 307524
4 9
4 10
4 11
4 13
4 358641
5 90
5 443
5 5138
5 20731
5 358642
6 99
6 133
6 175
6 176
6 195
6 234
6 358643
7 3
7 20
7 195
7 5228
7 5230
7 358644
8 20
8 72
8 195
8 202
8 340
8 22806
8 32062
8 32064
8 358645
9 243
9 244
9 245
9 247
9 358646
10 20
10 72
10 195
10 202
10 340
10 32064
10 195900
10 195902
10 358647
11 76
11 413
11 414
11 416
11 358648
12 10
12 1387
12 1388
12 1390
12 358649
13 67
13 601
13 603
13 1197
13 358650
14 51
14 195
14 2686
14 15391
14 358651
15 243
15 244
15 245
15 247
15 42172
16 5
16 20
16 99
16 131
16 132
16 133
16 166
16 358652
17 3
17 5
17 20
17 24554
17 50235
17 358653
18 5
18 20
18 202
18 2923
18 50020
18 358654
19 9
19 10
19 11
19 13
19 358655
20 3
20 4
20 5
20 59102
20 140647
20 358656
21 76
21 433
21 434
21 436
21 358657
22 71
22 76
22 190
22 191
22 358658
seqId 219
1 5
1 20
1 82
1 83
1 84
1 115
1 763
1 3948
1 358659
2 5
2 84
2 93
2 121
2 703
2 707
2 4621
2 28096
2 358660
3 5
3 20
3 202
3 22623
3 34456
3 358661
4 944
4 945
4 946
4 948
4 12133
5 5
5 27
5 99
5 131
5 132
5 133
5 135
5 358662
6 5
6 67
6 1104
6 75755
6 351807
6 351810
6 358663
7 5
7 84
7 90
7 91
7 93
7 121
7 3744
7 11637
7 358664
8 13
8 99
8 133
8 175
8 176
8 195
8 358665
9 20
9 195
9 202
9 795
9 2446
9 358666
10 3
10 20
10 195
10 429
10 4265
10 358667
11 9
11 10
11 11
11 13
11 12146
12 5
12 20
12 98
12 99
12 100
12 102
12 99447
13 3
13 5
13 20
13 465
13 40514
13 358668
14 76
14 342
14 343
14 345
14 175730
15 5
15 84
15 90
15 93
15 121
15 4415
15 26531
15 40114
15 358670
15 358671
16 99
16 131
16 132
16 133
16 195
16 237
16 358672
17 3
17 20
17 195
17 340
17 16650
17 16652
17 358673
18 9
18 10
18 11
18 13
18 331223
19 76
19 137
19 138
19 140
19 307568
20 5
20 27
20 99
20 131
20 132
20 133
20 699
20 358674
21 3
21 5
21 20
21 317
21 37361
21 54625
22 5
22 20
22 202
22 4397
22 24371
22 49832
22 64405
22 119322
23 76
23 185
23 186
23 188
23 175741
24 243
24 244
24 245
24 247
24 358675
25 5
25 84
25 90
25 91
25 93
25 121
25 22310
25 26531
25 68511
25 358677
26 99
26 131
26 132
26 133
26 195
26 237
26 12167
27 3
27 4
27 195
27 5512
27 5514
27 358678
28 660
28 976
28 977
28 979
28 358679
29 4
29 90
29 122
29 195
29 708
29 713
29 2787
29 5138
29 5140
29 358680
30 10
30 1387
30 1388
30 1390
30 175751
31 99
31 131
31 132
31 133
31 195
31 237
31 358681
32 3
32 20
32 195
32 2217
32 8955
32 358682
33 9
33 10
33 11
33 13
33 358683
34 3
34 4
34 5
34 59102
34 140647
34 358684
35 9
35 10
35 11
35 13
35 358685
36 67
36 601
36 603
36 1197
36 358686
37 51
37 195
37 2686
37 15391
37 358687
38 243
38 244
38 245
38 247
38 42220
39 5
39 20
39 99
39 131
39 132
39 133
39 166
39 12180
40 5
40 20
40 67
40 74483
40 351810
40 353661
40 358688
41 76
41 342
41 343
41 345
41 358689
42 10
42 109
42 110
42 112
42 331245
43 90
43 121
43 122
43 40114
43 40115
43 358690
44 660
44 22631
44 22632
44 22634
44 358691
45 72
45 660
45 2426
45 55166
45 55167
45 55169
45 358692
46 99
46 131
46 132
46 133
46 195
46 237
46 358693
47 3
47 4
47 195
47 340
47 59636
47 59638
47 358695
48 71
48 76
48 190
48 191
48 358696
seqId 220
1 3
1 5
1 20
1 2034
1 64495
1 358697
2 5
2 20
2 202
2 62155
2 62157
2 358698
3 9
3 10
3 11
3 13
3 358699
4 5
4 27
4 99
4 131
4 132
4 133
4 135
4 193302
5 5
5 67
5 2689
5 34134
5 358700
6 67
6 1104
6 5978
6 37859
6 48974
6 189216
6 189217
6 358701
7 76
7 413
7 414
7 416
7 358702
8 4
8 5
8 90
8 122
8 708
8 713
8 3482
8 28887
8 136213
9 660
9 2347
9 2348
9 2350
9 358703
10 5
10 20
10 202
10 7365
10 21213
10 358704
11 76
11 433
11 434
11 436
11 358705
12 76
12 342
12 343
12 345
12 358706
13 5
13 27
13 99
13 131
13 132
13 133
13 135
13 358707
14 5
14 67
14 1104
14 75755
14 351807
14 351810
14 358708
15 82
15 83
15 84
15 115
15 5729
15 5731
15 358709
16 5
16 84
16 90
16 91
16 92
16 93
16 1437
16 358711
16 358712
17 5
17 27
17 99
17 131
17 132
17 133
17 135
17 358713
18 3
18 4
18 5
18 17302
18 77832
18 358714
19 76
19 342
19 343
19 345
19 350228
20 10
20 283
20 284
20 286
20 358715
21 99
21 133
21 175
21 176
21 195
21 234
21 358716
22 3
22 4
22 195
22 4804
22 5101
22 358717
23 4
23 195
23 202
23 37595
23 105769
23 358718
24 90
24 121
24 122
24 135
24 4530
24 127221
24 165614
25 3
25 4
25 5
25 15
25 17
25 175802
26 76
26 342
26 343
26 345
26 175803
27 3
27 5
27 20
27 13108
27 29558
27 358719
28 76
28 342
28 343
28 345
28 358720
29 243
29 244
29 245
29 247
29 358721
30 3
30 4
30 5
30 5859
30 24599
30 358722
31 76
31 413
31 414
31 416
31 358723
32 4
32 195
32 202
32 35796
32 35798
32 358724
33 76
33 342
33 343
33 345
33 358725
34 243
34 244
34 245
34 247
34 358726
35 1458
35 2717
35 4052
35 4054
35 358727
36 244
36 418
36 419
36 421
36 358728
37 4
37 90
37 122
37 195
37 708
37 713
37 4530
37 9217
37 358729
38 717
38 718
38 719
38 721
38 42269
39 10
39 146
39 147
39 149
39 722
40 5
40 20
40 99
40 131
40 132
40 133
40 165
40 166
41 3
41 5
41 20
41 2947
41 2949
41 358730
42 76
42 433
42 434
42 436
42 358731
43 9
43 10
43 11
43 13
43 358732
44 90
44 443
44 4190
44 4192
44 358733
45 243
45 244
45 245
45 247
45 358734
46 90
46 443
46 23821
46 241344
46 358735
47 4
47 5
47 99
47 131
47 132
47 133
47 152
47 193343
48 3
48 4
48 5
48 5512
48 34639
48 358736
49 10
49 1605
49 1606
49 1608
49 358737
50 3
50 20
50 195
50 3937
50 3939
50 358738
51 20
51 195
51 202
51 340
51 26596
51 26598
51 358739
52 243
52 244
52 245
52 247
52 358740
53 20
53 195
53 202
53 37345
53 37347
53 358741
54 10
54 283
54 284
54 286
54 307647
55 4
55 5
55 99
55 133
55 175
55 176
55 178
55 358742
56 3
56 4
56 5
56 80037
56 198951
56 358743
57 10
57 146
57 147
57 149
57 127262
58 4
58 5
58 99
58 131
58 132
58 133
58 152
58 358744
59 3
59 4
59 5
59 21181
59 44341
59 358745
60 9
60 10
60 11
60 13
60 358746
61 5
61 27
61 99
61 131
61 132
61 133
61 135
61 358747
62 3
62 4
62 5
62 2702
62 2704
62 358748
63 4
63 5
63 202
63 39550
63 39552
63 358749
64 9
64 10
64 11
64 13
64 358750
65 5
65 27
65 99
65 131
65 132
65 133
65 135
65 358751
66 3
66 5
66 20
66 317
66 37361
66 358752
67 71
67 76
67 190
67 191
67 358753
seqId 221
1 5
1 20
1 98
1 99
1 100
1 4215
1 358754
2 3
2 5
2 20
2 11005
2 11007
2 136283
3 5
3 84
3 90
3 91
3 93
3 121
3 7704
3 30340
3 358755
4 660
4 3662
4 3663
4 3665
4 358756
5 85
5 99
5 195
5 638
5 640
5 358757
6 3
6 20
6 195
6 2034
6 3403
6 358758
7 9
7 10
7 11
7 13
7 358759
8 5
8 27
8 99
8 131
8 132
8 133
8 135
8 358760
9 3
9 4
9 5
9 642
9 23331
9 358761
10 82
10 758
10 759
10 761
10 358762
11 84
11 91
11 93
11 121
11 195
11 702
11 703
11 1062
11 358763
12 5
12 20
12 90
12 122
12 708
12 769
12 31304
12 58651
12 358764
13 243
13 244
13 245
13 247
13 358765
14 5
14 20
14 90
14 122
14 708
14 713
14 9303
14 20830
14 358766
15 660
15 3261
15 3262
15 3264
15 358767
16 158
16 159
16 160
16 162
16 358768
17 9
17 10
17 11
17 13
17 163
18 5
18 20
18 99
18 131
18 132
18 133
18 165
18 166
19 3
19 5
19 20
19 2947
19 2949
19 358769
20 76
20 342
20 343
20 345
20 358770
21 158
21 159
21 160
21 162
21 358771
22 9
22 10
22 11
22 13
22 163
23 5
23 20
23 99
23 131
23 132
23 133
23 165
23 166
24 3
24 5
24 20
24 24116
24 24118
24 358772
25 202
25 137866
25 193394
25 197238
25 204655
26 76
26 342
26 343
26 345
26 193395
27 9
27 10
27 11
27 13
27 193396
28 4
28 5
28 99
28 131
28 132
28 133
28 152
28 358773
29 3
29 4
29 5
29 21181
29 44341
29 358774
30 158
30 159
30 160
30 162
30 358775
31 9
31 10
31 11
31 13
31 163
32 5
32 20
32 99
32 131
32 132
32 133
32 165
32 166
33 5
33 20
33 36
33 67
33 11542
33 358777
33 358778
33 358779
34 244
34 418
34 419
34 421
34 193404
35 9
35 10
35 11
35 13
35 358780
36 4
36 5
36 99
36 131
36 132
36 133
36 152
36 358781
37 3
37 4
37 5
37 37439
37 107830
37 358783
37 358784
38 76
38 413
38 414
38 416
38 358785
39 64
39 67
39 71
39 53047
39 53048
39 358786
40 67
40 49510
40 206664
40 206665
40 206667
40 358787
41 76
41 342
41 343
41 345
41 358788
42 67
42 71
42 16138
42 95651
42 95652
42 358789
43 67
43 146404
43 175496
43 354005
43 354006
43 358790
44 76
44 342
44 343
44 345
44 358791
45 67
45 71
45 29005
45 29006
45 29008
45 358792
46 67
46 38604
46 93561
46 354210
46 354211
46 358793
47 76
47 342
47 343
47 345
47 350306
48 67
48 71
48 71
48 72
48 4586
48 9179
48 338861
48 338862
48 358794
49 67
49 340
49 72995
49 142139
49 142550
49 352246
49 352247
49 358795
50 76
50 342
50 343
50 345
50 358796
51 67
51 71
51 71
51 72
51 6078
51 46523
51 354496
51 354497
51 358797
52 67
52 75556
52 206429
52 206430
52 206432
52 358798
53 76
53 433
53 434
53 436
53 358799
54 71
54 76
54 190
54 191
54 358800
seqId 222
1 5
1 27
1 99
1 131
1 132
1 133
1 699
1 358801
2 3
2 4
2 5
2 17410
2 17412
2 358802
3 9
3 10
3 11
3 13
3 331374
4 5
4 20
4 98
4 99
4 100
4 102
4 331375
5 3
5 5
5 20
5 4784
5 45671
5 358803
6 27
6 82
6 84
6 114
6 115
6 116
6 118
6 358804
7 90
7 121
7 122
7 792
7 30624
7 68909
7 358805
8 660
8 1796
8 1797
8 1799
8 358806
9 10
9 146
9 147
9 149
9 358807
10 5
10 27
10 99
10 131
10 132
10 133
10 135
10 358808
11 3
11 5
11 20
11 2320
11 2322
11 358809
12 51
12 195
12 84551
12 234704
12 358810
13 76
13 413
13 414
13 416
13 307717
14 3
14 5
14 20
14 2723
14 2725
14 99612
15 10
15 146
15 147
15 149
15 358811
16 4
16 5
16 99
16 131
16 132
16 133
16 152
16 358812
17 3
17 4
17 5
17 313
17 5251
17 358813
18 243
18 244
18 245
18 247
18 358814
19 10
19 146
19 147
19 149
19 358815
20 4
20 5
20 99
20 131
20 132
20 133
20 152
20 358816
21 3
21 4
21 5
21 29726
21 63942
21 358817
22 76
22 433
22 434
22 436
22 358818
23 76
23 342
23 343
23 345
23 358819
24 27
24 944
24 945
24 1463
24 3308
24 358820
25 10
25 146
25 147
25 149
25 64595
26 5
26 27
26 99
26 131
26 132
26 133
26 135
26 358821
27 3
27 5
27 20
27 2320
27 2322
27 358822
28 71
28 509
28 2056
28 5178
28 42380
28 234709
29 76
29 413
29 414
29 416
29 358823
30 3
30 4
30 5
30 21181
30 44341
30 358824
31 9
31 10
31 11
31 13
31 358825
32 5
32 27
32 99
32 131
32 132
32 133
32 135
32 358826
33 3
33 5
33 20
33 317
33 37361
33 358827
34 5
34 20
34 90
34 122
34 708
34 713
34 2752
34 2754
34 358828
35 76
35 433
35 434
35 436
35 358829
36 243
36 244
36 245
36 247
36 358830
37 10
37 146
37 147
37 149
37 358831
38 5
38 27
38 99
38 131
38 132
38 133
38 135
38 358832
39 3
39 5
39 20
39 2320
39 2322
39 358833
40 51
40 195
40 1705
40 1707
40 358834
41 76
41 413
41 414
41 416
41 358835
42 3
42 5
42 20
42 7259
42 7261
42 350336
43 10
43 378
43 379
43 381
43 358836
44 4
44 5
44 99
44 131
44 132
44 133
44 152
44 358837
45 3
45 4
45 5
45 59102
45 59104
45 358838
46 4
46 5
46 99
46 131
46 132
46 133
46 152
46 127356
47 660
47 2347
47 2348
47 2350
47 358839
48 4
48 5
48 202
48 21185
48 78431
48 358840
49 76
49 433
49 434
49 436
49 358841
50 5
50 84
50 90
50 91
50 93
50 121
50 3360
50 5608
50 358842
51 90
51 442
51 443
51 445
51 358843
52 90
52 443
52 70495
52 70497
52 358844
53 99
53 131
53 132
53 133
53 195
53 237
53 358845
54 3
54 4
54 15
54 195
54 4121
54 358846
55 660
55 1305
55 1306
55 1308
55 358847
56 4
56 195
56 202
56 8973
56 158751
56 358848
57 76
57 342
57 343
57 345
57 358849
58 99
58 131
58 132
58 133
58 195
58 237
58 358850
59 3
59 20
59 195
59 13609
59 33503
59 358851
60 660
60 1305
60 1306
60 1308
60 358852
61 20
61 90
61 122
61 195
61 340
61 708
61 713
61 1509
61 24559
61 358853
62 76
62 342
62 343
62 345
62 358854
63 82
63 758
63 759
63 761
63 358855
64 84
64 90
64 91
64 93
64 121
64 195
64 702
64 1062
64 358856
65 3
65 4
65 5
65 21656
65 21658
65 358857
66 10
66 146
66 147
66 149
66 175971
67 90
67 443
67 5094
67 34555
67 358858
68 243
68 244
68 245
68 247
68 358859
69 90
69 443
69 3351
69 51184
69 67160
69 358860
70 99
70 115
70 195
70 773
70 775
70 776
70 2192
70 2194
70 358861
71 3
71 4
71 195
71 4228
71 4230
71 358862
72 71
72 76
72 190
72 191
72 358863
seqId 223
1 51
1 52
1 2151
1 2153
1 358864
2 76
2 592
2 593
2 595
2 358865
3 3
3 5
3 20
3 429
3 23585
3 358866
4 5
4 202
4 302
4 304
4 358867
5 10
5 146
5 147
5 149
5 175994
6 51
6 52
6 11257
6 11259
6 358868
7 3
7 20
7 195
7 6913
7 6915
7 358869
seqId 224
1 5
1 27
1 99
1 131
1 132
1 133
1 699
1 358870
2 3
2 4
2 5
2 642
2 23331
2 358871
3 82
3 84
3 114
3 115
3 116
3 1361
3 350380
4 5
4 84
4 90
4 91
4 93
4 121
4 9903
4 10728
4 358872
5 9
5 10
5 11
5 13
5 358873
6 90
6 443
6 5094
6 34555
6 358874
7 5
7 20
7 99
7 131
7 132
7 133
7 166
7 358875
8 3
8 5
8 20
8 1320
8 1322
8 12467
9 9
9 10
9 11
9 13
9 358876
10 3
10 4
10 5
10 346889
10 358878
10 358879
11 243
11 244
11 245
11 247
11 358880
12 9
12 10
12 11
12 13
12 358881
13 3
13 5
13 20
13 3650
13 3652
13 358882
14 9
14 10
14 11
14 13
14 358883
15 5
15 27
15 99
15 131
15 132
15 133
15 135
15 358884
16 3
16 4
16 5
16 1573
16 1575
16 358885
17 27
17 82
17 759
17 944
17 1463
17 358886
18 4
18 5
18 82
18 83
18 84
18 115
18 763
18 1264
18 358887
19 5
19 84
19 91
19 93
19 121
19 702
19 703
19 705
19 307795
20 5
20 20
20 90
20 122
20 708
20 769
20 12336
20 76933
20 176010
21 90
21 443
21 1437
21 10356
21 358888
22 98
22 99
22 100
22 195
22 2073
22 193536
23 4
23 195
23 202
23 9960
23 28670
23 358889
24 3
24 4
24 195
24 729
24 731
24 358890
25 71
25 76
25 190
25 191
25 358891
seqId 225
1 10
1 378
1 3871
1 3873
1 358892
2 20
2 82
2 84
2 98
2 100
2 102
2 358893
3 90
3 443
3 4766
3 5065
3 358894
4 76
4 342
4 343
4 345
4 136497
5 99
5 131
5 132
5 133
5 195
5 237
5 358895
6 51
6 195
6 1368
6 1370
6 358896
7 3
7 20
7 195
7 2320
7 16794
7 358897
8 84
8 91
8 92
8 93
8 195
8 703
8 707
8 12595
8 350408
9 20
9 90
9 122
9 195
9 708
9 713
9 28320
9 179483
9 358898
10 244
10 1249
10 1250
10 1252
10 358899
11 99
11 115
11 195
11 773
11 775
11 776
11 2192
11 2194
11 358900
12 3
12 4
12 195
12 3595
12 30277
12 358901
13 4
13 195
13 202
13 20423
13 20425
13 358902
14 84
14 91
14 92
14 93
14 195
14 703
14 707
14 12595
14 358903
15 4
15 90
15 122
15 195
15 340
15 708
15 713
15 21513
15 27350
15 350417
16 243
16 244
16 245
16 247
16 358904
17 4
17 90
17 122
17 195
17 340
17 708
17 713
17 4114
17 126911
17 358905
18 71
18 76
18 190
18 191
18 358906
seqId 226
1 51
1 52
1 680
1 1993
1 64732
2 71
2 76
2 190
2 191
2 64733
seqId 227
1 5
1 27
1 99
1 131
1 132
1 133
1 699
1 358907
2 3
2 5
2 20
2 2320
2 2322
2 331479
3 3
3 4
3 195
3 340
3 8152
3 111133
3 358908
4 243
4 244
4 245
4 247
4 358909
5 3
5 4
5 195
5 19879
5 26830
5 358910
6 9
6 10
6 11
6 13
6 358911
7 4
7 5
7 99
7 131
7 132
7 133
7 152
7 358912
8 3
8 4
8 5
8 313
8 5251
8 358913
9 76
9 342
9 343
9 345
9 12528
10 5
10 84
10 90
10 91
10 93
10 121
10 28320
10 120720
10 358914
11 243
11 244
11 245
11 247
11 358915
12 5
12 84
12 90
12 91
12 93
12 121
12 21513
12 35493
12 358916
13 99
13 131
13 132
13 133
13 195
13 237
13 358917
14 3
14 4
14 195
14 2359
14 2361
14 358918
15 76
15 342
15 343
15 345
15 358919
16 3
16 20
16 195
16 13609
16 33503
16 358920
17 243
17 244
17 245
17 247
17 358921
18 3
18 20
18 195
18 17780
18 27594
18 358922
19 660
19 3768
19 3769
19 3771
19 221887
20 20
20 90
20 122
20 195
20 708
20 713
20 6211
20 46147
20 358923
21 660
21 1305
21 1306
21 1308
21 358924
22 717
22 718
22 719
22 721
22 358925
23 10
23 146
23 147
23 149
23 722
24 5
24 20
24 99
24 131
24 132
24 133
24 165
24 166
25 3
25 5
25 20
25 1320
25 1322
25 358926
26 71
26 76
26 190
26 191
26 358927
seqId 228
1 243
1 244
1 22047
1 77064
1 127464
2 20
2 82
2 84
2 98
2 100
2 102
2 358928
3 10
3 109
3 112
3 1539
3 221892
4 3
4 5
4 20
4 1601
4 1603
4 358929
5 10
5 109
5 110
5 112
5 42509
6 3
6 4
6 5
6 59102
6 59104
6 358930
7 230
7 231
7 232
7 234
7 64766
8 9
8 10
8 11
8 13
8 163
9 99
9 131
9 132
9 133
9 195
9 236
9 237
10 3
10 4
10 195
10 172261
10 172263
10 358931
11 76
11 413
11 414
11 416
11 99759
12 67
12 71
12 407
12 18660
12 18661
12 358932
13 67
13 57044
13 299385
13 354179
13 354180
13 358933
14 76
14 342
14 343
14 345
14 358934
15 42
15 67
15 71
15 9541
15 9542
15 358935
16 67
16 22227
16 48669
16 354119
16 354120
16 358936
17 76
17 433
17 434
17 436
17 64775
18 71
18 76
18 190
18 191
18 42520
seqId 229
1 5
1 20
1 99
1 131
1 132
1 133
1 967
1 358937
2 3
2 5
2 20
2 4570
2 4572
2 358938
3 5
3 20
3 202
3 28847
3 75145
3 358939
4 9
4 10
4 11
4 13
4 358940
5 67
5 71
5 16138
5 95651
5 95652
5 358941
6 67
6 146404
6 175496
6 354005
6 354006
6 358942
7 10
7 283
7 284
7 286
7 358943
8 5
8 27
8 99
8 131
8 132
8 133
8 135
8 358944
9 3
9 4
9 5
9 642
9 23331
9 358945
10 5
10 84
10 91
10 93
10 121
10 703
10 12587
10 350308
10 358947
11 90
11 443
11 3906
11 41387
11 358948
12 717
12 718
12 719
12 721
12 127485
13 10
13 146
13 147
13 149
13 722
14 5
14 20
14 99
14 131
14 132
14 133
14 165
14 166
15 5
15 20
15 202
15 784
15 4033
15 358949
16 3
16 5
16 20
16 15008
16 15010
16 358950
17 5
17 27
17 99
17 131
17 132
17 133
17 135
17 358951
18 3
18 4
18 5
18 1395
18 5941
18 358952
19 9
19 10
19 11
19 13
19 358953
20 4
20 5
20 99
20 131
20 132
20 133
20 152
20 193622
21 3
21 4
21 5
21 104024
21 104026
21 358954
22 10
22 283
22 284
22 286
22 358955
23 5
23 99
23 115
23 773
23 774
23 775
23 776
23 778
23 358956
24 3
24 5
24 20
24 2601
24 2603
24 358957
25 5
25 20
25 202
25 12237
25 12239
25 358958
26 76
26 413
26 414
26 416
26 99790
27 9
27 10
27 11
27 13
27 331536
28 5
28 27
28 99
28 131
28 132
28 133
28 135
28 358959
29 3
29 4
29 5
29 14686
29 14688
29 358960
30 4
30 5
30 202
30 5273
30 176128
30 358961
31 10
31 146
31 147
31 149
31 358962
32 4
32 5
32 99
32 131
32 132
32 133
32 152
32 358963
33 3
33 4
33 5
33 104024
33 104026
33 358964
34 4
34 5
34 202
34 21185
34 78431
34 358965
35 76
35 433
35 434
35 436
35 307906
36 76
36 342
36 343
36 345
36 307907
37 10
37 1387
37 1388
37 1390
37 358966
38 5
38 20
38 99
38 133
38 175
38 176
38 1316
38 176108
39 3
39 5
39 20
39 7259
39 7261
39 358967
40 5
40 20
40 202
40 1601
40 1603
40 358968
41 10
41 378
41 379
41 381
41 358969
42 5
42 27
42 99
42 131
42 132
42 133
42 135
42 358970
43 3
43 4
43 5
43 4198
43 4200
43 358971
44 10
44 1605
44 1606
44 1608
44 358972
45 5
45 27
45 99
45 131
45 132
45 133
45 135
45 358973
46 3
46 4
46 5
46 340
46 5804
46 10651
46 10652
46 10653
46 10961
46 358974
47 9
47 10
47 11
47 13
47 358975
48 4
48 5
48 99
48 131
48 132
48 133
48 152
48 358976
49 3
49 4
49 5
49 104024
49 104026
49 358977
50 243
50 244
50 245
50 247
50 54980
51 230
51 231
51 232
51 234
51 358978
52 9
52 10
52 11
52 13
52 163
53 99
53 131
53 132
53 133
53 195
53 236
53 237
54 3
54 4
54 195
54 21181
54 21183
54 358979
55 4
55 195
55 202
55 21185
55 21187
55 358980
56 76
56 413
56 414
56 416
56 358981
57 3
57 5
57 20
57 5945
57 5947
57 358982
58 76
58 342
58 343
58 345
58 358983
59 3
59 5
59 20
59 25355
59 25357
59 358984
60 243
60 244
60 245
60 247
60 358985
61 3
61 4
61 5
61 18773
61 18775
61 358986
62 76
62 433
62 434
62 436
62 358987
63 71
63 76
63 190
63 191
63 358988
seqId 230
1 5
1 20
1 99
1 131
1 132
1 133
1 967
1 358989
2 3
2 5
2 20
2 1942
2 1944
2 358990
3 9
3 10
3 11
3 13
3 358991
4 51
4 195
4 1501
4 1503
4 358992
5 3
5 20
5 195
5 340
5 1980
5 69666
5 358993
6 660
6 2347
6 2348
6 2350
6 358994
7 660
7 6286
7 6287
7 6289
7 358995
8 20
8 90
8 122
8 195
8 708
8 713
8 4530
8 4532
8 358996
9 10
9 146
9 147
9 149
9 42606
10 5
10 20
10 98
10 99
10 100
10 3961
10 358997
11 3
11 5
11 20
11 2320
11 2322
11 12672
12 76
12 413
12 414
12 416
12 358998
13 42
13 67
13 71
13 9541
13 9542
13 358999
14 67
14 61863
14 61864
14 61866
14 359000
15 243
15 244
15 245
15 247
15 99844
16 67
16 71
16 71
16 72
16 4586
16 9179
16 338861
16 338862
16 359001
17 67
17 340
17 72995
17 142139
17 142550
17 352246
17 352247
17 359002
18 76
18 433
18 434
18 436
18 359003
19 5
19 84
19 90
19 91
19 93
19 121
19 10063
19 68309
19 359004
20 5
20 20
20 90
20 122
20 708
20 769
20 6786
20 48711
20 359005
21 5
21 20
21 99
21 131
21 132
21 133
21 166
21 359006
22 76
22 137
22 138
22 140
22 359007
23 3
23 5
23 20
23 981
23 11977
23 359008
24 76
24 185
24 186
24 188
24 359009
25 230
25 231
25 232
25 234
25 359010
26 9
26 10
26 11
26 13
26 163
27 99
27 131
27 132
27 133
27 195
27 236
27 237
28 3
28 4
28 15
28 195
28 4121
28 359011
29 82
29 758
29 759
29 761
29 359012
30 82
30 83
30 84
30 115
30 5729
30 5731
30 359013
31 84
31 91
31 92
31 93
31 195
31 703
31 707
31 12595
31 176161
32 4
32 90
32 122
32 195
32 708
32 713
32 3686
32 5120
32 359014
33 158
33 159
33 160
33 162
33 359015
34 9
34 10
34 11
34 13
34 163
35 5
35 20
35 99
35 131
35 132
35 133
35 165
35 166
36 3
36 5
36 20
36 3118
36 3120
36 359016
37 9
37 10
37 11
37 13
37 331597
38 3
38 4
38 5
38 3123
38 3125
38 359017
39 230
39 231
39 232
39 234
39 359018
40 9
40 10
40 11
40 13
40 163
41 99
41 131
41 132
41 133
41 195
41 236
41 237
42 3
42 4
42 195
42 2359
42 2361
42 359019
43 4
43 195
43 202
43 22418
43 208387
43 359020
44 76
44 2265
44 2266
44 2268
44 12712
45 10
45 109
45 112
45 1539
45 99873
46 3
46 5
46 20
46 1601
46 1603
46 359021
47 99
47 131
47 132
47 133
47 195
47 237
47 359022
48 3
48 4
48 15
48 195
48 4121
48 359023
49 10
49 109
49 110
49 112
49 359024
50 3
50 4
50 195
50 340
50 37439
50 55269
50 62165
50 359025
51 243
51 244
51 245
51 247
51 359026
52 3
52 4
52 5
52 59102
52 59104
52 359027
53 9
53 10
53 11
53 13
53 359028
54 4
54 5
54 99
54 131
54 132
54 133
54 152
54 359029
55 3
55 4
55 5
55 196588
55 196589
55 359030
56 10
56 1010
56 1011
56 1013
56 359031
57 4
57 195
57 202
57 6111
57 13114
57 359032
58 243
58 244
58 245
58 247
58 359033
59 82
59 758
59 759
59 761
59 359034
60 84
60 91
60 93
60 121
60 195
60 702
60 703
60 1062
60 359035
61 5
61 20
61 90
61 122
61 708
61 769
61 11691
61 46225
61 359036
62 5
62 20
62 99
62 133
62 175
62 176
62 1316
62 359037
63 5
63 20
63 202
63 7021
63 19588
63 359038
64 3
64 5
64 20
64 25943
64 25945
64 359039
65 3
65 2548
65 9789
65 9791
65 308017
66 10
66 146
66 147
66 149
66 359040
67 4
67 5
67 99
67 131
67 132
67 133
67 152
67 359041
68 3
68 4
68 5
68 9853
68 9855
68 359042
69 9
69 10
69 11
69 13
69 359043
70 42
70 67
70 71
70 9541
70 9542
70 359044
71 67
71 61863
71 61864
71 61866
71 359045
72 84
72 90
72 91
72 92
72 93
72 195
72 1437
72 184233
72 359046
73 76
73 342
73 343
73 345
73 359047
74 244
74 418
74 419
74 421
74 359048
75 660
75 661
75 910
75 1234
75 193754
76 84
76 90
76 91
76 92
76 93
76 195
76 1437
76 184233
76 359049
77 660
77 661
77 1240
77 1242
77 350590
78 13
78 99
78 133
78 175
78 176
78 195
78 350591
79 3
79 20
79 195
79 340
79 16650
79 16652
79 359050
80 75
80 76
80 77
80 79
80 99924
81 5
81 20
81 82
81 84
81 100
81 6672
81 28729
81 359051
82 5
82 84
82 90
82 91
82 92
82 93
82 22718
82 359053
82 359054
83 99
83 133
83 175
83 176
83 195
83 234
83 359055
84 3
84 20
84 195
84 340
84 2094
84 2096
84 359056
85 10
85 146
85 147
85 149
85 359057
86 90
86 442
86 443
86 445
86 359058
87 71
87 76
87 190
87 191
87 359059
seqId 231
1 5
1 20
1 99
1 131
1 132
1 133
1 967
1 359060
2 3
2 5
2 20
2 2094
2 2096
2 359061
3 10
3 109
3 110
3 112
3 42693
4 51
4 195
4 1879
4 1881
4 359062
5 9
5 10
5 24
5 26
5 27
5 359063
6 67
6 72
6 452
6 8740
6 31952
6 352256
6 352257
6 359064
7 67
7 12797
7 352260
7 352261
7 359065
8 10
8 1010
8 1011
8 1013
8 359066
9 67
9 71
9 71
9 675
9 4796
9 352313
9 352314
9 359067
10 5
10 84
10 90
10 91
10 93
10 121
10 3830
10 12784
10 28470
11 90
11 443
11 2333
11 3366
11 359068
12 9
12 10
12 11
12 13
12 359069
13 90
13 443
13 4190
13 4192
13 359070
14 99
14 131
14 132
14 133
14 195
14 237
14 193781
15 3
15 4
15 15
15 195
15 4121
15 359071
16 10
16 126
16 127
16 129
16 359072
17 99
17 131
17 132
17 133
17 195
17 237
17 359073
18 3
18 4
18 195
18 8152
18 8154
18 359074
19 9
19 10
19 11
19 13
19 64955
20 5
20 27
20 99
20 131
20 132
20 133
20 135
20 359075
21 3
21 4
21 5
21 6876
21 7950
21 359076
22 76
22 413
22 414
22 416
22 359077
23 3
23 5
23 20
23 1684
23 13711
23 359078
24 5
24 20
24 202
24 3244
24 7638
24 359079
25 158
25 159
25 160
25 162
25 359080
26 9
26 10
26 11
26 13
26 163
27 5
27 20
27 99
27 131
27 132
27 133
27 165
27 166
28 3
28 5
28 20
28 429
28 431
28 359081
29 9
29 10
29 24
29 26
29 27
29 64963
30 3
30 4
30 5
30 642
30 23331
30 359082
31 76
31 433
31 434
31 436
31 359083
32 10
32 828
32 829
32 831
32 359084
33 4
33 5
33 99
33 133
33 175
33 176
33 178
33 359085
34 3
34 4
34 5
34 3691
34 3693
34 359086
35 10
35 126
35 127
35 129
35 359087
36 99
36 131
36 132
36 133
36 195
36 237
36 359088
37 3
37 4
37 195
37 8152
37 8154
37 359089
38 9
38 10
38 11
38 13
38 359090
39 5
39 27
39 99
39 131
39 132
39 133
39 135
39 359091
40 3
40 4
40 5
40 5359
40 10226
40 118162
40 359093
41 76
41 342
41 343
41 345
41 350634
42 4
42 5
42 90
42 122
42 708
42 713
42 3686
42 3765
42 359094
43 10
43 146
43 147
43 149
43 359095
44 5
44 27
44 99
44 131
44 132
44 133
44 135
44 359096
45 3
45 4
45 5
45 60627
45 60629
45 359097
46 10
46 1605
46 1606
46 1608
46 127651
47 5
47 27
47 99
47 131
47 132
47 133
47 135
47 359098
48 3
48 5
48 20
48 2320
48 2322
48 359099
49 3
49 4
49 195
49 340
49 8152
49 111133
49 359100
50 243
50 244
50 245
50 247
50 359101
51 3
51 4
51 195
51 19879
51 26830
51 359102
52 9
52 10
52 11
52 13
52 359103
53 4
53 5
53 99
53 131
53 132
53 133
53 152
53 359104
54 3
54 4
54 5
54 313
54 5251
54 359105
55 76
55 413
55 414
55 416
55 359106
56 3
56 4
56 5
56 340
56 5804
56 10651
56 10652
56 10653
56 10961
56 359107
57 9
57 10
57 11
57 13
57 359108
58 4
58 5
58 99
58 131
58 132
58 133
58 152
58 176296
59 3
59 4
59 5
59 26989
59 26991
59 359109
60 76
60 433
60 434
60 436
60 359110
61 243
61 244
61 245
61 247
61 359111
62 99
62 131
62 132
62 133
62 195
62 237
62 359112
63 3
63 4
63 15
63 195
63 4121
63 359113
64 4
64 90
64 122
64 195
64 708
64 713
64 3686
64 5120
64 359114
65 10
65 126
65 127
65 129
65 222111
66 4
66 5
66 99
66 131
66 132
66 133
66 152
66 359115
67 3
67 4
67 5
67 59102
67 59104
67 359116
68 4
68 5
68 202
68 140235
68 144993
68 359117
69 71
69 76
69 190
69 191
69 359118
seqId 232
1 5
1 27
1 99
1 131
1 132
1 133
1 699
1 359119
2 3
2 4
2 5
2 642
2 23331
2 193829
3 5
3 84
3 90
3 91
3 93
3 121
3 33961
3 41492
3 359120
4 660
4 1622
4 1623
4 1625
4 359121
5 13
5 99
5 133
5 175
5 176
5 195
5 42774
6 20
6 195
6 202
6 22623
6 169056
6 359122
7 3
7 20
7 195
7 213404
7 359124
7 359125
8 10
8 126
8 127
8 129
8 359126
9 5
9 20
9 82
9 84
9 100
9 10142
9 78570
9 359127
10 27
10 944
10 945
10 1463
10 3308
10 359128
11 5
11 20
11 99
11 133
11 175
11 176
11 1316
11 359129
12 3
12 5
12 20
12 1126
12 1128
12 222123
13 9
13 10
13 11
13 13
13 359130
14 3
14 5
14 20
14 47536
14 47539
14 359131
15 76
15 342
15 343
15 345
15 359132
16 5
16 20
16 90
16 122
16 708
16 713
16 77280
16 77282
16 359133
17 4
17 5
17 98
17 99
17 100
17 1927
17 42784
18 3
18 4
18 5
18 729
18 4454
18 359134
19 76
19 342
19 343
19 345
19 359135
20 5
20 84
20 91
20 92
20 93
20 703
20 707
20 16563
20 359136
21 5
21 20
21 90
21 122
21 708
21 713
21 9903
21 9905
21 359137
22 5
22 27
22 99
22 131
22 132
22 133
22 135
22 359138
23 3
23 4
23 5
23 729
23 4454
23 359139
24 4
24 5
24 202
24 566
24 28249
24 359140
25 82
25 758
25 759
25 761
25 359141
26 5
26 20
26 82
26 83
26 84
26 115
26 763
26 765
26 359142
27 5
27 84
27 90
27 91
27 92
27 93
27 2333
27 29210
27 359143
28 9
28 10
28 11
28 13
28 331736
29 90
29 443
29 12430
29 77583
29 359144
30 5
30 20
30 99
30 133
30 175
30 176
30 1316
30 359145
31 3
31 5
31 20
31 64
31 71
31 71
31 37859
31 359147
31 359148
32 10
32 109
32 110
32 112
32 359149
33 3
33 4
33 5
33 59102
33 59104
33 359150
34 9
34 10
34 11
34 13
34 359151
35 5
35 27
35 99
35 131
35 132
35 133
35 135
35 359152
36 3
36 5
36 20
36 39897
36 39899
36 359153
37 243
37 244
37 247
37 1458
37 222153
38 1458
38 2717
38 4052
38 4054
38 359154
39 244
39 418
39 419
39 421
39 359155
40 9
40 10
40 11
40 13
40 359156
41 4
41 5
41 99
41 131
41 132
41 133
41 152
41 359157
42 3
42 4
42 5
42 55516
42 70448
42 359158
43 243
43 244
43 245
43 247
43 359159
44 1458
44 2717
44 4052
44 4054
44 359160
45 244
45 418
45 419
45 421
45 359161
46 99
46 133
46 175
46 176
46 195
46 234
46 308170
47 3
47 20
47 195
47 340
47 61744
47 91801
47 359162
48 20
48 195
48 202
48 340
48 78900
48 172989
48 359164
49 243
49 244
49 245
49 247
49 359165
50 20
50 195
50 202
50 5273
50 5667
50 222164
51 10
51 1387
51 1388
51 1390
51 359166
52 5
52 20
52 99
52 133
52 175
52 176
52 1316
52 359167
53 3
53 5
53 20
53 7259
53 7261
53 359168
54 10
54 378
54 379
54 381
54 359169
55 99
55 131
55 132
55 133
55 195
55 237
55 359170
56 3
56 20
56 195
56 3937
56 3939
56 359171
57 20
57 195
57 202
57 21185
57 54136
57 359172
58 20
58 90
58 122
58 195
58 708
58 713
58 4530
58 4532
58 359173
59 2822
59 2823
59 2824
59 2826
59 308190
60 10
60 146
60 147
60 149
60 722
61 99
61 131
61 132
61 133
61 195
61 236
61 237
62 3
62 4
62 195
62 313
62 6526
62 308191
63 9
63 10
63 11
63 13
63 359174
64 5
64 27
64 99
64 131
64 132
64 133
64 135
64 359175
65 3
65 5
65 20
65 39897
65 39899
65 359176
66 71
66 76
66 190
66 191
66 359177
seqId 233
1 660
1 976
1 7272
1 7274
1 359178
2 76
2 342
2 343
2 345
2 193890
3 10
3 2408
3 2410
3 10221
3 55241
4 72
4 90
4 443
4 1845
4 3681
4 14727
4 59441
4 359180
4 359181
5 10
5 146
5 147
5 149
5 100047
6 5
6 27
6 99
6 131
6 132
6 133
6 135
6 359182
7 3
7 4
7 5
7 359184
7 359185
7 359186
8 5
8 20
8 99
8 131
8 132
8 133
8 166
8 359187
9 3
9 5
9 20
9 951
9 953
9 359188
10 9
10 10
10 24
10 26
10 27
10 359189
11 3
11 4
11 5
11 13887
11 26751
11 359190
12 230
12 231
12 232
12 234
12 359191
13 9
13 10
13 11
13 13
13 163
14 99
14 131
14 132
14 133
14 195
14 236
14 237
15 3
15 20
15 195
15 38807
15 100053
15 144827
16 20
16 90
16 122
16 195
16 340
16 708
16 713
16 12430
16 12432
16 359192
17 10
17 283
17 284
17 286
17 359193
18 4
18 5
18 99
18 133
18 175
18 176
18 178
18 359194
19 3
19 4
19 5
19 346889
19 358879
19 359195
20 9
20 10
20 11
20 13
20 359196
21 3
21 5
21 20
21 34497
21 57859
21 359197
22 76
22 342
22 343
22 345
22 359198
23 5
23 27
23 99
23 131
23 132
23 133
23 135
23 359199
24 5
24 67
24 1104
24 75755
24 351807
24 351810
24 359200
25 82
25 84
25 114
25 115
25 116
25 1361
25 350739
26 5
26 84
26 90
26 91
26 93
26 121
26 768
26 12243
26 359201
27 99
27 131
27 132
27 133
27 195
27 237
27 359202
28 3
28 20
28 195
28 1718
28 1720
28 359203
29 9
29 10
29 24
29 26
29 27
29 359204
30 90
30 443
30 1587
30 4404
30 4406
30 359205
31 717
31 718
31 719
31 721
31 359206
32 10
32 146
32 147
32 149
32 722
33 5
33 20
33 99
33 131
33 132
33 133
33 165
33 166
34 3
34 5
34 20
34 3650
34 3652
34 359207
35 9
35 10
35 11
35 13
35 359208
36 5
36 99
36 115
36 773
36 774
36 775
36 776
36 778
36 359209
37 3
37 4
37 5
37 1573
37 1575
37 359210
38 717
38 718
38 719
38 721
38 359211
39 10
39 146
39 147
39 149
39 722
40 5
40 20
40 99
40 131
40 132
40 133
40 165
40 166
41 3
41 5
41 20
41 1325
41 1327
41 359212
42 9
42 10
42 11
42 13
42 42865
43 5
43 99
43 115
43 773
43 774
43 775
43 776
43 778
43 42866
44 3
44 5
44 20
44 475
44 25021
44 359213
45 10
45 109
45 110
45 112
45 359214
46 82
46 84
46 114
46 115
46 116
46 1361
46 350758
47 90
47 121
47 122
47 9903
47 81065
47 176423
48 9
48 10
48 11
48 13
48 359215
49 90
49 443
49 78065
49 144482
49 359216
50 99
50 133
50 175
50 176
50 195
50 234
50 100078
51 3
51 4
51 15
51 195
51 4121
51 65137
52 9
52 10
52 11
52 13
52 65139
53 3
53 5
53 20
53 10370
53 10372
53 359217
54 9
54 10
54 11
54 13
54 359218
55 660
55 7237
55 10032
55 10034
55 359219
56 4
56 5
56 202
56 21213
56 21215
56 350771
57 3
57 4
57 5
57 6713
57 6715
57 136997
58 82
58 758
58 759
58 761
58 136998
59 5
59 84
59 90
59 91
59 93
59 121
59 4148
59 5150
59 136999
60 5
60 27
60 99
60 131
60 132
60 133
60 135
60 359220
61 3
61 4
61 5
61 1395
61 5941
61 359221
62 230
62 231
62 232
62 234
62 359222
63 9
63 10
63 11
63 13
63 163
64 99
64 131
64 132
64 133
64 195
64 236
64 237
65 76
65 137
65 138
65 140
65 308262
66 3
66 4
66 195
66 8152
66 8154
66 359223
67 243
67 244
67 245
67 247
67 359224
68 3
68 4
68 195
68 19879
68 26830
68 359225
69 9
69 10
69 11
69 13
69 359226
70 4
70 5
70 99
70 131
70 132
70 133
70 152
70 359227
71 3
71 4
71 5
71 313
71 5251
71 359228
72 76
72 185
72 186
72 188
72 359229
73 10
73 283
73 284
73 286
73 359230
74 5
74 20
74 99
74 133
74 175
74 176
74 1316
74 359231
75 3
75 5
75 20
75 272
75 894
75 359232
76 5
76 20
76 202
76 22418
76 87145
76 359233
77 76
77 342
77 343
77 345
77 359234
78 660
78 1377
78 6485
78 6487
78 359235
79 10
79 109
79 110
79 112
79 359236
80 90
80 121
80 122
80 21513
80 126746
80 359237
81 5
81 20
81 99
81 131
81 132
81 133
81 166
81 331831
82 3
82 5
82 20
82 9584
82 9586
82 359238
83 9
83 10
83 24
83 26
83 27
83 359239
84 4
84 5
84 99
84 133
84 175
84 176
84 178
84 42912
85 3
85 4
85 5
85 80037
85 198951
85 359240
86 10
86 1387
86 1388
86 1390
86 359241
87 99
87 131
87 132
87 133
87 195
87 237
87 359242
88 3
88 20
88 195
88 1684
88 1686
88 359243
89 9
89 10
89 11
89 13
89 359244
90 5
90 27
90 99
90 131
90 132
90 133
90 135
90 359245
91 3
91 5
91 20
91 317
91 37361
91 359246
92 243
92 244
92 245
92 247
92 222256
93 99
93 133
93 175
93 176
93 195
93 234
93 359247
94 3
94 20
94 195
94 3937
94 3939
94 359248
95 20
95 195
95 202
95 340
95 26596
95 26598
95 359249
96 10
96 283
96 284
96 286
96 359250
97 5
97 99
97 115
97 773
97 775
97 776
97 2192
97 3593
97 359251
98 3
98 4
98 5
98 65186
98 80037
98 198951
99 10
99 1387
99 1388
99 1390
99 359252
100 5
100 20
100 99
100 131
100 132
100 133
100 166
100 359253
101 660
101 2347
101 2348
101 2350
101 359254
102 5
102 20
102 202
102 21185
102 41254
102 359255
103 71
103 76
103 190
103 191
103 359256
seqId 234
1 51
1 52
1 2054
1 2056
1 359257
2 71
2 76
2 190
2 191
2 359258
seqId 235
1 5
1 27
1 99
1 131
1 132
1 133
1 699
1 359259
2 3
2 5
2 20
2 2320
2 2322
2 359260
3 3
3 5
3 20
3 2081
3 29574
3 127829
4 243
4 244
4 245
4 247
4 359261
5 3
5 4
5 5
5 302012
5 302014
5 359262
6 9
6 10
6 11
6 13
6 359263
7 5
7 27
7 99
7 131
7 132
7 133
7 135
7 359264
8 3
8 5
8 20
8 39897
8 39899
8 359265
9 76
9 342
9 343
9 345
9 359266
10 5
10 20
10 90
10 122
10 708
10 713
10 100138
10 359268
10 359269
11 3
11 5
11 20
11 2320
11 2322
11 359270
12 76
12 137
12 138
12 140
12 359271
13 90
13 443
13 3624
13 41069
13 79978
13 359272
14 5
14 27
14 99
14 131
14 132
14 133
14 135
14 359273
15 3
15 5
15 20
15 317
15 101512
15 359274
16 76
16 185
16 186
16 188
16 359275
17 5
17 84
17 90
17 91
17 92
17 93
17 16673
17 359277
17 359278
18 51
18 195
18 1501
18 1503
18 359279
19 3
19 20
19 72
19 195
19 279
19 340
19 172668
19 172670
19 359280
20 10
20 109
20 110
20 112
20 359281
21 3
21 4
21 5
21 9397
21 40093
21 359282
22 75
22 76
22 77
22 79
22 359283
seqId 236
1 76
1 592
1 593
1 595
1 359284
2 5
2 20
2 82
2 83
2 84
2 115
2 763
2 1002
2 359285
3 5
3 84
3 90
3 91
3 93
3 121
3 28320
3 120720
3 359286
4 243
4 244
4 245
4 247
4 194035
5 5
5 84
5 90
5 91
5 93
5 121
5 21513
5 35493
5 359287
6 99
6 131
6 132
6 133
6 195
6 237
6 194038
7 3
7 4
7 15
7 195
7 4121
7 359288
8 660
8 3261
8 3262
8 3264
8 359289
9 9
9 10
9 11
9 13
9 359290
10 76
10 137
10 138
10 140
10 359291
11 3
11 5
11 20
11 2081
11 29574
11 359292
12 243
12 244
12 245
12 247
12 359293
13 3
13 4
13 5
13 302012
13 302014
13 359294
14 9
14 10
14 11
14 13
14 359295
15 5
15 27
15 99
15 131
15 132
15 133
15 135
15 359296
16 3
16 5
16 20
16 39897
16 39899
16 359297
17 76
17 185
17 186
17 188
17 359298
18 10
18 146
18 149
18 1539
18 359299
19 90
19 443
19 1334
19 8849
19 359300
20 230
20 231
20 232
20 234
20 359301
21 9
21 10
21 11
21 13
21 163
22 99
22 131
22 132
22 133
22 195
22 236
22 237
23 3
23 4
23 195
23 2359
23 2361
23 359302
24 76
24 342
24 343
24 345
24 359303
25 3
25 20
25 195
25 13609
25 33503
25 359304
26 243
26 244
26 245
26 247
26 359305
27 3
27 20
27 195
27 17780
27 27594
27 359306
28 660
28 3768
28 3769
28 3771
28 65253
29 20
29 90
29 122
29 195
29 708
29 713
29 6211
29 46147
29 65255
30 660
30 1305
30 1306
30 1308
30 359307
31 717
31 718
31 719
31 721
31 359308
32 10
32 146
32 147
32 149
32 722
33 5
33 20
33 99
33 131
33 132
33 133
33 165
33 166
34 3
34 5
34 20
34 1320
34 1322
34 359309
35 71
35 76
35 190
35 191
35 359310
seqId 237
1 76
1 592
1 593
1 595
1 359311
2 5
2 20
2 82
2 83
2 84
2 115
2 763
2 1002
2 359312
3 5
3 84
3 90
3 91
3 93
3 121
3 4190
3 17942
3 359313
4 99
4 131
4 132
4 133
4 195
4 237
4 359314
5 3
5 4
5 15
5 195
5 4121
5 359315
6 4
6 90
6 122
6 195
6 708
6 713
6 4530
6 9217
6 359316
7 10
7 146
7 147
7 149
7 359317
8 5
8 27
8 99
8 131
8 132
8 133
8 135
8 359318
9 3
9 5
9 20
9 4397
9 24371
9 49832
9 119322
9 359319
10 9
10 10
10 11
10 13
10 359320
11 5
11 27
11 99
11 131
11 132
11 133
11 135
11 359321
12 3
12 5
12 20
12 317
12 37361
12 359322
13 10
13 283
13 284
13 286
13 359323
14 4
14 5
14 99
14 131
14 132
14 133
14 152
14 359324
15 3
15 4
15 5
15 7999
15 8001
15 359325
16 10
16 109
16 110
16 112
16 359326
17 3
17 5
17 20
17 10695
17 10697
17 359327
18 230
18 231
18 232
18 234
18 359328
19 9
19 10
19 11
19 13
19 163
20 99
20 131
20 132
20 133
20 195
20 236
20 237
21 3
21 20
21 195
21 36714
21 36716
21 36717
21 359329
22 20
22 72
22 195
22 202
22 8684
22 13005
22 37976
22 40443
22 63548
22 251966
22 359331
22 359332
23 99
23 131
23 132
23 133
23 195
23 237
23 359333
24 660
24 2347
24 2348
24 2350
24 359334
25 20
25 195
25 202
25 21185
25 54136
25 359335
26 243
26 244
26 245
26 247
26 13191
27 5
27 84
27 90
27 91
27 93
27 121
27 12304
27 109691
27 359336
28 660
28 976
28 977
28 979
28 359337
29 4
29 5
29 99
29 133
29 175
29 176
29 178
29 359338
30 3
30 4
30 5
30 33906
30 33908
30 359339
31 4
31 5
31 202
31 1601
31 18277
31 359340
32 2822
32 2823
32 2824
32 2826
32 359341
33 10
33 146
33 147
33 149
33 722
34 99
34 131
34 132
34 133
34 195
34 236
34 237
35 3
35 20
35 195
35 3937
35 3939
35 359342
36 20
36 195
36 202
36 340
36 26596
36 26598
36 359343
37 76
37 2265
37 2266
37 2268
37 359344
38 660
38 9231
38 9232
38 9234
38 359345
39 20
39 90
39 122
39 195
39 708
39 713
39 111815
39 111817
39 359346
40 10
40 146
40 147
40 149
40 65316
41 99
41 133
41 175
41 176
41 195
41 234
41 137133
42 3
42 20
42 195
42 3937
42 3939
42 359347
43 20
43 195
43 202
43 37345
43 37347
43 359348
44 76
44 2265
44 2266
44 2268
44 359349
45 82
45 758
45 759
45 761
45 359350
46 82
46 84
46 114
46 115
46 116
46 1361
46 359351
47 84
47 90
47 91
47 93
47 121
47 195
47 755
47 8812
47 63648
47 359353
48 10
48 146
48 147
48 149
48 359354
49 5
49 27
49 99
49 131
49 132
49 133
49 135
49 359355
50 3
50 4
50 5
50 7295
50 7297
50 359356
51 9
51 10
51 11
51 13
51 359357
52 20
52 82
52 84
52 98
52 100
52 102
52 359358
53 27
53 82
53 759
53 944
53 1463
53 359359
54 5
54 20
54 82
54 84
54 115
54 763
54 1002
54 359360
55 5
55 84
55 91
55 93
55 121
55 703
55 707
55 956
55 359361
56 5
56 20
56 90
56 122
56 708
56 713
56 5045
56 28312
56 359362
57 9
57 10
57 24
57 26
57 27
57 359363
58 90
58 443
58 21205
58 30268
58 359364
59 5
59 27
59 99
59 131
59 132
59 133
59 135
59 359365
60 3
60 4
60 5
60 2702
60 2704
60 359366
61 5
61 202
61 39550
61 39552
61 100248
62 9
62 10
62 11
62 13
62 359367
63 5
63 27
63 99
63 131
63 132
63 133
63 135
63 359368
64 3
64 5
64 20
64 317
64 37361
64 359369
65 71
65 76
65 190
65 191
65 308419
seqId 238
1 5
1 20
1 98
1 99
1 100
1 8099
1 359370
2 3
2 5
2 20
2 16848
2 16850
2 359371
3 5
3 84
3 90
3 91
3 92
3 93
3 96
3 4338
3 11506
3 359373
4 10
4 146
4 147
4 149
4 359374
5 5
5 27
5 99
5 131
5 132
5 133
5 135
5 127957
6 3
6 4
6 5
6 897
6 899
6 359375
7 9
7 10
7 11
7 13
7 359376
8 5
8 27
8 99
8 131
8 132
8 133
8 135
8 137173
9 3
9 4
9 5
9 642
9 23331
9 359377
10 717
10 718
10 719
10 721
10 359378
11 10
11 146
11 147
11 149
11 722
12 5
12 20
12 99
12 131
12 132
12 133
12 165
12 166
13 3
13 5
13 20
13 1325
13 1327
13 359379
14 9
14 10
14 11
14 13
14 359380
15 5
15 27
15 99
15 131
15 132
15 133
15 135
15 359381
16 5
16 67
16 2689
16 34134
16 359382
17 67
17 5978
17 15105
17 48974
17 198956
17 198957
17 359383
18 71
18 76
18 190
18 191
18 359384
seqId 239
1 51
1 52
1 1705
1 1707
1 359385
2 71
2 76
2 190
2 191
2 359386
seqId 240
1 5
1 27
1 99
1 131
1 132
1 133
1 699
1 359387
2 3
2 5
2 20
2 2320
2 2322
2 359388
3 3
3 4
3 5
3 140928
3 140930
3 140931
3 359389
4 9
4 10
4 11
4 13
4 222412
5 4
5 5
5 99
5 131
5 132
5 133
5 152
5 359390
6 3
6 4
6 5
6 4094
6 12255
6 359391
7 5
7 84
7 90
7 91
7 93
7 121
7 28320
7 120720
7 359392
8 243
8 244
8 245
8 247
8 359393
9 5
9 84
9 90
9 91
9 93
9 121
9 21513
9 35493
9 359394
10 99
10 131
10 132
10 133
10 195
10 237
10 359395
11 3
11 4
11 195
11 2359
11 2361
11 359396
12 76
12 342
12 343
12 345
12 127979
13 3
13 20
13 195
13 13609
13 33503
13 359397
14 243
14 244
14 245
14 247
14 359398
15 3
15 20
15 195
15 17780
15 27594
15 359399
16 660
16 3768
16 3769
16 3771
16 359400
17 20
17 90
17 122
17 195
17 708
17 713
17 6211
17 46147
17 359401
18 660
18 1305
18 1306
18 1308
18 308474
19 717
19 718
19 719
19 721
19 359402
20 10
20 146
20 147
20 149
20 722
21 5
21 20
21 99
21 131
21 132
21 133
21 165
21 166
22 3
22 5
22 20
22 1320
22 1322
22 359403
23 76
23 413
23 414
23 416
23 359404
24 10
24 109
24 110
24 112
24 194189
25 3
25 4
25 5
25 59102
25 59104
25 359405
26 4
26 5
26 202
26 173580
26 173582
26 359406
27 76
27 342
27 343
27 345
27 359407
28 3
28 4
28 5
28 59102
28 59104
28 359408
29 4
29 5
29 202
29 140235
29 144993
29 359409
30 243
30 244
30 245
30 247
30 13300
31 3
31 4
31 5
31 59102
31 59104
31 359410
32 4
32 5
32 202
32 21185
32 78431
32 359411
33 76
33 342
33 343
33 345
33 359412
34 945
34 1010
34 1011
34 1013
34 359413
35 10
35 283
35 284
35 286
35 350970
36 99
36 131
36 132
36 133
36 195
36 237
36 350971
37 3
37 20
37 195
37 272
37 6282
37 359414
38 5
38 20
38 202
38 22424
38 179192
38 359415
39 76
39 342
39 343
39 345
39 359416
40 5
40 20
40 202
40 22593
40 22595
40 359417
41 243
41 244
41 245
41 247
41 359418
42 5
42 20
42 202
42 13322
42 13324
42 359419
43 76
43 433
43 434
43 436
43 194208
44 10
44 3221
44 53306
44 53308
44 359420
45 99
45 131
45 132
45 133
45 195
45 237
45 359421
46 3
46 4
46 195
46 340
46 68061
46 68063
46 359423
47 660
47 1305
47 1306
47 1308
47 359424
48 4
48 90
48 122
48 195
48 708
48 713
48 28524
48 28526
48 359425
49 71
49 76
49 190
49 191
49 359426
seqId 241
1 5
1 20
1 81
1 82
1 83
1 84
1 85
1 2423
1 65441
2 5
2 84
2 90
2 91
2 92
2 93
2 96
2 19261
2 98809
2 359428
3 99
3 131
3 132
3 133
3 195
3 237
3 359429
4 51
4 195
4 1501
4 1503
4 359430
5 3
5 20
5 195
5 3118
5 10103
5 359431
6 20
6 195
6 202
6 27270
6 32369
6 359432
7 75
7 76
7 77
7 79
7 359433
seqId 242
1 76
1 592
1 593
1 595
1 222467
seqId 243
1 5
1 20
1 82
1 83
1 84
1 115
1 763
1 3948
1 65448
2 27
2 82
2 84
2 114
2 115
2 116
2 118
2 332038
3 5
3 84
3 90
3 91
3 92
3 93
3 96
3 1815
3 29773
3 359434
4 10
4 283
4 284
4 286
4 359435
5 5
5 20
5 99
5 133
5 175
5 176
5 1316
5 43168
6 3
6 5
6 20
6 12575
6 12577
6 359436
7 5
7 20
7 202
7 11717
7 359438
7 359439
8 9
8 10
8 11
8 13
8 359440
9 90
9 443
9 4190
9 4192
9 359441
10 5
10 20
10 99
10 131
10 132
10 133
10 166
10 194237
11 3
11 5
11 20
11 9584
11 9586
11 359442
12 9
12 10
12 11
12 13
12 359443
13 5
13 27
13 99
13 131
13 132
13 133
13 135
13 359444
14 3
14 4
14 5
14 140928
14 140930
14 140931
14 359445
15 9
15 10
15 11
15 13
15 359446
16 4
16 5
16 99
16 131
16 132
16 133
16 152
16 308549
17 3
17 4
17 5
17 4094
17 12255
17 359447
18 76
18 342
18 343
18 345
18 359448
19 10
19 109
19 110
19 112
19 359449
20 90
20 121
20 122
20 25803
20 308554
20 325304
21 10
21 126
21 127
21 129
21 359450
22 99
22 131
22 132
22 133
22 195
22 237
22 359451
23 3
23 20
23 195
23 37928
23 60441
23 359452
24 243
24 244
24 245
24 247
24 359453
25 3
25 4
25 195
25 7900
25 7902
25 359454
26 717
26 718
26 719
26 721
26 137288
27 10
27 146
27 147
27 149
27 722
28 5
28 20
28 99
28 131
28 132
28 133
28 165
28 166
29 3
29 5
29 20
29 8760
29 8762
29 359455
30 158
30 159
30 160
30 162
30 359456
31 9
31 10
31 11
31 13
31 163
32 5
32 20
32 99
32 131
32 132
32 133
32 165
32 166
33 3
33 5
33 20
33 21185
33 41254
33 359457
34 76
34 413
34 414
34 416
34 359458
35 76
35 137
35 138
35 140
35 359459
36 3
36 4
36 5
36 8917
36 8919
36 359460
37 4
37 5
37 202
37 34824
37 82641
37 101823
37 359462
37 359463
38 76
38 185
38 186
38 188
38 359464
39 76
39 342
39 343
39 345
39 359465
40 76
40 137
40 138
40 140
40 359466
41 3
41 5
41 20
41 272
41 894
41 359467
42 5
42 20
42 202
42 13322
42 13324
42 359468
43 76
43 185
43 186
43 188
43 359469
44 76
44 433
44 434
44 436
44 308575
45 71
45 76
45 190
45 191
45 65475
seqId 244
1 5
1 20
1 82
1 84
1 98
1 100
1 8099
1 359470
2 9
2 10
2 11
2 13
2 359471
3 3
3 4
3 5
3 3615
3 3617
3 359472
4 10
4 146
4 147
4 149
4 359473
5 90
5 443
5 4338
5 11506
5 359474
6 660
6 15804
6 15805
6 15807
6 359475
7 10
7 146
7 147
7 149
7 359476
8 5
8 27
8 99
8 131
8 132
8 133
8 135
8 176747
9 3
9 5
9 20
9 4311
9 14516
9 359477
10 82
10 758
10 759
10 761
10 359478
11 82
11 84
11 114
11 115
11 116
11 1361
11 13404
12 5
12 84
12 90
12 91
12 93
12 121
12 1345
12 25286
12 359479
13 660
13 26477
13 26478
13 26480
13 359480
14 10
14 109
14 110
14 112
14 43240
15 3
15 4
15 5
15 4420
15 4422
15 43241
16 76
16 2265
16 2266
16 2268
16 359481
17 10
17 109
17 112
17 1539
17 359482
18 3
18 5
18 20
18 1601
18 1603
18 359483
19 10
19 146
19 147
19 149
19 359484
20 5
20 27
20 99
20 131
20 132
20 133
20 135
20 359485
21 5
21 67
21 2689
21 34134
21 359486
22 67
22 5978
22 15105
22 48974
22 198956
22 198957
22 359487
23 945
23 1010
23 1011
23 1013
23 359488
24 717
24 718
24 719
24 721
24 359489
25 10
25 146
25 147
25 149
25 722
26 5
26 20
26 99
26 131
26 132
26 133
26 165
26 166
27 3
27 5
27 20
27 12684
27 12686
27 359490
28 9
28 10
28 11
28 13
28 308608
29 3
29 5
29 20
29 4925
29 4927
29 359491
30 5
30 20
30 90
30 122
30 708
30 713
30 11164
30 19077
30 359492
31 10
31 378
31 379
31 381
31 359493
32 5
32 20
32 99
32 131
32 132
32 133
32 166
32 359494
33 5
33 20
33 202
33 566
33 568
33 359495
34 3
34 5
34 20
34 24371
34 24372
34 46130
34 46132
34 359496
35 4
35 5
35 26
35 90
35 122
35 708
35 713
35 1104
35 105344
35 359498
35 359499
36 10
36 146
36 147
36 149
36 194296
37 4
37 5
37 99
37 131
37 132
37 133
37 152
37 65519
38 3
38 4
38 5
38 34647
38 34649
38 359500
39 4
39 5
39 202
39 8917
39 8919
39 359501
40 244
40 15672
40 15673
40 15675
40 359502
41 10
41 146
41 147
41 149
41 359503
42 99
42 115
42 195
42 773
42 774
42 775
42 776
42 3400
42 359504
43 3
43 4
43 195
43 340
43 38552
43 38554
43 359506
44 90
44 121
44 122
44 1236
44 3852
44 359507
45 660
45 73696
45 73697
45 73699
45 359508
46 158
46 159
46 160
46 162
46 65538
47 9
47 10
47 11
47 13
47 163
48 5
48 20
48 99
48 131
48 132
48 133
48 165
48 166
49 3
49 5
49 20
49 951
49 953
49 359509
50 9
50 10
50 11
50 13
50 359510
51 4
51 5
51 99
51 131
51 132
51 133
51 152
51 43277
52 3
52 4
52 5
52 34647
52 34649
52 359511
53 4
53 5
53 202
53 13322
53 31197
53 359512
54 4
54 5
54 202
54 21185
54 78431
54 359513
55 76
55 413
55 414
55 416
55 359514
56 71
56 90
56 443
56 2487
56 40276
56 40279
56 43286
57 5
57 20
57 99
57 131
57 132
57 133
57 166
57 359515
58 5
58 20
58 67
58 4796
58 58295
58 111218
58 353518
58 359516
59 76
59 342
59 343
59 345
59 359517
60 5
60 20
60 99
60 131
60 132
60 133
60 166
60 332117
61 3
61 5
61 20
61 35288
61 35290
61 359518
62 9
62 10
62 11
62 13
62 222550
63 3
63 4
63 5
63 59102
63 140647
63 359519
64 4
64 5
64 202
64 13322
64 48936
64 359520
65 4
65 5
65 202
65 21185
65 140675
65 359521
66 76
66 342
66 343
66 345
66 359522
67 3
67 5
67 20
67 13609
67 13611
67 359523
68 5
68 20
68 72
68 202
68 32064
68 55652
68 68082
68 359524
69 10
69 109
69 110
69 112
69 308656
70 3
70 4
70 5
70 59102
70 140647
70 359525
71 76
71 342
71 343
71 345
71 359526
72 5
72 20
72 90
72 122
72 708
72 713
72 1509
72 24559
72 359527
73 10
73 109
73 110
73 112
73 359528
74 51
74 195
74 5342
74 5344
74 359529
75 76
75 433
75 434
75 436
75 359530
76 71
76 76
76 190
76 191
76 359531
seqId 245
1 76
1 592
1 593
1 595
1 359532
2 5
2 20
2 99
2 131
2 132
2 133
2 967
2 359533
3 3
3 5
3 20
3 13609
3 13611
3 359534
4 3
4 4
4 5
4 14686
4 49719
4 359535
5 9
5 10
5 11
5 13
5 359536
6 4
6 5
6 99
6 131
6 132
6 133
6 152
6 359537
7 3
7 4
7 5
7 59102
7 140647
7 359538
8 4
8 5
8 202
8 140235
8 174153
8 359539
9 76
9 413
9 414
9 416
9 359540
10 67
10 4586
10 359542
10 359543
10 359544
10 359545
11 76
11 433
11 434
11 436
11 65585
12 5
12 84
12 90
12 91
12 92
12 93
12 5094
12 30223
12 359546
13 99
13 131
13 132
13 133
13 195
13 237
13 359547
14 3
14 4
14 195
14 10683
14 62014
14 359548
15 9
15 10
15 11
15 13
15 43337
16 5
16 99
16 131
16 132
16 133
16 135
16 171
16 359549
17 3
17 5
17 20
17 4157
17 10601
17 359550
18 5
18 20
18 202
18 10523
18 10525
18 359551
19 76
19 342
19 343
19 345
19 359552
20 243
20 244
20 245
20 247
20 137400
21 99
21 131
21 132
21 133
21 195
21 237
21 359553
22 3
22 4
22 195
22 6862
22 14459
22 359554
23 9
23 10
23 26
23 169
23 171
23 359555
24 3
24 4
24 195
24 1395
24 1397
24 359556
25 82
25 758
25 759
25 761
25 351106
26 5
26 20
26 82
26 84
26 115
26 763
26 765
26 194354
27 84
27 91
27 93
27 121
27 195
27 703
27 707
27 1858
27 359557
28 4
28 90
28 122
28 195
28 340
28 708
28 713
28 33058
28 123360
28 359558
29 71
29 76
29 190
29 191
29 359559
seqId 246
1 5
1 99
1 131
1 132
1 133
1 171
1 699
1 359560
2 4
2 5
2 82
2 84
2 85
2 175
2 178
2 359561
3 230
3 231
3 232
3 234
3 137414
4 9
4 10
4 11
4 13
4 163
5 99
5 131
5 132
5 133
5 195
5 236
5 237
6 3
6 4
6 195
6 22648
6 47285
6 359562
7 158
7 159
7 160
7 162
7 359563
8 9
8 10
8 11
8 13
8 163
9 5
9 20
9 99
9 131
9 132
9 133
9 165
9 166
10 3
10 5
10 20
10 13609
10 13611
10 359564
11 67
11 4586
11 359542
11 359543
11 359545
11 359565
12 76
12 342
12 343
12 345
12 359566
13 4
13 5
13 90
13 122
13 708
13 713
13 13535
13 21205
13 30706
14 10
14 146
14 147
14 149
14 359567
15 82
15 84
15 114
15 115
15 116
15 1361
15 359568
16 90
16 443
16 21513
16 21515
16 359569
17 660
17 2509
17 2510
17 2512
17 359570
18 76
18 342
18 343
18 345
18 359571
19 5
19 84
19 91
19 93
19 121
19 703
19 707
19 956
19 359572
20 171
20 944
20 945
20 1461
20 1463
20 359573
21 5
21 20
21 82
21 83
21 84
21 115
21 763
21 1002
21 359574
22 5
22 84
22 90
22 91
22 93
22 121
22 1488
22 17865
22 359575
23 99
23 133
23 175
23 176
23 195
23 234
23 359576
24 3
24 20
24 195
24 1320
24 3384
24 359577
25 82
25 758
25 759
25 761
25 359578
26 84
26 90
26 91
26 93
26 121
26 195
26 755
26 10527
26 41845
26 359579
27 99
27 131
27 132
27 133
27 195
27 237
27 359580
28 20
28 195
28 202
28 7021
28 36568
28 359581
29 3
29 20
29 195
29 7626
29 7628
29 359582
30 9
30 10
30 11
30 13
30 43373
31 5
31 99
31 131
31 132
31 133
31 135
31 171
31 359583
32 3
32 4
32 5
32 14686
32 14688
32 359584
33 9
33 10
33 11
33 13
33 332180
34 4
34 5
34 99
34 131
34 132
34 133
34 152
34 359585
35 3
35 4
35 5
35 59102
35 59104
35 359586
36 10
36 146
36 149
36 1539
36 359587
37 90
37 443
37 1334
37 8849
37 359588
38 230
38 231
38 232
38 234
38 43385
39 9
39 10
39 11
39 13
39 163
40 99
40 131
40 132
40 133
40 195
40 236
40 237
41 3
41 20
41 195
41 19603
41 29160
41 359589
42 20
42 195
42 202
42 21185
42 54136
42 359590
43 10
43 109
43 110
43 112
43 359591
44 3
44 4
44 5
44 206743
44 206745
44 359592
45 76
45 342
45 343
45 345
45 359593
46 243
46 244
46 245
46 247
46 359594
47 10
47 109
47 110
47 112
47 359595
48 3
48 4
48 5
48 59102
48 59104
48 359596
49 9
49 10
49 11
49 13
49 359597
50 5
50 99
50 131
50 132
50 133
50 135
50 171
50 359598
51 3
51 5
51 20
51 39897
51 39899
51 359599
52 71
52 76
52 190
52 191
52 359600
seqId 247
1 5
1 20
1 81
1 82
1 83
1 84
1 85
1 2423
1 100584
2 5
2 84
2 90
2 91
2 92
2 93
2 96
2 4063
2 5056
2 359601
3 9
3 10
3 11
3 13
3 359602
4 5
4 20
4 98
4 99
4 100
4 102
4 359603
5 3
5 5
5 20
5 3118
5 3120
5 100591
6 9
6 10
6 11
6 13
6 359604
7 3
7 4
7 5
7 3123
7 3125
7 359605
8 944
8 945
8 946
8 948
8 359606
9 5
9 99
9 131
9 132
9 133
9 135
9 171
9 359607
10 3
10 4
10 5
10 24715
10 24717
10 359608
11 10
11 126
11 127
11 129
11 359609
12 5
12 20
12 99
12 131
12 132
12 133
12 166
12 359610
13 3
13 5
13 20
13 1126
13 1128
13 359611
14 9
14 10
14 11
14 13
14 359612
15 3
15 5
15 20
15 1980
15 69666
15 359613
16 20
16 90
16 122
16 708
16 713
16 1345
16 1347
16 359614
17 717
17 718
17 719
17 721
17 359615
18 10
18 146
18 147
18 149
18 722
19 5
19 20
19 99
19 131
19 132
19 133
19 165
19 166
20 3
20 5
20 20
20 12619
20 12621
20 359616
21 10
21 109
21 110
21 112
21 359617
22 51
22 195
22 1879
22 1881
22 359618
23 9
23 10
23 26
23 169
23 171
23 359619
24 4
24 5
24 99
24 133
24 175
24 176
24 178
24 359620
25 3
25 4
25 5
25 2217
25 2219
25 359621
26 4
26 5
26 202
26 838
26 23221
26 106942
26 137481
27 230
27 231
27 232
27 234
27 13623
28 9
28 10
28 11
28 13
28 163
29 99
29 131
29 132
29 133
29 195
29 236
29 237
30 3
30 4
30 195
30 313
30 6526
30 359622
31 76
31 413
31 414
31 416
31 359623
32 67
32 72
32 1026
32 8740
32 359625
32 359626
32 359627
33 67
33 12797
33 352260
33 352261
33 359628
34 76
34 433
34 434
34 436
34 359629
35 76
35 342
35 343
35 345
35 359630
36 82
36 759
36 2852
36 2854
36 65696
37 99
37 131
37 132
37 133
37 195
37 237
37 359631
38 3
38 20
38 195
38 1320
38 3384
38 359632
39 84
39 90
39 91
39 93
39 121
39 195
39 755
39 2101
39 2103
39 359633
40 4
40 5
40 99
40 131
40 132
40 133
40 152
40 359634
41 3
41 4
41 5
41 28107
41 28109
41 359635
42 9
42 10
42 11
42 13
42 359636
43 5
43 99
43 131
43 132
43 133
43 135
43 171
43 359637
44 3
44 4
44 5
44 340
44 5804
44 10651
44 10652
44 10653
44 10961
44 359638
45 4
45 5
45 202
45 693
45 33899
45 359639
46 76
46 342
46 343
46 345
46 359640
47 243
47 244
47 245
47 247
47 332234
48 82
48 758
48 759
48 761
48 359641
49 5
49 84
49 91
49 93
49 121
49 703
49 707
49 956
49 359642
50 660
50 1622
50 1623
50 1625
50 359643
51 4
51 5
51 99
51 133
51 175
51 176
51 178
51 13655
52 3
52 4
52 5
52 2221
52 2223
52 359644
53 158
53 159
53 160
53 162
53 359645
54 9
54 10
54 11
54 13
54 163
55 5
55 20
55 99
55 131
55 132
55 133
55 165
55 166
56 5
56 20
56 202
56 13658
56 15065
56 131938
56 131940
57 3
57 5
57 20
57 16951
57 16953
57 359646
58 76
58 342
58 343
58 345
58 359647
59 5
59 84
59 90
59 93
59 121
59 3360
59 4621
59 28087
59 359648
60 90
60 443
60 2333
60 3366
60 359649
61 76
61 342
61 343
61 345
61 359650
62 659
62 660
62 661
62 1539
62 2274
62 359651
63 660
63 2276
63 2277
63 2279
63 359652
64 9
64 10
64 11
64 13
64 359653
65 90
65 443
65 21513
65 21515
65 359654
66 5
66 20
66 99
66 131
66 132
66 133
66 166
66 359655
67 3
67 5
67 20
67 4784
67 45671
67 100666
68 3
68 4
68 5
68 14686
68 14688
68 351179
69 9
69 10
69 11
69 13
69 359656
70 4
70 5
70 99
70 131
70 132
70 133
70 152
70 176981
71 3
71 4
71 5
71 59102
71 59104
71 359657
72 4
72 5
72 202
72 140235
72 144993
72 359658
73 9
73 10
73 11
73 13
73 359659
74 5
74 99
74 131
74 132
74 133
74 135
74 171
74 359660
75 5
75 67
75 1104
75 75755
75 351807
75 351810
75 359661
76 76
76 413
76 414
76 416
76 359662
77 660
77 1305
77 1306
77 1308
77 359663
78 660
78 3768
78 3769
78 3771
78 359664
79 5
79 20
79 90
79 122
79 708
79 713
79 3257
79 3259
79 359665
80 10
80 126
80 127
80 129
80 137522
81 4
81 5
81 99
81 131
81 132
81 133
81 152
81 176994
82 3
82 4
82 5
82 141195
82 141197
82 359666
83 4
83 5
83 202
83 838
83 34022
83 34024
83 359667
84 243
84 244
84 245
84 247
84 308863
85 4
85 5
85 202
85 3001
85 3003
85 359668
86 76
86 433
86 434
86 436
86 359669
87 76
87 342
87 343
87 345
87 359670
88 244
88 1249
88 1250
88 1252
88 359671
89 660
89 1622
89 1623
89 1625
89 359672
90 9
90 10
90 11
90 13
90 359673
91 90
91 443
91 21513
91 21515
91 359674
92 4
92 5
92 99
92 133
92 175
92 176
92 178
92 359675
93 3
93 4
93 5
93 33173
93 33763
93 359676
94 4
94 5
94 202
94 102299
94 140930
94 184189
94 359677
95 82
95 758
95 759
95 761
95 359678
96 5
96 84
96 90
96 91
96 93
96 121
96 3777
96 4766
96 359679
97 5
97 27
97 99
97 131
97 132
97 133
97 135
97 359680
98 4
98 5
98 82
98 84
98 85
98 175
98 178
98 359681
99 230
99 231
99 232
99 234
99 65758
100 9
100 10
100 11
100 13
100 163
101 99
101 131
101 132
101 133
101 195
101 236
101 237
102 3
102 4
102 195
102 122774
102 227068
102 359682
103 9
103 10
103 11
103 13
103 222747
104 3
104 4
104 5
104 38982
104 38984
104 359683
105 9
105 10
105 11
105 13
105 359684
106 5
106 99
106 115
106 773
106 776
106 2192
106 28103
106 28105
106 359685
107 3
107 4
107 5
107 642
107 23331
107 359686
108 76
108 342
108 343
108 345
108 359687
109 4
109 5
109 82
109 84
109 100
109 4680
109 7233
109 359688
110 9
110 10
110 26
110 169
110 171
110 359689
111 4
111 5
111 99
111 133
111 175
111 176
111 178
111 359690
112 3
112 4
112 5
112 9397
112 40093
112 359691
113 4
113 5
113 202
113 1104
113 55060
113 55062
113 137554
114 76
114 413
114 414
114 416
114 359692
115 82
115 758
115 759
115 761
115 359693
116 660
116 661
116 910
116 1234
116 100709
117 82
117 84
117 114
117 115
117 116
117 1361
117 359694
118 5
118 84
118 90
118 91
118 93
118 121
118 1363
118 1365
118 359695
119 660
119 661
119 1240
119 1242
119 359696
120 10
120 146
120 147
120 149
120 13754
121 4
121 5
121 99
121 133
121 175
121 176
121 178
121 359697
122 3
122 4
122 5
122 4851
122 4853
122 308915
123 10
123 109
123 110
123 112
123 359698
124 3
124 5
124 20
124 3533
124 3535
124 359699
125 76
125 433
125 434
125 436
125 359700
126 10
126 1605
126 1606
126 1608
126 359701
127 3
127 4
127 5
127 14686
127 14688
127 351236
128 230
128 231
128 232
128 234
128 351237
129 9
129 10
129 11
129 13
129 163
130 99
130 131
130 132
130 133
130 195
130 236
130 237
131 3
131 4
131 195
131 313
131 6526
131 359702
132 243
132 244
132 245
132 247
132 359703
133 3
133 4
133 5
133 14686
133 14688
133 359704
134 9
134 10
134 11
134 13
134 359705
135 4
135 5
135 99
135 131
135 132
135 133
135 152
135 194560
136 3
136 4
136 5
136 59102
136 59104
136 359706
137 76
137 413
137 414
137 416
137 359707
138 71
138 90
138 443
138 2487
138 40276
138 40279
138 359708
139 3
139 5
139 20
139 33570
139 33572
139 359709
140 10
140 1387
140 1388
140 1390
140 359710
141 5
141 27
141 99
141 131
141 132
141 133
141 135
141 359711
142 3
142 5
142 20
142 2320
142 2322
142 359712
143 76
143 137
143 138
143 140
143 359713
144 3
144 4
144 195
144 8152
144 8154
144 359714
145 243
145 244
145 245
145 247
145 359715
146 3
146 4
146 195
146 19879
146 26830
146 359716
147 9
147 10
147 11
147 13
147 359717
148 4
148 5
148 99
148 131
148 132
148 133
148 152
148 13792
149 3
149 4
149 5
149 313
149 5251
149 359718
150 76
150 185
150 186
150 188
150 359719
151 76
151 433
151 434
151 436
151 359720
152 71
152 76
152 190
152 191
152 359721
seqId 248
1 3
1 4
1 195
1 1701
1 4815
1 5528
1 32734
1 359722
seqId 249
1 3
1 4
1 5
1 1701
1 19706
1 359723
2 51
2 52
2 680
2 1993
2 359724
3 75
3 76
3 77
3 79
3 359725
4 3
4 4
4 5
4 14834
4 32740
4 359726
5 9
5 10
5 11
5 13
5 359727
6 3
6 4
6 5
6 3154
6 17710
6 359728
7 4
7 5
7 202
7 7992
7 20221
7 359729
seqId 250
1 4
1 5
1 99
1 133
1 175
1 176
1 5129
1 359730
2 3
2 4
2 5
2 32746
2 32748
2 359731
3 9
3 10
3 11
3 13
3 359732
4 4
4 5
4 99
4 131
4 132
4 133
4 152
4 359733
5 3
5 4
5 5
5 14834
5 32753
5 359734
6 9
6 10
6 11
6 13
6 308956
7 3
7 4
7 5
7 3154
7 17710
7 308957
8 4
8 5
8 90
8 122
8 708
8 713
8 32757
8 32759
8 359735
9 10
9 71
9 721
9 25047
9 32761
9 32762
9 359736
10 4
10 5
10 99
10 131
10 132
10 133
10 152
10 359737
11 3
11 4
11 5
11 71
11 373
11 376
11 1299
11 222811
12 9
12 10
12 24
12 26
12 27
12 359738
13 2
13 3
13 4
13 5
13 181
13 359739
14 9
14 10
14 11
14 13
14 332343
15 3
15 4
15 5
15 15
15 17
15 359740
16 10
16 109
16 110
16 112
16 359741
17 3
17 5
17 20
17 724
17 726
17 359742
18 9
18 10
18 11
18 13
18 359743
19 3
19 5
19 20
19 384
19 386
19 359744
20 76
20 342
20 343
20 345
20 359745
21 945
21 2473
21 2474
21 2476
21 359746
22 4
22 5
22 82
22 84
22 115
22 763
22 1264
22 359747
23 5
23 84
23 90
23 91
23 93
23 121
23 1274
23 1276
23 359748
24 76
24 342
24 343
24 345
24 359749
25 5
25 84
25 91
25 92
25 93
25 703
25 707
25 16563
25 359750
26 4
26 5
26 90
26 122
26 708
26 713
26 32782
26 32784
26 359751
27 717
27 718
27 719
27 721
27 359752
28 10
28 146
28 147
28 149
28 722
29 5
29 20
29 99
29 131
29 132
29 133
29 165
29 166
30 3
30 5
30 19
30 20
30 105
30 359753
31 71
31 76
31 190
31 191
31 359754
seqId 251
1 3
1 4
1 5
1 1701
1 19706
1 359755
2 51
2 52
2 2054
2 2056
2 359756
3 75
3 76
3 77
3 79
3 359757
4 3
4 20
4 195
4 340
4 24887
4 32793
4 359758
5 76
5 342
5 343
5 345
5 359759
6 3
6 4
6 195
6 31920
6 32797
6 359760
seqId 252
1 4
1 5
1 99
1 133
1 175
1 176
1 5129
1 359761
2 3
2 4
2 5
2 539
2 18239
2 177102
3 230
3 231
3 232
3 234
3 43605
4 9
4 10
4 11
4 13
4 163
5 99
5 131
5 132
5 133
5 195
5 236
5 237
6 3
6 20
6 195
6 24887
6 26865
6 359762
7 243
7 244
7 245
7 247
7 359763
8 99
8 133
8 175
8 176
8 195
8 234
8 359764
9 3
9 4
9 195
9 31920
9 32797
9 359765
10 20
10 90
10 122
10 195
10 708
10 713
10 33672
10 33674
10 359766
11 10
11 828
11 829
11 831
11 359767
12 5
12 27
12 99
12 131
12 132
12 133
12 135
12 359768
13 2
13 3
13 4
13 5
13 181
13 359769
14 9
14 10
14 11
14 13
14 309015
15 3
15 4
15 5
15 15
15 17
15 359770
16 5
16 84
16 91
16 92
16 93
16 703
16 707
16 16563
16 359771
17 4
17 5
17 90
17 122
17 708
17 713
17 32782
17 32784
17 359772
18 717
18 718
18 719
18 721
18 359773
19 10
19 146
19 147
19 149
19 722
20 5
20 20
20 99
20 131
20 132
20 133
20 165
20 166
21 3
21 5
21 19
21 20
21 105
21 359774
22 71
22 76
22 190
22 191
22 359775
seqId 253
1 3
1 4
1 5
1 1701
1 19706
1 359776
2 51
2 52
2 1705
2 1707
2 359777
3 75
3 76
3 77
3 79
3 359778
4 3
4 5
4 20
4 1689
4 1691
4 1692
4 1693
4 359779
5 5
5 20
5 202
5 1695
5 1697
5 359780
seqId 254
1 4
1 5
1 99
1 133
1 175
1 176
1 5129
1 359781
2 3
2 4
2 5
2 682
2 10854
2 359782
3 4
3 5
3 202
3 9578
3 32816
3 32818
3 359783
4 158
4 159
4 160
4 162
4 359784
5 9
5 10
5 11
5 13
5 163
6 5
6 20
6 99
6 131
6 132
6 133
6 165
6 166
7 3
7 5
7 20
7 13025
7 30421
7 359785
8 9
8 10
8 24
8 26
8 27
8 359786
9 3
9 4
9 5
9 2608
9 4490
9 359787
10 9
10 10
10 11
10 13
10 309041
11 5
11 27
11 99
11 131
11 132
11 133
11 135
11 359788
12 2
12 3
12 4
12 5
12 181
12 359789
13 9
13 10
13 11
13 13
13 359790
14 3
14 4
14 5
14 15
14 17
14 359791
15 5
15 84
15 91
15 92
15 93
15 703
15 707
15 16563
15 359792
16 4
16 5
16 90
16 122
16 708
16 713
16 32782
16 32784
16 359793
17 717
17 718
17 719
17 721
17 359794
18 10
18 146
18 147
18 149
18 722
19 5
19 20
19 99
19 131
19 132
19 133
19 165
19 166
20 3
20 5
20 19
20 20
20 105
20 359795
21 71
21 76
21 190
21 191
21 359796
seqId 255
1 3
1 4
1 5
1 1701
1 19706
1 359797
2 51
2 52
2 1427
2 1962
2 359798
3 75
3 76
3 77
3 79
3 359799
4 3
4 4
4 5
4 19693
4 19695
4 359800
5 230
5 231
5 232
5 234
5 359801
6 9
6 10
6 11
6 13
6 163
7 99
7 131
7 132
7 133
7 195
7 236
7 237
8 3
8 20
8 195
8 9675
8 9677
8 359802
9 243
9 244
9 245
9 247
9 359803
10 230
10 231
10 232
10 234
10 359804
11 9
11 10
11 11
11 13
11 163
12 99
12 131
12 132
12 133
12 195
12 236
12 237
13 3
13 4
13 195
13 897
13 3520
13 359805
14 9
14 10
14 11
14 13
14 137703
15 3
15 4
15 5
15 15
15 17
15 359806
seqId 256
1 90
1 443
1 768
1 32846
1 359807
2 4
2 5
2 99
2 131
2 132
2 133
2 152
2 359808
3 3
3 4
3 5
3 19693
3 32850
3 359809
4 230
4 231
4 232
4 234
4 359810
5 9
5 10
5 11
5 13
5 163
6 99
6 131
6 132
6 133
6 195
6 236
6 237
7 3
7 4
7 195
7 4228
7 4230
7 359811
8 243
8 244
8 245
8 247
8 359812
9 230
9 231
9 232
9 234
9 359813
10 9
10 10
10 11
10 13
10 163
11 99
11 131
11 132
11 133
11 195
11 236
11 237
12 3
12 4
12 195
12 897
12 3520
12 359814
13 9
13 10
13 11
13 13
13 177157
14 3
14 4
14 5
14 15
14 17
14 359815
15 10
15 828
15 829
15 831
15 359816
16 3
16 4
16 5
16 32860
16 32862
16 359817
17 10
17 109
17 110
17 112
17 359818
18 90
18 121
18 122
18 26002
18 32866
18 359819
19 717
19 718
19 719
19 721
19 359820
20 10
20 146
20 147
20 149
20 722
21 5
21 20
21 99
21 131
21 132
21 133
21 165
21 166
22 3
22 5
22 20
22 32869
22 32871
22 359821
23 76
23 137
23 138
23 140
23 359822
24 3
24 4
24 5
24 19693
24 19695
24 359823
25 230
25 231
25 232
25 234
25 359824
26 9
26 10
26 11
26 13
26 163
27 99
27 131
27 132
27 133
27 195
27 236
27 237
28 3
28 20
28 195
28 9675
28 9677
28 359825
29 243
29 244
29 245
29 247
29 359826
30 230
30 231
30 232
30 234
30 43692
31 9
31 10
31 11
31 13
31 163
32 99
32 131
32 132
32 133
32 195
32 236
32 237
33 3
33 4
33 195
33 897
33 3520
33 359827
34 9
34 10
34 11
34 13
34 137731
35 3
35 4
35 5
35 15
35 17
35 359828
36 76
36 185
36 186
36 188
36 359829
37 71
37 76
37 190
37 191
37 359830
seqId 257
1 10
1 283
1 3640
1 3642
1 359831
2 99
2 131
2 132
2 133
2 195
2 237
2 359832
3 3
3 4
3 195
3 8842
3 8844
3 359833
4 4
4 195
4 202
4 3386
4 3523
4 359834
5 76
5 342
5 343
5 345
5 359835
6 99
6 131
6 132
6 133
6 195
6 237
6 359836
7 3
7 20
7 195
7 209
7 32891
7 359837
8 230
8 231
8 232
8 234
8 359838
9 9
9 10
9 11
9 13
9 163
10 99
10 131
10 132
10 133
10 195
10 236
10 237
11 3
11 20
11 195
11 2034
11 3403
11 359839
12 9
12 10
12 11
12 13
12 359840
13 5
13 27
13 99
13 131
13 132
13 133
13 135
13 359841
14 2
14 3
14 4
14 5
14 181
14 359842
15 76
15 342
15 343
15 345
15 359843
16 9
16 10
16 11
16 13
16 359844
17 5
17 27
17 99
17 131
17 132
17 133
17 135
17 137747
18 3
18 4
18 5
18 642
18 23331
18 359845
19 244
19 418
19 419
19 421
19 359846
20 158
20 159
20 160
20 162
20 359847
21 9
21 10
21 11
21 13
21 163
22 5
22 20
22 99
22 131
22 132
22 133
22 165
22 166
23 3
23 5
23 20
23 1684
23 13711
23 359848
24 84
24 91
24 92
24 93
24 195
24 703
24 707
24 12595
24 359849
25 20
25 90
25 122
25 195
25 340
25 708
25 713
25 4063
25 19887
25 359850
26 71
26 76
26 190
26 191
26 359851
seqId 258
1 5
1 20
1 81
1 82
1 83
1 84
1 85
1 2423
1 359852
2 5
2 84
2 90
2 91
2 92
2 93
2 96
2 24322
2 32237
2 359853
3 10
3 146
3 147
3 149
3 359854
4 443
4 703
4 4766
4 5065
4 359855
5 90
5 443
5 22686
5 32915
5 359856
6 99
6 131
6 132
6 133
6 195
6 237
6 359857
7 3
7 4
7 195
7 4228
7 4230
7 359858
8 4
8 90
8 122
8 195
8 708
8 713
8 3595
8 30277
8 359859
9 10
9 828
9 829
9 831
9 359860
10 5
10 27
10 99
10 131
10 132
10 133
10 135
10 359861
11 2
11 3
11 4
11 5
11 181
11 359862
12 76
12 342
12 343
12 345
12 359863
13 5
13 27
13 99
13 131
13 132
13 133
13 135
13 359864
14 3
14 4
14 5
14 642
14 23331
14 359865
15 244
15 418
15 419
15 421
15 351395
16 5
16 20
16 99
16 131
16 132
16 133
16 166
16 359866
17 3
17 5
17 20
17 1684
17 13711
17 359867
18 76
18 413
18 414
18 416
18 359868
19 10
19 828
19 831
19 1539
19 359869
20 3
20 5
20 20
20 6890
20 6892
20 359870
21 10
21 283
21 284
21 286
21 359871
22 20
22 85
22 99
22 195
22 1589
22 2970
22 359872
23 3
23 20
23 195
23 272
23 6282
23 359873
24 76
24 342
24 343
24 345
24 359874
25 99
25 131
25 132
25 133
25 195
25 237
25 359875
26 3
26 4
26 195
26 8842
26 8844
26 359876
27 4
27 90
27 122
27 195
27 340
27 708
27 713
27 11903
27 32939
27 359877
28 10
28 109
28 110
28 112
28 359878
29 5
29 20
29 202
29 784
29 4033
29 359879
30 244
30 418
30 419
30 421
30 359880
31 5
31 20
31 202
31 9960
31 32945
31 359881
32 3
32 5
32 20
32 15235
32 32948
32 359882
33 76
33 433
33 434
33 436
33 359883
34 71
34 76
34 190
34 191
34 359884
