seqId 1
1 2
1 3
1 4
1 5
1 6
1 7
2 9
2 10
2 11
2 12
2 13
3 3
3 4
3 5
3 15
3 16
3 17
seqId 2
1 3
1 5
1 19
1 20
1 21
1 22
2 9
2 10
2 24
2 25
2 26
2 27
3 3
3 4
3 5
3 29
3 30
3 31
3 32
seqId 3
1 3
1 4
1 5
1 34
1 35
1 36
1 37
1 38
2 9
2 10
2 27
2 40
2 41
2 42
3 3
3 4
3 5
3 44
3 45
3 46
3 47
3 48
4 50
4 51
4 52
4 53
4 54
seqId 4
1 3
1 4
1 5
1 56
1 57
1 58
1 59
2 3
2 61
2 62
2 63
2 64
seqId 5
1 3
1 4
1 194
1 195
1 45365
1 119861
2 4
2 195
2 202
2 3244
2 24645
2 119862
seqId 6
1 3
1 5
1 20
1 209
1 211
1 119863
2 9
2 10
2 11
2 13
2 119864
3 5
3 27
3 99
3 131
3 132
3 133
3 135
3 119865
4 2
4 3
4 4
4 5
4 181
4 119866
5 75
5 76
5 77
5 79
5 119867
6 67
6 55291
6 55292
6 55294
6 167925
7 51
7 195
7 14053
7 167927
7 167928
7 167929
seqId 7
1 3
1 5
1 20
1 258
1 260
1 261
1 262
1 167930
2 75
2 76
2 77
2 79
2 167931
3 67
3 458
3 1692
3 3213
3 69867
3 167933
3 167934
3 167935
seqId 8
1 3
1 5
1 20
1 272
1 274
1 167936
2 243
2 244
2 245
2 247
2 167937
3 3
3 5
3 20
3 72
3 277
3 279
3 280
3 281
3 167938
4 10
4 283
4 284
4 286
4 167939
5 4
5 5
5 99
5 131
5 132
5 133
5 152
5 33046
6 3
6 4
6 5
6 289
6 291
6 167940
7 158
7 159
7 160
7 162
7 167941
8 9
8 10
8 11
8 13
8 163
9 5
9 20
9 99
9 131
9 132
9 133
9 165
9 166
10 5
10 20
10 67
10 294
10 296
10 297
10 298
10 167942
11 75
11 76
11 77
11 79
11 167943
12 67
12 167945
12 167946
12 167947
12 167948
13 51
13 195
13 2151
13 2153
13 167949
14 3
14 20
14 195
14 340
14 5018
14 129804
14 167950
15 20
15 195
15 202
15 36111
15 69954
15 167951
16 243
16 244
16 245
16 247
16 167952
17 20
17 195
17 202
17 21185
17 54136
17 167953
seqId 9
1 3
1 4
1 5
1 71
1 373
1 375
1 376
1 167954
2 10
2 378
2 379
2 381
2 167955
3 5
3 20
3 99
3 131
3 132
3 133
3 166
3 167956
4 3
4 5
4 20
4 384
4 386
4 167957
5 10
5 109
5 110
5 112
5 167958
6 3
6 5
6 20
6 389
6 391
6 167959
7 75
7 76
7 77
7 79
7 167960
8 67
8 111332
8 167962
8 167963
8 167964
8 167965
9 67
9 167967
9 167968
9 167969
9 167970
9 167971
9 167972
seqId 10
1 3
1 4
1 5
1 71
1 373
1 375
1 376
1 167973
2 76
2 413
2 414
2 416
2 167974
3 244
3 418
3 419
3 421
3 167975
4 158
4 159
4 160
4 162
4 167976
5 9
5 10
5 11
5 13
5 163
6 5
6 20
6 99
6 131
6 132
6 133
6 165
6 166
7 3
7 5
7 20
7 424
7 426
7 167977
8 9
8 10
8 11
8 13
8 33092
9 3
9 5
9 20
9 429
9 431
9 167978
10 76
10 433
10 434
10 436
10 33098
11 10
11 378
11 379
11 381
11 167979
12 5
12 20
12 99
12 131
12 132
12 133
12 166
12 167980
13 3
13 5
13 20
13 384
13 386
13 167981
14 10
14 146
14 147
14 149
14 167982
15 90
15 442
15 443
15 445
15 167983
16 75
16 76
16 77
16 79
16 167984
17 67
17 70
17 8740
17 102468
17 167986
17 167987
17 167988
17 167989
18 67
18 310
18 9577
18 167991
18 167992
18 167993
18 167994
18 167995
seqId 11
1 3
1 5
1 20
1 465
1 467
1 167996
2 9
2 10
2 11
2 13
2 167997
3 3
3 4
3 5
3 470
3 472
3 167998
4 75
4 76
4 77
4 79
4 167999
seqId 12
1 3
1 5
1 20
1 475
1 477
1 478
1 479
1 168000
2 10
2 146
2 147
2 149
2 168001
3 5
3 27
3 99
3 131
3 132
3 133
3 135
3 168002
4 3
4 5
4 20
4 483
4 485
4 168003
5 76
5 499
5 500
5 502
5 168004
6 3
6 4
6 5
6 492
6 494
6 495
6 496
6 497
6 168005
7 2717
7 45536
7 45537
7 45539
7 168006
8 3
8 4
8 5
8 504
8 506
8 168007
9 508
9 509
9 510
9 512
9 168008
10 509
10 514
10 515
10 517
10 518
10 519
10 168009
11 76
11 499
11 500
11 502
11 168010
seqId 13
1 3
1 20
1 195
1 340
1 522
1 524
1 525
1 168011
2 243
2 244
2 245
2 247
2 168012
3 3
3 20
3 195
3 528
3 530
3 168013
4 9
4 10
4 11
4 13
4 168014
5 3
5 5
5 20
5 533
5 535
5 536
5 168015
6 75
6 76
6 77
6 79
6 119947
seqId 14
1 3
1 4
1 5
1 539
1 541
1 168016
2 230
2 231
2 232
2 234
2 168017
3 9
3 10
3 11
3 13
3 163
4 99
4 131
4 132
4 133
4 195
4 236
4 237
5 3
5 20
5 195
5 522
5 545
5 168018
6 243
6 244
6 245
6 247
6 168019
7 3
7 20
7 195
7 528
7 530
7 168020
8 4
8 195
8 202
8 340
8 549
8 551
8 168021
9 9
9 10
9 11
9 13
9 168022
10 5
10 27
10 99
10 131
10 132
10 133
10 135
10 168023
11 2
11 3
11 4
11 5
11 181
11 168024
12 9
12 10
12 11
12 13
12 168025
13 3
13 4
13 5
13 15
13 17
13 168026
14 10
14 378
14 379
14 380
14 381
15 5
15 20
15 99
15 131
15 132
15 133
15 166
15 382
16 3
16 5
16 20
16 384
16 385
16 386
17 10
17 109
17 110
17 112
17 387
18 3
18 5
18 20
18 389
18 390
18 391
19 243
19 244
19 245
19 247
19 168027
20 10
20 378
20 379
20 381
20 168028
21 5
21 20
21 99
21 131
21 132
21 133
21 166
21 128310
22 5
22 20
22 202
22 566
22 568
22 168029
23 3
23 5
23 20
23 384
23 386
23 168030
24 76
24 413
24 414
24 416
24 168031
25 3
25 4
25 195
25 340
25 549
25 551
25 168032
26 76
26 433
26 434
26 436
26 168033
27 71
27 76
27 190
27 191
27 168034
seqId 15
1 3
1 5
1 20
1 384
1 576
1 168035
2 10
2 109
2 110
2 112
2 168036
3 3
3 5
3 20
3 389
3 391
3 168037
4 75
4 76
4 77
4 79
4 168038
5 5
5 20
5 202
5 566
5 587
5 588
5 168039
6 3
6 5
6 20
6 384
6 386
6 168040
7 75
7 76
7 77
7 79
7 168041
seqId 16
1 76
1 592
1 593
1 595
1 168042
2 3
2 4
2 5
2 597
2 599
2 168043
3 5
3 20
3 67
3 601
3 603
3 168044
4 5
4 20
4 67
4 605
4 607
4 168045
seqId 17
1 76
1 592
1 593
1 595
1 168046
2 3
2 4
2 5
2 597
2 599
2 168047
3 5
3 20
3 67
3 601
3 603
3 168048
4 5
4 20
4 67
4 605
4 607
4 168049
seqId 18
1 76
1 592
1 593
1 595
1 168050
2 76
2 25774
2 25775
2 25777
2 168051
seqId 19
1 76
1 592
1 593
1 595
1 168052
2 3
2 4
2 5
2 597
2 599
2 168053
3 5
3 20
3 67
3 601
3 603
3 168054
4 51
4 52
4 2686
4 15391
4 168055
5 67
5 72
5 72
5 135191
5 135192
5 135194
5 135195
5 135196
5 168056
seqId 20
1 76
1 592
1 593
1 595
1 119990
2 76
2 25774
2 25775
2 25777
2 119991
3 76
3 592
3 593
3 595
3 91539
4 76
4 25774
4 25775
4 25777
4 119992
seqId 21
1 76
1 592
1 593
1 595
1 119993
2 76
2 25774
2 25775
2 25777
2 119994
3 76
3 592
3 593
3 595
3 119995
4 76
4 25774
4 25775
4 25777
4 119996
seqId 22
1 3
1 5
1 20
1 614
1 616
1 168057
2 9
2 10
2 11
2 13
2 168058
3 5
3 27
3 99
3 131
3 132
3 133
3 135
3 168059
4 3
4 4
4 5
4 44
4 621
4 168060
5 5
5 202
5 623
5 625
5 626
5 168061
6 9
6 10
6 11
6 13
6 168062
7 5
7 27
7 99
7 131
7 132
7 133
7 135
7 168063
8 2
8 3
8 4
8 5
8 181
8 168064
9 9
9 10
9 11
9 13
9 168065
10 3
10 4
10 5
10 15
10 17
10 168066
11 76
11 413
11 414
11 416
11 168067
12 244
12 418
12 419
12 421
12 168068
13 9
13 10
13 24
13 26
13 27
13 168069
14 4
14 5
14 99
14 133
14 175
14 176
14 178
14 168070
15 244
15 418
15 419
15 421
15 168071
16 85
16 99
16 195
16 638
16 640
16 168072
17 3
17 4
17 195
17 642
17 644
17 168073
18 4
18 195
18 202
18 646
18 648
18 168074
19 76
19 433
19 434
19 436
19 168075
20 75
20 76
20 77
20 79
20 168076
seqId 23
1 652
1 653
1 654
1 656
1 168077
2 76
2 499
2 500
2 502
2 168078
3 659
3 660
3 661
3 663
3 168079
4 51
4 195
4 18749
4 45457
4 91573
seqId 24
1 3
1 5
1 19
1 20
1 42
1 667
1 668
1 91574
2 9
2 10
2 27
2 40
2 42
2 91575
3 3
3 4
3 5
3 29
3 48
3 672
3 673
3 674
3 675
3 91576
seqId 25
1 3
1 72
1 677
1 678
1 680
1 168080
2 3
2 4
2 5
2 682
2 684
2 168081
3 9
3 10
3 11
3 13
3 168082
4 5
4 27
4 99
4 131
4 132
4 133
4 135
4 168083
5 2
5 3
5 4
5 5
5 181
5 168084
seqId 26
1 3
1 4
1 5
1 689
1 691
1 168085
seqId 27
1 3
1 5
1 20
1 693
1 695
1 168086
2 76
2 342
2 343
2 345
2 33285
3 3
3 4
3 5
3 1151
3 55481
3 168087
4 9
4 10
4 11
4 13
4 168088
5 5
5 27
5 99
5 131
5 132
5 133
5 135
5 168089
6 2
6 3
6 4
6 5
6 181
6 168090
seqId 28
1 5
1 27
1 99
1 131
1 132
1 133
1 699
1 168091
2 5
2 67
2 55291
2 55294
2 168092
3 51
3 195
3 14053
3 167927
3 167929
3 168093
4 76
4 2265
4 2266
4 2268
4 168094
5 67
5 458
5 1692
5 3213
5 69867
5 167933
5 167934
5 168095
6 5
6 84
6 91
6 93
6 121
6 702
6 703
6 705
6 168096
7 5
7 20
7 122
7 703
7 707
7 708
7 710
7 168097
8 4
8 5
8 90
8 122
8 708
8 712
8 713
8 715
8 128415
9 10
9 146
9 147
9 149
9 168098
10 67
10 605
10 607
10 1199
10 168099
11 10
11 109
11 110
11 112
11 168100
12 51
12 195
12 168102
12 168103
12 168104
13 10
13 828
13 829
13 831
13 168105
14 67
14 55991
14 55993
14 57226
14 168106
15 36
15 67
15 26497
15 168108
15 168109
15 168110
15 168111
16 76
16 342
16 343
16 345
16 168112
17 660
17 918
17 919
17 921
17 168113
18 3
18 5
18 20
18 1980
18 2182
18 168114
19 9
19 10
19 24
19 26
19 27
19 168115
20 3
20 4
20 5
20 14686
20 14688
20 168116
21 4
21 5
21 202
21 168118
21 168119
21 168120
22 10
22 146
22 147
22 149
22 168121
23 5
23 27
23 99
23 131
23 132
23 133
23 135
23 168122
24 3
24 4
24 5
24 597
24 13641
24 168123
25 71
25 76
25 190
25 191
25 168124
seqId 29
1 4
1 5
1 90
1 122
1 708
1 713
1 3722
1 6565
1 52423
1 168126
2 10
2 4919
2 4920
2 4922
2 168127
3 5
3 27
3 99
3 131
3 132
3 133
3 135
3 168128
4 3
4 4
4 5
4 14686
4 14688
4 168129
5 4
5 5
5 202
5 851
5 78915
5 78917
5 168131
6 9
6 10
6 11
6 13
6 168132
7 5
7 27
7 99
7 131
7 132
7 133
7 135
7 168133
8 5
8 67
8 147612
8 168135
8 168136
9 76
9 342
9 343
9 345
9 168137
10 4
10 5
10 82
10 83
10 84
10 115
10 763
10 1264
10 168138
11 5
11 84
11 90
11 91
11 93
11 702
11 914
11 2233
11 168139
12 10
12 378
12 379
12 381
12 168140
13 3
13 4
13 5
13 168142
13 168143
13 168144
14 9
14 10
14 11
14 13
14 168145
15 90
15 443
15 45067
15 168147
15 168148
16 99
16 133
16 175
16 176
16 195
16 234
16 168149
17 3
17 20
17 195
17 28129
17 168151
17 168152
17 168153
17 168154
18 243
18 244
18 245
18 247
18 685
19 99
19 133
19 175
19 176
19 195
19 234
19 168155
20 3
20 20
20 195
20 28129
20 131874
20 131876
20 168156
21 90
21 121
21 122
21 31304
21 37431
21 168157
22 10
22 126
22 127
22 129
22 168158
23 4
23 5
23 99
23 131
23 132
23 133
23 152
23 33378
24 3
24 4
24 5
24 1913
24 1915
24 168159
25 4
25 5
25 90
25 122
25 708
25 713
25 16673
25 129647
25 168160
26 10
26 1605
26 1606
26 1608
26 168161
27 51
27 195
27 12117
27 55546
27 111379
27 168163
28 243
28 244
28 245
28 247
28 55547
29 51
29 195
29 55550
29 168165
29 168166
30 71
30 76
30 190
30 191
30 55552
seqId 30
1 4
1 5
1 98
1 99
1 100
1 4105
1 168167
2 3
2 4
2 5
2 45640
2 46763
2 46765
3 4
3 5
3 202
3 22258
3 22260
3 168168
4 9
4 10
4 11
4 13
4 168169
5 5
5 27
5 99
5 131
5 132
5 133
5 135
5 168170
6 3
6 4
6 5
6 1573
6 1575
6 168171
7 9
7 10
7 11
7 13
7 168172
8 5
8 27
8 99
8 131
8 132
8 133
8 135
8 168173
9 5
9 67
9 55291
9 55294
9 168174
10 5
10 84
10 91
10 93
10 121
10 702
10 703
10 705
10 168175
11 660
11 2586
11 2587
11 2589
11 168176
12 5
12 20
12 122
12 703
12 707
12 708
12 710
12 168177
13 4
13 5
13 90
13 122
13 708
13 713
13 17921
13 17923
13 168178
14 244
14 8978
14 8979
14 8981
14 91684
15 4
15 5
15 82
15 83
15 84
15 115
15 763
15 1264
15 168179
16 5
16 84
16 90
16 91
16 93
16 121
16 2333
16 2335
16 168180
17 5
17 20
17 99
17 133
17 175
17 176
17 793
17 1316
18 3
18 5
18 20
18 19820
18 19822
18 168181
19 5
19 20
19 202
19 55060
19 55062
19 168183
20 10
20 1605
20 1606
20 1608
20 168184
21 99
21 131
21 132
21 133
21 195
21 237
21 168185
22 3
22 4
22 195
22 1913
22 78733
22 168186
23 243
23 244
23 245
23 247
23 168187
24 5
24 84
24 90
24 91
24 93
24 121
24 9589
24 115149
24 168188
25 10
25 3987
25 6141
25 6142
25 168189
26 5
26 27
26 99
26 131
26 132
26 133
26 135
26 120123
27 3
27 4
27 5
27 103348
27 103350
27 168190
28 4
28 5
28 202
28 402
28 168192
28 168193
28 168194
28 168195
29 9
29 10
29 24
29 26
29 27
29 168196
30 4
30 5
30 99
30 133
30 175
30 176
30 178
30 168197
31 3
31 4
31 5
31 41925
31 41927
31 168199
32 4
32 5
32 202
32 5825
32 5827
32 168200
33 660
33 3261
33 3262
33 3264
33 168201
34 9
34 10
34 11
34 13
34 168202
35 51
35 195
35 168204
35 168205
35 168206
36 76
36 342
36 343
36 345
36 168207
37 20
37 82
37 84
37 98
37 100
37 102
37 168208
38 82
38 758
38 759
38 761
38 168209
39 5
39 84
39 90
39 91
39 93
39 121
39 2333
39 2335
39 168210
40 9
40 10
40 24
40 26
40 27
40 168211
41 90
41 443
41 1587
41 107131
41 168213
41 168214
42 4
42 5
42 99
42 131
42 132
42 133
42 152
42 45690
43 3
43 4
43 5
43 4737
43 128691
43 147049
43 168216
44 10
44 283
44 284
44 286
44 168217
45 4
45 5
45 99
45 131
45 132
45 133
45 152
45 168218
46 4
46 5
46 202
46 12237
46 12322
46 168219
47 3
47 4
47 5
47 11291
47 11293
47 168220
48 4
48 5
48 202
48 168118
48 168120
48 168221
49 76
49 342
49 343
49 345
49 91733
50 945
50 1010
50 1011
50 1013
50 168222
51 5
51 20
51 82
51 83
51 84
51 115
51 166
51 763
51 128523
52 84
52 90
52 91
52 93
52 195
52 914
52 4766
52 168224
52 168225
53 158
53 159
53 160
53 162
53 168226
54 9
54 10
54 13
54 163
54 1539
55 5
55 20
55 99
55 131
55 132
55 133
55 165
55 166
56 3
56 5
56 20
56 1493
56 1495
56 168227
57 99
57 131
57 132
57 133
57 195
57 237
57 168228
58 3
58 20
58 195
58 381
58 17097
58 22332
58 40279
58 168230
58 168231
59 20
59 72
59 195
59 202
59 1587
59 3681
59 168233
59 168234
59 168235
59 168236
60 9
60 10
60 11
60 13
60 168237
61 76
61 137
61 138
61 140
61 168238
62 5
62 27
62 99
62 131
62 132
62 133
62 135
62 168239
63 5
63 20
63 202
63 36111
63 168241
63 168242
64 3
64 5
64 20
64 7633
64 168244
64 168245
65 76
65 185
65 186
65 188
65 168246
66 71
66 76
66 190
66 191
66 168247
seqId 31
1 10
1 283
1 3640
1 3642
1 168248
2 5
2 20
2 98
2 99
2 100
2 102
2 168249
3 3
3 5
3 20
3 4345
3 4347
3 168250
4 5
4 20
4 202
4 168252
4 168253
4 168254
5 5
5 20
5 202
5 15492
5 15494
5 168255
6 9
6 10
6 11
6 13
6 168256
7 3
7 4
7 195
7 4107
7 20236
7 168257
8 4
8 195
8 202
8 693
8 39275
8 168258
9 76
9 342
9 343
9 345
9 168259
10 4
10 5
10 99
10 133
10 175
10 176
10 178
10 168260
11 3
11 4
11 5
11 8943
11 32404
11 168261
12 717
12 718
12 719
12 721
12 168262
13 10
13 146
13 147
13 149
13 722
14 5
14 20
14 99
14 131
14 132
14 133
14 165
14 166
15 3
15 5
15 20
15 5018
15 5020
15 168263
16 5
16 20
16 202
16 168265
16 168266
16 168267
17 27
17 82
17 84
17 114
17 115
17 116
17 118
17 168268
18 5
18 84
18 91
18 93
18 121
18 703
18 707
18 956
18 168269
19 4
19 5
19 90
19 122
19 708
19 769
19 12294
19 98994
19 168271
20 244
20 19444
20 19445
20 19447
20 168272
21 4
21 5
21 90
21 122
21 708
21 713
21 1104
21 2315
21 27745
21 168274
22 10
22 1387
22 1388
22 1390
22 168275
23 5
23 27
23 99
23 131
23 132
23 133
23 135
23 168276
24 3
24 4
24 5
24 26193
24 26195
24 168277
25 9
25 10
25 24
25 26
25 27
25 168278
26 67
26 16899
26 16900
26 16902
26 168279
27 67
27 340
27 38010
27 87681
27 168281
27 168282
27 168283
28 10
28 283
28 284
28 286
28 168284
29 99
29 131
29 132
29 133
29 195
29 237
29 168285
30 3
30 4
30 195
30 729
30 731
30 168286
31 51
31 195
31 89250
31 89252
31 168287
32 76
32 342
32 343
32 345
32 168288
33 244
33 19444
33 19445
33 19447
33 168289
34 9
34 10
34 11
34 13
34 992
35 67
35 137634
35 168291
35 168292
35 168293
36 67
36 72
36 11624
36 14294
36 30530
36 49447
36 168295
36 168296
36 168297
37 10
37 109
37 110
37 112
37 168298
38 51
38 195
38 69430
38 69432
38 168299
39 10
39 378
39 379
39 381
39 168300
40 90
40 443
40 1064
40 8149
40 168301
41 4
41 5
41 99
41 115
41 773
41 774
41 775
41 776
41 3330
41 168302
42 3
42 4
42 5
42 9391
42 9393
42 168304
43 76
43 342
43 343
43 345
43 168305
44 660
44 5049
44 5050
44 5052
44 168306
45 9
45 10
45 24
45 26
45 27
45 168307
46 67
46 1038
46 1039
46 1041
46 168308
47 67
47 3351
47 16138
47 120004
47 168310
47 168311
47 168312
48 158
48 159
48 160
48 162
48 168313
49 9
49 10
49 11
49 13
49 163
50 5
50 20
50 99
50 131
50 132
50 133
50 165
50 166
51 5
51 20
51 67
51 168315
51 168316
51 168317
52 4
52 5
52 90
52 122
52 708
52 713
52 24434
52 26462
52 168318
53 10
53 109
53 110
53 112
53 168319
54 51
54 195
54 4167
54 4169
54 168320
55 10
55 126
55 127
55 129
55 168321
56 5
56 20
56 99
56 131
56 132
56 133
56 166
56 168322
57 3
57 5
57 20
57 1126
57 1128
57 168323
58 158
58 159
58 160
58 162
58 168324
59 9
59 10
59 11
59 13
59 163
60 5
60 20
60 99
60 131
60 132
60 133
60 165
60 166
61 3
61 5
61 20
61 2244
61 2246
61 168325
62 76
62 342
62 343
62 345
62 168326
63 5
63 20
63 90
63 122
63 708
63 769
63 1334
63 84654
63 168327
64 10
64 109
64 110
64 112
64 168328
65 3
65 4
65 5
65 2019
65 2021
65 168329
66 71
66 76
66 190
66 191
66 168330
seqId 32
1 3
1 4
1 5
1 1587
1 33143
1 38837
1 43780
1 168332
2 230
2 231
2 232
2 234
2 168333
3 9
3 10
3 11
3 13
3 163
4 99
4 131
4 132
4 133
4 195
4 236
4 237
5 3
5 20
5 195
5 2601
5 2603
5 33552
6 243
6 244
6 245
6 247
6 33553
7 3
7 4
7 5
7 43780
7 43782
7 168334
8 230
8 231
8 232
8 234
8 168335
9 9
9 10
9 11
9 13
9 163
10 99
10 131
10 132
10 133
10 195
10 236
10 237
11 3
11 20
11 195
11 340
11 5018
11 5020
11 168336
12 84
12 90
12 91
12 93
12 121
12 195
12 10385
12 10387
12 168337
13 660
13 19069
13 19070
13 19072
13 168338
14 4
14 5
14 99
14 133
14 175
14 176
14 178
14 168339
15 2
15 3
15 4
15 5
15 181
15 168340
16 4
16 5
16 90
16 122
16 708
16 713
16 6786
16 9800
16 168341
17 10
17 828
17 831
17 1539
17 168342
18 660
18 2210
18 2211
18 2213
18 168343
19 660
19 1622
19 1623
19 1625
19 168344
20 10
20 126
20 127
20 129
20 168345
21 5
21 20
21 99
21 131
21 132
21 133
21 166
21 168346
22 5
22 20
22 202
22 7021
22 83040
22 168347
23 5
23 20
23 67
23 168349
23 168350
23 168351
24 3
24 2548
24 9789
24 9791
24 168352
25 10
25 146
25 147
25 149
25 168353
26 99
26 115
26 195
26 773
26 774
26 775
26 776
26 3400
26 168354
27 3
27 20
27 195
27 10402
27 10404
27 168355
28 90
28 121
28 122
28 31304
28 37431
28 168356
29 10
29 126
29 127
29 129
29 168357
30 5
30 27
30 99
30 131
30 132
30 133
30 135
30 168358
31 5
31 67
31 74958
31 74960
31 168359
32 158
32 159
32 160
32 162
32 168360
33 9
33 10
33 11
33 13
33 163
34 5
34 20
34 99
34 131
34 132
34 133
34 165
34 166
35 3
35 5
35 20
35 66043
35 119563
35 168361
36 71
36 76
36 190
36 191
36 168362
seqId 33
1 3
1 4
1 5
1 310
1 495
1 496
1 497
1 1536
1 168363
2 9
2 10
2 11
2 13
2 55781
3 5
3 27
3 99
3 131
3 132
3 133
3 135
3 168364
4 2
4 3
4 4
4 5
4 181
4 168365
5 76
5 413
5 414
5 416
5 168366
6 3
6 4
6 195
6 642
6 644
6 168367
7 244
7 418
7 419
7 421
7 168368
8 3
8 20
8 195
8 1684
8 1686
8 168369
9 76
9 433
9 434
9 436
9 168370
seqId 34
1 5
1 27
1 99
1 131
1 132
1 133
1 699
1 168371
2 5
2 67
2 55291
2 55294
2 168372
3 51
3 195
3 14053
3 167927
3 167929
3 168373
4 76
4 2265
4 2266
4 2268
4 168374
5 67
5 458
5 1692
5 3213
5 69867
5 167933
5 167934
5 168375
6 5
6 84
6 90
6 91
6 93
6 121
6 1509
6 16289
6 168376
7 4
7 5
7 99
7 133
7 175
7 176
7 178
7 168377
8 3
8 4
8 5
8 642
8 23331
8 168378
9 4
9 5
9 202
9 168380
9 168381
9 168382
10 76
10 342
10 343
10 345
10 168383
11 10
11 2408
11 2410
11 10221
11 168384
12 3
12 4
12 195
12 340
12 14297
12 68692
12 168386
12 168387
12 168388
13 71
13 76
13 190
13 191
13 33616
seqId 35
1 99
1 115
1 195
1 773
1 774
1 775
1 776
1 14703
1 168389
2 3
2 20
2 195
2 1548
2 1715
2 168390
3 20
3 195
3 202
3 133125
3 168392
3 168393
4 660
4 976
4 979
4 1458
4 168394
5 944
5 945
5 946
5 948
5 168395
6 4
6 5
6 99
6 131
6 132
6 133
6 152
6 168396
7 3
7 4
7 5
7 33297
7 33299
7 168397
8 158
8 159
8 160
8 162
8 168398
9 9
9 10
9 11
9 13
9 163
10 5
10 20
10 99
10 131
10 132
10 133
10 165
10 166
11 3
11 5
11 20
11 4434
11 4436
11 168399
12 84
12 90
12 91
12 93
12 121
12 195
12 4651
12 168401
12 168402
13 4
13 5
13 98
13 99
13 100
13 1927
13 168403
14 3
14 4
14 5
14 4779
14 12778
14 168404
15 4
15 5
15 202
15 38508
15 100159
15 100629
15 168406
15 168407
16 82
16 758
16 759
16 761
16 168408
17 660
17 661
17 910
17 1233
17 1234
18 5
18 84
18 90
18 91
18 93
18 121
18 1237
18 12341
18 168410
19 660
19 661
19 1240
19 1241
19 1242
20 3
20 4
20 5
20 4737
20 7538
20 31396
20 168412
20 168413
21 76
21 342
21 343
21 345
21 168414
22 945
22 1010
22 1011
22 1013
22 168415
23 82
23 83
23 84
23 109
23 112
23 115
23 168416
24 84
24 90
24 91
24 93
24 121
24 195
24 5326
24 5328
24 168417
25 99
25 115
25 195
25 773
25 774
25 775
25 776
25 3400
25 168418
26 3
26 20
26 195
26 2320
26 16794
26 168419
27 71
27 76
27 190
27 191
27 168420
seqId 36
1 3
1 5
1 20
1 1709
1 1711
1 168421
2 230
2 231
2 232
2 234
2 168422
3 9
3 10
3 11
3 13
3 163
4 99
4 131
4 132
4 133
4 195
4 236
4 237
5 3
5 20
5 195
5 1548
5 1715
5 168423
6 243
6 244
6 245
6 247
6 168424
7 3
7 20
7 195
7 1718
7 1720
7 168425
8 9
8 10
8 11
8 13
8 168426
9 5
9 27
9 99
9 131
9 132
9 133
9 135
9 168427
10 2
10 3
10 4
10 5
10 181
10 168428
seqId 37
1 5
1 27
1 99
1 131
1 132
1 133
1 699
1 168429
2 5
2 67
2 55291
2 55294
2 168430
3 51
3 195
3 14053
3 167927
3 167929
3 168431
4 76
4 2265
4 2266
4 2268
4 45908
5 67
5 458
5 1692
5 3213
5 69867
5 167933
5 167934
5 168432
6 27
6 660
6 661
6 910
6 912
6 168433
7 5
7 84
7 91
7 93
7 121
7 702
7 703
7 705
7 168434
8 660
8 661
8 1240
8 1242
8 168435
9 5
9 20
9 90
9 122
9 708
9 769
9 11691
9 46225
9 168436
10 5
10 26
10 27
10 99
10 133
10 175
10 176
10 168437
11 3
11 4
11 5
11 1784
11 10502
11 168438
12 9
12 10
12 11
12 13
12 128761
13 99
13 115
13 195
13 773
13 774
13 775
13 776
13 3400
13 168439
14 3
14 20
14 195
14 1548
14 1715
14 168440
15 9
15 10
15 24
15 26
15 27
15 168441
16 3
16 20
16 195
16 340
16 27157
16 73299
16 168442
17 3
17 20
17 195
17 10402
17 39102
17 80180
17 168443
18 71
18 76
18 190
18 191
18 168444
seqId 38
1 4
1 5
1 99
1 131
1 132
1 133
1 811
1 168445
2 3
2 4
2 5
2 32381
2 32383
2 168446
3 67
3 5933
3 32572
3 32573
3 32575
3 168447
4 1458
4 2717
4 4052
4 4054
4 168448
5 659
5 660
5 661
5 2274
5 168449
6 67
6 5933
6 32572
6 32573
6 32575
6 168450
7 5
7 84
7 90
7 91
7 93
7 121
7 5640
7 18000
7 168451
8 4
8 5
8 202
8 2674
8 2676
8 168452
9 660
9 1622
9 1623
9 1625
9 168453
10 10
10 1387
10 1388
10 1390
10 168454
11 51
11 195
11 1705
11 1707
11 168455
12 67
12 195
12 9490
12 47543
12 47546
12 168456
13 67
13 5933
13 32572
13 32573
13 32575
13 168457
14 71
14 76
14 190
14 191
14 168458
seqId 39
1 10
1 109
1 876
1 878
1 168459
2 3
2 4
2 5
2 2732
2 2734
2 168460
3 5
3 20
3 99
3 131
3 132
3 133
3 166
3 168461
4 3
4 5
4 20
4 1832
4 1834
4 168462
5 9
5 10
5 11
5 13
5 168463
6 3
6 20
6 195
6 1806
6 1808
6 1809
6 1810
6 168464
7 20
7 90
7 122
7 195
7 708
7 713
7 4258
7 35322
7 168465
8 5
8 84
8 91
8 93
8 121
8 702
8 703
8 705
8 168466
9 660
9 6560
9 10036
9 10038
9 168467
10 5
10 20
10 90
10 122
10 708
10 769
10 168469
10 168470
10 168471
11 76
11 342
11 343
11 345
11 128798
12 9
12 10
12 11
12 13
12 128799
13 4
13 5
13 99
13 131
13 132
13 133
13 152
13 168472
14 3
14 4
14 5
14 70020
14 70022
14 168473
15 71
15 76
15 190
15 191
15 168474
seqId 40
1 5
1 20
1 82
1 84
1 100
1 6672
1 6674
1 168475
2 5
2 84
2 90
2 91
2 93
2 121
2 57969
2 168477
2 168478
3 9
3 10
3 24
3 26
3 27
3 168479
4 4
4 5
4 99
4 133
4 175
4 176
4 178
4 168480
5 3
5 4
5 5
5 5469
5 5471
5 168481
6 9
6 10
6 11
6 13
6 168482
7 4
7 5
7 99
7 131
7 132
7 133
7 152
7 168483
8 4
8 5
8 202
8 22623
8 22625
8 168484
9 3
9 4
9 5
9 8293
9 8295
9 168485
10 158
10 159
10 160
10 162
10 45968
11 9
11 10
11 11
11 13
11 163
12 5
12 20
12 99
12 131
12 132
12 133
12 165
12 166
13 3
13 5
13 20
13 1832
13 1834
13 168486
14 230
14 231
14 232
14 234
14 168487
15 9
15 10
15 11
15 13
15 163
16 99
16 131
16 132
16 133
16 195
16 236
16 237
17 3
17 4
17 195
17 8684
17 11723
17 11725
17 27550
17 168488
18 76
18 413
18 414
18 416
18 168489
19 51
19 195
19 11455
19 16959
19 168490
20 660
20 2136
20 2137
20 2139
20 168491
21 158
21 159
21 160
21 162
21 168492
22 9
22 10
22 11
22 13
22 163
23 5
23 20
23 99
23 131
23 132
23 133
23 165
23 166
24 5
24 20
24 202
24 1666
24 1668
24 168493
25 3
25 5
25 20
25 384
25 386
25 168494
26 76
26 342
26 343
26 345
26 1419
27 51
27 195
27 1420
27 14081
27 14083
28 660
28 2136
28 2137
28 2139
28 168495
29 158
29 159
29 160
29 162
29 168496
30 9
30 10
30 11
30 13
30 163
31 5
31 20
31 99
31 131
31 132
31 133
31 165
31 166
32 3
32 5
32 20
32 2244
32 2246
32 168497
33 76
33 433
33 434
33 436
33 168498
34 76
34 342
34 343
34 345
34 168499
35 9
35 10
35 24
35 26
35 27
35 168500
36 4
36 5
36 202
36 2294
36 2296
36 168501
37 3
37 4
37 5
37 5469
37 5471
37 168502
38 9
38 10
38 11
38 13
38 168503
39 5
39 27
39 99
39 131
39 132
39 133
39 135
39 168504
40 4
40 5
40 202
40 168506
40 168507
40 168508
41 3
41 4
41 5
41 3199
41 5132
41 168509
42 9
42 10
42 11
42 13
42 45989
43 3
43 4
43 5
43 45990
43 168511
43 168512
44 230
44 231
44 232
44 234
44 168513
45 9
45 10
45 11
45 13
45 163
46 99
46 131
46 132
46 133
46 195
46 236
46 237
47 3
47 20
47 195
47 4258
47 35322
47 168514
48 660
48 30522
48 30523
48 30525
48 168515
49 20
49 195
49 202
49 36111
49 69954
49 168516
50 4
50 5
50 90
50 122
50 708
50 713
50 3686
50 3765
50 168517
51 10
51 828
51 829
51 831
51 168518
52 5
52 27
52 99
52 131
52 132
52 133
52 135
52 168519
53 5
53 67
53 5981
53 56315
53 168520
54 76
54 342
54 343
54 345
54 168521
55 660
55 5049
55 5050
55 5052
55 168522
56 9
56 10
56 24
56 26
56 27
56 168523
57 4
57 5
57 99
57 133
57 175
57 176
57 178
57 120388
58 4
58 5
58 202
58 1589
58 36390
58 168524
59 3
59 4
59 5
59 18624
59 18672
59 168525
60 10
60 146
60 147
60 149
60 168526
61 90
61 443
61 36918
61 168528
61 168529
62 99
62 133
62 175
62 176
62 195
62 234
62 120396
63 3
63 20
63 195
63 7149
63 7151
63 168530
64 20
64 90
64 122
64 195
64 708
64 713
64 3969
64 29632
64 168531
65 2822
65 2823
65 2824
65 2826
65 168532
66 10
66 146
66 147
66 149
66 722
67 99
67 131
67 132
67 133
67 195
67 236
67 237
68 3
68 4
68 195
68 63172
68 168534
68 168535
69 9
69 10
69 11
69 13
69 168536
70 4
70 5
70 99
70 131
70 132
70 133
70 152
70 33809
71 3
71 4
71 5
71 64902
71 64904
71 168537
72 230
72 231
72 232
72 234
72 168538
73 9
73 10
73 11
73 13
73 163
74 99
74 131
74 132
74 133
74 195
74 236
74 237
75 3
75 20
75 195
75 1126
75 1977
75 168539
76 10
76 283
76 284
76 286
76 168540
77 5
77 27
77 99
77 131
77 132
77 133
77 135
77 168541
78 3
78 4
78 5
78 597
78 599
78 168542
79 243
79 244
79 245
79 247
79 168543
80 195
80 202
80 340
80 168545
80 168546
80 168547
81 10
81 19644
81 19645
81 19647
81 168548
82 4
82 5
82 99
82 131
82 132
82 133
82 152
82 168549
83 3
83 4
83 5
83 15116
83 15118
83 168550
84 660
84 2509
84 2510
84 2512
84 168551
85 4
85 5
85 202
85 168553
85 168554
85 168555
86 158
86 159
86 160
86 162
86 168556
87 9
87 10
87 11
87 13
87 163
88 5
88 20
88 99
88 131
88 132
88 133
88 165
88 166
89 3
89 5
89 20
89 168558
89 168559
89 168560
90 5
90 20
90 26
90 202
90 4904
90 10364
90 10365
90 168561
91 76
91 342
91 343
91 345
91 168562
92 660
92 6695
92 6696
92 6698
92 168563
93 10
93 283
93 284
93 286
93 168564
94 4
94 5
94 99
94 131
94 132
94 133
94 152
94 1540
95 3
95 4
95 5
95 2196
95 2649
95 168565
96 4
96 5
96 202
96 5627
96 19546
96 168566
97 71
97 76
97 190
97 191
97 168567
seqId 41
1 3
1 4
1 5
1 3199
1 3201
1 168568
2 5
2 202
2 302
2 304
2 168569
seqId 42
1 5
1 27
1 99
1 131
1 132
1 133
1 699
1 168570
2 5
2 67
2 55291
2 55294
2 168571
3 51
3 195
3 14053
3 167927
3 167929
3 168572
4 27
4 82
4 84
4 114
4 115
4 116
4 118
4 168573
5 5
5 84
5 90
5 91
5 93
5 121
5 4258
5 4469
5 168574
6 10
6 283
6 284
6 286
6 168575
7 4
7 5
7 99
7 133
7 175
7 176
7 178
7 168576
8 3
8 4
8 5
8 22458
8 22460
8 168577
9 4
9 5
9 202
9 327
9 329
9 168578
10 243
10 244
10 245
10 247
10 168579
11 4
11 5
11 202
11 168252
11 168254
11 168580
12 660
12 3768
12 3769
12 3771
12 168581
13 4
13 5
13 90
13 122
13 708
13 713
13 23260
13 23262
13 168582
14 71
14 76
14 190
14 191
14 168583
seqId 43
1 4
1 5
1 82
1 83
1 84
1 115
1 763
1 4750
1 168584
2 5
2 84
2 91
2 93
2 121
2 703
2 707
2 956
2 168585
3 4
3 5
3 82
3 84
3 85
3 175
3 178
3 168586
4 230
4 231
4 232
4 234
4 168587
5 9
5 10
5 11
5 13
5 163
6 99
6 131
6 132
6 133
6 195
6 236
6 237
7 4
7 195
7 202
7 24914
7 24916
7 168588
8 2
8 3
8 4
8 195
8 4286
8 168589
9 9
9 10
9 11
9 13
9 168590
10 3
10 4
10 5
10 15
10 17
10 168591
11 10
11 109
11 110
11 112
11 33867
12 67
12 3042
12 3043
12 3045
12 168592
13 10
13 146
13 147
13 149
13 168593
14 90
14 443
14 45067
14 168148
14 168594
15 20
15 195
15 202
15 28129
15 168151
15 168153
15 168154
15 168595
16 243
16 244
16 245
16 247
16 168596
17 20
17 195
17 202
17 28129
17 131874
17 131876
17 168597
18 76
18 413
18 414
18 416
18 168598
19 660
19 2347
19 2348
19 2350
19 168599
20 4
20 195
20 202
20 340
20 127112
20 127114
20 168601
21 84
21 91
21 93
21 121
21 195
21 703
21 707
21 1858
21 168602
22 99
22 131
22 132
22 133
22 195
22 237
22 168603
23 3
23 4
23 195
23 642
23 644
23 168604
24 90
24 121
24 122
24 8855
24 8857
24 168605
25 99
25 133
25 175
25 176
25 195
25 234
25 168606
26 3
26 20
26 195
26 2221
26 3410
26 168607
27 9
27 10
27 24
27 26
27 27
27 168608
28 4
28 5
28 99
28 133
28 175
28 176
28 178
28 168609
29 4
29 5
29 202
29 3106
29 26492
29 168610
30 3
30 4
30 5
30 1913
30 1915
30 168611
31 244
31 418
31 419
31 421
31 168612
32 10
32 146
32 147
32 149
32 168613
33 5
33 27
33 99
33 131
33 132
33 133
33 135
33 168614
34 3
34 5
34 20
34 168616
34 168617
34 168618
35 230
35 231
35 232
35 234
35 168619
36 9
36 10
36 11
36 13
36 163
37 99
37 131
37 132
37 133
37 195
37 236
37 237
38 51
38 195
38 10375
38 10377
38 168620
39 3
39 4
39 195
39 1913
39 78733
39 168621
40 9
40 10
40 11
40 13
40 168622
41 5
41 27
41 99
41 131
41 132
41 133
41 135
41 168623
42 3
42 4
42 5
42 14686
42 14688
42 168624
43 76
43 433
43 434
43 436
43 168625
44 76
44 342
44 343
44 345
44 168626
45 82
45 758
45 759
45 761
45 168627
46 660
46 2347
46 2348
46 2350
46 168628
47 5
47 84
47 91
47 93
47 121
47 703
47 707
47 956
47 168629
48 10
48 283
48 284
48 286
48 168630
49 4
49 5
49 99
49 133
49 175
49 176
49 178
49 168631
50 3
50 4
50 5
50 72
50 30410
50 30971
50 168633
50 168634
51 4
51 5
51 202
51 27855
51 27857
51 168635
52 90
52 121
52 122
52 31427
52 168637
52 168638
52 168639
53 4
53 5
53 99
53 131
53 132
53 133
53 152
53 168640
54 4
54 5
54 202
54 42822
54 42824
54 168641
55 4
55 5
55 67
55 5959
55 5962
55 168642
56 76
56 342
56 343
56 345
56 168643
57 5
57 20
57 99
57 131
57 132
57 133
57 166
57 168644
58 3
58 5
58 20
58 5018
58 5020
58 168645
59 5
59 20
59 202
59 168265
59 168267
59 168646
60 243
60 244
60 245
60 247
60 168647
61 5
61 27
61 99
61 131
61 132
61 133
61 135
61 168648
62 3
62 5
62 20
62 33358
62 35385
62 168649
63 5
63 20
63 72
63 202
63 39148
63 127322
63 147769
63 168651
64 71
64 76
64 190
64 191
64 168652
seqId 44
1 5
1 20
1 99
1 131
1 132
1 133
1 967
1 168653
2 5
2 20
2 67
2 458
2 1692
2 3213
2 69867
2 167933
2 168654
3 5
3 84
3 90
3 91
3 93
3 121
3 115478
3 168656
3 168657
4 10
4 828
4 831
4 1539
4 168658
5 660
5 2210
5 2211
5 2213
5 168659
6 5
6 99
6 115
6 773
6 774
6 775
6 776
6 778
6 168660
7 3
7 5
7 20
7 41849
7 41851
7 168661
8 5
8 20
8 202
8 22806
8 155994
8 168663
8 168664
9 82
9 758
9 759
9 761
9 168665
10 5
10 20
10 82
10 83
10 84
10 115
10 763
10 765
10 168666
11 5
11 84
11 90
11 91
11 93
11 121
11 18265
11 18267
11 168668
12 4
12 5
12 99
12 133
12 175
12 176
12 178
12 168669
13 4
13 5
13 202
13 7021
13 7023
13 168670
14 3
14 4
14 5
14 64972
14 64974
14 168671
15 76
15 342
15 343
15 345
15 168672
16 10
16 2408
16 2410
16 10221
16 168673
17 660
17 10230
17 10231
17 10233
17 168674
18 90
18 443
18 168676
18 168677
18 168678
19 10
19 146
19 147
19 149
19 168679
20 99
20 115
20 195
20 773
20 774
20 775
20 776
20 3400
20 168680
21 3
21 20
21 195
21 2034
21 3403
21 168681
22 9
22 10
22 11
22 13
22 168682
23 20
23 195
23 202
23 28004
23 33777
23 40265
23 40267
23 168683
24 3
24 20
24 195
24 10660
24 10662
24 168684
25 10
25 1387
25 1388
25 1390
25 168685
26 3
26 20
26 195
26 129092
26 129094
26 168686
27 76
27 342
27 343
27 345
27 168687
28 3
28 20
28 195
28 340
28 168689
28 168690
28 168691
29 76
29 342
29 343
29 345
29 168692
30 3
30 20
30 195
30 85401
30 145771
30 154346
30 168693
31 76
31 342
31 343
31 345
31 168694
32 3
32 20
32 195
32 23221
32 23223
32 168695
33 9
33 10
33 11
33 13
33 168696
34 5
34 27
34 99
34 131
34 132
34 133
34 135
34 168697
35 3
35 5
35 20
35 1803
35 24023
35 35863
36 243
36 244
36 245
36 247
36 168698
37 3
37 20
37 195
37 23221
37 23223
37 168699
38 158
38 159
38 160
38 162
38 120553
39 9
39 10
39 11
39 13
39 163
40 5
40 20
40 99
40 131
40 132
40 133
40 165
40 166
41 3
41 5
41 20
41 222
41 224
41 168700
42 71
42 76
42 190
42 191
42 168701
seqId 45
1 99
1 131
1 132
1 133
1 195
1 1220
1 168702
2 3
2 20
2 195
2 2320
2 16794
2 168703
3 27
3 82
3 759
3 944
3 1463
3 168704
4 4
4 5
4 82
4 83
4 84
4 115
4 763
4 1264
4 129049
5 5
5 84
5 91
5 93
5 121
5 702
5 703
5 705
5 168705
6 20
6 90
6 122
6 195
6 340
6 708
6 769
6 23260
6 168707
6 168708
7 10
7 378
7 379
7 381
7 168709
8 5
8 20
8 99
8 131
8 132
8 133
8 166
8 168710
9 5
9 20
9 202
9 1666
9 1668
9 168711
10 3
10 5
10 20
10 384
10 386
10 92243
11 84
11 91
11 93
11 195
11 703
11 707
11 914
11 1829
11 168712
12 75
12 76
12 77
12 79
12 168713
seqId 46
1 76
1 592
1 593
1 595
1 168714
2 76
2 137
2 138
2 140
2 168715
3 3
3 4
3 36
3 195
3 27550
3 119104
3 119106
3 168716
4 76
4 342
4 343
4 345
4 168717
5 3
5 4
5 195
5 5859
5 14468
5 168718
6 243
6 244
6 245
6 247
6 168719
7 3
7 4
7 5
7 14686
7 14688
7 168720
8 4
8 5
8 202
8 322
8 22672
8 168721
9 158
9 159
9 160
9 162
9 168722
10 9
10 10
10 11
10 13
10 163
11 5
11 20
11 99
11 131
11 132
11 133
11 165
11 166
12 3
12 5
12 20
12 168724
12 168725
12 168726
13 76
13 185
13 186
13 188
13 168727
seqId 47
1 76
1 592
1 593
1 595
1 168728
2 76
2 137
2 138
2 140
2 168729
3 3
3 20
3 195
3 340
3 2081
3 48543
3 168731
4 243
4 244
4 245
4 247
4 168732
5 3
5 20
5 195
5 340
5 12336
5 15959
5 168733
6 76
6 185
6 186
6 188
6 168734
seqId 48
1 76
1 592
1 593
1 595
1 168735
2 76
2 137
2 138
2 140
2 168736
3 3
3 4
3 195
3 32860
3 168738
3 168739
4 195
4 202
4 7906
4 36380
4 168740
5 76
5 185
5 186
5 188
5 168741
seqId 49
1 76
1 592
1 593
1 595
1 168742
2 76
2 137
2 138
2 140
2 168743
3 3
3 4
3 5
3 8050
3 81391
3 168744
4 76
4 342
4 343
4 345
4 168745
5 3
5 4
5 5
5 3199
5 5132
5 168746
6 243
6 244
6 245
6 247
6 168747
7 3
7 4
7 195
7 5512
7 5514
7 168748
8 4
8 195
8 202
8 2923
8 13478
8 168749
9 717
9 718
9 719
9 721
9 168750
10 10
10 146
10 147
10 149
10 722
11 5
11 20
11 99
11 131
11 132
11 133
11 165
11 166
12 3
12 5
12 20
12 2601
12 2603
12 168751
13 230
13 231
13 232
13 234
13 168752
14 9
14 10
14 11
14 13
14 163
15 99
15 131
15 132
15 133
15 195
15 236
15 237
16 3
16 4
16 195
16 340
16 23042
16 34205
16 168753
17 76
17 185
17 186
17 188
17 168754
seqId 50
1 76
1 592
1 593
1 595
1 168755
2 76
2 137
2 138
2 140
2 168756
3 3
3 20
3 195
3 340
3 13609
3 16116
3 168758
4 243
4 244
4 245
4 247
4 168759
5 3
5 20
5 195
5 33272
5 33274
5 168760
6 76
6 185
6 186
6 188
6 168761
seqId 51
1 5
1 20
1 82
1 84
1 85
1 1310
1 28058
1 168762
2 5
2 84
2 91
2 93
2 121
2 702
2 703
2 705
2 168763
3 5
3 20
3 90
3 122
3 708
3 768
3 769
3 771
3 168764
4 3
4 5
4 20
4 1905
4 1907
4 168765
5 10
5 146
5 147
5 149
5 168766
6 99
6 133
6 175
6 176
6 195
6 234
6 168767
7 3
7 20
7 195
7 1320
7 3384
7 168768
8 660
8 1796
8 1797
8 1799
8 168769
9 20
9 195
9 202
9 6690
9 9994
9 168770
10 944
10 945
10 946
10 948
10 168771
11 20
11 195
11 202
11 3386
11 3388
11 168772
12 71
12 76
12 190
12 191
12 129108
seqId 52
1 99
1 131
1 132
1 133
1 195
1 1220
1 168773
2 3
2 20
2 195
2 2034
2 3403
2 168774
3 9
3 10
3 11
3 13
3 168775
4 5
4 27
4 99
4 131
4 132
4 133
4 135
4 168776
5 5
5 67
5 55291
5 55294
5 168777
6 84
6 90
6 91
6 93
6 195
6 914
6 9969
6 40231
6 168779
6 168780
6 168781
7 660
7 3607
7 3608
7 3610
7 168782
8 10
8 146
8 147
8 149
8 168783
9 85
9 99
9 195
9 638
9 640
9 168784
10 3
10 20
10 195
10 2320
10 16794
10 168785
11 71
11 76
11 190
11 191
11 168786
seqId 53
1 5
1 99
1 115
1 773
1 775
1 776
1 2192
1 24360
1 168787
2 3
2 5
2 20
2 1832
2 1834
2 168788
3 5
3 84
3 91
3 93
3 702
3 703
3 914
3 2233
3 168789
4 5
4 20
4 122
4 703
4 707
4 708
4 710
4 168790
5 660
5 3823
5 3824
5 3826
5 168791
6 162
6 660
6 39164
6 168793
6 168794
6 168795
7 5
7 20
7 90
7 122
7 708
7 713
7 2020
7 168797
7 168798
8 10
8 283
8 284
8 286
8 168799
9 5
9 20
9 99
9 131
9 132
9 133
9 166
9 168800
10 3
10 5
10 20
10 2723
10 2725
10 168801
11 67
11 1026
11 3228
11 3229
11 3231
11 3232
11 168802
12 5
12 20
12 202
12 2244
12 2246
12 168803
13 10
13 378
13 379
13 381
13 168804
14 82
14 758
14 759
14 761
14 46312
15 5
15 27
15 99
15 131
15 132
15 133
15 135
15 168805
16 3
16 5
16 20
16 54297
16 54299
16 168806
17 5
17 20
17 202
17 2359
17 8352
17 168807
18 5
18 84
18 90
18 91
18 93
18 914
18 3584
18 20264
18 150932
18 168809
19 10
19 109
19 110
19 112
19 168810
20 3
20 4
20 5
20 49696
20 49698
20 168811
21 4
21 5
21 99
21 133
21 175
21 176
21 178
21 168812
22 3
22 4
22 5
22 147434
22 168814
22 168815
22 168816
23 9
23 10
23 11
23 13
23 168817
24 3
24 20
24 195
24 429
24 4265
24 168818
25 20
25 195
25 202
25 6690
25 9994
25 168819
26 479
26 660
26 5827
26 168821
26 168822
26 168823
27 20
27 90
27 122
27 195
27 708
27 713
27 4530
27 4532
27 168824
28 71
28 76
28 190
28 191
28 168825
seqId 54
1 5
1 27
1 99
1 131
1 132
1 133
1 699
1 168826
2 5
2 67
2 55291
2 55294
2 168827
3 27
3 82
3 84
3 114
3 115
3 116
3 118
3 168828
4 5
4 84
4 91
4 93
4 121
4 703
4 707
4 956
4 168829
5 4
5 5
5 90
5 122
5 708
5 769
5 33058
5 123360
5 168830
6 10
6 7340
6 9033
6 9035
6 168831
7 51
7 195
7 1851
7 1853
7 34144
8 10
8 146
8 147
8 149
8 168832
9 90
9 443
9 2101
9 168834
9 168835
10 717
10 718
10 719
10 721
10 168836
11 10
11 146
11 149
11 722
11 1539
12 5
12 20
12 99
12 131
12 132
12 133
12 165
12 166
13 3
13 5
13 20
13 31629
13 31631
13 168837
14 4
14 5
14 99
14 131
14 132
14 133
14 152
14 168838
15 3
15 4
15 5
15 66415
15 66417
15 168839
16 9
16 10
16 11
16 13
16 168840
17 99
17 115
17 195
17 773
17 774
17 775
17 776
17 3400
17 168841
18 3
18 20
18 195
18 2320
18 16794
18 168842
19 660
19 1377
19 6485
19 6487
19 168843
20 10
20 109
20 110
20 112
20 168844
21 90
21 121
21 122
21 21513
21 126746
21 168845
22 660
22 31346
22 31347
22 31349
22 168846
23 99
23 131
23 132
23 133
23 195
23 237
23 168847
24 3
24 4
24 195
24 2818
24 2820
24 168848
25 4
25 195
25 202
25 5335
25 93080
25 168849
26 71
26 76
26 190
26 191
26 168850
seqId 55
1 244
1 1249
1 2068
1 2070
1 168851
2 4
2 5
2 82
2 83
2 84
2 115
2 763
2 1264
2 168852
3 82
3 84
3 114
3 115
3 116
3 1361
3 168853
4 5
4 84
4 90
4 91
4 93
4 121
4 28061
4 168855
4 168856
5 10
5 146
5 147
5 149
5 168857
6 90
6 443
6 99388
6 168859
6 168860
7 10
7 283
7 284
7 286
7 168861
8 5
8 20
8 99
8 133
8 175
8 176
8 1316
8 168862
9 3
9 5
9 20
9 8981
9 115817
9 168864
9 168865
10 5
10 20
10 202
10 3386
10 10488
10 168866
11 230
11 231
11 232
11 234
11 168867
12 9
12 10
12 11
12 13
12 163
13 99
13 131
13 132
13 133
13 195
13 236
13 237
14 3
14 20
14 72
14 195
14 340
14 1227
14 1229
14 1230
14 1231
14 168868
15 82
15 759
15 2852
15 2854
15 168869
16 4
16 5
16 82
16 83
16 84
16 115
16 763
16 1264
16 168870
17 5
17 84
17 90
17 91
17 93
17 121
17 4180
17 34509
17 168871
18 90
18 443
18 17921
18 24970
18 168872
19 4
19 5
19 99
19 131
19 132
19 133
19 152
19 168873
20 3
20 4
20 5
20 74689
20 74691
20 168874
21 4
21 5
21 202
21 6690
21 30986
21 168875
22 243
22 244
22 245
22 247
22 168876
23 90
23 443
23 26703
23 26705
23 168877
24 4
24 5
24 99
24 131
24 132
24 133
24 152
24 168878
25 3
25 4
25 5
25 4298
25 4300
25 168879
26 4
26 5
26 202
26 10427
26 168881
26 168882
27 71
27 76
27 190
27 191
27 168883
seqId 56
1 99
1 131
1 132
1 133
1 195
1 1220
1 46425
2 3
2 4
2 195
2 3154
2 12349
2 168884
3 243
3 244
3 245
3 247
3 168885
4 3
4 20
4 195
4 1650
4 4819
4 168886
5 9
5 10
5 11
5 13
5 168887
6 5
6 27
6 99
6 131
6 132
6 133
6 135
6 168888
7 5
7 67
7 55291
7 55294
7 168889
8 51
8 195
8 14053
8 167927
8 167929
8 168890
9 84
9 90
9 91
9 93
9 121
9 195
9 40758
9 40760
9 168891
10 10
10 146
10 147
10 149
10 2214
11 5
11 99
11 115
11 773
11 774
11 775
11 776
11 778
11 2215
12 3
12 4
12 5
12 168893
12 168894
12 168895
13 9
13 10
13 24
13 26
13 27
13 168896
14 3
14 4
14 5
14 642
14 23331
14 168897
15 9
15 10
15 24
15 26
15 27
15 168898
16 3
16 5
16 20
16 1019
16 25531
16 168899
17 75
17 76
17 77
17 79
17 168900
18 90
18 443
18 9141
18 10481
18 168901
19 5
19 20
19 99
19 131
19 132
19 133
19 166
19 168902
20 3
20 5
20 20
20 1320
20 1322
20 168903
21 5
21 20
21 202
21 3386
21 10488
21 168904
22 10
22 2408
22 2410
22 10221
22 168905
23 90
23 443
23 38146
23 80105
23 168907
23 168908
23 168909
23 168910
24 4
24 5
24 99
24 131
24 132
24 133
24 152
24 168911
25 3
25 4
25 5
25 15
25 17
25 168912
26 4
26 5
26 202
26 6690
26 30986
26 168913
27 76
27 342
27 343
27 345
27 168914
28 82
28 758
28 759
28 761
28 34264
29 5
29 84
29 90
29 91
29 93
29 121
29 1495
29 28166
29 168915
30 5
30 20
30 99
30 133
30 175
30 176
30 1316
30 168916
31 3
31 5
31 20
31 131238
31 168918
31 168919
32 5
32 20
32 202
32 4011
32 4013
32 168920
33 9
33 10
33 11
33 13
33 168921
34 5
34 27
34 99
34 131
34 132
34 133
34 135
34 168922
35 3
35 4
35 5
35 897
35 899
35 168923
36 158
36 159
36 160
36 162
36 168924
37 9
37 10
37 11
37 13
37 163
38 5
38 20
38 99
38 131
38 132
38 133
38 165
38 166
39 3
39 5
39 20
39 10402
39 41855
39 168925
40 10
40 109
40 110
40 112
40 168926
41 3
41 4
41 5
41 14686
41 14688
41 168927
42 76
42 1267
42 1268
42 1270
42 168928
seqId 57
1 90
1 443
1 1488
1 57815
1 168929
2 243
2 244
2 245
2 247
2 168930
3 90
3 443
3 2514
3 12362
3 168931
4 99
4 131
4 132
4 133
4 195
4 237
4 168932
5 3
5 20
5 195
5 340
5 18684
5 38526
5 168934
5 168935
5 168936
6 243
6 244
6 245
6 247
6 168937
7 99
7 131
7 132
7 133
7 195
7 237
7 168938
8 3
8 20
8 195
8 1806
8 1808
8 1809
8 1810
8 168939
9 10
9 109
9 110
9 112
9 168940
10 82
10 83
10 84
10 115
10 195
10 1824
10 3593
10 168941
11 90
11 121
11 122
11 768
11 113943
11 168942
12 99
12 131
12 132
12 133
12 195
12 237
12 168943
13 3
13 20
13 195
13 1718
13 1720
13 46512
14 20
14 195
14 202
14 1527
14 45176
14 168944
15 243
15 244
15 245
15 247
15 46515
16 20
16 195
16 202
16 16827
16 163906
16 168945
17 9
17 10
17 11
17 13
17 168946
18 90
18 443
18 3686
18 3688
18 168947
19 10
19 146
19 147
19 149
19 168948
20 660
20 3768
20 3769
20 3771
20 168949
21 99
21 115
21 195
21 773
21 775
21 776
21 2192
21 2194
21 168950
22 3
22 4
22 15
22 195
22 4121
22 168951
23 76
23 342
23 343
23 345
23 168952
24 10
24 27
24 1113
24 1114
24 1116
24 168953
25 717
25 718
25 719
25 721
25 168954
26 10
26 146
26 147
26 149
26 722
27 5
27 20
27 99
27 131
27 132
27 133
27 165
27 166
28 3
28 5
28 20
28 137578
28 137580
28 168956
29 9
29 10
29 11
29 13
29 168957
30 4
30 5
30 99
30 131
30 132
30 133
30 152
30 168958
31 3
31 4
31 5
31 8842
31 9174
31 168959
32 230
32 231
32 232
32 234
32 168960
33 9
33 10
33 11
33 13
33 163
34 99
34 131
34 132
34 133
34 195
34 236
34 237
35 3
35 4
35 195
35 340
35 10248
35 10250
35 168961
36 71
36 76
36 190
36 191
36 168962
seqId 58
1 5
1 27
1 99
1 131
1 132
1 133
1 699
1 168963
2 5
2 67
2 55291
2 55294
2 168964
3 5
3 84
3 91
3 93
3 121
3 703
3 707
3 956
3 168965
4 660
4 7237
4 10032
4 10034
4 168966
5 4
5 5
5 202
5 168968
5 168969
5 168970
6 9
6 10
6 11
6 13
6 168971
7 3
7 4
7 5
7 114748
7 114750
7 168972
8 4
8 5
8 202
8 302
8 304
8 168973
9 243
9 244
9 245
9 247
9 168974
10 9
10 10
10 24
10 26
10 27
10 168975
11 3
11 4
11 5
11 14523
11 14525
11 168976
12 4
12 5
12 90
12 122
12 708
12 713
12 1104
12 7382
12 133014
12 168978
13 76
13 342
13 343
13 345
13 168979
14 9
14 10
14 26
14 27
14 2548
14 168980
15 82
15 759
15 5284
15 5286
15 168981
16 99
16 131
16 132
16 133
16 195
16 237
16 168982
17 3
17 4
17 195
17 6862
17 14459
17 168983
18 9
18 10
18 11
18 13
18 168984
19 3
19 4
19 5
19 29374
19 29376
19 168985
20 27
20 82
20 759
20 944
20 1463
20 168986
21 4
21 5
21 82
21 83
21 84
21 115
21 763
21 1264
21 168987
22 5
22 84
22 90
22 91
22 93
22 121
22 2832
22 11345
22 168988
23 10
23 146
23 147
23 149
23 168989
24 5
24 27
24 99
24 131
24 132
24 133
24 135
24 168990
25 3
25 5
25 20
25 1029
25 1031
25 168991
26 76
26 342
26 343
26 345
26 168992
27 3
27 4
27 5
27 7295
27 7297
27 168993
28 10
28 378
28 379
28 381
28 168994
29 99
29 131
29 132
29 133
29 195
29 237
29 168995
30 20
30 195
30 202
30 795
30 2446
30 168996
31 3
31 20
31 195
31 2034
31 3403
31 168997
32 20
32 195
32 202
32 24418
32 24420
32 168998
33 243
33 244
33 245
33 247
33 168999
34 3
34 20
34 195
34 1806
34 1808
34 1809
34 1810
34 169000
35 9
35 10
35 11
35 13
35 92658
36 82
36 84
36 114
36 115
36 116
36 1361
36 169001
37 90
37 443
37 3482
37 7519
37 169002
38 76
38 342
38 343
38 345
38 120869
39 9
39 10
39 26
39 27
39 2548
39 129370
40 82
40 759
40 5284
40 5286
40 169003
41 4
41 5
41 99
41 131
41 132
41 133
41 152
41 169004
42 3
42 4
42 5
42 6862
42 6864
42 169005
43 9
43 10
43 11
43 13
43 169006
44 3
44 4
44 5
44 142157
44 142159
44 169007
45 27
45 82
45 759
45 944
45 1463
45 169008
46 4
46 5
46 82
46 83
46 84
46 115
46 763
46 1264
46 169009
47 5
47 84
47 90
47 91
47 93
47 121
47 3777
47 4766
47 169010
48 9
48 10
48 24
48 26
48 27
48 169011
49 3
49 5
49 20
49 33425
49 33427
49 169012
50 90
50 443
50 1587
50 169014
50 169015
50 169016
51 10
51 1387
51 1388
51 1390
51 169017
52 4
52 5
52 99
52 131
52 132
52 133
52 152
52 169018
53 4
53 5
53 202
53 9960
53 19296
53 169019
54 3
54 4
54 5
54 10683
54 10685
54 169020
55 158
55 159
55 160
55 162
55 169021
56 9
56 10
56 11
56 13
56 163
57 5
57 20
57 99
57 131
57 132
57 133
57 165
57 166
58 3
58 5
58 20
58 2863
58 2865
58 169022
59 5
59 20
59 202
59 5335
59 8517
59 169023
60 76
60 342
60 343
60 345
60 169024
61 243
61 244
61 245
61 247
61 2450
62 27
62 944
62 945
62 1463
62 3308
62 169025
63 4
63 5
63 82
63 83
63 84
63 115
63 763
63 1264
63 169026
64 5
64 84
64 90
64 91
64 93
64 121
64 1104
64 169028
64 169029
64 169030
65 10
65 109
65 110
65 112
65 120894
66 99
66 133
66 175
66 176
66 195
66 234
66 169031
67 3
67 20
67 195
67 169033
67 169034
67 169035
68 20
68 90
68 122
68 195
68 708
68 713
68 10167
68 34404
68 77589
69 9
69 10
69 24
69 26
69 27
69 169036
70 3
70 4
70 5
70 14686
70 14688
70 169037
71 76
71 413
71 414
71 416
71 169038
72 67
72 340
72 587
72 83565
72 169040
72 169041
72 169042
73 76
73 342
73 343
73 345
73 169043
74 67
74 159776
74 159777
74 159779
74 169044
75 76
75 342
75 343
75 345
75 169045
76 67
76 169047
76 169048
76 169049
76 169050
77 71
77 509
77 25601
77 25602
77 25604
77 169051
78 76
78 433
78 434
78 436
78 169052
79 76
79 342
79 343
79 345
79 169053
80 20
80 195
80 202
80 22623
80 169055
80 169056
81 10
81 146
81 147
81 149
81 169057
82 90
82 443
82 2491
82 4766
82 5065
83 76
83 413
83 414
83 416
83 169058
84 509
84 16983
84 41632
84 169059
84 169060
85 76
85 433
85 434
85 436
85 169061
86 90
86 443
86 103597
86 103599
86 169062
87 2822
87 2823
87 2824
87 2826
87 34416
88 10
88 146
88 147
88 149
88 722
89 99
89 131
89 132
89 133
89 195
89 236
89 237
90 3
90 20
90 195
90 1806
90 1808
90 1809
90 1810
90 169063
91 243
91 244
91 245
91 247
91 169064
92 3
92 20
92 195
92 340
92 18684
92 38526
92 168934
92 168936
92 169065
93 71
93 76
93 190
93 191
93 169066
seqId 59
1 4
1 5
1 99
1 131
1 132
1 133
1 811
1 169067
2 3
2 4
2 5
2 4228
2 13593
2 169068
3 9
3 10
3 11
3 13
3 169069
4 3
4 20
4 195
4 340
4 12336
4 15959
4 169070
5 20
5 195
5 202
5 340
5 169072
5 169073
5 169074
6 76
6 413
6 414
6 416
6 169075
7 82
7 83
7 84
7 115
7 2548
7 5729
7 5731
7 46640
8 20
8 90
8 122
8 708
8 713
8 16673
8 16675
8 169076
9 5
9 27
9 99
9 131
9 132
9 133
9 135
9 169077
10 3
10 4
10 5
10 18168
10 18422
10 169078
11 9
11 10
11 11
11 13
11 129425
12 3
12 20
12 195
12 32869
12 92004
12 169079
13 76
13 433
13 434
13 436
13 169080
14 10
14 1010
14 1011
14 1013
14 169081
15 4
15 5
15 99
15 131
15 132
15 133
15 152
15 169082
16 3
16 4
16 5
16 78230
16 78232
16 169083
17 10
17 146
17 147
17 149
17 169084
18 3
18 4
18 5
18 7144
18 7146
18 169085
19 9
19 10
19 11
19 13
19 169086
20 3
20 20
20 195
20 5627
20 34448
20 40014
21 20
21 195
21 202
21 1951
21 18077
21 169087
22 660
22 976
22 979
22 1458
22 169088
23 944
23 945
23 946
23 948
23 169089
24 4
24 5
24 99
24 131
24 132
24 133
24 152
24 169090
25 3
25 4
25 5
25 4900
25 4902
25 169091
26 10
26 146
26 147
26 149
26 92732
27 243
27 244
27 245
27 247
27 169092
28 10
28 828
28 829
28 831
28 169093
29 4
29 5
29 99
29 131
29 132
29 133
29 152
29 92734
30 3
30 4
30 5
30 15
30 17
30 92735
31 84
31 90
31 91
31 93
31 121
31 195
31 35046
31 36150
31 169094
32 10
32 283
32 284
32 286
32 169095
33 99
33 131
33 132
33 133
33 195
33 237
33 2590
34 3
34 4
34 195
34 1542
34 24622
34 169096
35 9
35 10
35 24
35 26
35 27
35 169097
36 443
36 703
36 707
36 2086
36 169098
37 9
37 10
37 11
37 13
37 169099
38 5
38 27
38 99
38 131
38 132
38 133
38 135
38 169100
39 3
39 5
39 20
39 55291
39 55294
39 169101
40 76
40 342
40 343
40 345
40 169102
41 20
41 82
41 84
41 98
41 100
41 102
41 169103
42 82
42 758
42 759
42 761
42 169104
43 27
43 660
43 661
43 910
43 912
43 169105
44 5
44 84
44 90
44 91
44 93
44 121
44 702
44 705
44 169106
45 5
45 20
45 82
45 929
45 169108
45 169109
45 169110
46 660
46 661
46 944
46 948
46 169111
47 9
47 10
47 11
47 13
47 169112
48 660
48 7237
48 10032
48 10034
48 129456
49 5
49 20
49 202
49 169114
49 169115
49 169116
50 71
50 76
50 190
50 191
50 169117
seqId 60
1 99
1 131
1 132
1 133
1 195
1 1220
1 169118
2 76
2 137
2 138
2 140
2 169119
3 3
3 4
3 195
3 38566
3 38568
3 169120
4 76
4 185
4 186
4 188
4 169121
5 4
5 90
5 122
5 195
5 340
5 708
5 713
5 20465
5 20467
5 169122
6 76
6 342
6 343
6 345
6 169123
7 10
7 378
7 379
7 381
7 169124
8 660
8 17966
8 17967
8 17969
8 169125
9 944
9 945
9 946
9 948
9 169126
10 5
10 20
10 99
10 131
10 132
10 133
10 166
10 129465
11 3
11 5
11 20
11 33623
11 68297
11 169127
12 5
12 84
12 93
12 121
12 703
12 707
12 2699
12 4415
12 169128
13 5
13 20
13 90
13 122
13 708
13 713
13 169130
13 169131
13 169132
14 76
14 342
14 343
14 345
14 56735
15 84
15 90
15 91
15 93
15 121
15 195
15 3906
15 27162
15 56736
16 10
16 828
16 829
16 831
16 169133
17 4
17 5
17 99
17 131
17 132
17 133
17 152
17 92761
18 3
18 4
18 5
18 34306
18 34308
18 169134
19 9
19 10
19 24
19 26
19 27
19 2639
20 5
20 20
20 99
20 133
20 175
20 176
20 1316
20 169135
21 3
21 5
21 20
21 429
21 431
21 169136
22 5
22 20
22 202
22 5335
22 8517
22 169137
23 10
23 146
23 147
23 149
23 169138
24 4
24 5
24 202
24 1377
24 12034
24 169139
25 5
25 27
25 99
25 131
25 132
25 133
25 135
25 169140
26 5
26 67
26 55291
26 55294
26 169141
27 243
27 244
27 245
27 247
27 169142
28 5
28 20
28 90
28 122
28 708
28 713
28 18684
28 41068
28 43609
28 124327
28 169144
29 10
29 828
29 829
29 831
29 169145
30 5
30 20
30 99
30 133
30 175
30 176
30 1316
30 169146
31 3
31 5
31 20
31 2863
31 2865
31 169147
32 5
32 20
32 202
32 10523
32 10525
32 169148
33 76
33 342
33 343
33 345
33 56766
34 5
34 20
34 99
34 131
34 132
34 133
34 166
34 169149
35 3
35 5
35 20
35 14940
35 14942
35 169150
36 9
36 10
36 11
36 13
36 169151
37 3
37 20
37 195
37 340
37 2887
37 2889
37 169152
38 243
38 244
38 245
38 247
38 129488
39 9
39 10
39 11
39 13
39 129489
40 3
40 4
40 195
40 6862
40 14459
40 169153
41 9
41 10
41 24
41 26
41 27
41 169154
42 3
42 4
42 5
42 1395
42 5941
42 169155
43 20
43 195
43 202
43 5335
43 5564
43 169156
44 244
44 418
44 419
44 421
44 169157
45 10
45 146
45 147
45 149
45 56787
46 82
46 84
46 85
46 195
46 638
46 640
46 169158
47 76
47 342
47 343
47 345
47 169159
48 4
48 5
48 99
48 131
48 132
48 133
48 152
48 169160
49 3
49 4
49 5
49 5331
49 5333
49 169161
50 10
50 146
50 147
50 149
50 169162
51 85
51 99
51 195
51 13851
51 13853
51 169163
52 3
52 20
52 195
52 5458
52 5460
52 169164
53 10
53 146
53 147
53 149
53 169165
54 3
54 5
54 20
54 429
54 431
54 169166
55 20
55 195
55 202
55 646
55 648
55 169167
56 76
56 413
56 414
56 416
56 169168
57 67
57 1258
57 57345
57 57346
57 57348
57 169169
58 76
58 342
58 343
58 345
58 169170
59 67
59 52779
59 72014
59 82591
59 82592
59 169171
60 76
60 433
60 434
60 436
60 169172
61 76
61 342
61 343
61 345
61 169173
62 5
62 20
62 99
62 131
62 132
62 133
62 166
62 34564
63 3
63 5
63 20
63 145985
63 145987
63 169174
64 9
64 10
64 11
64 13
64 129510
65 3
65 5
65 20
65 2790
65 2792
65 169175
66 660
66 7237
66 10032
66 10034
66 169176
67 5
67 20
67 90
67 122
67 708
67 713
67 1363
67 72457
67 169177
68 243
68 244
68 245
68 247
68 169178
69 5
69 20
69 202
69 169180
69 169181
69 169182
70 99
70 133
70 175
70 176
70 195
70 234
70 169183
71 3
71 20
71 195
71 5458
71 5460
71 169184
72 10
72 146
72 147
72 149
72 169185
73 3
73 5
73 20
73 429
73 431
73 169186
74 9
74 10
74 11
74 13
74 169187
75 5
75 27
75 99
75 131
75 132
75 133
75 135
75 169188
76 5
76 67
76 5929
76 5932
76 5933
76 169189
77 244
77 418
77 419
77 421
77 169190
78 9
78 10
78 11
78 13
78 34575
79 5
79 27
79 99
79 131
79 132
79 133
79 135
79 34576
80 5
80 64
80 67
80 38761
80 38764
80 169191
81 121
81 122
81 702
81 703
81 2506
81 169192
82 5
82 20
82 26
82 90
82 96
82 122
82 708
82 769
82 14727
82 169194
82 169195
82 169196
83 99
83 131
83 132
83 133
83 195
83 237
83 169197
84 3
84 20
84 195
84 2034
84 3403
84 169198
85 9
85 10
85 24
85 26
85 27
85 169199
86 4
86 5
86 99
86 133
86 175
86 176
86 178
86 169200
87 4
87 5
87 67
87 55291
87 55294
87 169201
88 10
88 828
88 831
88 1539
88 169202
89 660
89 2210
89 2211
89 2213
89 169203
90 4
90 5
90 90
90 122
90 708
90 713
90 28112
90 50970
90 169204
91 9
91 10
91 11
91 13
91 169205
92 5
92 20
92 85
92 99
92 1377
92 6487
92 169206
93 3
93 5
93 20
93 9702
93 44909
93 169207
94 5
94 20
94 202
94 1449
94 9927
94 169208
95 76
95 413
95 414
95 416
95 169209
96 244
96 517
96 10253
96 10254
96 169210
97 67
97 3206
97 49941
97 169212
97 169213
97 169214
98 76
98 342
98 343
98 345
98 169215
99 244
99 517
99 10253
99 10254
99 169216
100 67
100 460
100 3206
100 169218
100 169219
100 169220
101 76
101 342
101 343
101 345
101 169221
102 244
102 517
102 10253
102 10254
102 169222
103 3
103 5
103 20
103 56136
103 113887
103 169223
104 76
104 433
104 434
104 436
104 56875
105 76
105 342
105 343
105 345
105 169224
106 9
106 10
106 11
106 13
106 169225
107 90
107 443
107 9486
107 32711
107 32713
107 169226
108 717
108 718
108 719
108 721
108 121088
109 10
109 146
109 147
109 149
109 722
110 5
110 20
110 99
110 131
110 132
110 133
110 165
110 166
111 3
111 5
111 20
111 12983
111 12985
111 169227
112 9
112 10
112 24
112 26
112 27
112 169228
113 90
113 443
113 1587
113 169230
113 169231
113 169232
114 10
114 109
114 112
114 1539
114 121091
115 5
115 20
115 202
115 3828
115 169234
115 169235
116 5
116 99
116 115
116 773
116 775
116 776
116 2192
116 3593
116 169236
117 3
117 4
117 5
117 35089
117 35091
117 169237
118 71
118 76
118 190
118 191
118 169238
seqId 61
1 10
1 109
1 876
1 878
1 169239
2 3
2 4
2 5
2 2732
2 2734
2 169240
3 76
3 342
3 343
3 345
3 169241
4 10
4 283
4 284
4 286
4 169242
5 5
5 20
5 99
5 131
5 132
5 133
5 166
5 169243
6 3
6 5
6 20
6 4345
6 4347
6 169244
7 158
7 159
7 160
7 162
7 169245
8 9
8 10
8 11
8 13
8 163
9 5
9 20
9 99
9 131
9 132
9 133
9 165
9 166
10 5
10 20
10 67
10 4796
10 17548
10 62563
10 169246
11 51
11 195
11 1705
11 1707
11 169247
12 76
12 342
12 343
12 345
12 169248
13 5
13 27
13 99
13 131
13 132
13 133
13 135
13 169249
14 5
14 67
14 55291
14 55294
14 169250
15 5
15 84
15 91
15 93
15 121
15 702
15 703
15 705
15 169251
16 5
16 20
16 90
16 122
16 708
16 769
16 29073
16 164260
16 169252
17 4
17 5
17 99
17 133
17 175
17 176
17 178
17 169253
18 3
18 4
18 5
18 11475
18 11477
18 169254
19 717
19 718
19 719
19 721
19 169255
20 10
20 146
20 147
20 149
20 722
21 5
21 20
21 99
21 131
21 132
21 133
21 165
21 166
22 3
22 5
22 20
22 429
22 431
22 169256
23 5
23 20
23 202
23 1773
23 31090
23 169257
24 5
24 20
24 90
24 122
24 708
24 713
24 4379
24 5722
24 169258
25 10
25 828
25 829
25 831
25 169259
26 4
26 5
26 99
26 131
26 132
26 133
26 152
26 46822
27 4
27 5
27 67
27 52779
27 72014
27 82591
27 169260
28 76
28 342
28 343
28 345
28 169261
29 3
29 5
29 20
29 429
29 431
29 169262
30 660
30 169264
30 169265
30 169266
30 169267
31 659
31 660
31 661
31 2274
31 169268
32 5
32 20
32 90
32 122
32 708
32 713
32 3884
32 3886
32 169269
33 71
33 76
33 190
33 191
33 169270
seqId 62
1 10
1 2408
1 33985
1 33987
1 169271
2 90
2 443
2 7553
2 169273
2 169274
3 660
3 169276
3 169277
3 169278
3 169279
4 5
4 20
4 99
4 131
4 132
4 133
4 166
4 169280
5 3
5 5
5 20
5 87000
5 87002
5 169281
6 10
6 146
6 147
6 149
6 169282
7 4
7 5
7 99
7 131
7 132
7 133
7 152
7 169283
8 4
8 5
8 202
8 169285
8 169286
8 169287
9 3
9 4
9 5
9 34656
9 63646
9 63648
10 9
10 10
10 11
10 13
10 169288
11 67
11 130231
11 130233
11 169289
11 169290
12 9
12 10
12 24
12 26
12 27
12 169291
13 67
13 70218
13 70219
13 70221
13 169292
14 76
14 342
14 343
14 345
14 169293
15 5
15 20
15 99
15 131
15 132
15 133
15 166
15 169294
16 5
16 20
16 67
16 458
16 1692
16 3213
16 69867
16 167933
16 169295
17 27
17 660
17 661
17 910
17 912
17 169296
18 5
18 84
18 90
18 91
18 93
18 121
18 4180
18 34509
18 169297
19 660
19 661
19 1240
19 1242
19 169298
20 90
20 443
20 923
20 27297
20 169299
21 10
21 283
21 284
21 286
21 169300
22 99
22 133
22 175
22 176
22 195
22 234
22 169301
23 3
23 20
23 195
23 5458
23 5460
23 169302
24 9
24 10
24 24
24 26
24 27
24 169303
25 3
25 4
25 5
25 10713
25 10715
25 169304
26 20
26 195
26 202
26 340
26 169306
26 169307
26 169308
27 71
27 76
27 190
27 191
27 169309
seqId 63
1 5
1 20
1 99
1 131
1 132
1 133
1 967
1 121149
2 3
2 5
2 20
2 41849
2 41851
2 169310
3 5
3 20
3 202
3 3001
3 3343
3 169311
4 243
4 244
4 245
4 247
4 169312
5 5
5 20
5 202
5 2923
5 2925
5 169313
6 27
6 660
6 661
6 910
6 912
6 169314
7 5
7 84
7 91
7 93
7 121
7 703
7 707
7 956
7 169315
8 660
8 661
8 1240
8 1242
8 169316
9 660
9 1796
9 1797
9 1799
9 121159
10 5
10 27
10 99
10 131
10 132
10 133
10 135
10 169317
11 3
11 4
11 5
11 239
11 50259
11 169318
12 9
12 10
12 11
12 13
12 169319
13 5
13 27
13 99
13 131
13 132
13 133
13 135
13 169320
14 5
14 67
14 55291
14 55294
14 169321
15 10
15 283
15 284
15 286
15 169322
16 4
16 5
16 99
16 115
16 773
16 774
16 775
16 776
16 3330
16 169323
17 3
17 4
17 5
17 169325
17 169326
17 169327
18 944
18 945
18 946
18 948
18 169328
19 9
19 10
19 11
19 13
19 169329
20 99
20 115
20 195
20 773
20 774
20 775
20 776
20 3400
20 169330
21 3
21 4
21 195
21 340
21 33143
21 36321
21 169332
21 169333
22 4
22 195
22 202
22 340
22 168968
22 168970
22 169335
23 9
23 10
23 11
23 13
23 169336
24 90
24 443
24 5450
24 8909
24 169337
25 2822
25 2823
25 2824
25 2826
25 169338
26 10
26 146
26 147
26 149
26 722
27 99
27 131
27 132
27 133
27 195
27 236
27 237
28 3
28 4
28 195
28 340
28 26519
28 26521
28 169339
29 4
29 195
29 202
29 302
29 1655
29 169340
30 4
30 195
30 202
30 14709
30 14711
30 169341
31 82
31 758
31 759
31 761
31 169342
32 84
32 90
32 91
32 93
32 121
32 195
32 755
32 43032
32 43034
32 169343
33 9
33 10
33 11
33 13
33 57080
34 4
34 5
34 99
34 131
34 132
34 133
34 152
34 129636
35 4
35 5
35 67
35 3042
35 3045
35 169344
36 243
36 244
36 245
36 247
36 169345
37 158
37 159
37 160
37 162
37 169346
38 9
38 10
38 11
38 13
38 163
39 5
39 20
39 99
39 131
39 132
39 133
39 165
39 166
40 3
40 5
40 20
40 5018
40 5020
40 169347
41 76
41 342
41 343
41 345
41 169348
42 3
42 4
42 195
42 340
42 33143
42 36321
42 169332
42 169349
43 4
43 195
43 202
43 1666
43 28037
43 169350
44 10
44 126
44 127
44 129
44 34732
45 99
45 131
45 132
45 133
45 195
45 237
45 169351
46 3
46 20
46 195
46 17780
46 27594
46 169352
47 9
47 10
47 11
47 13
47 169353
48 3
48 20
48 195
48 10402
48 10404
48 169354
49 20
49 195
49 202
49 2923
49 14156
49 169355
50 71
50 76
50 190
50 191
50 169356
seqId 64
1 244
1 1249
1 2068
1 2070
1 169357
2 5
2 27
2 99
2 131
2 132
2 133
2 135
2 169358
3 3
3 4
3 5
3 169360
3 169361
3 169362
4 5
4 84
4 90
4 91
4 93
4 121
4 8207
4 10030
4 169363
5 10
5 146
5 147
5 149
5 169364
6 90
6 443
6 2787
6 13152
6 41069
6 169366
6 169367
7 5
7 20
7 99
7 133
7 175
7 176
7 1316
7 169368
8 5
8 20
8 202
8 1589
8 23961
8 169369
9 3
9 5
9 20
9 77722
9 77724
9 169370
10 9
10 10
10 24
10 26
10 27
10 169371
11 3
11 4
11 5
11 1573
11 1575
11 169372
12 4
12 5
12 202
12 2964
12 51830
12 169373
13 243
13 244
13 245
13 247
13 3046
14 9
14 10
14 11
14 13
14 169374
15 3
15 4
15 5
15 7721
15 7723
15 169375
16 4
16 5
16 202
16 169377
16 169378
16 169379
17 71
17 76
17 190
17 191
17 169380
seqId 65
1 99
1 131
1 132
1 133
1 195
1 1220
1 169381
2 3
2 4
2 195
2 897
2 3520
2 169382
3 9
3 10
3 11
3 13
3 169383
4 5
4 27
4 99
4 131
4 132
4 133
4 135
4 169384
5 2
5 3
5 4
5 5
5 181
5 169385
6 9
6 10
6 11
6 13
6 169386
7 3
7 4
7 5
7 15
7 17
7 169387
8 82
8 84
8 114
8 115
8 116
8 1361
8 3057
9 84
9 90
9 91
9 93
9 121
9 195
9 755
9 4483
9 23817
9 169388
10 10
10 828
10 829
10 831
10 169389
11 4
11 5
11 99
11 133
11 175
11 176
11 178
11 169390
12 660
12 7237
12 10032
12 10034
12 169391
13 4
13 5
13 202
13 169393
13 169394
13 169395
14 3
14 4
14 5
14 4228
14 13593
14 169396
15 4
15 5
15 202
15 302
15 304
15 169397
16 76
16 413
16 414
16 416
16 169398
17 90
17 443
17 25415
17 33649
17 169399
18 99
18 131
18 132
18 133
18 195
18 237
18 169400
19 3
19 4
19 195
19 1742
19 13218
19 169401
20 158
20 159
20 160
20 162
20 169402
21 9
21 10
21 11
21 13
21 163
22 5
22 20
22 99
22 131
22 132
22 133
22 165
22 166
23 5
23 20
23 202
23 1666
23 1668
23 169403
24 3
24 5
24 20
24 384
24 386
24 169404
25 76
25 433
25 434
25 436
25 169405
26 76
26 342
26 343
26 345
26 169406
27 4
27 5
27 202
27 6690
27 30986
27 169407
28 244
28 418
28 419
28 421
28 57220
29 4
29 5
29 202
29 3386
29 6768
29 169408
30 76
30 342
30 343
30 345
30 169409
31 9
31 10
31 11
31 13
31 169410
32 20
32 85
32 99
32 195
32 1951
32 18077
32 169411
33 3
33 20
33 195
33 340
33 167838
33 167840
33 169413
34 243
34 244
34 245
34 247
34 93002
35 10
35 109
35 110
35 112
35 169414
36 3
36 4
36 5
36 813
36 815
36 169415
37 9
37 10
37 11
37 13
37 169416
38 20
38 85
38 99
38 195
38 1951
38 18077
38 169417
39 3
39 20
39 195
39 5627
39 40014
39 169418
40 76
40 1267
40 1268
40 1270
40 169419
41 10
41 828
41 829
41 831
41 169420
42 4
42 5
42 99
42 133
42 175
42 176
42 178
42 169421
43 4
43 5
43 202
43 15583
43 15585
43 169422
44 3
44 4
44 5
44 7803
44 7805
44 169423
45 9
45 10
45 11
45 13
45 169424
46 99
46 115
46 195
46 773
46 774
46 775
46 776
46 3400
46 169425
47 3
47 20
47 195
47 2034
47 3403
47 169426
48 10
48 146
48 147
48 149
48 169427
49 99
49 133
49 175
49 176
49 195
49 234
49 169428
50 3
50 4
50 195
50 2828
50 2830
50 169429
51 4
51 195
51 202
51 302
51 1655
51 169430
52 4
52 90
52 122
52 195
52 340
52 708
52 713
52 11173
52 66856
52 169431
53 244
53 418
53 419
53 421
53 169432
54 659
54 660
54 661
54 2274
54 169433
55 10
55 828
55 829
55 831
55 169434
56 20
56 82
56 84
56 115
56 195
56 1262
56 1824
56 11772
56 169435
57 76
57 342
57 343
57 345
57 169436
58 10
58 109
58 110
58 112
58 169437
59 67
59 3042
59 3043
59 3045
59 169438
60 243
60 244
60 245
60 247
60 169439
61 10
61 146
61 147
61 149
61 169440
62 5
62 27
62 99
62 131
62 132
62 133
62 135
62 169441
63 3
63 5
63 20
63 13830
63 14171
63 169442
64 76
64 1267
64 1268
64 1270
64 129745
65 10
65 828
65 829
65 831
65 169443
66 4
66 5
66 99
66 131
66 132
66 133
66 152
66 169444
67 3
67 4
67 5
67 7803
67 7805
67 169445
68 9
68 10
68 11
68 13
68 169446
69 20
69 82
69 84
69 85
69 195
69 1589
69 2970
69 169447
70 230
70 231
70 232
70 234
70 169448
71 9
71 10
71 11
71 13
71 163
72 99
72 131
72 132
72 133
72 195
72 236
72 237
73 3
73 20
73 195
73 2034
73 3403
73 169449
74 10
74 146
74 147
74 149
74 169450
75 99
75 133
75 175
75 176
75 195
75 234
75 169451
76 3
76 20
76 195
76 10672
76 17040
76 169452
77 9
77 10
77 11
77 13
77 169453
78 3
78 4
78 15
78 195
78 4121
78 169454
79 20
79 195
79 202
79 3001
79 7424
79 169455
80 243
80 244
80 245
80 247
80 34876
81 20
81 195
81 202
81 2923
81 14156
81 169456
82 76
82 1267
82 1268
82 1270
82 169457
83 10
83 828
83 829
83 831
83 169458
84 4
84 5
84 99
84 131
84 132
84 133
84 152
84 129767
85 3
85 4
85 5
85 7803
85 7805
85 169459
86 10
86 146
86 147
86 149
86 169460
87 99
87 133
87 175
87 176
87 195
87 234
87 169461
88 3
88 4
88 195
88 9881
88 34477
88 169462
89 9
89 10
89 11
89 13
89 169463
90 3
90 4
90 5
90 13389
90 13391
90 169464
91 158
91 159
91 160
91 162
91 169465
92 9
92 10
92 11
92 13
92 163
93 5
93 20
93 99
93 131
93 132
93 133
93 165
93 166
94 3
94 5
94 20
94 12336
94 15959
94 169466
95 76
95 413
95 414
95 416
95 169467
96 3
96 20
96 195
96 36979
96 97470
96 169468
97 76
97 342
97 343
97 345
97 169469
98 3
98 20
98 195
98 5661
98 9041
98 169470
99 82
99 83
99 115
99 195
99 595
99 7796
99 9043
99 9045
99 169471
100 20
100 195
100 202
100 693
100 39275
100 169472
101 76
101 342
101 343
101 345
101 169473
102 3
102 4
102 195
102 1970
102 1972
102 47053
103 76
103 342
103 343
103 345
103 47054
104 3
104 4
104 195
104 41432
104 169475
104 169476
105 76
105 25774
105 25775
105 25777
105 169477
106 76
106 433
106 434
106 436
106 93086
107 10
107 109
107 110
107 112
107 169478
108 3
108 4
108 5
108 813
108 815
108 169479
109 9
109 10
109 11
109 13
109 169480
110 20
110 85
110 99
110 195
110 1951
110 18077
110 169481
111 3
111 20
111 195
111 340
111 169483
111 169484
111 169485
112 76
112 342
112 343
112 345
112 169486
113 82
113 83
113 84
113 115
113 2548
113 5729
113 5731
113 169487
114 20
114 90
114 122
114 708
114 713
114 16673
114 16675
114 169488
115 99
115 131
115 132
115 133
115 195
115 237
115 169489
116 3
116 20
116 195
116 51638
116 51640
116 169490
117 9
117 10
117 11
117 13
117 169491
118 4
118 5
118 99
118 131
118 132
118 133
118 152
118 169492
119 3
119 4
119 5
119 20844
119 52591
119 169493
120 9
120 10
120 24
120 26
120 27
120 169494
121 67
121 169496
121 169497
121 169498
121 169499
122 4
122 5
122 202
122 124305
122 169501
122 169502
123 71
123 76
123 190
123 191
123 169503
seqId 66
1 4
1 82
1 84
1 85
1 195
1 1589
1 31729
1 169504
2 230
2 231
2 232
2 234
2 169505
3 9
3 10
3 11
3 13
3 163
4 99
4 131
4 132
4 133
4 195
4 236
4 237
5 3
5 4
5 195
5 2828
5 2830
5 169506
6 4
6 195
6 202
6 302
6 1655
6 169507
7 9
7 10
7 11
7 13
7 169508
8 5
8 27
8 99
8 131
8 132
8 133
8 135
8 169509
9 5
9 67
9 55291
9 55294
9 169510
10 76
10 342
10 343
10 345
10 169511
11 660
11 6695
11 6696
11 6698
11 169512
12 99
12 115
12 195
12 773
12 774
12 775
12 776
12 3400
12 169513
13 3
13 20
13 195
13 2863
13 10735
13 169514
14 20
14 195
14 202
14 5335
14 5564
14 169515
15 76
15 342
15 343
15 345
15 169516
16 84
16 91
16 93
16 121
16 195
16 702
16 703
16 1062
16 169517
17 5
17 20
17 122
17 703
17 707
17 708
17 710
17 169518
18 4
18 90
18 122
18 195
18 340
18 708
18 713
18 110144
18 110146
18 169519
19 243
19 244
19 245
19 247
19 169520
20 4
20 90
20 122
20 195
20 708
20 713
20 1345
20 22505
20 169521
21 10
21 109
21 110
21 112
21 169522
22 3
22 4
22 5
22 3239
22 3241
22 169523
23 10
23 126
23 127
23 129
23 169524
24 5
24 99
24 115
24 773
24 774
24 775
24 776
24 778
24 169525
25 3
25 5
25 20
25 9758
25 9760
25 169526
26 244
26 1249
26 1250
26 1252
26 169527
27 4
27 5
27 99
27 131
27 132
27 133
27 152
27 169528
28 3
28 4
28 5
28 8229
28 12263
28 169529
29 27
29 660
29 661
29 910
29 912
29 169530
30 5
30 84
30 91
30 93
30 121
30 703
30 707
30 956
30 129845
31 660
31 661
31 1240
31 1242
31 169531
32 4
32 5
32 202
32 3899
32 3901
32 169532
33 76
33 342
33 343
33 345
33 169533
34 660
34 24070
34 24072
34 169534
34 169535
35 9
35 10
35 11
35 13
35 169536
36 3
36 5
36 20
36 2985
36 2987
36 169537
37 5
37 20
37 202
37 23315
37 23317
37 169538
38 71
38 76
38 190
38 191
38 169539
seqId 67
1 4
1 5
1 99
1 131
1 132
1 133
1 811
1 169540
2 3
2 4
2 5
2 33368
2 33370
2 169541
3 9
3 10
3 11
3 13
3 34979
4 5
4 27
4 99
4 131
4 132
4 133
4 135
4 34980
5 5
5 67
5 55291
5 55294
5 169542
6 51
6 195
6 14053
6 167927
6 167929
6 169543
7 660
7 661
7 910
7 1234
7 169544
8 4
8 5
8 82
8 83
8 84
8 115
8 152
8 763
8 169545
9 5
9 84
9 90
9 91
9 93
9 121
9 4845
9 4847
9 169546
10 660
10 661
10 12396
10 12398
10 169547
11 10
11 146
11 147
11 149
11 169548
12 82
12 84
12 114
12 115
12 116
12 1361
12 169549
13 90
13 443
13 65951
13 169551
13 169552
14 9
14 10
14 11
14 13
14 169553
15 76
15 137
15 138
15 140
15 169554
16 3
16 4
16 5
16 4884
16 4886
16 169555
17 76
17 185
17 186
17 188
17 169556
18 717
18 718
18 719
18 721
18 169557
19 10
19 146
19 147
19 149
19 722
20 5
20 20
20 99
20 131
20 132
20 133
20 165
20 166
21 3
21 5
21 20
21 18025
21 18027
21 169558
22 5
22 20
22 202
22 37128
22 169560
22 169561
23 158
23 159
23 160
23 162
23 169562
24 9
24 10
24 11
24 13
24 163
25 5
25 20
25 99
25 131
25 132
25 133
25 165
25 166
26 3
26 5
26 20
26 1866
26 1868
26 169563
27 71
27 76
27 190
27 191
27 169564
seqId 68
1 10
1 109
1 876
1 878
1 93165
2 3
2 4
2 5
2 2732
2 2734
2 169565
3 76
3 342
3 343
3 345
3 169566
4 99
4 115
4 195
4 773
4 774
4 775
4 776
4 3400
4 169567
5 3
5 20
5 195
5 2034
5 3403
5 169568
6 27
6 82
6 84
6 114
6 115
6 116
6 118
6 169569
7 84
7 90
7 91
7 93
7 121
7 195
7 1384
7 1845
7 4710
7 169571
7 169572
7 169573
8 76
8 342
8 343
8 345
8 169574
9 10
9 146
9 147
9 149
9 169575
10 3
10 5
10 20
10 7837
10 7839
10 169576
11 5
11 20
11 202
11 6690
11 6692
11 169577
12 76
12 342
12 343
12 345
12 169578
13 10
13 146
13 147
13 149
13 169579
14 90
14 443
14 8835
14 83712
14 169580
15 99
15 115
15 195
15 773
15 775
15 776
15 2192
15 2194
15 169581
16 3
16 20
16 195
16 1320
16 3384
16 169582
17 243
17 244
17 245
17 247
17 169583
18 3
18 4
18 15
18 195
18 4121
18 169584
19 10
19 109
19 110
19 112
19 169585
20 82
20 83
20 84
20 115
20 195
20 237
20 1824
20 169586
21 121
21 122
21 703
21 4766
21 15714
21 169587
22 90
22 443
22 11691
22 14741
22 169588
23 10
23 828
23 831
23 1539
23 169589
24 3
24 5
24 20
24 6890
24 6892
24 169590
25 717
25 718
25 719
25 721
25 3436
26 10
26 146
26 147
26 149
26 722
27 5
27 20
27 99
27 131
27 132
27 133
27 165
27 166
28 3
28 5
28 20
28 34150
28 34152
28 169591
29 9
29 10
29 11
29 13
29 169592
30 4
30 5
30 99
30 131
30 132
30 133
30 152
30 169593
31 3
31 4
31 5
31 169595
31 169596
31 169597
32 9
32 10
32 11
32 13
32 169598
33 4
33 5
33 99
33 131
33 132
33 133
33 152
33 169599
34 3
34 4
34 5
34 313
34 120068
34 169600
35 244
35 418
35 419
35 421
35 169601
36 9
36 10
36 11
36 13
36 47171
37 3
37 4
37 195
37 6862
37 14459
37 169602
38 4
38 90
38 122
38 195
38 340
38 708
38 713
38 789
38 4136
38 169603
39 76
39 342
39 343
39 345
39 93199
40 10
40 1010
40 1011
40 1013
40 93200
41 4
41 82
41 84
41 100
41 195
41 4680
41 4682
41 129907
42 82
42 758
42 759
42 761
42 169604
43 84
43 90
43 91
43 93
43 121
43 195
43 7704
43 58022
43 169605
44 5
44 20
44 99
44 131
44 132
44 133
44 166
44 169606
45 3
45 5
45 20
45 74070
45 74072
45 169607
46 71
46 76
46 190
46 191
46 169608
seqId 69
1 5
1 20
1 99
1 929
1 53413
1 53415
1 169609
2 5
2 20
2 202
2 7021
2 19588
2 169610
3 3
3 5
3 20
3 169612
3 169613
3 169614
4 5
4 20
4 202
4 693
4 33899
4 169615
5 660
5 661
5 910
5 1234
5 3470
6 82
6 84
6 114
6 115
6 116
6 1361
6 169616
7 5
7 84
7 90
7 91
7 93
7 121
7 7785
7 46773
7 169617
8 10
8 2408
8 2410
8 10221
8 169618
9 944
9 945
9 946
9 948
9 169619
10 85
10 99
10 195
10 638
10 640
10 169620
11 3
11 20
11 195
11 2034
11 3403
11 169621
12 9
12 10
12 11
12 13
12 169622
13 5
13 27
13 99
13 131
13 132
13 133
13 135
13 169623
14 5
14 67
14 55291
14 55294
14 169624
15 27
15 660
15 661
15 910
15 912
15 169625
16 82
16 83
16 84
16 115
16 5729
16 5731
16 169626
17 84
17 90
17 93
17 121
17 195
17 755
17 4415
17 93223
17 169628
17 169629
18 90
18 443
18 4379
18 47166
18 169630
19 99
19 131
19 132
19 133
19 195
19 237
19 169631
20 3
20 4
20 195
20 169633
20 169634
20 169635
21 158
21 159
21 160
21 162
21 3486
22 9
22 10
22 11
22 13
22 163
23 5
23 20
23 99
23 131
23 132
23 133
23 165
23 166
24 5
24 20
24 67
24 458
24 1692
24 3213
24 69867
24 167933
24 169636
25 76
25 413
25 414
25 416
25 169637
26 67
26 169639
26 169640
26 169641
26 169642
27 76
27 342
27 343
27 345
27 169643
28 3
28 5
28 20
28 5498
28 5500
28 169644
29 158
29 159
29 160
29 162
29 169645
30 9
30 10
30 11
30 13
30 163
31 5
31 20
31 99
31 131
31 132
31 133
31 165
31 166
32 3
32 5
32 20
32 5018
32 5020
32 169646
33 5
33 20
33 202
33 34785
33 36313
33 169647
34 76
34 342
34 343
34 345
34 169648
35 71
35 509
35 25601
35 25602
35 25604
35 169649
36 76
36 433
36 434
36 436
36 169650
37 71
37 76
37 190
37 191
37 169651
seqId 70
1 5
1 27
1 99
1 131
1 132
1 133
1 699
1 93241
2 3
2 5
2 20
2 2558
2 2560
2 169652
3 9
3 10
3 11
3 13
3 169653
4 5
4 27
4 99
4 131
4 132
4 133
4 135
4 3504
5 5
5 67
5 55291
5 55294
5 169654
6 51
6 195
6 14053
6 167927
6 167929
6 169655
7 10
7 146
7 147
7 149
7 169656
8 4
8 5
8 99
8 131
8 132
8 133
8 152
8 169657
9 3
9 4
9 5
9 51823
9 51825
9 169658
10 4
10 5
10 202
10 6881
10 10515
10 169659
11 5
11 84
11 90
11 91
11 93
11 121
11 13580
11 13582
11 169660
12 660
12 2643
12 2644
12 2646
12 169661
13 10
13 109
13 110
13 112
13 169662
14 5
14 27
14 99
14 131
14 132
14 133
14 135
14 169663
15 3
15 5
15 20
15 8688
15 8690
15 169664
16 660
16 77557
16 77558
16 77560
16 169665
17 5
17 20
17 202
17 10069
17 10071
17 35125
18 9
18 10
18 11
18 13
18 35126
19 99
19 115
19 195
19 773
19 774
19 775
19 776
19 3400
19 169666
20 3
20 4
20 195
20 2828
20 2830
20 169667
21 4
21 195
21 202
21 302
21 1655
21 169668
22 5
22 20
22 90
22 122
22 708
22 713
22 12304
22 69211
22 169669
23 2822
23 2823
23 2824
23 2826
23 169670
24 10
24 146
24 147
24 149
24 722
25 99
25 131
25 132
25 133
25 195
25 236
25 237
26 3
26 20
26 195
26 1806
26 1808
26 1809
26 1810
26 169671
27 243
27 244
27 245
27 247
27 169672
28 3
28 20
28 195
28 340
28 18684
28 38526
28 168934
28 168936
28 169673
29 9
29 10
29 11
29 13
29 169674
30 5
30 27
30 99
30 131
30 132
30 133
30 135
30 169675
31 3
31 4
31 5
31 597
31 599
31 169676
seqId 71
1 51
1 52
1 2054
1 2056
1 169677
2 76
2 592
2 593
2 595
2 169678
3 3
3 4
3 5
3 682
3 684
3 169679
4 9
4 10
4 11
4 13
4 169680
5 5
5 27
5 99
5 131
5 132
5 133
5 135
5 169681
6 3
6 5
6 20
6 4311
6 14516
6 169682
7 3
7 4
7 5
7 15
7 17
7 169683
8 9
8 10
8 11
8 13
8 169684
9 5
9 27
9 99
9 131
9 132
9 133
9 135
9 169685
10 2
10 3
10 4
10 5
10 181
10 169686
seqId 72
1 5
1 27
1 99
1 131
1 132
1 133
1 699
1 169687
2 5
2 67
2 55291
2 55294
2 169688
3 51
3 195
3 14053
3 167927
3 167929
3 169689
4 5
4 84
4 90
4 91
4 93
4 121
4 40231
4 167037
4 168779
4 169691
5 10
5 146
5 147
5 149
5 169692
6 5
6 27
6 99
6 131
6 132
6 133
6 135
6 169693
7 5
7 67
7 5981
7 56315
7 169694
8 51
8 195
8 1707
8 169696
8 169697
8 169698
9 10
9 146
9 147
9 149
9 169699
10 4
10 5
10 82
10 759
10 1432
10 1434
10 169700
11 5
11 99
11 115
11 773
11 774
11 775
11 776
11 778
11 169701
12 3
12 4
12 5
12 81592
12 81594
12 169702
13 5
13 84
13 90
13 91
13 93
13 121
13 442
13 2283
13 169703
14 9
14 10
14 24
14 26
14 27
14 169704
15 443
15 703
15 707
15 2086
15 169705
16 4
16 5
16 90
16 122
16 708
16 713
16 135962
16 169707
16 169708
17 71
17 76
17 190
17 191
17 3604
seqId 73
1 945
1 2473
1 4518
1 4520
1 169709
2 4
2 5
2 82
2 83
2 84
2 115
2 763
2 1264
2 169710
3 27
3 660
3 661
3 910
3 912
3 169711
4 5
4 84
4 91
4 93
4 121
4 702
4 703
4 705
4 169712
5 660
5 661
5 1240
5 1242
5 169713
6 660
6 2509
6 2510
6 2512
6 169714
7 5
7 20
7 90
7 122
7 708
7 769
7 3482
7 3484
7 93314
8 99
8 133
8 175
8 176
8 195
8 234
8 169715
9 3
9 20
9 195
9 11274
9 11276
9 169716
10 10
10 146
10 147
10 149
10 169717
11 4
11 5
11 99
11 131
11 132
11 133
11 152
11 169718
12 3
12 4
12 5
12 14557
12 62086
12 169719
13 4
13 5
13 90
13 122
13 708
13 713
13 789
13 4136
13 169720
14 9
14 10
14 24
14 26
14 27
14 169721
15 3
15 4
15 5
15 61782
15 61784
15 169722
16 230
16 231
16 232
16 234
16 169723
17 9
17 10
17 11
17 13
17 163
18 99
18 131
18 132
18 133
18 195
18 236
18 237
19 3
19 4
19 195
19 340
19 3181
19 3183
19 169725
20 4
20 195
20 202
20 340
20 4904
20 4906
20 169726
21 4
21 90
21 122
21 195
21 708
21 713
21 2787
21 169728
21 169729
21 169730
21 169731
22 67
22 1258
22 57345
22 57346
22 57348
22 169732
23 76
23 342
23 343
23 345
23 169733
24 4
24 5
24 82
24 84
24 115
24 763
24 1264
24 169734
25 5
25 84
25 91
25 93
25 121
25 703
25 707
25 956
25 169735
26 4
26 5
26 90
26 122
26 708
26 713
26 2163
26 12129
26 169736
27 10
27 146
27 147
27 149
27 169737
28 4
28 5
28 99
28 131
28 132
28 133
28 152
28 57809
29 4
29 5
29 67
29 5583
29 5585
29 5586
29 169738
30 10
30 146
30 149
30 2548
30 169739
31 3
31 5
31 20
31 38959
31 38961
31 121580
32 99
32 133
32 175
32 176
32 195
32 234
32 169740
33 3
33 20
33 195
33 429
33 4265
33 169741
34 20
34 90
34 122
34 195
34 708
34 713
34 3686
34 9599
34 169742
35 10
35 109
35 112
35 1539
35 169743
36 3
36 5
36 20
36 5335
36 8517
36 169744
37 10
37 828
37 829
37 831
37 169745
38 99
38 133
38 175
38 176
38 195
38 234
38 169746
39 3
39 20
39 195
39 23221
39 23223
39 169747
40 9
40 10
40 11
40 13
40 169748
41 5
41 20
41 67
41 605
41 607
41 169749
42 243
42 244
42 245
42 247
42 169750
43 99
43 195
43 773
43 776
43 2194
43 169751
44 3
44 195
44 2217
44 8955
44 169752
45 9
45 10
45 11
45 13
45 169753
46 5
46 20
46 67
46 72
46 6363
46 135196
46 140864
46 169754
47 76
47 413
47 414
47 416
47 169755
48 3
48 5
48 20
48 5458
48 49802
48 169756
49 10
49 1010
49 1011
49 1013
49 169757
50 9
50 10
50 24
50 26
50 27
50 3694
51 3
51 5
51 20
51 169759
51 169760
51 169761
52 76
52 1267
52 1268
52 1270
52 169762
seqId 74
1 10
1 378
1 3871
1 3873
1 169763
2 4
2 5
2 99
2 133
2 175
2 176
2 178
2 169764
3 3
3 4
3 5
3 14686
3 14688
3 169765
4 4
4 5
4 90
4 122
4 708
4 713
4 111815
4 111964
4 169767
5 9
5 10
5 11
5 13
5 169768
6 5
6 99
6 131
6 132
6 133
6 135
6 171
6 169769
7 5
7 67
7 74958
7 74960
7 169770
8 158
8 159
8 160
8 162
8 169771
9 9
9 10
9 11
9 13
9 163
10 5
10 20
10 99
10 131
10 132
10 133
10 165
10 166
11 3
11 5
11 20
11 66043
11 119563
11 169772
12 71
12 76
12 190
12 191
12 169773
seqId 75
1 3
1 4
1 195
1 340
1 22751
1 50290
1 142250
1 169775
2 4
2 195
2 202
2 3199
2 4859
2 169776
3 76
3 342
3 343
3 345
3 130087
4 4
4 195
4 202
4 168724
4 169778
4 169779
5 243
5 244
5 245
5 247
5 169780
6 4
6 195
6 202
6 8705
6 37392
6 169781
7 10
7 283
7 284
7 286
7 93378
8 5
8 99
8 131
8 132
8 133
8 135
8 171
8 169782
9 3
9 5
9 20
9 33358
9 35385
9 169783
10 5
10 20
10 202
10 169785
10 169786
10 169787
11 10
11 146
11 147
11 149
11 169788
12 5
12 99
12 131
12 132
12 133
12 135
12 171
12 169789
13 3
13 4
13 5
13 3576
13 3578
13 121628
14 4
14 5
14 202
14 140235
14 144993
14 169790
15 76
15 342
15 343
15 345
15 169791
16 5
16 20
16 202
16 15065
16 131933
16 131935
16 169792
17 76
17 592
17 593
17 595
17 47375
18 5
18 20
18 202
18 15065
18 131938
18 131940
18 169793
19 3
19 20
19 195
19 16951
19 131943
19 169794
20 76
20 433
20 434
20 436
20 169795
21 71
21 76
21 190
21 191
21 169796
seqId 76
1 4
1 5
1 82
1 83
1 84
1 115
1 763
1 4750
1 169797
2 5
2 84
2 91
2 93
2 121
2 703
2 707
2 956
2 169798
3 10
3 378
3 381
3 1539
3 169799
4 5
4 27
4 99
4 131
4 132
4 133
4 135
4 169800
5 3
5 5
5 20
5 26552
5 26554
5 169801
6 3
6 5
6 20
6 2034
6 2036
6 169802
7 5
7 20
7 90
7 122
7 708
7 713
7 3372
7 6990
7 169803
8 717
8 718
8 719
8 721
8 169804
9 10
9 146
9 147
9 149
9 722
10 5
10 20
10 99
10 131
10 132
10 133
10 165
10 166
11 5
11 20
11 67
11 52779
11 72014
11 82591
11 169805
12 20
12 90
12 122
12 195
12 340
12 708
12 713
12 3906
12 82598
12 169806
13 10
13 283
13 284
13 286
13 169807
14 5
14 20
14 99
14 131
14 132
14 133
14 166
14 130115
15 3
15 5
15 20
15 1666
15 1668
15 169808
16 82
16 759
16 2852
16 2854
16 169809
17 5
17 27
17 99
17 131
17 132
17 133
17 135
17 169810
18 3
18 4
18 5
18 24335
18 34594
18 169811
19 660
19 7237
19 10032
19 10034
19 169812
20 4
20 5
20 90
20 122
20 708
20 713
20 3541
20 79566
20 169813
21 76
21 137
21 138
21 140
21 169814
22 509
22 5376
22 5627
22 5629
22 35310
23 509
23 5376
23 17764
23 75405
23 75407
23 169815
24 76
24 185
24 186
24 188
24 169816
25 27
25 660
25 661
25 910
25 912
25 169817
26 5
26 84
26 90
26 91
26 93
26 121
26 169819
26 169820
26 169821
27 660
27 661
27 1240
27 1242
27 169822
28 479
28 660
28 125844
28 169824
28 169825
28 169826
29 5
29 20
29 99
29 131
29 132
29 133
29 166
29 169827
30 3
30 5
30 20
30 41849
30 41851
30 169828
31 9
31 10
31 11
31 13
31 169829
32 5
32 27
32 99
32 131
32 132
32 133
32 135
32 169830
33 2
33 3
33 4
33 5
33 181
33 169831
34 76
34 342
34 343
34 345
34 130151
35 4
35 5
35 90
35 122
35 708
35 713
35 7785
35 8295
35 169832
36 10
36 146
36 147
36 149
36 169833
37 5
37 27
37 99
37 131
37 132
37 133
37 135
37 169834
38 3
38 5
38 20
38 41411
38 93980
38 169836
39 10
39 169838
39 169839
39 169840
39 169841
40 3
40 4
40 5
40 25373
40 25375
40 169842
41 10
41 162
41 94309
41 169844
41 169845
41 169846
42 67
42 52779
42 72014
42 82591
42 82592
42 169847
43 717
43 718
43 719
43 721
43 169848
44 10
44 146
44 147
44 149
44 722
45 5
45 20
45 99
45 131
45 132
45 133
45 165
45 166
46 3
46 5
46 20
46 6840
46 6842
46 169849
47 9
47 10
47 11
47 13
47 169850
48 3
48 20
48 195
48 340
48 54743
48 54745
48 54746
48 169851
49 76
49 342
49 343
49 345
49 169852
50 3
50 20
50 195
50 340
50 23234
50 23236
50 121681
51 243
51 244
51 245
51 247
51 47422
52 20
52 195
52 202
52 2294
52 3837
52 169853
53 3
53 20
53 195
53 2221
53 3410
53 169854
54 9
54 10
54 11
54 13
54 35361
55 3
55 4
55 195
55 313
55 6526
55 169855
56 4
56 195
56 202
56 322
56 324
56 169856
57 71
57 76
57 190
57 191
57 169857
seqId 77
1 5
1 20
1 82
1 83
1 84
1 115
1 763
1 3948
1 121696
2 82
2 83
2 84
2 115
2 5729
2 5731
2 169858
3 5
3 84
3 91
3 93
3 121
3 702
3 703
3 705
3 169859
4 5
4 20
4 90
4 122
4 702
4 708
4 769
4 1903
4 169860
5 660
5 2305
5 2306
5 2308
5 169861
6 4
6 5
6 99
6 133
6 175
6 176
6 178
6 93457
7 3
7 4
7 5
7 93458
7 169863
7 169864
8 82
8 759
8 944
8 948
8 169865
9 5
9 27
9 99
9 131
9 132
9 133
9 135
9 169866
10 5
10 67
10 55291
10 55294
10 169867
11 5
11 84
11 91
11 93
11 121
11 702
11 703
11 705
11 169868
12 5
12 20
12 90
12 122
12 708
12 769
12 47017
12 169870
12 169871
13 90
13 443
13 41115
13 169873
13 169874
14 660
14 2136
14 2137
14 2139
14 93464
15 158
15 159
15 160
15 162
15 169875
16 9
16 10
16 11
16 13
16 163
17 5
17 20
17 99
17 131
17 132
17 133
17 165
17 166
18 5
18 20
18 202
18 1666
18 1668
18 169876
19 3
19 5
19 20
19 384
19 386
19 169877
20 71
20 76
20 190
20 191
20 169878
seqId 78
1 51
1 195
1 1501
1 6279
1 169879
2 3
2 4
2 195
2 11475
2 11807
2 169880
3 10
3 126
3 127
3 129
3 169881
4 99
4 131
4 132
4 133
4 195
4 237
4 57978
5 3
5 20
5 195
5 1684
5 1686
5 169882
6 9
6 10
6 11
6 13
6 169883
7 4
7 5
7 99
7 131
7 132
7 133
7 152
7 169884
8 3
8 4
8 5
8 78230
8 78232
8 169885
9 230
9 231
9 232
9 234
9 169886
10 9
10 10
10 11
10 13
10 163
11 99
11 131
11 132
11 133
11 195
11 236
11 237
12 3
12 20
12 195
12 340
12 12336
12 15959
12 169887
13 76
13 413
13 414
13 416
13 169888
14 51
14 72
14 195
14 1853
14 112130
14 169890
14 169891
15 76
15 433
15 434
15 436
15 169892
16 244
16 19444
16 19445
16 19447
16 169893
17 9
17 10
17 11
17 13
17 169894
18 4
18 5
18 99
18 131
18 132
18 133
18 152
18 169895
19 3
19 4
19 5
19 38982
19 38984
19 169896
20 230
20 231
20 232
20 234
20 169897
21 9
21 10
21 11
21 13
21 163
22 99
22 131
22 132
22 133
22 195
22 236
22 237
23 3
23 20
23 195
23 3906
23 71194
23 169898
24 20
24 195
24 202
24 26382
24 107349
24 169899
25 76
25 413
25 414
25 416
25 169900
26 51
26 72
26 195
26 4169
26 93475
26 169902
26 169903
27 76
27 433
27 434
27 436
27 169904
28 84
28 91
28 93
28 121
28 195
28 702
28 703
28 1062
28 169905
29 5
29 20
29 90
29 122
29 708
29 769
29 2333
29 7738
29 169906
30 5
30 20
30 99
30 133
30 175
30 176
30 1316
30 169907
31 3
31 5
31 20
31 28122
31 28124
31 169908
32 10
32 1387
32 1388
32 1390
32 169909
33 4
33 5
33 99
33 133
33 175
33 176
33 178
33 169910
34 3
34 4
34 5
34 4779
34 12778
34 169911
35 90
35 121
35 122
35 702
35 2506
35 169912
36 3
36 4
36 5
36 21656
36 21658
36 169913
37 76
37 342
37 343
37 345
37 169914
38 945
38 2473
38 2474
38 2476
38 130270
39 4
39 5
39 82
39 83
39 84
39 115
39 763
39 1264
39 169915
40 5
40 84
40 90
40 91
40 93
40 121
40 39316
40 169917
40 169918
41 76
41 342
41 343
41 345
41 169919
42 10
42 146
42 147
42 149
42 169920
43 90
43 443
43 1488
43 57815
43 169921
44 660
44 5049
44 5050
44 5052
44 169922
45 660
45 11739
45 11740
45 11742
45 169923
46 10
46 109
46 110
46 112
46 169924
47 5
47 99
47 115
47 773
47 774
47 775
47 776
47 778
47 169925
48 3
48 5
48 20
48 1325
48 1327
48 169926
49 5
49 27
49 99
49 131
49 132
49 133
49 135
49 169927
50 2
50 3
50 4
50 5
50 181
50 169928
51 82
51 758
51 759
51 761
51 169929
52 5
52 84
52 90
52 91
52 92
52 93
52 1648
52 58023
52 120619
52 169931
53 10
53 146
53 147
53 149
53 169932
54 5
54 27
54 99
54 131
54 132
54 133
54 135
54 169933
55 5
55 67
55 55291
55 55294
55 169934
56 51
56 195
56 14053
56 167927
56 167929
56 169935
57 71
57 76
57 190
57 191
57 169936
seqId 79
1 5
1 27
1 99
1 131
1 132
1 133
1 699
1 169937
2 5
2 67
2 55291
2 55294
2 169938
3 5
3 84
3 91
3 93
3 703
3 707
3 914
3 916
3 169939
4 3
4 4
4 5
4 6046
4 6048
4 169940
5 4
5 5
5 202
5 1104
5 14792
5 37550
5 169941
6 158
6 159
6 160
6 162
6 121766
7 9
7 10
7 11
7 13
7 163
8 5
8 20
8 99
8 131
8 132
8 133
8 165
8 166
9 3
9 5
9 20
9 429
9 431
9 169942
10 67
10 4796
10 17548
10 62563
10 62564
10 169943
11 51
11 195
11 1705
11 1707
11 169944
12 71
12 76
12 190
12 191
12 169945
seqId 80
1 99
1 131
1 132
1 133
1 195
1 1220
1 169946
2 51
2 195
2 1501
2 1503
2 169947
3 3
3 20
3 195
3 4862
3 4864
3 169948
4 10
4 109
4 110
4 112
4 169949
5 3
5 5
5 20
5 646
5 25589
5 169950
6 76
6 413
6 414
6 416
6 169951
7 67
7 52779
7 72014
7 82591
7 82592
7 169952
8 243
8 244
8 245
8 247
8 169953
9 67
9 93047
9 93049
9 93050
9 104433
9 169954
10 76
10 433
10 434
10 436
10 169955
11 84
11 91
11 93
11 121
11 195
11 702
11 703
11 1062
11 169956
12 5
12 20
12 90
12 122
12 708
12 769
12 48635
12 116561
12 169958
13 10
13 146
13 147
13 149
13 169959
14 5
14 27
14 99
14 131
14 132
14 133
14 135
14 169960
15 5
15 67
15 55291
15 55294
15 169961
16 85
16 99
16 195
16 13851
16 13853
16 169962
17 3
17 20
17 195
17 2778
17 8080
17 169963
18 20
18 195
18 202
18 7169
18 7171
18 169964
19 243
19 244
19 245
19 247
19 169965
20 20
20 195
20 202
20 340
20 169967
20 169968
20 169969
21 660
21 7237
21 10032
21 10034
21 169970
22 660
22 3768
22 3769
22 3771
22 169971
23 20
23 90
23 122
23 195
23 442
23 708
23 769
23 169973
23 169974
24 10
24 378
24 379
24 381
24 169975
25 90
25 443
25 1587
25 93565
25 169977
25 169978
26 5
26 20
26 99
26 133
26 175
26 176
26 1316
26 169979
27 3
27 5
27 20
27 47573
27 47575
27 169980
28 5
28 20
28 202
28 11147
28 11149
28 169981
29 660
29 3823
29 3824
29 3826
29 169982
30 5
30 20
30 90
30 122
30 708
30 713
30 1363
30 72457
30 169983
31 243
31 244
31 245
31 247
31 169984
32 660
32 2310
32 2311
32 2313
32 169985
33 10
33 109
33 110
33 112
33 169986
34 3
34 5
34 20
34 169988
34 169989
34 169990
35 10
35 7340
35 9033
35 9035
35 169991
36 4
36 5
36 98
36 99
36 100
36 1927
36 169992
37 3
37 4
37 5
37 729
37 4454
37 169993
38 51
38 195
38 1879
38 1881
38 169994
39 71
39 76
39 190
39 191
39 169995
seqId 81
1 5
1 20
1 99
1 929
1 53413
1 53415
1 169996
2 3
2 5
2 20
2 2558
2 2560
2 169997
3 5
3 20
3 202
3 1449
3 9927
3 169998
4 244
4 517
4 10253
4 10254
4 93584
5 5
5 20
5 202
5 18773
5 18775
5 169999
6 27
6 660
6 661
6 910
6 912
6 170000
7 82
7 83
7 84
7 109
7 112
7 115
7 35547
8 5
8 84
8 91
8 93
8 121
8 702
8 703
8 705
8 170001
9 10
9 109
9 110
9 112
9 170002
10 3
10 4
10 5
10 2732
10 2734
10 170003
11 5
11 20
11 90
11 122
11 708
11 769
11 18530
11 35557
11 35983
11 137197
12 71
12 76
12 190
12 191
12 170004
seqId 82
1 10
1 283
1 3640
1 3642
1 170005
2 5
2 20
2 99
2 131
2 132
2 133
2 166
2 58101
3 3
3 5
3 20
3 4784
3 45671
3 170006
4 67
4 307
4 308
4 310
4 311
4 170007
5 76
5 342
5 343
5 345
5 58103
6 5
6 99
6 115
6 773
6 774
6 775
6 776
6 778
6 170008
7 3
7 5
7 20
7 951
7 953
7 170009
8 9
8 10
8 11
8 13
8 170010
9 3
9 4
9 5
9 15
9 17
9 170011
10 5
10 84
10 91
10 93
10 121
10 703
10 707
10 956
10 170012
11 660
11 3252
11 3253
11 3255
11 170013
12 5
12 27
12 99
12 131
12 132
12 133
12 135
12 170014
13 3
13 4
13 5
13 14686
13 14688
13 170015
14 76
14 342
14 343
14 345
14 170016
15 99
15 115
15 195
15 773
15 774
15 775
15 776
15 3400
15 170017
16 3
16 20
16 195
16 1650
16 4819
16 170018
17 4
17 5
17 99
17 131
17 132
17 133
17 152
17 170019
18 3
18 4
18 5
18 34518
18 34520
18 170020
19 230
19 231
19 232
19 234
19 170021
20 9
20 10
20 11
20 13
20 163
21 99
21 131
21 132
21 133
21 195
21 236
21 237
22 3
22 20
22 195
22 340
22 5018
22 5020
22 93624
23 20
23 195
23 202
23 36111
23 69954
23 130499
24 243
24 244
24 245
24 247
24 170022
25 230
25 231
25 232
25 234
25 170023
26 9
26 10
26 11
26 13
26 163
27 99
27 131
27 132
27 133
27 195
27 236
27 237
28 3
28 20
28 195
28 2723
28 3278
28 170024
29 90
29 121
29 122
29 1274
29 4670
29 170025
30 10
30 1605
30 1606
30 1608
30 170026
31 20
31 82
31 84
31 115
31 195
31 1262
31 1824
31 11772
31 170027
32 76
32 342
32 343
32 345
32 58141
33 3
33 4
33 5
33 34518
33 34520
33 121843
34 4
34 5
34 90
34 122
34 708
34 713
34 1345
34 4853
34 170028
35 717
35 718
35 719
35 721
35 170029
36 10
36 146
36 147
36 149
36 722
37 5
37 20
37 99
37 131
37 132
37 133
37 165
37 166
38 3
38 5
38 20
38 14392
38 14394
38 170030
39 9
39 10
39 11
39 13
39 93646
40 4
40 5
40 82
40 84
40 100
40 4680
40 7233
40 170031
41 158
41 159
41 160
41 162
41 35601
42 9
42 10
42 11
42 13
42 163
43 5
43 20
43 99
43 131
43 132
43 133
43 165
43 166
44 3
44 5
44 20
44 5018
44 5020
44 170032
45 5
45 20
45 202
45 21185
45 41254
45 170033
46 76
46 342
46 343
46 345
46 58173
47 3
47 5
47 20
47 21305
47 170035
47 170036
48 660
48 3768
48 3769
48 3771
48 170037
49 660
49 2347
49 2348
49 2350
49 170038
50 27
50 944
50 945
50 1463
50 3308
50 170039
51 5
51 20
51 81
51 82
51 83
51 84
51 85
51 87
51 93656
52 660
52 661
52 910
52 1234
52 93657
53 5
53 20
53 82
53 83
53 84
53 115
53 166
53 763
53 170040
54 5
54 84
54 90
54 91
54 93
54 121
54 23744
54 30039
54 170041
55 230
55 231
55 232
55 234
55 170042
56 9
56 10
56 11
56 13
56 163
57 99
57 131
57 132
57 133
57 195
57 236
57 237
58 3
58 4
58 195
58 1913
58 78733
58 170043
59 4
59 195
59 202
59 340
59 170045
59 170046
59 170047
60 71
60 76
60 190
60 191
60 170048
seqId 83
1 5
1 27
1 99
1 131
1 132
1 133
1 699
1 93664
2 3
2 5
2 20
2 1650
2 3499
2 170049
3 5
3 84
3 91
3 93
3 121
3 703
3 707
3 956
3 170050
4 660
4 1622
4 1623
4 1625
4 170051
5 9
5 10
5 11
5 13
5 170052
6 90
6 443
6 9952
6 9954
6 170053
7 13
7 99
7 133
7 175
7 176
7 195
7 4145
8 20
8 195
8 202
8 10398
8 10400
8 170054
9 3
9 20
9 195
9 10402
9 10404
9 170055
10 20
10 195
10 202
10 95473
10 170057
10 170058
11 9
11 10
11 24
11 26
11 27
11 170059
12 4
12 5
12 99
12 133
12 175
12 176
12 178
12 170060
13 3
13 4
13 5
13 5469
13 5471
13 170061
14 9
14 10
14 11
14 13
14 170062
15 90
15 443
15 1064
15 8149
15 170063
16 5
16 20
16 99
16 131
16 132
16 133
16 166
16 170064
17 3
17 5
17 20
17 170066
17 170067
17 170068
18 10
18 283
18 284
18 286
18 170069
19 5
19 27
19 99
19 131
19 132
19 133
19 135
19 170070
20 3
20 4
20 5
20 597
20 599
20 170071
21 243
21 244
21 245
21 247
21 170072
22 4
22 195
22 202
22 27620
22 27622
22 170073
23 9
23 10
23 24
23 26
23 27
23 47698
24 4
24 5
24 202
24 2294
24 2296
24 170074
25 3
25 4
25 5
25 5469
25 5471
25 170075
26 9
26 10
26 24
26 26
26 27
26 170076
27 90
27 443
27 2990
27 34548
27 170077
28 99
28 115
28 195
28 773
28 775
28 776
28 2192
28 2194
28 170078
29 3
29 4
29 195
29 3846
29 3848
29 170079
30 4
30 195
30 202
30 340
30 4904
30 4906
30 121894
31 10
31 146
31 147
31 149
31 170080
32 99
32 133
32 175
32 176
32 195
32 234
32 170081
33 3
33 20
33 195
33 2943
33 36731
33 170082
34 20
34 72
34 195
34 202
34 340
34 5024
34 51142
34 170084
34 170085
35 82
35 759
35 5284
35 5286
35 170086
36 5
36 27
36 99
36 131
36 132
36 133
36 135
36 170087
37 3
37 4
37 5
37 36392
37 36394
37 170088
38 76
38 342
38 343
38 345
38 170089
39 5
39 27
39 99
39 131
39 132
39 133
39 135
39 170090
40 3
40 4
40 5
40 38630
40 38632
40 170091
41 76
41 342
41 343
41 345
41 170092
42 4
42 5
42 99
42 131
42 132
42 133
42 152
42 170093
43 3
43 4
43 5
43 30555
43 30557
43 170094
44 9
44 10
44 11
44 13
44 170095
45 90
45 443
45 7291
45 43215
45 170097
45 170098
45 170099
46 243
46 244
46 245
46 247
46 130593
47 9
47 10
47 24
47 26
47 27
47 170100
48 90
48 443
48 3446
48 3448
48 170101
49 84
49 91
49 93
49 121
49 195
49 703
49 707
49 1858
49 170102
50 4
50 90
50 122
50 195
50 340
50 708
50 713
50 4231
50 31811
50 170104
51 244
51 19890
51 19891
51 19893
51 170105
52 4
52 90
52 122
52 195
52 708
52 713
52 4561
52 7537
52 170107
52 170108
52 170109
53 10
53 146
53 147
53 149
53 170110
54 5
54 99
54 115
54 773
54 775
54 776
54 2192
54 3593
54 170111
55 4
55 5
55 202
55 8913
55 8915
55 47738
56 3
56 4
56 5
56 13716
56 13718
56 170112
57 71
57 76
57 190
57 191
57 170113
seqId 84
1 660
1 2547
1 2548
1 2550
1 170114
2 717
2 718
2 719
2 721
2 170115
3 10
3 146
3 147
3 149
3 722
4 5
4 20
4 99
4 131
4 132
4 133
4 165
4 166
5 3
5 5
5 20
5 9146
5 9148
5 170116
6 76
6 342
6 343
6 345
6 170117
7 5
7 20
7 82
7 83
7 84
7 115
7 763
7 1002
7 170118
8 5
8 84
8 91
8 93
8 121
8 702
8 703
8 705
8 170119
9 5
9 20
9 90
9 122
9 708
9 769
9 48635
9 116561
9 170120
10 10
10 146
10 147
10 149
10 170121
11 5
11 27
11 99
11 131
11 132
11 133
11 135
11 170122
12 2
12 3
12 4
12 5
12 181
12 170123
13 9
13 10
13 24
13 26
13 27
13 170124
14 90
14 443
14 1488
14 57815
14 170125
15 85
15 99
15 195
15 13851
15 13853
15 170126
16 3
16 20
16 195
16 10402
16 10404
16 170127
17 20
17 195
17 202
17 4267
17 13830
17 13832
18 76
18 413
18 414
18 416
18 170128
19 67
19 39411
19 39413
19 74972
19 170129
20 76
20 342
20 343
20 345
20 170130
21 67
21 58769
21 58770
21 58772
21 170131
22 76
22 433
22 434
22 436
22 170132
23 10
23 378
23 379
23 381
23 170133
24 85
24 99
24 195
24 638
24 640
24 170134
25 3
25 20
25 195
25 8773
25 8775
25 170135
26 71
26 76
26 190
26 191
26 170136
seqId 85
1 244
1 1249
1 2068
1 2070
1 170137
2 5
2 20
2 27
2 82
2 84
2 98
2 100
2 2487
2 170138
3 5
3 84
3 91
3 93
3 121
3 703
3 707
3 956
3 170139
4 4
4 5
4 99
4 131
4 132
4 133
4 152
4 170140
5 3
5 4
5 5
5 25430
5 25432
5 170141
6 9
6 10
6 11
6 13
6 93747
7 3
7 20
7 195
7 7111
7 7113
7 170142
8 20
8 195
8 202
8 6690
8 9994
8 170143
9 660
9 1539
9 2347
9 2350
9 170144
10 944
10 945
10 946
10 948
10 170145
11 9
11 10
11 11
11 13
11 170146
12 5
12 27
12 99
12 131
12 132
12 133
12 135
12 170147
13 3
13 4
13 5
13 4804
13 33065
13 170148
14 4
14 5
14 202
14 3386
14 6768
14 170149
15 71
15 76
15 190
15 191
15 170150
seqId 86
1 5
1 20
1 82
1 83
1 84
1 115
1 763
1 3948
1 170151
2 82
2 83
2 84
2 109
2 112
2 115
2 130656
3 5
3 84
3 90
3 91
3 93
3 121
3 3830
3 28470
3 35729
4 99
4 133
4 175
4 176
4 195
4 234
4 170152
5 67
5 195
5 55291
5 55294
5 170153
6 10
6 1010
6 1011
6 1013
6 170154
7 99
7 133
7 175
7 176
7 195
7 234
7 170155
8 3
8 20
8 195
8 340
8 170157
8 170158
8 170159
9 158
9 159
9 160
9 162
9 58358
10 9
10 10
10 11
10 13
10 163
11 5
11 20
11 99
11 131
11 132
11 133
11 165
11 166
12 5
12 20
12 202
12 1718
12 57849
12 170161
13 3
13 5
13 20
13 15215
13 65093
13 131674
13 170162
14 75
14 76
14 77
14 79
14 170163
15 5
15 99
15 115
15 773
15 775
15 776
15 2192
15 3593
15 170164
16 3
16 5
16 20
16 136587
16 136589
16 170165
17 243
17 244
17 245
17 247
17 170166
18 5
18 99
18 115
18 773
18 775
18 776
18 2192
18 3593
18 170167
19 3
19 5
19 20
19 170169
19 170170
19 170171
20 84
20 90
20 91
20 93
20 121
20 195
20 77634
20 83503
20 170172
21 9
21 10
21 11
21 13
21 170173
22 20
22 82
22 84
22 100
22 195
22 4680
22 6827
22 170174
23 230
23 231
23 232
23 234
23 93773
24 9
24 10
24 11
24 13
24 163
25 99
25 131
25 132
25 133
25 195
25 236
25 237
26 3
26 20
26 195
26 340
26 170176
26 170177
26 170178
27 82
27 758
27 759
27 761
27 170179
28 82
28 83
28 84
28 115
28 5729
28 5731
28 121971
29 84
29 90
29 91
29 93
29 121
29 195
29 755
29 170181
29 170182
29 170183
30 10
30 146
30 147
30 149
30 47815
31 5
31 20
31 99
31 133
31 175
31 176
31 1316
31 170184
32 3
32 5
32 20
32 26552
32 26554
32 170185
33 71
33 509
33 5178
33 16138
33 95651
33 170186
seqId 87
1 51
1 52
1 1705
1 1707
1 170187
2 76
2 592
2 593
2 595
2 170188
3 3
3 20
3 195
3 9675
3 14622
3 170189
4 243
4 244
4 245
4 247
4 170190
5 3
5 4
5 195
5 897
5 3520
5 170191
6 9
6 10
6 11
6 13
6 170192
7 3
7 4
7 5
7 15
7 17
7 170193
seqId 88
1 76
1 413
1 414
1 416
1 170194
2 10
2 378
2 379
2 381
2 170195
3 5
3 27
3 99
3 131
3 132
3 133
3 135
3 170196
4 2
4 3
4 4
4 5
4 181
4 170197
5 244
5 19444
5 19445
5 19447
5 170198
6 10
6 828
6 829
6 831
6 170199
7 3
7 4
7 5
7 642
7 23331
7 170200
8 244
8 418
8 419
8 421
8 170201
9 3
9 5
9 20
9 1684
9 13711
9 170202
10 76
10 433
10 434
10 436
10 170203
seqId 89
1 3
1 5
1 20
1 4038
1 4040
1 170204
2 5
2 202
2 302
2 304
2 170205
seqId 90
1 5
1 27
1 99
1 131
1 132
1 133
1 699
1 170206
2 3
2 4
2 5
2 897
2 899
2 170207
3 4
3 5
3 202
3 302
3 304
3 170208
4 9
4 10
4 11
4 13
4 4392
5 5
5 27
5 99
5 131
5 132
5 133
5 135
5 4393
6 5
6 67
6 55291
6 55294
6 170209
7 10
7 27969
7 27970
7 27972
7 170210
8 5
8 20
8 99
8 131
8 132
8 133
8 166
8 170211
9 3
9 5
9 20
9 384
9 386
9 170212
10 82
10 758
10 759
10 761
10 170213
11 27
11 82
11 84
11 114
11 115
11 116
11 118
11 170214
12 5
12 84
12 90
12 91
12 93
12 121
12 22166
12 46137
12 170215
13 27
13 660
13 661
13 910
13 912
13 93817
14 5
14 84
14 91
14 93
14 121
14 702
14 703
14 705
14 170216
15 5
15 20
15 90
15 122
15 708
15 769
15 3541
15 3543
15 170217
16 4
16 5
16 99
16 928
16 929
16 16523
16 170218
17 3
17 4
17 5
17 170220
17 170221
17 170222
18 10
18 828
18 829
18 831
18 170223
19 3
19 5
19 20
19 2723
19 2725
19 170224
20 717
20 718
20 719
20 721
20 170225
21 10
21 146
21 147
21 149
21 722
22 5
22 20
22 99
22 131
22 132
22 133
22 165
22 166
23 5
23 20
23 202
23 2244
23 2246
23 170226
24 3
24 5
24 20
24 384
24 386
24 170227
25 76
25 342
25 343
25 345
25 170228
26 660
26 3768
26 3769
26 3771
26 170229
27 717
27 718
27 719
27 721
27 170230
28 10
28 146
28 149
28 722
28 1539
29 5
29 20
29 99
29 131
29 132
29 133
29 165
29 166
30 3
30 5
30 20
30 31629
30 31631
30 170231
31 71
31 76
31 190
31 191
31 170232
seqId 91
1 4
1 5
1 82
1 83
1 84
1 115
1 763
1 4750
1 170233
2 82
2 84
2 114
2 115
2 116
2 1361
2 170234
3 5
3 84
3 90
3 91
3 93
3 121
3 54798
3 54800
3 170235
4 10
4 109
4 110
4 112
4 170236
5 51
5 195
5 1368
5 1370
5 170237
6 3
6 20
6 195
6 3394
6 41173
6 170238
7 90
7 121
7 122
7 4288
7 33390
7 170239
8 4
8 5
8 99
8 131
8 132
8 133
8 152
8 170240
9 3
9 4
9 5
9 51823
9 51825
9 170241
10 9
10 10
10 11
10 13
10 170242
11 5
11 27
11 99
11 131
11 132
11 133
11 135
11 170243
12 5
12 67
12 58541
12 58543
12 170244
13 9
13 10
13 11
13 13
13 170245
14 3
14 4
14 5
14 34668
14 36123
14 170246
15 4
15 5
15 202
15 1104
15 169180
15 169182
15 170248
16 75
16 76
16 77
16 79
16 170249
seqId 92
1 76
1 592
1 593
1 595
1 170250
2 9
2 10
2 24
2 26
2 27
2 170251
3 4
3 5
3 99
3 133
3 175
3 176
3 178
3 170252
4 3
4 4
4 5
4 5469
4 5471
4 170253
5 76
5 342
5 343
5 345
5 170254
6 5
6 27
6 99
6 131
6 132
6 133
6 135
6 170255
7 3
7 4
7 5
7 897
7 899
7 170256
8 121
8 122
8 702
8 703
8 2506
8 4464
9 5
9 20
9 90
9 122
9 708
9 9250
9 25965
9 170257
10 5
10 27
10 99
10 131
10 132
10 133
10 135
10 170258
11 3
11 5
11 20
11 3394
11 3396
11 170259
12 230
12 231
12 232
12 234
12 170260
13 9
13 10
13 11
13 13
13 163
14 99
14 131
14 132
14 133
14 195
14 236
14 237
15 3
15 20
15 195
15 2034
15 3403
15 170261
16 76
16 1267
16 1268
16 1270
16 170262
seqId 93
1 76
1 592
1 593
1 595
1 170263
2 660
2 818
2 819
2 821
2 170264
3 76
3 342
3 343
3 345
3 170265
4 5
4 27
4 99
4 131
4 132
4 133
4 135
4 170266
5 3
5 4
5 5
5 897
5 899
5 170267
6 121
6 122
6 702
6 703
6 2506
6 170268
7 5
7 20
7 90
7 122
7 708
7 4288
7 4290
7 170269
8 82
8 84
8 85
8 195
8 638
8 640
8 170270
9 230
9 231
9 232
9 234
9 170271
10 9
10 10
10 11
10 13
10 163
11 99
11 131
11 132
11 133
11 195
11 236
11 237
12 3
12 20
12 195
12 2034
12 3403
12 170272
13 76
13 1267
13 1268
13 1270
13 170273
seqId 94
1 76
1 592
1 593
1 595
1 170274
2 244
2 19444
2 19445
2 19447
2 170275
3 5
3 27
3 99
3 131
3 132
3 133
3 135
3 170276
4 3
4 4
4 5
4 897
4 899
4 170277
5 9
5 10
5 11
5 13
5 122062
6 3
6 20
6 195
6 2034
6 3403
6 170278
7 20
7 195
7 202
7 6690
7 9994
7 170279
8 10
8 109
8 110
8 112
8 170280
9 3
9 5
9 20
9 4862
9 9651
9 170281
10 10
10 1387
10 1388
10 1390
10 170282
11 26
11 27
11 99
11 133
11 175
11 176
11 195
11 170283
12 4
12 195
12 202
12 2294
12 3837
12 170284
13 2
13 3
13 4
13 195
13 4286
13 170285
14 76
14 342
14 343
14 345
14 170286
15 195
15 202
15 646
15 648
15 170287
16 244
16 418
16 419
16 421
16 170288
17 195
17 202
17 8082
17 8084
17 170289
18 76
18 1267
18 1268
18 1270
18 170290
seqId 95
1 76
1 592
1 593
1 595
1 170291
2 660
2 5049
2 5050
2 5052
2 170292
3 5
3 27
3 99
3 131
3 132
3 133
3 135
3 170293
4 3
4 4
4 5
4 897
4 899
4 170294
5 4
5 5
5 202
5 6690
5 30986
5 170295
6 244
6 1249
6 1250
6 1252
6 170296
7 10
7 109
7 110
7 112
7 130792
8 3
8 5
8 20
8 2723
8 2725
8 130793
9 10
9 1387
9 1388
9 1390
9 170297
10 99
10 131
10 132
10 133
10 195
10 237
10 47946
11 3
11 4
11 195
11 2359
11 2361
11 170298
12 4
12 90
12 122
12 195
12 340
12 708
12 713
12 64882
12 64884
12 170299
13 71
13 76
13 190
13 191
13 170300
seqId 96
1 3
1 4
1 195
1 1742
1 1744
1 170301
2 4
2 195
2 202
2 15437
2 15439
2 170302
seqId 97
1 98
1 99
1 100
1 195
1 4548
1 8870
2 3
2 4
2 195
2 1742
2 13218
2 170303
3 4
3 90
3 122
3 195
3 708
3 713
3 15439
3 62898
3 170304
4 84
4 90
4 91
4 93
4 121
4 195
4 7704
4 58022
4 170305
5 4
5 5
5 99
5 131
5 132
5 133
5 152
5 170306
6 3
6 4
6 5
6 124626
6 124628
6 170307
7 9
7 10
7 11
7 13
7 170308
8 4
8 5
8 99
8 131
8 132
8 133
8 152
8 170309
9 3
9 4
9 5
9 4228
9 13593
9 170310
10 243
10 244
10 245
10 247
10 35913
11 99
11 133
11 175
11 176
11 195
11 234
11 170311
12 3
12 4
12 195
12 897
12 3520
12 170312
13 9
13 10
13 11
13 13
13 170313
14 5
14 27
14 99
14 131
14 132
14 133
14 135
14 170314
15 2
15 3
15 4
15 5
15 181
15 170315
16 9
16 10
16 11
16 13
16 4589
17 3
17 4
17 5
17 15
17 17
17 170316
18 71
18 76
18 190
18 191
18 170317
seqId 98
1 90
1 443
1 25415
1 34486
1 47976
2 5
2 20
2 99
2 131
2 132
2 133
2 166
2 47977
3 3
3 5
3 20
3 1731
3 15444
3 170318
4 67
4 1735
4 1736
4 1738
4 170319
5 76
5 137
5 138
5 140
5 170320
6 3
6 4
6 195
6 1742
6 1744
6 170321
7 158
7 159
7 160
7 162
7 170322
8 9
8 10
8 11
8 13
8 163
9 5
9 20
9 99
9 131
9 132
9 133
9 165
9 166
10 3
10 5
10 20
10 384
10 386
10 170323
11 10
11 109
11 110
11 112
11 58575
12 3
12 5
12 20
12 389
12 391
12 170324
13 76
13 185
13 186
13 188
13 170325
14 76
14 342
14 343
14 345
14 170326
15 3
15 5
15 20
15 1709
15 14619
15 170327
16 51
16 195
16 10375
16 10377
16 170328
17 5
17 20
17 90
17 122
17 708
17 713
17 5400
17 5402
17 170329
18 76
18 137
18 138
18 140
18 170330
19 3
19 20
19 195
19 9675
19 14622
19 170331
20 243
20 244
20 245
20 247
20 170332
21 3
21 4
21 195
21 897
21 3520
21 170333
22 9
22 10
22 11
22 13
22 170334
23 4
23 5
23 99
23 131
23 132
23 133
23 152
23 170335
24 3
24 4
24 5
24 15
24 17
24 170336
25 76
25 2265
25 2266
25 2268
25 170337
26 3
26 4
26 195
26 1742
26 1744
26 170338
27 4
27 195
27 202
27 15437
27 15439
27 170339
28 76
28 185
28 186
28 188
28 170340
29 71
29 76
29 190
29 191
29 170341
seqId 99
1 99
1 131
1 132
1 133
1 195
1 1220
1 170342
2 4
2 195
2 202
2 3501
2 10383
2 170343
3 3
3 4
3 195
3 41391
3 102304
3 170344
4 4
4 90
4 122
4 195
4 340
4 708
4 713
4 65495
4 170346
4 170347
5 10
5 828
5 829
5 831
5 170348
6 98
6 99
6 100
6 195
6 2073
6 170349
7 3
7 4
7 195
7 1742
7 13218
7 170350
8 84
8 91
8 93
8 121
8 195
8 703
8 707
8 1858
8 170351
9 5
9 27
9 99
9 131
9 132
9 133
9 135
9 170352
10 3
10 4
10 5
10 93675
10 93677
10 170353
11 9
11 10
11 11
11 13
11 170354
12 4
12 5
12 99
12 131
12 132
12 133
12 152
12 170355
13 3
13 4
13 5
13 4228
13 13593
13 170356
14 243
14 244
14 245
14 247
14 170357
15 4
15 5
15 99
15 131
15 132
15 133
15 152
15 170358
16 3
16 4
16 5
16 35277
16 35279
16 170359
17 9
17 10
17 11
17 13
17 170360
18 4
18 5
18 72
18 82
18 84
18 100
18 6825
18 6828
18 7233
18 170361
19 76
19 342
19 343
19 345
19 170362
20 3
20 4
20 5
20 35277
20 35279
20 170363
21 9
21 10
21 11
21 13
21 4663
22 3
22 20
22 195
22 6812
22 12232
22 170364
23 243
23 244
23 245
23 247
23 170365
24 9
24 10
24 11
24 13
24 170366
25 3
25 20
25 195
25 5945
25 98973
25 170367
26 9
26 10
26 11
26 13
26 170368
27 3
27 20
27 195
27 1320
27 3384
27 170369
28 76
28 342
28 343
28 345
28 48030
29 660
29 976
29 979
29 1458
29 170370
30 944
30 945
30 946
30 948
30 170371
31 4
31 5
31 99
31 131
31 132
31 133
31 152
31 170372
32 3
32 4
32 5
32 35277
32 35279
32 170373
33 9
33 10
33 11
33 13
33 170374
34 3
34 20
34 195
34 170376
34 170377
34 170378
35 76
35 342
35 343
35 345
35 170379
36 945
36 7958
36 20878
36 20880
36 170380
37 99
37 131
37 132
37 133
37 195
37 237
37 170381
38 3
38 20
38 195
38 1806
38 1808
38 1809
38 1810
38 170382
39 243
39 244
39 245
39 247
39 170383
40 20
40 195
40 202
40 28847
40 31390
40 170384
41 3
41 20
41 195
41 340
41 11811
41 11813
41 170385
42 84
42 90
42 91
42 93
42 121
42 195
42 755
42 9303
42 45859
42 170386
43 660
43 6797
43 6799
43 21870
43 170387
44 76
44 413
44 414
44 416
44 170388
45 4
45 5
45 51
45 175
45 178
45 170389
46 3
46 4
46 5
46 170391
46 170392
46 170393
47 9
47 10
47 11
47 13
47 170394
48 3
48 20
48 195
48 7626
48 7628
48 122189
49 76
49 433
49 434
49 436
49 170395
50 76
50 342
50 343
50 345
50 170396
51 10
51 1387
51 1388
51 1390
51 170397
52 5
52 20
52 99
52 131
52 132
52 133
52 166
52 170398
53 3
53 5
53 20
53 2985
53 2987
53 170399
54 9
54 10
54 11
54 13
54 170400
55 5
55 27
55 99
55 131
55 132
55 133
55 135
55 170401
56 5
56 67
56 55291
56 55294
56 170402
57 76
57 342
57 343
57 345
57 4711
58 82
58 83
58 84
58 115
58 2548
58 5729
58 5731
58 170403
59 20
59 90
59 122
59 708
59 713
59 16673
59 16675
59 170404
60 10
60 146
60 147
60 149
60 170405
61 4
61 5
61 99
61 131
61 132
61 133
61 152
61 170406
62 3
62 4
62 5
62 8842
62 9174
62 170407
63 230
63 231
63 232
63 234
63 170408
64 9
64 10
64 11
64 13
64 163
65 99
65 131
65 132
65 133
65 195
65 236
65 237
66 3
66 4
66 195
66 340
66 10248
66 10250
66 170409
67 243
67 244
67 245
67 247
67 170410
68 230
68 231
68 232
68 234
68 170411
69 9
69 10
69 11
69 13
69 163
70 99
70 131
70 132
70 133
70 195
70 236
70 237
71 3
71 20
71 195
71 340
71 2887
71 2889
71 170412
72 20
72 195
72 202
72 4726
72 7185
72 18153
73 9
73 10
73 11
73 13
73 58674
74 5
74 27
74 99
74 131
74 132
74 133
74 135
74 58675
75 3
75 4
75 5
75 897
75 899
75 170413
76 230
76 231
76 232
76 234
76 170414
77 9
77 10
77 11
77 13
77 163
78 99
78 131
78 132
78 133
78 195
78 236
78 237
79 3
79 20
79 195
79 1806
79 1808
79 1809
79 1810
79 170415
80 243
80 244
80 245
80 247
80 170416
81 20
81 195
81 202
81 28847
81 31390
81 170417
82 3
82 20
82 195
82 340
82 11811
82 11813
82 170418
83 71
83 76
83 190
83 191
83 170419
seqId 100
1 10
1 828
1 1336
1 1539
1 170420
2 660
2 2210
2 2211
2 2213
2 170421
3 76
3 342
3 343
3 345
3 170422
4 5
4 20
4 82
4 83
4 84
4 115
4 763
4 1002
4 170423
5 5
5 84
5 90
5 91
5 93
5 121
5 22686
5 22688
5 170424
6 660
6 1622
6 1623
6 1625
6 170425
7 4
7 5
7 99
7 133
7 175
7 176
7 178
7 170426
8 4
8 5
8 202
8 7021
8 7023
8 170427
9 3
9 4
9 5
9 30555
9 30557
9 170428
10 10
10 146
10 147
10 149
10 36043
11 90
11 443
11 2832
11 10563
11 170429
12 99
12 133
12 175
12 176
12 195
12 234
12 170430
13 3
13 20
13 195
13 340
13 2887
13 2889
13 170431
14 243
14 244
14 245
14 247
14 170432
15 3
15 4
15 195
15 6862
15 14459
15 170433
16 9
16 10
16 24
16 26
16 27
16 170434
17 3
17 4
17 5
17 1395
17 5941
17 170435
18 76
18 342
18 343
18 345
18 170436
19 10
19 146
19 147
19 149
19 170437
20 4
20 85
20 99
20 195
20 1951
20 1953
20 170438
21 3
21 4
21 195
21 340
21 14965
21 14967
21 170439
22 75
22 76
22 77
22 79
22 170440
23 10
23 109
23 110
23 112
23 170441
24 3
24 4
24 5
24 1554
24 1556
24 170442
25 51
25 195
25 11257
25 11259
25 170443
26 10
26 828
26 829
26 831
26 170444
27 3
27 5
27 20
27 6913
27 20565
27 170445
28 76
28 342
28 343
28 345
28 170446
29 82
29 759
29 2852
29 2854
29 170447
30 4
30 5
30 99
30 131
30 132
30 133
30 152
30 170448
31 3
31 4
31 5
31 23315
31 23317
31 170449
32 5
32 84
32 90
32 91
32 93
32 121
32 30461
32 30551
32 170450
33 660
33 4238
33 4239
33 4241
33 170451
34 76
34 342
34 343
34 345
34 170452
35 5
35 84
35 90
35 91
35 93
35 121
35 12628
35 12630
35 170453
36 5
36 20
36 82
36 83
36 84
36 115
36 595
36 763
36 1186
36 170455
37 5
37 20
37 82
37 83
37 84
37 115
37 166
37 763
37 170456
38 90
38 443
38 152702
38 170458
38 170459
39 76
39 342
39 343
39 345
39 170460
40 10
40 126
40 127
40 129
40 170461
41 99
41 133
41 175
41 176
41 195
41 234
41 4816
42 3
42 20
42 72
42 195
42 340
42 1227
42 1229
42 1230
42 1231
42 170462
43 20
43 90
43 122
43 195
43 340
43 708
43 713
43 170464
43 170465
43 170466
44 9
44 10
44 24
44 26
44 27
44 170467
45 3
45 5
45 20
45 2558
45 2560
45 170468
46 5
46 20
46 202
46 23315
46 23317
46 170469
47 71
47 76
47 190
47 191
47 36091
seqId 101
1 10
1 146
1 35562
1 35564
1 170470
2 5
2 20
2 98
2 99
2 100
2 3961
2 170471
3 3
3 5
3 20
3 3963
3 3965
3 170472
4 76
4 342
4 343
4 345
4 170473
5 4
5 5
5 99
5 131
5 132
5 133
5 152
5 170474
6 3
6 4
6 5
6 170476
6 170477
6 170478
7 9
7 10
7 11
7 13
7 170479
8 3
8 4
8 5
8 2938
8 2940
8 170480
9 5
9 84
9 91
9 93
9 121
9 703
9 707
9 956
9 48152
10 4
10 5
10 202
10 28702
10 170482
10 170483
11 10
11 1387
11 1388
11 1390
11 170484
12 99
12 133
12 175
12 176
12 195
12 234
12 48155
13 3
13 20
13 195
13 55291
13 55294
13 170485
14 9
14 10
14 24
14 26
14 27
14 170486
15 3
15 4
15 195
15 597
15 31151
15 170487
16 4
16 195
16 202
16 124305
16 124307
16 170488
17 4
17 90
17 122
17 195
17 340
17 708
17 713
17 24220
17 36112
17 65487
18 9
18 10
18 11
18 13
18 36114
19 3
19 20
19 195
19 1718
19 1720
19 170490
20 660
20 60318
20 107196
20 107198
20 122292
21 660
21 2347
21 2348
21 2350
21 170491
22 20
22 195
22 202
22 340
22 2664
22 2666
22 170492
23 76
23 342
23 343
23 345
23 170493
24 27
24 72
24 72
24 244
24 2487
24 25043
24 25046
24 25047
24 25048
24 170495
24 170496
25 10
25 109
25 110
25 112
25 170497
26 3
26 4
26 5
26 64972
26 64974
26 170498
27 10
27 1387
27 1388
27 1390
27 170499
28 99
28 131
28 132
28 133
28 195
28 237
28 170500
29 3
29 4
29 195
29 3781
29 15598
29 170501
30 9
30 10
30 24
30 26
30 27
30 170502
31 76
31 137
31 138
31 140
31 170503
32 3
32 4
32 5
32 29914
32 29916
32 170504
33 76
33 185
33 186
33 188
33 170505
34 340
34 625
34 660
34 67190
34 89539
34 89540
34 89542
34 170506
35 4
35 90
35 122
35 195
35 708
35 713
35 102069
35 170508
35 170509
35 170510
36 10
36 828
36 829
36 831
36 170511
37 5
37 27
37 99
37 131
37 132
37 133
37 135
37 170512
38 3
38 5
38 20
38 522
38 939
38 170513
39 71
39 76
39 190
39 191
39 170514
seqId 102
1 10
1 146
1 35562
1 35564
1 170515
2 4
2 5
2 98
2 99
2 100
2 1927
2 170516
3 3
3 4
3 5
3 897
3 899
3 170517
4 9
4 10
4 11
4 13
4 36158
5 3
5 4
5 195
5 13471
5 13492
5 170518
6 4
6 195
6 202
6 302
6 1655
6 170519
7 27
7 82
7 84
7 114
7 115
7 116
7 118
7 58805
8 5
8 84
8 90
8 91
8 93
8 121
8 17531
8 21077
8 170520
9 4
9 5
9 99
9 133
9 175
9 176
9 178
9 170521
10 4
10 5
10 202
10 1466
10 1468
10 170522
11 3
11 4
11 5
11 897
11 899
11 170523
12 9
12 10
12 24
12 26
12 27
12 170524
13 3
13 4
13 5
13 18168
13 18422
13 170525
14 9
14 10
14 24
14 26
14 27
14 170526
15 3
15 20
15 195
15 9159
15 9161
15 170527
16 76
16 342
16 343
16 345
16 170528
17 9
17 10
17 11
17 13
17 170529
18 3
18 4
18 5
18 813
18 815
18 170530
19 9
19 10
19 24
19 26
19 27
19 170531
20 3
20 20
20 195
20 9469
20 9471
20 170532
21 243
21 244
21 245
21 247
21 58821
22 9
22 10
22 11
22 13
22 170533
23 3
23 4
23 5
23 7803
23 7805
23 170534
24 10
24 146
24 147
24 149
24 170535
25 99
25 133
25 175
25 176
25 195
25 234
25 170536
26 3
26 20
26 195
26 340
26 2887
26 2889
26 170537
27 244
27 418
27 419
27 421
27 170538
28 99
28 133
28 175
28 176
28 195
28 234
28 170539
29 3
29 4
29 195
29 8842
29 8844
29 170540
30 4
30 195
30 202
30 3386
30 3523
30 170541
31 76
31 342
31 343
31 345
31 48241
32 10
32 2408
32 2410
32 10221
32 170542
33 944
33 945
33 946
33 948
33 170543
34 5
34 20
34 82
34 84
34 100
34 6672
34 28729
34 170544
35 27
35 660
35 661
35 910
35 912
35 170545
36 5
36 84
36 90
36 93
36 121
36 4415
36 170547
36 170548
36 170549
37 4
37 5
37 99
37 131
37 132
37 133
37 152
37 170550
38 3
38 4
38 5
38 74689
38 74691
38 170551
39 4
39 5
39 202
39 6690
39 30986
39 170552
40 76
40 342
40 343
40 345
40 5003
41 4
41 5
41 90
41 122
41 708
41 713
41 2101
41 123186
41 170553
42 10
42 828
42 829
42 831
42 170554
43 4
43 5
43 99
43 131
43 132
43 133
43 152
43 36205
44 3
44 4
44 5
44 15523
44 15525
44 170555
45 9
45 10
45 24
45 26
45 27
45 170556
46 3
46 20
46 195
46 9469
46 9471
46 170557
47 20
47 195
47 202
47 2553
47 24170
47 170558
48 10
48 146
48 147
48 149
48 131062
49 90
49 443
49 1345
49 9933
49 170559
50 717
50 718
50 719
50 721
50 170560
51 10
51 146
51 147
51 149
51 722
52 5
52 20
52 99
52 131
52 132
52 133
52 165
52 166
53 3
53 5
53 20
53 3063
53 170562
53 170563
54 230
54 231
54 232
54 234
54 170564
55 9
55 10
55 11
55 13
55 163
56 99
56 131
56 132
56 133
56 195
56 236
56 237
57 3
57 20
57 195
57 2034
57 3403
57 170565
58 9
58 10
58 11
58 13
58 170566
59 5
59 27
59 99
59 131
59 132
59 133
59 135
59 170567
60 5
60 67
60 55291
60 55294
60 170568
61 71
61 76
61 190
61 191
61 170569
seqId 103
1 3
1 4
1 5
1 19693
1 19695
1 170570
2 230
2 231
2 232
2 234
2 170571
3 9
3 10
3 11
3 13
3 163
4 99
4 131
4 132
4 133
4 195
4 236
4 237
5 3
5 20
5 195
5 9675
5 9677
5 170572
6 243
6 244
6 245
6 247
6 131072
7 230
7 231
7 232
7 234
7 131073
8 9
8 10
8 11
8 13
8 163
9 99
9 131
9 132
9 133
9 195
9 236
9 237
10 3
10 4
10 195
10 897
10 3520
10 170573
11 9
11 10
11 11
11 13
11 170574
12 3
12 4
12 5
12 15
12 17
12 170575
seqId 104
1 90
1 443
1 25415
1 34486
1 170576
2 4
2 5
2 99
2 131
2 132
2 133
2 152
2 170577
3 76
3 137
3 138
3 140
3 170578
4 3
4 4
4 5
4 19693
4 19695
4 170579
5 230
5 231
5 232
5 234
5 170580
6 9
6 10
6 11
6 13
6 163
7 99
7 131
7 132
7 133
7 195
7 236
7 237
8 3
8 20
8 195
8 9675
8 9677
8 170581
9 243
9 244
9 245
9 247
9 170582
10 230
10 231
10 232
10 234
10 170583
11 9
11 10
11 11
11 13
11 163
12 99
12 131
12 132
12 133
12 195
12 236
12 237
13 3
13 4
13 195
13 897
13 3520
13 170584
14 76
14 185
14 186
14 188
14 170585
15 10
15 109
15 110
15 112
15 170586
16 3
16 4
16 5
16 1701
16 1703
16 170587
17 51
17 195
17 1427
17 1962
17 170588
18 71
18 76
18 190
18 191
18 170589
seqId 105
1 5
1 20
1 99
1 131
1 132
1 133
1 967
1 170590
2 3
2 5
2 20
2 1731
2 15444
2 170591
3 5
3 84
3 90
3 91
3 93
3 121
3 170097
3 170099
3 170593
3 170594
4 99
4 131
4 132
4 133
4 195
4 237
4 170595
5 3
5 4
5 195
5 1742
5 13218
5 131101
6 4
6 195
6 202
6 18241
6 170597
6 170598
7 243
7 244
7 245
7 247
7 58897
8 99
8 131
8 132
8 133
8 195
8 237
8 170599
9 3
9 4
9 195
9 1742
9 13218
9 170600
10 4
10 90
10 122
10 195
10 340
10 708
10 713
10 3884
10 21788
10 170601
11 660
11 2347
11 2348
11 2350
11 170602
12 660
12 24347
12 24348
12 24350
12 170603
13 10
13 828
13 829
13 831
13 170604
14 5
14 27
14 99
14 131
14 132
14 133
14 135
14 170605
15 5
15 67
15 55291
15 55294
15 170606
16 51
16 195
16 14053
16 167927
16 167929
16 170607
17 71
17 76
17 190
17 191
17 170608
seqId 106
1 10
1 109
1 878
1 1539
1 170609
2 3
2 5
2 20
2 170611
2 170612
2 170613
3 76
3 342
3 343
3 345
3 170614
4 99
4 131
4 132
4 133
4 195
4 237
4 170615
5 3
5 20
5 195
5 9675
5 9677
5 170616
6 243
6 244
6 245
6 247
6 170617
7 99
7 133
7 175
7 176
7 195
7 234
7 170618
8 3
8 4
8 195
8 897
8 3520
8 170619
9 27
9 82
9 759
9 944
9 1463
9 170620
10 4
10 5
10 82
10 83
10 84
10 115
10 763
10 1264
10 170621
11 5
11 84
11 90
11 91
11 93
11 121
11 4832
11 9364
11 170622
12 99
12 131
12 132
12 133
12 195
12 237
12 170623
13 660
13 2347
13 2348
13 2350
13 170624
14 20
14 195
14 202
14 340
14 19972
14 74707
14 170625
15 10
15 378
15 379
15 381
15 170626
16 99
16 131
16 132
16 133
16 195
16 237
16 170627
17 3
17 4
17 195
17 165226
17 170629
17 170630
18 5
18 51
18 680
18 1993
18 170631
19 76
19 413
19 414
19 416
19 58938
20 3
20 20
20 195
20 79926
20 85729
20 170633
20 170634
21 1458
21 2717
21 4052
21 4054
21 170635
22 3
22 4
22 195
22 340
22 9329
22 18509
22 170637
23 76
23 433
23 434
23 436
23 170638
24 76
24 342
24 343
24 345
24 170639
25 51
25 195
25 2054
25 2056
25 170640
26 76
26 413
26 414
26 416
26 170641
27 3
27 20
27 195
27 340
27 9469
27 48248
27 170642
28 76
28 433
28 434
28 436
28 131144
29 243
29 244
29 245
29 247
29 131145
30 51
30 195
30 1705
30 1707
30 170643
31 76
31 413
31 414
31 416
31 36298
32 3
32 20
32 195
32 340
32 2887
32 14153
32 170644
33 76
33 342
33 343
33 345
33 170645
34 3
34 5
34 20
34 14182
34 14184
34 170646
35 76
35 342
35 343
35 345
35 170647
36 3
36 20
36 195
36 2863
36 10735
36 170648
37 9
37 10
37 11
37 13
37 170649
38 3
38 4
38 5
38 15
38 17
38 170650
39 76
39 433
39 434
39 436
39 170651
40 71
40 76
40 190
40 191
40 170652
seqId 107
1 10
1 378
1 3871
1 3873
1 170653
2 99
2 131
2 132
2 133
2 195
2 237
2 170654
3 4
3 195
3 202
3 2294
3 3837
3 170655
4 3
4 4
4 195
4 165226
4 170630
4 170656
5 76
5 342
5 343
5 345
5 170657
6 5
6 20
6 99
6 131
6 132
6 133
6 166
6 170658
7 3
7 5
7 20
7 614
7 4760
7 170659
8 5
8 84
8 91
8 93
8 121
8 702
8 703
8 705
8 5157
9 5
9 20
9 122
9 703
9 707
9 708
9 710
9 122476
10 5
10 20
10 90
10 122
10 708
10 713
10 3777
10 4766
10 170660
11 9
11 10
11 11
11 13
11 170661
12 5
12 27
12 99
12 131
12 132
12 133
12 135
12 170662
13 3
13 4
13 5
13 512
13 15106
13 23992
13 23994
13 170663
14 71
14 76
14 190
14 191
14 170664
seqId 108
1 99
1 133
1 176
1 195
1 13851
1 170666
1 170667
2 3
2 20
2 195
2 9520
2 9522
2 170668
3 84
3 90
3 91
3 93
3 121
3 195
3 755
3 41781
3 41783
3 170670
4 9
4 10
4 11
4 13
4 170671
5 4
5 5
5 99
5 131
5 132
5 133
5 152
5 170672
6 3
6 4
6 5
6 19693
6 32850
6 170673
7 4
7 5
7 90
7 122
7 708
7 713
7 12294
7 98994
7 170674
8 75
8 76
8 77
8 79
8 170675
seqId 109
1 76
1 592
1 593
1 595
1 170676
2 99
2 131
2 132
2 133
2 195
2 237
2 170677
3 3
3 20
3 195
3 9675
3 9677
3 170678
4 243
4 244
4 245
4 247
4 170679
5 3
5 4
5 195
5 897
5 3520
5 170680
6 84
6 90
6 91
6 93
6 121
6 195
6 40758
6 40760
6 170681
7 660
7 47634
7 47635
7 47637
7 170682
8 2822
8 2823
8 2824
8 2826
8 48476
9 10
9 146
9 147
9 149
9 722
10 99
10 131
10 132
10 133
10 195
10 236
10 237
11 3
11 20
11 195
11 2320
11 16794
11 170683
12 9
12 10
12 11
12 13
12 170684
13 5
13 27
13 99
13 131
13 132
13 133
13 135
13 170685
14 5
14 67
14 55291
14 55294
14 170686
15 243
15 244
15 245
15 247
15 170687
16 82
16 84
16 114
16 115
16 116
16 1361
16 5197
17 84
17 90
17 91
17 93
17 121
17 195
17 15631
17 44717
17 60593
17 170688
18 660
18 3823
18 3824
18 3826
18 170689
19 479
19 660
19 170691
19 170692
19 170693
19 170694
20 10
20 1605
20 1606
20 1608
20 170695
21 20
21 82
21 84
21 115
21 195
21 1262
21 1824
21 11772
21 170696
22 76
22 1267
22 1268
22 1270
22 170697
seqId 110
1 76
1 592
1 593
1 595
1 59018
2 99
2 131
2 132
2 133
2 195
2 237
2 131204
3 3
3 20
3 195
3 340
3 170699
3 170700
3 170701
4 20
4 195
4 202
4 1777
4 19363
4 19381
4 19382
4 170702
5 230
5 231
5 232
5 234
5 170703
6 9
6 10
6 11
6 13
6 163
7 99
7 131
7 132
7 133
7 195
7 236
7 237
8 3
8 20
8 195
8 2004
8 11847
8 170704
9 84
9 91
9 93
9 121
9 195
9 703
9 707
9 1858
9 170705
10 660
10 7237
10 10032
10 10034
10 170706
11 660
11 10581
11 10582
11 10584
11 170707
12 99
12 133
12 175
12 176
12 195
12 234
12 170708
13 3
13 4
13 195
13 9329
13 9331
13 170709
14 9
14 10
14 11
14 13
14 122533
15 5
15 20
15 202
15 7365
15 21213
15 170710
16 3
16 5
16 20
16 6686
16 6688
16 170711
17 76
17 342
17 343
17 345
17 170712
18 4
18 195
18 202
18 3001
18 5088
18 170713
19 243
19 244
19 245
19 247
19 170714
20 4
20 195
20 202
20 2923
20 13478
20 170715
21 76
21 1267
21 1268
21 1270
21 170716
seqId 111
1 76
1 592
1 593
1 595
1 170717
2 99
2 131
2 132
2 133
2 195
2 237
2 170718
3 3
3 20
3 195
3 9469
3 9471
3 170719
4 20
4 195
4 202
4 2553
4 24170
4 170720
5 84
5 90
5 91
5 93
5 121
5 195
5 40758
5 40760
5 170721
6 10
6 146
6 147
6 149
6 170722
7 13
7 99
7 133
7 175
7 176
7 195
7 170723
8 20
8 195
8 202
8 14709
8 14711
8 170724
9 3
9 20
9 195
9 5945
9 98973
9 170725
10 9
10 10
10 24
10 26
10 27
10 170726
11 3
11 4
11 5
11 6471
11 6473
11 170727
12 4
12 5
12 202
12 693
12 33899
12 170728
13 76
13 342
13 343
13 345
13 170729
14 9
14 10
14 11
14 13
14 36435
15 4
15 5
15 99
15 131
15 132
15 133
15 152
15 170730
16 3
16 4
16 5
16 170732
16 170733
16 170734
17 10
17 146
17 147
17 149
17 170735
18 4
18 5
18 99
18 131
18 132
18 133
18 152
18 170736
19 3
19 4
19 5
19 13599
19 13601
19 170737
20 4
20 5
20 202
20 2359
20 8352
20 170738
21 10
21 109
21 110
21 112
21 170739
22 90
22 121
22 122
22 3906
22 43732
22 170740
23 10
23 828
23 829
23 831
23 170741
24 99
24 133
24 175
24 176
24 195
24 234
24 170742
25 3
25 20
25 195
25 9469
25 9471
25 170743
26 20
26 195
26 202
26 340
26 14576
26 14578
26 170745
27 243
27 244
27 245
27 247
27 36454
28 99
28 133
28 175
28 176
28 195
28 234
28 36455
29 3
29 20
29 195
29 98386
29 98388
29 170746
30 9
30 10
30 11
30 13
30 170747
31 3
31 4
31 5
31 78230
31 78232
31 170748
32 76
32 342
32 343
32 345
32 170749
33 99
33 133
33 175
33 176
33 195
33 234
33 170750
34 3
34 4
34 195
34 340
34 133079
34 133081
34 170751
35 9
35 10
35 11
35 13
35 170752
36 3
36 5
36 20
36 18568
36 78265
36 170754
37 660
37 976
37 979
37 1458
37 170755
38 944
38 945
38 946
38 948
38 170756
39 99
39 133
39 175
39 176
39 195
39 234
39 170757
40 3
40 4
40 195
40 8842
40 8844
40 170758
41 4
41 90
41 122
41 195
41 708
41 713
41 4530
41 9217
41 170759
42 2822
42 2823
42 2824
42 2826
42 170760
43 10
43 146
43 147
43 149
43 722
44 99
44 131
44 132
44 133
44 195
44 236
44 237
45 3
45 20
45 195
45 12619
45 12621
45 170761
46 9
46 10
46 11
46 13
46 48648
47 3
47 5
47 20
47 2094
47 2096
47 170762
48 158
48 159
48 160
48 162
48 170763
49 9
49 10
49 11
49 13
49 163
50 5
50 20
50 99
50 131
50 132
50 133
50 165
50 166
51 3
51 5
51 20
51 94928
51 167401
51 170764
52 76
52 1267
52 1268
52 1270
52 122598
seqId 112
1 76
1 592
1 593
1 595
1 170765
2 99
2 131
2 132
2 133
2 195
2 237
2 170766
3 3
3 20
3 195
3 9675
3 9677
3 170767
4 243
4 244
4 245
4 247
4 131273
5 3
5 4
5 195
5 897
5 3520
5 170768
6 90
6 121
6 122
6 4288
6 33390
6 170769
7 10
7 1010
7 1011
7 1013
7 170770
8 3
8 20
8 195
8 170772
8 170773
8 170774
9 51
9 195
9 1501
9 1503
9 170775
10 244
10 418
10 419
10 421
10 170776
11 85
11 99
11 195
11 638
11 640
11 170777
12 3
12 20
12 195
12 2034
12 3403
12 170778
13 9
13 10
13 11
13 13
13 5339
14 5
14 27
14 99
14 131
14 132
14 133
14 135
14 170779
15 5
15 67
15 55291
15 55294
15 170780
16 84
16 91
16 93
16 121
16 195
16 703
16 707
16 1858
16 170781
17 10
17 109
17 110
17 112
17 170782
18 3
18 5
18 20
18 1832
18 1834
18 170783
19 5
19 20
19 202
19 19972
19 74707
19 170784
20 76
20 342
20 343
20 345
20 170785
21 3
21 4
21 5
21 23500
21 23502
21 170786
22 9
22 10
22 24
22 26
22 27
22 170787
23 4
23 5
23 99
23 133
23 175
23 176
23 178
23 170788
24 3
24 4
24 5
24 30555
24 30557
24 170789
25 76
25 342
25 343
25 345
25 170790
26 660
26 6560
26 10036
26 10038
26 170791
27 4
27 5
27 90
27 122
27 708
27 713
27 17829
27 25496
27 170792
28 10
28 7340
28 9033
28 9035
28 170793
29 5
29 20
29 99
29 131
29 132
29 133
29 166
29 170794
30 5
30 20
30 202
30 2244
30 2246
30 170795
31 3
31 5
31 20
31 384
31 386
31 170796
32 76
32 342
32 343
32 345
32 170797
33 10
33 146
33 147
33 149
33 170798
34 90
34 443
34 31304
34 31306
34 170799
35 10
35 109
35 112
35 1539
35 170800
36 5
36 20
36 202
36 5335
36 8517
36 170801
37 76
37 342
37 343
37 345
37 48718
38 5
38 27
38 99
38 131
38 132
38 133
38 135
38 170802
39 3
39 4
39 5
39 36053
39 36055
39 170803
40 4
40 5
40 90
40 122
40 708
40 713
40 22166
40 170805
40 170806
41 9
41 10
41 11
41 13
41 170807
42 4
42 5
42 98
42 99
42 100
42 1927
42 59186
43 3
43 4
43 5
43 24335
43 34594
43 170808
44 4
44 5
44 202
44 3386
44 6768
44 170809
45 121
45 122
45 703
45 707
45 1107
45 170810
46 4
46 5
46 99
46 131
46 132
46 133
46 152
46 170811
47 3
47 4
47 5
47 8293
47 8295
47 170812
48 76
48 342
48 343
48 345
48 170813
49 660
49 9231
49 9232
49 9234
49 170814
50 4
50 5
50 90
50 122
50 708
50 713
50 13132
50 13134
50 170815
51 9
51 10
51 11
51 13
51 170816
52 3
52 4
52 5
52 8842
52 9174
52 170817
53 76
53 413
53 414
53 416
53 170818
54 4
54 5
54 99
54 131
54 132
54 133
54 811
54 170819
55 3
55 4
55 5
55 83483
55 83485
55 170820
56 76
56 433
56 434
56 436
56 170821
57 76
57 342
57 343
57 345
57 170822
58 9
58 10
58 24
58 26
58 27
58 170823
59 5
59 20
59 99
59 133
59 175
59 176
59 1316
59 170824
60 3
60 5
60 20
60 2863
60 2865
60 170825
61 9
61 10
61 24
61 26
61 27
61 170826
62 3
62 4
62 5
62 642
62 23331
62 170827
63 5
63 20
63 202
63 10523
63 10525
63 170828
64 10
64 7340
64 9033
64 9035
64 170829
65 51
65 195
65 8426
65 8428
65 170830
66 76
66 342
66 343
66 345
66 170831
67 10
67 146
67 147
67 149
67 48767
68 82
68 2906
68 41486
68 41488
68 59210
69 5
69 20
69 27
69 81
69 82
69 83
69 84
69 85
69 135
69 13403
69 170832
70 5
70 84
70 90
70 91
70 93
70 121
70 2081
70 2426
70 170833
71 90
71 443
71 17531
71 25104
71 170834
72 4
72 5
72 99
72 131
72 132
72 133
72 152
72 170835
73 3
73 4
73 5
73 139158
73 139160
73 170836
74 76
74 137
74 138
74 140
74 170837
75 3
75 4
75 5
75 14686
75 49719
75 170838
76 4
76 5
76 202
76 39232
76 39234
76 170839
77 9
77 10
77 11
77 13
77 170840
78 4
78 5
78 99
78 131
78 132
78 133
78 152
78 170841
79 4
79 5
79 67
79 3042
79 3045
79 170842
80 76
80 185
80 186
80 188
80 170843
81 121
81 122
81 702
81 703
81 2506
81 170844
82 5
82 20
82 90
82 122
82 708
82 769
82 8855
82 51624
82 170845
83 4
83 5
83 99
83 133
83 175
83 176
83 178
83 170846
84 4
84 5
84 202
84 22623
84 22625
84 170847
85 3
85 4
85 5
85 6046
85 6048
85 170848
86 9
86 10
86 11
86 13
86 170849
87 5
87 27
87 99
87 131
87 132
87 133
87 135
87 170850
88 3
88 4
88 5
88 642
88 23331
88 170851
89 243
89 244
89 245
89 247
89 170852
90 5
90 20
90 90
90 122
90 708
90 713
90 768
90 771
90 170853
91 4
91 5
91 99
91 131
91 132
91 133
91 152
91 170854
92 3
92 4
92 5
92 24668
92 24670
92 170855
93 660
93 1622
93 1623
93 1625
93 170856
94 10
94 146
94 147
94 149
94 170857
95 99
95 133
95 175
95 176
95 195
95 234
95 170858
96 3
96 20
96 195
96 1806
96 1808
96 1809
96 1810
96 170859
97 76
97 1267
97 1268
97 1270
97 170860
seqId 113
1 76
1 592
1 593
1 595
1 170861
2 99
2 131
2 132
2 133
2 195
2 237
2 170862
3 3
3 20
3 195
3 9675
3 9677
3 170863
4 243
4 244
4 245
4 247
4 94559
5 3
5 4
5 195
5 897
5 3520
5 170864
6 84
6 90
6 91
6 93
6 121
6 195
6 5326
6 5328
6 170865
7 660
7 2509
7 2510
7 2512
7 170866
8 9
8 10
8 11
8 13
8 170867
9 20
9 195
9 202
9 77494
9 170869
9 170870
10 3
10 20
10 195
10 4862
10 4864
10 170871
11 10
11 1387
11 1388
11 1390
11 122706
12 99
12 133
12 175
12 176
12 195
12 234
12 36624
13 3
13 4
13 195
13 597
13 31151
13 170872
14 4
14 195
14 202
14 34022
14 34024
14 128216
14 170873
15 76
15 413
15 414
15 416
15 170874
16 82
16 759
16 2852
16 2854
16 170875
17 67
17 601
17 603
17 1197
17 170876
18 51
18 52
18 2686
18 15391
18 170877
19 76
19 433
19 434
19 436
19 170878
20 243
20 244
20 245
20 247
20 170879
21 4
21 195
21 202
21 340
21 170881
21 170882
21 170883
22 76
22 342
22 343
22 345
22 170884
23 9
23 10
23 24
23 26
23 27
23 170885
24 4
24 5
24 99
24 133
24 175
24 176
24 178
24 170886
25 4
25 5
25 202
25 26513
25 26515
25 170887
26 3
26 4
26 5
26 8943
26 32404
26 170888
27 4
27 5
27 202
27 2923
27 5110
27 170889
28 71
28 76
28 190
28 191
28 170890
seqId 114
1 4
1 5
1 99
1 131
1 132
1 133
1 811
1 170891
2 3
2 4
2 5
2 24542
2 24544
2 170892
3 230
3 231
3 232
3 234
3 170893
4 9
4 10
4 11
4 13
4 163
5 99
5 131
5 132
5 133
5 195
5 236
5 237
6 3
6 20
6 195
6 340
6 2887
6 2889
6 170894
7 243
7 244
7 245
7 247
7 170895
8 3
8 4
8 195
8 6862
8 14459
8 170896
9 9
9 10
9 24
9 26
9 27
9 170897
10 3
10 4
10 5
10 1395
10 5941
10 170898
11 20
11 90
11 122
11 195
11 708
11 713
11 2832
11 9060
11 170899
12 84
12 90
12 91
12 93
12 121
12 195
12 755
12 2163
12 7359
12 170901
13 99
13 133
13 175
13 176
13 195
13 234
13 170902
14 3
14 20
14 195
14 2217
14 8955
14 170903
15 20
15 195
15 202
15 13830
15 13832
15 170904
16 76
16 342
16 343
16 345
16 170905
17 27
17 82
17 84
17 114
17 115
17 116
17 118
17 170906
18 84
18 90
18 91
18 93
18 121
18 195
18 4258
18 23888
18 170907
19 660
19 9231
19 9232
19 9234
19 170908
20 10
20 283
20 284
20 286
20 170909
21 99
21 133
21 175
21 176
21 195
21 234
21 170910
22 3
22 20
22 195
22 429
22 4265
22 170911
23 9
23 10
23 11
23 13
23 170912
24 3
24 4
24 15
24 195
24 4121
24 170913
25 20
25 195
25 202
25 2923
25 14156
25 170914
26 243
26 244
26 245
26 247
26 131416
27 99
27 133
27 175
27 176
27 195
27 234
27 170915
28 3
28 20
28 195
28 10672
28 17040
28 170916
29 9
29 10
29 24
29 26
29 27
29 170917
30 3
30 4
30 195
30 347
30 349
30 170918
31 4
31 90
31 122
31 195
31 708
31 713
31 1159
31 39857
31 170919
32 660
32 17567
32 17568
32 17570
32 170920
33 9
33 10
33 11
33 13
33 170921
34 67
34 3042
34 3043
34 3045
34 170922
35 76
35 413
35 414
35 416
35 170923
36 67
36 48412
36 170925
36 170926
36 170927
37 9
37 11
37 13
37 67
37 170928
38 67
38 9507
38 42856
38 49754
38 147088
38 170930
38 170931
38 170932
39 76
39 342
39 343
39 345
39 170933
40 64
40 67
40 1259
40 170935
40 170936
40 170937
41 76
41 342
41 343
41 345
41 170938
42 67
42 3206
42 47596
42 170940
42 170941
42 170942
42 170943
43 76
43 5630
43 25774
43 25775
43 25777
44 76
44 433
44 434
44 436
44 170944
45 76
45 1267
45 1268
45 1270
45 170945
seqId 115
1 99
1 131
1 132
1 133
1 195
1 237
1 5632
2 3
2 4
2 195
2 11475
2 11807
2 170946
3 10
3 146
3 147
3 149
3 170947
4 99
4 133
4 175
4 176
4 195
4 234
4 170948
5 3
5 20
5 195
5 9469
5 9471
5 170949
6 20
6 195
6 202
6 1777
6 38016
6 54438
6 170951
6 170952
7 84
7 91
7 93
7 121
7 195
7 703
7 707
7 1858
7 170953
8 4
8 195
8 202
8 1666
8 28037
8 170954
9 76
9 342
9 343
9 345
9 170955
10 9
10 10
10 13
10 1539
10 170956
11 660
11 2310
11 2311
11 2313
11 170957
12 944
12 945
12 946
12 948
12 170958
13 99
13 131
13 132
13 133
13 195
13 237
13 170959
14 3
14 4
14 195
14 8842
14 8844
14 170960
15 10
15 109
15 110
15 112
15 170961
16 3
16 4
16 5
16 18201
16 18203
16 170962
17 4
17 5
17 202
17 13830
17 18206
17 170963
18 76
18 1267
18 1268
18 1270
18 170964
seqId 116
1 76
1 592
1 593
1 595
1 170965
2 99
2 131
2 132
2 133
2 195
2 237
2 170966
3 3
3 20
3 195
3 2034
3 3403
3 170967
4 9
4 10
4 11
4 13
4 36750
5 5
5 27
5 99
5 131
5 132
5 133
5 135
5 170968
6 5
6 67
6 55291
6 55294
6 170969
7 84
7 90
7 91
7 93
7 121
7 195
7 12400
7 41094
7 170970
8 4
8 5
8 99
8 133
8 175
8 176
8 178
8 170971
9 3
9 4
9 5
9 5469
9 5471
9 170972
10 4
10 5
10 202
10 91752
10 91754
10 170973
11 9
11 10
11 11
11 13
11 170974
12 99
12 195
12 773
12 776
12 2194
12 170975
13 3
13 4
13 15
13 195
13 4121
13 170976
14 10
14 283
14 284
14 286
14 170977
15 5
15 20
15 99
15 131
15 132
15 133
15 166
15 170978
16 3
16 5
16 20
16 4345
16 4347
16 170979
17 9
17 10
17 24
17 26
17 27
17 170980
18 3
18 4
18 195
18 9881
18 34477
18 170981
19 72
19 195
19 202
19 30410
19 48274
19 170983
19 170984
20 195
20 202
20 340
20 22806
20 54437
20 61639
20 170985
21 76
21 342
21 343
21 345
21 170986
22 10
22 1387
22 1388
22 1390
22 170987
23 99
23 133
23 175
23 176
23 195
23 234
23 170988
24 3
24 20
24 195
24 129092
24 129094
24 170989
25 660
25 6695
25 6696
25 6698
25 170990
26 76
26 342
26 343
26 345
26 170991
27 20
27 82
27 84
27 98
27 100
27 102
27 170992
28 82
28 758
28 759
28 761
28 170993
29 5
29 84
29 90
29 91
29 93
29 121
29 4945
29 76998
29 170994
30 4
30 5
30 99
30 131
30 132
30 133
30 152
30 170995
31 3
31 4
31 5
31 497
31 35017
31 170997
31 170998
31 170999
32 5
32 202
32 10504
32 10506
32 171000
33 10
33 1605
33 1606
33 1608
33 171001
34 4
34 5
34 202
34 3303
34 3305
34 171002
35 3
35 4
35 5
35 1573
35 1575
35 171003
36 4
36 5
36 202
36 838
36 23221
36 106942
36 171005
37 243
37 244
37 245
37 247
37 171006
38 3
38 4
38 5
38 8943
38 32404
38 36804
39 10
39 146
39 147
39 149
39 36805
40 26
40 27
40 99
40 133
40 175
40 176
40 195
40 171007
41 4
41 195
41 202
41 2294
41 3837
41 171008
42 3
42 4
42 195
42 13569
42 13571
42 171009
43 76
43 1267
43 1268
43 1270
43 171010
seqId 117
1 10
1 1539
1 2408
1 2410
1 171011
2 3
2 5
2 20
2 2412
2 2414
2 171012
3 5
3 84
3 90
3 91
3 92
3 93
3 3360
3 89718
3 171013
4 5
4 20
4 72
4 81
4 82
4 83
4 84
4 85
4 595
4 7291
4 13403
4 171015
5 90
5 443
5 17829
5 17831
5 171016
6 99
6 131
6 132
6 133
6 195
6 237
6 171017
7 3
7 4
7 195
7 340
7 5256
7 5258
7 171018
8 10
8 1387
8 1388
8 1390
8 171019
9 26
9 27
9 99
9 133
9 175
9 176
9 195
9 171020
10 4
10 195
10 202
10 2294
10 3837
10 171021
11 3
11 4
11 195
11 36823
11 58541
11 58543
12 4
12 195
12 202
12 792
12 912
12 1845
12 2787
12 46721
12 46723
12 171023
13 76
13 342
13 343
13 345
13 171024
14 10
14 109
14 110
14 112
14 122849
15 3
15 5
15 20
15 222
15 224
15 171025
16 76
16 342
16 343
16 345
16 171026
17 10
17 109
17 110
17 112
17 36827
18 3
18 4
18 5
18 14686
18 14688
18 171027
19 9
19 10
19 11
19 13
19 171028
20 5
20 27
20 99
20 131
20 132
20 133
20 135
20 171029
21 3
21 5
21 20
21 24023
21 35863
21 171030
22 660
22 6695
22 6696
22 6698
22 171031
23 76
23 342
23 343
23 345
23 171032
24 244
24 1249
24 1250
24 1252
24 94751
25 10
25 109
25 110
25 112
25 94752
26 5
26 20
26 98
26 99
26 100
26 102
26 171033
27 3
27 5
27 20
27 272
27 894
27 171034
28 76
28 342
28 343
28 345
28 171035
29 99
29 131
29 132
29 133
29 195
29 237
29 171036
30 3
30 20
30 195
30 171038
30 171039
30 171040
31 84
31 91
31 93
31 121
31 195
31 703
31 707
31 1858
31 171041
32 20
32 195
32 202
32 340
32 3828
32 169235
32 171043
33 27
33 118
33 945
33 2473
33 5765
33 12602
34 20
34 82
34 84
34 115
34 195
34 1824
34 1826
34 122861
35 660
35 661
35 910
35 1234
35 171044
36 84
36 91
36 93
36 121
36 195
36 703
36 707
36 1858
36 171045
37 20
37 90
37 122
37 195
37 708
37 5290
37 100665
37 171046
38 76
38 1267
38 1268
38 1270
38 171047
seqId 118
1 76
1 592
1 593
1 595
1 171048
2 4
2 5
2 99
2 131
2 132
2 133
2 152
2 171049
3 3
3 4
3 5
3 13389
3 13391
3 171050
4 230
4 231
4 232
4 234
4 171051
5 9
5 10
5 11
5 13
5 163
6 99
6 131
6 132
6 133
6 195
6 236
6 237
7 3
7 20
7 195
7 21902
7 21904
7 171052
8 9
8 10
8 11
8 13
8 171053
9 4
9 5
9 99
9 131
9 132
9 133
9 152
9 171054
10 3
10 4
10 5
10 15
10 17
10 171055
11 10
11 4919
11 4920
11 4922
11 171056
12 99
12 131
12 132
12 133
12 195
12 237
12 59453
13 3
13 20
13 195
13 5627
13 40014
13 171057
14 659
14 660
14 661
14 2274
14 171058
15 20
15 90
15 122
15 195
15 340
15 708
15 713
15 11175
15 30844
15 171059
16 5
16 84
16 91
16 93
16 121
16 703
16 707
16 956
16 171060
17 5
17 20
17 99
17 133
17 175
17 176
17 1316
17 171061
18 3
18 5
18 20
18 131238
18 168919
18 171062
19 659
19 660
19 661
19 2274
19 49086
20 5
20 202
20 101233
20 101235
20 171063
21 230
21 231
21 232
21 234
21 171064
22 9
22 10
22 11
22 13
22 163
23 99
23 131
23 132
23 133
23 195
23 236
23 237
24 3
24 4
24 195
24 22957
24 22959
24 171065
25 230
25 231
25 232
25 234
25 171066
26 9
26 10
26 11
26 13
26 163
27 99
27 131
27 132
27 133
27 195
27 236
27 237
28 3
28 20
28 195
28 2034
28 3403
28 171067
29 9
29 10
29 11
29 13
29 171068
30 5
30 27
30 99
30 131
30 132
30 133
30 135
30 171069
31 5
31 67
31 55291
31 55294
31 171070
32 71
32 76
32 190
32 191
32 171071
seqId 119
1 5
1 27
1 99
1 131
1 132
1 133
1 699
1 171072
2 3
2 4
2 5
2 81592
2 81594
2 171073
3 10
3 146
3 147
3 149
3 171074
4 20
4 85
4 99
4 195
4 1951
4 18077
4 171075
5 3
5 20
5 195
5 10295
5 10297
5 171076
6 9
6 10
6 11
6 13
6 171077
7 3
7 4
7 5
7 154
7 156
7 171078
8 9
8 10
8 11
8 13
8 171079
9 3
9 4
9 195
9 9329
9 9331
9 171080
10 4
10 195
10 202
10 1466
10 1789
10 171081
11 5
11 84
11 90
11 91
11 93
11 121
11 2101
11 2103
11 171082
12 5
12 20
12 99
12 133
12 175
12 176
12 1316
12 171083
13 3
13 5
13 20
13 9584
13 9586
13 171084
14 9
14 10
14 11
14 13
14 171085
15 3
15 4
15 5
15 42984
15 42986
15 171086
16 158
16 159
16 160
16 162
16 171087
17 9
17 10
17 11
17 13
17 163
18 5
18 20
18 99
18 131
18 132
18 133
18 165
18 166
19 3
19 5
19 20
19 12336
19 15959
19 171088
20 82
20 759
20 2852
20 2854
20 171089
21 5
21 84
21 90
21 91
21 93
21 121
21 5326
21 30076
21 171090
22 660
22 1622
22 1623
22 1625
22 171091
23 99
23 131
23 132
23 133
23 195
23 237
23 171092
24 3
24 4
24 195
24 13887
24 51280
24 171093
25 4
25 195
25 202
25 340
25 98284
25 98286
25 171094
26 9
26 10
26 11
26 13
26 171095
27 85
27 99
27 195
27 638
27 640
27 171096
28 3
28 20
28 195
28 2034
28 3403
28 171097
29 9
29 10
29 11
29 13
29 171098
30 5
30 27
30 99
30 131
30 132
30 133
30 135
30 171099
31 5
31 67
31 55291
31 55294
31 171100
32 243
32 244
32 245
32 247
32 171101
33 5
33 27
33 99
33 131
33 132
33 133
33 135
33 171102
34 3
34 4
34 5
34 897
34 899
34 171103
35 9
35 10
35 11
35 13
35 171104
36 20
36 82
36 84
36 85
36 195
36 1589
36 2970
36 171105
37 10
37 283
37 284
37 286
37 171106
38 5
38 20
38 99
38 131
38 132
38 133
38 166
38 171107
39 3
39 5
39 20
39 272
39 894
39 171108
40 158
40 159
40 160
40 162
40 171109
41 9
41 10
41 11
41 13
41 163
42 5
42 20
42 99
42 131
42 132
42 133
42 165
42 166
43 3
43 5
43 20
43 2947
43 2949
43 171110
44 71
44 76
44 190
44 191
44 171111
seqId 120
1 3
1 20
1 195
1 340
1 3775
1 4045
1 171112
2 20
2 195
2 202
2 340
2 4047
2 4049
2 171113
seqId 121
1 5
1 27
1 99
1 131
1 132
1 133
1 699
1 171114
2 3
2 4
2 5
2 171116
2 171117
2 171118
3 9
3 10
3 24
3 26
3 27
3 171119
4 5
4 20
4 99
4 133
4 175
4 176
4 1316
4 171120
5 3
5 5
5 20
5 2863
5 2865
5 171121
6 5
6 20
6 202
6 5335
6 8517
6 131614
7 10
7 283
7 284
7 286
7 171122
8 4
8 5
8 99
8 131
8 132
8 133
8 152
8 36954
9 3
9 4
9 5
9 11291
9 11293
9 171123
10 76
10 342
10 343
10 345
10 171124
11 10
11 1387
11 1388
11 1390
11 171125
12 3
12 5
12 20
12 475
12 25021
12 171126
13 5
13 20
13 202
13 24371
13 24372
13 72514
13 171128
13 171129
14 158
14 159
14 160
14 162
14 171130
15 9
15 10
15 11
15 13
15 163
16 5
16 20
16 99
16 131
16 132
16 133
16 165
16 166
17 3
17 5
17 20
17 1684
17 13711
17 171131
18 5
18 20
18 90
18 122
18 708
18 713
18 21928
18 171133
18 171134
19 5
19 84
19 91
19 93
19 121
19 702
19 703
19 705
19 171135
20 479
20 660
20 63027
20 63028
20 63030
20 171136
21 5
21 20
21 90
21 122
21 708
21 769
21 8415
21 8417
21 171137
22 10
22 146
22 147
22 149
22 171138
23 76
23 137
23 138
23 140
23 171139
24 90
24 443
24 4766
24 5065
24 171140
25 3
25 4
25 5
25 642
25 23331
25 171141
26 76
26 185
26 186
26 188
26 59568
27 10
27 1605
27 1606
27 1608
27 171142
28 3
28 20
28 195
28 24418
28 24420
28 171143
29 121
29 122
29 702
29 703
29 2506
29 171144
30 10
30 146
30 149
30 1539
30 171145
31 660
31 19655
31 19656
31 19658
31 171146
32 660
32 17010
32 17011
32 17013
32 171147
33 20
33 82
33 84
33 85
33 195
33 1377
33 5238
33 171148
34 5
34 20
34 90
34 122
34 708
34 769
34 32078
34 32080
34 171149
35 5
35 20
35 99
35 131
35 132
35 133
35 166
35 171150
36 3
36 5
36 20
36 24116
36 24118
36 171151
37 76
37 342
37 343
37 345
37 171152
38 243
38 244
38 245
38 247
38 171153
39 10
39 1605
39 1606
39 1608
39 171154
40 3
40 20
40 195
40 24418
40 24420
40 171155
41 243
41 244
41 245
41 247
41 5974
42 3
42 20
42 195
42 1806
42 1808
42 1809
42 1810
42 171156
43 10
43 378
43 379
43 381
43 171157
44 82
44 758
44 759
44 761
44 171158
45 5
45 20
45 82
45 83
45 84
45 115
45 763
45 1002
45 171159
46 27
46 82
46 84
46 114
46 115
46 116
46 118
46 171160
47 5
47 84
47 90
47 91
47 93
47 121
47 1815
47 2122
47 171161
48 660
48 2305
48 2306
48 2308
48 171162
49 9
49 10
49 24
49 26
49 27
49 171163
50 4
50 5
50 99
50 133
50 175
50 176
50 178
50 171164
51 3
51 4
51 5
51 4779
51 12778
51 171165
52 4
52 5
52 202
52 1104
52 125006
52 125008
52 171166
53 10
53 2408
53 2410
53 10221
53 171167
54 443
54 703
54 707
54 2086
54 171168
55 4
55 5
55 202
55 625
55 30531
55 48608
55 156250
55 171170
55 171171
56 71
56 76
56 190
56 191
56 171172
seqId 122
1 5
1 20
1 99
1 131
1 132
1 133
1 967
1 171173
2 3
2 5
2 20
2 2863
2 2865
2 171174
3 5
3 84
3 91
3 93
3 121
3 702
3 703
3 705
3 171175
4 5
4 20
4 90
4 122
4 708
4 769
4 30901
4 171177
4 171178
5 5
5 27
5 99
5 131
5 132
5 133
5 135
5 171179
6 5
6 67
6 55291
6 55294
6 171180
7 10
7 146
7 147
7 149
7 171181
8 4
8 5
8 99
8 133
8 175
8 176
8 178
8 171182
9 3
9 4
9 5
9 3691
9 3693
9 171183
10 4
10 5
10 202
10 5335
10 5337
10 6022
11 243
11 244
11 245
11 247
11 6024
12 4
12 5
12 202
12 33765
12 33767
12 171184
13 76
13 342
13 343
13 345
13 171185
14 90
14 121
14 122
14 97300
14 171187
14 171188
15 99
15 131
15 132
15 133
15 195
15 237
15 171189
16 3
16 20
16 195
16 2601
16 2603
16 171190
17 243
17 244
17 245
17 247
17 171191
18 99
18 131
18 132
18 133
18 195
18 237
18 171192
19 3
19 20
19 195
19 33358
19 34347
19 171193
20 660
20 1377
20 6485
20 6487
20 171194
21 10
21 109
21 110
21 112
21 94947
22 90
22 121
22 122
22 18077
22 40016
22 171196
22 171197
23 99
23 131
23 132
23 133
23 195
23 237
23 171198
24 3
24 20
24 195
24 10801
24 14877
24 94952
25 243
25 244
25 245
25 247
25 171199
26 99
26 131
26 132
26 133
26 195
26 237
26 171200
27 3
27 4
27 195
27 33173
27 33175
27 171201
28 71
28 76
28 190
28 191
28 171202
seqId 123
1 5
1 20
1 90
1 122
1 708
1 713
1 6786
1 171204
1 171205
2 660
2 1622
2 1623
2 1625
2 171206
3 10
3 146
3 147
3 149
3 171207
4 99
4 133
4 175
4 176
4 195
4 234
4 171208
5 3
5 20
5 195
5 10402
5 10404
5 171209
6 20
6 195
6 202
6 6251
6 8958
6 171210
7 76
7 342
7 343
7 345
7 171211
8 5
8 20
8 99
8 131
8 132
8 133
8 166
8 171212
9 3
9 5
9 20
9 2863
9 2865
9 171213
10 5
10 20
10 202
10 5335
10 8517
10 171214
11 5
11 84
11 91
11 93
11 121
11 702
11 703
11 705
11 171215
12 9
12 10
12 13
12 1539
12 171216
13 3
13 5
13 20
13 6936
13 6938
13 171217
14 5
14 20
14 90
14 122
14 708
14 769
14 1064
14 1066
14 171218
15 10
15 109
15 110
15 112
15 171219
16 51
16 195
16 4167
16 4169
16 171220
17 4
17 5
17 99
17 133
17 175
17 176
17 178
17 171221
18 4
18 5
18 202
18 795
18 8936
18 94974
19 3
19 4
19 5
19 6763
19 6765
19 171222
20 10
20 109
20 110
20 112
20 171223
21 90
21 121
21 122
21 3372
21 35776
21 171224
22 99
22 131
22 132
22 133
22 195
22 237
22 171225
23 3
23 20
23 195
23 2034
23 3403
23 171226
24 158
24 159
24 160
24 162
24 171227
25 9
25 10
25 11
25 13
25 163
26 5
26 20
26 99
26 131
26 132
26 133
26 165
26 166
27 5
27 20
27 67
27 458
27 1692
27 3213
27 69867
27 167933
27 171228
28 243
28 244
28 245
28 247
28 171229
29 99
29 131
29 132
29 133
29 195
29 237
29 171230
30 3
30 195
30 2217
30 8955
30 171231
31 9
31 10
31 11
31 13
31 171232
32 67
32 601
32 603
32 1197
32 171233
33 51
33 195
33 2686
33 15391
33 171234
34 10
34 109
34 110
34 112
34 171235
35 3
35 4
35 5
35 14583
35 171236
35 171237
36 9
36 10
36 11
36 13
36 123062
37 82
37 83
37 84
37 115
37 195
37 237
37 1824
37 171238
38 90
38 443
38 2257
38 2259
38 171239
39 71
39 76
39 190
39 191
39 171240
seqId 124
1 5
1 20
1 99
1 131
1 132
1 133
1 967
1 171241
2 3
2 5
2 20
2 2863
2 2865
2 171242
3 5
3 20
3 202
3 5335
3 8517
3 171243
4 5
4 84
4 91
4 93
4 121
4 702
4 703
4 705
4 171244
5 660
5 19069
5 19070
5 19072
5 131782
6 5
6 20
6 90
6 122
6 708
6 769
6 47669
6 130947
6 171245
7 10
7 146
7 149
7 1539
7 171246
8 4
8 5
8 99
8 131
8 132
8 133
8 152
8 171247
9 3
9 4
9 5
9 3725
9 3727
9 171248
10 10
10 146
10 147
10 149
10 171249
11 4
11 5
11 99
11 131
11 132
11 133
11 152
11 171250
12 3
12 4
12 5
12 2613
12 2615
12 171251
13 4
13 5
13 202
13 646
13 25589
13 171252
14 9
14 10
14 11
14 13
14 123077
15 5
15 27
15 99
15 131
15 132
15 133
15 135
15 123078
16 2
16 3
16 4
16 5
16 181
16 171253
17 243
17 244
17 245
17 247
17 171254
18 10
18 146
18 147
18 149
18 171255
19 4
19 5
19 99
19 131
19 132
19 133
19 152
19 171256
20 3
20 4
20 5
20 4900
20 4902
20 171257
21 10
21 146
21 147
21 149
21 123082
22 4
22 5
22 99
22 131
22 132
22 133
22 152
22 123083
23 3
23 4
23 5
23 15
23 17
23 171258
24 4
24 5
24 90
24 122
24 708
24 713
24 19582
24 171260
24 171261
25 2822
25 2823
25 2824
25 2826
25 171262
26 10
26 146
26 147
26 149
26 722
27 99
27 131
27 132
27 133
27 195
27 236
27 237
28 3
28 20
28 195
28 340
28 18684
28 38526
28 168934
28 168936
28 171263
29 243
29 244
29 245
29 247
29 171264
30 3
30 20
30 195
30 1806
30 1808
30 1809
30 1810
30 171265
31 71
31 76
31 190
31 191
31 171266
seqId 125
1 4
1 5
1 99
1 131
1 132
1 133
1 811
1 171267
2 3
2 4
2 5
2 13471
2 14643
2 171268
3 9
3 10
3 11
3 13
3 171269
4 3
4 5
4 20
4 7511
4 7513
4 171270
5 51
5 195
5 4167
5 4169
5 171271
6 10
6 146
6 147
6 149
6 171272
7 3
7 5
7 20
7 31708
7 31710
7 171273
8 9
8 10
8 11
8 13
8 131814
9 5
9 27
9 99
9 131
9 132
9 133
9 135
9 171274
10 3
10 4
10 5
10 14686
10 49719
10 171275
11 4
11 5
11 202
11 39232
11 39234
11 171276
12 9
12 10
12 11
12 13
12 171277
13 4
13 5
13 99
13 131
13 132
13 133
13 152
13 171278
14 4
14 5
14 67
14 3042
14 3045
14 171279
15 5
15 84
15 91
15 93
15 121
15 702
15 703
15 705
15 171280
16 9
16 10
16 13
16 1539
16 171281
17 660
17 2310
17 2311
17 2313
17 171282
18 5
18 20
18 90
18 122
18 708
18 769
18 2333
18 7738
18 171283
19 4
19 5
19 99
19 133
19 175
19 176
19 178
19 171284
20 3
20 4
20 5
20 3691
20 3693
20 171285
21 4
21 5
21 202
21 5335
21 5337
21 171286
22 244
22 1249
22 1250
22 1252
22 171287
23 9
23 10
23 24
23 26
23 27
23 37179
24 3
24 5
24 20
24 3696
24 3698
24 171288
25 5
25 20
25 99
25 133
25 175
25 176
25 1316
25 1539
25 171289
26 3
26 19655
26 19656
26 19658
26 171290
27 5
27 20
27 202
27 2075
27 113136
27 171291
28 9
28 10
28 11
28 13
28 6181
29 20
29 82
29 84
29 98
29 100
29 102
29 49454
30 82
30 758
30 759
30 761
30 171292
31 5
31 84
31 90
31 91
31 93
31 121
31 3884
31 171294
31 171295
32 479
32 660
32 33427
32 171297
32 171298
32 171299
33 99
33 131
33 132
33 133
33 195
33 237
33 171300
34 3
34 20
34 195
34 10402
34 10404
34 171301
35 75
35 76
35 77
35 79
35 171302
36 5
36 27
36 99
36 131
36 132
36 133
36 135
36 6189
37 3
37 4
37 5
37 17766
37 140930
37 171304
37 171305
38 71
38 76
38 190
38 191
38 171306
seqId 126
1 4
1 5
1 82
1 83
1 84
1 115
1 763
1 4750
1 171307
2 5
2 84
2 91
2 93
2 121
2 702
2 703
2 705
2 171308
3 5
3 20
3 122
3 703
3 707
3 708
3 710
3 171309
4 5
4 27
4 99
4 131
4 132
4 133
4 135
4 171310
5 3
5 4
5 5
5 7295
5 7297
5 171311
6 9
6 10
6 11
6 13
6 171312
7 90
7 443
7 3969
7 3971
7 171313
8 99
8 133
8 175
8 176
8 195
8 234
8 171314
9 3
9 4
9 195
9 340
9 58935
9 58937
9 171315
10 660
10 7237
10 10032
10 10034
10 171316
11 4
11 195
11 202
11 2075
11 2771
11 171317
12 9
12 10
12 24
12 26
12 27
12 171318
13 3
13 4
13 5
13 6471
13 6473
13 171319
14 9
14 10
14 11
14 13
14 37222
15 5
15 27
15 99
15 131
15 132
15 133
15 135
15 171320
16 3
16 4
16 5
16 14686
16 14688
16 171321
17 660
17 976
17 979
17 1458
17 171322
18 944
18 945
18 946
18 948
18 171323
19 9
19 10
19 11
19 13
19 171324
20 90
20 443
20 3718
20 12280
20 171325
21 660
21 3261
21 3262
21 3264
21 171326
22 230
22 231
22 232
22 234
22 171327
23 9
23 10
23 11
23 13
23 163
24 99
24 131
24 132
24 133
24 195
24 236
24 237
25 3
25 4
25 195
25 340
25 14965
25 14967
25 171328
26 4
26 195
26 202
26 693
26 39275
26 171329
27 4
27 195
27 202
27 43863
27 171331
27 171332
28 76
28 342
28 343
28 345
28 171333
29 158
29 159
29 160
29 162
29 37240
30 9
30 10
30 11
30 13
30 163
31 5
31 20
31 99
31 131
31 132
31 133
31 165
31 166
32 3
32 5
32 20
32 1341
32 6599
32 171334
33 717
33 718
33 719
33 721
33 171335
34 10
34 146
34 147
34 149
34 722
35 5
35 20
35 99
35 131
35 132
35 133
35 165
35 166
36 3
36 5
36 20
36 39232
36 171337
36 171338
37 71
37 76
37 190
37 191
37 171339
seqId 127
1 5
1 20
1 99
1 131
1 132
1 133
1 967
1 171340
2 3
2 5
2 20
2 429
2 431
2 171341
3 3
3 5
3 20
3 5458
3 49802
3 171342
4 244
4 1010
4 1011
4 1013
4 171343
5 9
5 10
5 24
5 26
5 27
5 37255
6 3
6 5
6 20
6 169759
6 169761
6 171344
7 5
7 20
7 90
7 122
7 708
7 713
7 102863
7 135280
7 171345
8 660
8 16882
8 16883
8 16885
8 171346
9 10
9 828
9 829
9 831
9 171347
10 4
10 5
10 99
10 133
10 175
10 176
10 178
10 171348
11 4
11 5
11 67
11 74353
11 74356
11 171349
12 9
12 10
12 11
12 13
12 171350
13 67
13 605
13 607
13 1199
13 171351
14 243
14 244
14 245
14 247
14 37273
15 4
15 5
15 99
15 133
15 175
15 176
15 178
15 171352
16 5
16 82
16 84
16 85
16 2294
16 2296
16 171353
17 9
17 10
17 11
17 13
17 171354
18 67
18 72
18 6363
18 135196
18 140864
18 140865
18 171355
19 10
19 283
19 284
19 286
19 95102
20 5
20 20
20 99
20 131
20 132
20 133
20 166
20 171356
21 3
21 5
21 20
21 4345
21 4347
21 171357
22 9
22 10
22 11
22 13
22 171358
23 4
23 5
23 99
23 131
23 132
23 133
23 152
23 171359
24 4
24 5
24 67
24 93047
24 93049
24 93050
24 171360
25 5
25 84
25 90
25 91
25 93
25 121
25 1509
25 16289
25 171361
26 5
26 20
26 99
26 133
26 175
26 176
26 1316
26 171362
27 5
27 20
27 202
27 9960
27 32945
27 171363
28 3
28 5
28 20
28 3775
28 3777
28 171364
29 90
29 121
29 122
29 3541
29 4049
29 171365
30 10
30 109
30 110
30 112
30 171366
31 5
31 20
31 82
31 84
31 100
31 10142
31 78570
31 171367
32 27
32 82
32 759
32 944
32 1463
32 171368
33 5
33 20
33 82
33 83
33 84
33 115
33 763
33 1002
33 171369
34 5
34 84
34 91
34 93
34 121
34 702
34 703
34 705
34 171370
35 5
35 20
35 90
35 122
35 708
35 769
35 19858
35 19860
35 171371
36 10
36 109
36 110
36 112
36 171372
37 5
37 85
37 99
37 13851
37 160015
37 171373
38 3
38 4
38 5
38 17932
38 17934
38 171374
39 243
39 244
39 245
39 247
39 171375
40 5
40 20
40 90
40 122
40 708
40 713
40 36172
40 109821
40 171377
41 10
41 279
41 11672
41 11673
41 171378
42 5
42 20
42 99
42 133
42 175
42 176
42 1316
42 171379
43 3
43 5
43 20
43 11297
43 18838
43 171380
44 5
44 20
44 202
44 12901
44 34080
44 171381
45 5
45 27
45 99
45 131
45 132
45 133
45 135
45 171382
46 3
46 4
46 5
46 9881
46 9883
46 171383
47 4
47 5
47 90
47 122
47 431
47 708
47 713
47 3722
47 31162
47 171384
48 9
48 10
48 11
48 13
48 171385
49 3
49 4
49 5
49 492
49 44426
49 171386
50 9
50 10
50 11
50 13
50 171387
51 5
51 27
51 99
51 131
51 132
51 133
51 135
51 171388
52 5
52 67
52 55291
52 55294
52 171389
53 51
53 195
53 14053
53 167927
53 167929
53 171390
54 10
54 146
54 147
54 149
54 171391
55 4
55 5
55 99
55 131
55 132
55 133
55 152
55 171392
56 3
56 4
56 5
56 19923
56 19925
56 171393
57 158
57 159
57 160
57 162
57 171394
58 9
58 10
58 11
58 13
58 163
59 5
59 20
59 99
59 131
59 132
59 133
59 165
59 166
60 3
60 5
60 20
60 43329
60 43331
60 171395
61 9
61 10
61 24
61 26
61 27
61 171396
62 5
62 20
62 99
62 133
62 175
62 176
62 1316
62 171397
63 5
63 20
63 202
63 1589
63 23961
63 171398
64 3
64 5
64 20
64 1832
64 1834
64 171399
65 9
65 10
65 11
65 13
65 171400
66 3
66 20
66 195
66 2034
66 3403
66 171401
67 9
67 10
67 11
67 13
67 171402
68 5
68 27
68 99
68 131
68 132
68 133
68 135
68 171403
69 5
69 67
69 55291
69 55294
69 171404
70 51
70 195
70 14053
70 171406
70 171407
70 171408
71 9
71 10
71 11
71 13
71 171409
72 67
72 601
72 603
72 1197
72 171410
73 51
73 195
73 2686
73 15391
73 171411
74 67
74 72
74 6363
74 135196
74 140864
74 140865
74 171412
75 71
75 76
75 190
75 191
75 171413
seqId 128
1 3
1 5
1 20
1 21902
1 171415
1 171416
2 9
2 10
2 24
2 26
2 27
2 95144
3 3
3 20
3 195
3 2972
3 2974
3 171417
4 20
4 90
4 122
4 195
4 340
4 708
4 769
4 123242
4 171419
4 171420
5 717
5 718
5 719
5 721
5 123243
6 10
6 146
6 147
6 149
6 722
7 5
7 20
7 99
7 131
7 132
7 133
7 165
7 166
8 3
8 5
8 20
8 56527
8 56529
8 171421
9 9
9 10
9 24
9 26
9 27
9 171422
10 3
10 4
10 5
10 14686
10 14688
10 171423
11 9
11 10
11 11
11 13
11 6326
12 4
12 5
12 98
12 99
12 100
12 1927
12 171424
13 3
13 4
13 5
13 597
13 13641
13 171425
14 4
14 5
14 90
14 122
14 708
14 713
14 4530
14 14537
14 171426
15 10
15 146
15 147
15 149
15 37370
16 4
16 5
16 82
16 84
16 100
16 4680
16 7233
16 171427
17 9
17 10
17 11
17 13
17 171428
18 67
18 605
18 607
18 1199
18 171429
19 10
19 828
19 829
19 831
19 171430
20 4
20 5
20 99
20 133
20 175
20 176
20 178
20 49667
21 4
21 5
21 67
21 93047
21 93049
21 93050
21 171431
22 76
22 342
22 343
22 345
22 171432
23 5
23 20
23 99
23 131
23 132
23 133
23 166
23 171433
24 3
24 5
24 20
24 9968
24 11087
24 171434
25 9
25 10
25 11
25 13
25 171435
26 85
26 99
26 195
26 638
26 640
26 171436
27 3
27 20
27 195
27 23221
27 23223
27 171437
28 20
28 195
28 202
28 28129
28 168151
28 168153
28 168154
28 171438
29 243
29 244
29 245
29 247
29 171439
30 20
30 195
30 202
30 28129
30 131874
30 131876
30 171440
31 9
31 10
31 11
31 13
31 171441
32 67
32 601
32 603
32 1197
32 171442
33 51
33 195
33 2686
33 15391
33 59870
34 9
34 10
34 11
34 13
34 59871
35 90
35 443
35 4766
35 5065
35 171443
36 3
36 4
36 5
36 642
36 23331
36 95176
37 10
37 1387
37 1388
37 1390
37 171444
38 20
38 82
38 84
38 100
38 195
38 4680
38 6827
38 171445
39 9
39 10
39 11
39 13
39 171446
40 67
40 605
40 607
40 1199
40 171447
41 5
41 84
41 91
41 93
41 121
41 702
41 703
41 705
41 6372
42 5
42 20
42 90
42 122
42 708
42 769
42 30901
42 171178
42 171448
43 98
43 99
43 100
43 195
43 2073
43 171449
44 20
44 195
44 202
44 9960
44 9962
44 171450
45 10
45 146
45 147
45 149
45 171451
46 90
46 443
46 1587
46 16983
46 97413
46 97414
46 171452
47 5
47 99
47 115
47 773
47 775
47 776
47 2192
47 3593
47 171453
48 3
48 5
48 20
48 429
48 431
48 171454
49 76
49 342
49 343
49 345
49 171455
50 10
50 146
50 147
50 149
50 171456
51 90
51 443
51 11164
51 31435
51 171457
52 13
52 99
52 133
52 175
52 176
52 195
52 171458
53 20
53 195
53 202
53 795
53 2446
53 171459
54 3
54 20
54 195
54 2320
54 16794
54 171460
55 243
55 244
55 245
55 247
55 171461
56 10
56 146
56 147
56 149
56 171462
57 90
57 443
57 16983
57 27915
57 30971
57 44222
57 171464
58 5
58 99
58 115
58 773
58 775
58 776
58 2192
58 3593
58 171465
59 3
59 4
59 5
59 4779
59 12778
59 171466
60 71
60 76
60 190
60 191
60 171467
seqId 129
1 660
1 976
1 7272
1 7274
1 171468
2 5
2 20
2 99
2 133
2 175
2 176
2 1316
2 171469
3 3
3 5
3 20
3 171471
3 171472
3 171473
4 5
4 20
4 202
4 36191
4 171475
4 171476
4 171477
5 121
5 122
5 702
5 703
5 2506
5 171478
6 5
6 20
6 90
6 122
6 708
6 769
6 38586
6 93146
6 171479
7 5
7 27
7 99
7 131
7 132
7 133
7 135
7 171480
8 5
8 67
8 55291
8 55294
8 95202
9 9
9 10
9 24
9 26
9 27
9 171481
10 5
10 20
10 99
10 133
10 175
10 176
10 1316
10 171482
11 5
11 20
11 202
11 2294
11 2296
11 171483
12 3
12 5
12 20
12 522
12 939
12 171484
13 5
13 84
13 91
13 93
13 121
13 702
13 703
13 705
13 171485
14 5
14 20
14 72
14 82
14 83
14 84
14 115
14 595
14 763
14 1186
14 7291
14 171486
15 5
15 20
15 90
15 122
15 708
15 769
15 20384
15 49832
15 89188
15 171488
16 5
16 27
16 99
16 131
16 132
16 133
16 135
16 171489
17 5
17 67
17 55291
17 55294
17 171490
18 51
18 195
18 14053
18 167927
18 167929
18 171491
19 660
19 1305
19 1306
19 1308
19 171492
20 4
20 5
20 90
20 122
20 708
20 713
20 1104
20 171494
20 171495
20 171496
21 2822
21 2823
21 2824
21 2826
21 171497
22 10
22 146
22 147
22 149
22 722
23 99
23 131
23 132
23 133
23 195
23 236
23 237
24 3
24 20
24 195
24 429
24 4265
24 171498
25 20
25 195
25 202
25 340
25 9212
25 26026
25 171499
26 20
26 26
26 72
26 195
26 202
26 1845
26 9772
26 11542
26 36280
26 46723
26 171501
26 171502
26 171503
27 71
27 76
27 190
27 191
27 171504
seqId 130
1 9
1 10
1 1886
1 20009
1 171505
2 4
2 5
2 98
2 99
2 100
2 1927
2 171506
3 3
3 4
3 5
3 40976
3 40978
3 171507
4 4
4 5
4 202
4 795
4 8936
4 171508
5 4
5 5
5 90
5 122
5 708
5 713
5 1345
5 4853
5 171509
6 717
6 718
6 719
6 721
6 171510
7 10
7 146
7 147
7 149
7 722
8 5
8 20
8 99
8 131
8 132
8 133
8 165
8 166
9 3
9 5
9 20
9 14392
9 14394
9 171511
10 9
10 10
10 11
10 13
10 171512
11 5
11 27
11 99
11 131
11 132
11 133
11 135
11 171513
12 3
12 4
12 5
12 5821
12 5823
12 171514
13 4
13 5
13 202
13 3386
13 6768
13 171515
14 660
14 661
14 910
14 1234
14 171516
15 5
15 84
15 90
15 91
15 93
15 121
15 2081
15 2426
15 171517
16 90
16 442
16 443
16 445
16 171518
17 660
17 661
17 944
17 948
17 171519
18 158
18 159
18 160
18 162
18 171520
19 9
19 10
19 11
19 13
19 163
20 5
20 20
20 99
20 131
20 132
20 133
20 165
20 166
21 3
21 5
21 20
21 22623
21 34456
21 171521
22 71
22 76
22 190
22 191
22 171522
seqId 131
1 51
1 52
1 1427
1 1962
1 171523
2 76
2 592
2 593
2 595
2 171524
3 3
3 4
3 5
3 2608
3 2610
3 171525
4 243
4 244
4 245
4 247
4 171526
5 3
5 4
5 5
5 2613
5 2615
5 171527
6 9
6 10
6 11
6 13
6 171528
7 5
7 27
7 99
7 131
7 132
7 133
7 135
7 171529
8 2
8 3
8 4
8 5
8 181
8 171530
9 244
9 418
9 419
9 421
9 171531
10 9
10 10
10 11
10 13
10 171532
11 5
11 27
11 99
11 131
11 132
11 133
11 135
11 171533
12 3
12 4
12 5
12 642
12 23331
12 171534
13 660
13 2473
13 2474
13 2476
13 37506
14 5
14 20
14 202
14 43863
14 53223
14 171535
seqId 132
1 3
1 4
1 195
1 1742
1 1744
1 171536
2 4
2 195
2 202
2 15437
2 15439
2 171537
seqId 133
1 90
1 443
1 25415
1 34486
1 171538
2 3
2 5
2 20
2 1731
2 15444
2 171539
3 67
3 1735
3 1736
3 1738
3 171540
4 76
4 137
4 138
4 140
4 171541
5 3
5 4
5 195
5 1742
5 1744
5 171542
6 158
6 159
6 160
6 162
6 171543
7 9
7 10
7 11
7 13
7 163
8 5
8 20
8 99
8 131
8 132
8 133
8 165
8 166
9 3
9 5
9 20
9 384
9 386
9 171544
10 10
10 109
10 110
10 112
10 171545
11 3
11 5
11 20
11 389
11 391
11 171546
12 76
12 185
12 186
12 188
12 171547
13 76
13 342
13 343
13 345
13 171548
14 3
14 5
14 20
14 1709
14 14619
14 171549
15 5
15 20
15 90
15 122
15 708
15 713
15 5400
15 5402
15 171550
16 76
16 137
16 138
16 140
16 171551
17 3
17 4
17 5
17 13599
17 24167
17 171552
18 20
18 195
18 202
18 2553
18 24170
18 171553
19 2
19 3
19 4
19 5
19 181
19 171554
20 76
20 185
20 186
20 188
20 171555
21 71
21 76
21 190
21 191
21 171556
seqId 134
1 3
1 5
1 20
1 1186
1 4796
1 23193
1 24176
1 171557
2 76
2 342
2 343
2 345
2 171558
3 3
3 4
3 5
3 24179
3 24181
3 171559
4 76
4 342
4 343
4 345
4 171560
5 3
5 4
5 5
5 2608
5 4490
5 171561
6 9
6 10
6 11
6 13
6 171562
7 5
7 27
7 99
7 131
7 132
7 133
7 135
7 171563
8 2
8 3
8 4
8 5
8 181
8 171564
seqId 135
1 10
1 109
1 876
1 878
1 171565
2 4
2 5
2 99
2 131
2 132
2 133
2 152
2 171566
3 3
3 4
3 5
3 4550
3 8014
3 171567
4 76
4 342
4 343
4 345
4 171568
5 99
5 131
5 132
5 133
5 195
5 237
5 171569
6 3
6 4
6 195
6 12036
6 171571
6 171572
7 27
7 660
7 661
7 910
7 912
7 171573
8 84
8 91
8 93
8 121
8 195
8 702
8 703
8 1062
8 171574
9 660
9 661
9 1240
9 1242
9 171575
10 5
10 20
10 90
10 122
10 708
10 769
10 89742
10 89744
10 171576
11 10
11 27969
11 27970
11 27972
11 171577
12 5
12 20
12 99
12 131
12 132
12 133
12 166
12 171578
13 5
13 20
13 202
13 1666
13 1668
13 171579
14 3
14 5
14 20
14 384
14 386
14 171580
15 76
15 342
15 343
15 345
15 171581
16 4
16 82
16 83
16 84
16 115
16 195
16 1824
16 3621
16 171582
17 84
17 91
17 93
17 121
17 195
17 703
17 707
17 1858
17 171583
18 4
18 90
18 122
18 195
18 708
18 713
18 2787
18 124666
18 154629
18 171585
19 9
19 10
19 24
19 26
19 27
19 171586
20 5
20 20
20 99
20 133
20 175
20 176
20 1316
20 37568
21 3
21 5
21 20
21 10226
21 37569
21 171588
21 171589
22 5
22 20
22 202
22 51651
22 125110
22 171590
23 5
23 20
23 90
23 122
23 708
23 713
23 2333
23 7738
23 171591
24 10
24 828
24 829
24 831
24 171592
25 4
25 5
25 99
25 131
25 132
25 133
25 152
25 171593
26 3
26 4
26 5
26 39832
26 39834
26 171594
27 4
27 5
27 202
27 133125
27 133127
27 171595
28 9
28 10
28 11
28 13
28 171596
29 5
29 27
29 99
29 131
29 132
29 133
29 135
29 171597
30 3
30 5
30 55291
30 55294
30 171598
31 243
31 244
31 245
31 247
31 171599
32 9
32 10
32 24
32 26
32 27
32 171600
33 4
33 5
33 99
33 133
33 175
33 176
33 178
33 171601
34 3
34 4
34 5
34 1104
34 31427
34 171603
34 171604
34 171605
35 82
35 758
35 759
35 761
35 171606
36 5
36 84
36 90
36 91
36 93
36 121
36 824
36 24311
36 171607
37 4
37 5
37 99
37 133
37 175
37 176
37 178
37 171608
38 3
38 4
38 5
38 32381
38 32383
38 171609
39 4
39 5
39 202
39 171611
39 171612
39 171613
40 230
40 231
40 232
40 234
40 171614
41 9
41 10
41 11
41 13
41 163
42 99
42 131
42 132
42 133
42 195
42 236
42 237
43 3
43 20
43 195
43 340
43 68692
43 171616
43 171617
43 171618
44 76
44 342
44 343
44 345
44 171619
45 10
45 126
45 127
45 129
45 171620
46 3
46 5
46 20
46 429
46 431
46 171621
47 71
47 76
47 190
47 191
47 171622
seqId 136
1 5
1 27
1 99
1 131
1 132
1 133
1 699
1 171623
2 3
2 4
2 5
2 1701
2 1703
2 171624
3 51
3 195
3 1705
3 1707
3 171625
4 5
4 84
4 90
4 91
4 93
4 121
4 32818
4 170594
4 171627
4 171628
5 5
5 20
5 99
5 131
5 132
5 133
5 166
5 171629
6 3
6 5
6 20
6 24881
6 24883
6 171630
7 9
7 10
7 11
7 13
7 171631
8 5
8 27
8 99
8 131
8 132
8 133
8 135
8 171632
9 2
9 3
9 4
9 5
9 181
9 171633
10 75
10 76
10 77
10 79
10 171634
11 3
11 4
11 5
11 4737
11 4963
11 113112
11 171635
12 76
12 342
12 343
12 345
12 171636
13 3
13 4
13 5
13 171638
13 171639
13 171640
14 76
14 342
14 343
14 345
14 171641
15 3
15 4
15 5
15 10197
15 10199
15 171642
16 5
16 20
16 82
16 83
16 84
16 115
16 166
16 763
16 60064
17 84
17 90
17 91
17 93
17 121
17 195
17 10385
17 10387
17 171643
18 76
18 342
18 343
18 345
18 171644
19 717
19 718
19 719
19 721
19 171645
20 10
20 146
20 147
20 149
20 722
21 5
21 20
21 99
21 131
21 132
21 133
21 165
21 166
22 3
22 5
22 20
22 12014
22 12016
22 171646
23 9
23 10
23 11
23 13
23 171647
24 4
24 5
24 99
24 131
24 132
24 133
24 152
24 171648
25 3
25 4
25 5
25 33297
25 33299
25 171649
26 71
26 76
26 190
26 191
26 171650
seqId 137
1 90
1 443
1 25415
1 34486
1 171651
2 660
2 1622
2 1623
2 1625
2 171652
3 4
3 5
3 99
3 131
3 132
3 133
3 152
3 171653
4 3
4 4
4 5
4 539
4 18239
4 171654
5 230
5 231
5 232
5 234
5 171655
6 9
6 10
6 11
6 13
6 163
7 99
7 131
7 132
7 133
7 195
7 236
7 237
8 3
8 20
8 195
8 24887
8 26865
8 171656
9 10
9 109
9 110
9 112
9 171657
10 3
10 4
10 5
10 1701
10 1703
10 171658
11 51
11 195
11 2054
11 2056
11 171659
seqId 138
1 3
1 4
1 5
1 1336
1 4737
1 26335
1 171660
seqId 139
1 99
1 131
1 132
1 133
1 195
1 1220
1 171661
2 3
2 20
2 195
2 50335
2 171663
2 171664
3 84
3 90
3 91
3 93
3 121
3 195
3 73690
3 171666
3 171667
4 9
4 10
4 24
4 26
4 27
4 171668
5 20
5 72
5 82
5 84
5 115
5 116
5 195
5 1262
5 11772
5 171670
5 171671
5 171672
6 75
6 76
6 77
6 79
6 95377
7 10
7 2408
7 2410
7 10221
7 171673
8 3
8 5
8 20
8 39897
8 39899
8 171674
9 9
9 10
9 11
9 13
9 132217
10 3
10 5
10 20
10 13358
10 28067
10 171675
11 76
11 342
11 343
11 345
11 6660
12 4
12 5
12 99
12 131
12 132
12 133
12 152
12 171676
13 3
13 4
13 5
13 831
13 4737
13 26335
13 171677
14 5
14 84
14 91
14 93
14 121
14 703
14 707
14 956
14 171678
15 4
15 5
15 90
15 122
15 708
15 713
15 11744
15 171680
15 171681
16 244
16 418
16 419
16 421
16 171682
17 4
17 5
17 90
17 122
17 708
17 713
17 1104
17 171684
17 171685
17 171686
18 10
18 283
18 284
18 286
18 171687
19 20
19 195
19 202
19 1377
19 5238
19 171688
20 99
20 131
20 132
20 133
20 195
20 237
20 171689
21 3
21 20
21 195
21 272
21 6282
21 171690
22 76
22 342
22 343
22 345
22 37668
23 99
23 131
23 132
23 133
23 195
23 237
23 171691
24 51
24 195
24 1501
24 1503
24 171692
25 20
25 195
25 202
25 28847
25 31390
25 171693
26 3
26 20
26 195
26 340
26 2094
26 2096
26 171694
27 20
27 195
27 202
27 1777
27 49469
27 136939
27 171696
27 171697
28 5
28 27
28 82
28 83
28 84
28 115
28 135
28 763
28 171698
29 84
29 90
29 91
29 93
29 121
29 195
29 755
29 2101
29 2103
29 171699
30 9
30 10
30 13
30 1539
30 171700
31 660
31 2310
31 2311
31 2313
31 171701
32 944
32 945
32 946
32 948
32 171702
33 4
33 5
33 99
33 131
33 132
33 133
33 152
33 60122
34 3
34 4
34 5
34 32381
34 32383
34 171703
35 4
35 5
35 202
35 1773
35 26635
35 171704
36 230
36 231
36 232
36 234
36 171705
37 9
37 10
37 11
37 13
37 163
38 99
38 131
38 132
38 133
38 195
38 236
38 237
39 3
39 4
39 195
39 14397
39 14399
39 171706
40 243
40 244
40 245
40 247
40 6709
41 230
41 231
41 232
41 234
41 171707
42 9
42 10
42 11
42 13
42 163
43 99
43 131
43 132
43 133
43 195
43 236
43 237
44 3
44 20
44 195
44 26371
44 26373
44 171708
45 10
45 283
45 284
45 286
45 171709
46 5
46 27
46 99
46 131
46 132
46 133
46 135
46 171710
47 5
47 67
47 55291
47 55294
47 171711
48 71
48 76
48 190
48 191
48 171712
seqId 140
1 4
1 5
1 99
1 133
1 175
1 176
1 5129
1 171713
2 4
2 5
2 202
2 3106
2 26492
2 171714
3 3
3 4
3 5
3 12036
3 12038
3 171715
4 10
4 146
4 147
4 149
4 171716
5 90
5 443
5 41115
5 169874
5 171717
6 10
6 1539
6 2408
6 2410
6 171718
7 3
7 5
7 20
7 2412
7 2414
7 171719
8 5
8 84
8 91
8 93
8 121
8 703
8 707
8 956
8 171720
9 4
9 5
9 99
9 131
9 132
9 133
9 152
9 171721
10 3
10 4
10 5
10 813
10 815
10 171722
11 9
11 10
11 11
11 13
11 171723
12 5
12 27
12 99
12 131
12 132
12 133
12 135
12 171724
13 5
13 67
13 55291
13 55294
13 171725
14 76
14 342
14 343
14 345
14 171726
15 4
15 5
15 202
15 24046
15 24048
15 171727
16 660
16 2136
16 2137
16 2139
16 171728
17 158
17 159
17 160
17 162
17 171729
18 9
18 10
18 11
18 13
18 163
19 5
19 20
19 99
19 131
19 132
19 133
19 165
19 166
20 5
20 20
20 202
20 2244
20 2246
20 60146
21 3
21 5
21 20
21 384
21 386
21 171730
22 244
22 1249
22 1250
22 1252
22 132275
23 660
23 22707
23 22708
23 22710
23 171731
24 4
24 5
24 202
24 171733
24 171734
24 171735
25 10
25 27969
25 27970
25 27972
25 171736
26 99
26 131
26 132
26 133
26 195
26 237
26 171737
27 51
27 195
27 11257
27 11259
27 171738
28 3
28 4
28 195
28 729
28 731
28 171739
29 4
29 90
29 122
29 195
29 708
29 713
29 3906
29 3908
29 171740
30 71
30 76
30 190
30 191
30 171741
seqId 141
1 90
1 93
1 121
1 195
1 340
1 4063
1 4941
1 5889
1 49446
1 73548
1 95471
2 10
2 828
2 831
2 1539
2 171743
3 660
3 2210
3 2211
3 2213
3 171744
4 27
4 944
4 945
4 1463
4 3308
4 171745
5 5
5 20
5 99
5 133
5 175
5 176
5 1316
5 171746
6 3
6 5
6 20
6 29708
6 29710
6 171747
7 5
7 84
7 91
7 93
7 121
7 702
7 703
7 705
7 171748
8 5
8 20
8 122
8 703
8 707
8 708
8 710
8 171749
9 5
9 20
9 90
9 122
9 708
9 713
9 3777
9 4766
9 171750
10 10
10 378
10 379
10 381
10 171751
11 90
11 443
11 21159
11 21161
11 171752
12 5
12 20
12 99
12 131
12 132
12 133
12 166
12 171753
13 3
13 5
13 20
13 2863
13 2865
13 171754
14 5
14 20
14 202
14 5335
14 8517
14 171755
15 243
15 244
15 245
15 247
15 171756
16 99
16 131
16 132
16 133
16 195
16 237
16 171757
17 3
17 4
17 195
17 8989
17 8991
17 171758
18 9
18 10
18 11
18 13
18 171759
19 3
19 5
19 20
19 4434
19 4436
19 171760
20 10
20 146
20 147
20 149
20 171761
21 99
21 133
21 175
21 176
21 195
21 234
21 171762
22 3
22 4
22 195
22 11387
22 11389
22 171763
23 4
23 195
23 202
23 78191
23 171765
23 171766
24 10
24 1387
24 1388
24 1390
24 171767
25 99
25 133
25 175
25 176
25 195
25 234
25 171768
26 3
26 4
26 195
26 6905
26 6907
26 171769
27 4
27 195
27 202
27 340
27 86510
27 86512
27 171771
28 82
28 758
28 759
28 761
28 171772
29 27
29 82
29 84
29 114
29 115
29 116
29 118
29 171773
30 84
30 90
30 91
30 93
30 121
30 195
30 17979
30 37910
30 37912
30 171774
31 443
31 703
31 707
31 2086
31 60194
32 660
32 12080
32 12081
32 12083
32 171775
33 4
33 195
33 202
33 340
33 86517
33 86519
33 171776
34 71
34 76
34 190
34 191
34 171777
seqId 142
1 3
1 4
1 5
1 4737
1 26574
1 26576
1 171778
2 5
2 202
2 302
2 304
2 171779
seqId 143
1 5
1 27
1 99
1 131
1 132
1 133
1 699
1 171780
2 5
2 67
2 55291
2 55294
2 171781
3 5
3 84
3 91
3 93
3 121
3 703
3 707
3 956
3 171782
4 4
4 5
4 90
4 122
4 708
4 713
4 9952
4 123113
4 171783
5 9
5 10
5 24
5 26
5 27
5 171784
6 3
6 20
6 72
6 195
6 340
6 1227
6 1229
6 1230
6 1231
6 171785
7 20
7 195
7 202
7 340
7 26596
7 26598
7 171786
8 243
8 244
8 245
8 247
8 171787
9 20
9 195
9 202
9 26010
9 53178
9 171788
10 27
10 82
10 84
10 114
10 115
10 116
10 118
10 6845
11 90
11 121
11 122
11 755
11 79110
11 171790
11 171791
12 9
12 10
12 11
12 13
12 37838
13 90
13 443
13 24284
13 171793
13 171794
14 2822
14 2823
14 2824
14 2826
14 171795
15 10
15 146
15 147
15 149
15 722
16 99
16 131
16 132
16 133
16 195
16 236
16 237
17 3
17 20
17 195
17 7149
17 7151
17 171796
18 99
18 131
18 132
18 133
18 195
18 237
18 171797
19 3
19 4
19 195
19 13716
19 21248
19 171798
20 9
20 10
20 11
20 13
20 50189
21 3
21 4
21 5
21 4737
21 54768
21 54770
21 171799
22 4
22 5
22 202
22 16827
22 16829
22 171800
23 82
23 758
23 759
23 761
23 171801
24 82
24 83
24 84
24 115
24 195
24 237
24 1824
24 171802
25 84
25 90
25 91
25 93
25 121
25 195
25 755
25 28383
25 32690
25 171803
26 71
26 76
26 190
26 191
26 171804
seqId 144
1 4
1 5
1 82
1 83
1 84
1 115
1 763
1 4750
1 171805
2 5
2 84
2 90
2 91
2 93
2 121
2 2081
2 2426
2 171806
3 76
3 342
3 343
3 345
3 171807
4 717
4 718
4 719
4 721
4 171808
5 10
5 146
5 147
5 149
5 722
6 5
6 20
6 99
6 131
6 132
6 133
6 165
6 166
7 3
7 5
7 20
7 10700
7 29791
7 171809
8 76
8 342
8 343
8 345
8 171810
9 90
9 443
9 26002
9 26004
9 171811
10 717
10 718
10 719
10 721
10 171812
11 10
11 146
11 147
11 149
11 722
12 5
12 20
12 99
12 131
12 132
12 133
12 165
12 166
13 3
13 5
13 20
13 25629
13 65934
13 171813
14 9
14 10
14 11
14 13
14 171814
15 3
15 4
15 5
15 171816
15 171817
15 171818
16 9
16 10
16 11
16 13
16 171819
17 3
17 5
17 20
17 26678
17 26680
17 132378
18 20
18 90
18 122
18 708
18 713
18 17975
18 40687
18 171820
19 10
19 828
19 829
19 831
19 171821
20 5
20 27
20 99
20 131
20 132
20 133
20 135
20 171822
21 5
21 67
21 1256
21 1258
21 1259
21 171823
22 67
22 310
22 87527
22 130695
22 130696
22 171824
23 71
23 76
23 190
23 191
23 171825
seqId 145
1 3
1 4
1 5
1 8694
1 26853
1 171826
2 243
2 244
2 245
2 247
2 171827
3 3
3 4
3 5
3 4002
3 4004
3 171828
4 71
4 76
4 190
4 191
4 171829
seqId 146
1 5
1 20
1 82
1 929
1 169108
1 171831
1 171832
2 10
2 146
2 147
2 149
2 171833
3 90
3 443
3 2979
3 2981
3 171834
4 10
4 283
4 284
4 286
4 171835
5 5
5 20
5 98
5 99
5 100
5 102
5 132393
6 3
6 5
6 20
6 272
6 894
6 171836
7 71
7 76
7 190
7 191
7 171837
seqId 147
1 2
1 3
1 4
1 5
1 7
1 171838
2 9
2 10
2 11
2 13
2 171839
3 3
3 4
3 5
3 15
3 17
3 171840
seqId 148
1 3
1 5
1 19
1 20
1 22
1 171841
2 9
2 10
2 24
2 26
2 27
2 6930
3 3
3 4
3 5
3 29
3 31
3 32
3 171842
seqId 149
1 5
1 20
1 81
1 82
1 83
1 84
1 85
1 2423
1 171843
2 5
2 84
2 90
2 91
2 93
2 121
2 29073
2 171845
2 171846
3 660
3 30602
3 30603
3 30605
3 171847
4 5
4 20
4 99
4 133
4 175
4 176
4 1316
4 171848
5 3
5 5
5 20
5 10939
5 10941
5 171849
6 158
6 159
6 160
6 162
6 171850
7 9
7 10
7 11
7 13
7 163
8 5
8 20
8 99
8 131
8 132
8 133
8 165
8 166
9 3
9 5
9 19
9 20
9 105
9 171851
10 9
10 10
10 24
10 26
10 27
10 171852
11 3
11 4
11 5
11 29
11 31
11 32
11 171853
12 9
12 10
12 11
12 13
12 171854
13 5
13 27
13 99
13 131
13 132
13 133
13 135
13 171855
14 5
14 67
14 55291
14 55294
14 171856
15 51
15 195
15 14053
15 171406
15 171408
15 171857
16 76
16 413
16 414
16 416
16 171858
17 3
17 4
17 5
17 14686
17 49719
17 171859
18 230
18 231
18 232
18 234
18 171860
19 9
19 10
19 11
19 13
19 163
20 99
20 131
20 132
20 133
20 195
20 236
20 237
21 3
21 20
21 195
21 340
21 2081
21 48543
21 171861
22 76
22 342
22 343
22 345
22 171862
23 3
23 20
23 195
23 340
23 12336
23 55581
23 171863
24 76
24 342
24 343
24 345
24 171864
25 243
25 244
25 245
25 247
25 171865
26 3
26 4
26 195
26 340
26 7178
26 18652
26 171866
27 76
27 433
27 434
27 436
27 171867
28 76
28 342
28 343
28 345
28 171868
29 90
29 121
29 122
29 4651
29 171870
29 171871
30 99
30 131
30 132
30 133
30 195
30 237
30 37931
31 3
31 4
31 195
31 1542
31 24622
31 171872
32 9
32 10
32 11
32 13
32 37937
33 4
33 5
33 99
33 131
33 132
33 133
33 152
33 171873
34 3
34 4
34 5
34 492
34 44426
34 171874
35 4
35 5
35 90
35 122
35 708
35 713
35 57599
35 79477
35 171876
36 76
36 342
36 343
36 345
36 171877
37 243
37 244
37 245
37 247
37 171878
38 5
38 20
38 99
38 133
38 175
38 176
38 1316
38 171879
39 3
39 5
39 20
39 4038
39 15485
39 171880
40 9
40 10
40 11
40 13
40 171881
41 5
41 27
41 99
41 131
41 132
41 133
41 135
41 171882
42 3
42 4
42 5
42 897
42 899
42 171883
43 230
43 231
43 232
43 234
43 171884
44 9
44 10
44 11
44 13
44 163
45 99
45 131
45 132
45 133
45 195
45 236
45 237
46 3
46 195
46 2217
46 8955
46 171885
47 20
47 90
47 122
47 195
47 708
47 713
47 58812
47 171887
47 171888
48 10
48 146
48 147
48 149
48 171889
49 90
49 443
49 2257
49 2259
49 171890
50 5
50 20
50 99
50 131
50 132
50 133
50 166
50 171891
51 5
51 20
51 67
51 37445
51 135367
51 171893
51 171894
52 71
52 76
52 190
52 191
52 171895
seqId 150
1 5
1 20
1 81
1 82
1 83
1 84
1 85
1 2423
1 171896
2 82
2 83
2 84
2 115
2 5729
2 5731
2 171897
3 5
3 84
3 91
3 93
3 121
3 702
3 703
3 705
3 171898
4 5
4 20
4 90
4 122
4 708
4 769
4 32782
4 91210
4 171899
5 4
5 5
5 99
5 133
5 175
5 176
5 178
5 171900
6 3
6 4
6 5
6 92205
6 92207
6 171901
7 9
7 10
7 11
7 13
7 171902
8 5
8 27
8 99
8 131
8 132
8 133
8 135
8 171903
9 76
9 137
9 138
9 140
9 171904
10 3
10 4
10 5
10 1701
10 1703
10 171905
11 51
11 195
11 1427
11 1962
11 50328
12 76
12 185
12 186
12 188
12 171906
13 158
13 159
13 160
13 162
13 171907
14 9
14 10
14 11
14 13
14 163
15 5
15 20
15 99
15 131
15 132
15 133
15 165
15 166
16 3
16 5
16 20
16 4038
16 15485
16 171908
17 9
17 10
17 11
17 13
17 171909
18 5
18 27
18 99
18 131
18 132
18 133
18 135
18 171910
19 5
19 67
19 55291
19 55294
19 60332
20 4
20 5
20 90
20 122
20 708
20 713
20 32157
20 97881
20 171911
21 2822
21 2823
21 2824
21 2826
21 171912
22 10
22 146
22 147
22 149
22 722
23 99
23 131
23 132
23 133
23 195
23 236
23 237
24 3
24 4
24 195
24 4228
24 4230
24 171913
25 9
25 10
25 11
25 13
25 171914
26 98
26 99
26 100
26 195
26 2073
26 171915
27 3
27 20
27 195
27 2217
27 8955
27 171916
28 71
28 76
28 190
28 191
28 171917
seqId 151
1 3
1 4
1 5
1 34
1 36
1 37
1 38
1 171918
2 9
2 10
2 27
2 40
2 42
2 123725
3 3
3 4
3 5
3 44
3 46
3 47
3 48
3 171919
4 50
4 51
4 52
4 54
4 171920
seqId 152
1 3
1 4
1 5
1 56
1 58
1 59
1 171921
2 3
2 61
2 62
2 64
2 171922
seqId 153
1 3
1 4
1 194
1 195
1 45365
1 171923
2 4
2 195
2 202
2 3244
2 24645
2 171924
seqId 154
1 3
1 5
1 20
1 209
1 211
1 171925
2 9
2 10
2 11
2 13
2 171926
3 5
3 27
3 99
3 131
3 132
3 133
3 135
3 171927
4 2
4 3
4 4
4 5
4 181
4 171928
5 75
5 76
5 77
5 79
5 171929
6 3
6 4
6 5
6 14686
6 49719
6 171930
7 230
7 231
7 232
7 234
7 171931
8 9
8 10
8 11
8 13
8 163
9 99
9 131
9 132
9 133
9 195
9 236
9 237
10 3
10 20
10 195
10 2081
10 36474
10 171932
11 76
11 342
11 343
11 345
11 171933
12 3
12 20
12 195
12 340
12 12336
12 15959
12 171934
13 243
13 244
13 245
13 247
13 171935
14 3
14 4
14 195
14 7178
14 7180
14 171936
seqId 155
1 3
1 5
1 20
1 258
1 260
1 261
1 262
1 171937
2 75
2 76
2 77
2 79
2 171938
seqId 156
1 3
1 5
1 20
1 272
1 274
1 171939
2 243
2 244
2 245
2 247
2 171940
3 3
3 5
3 20
3 72
3 277
3 279
3 280
3 281
3 171941
4 10
4 283
4 284
4 286
4 171942
5 4
5 5
5 99
5 131
5 132
5 133
5 152
5 171943
6 3
6 4
6 5
6 289
6 291
6 171944
7 158
7 159
7 160
7 162
7 171945
8 9
8 10
8 11
8 13
8 163
9 5
9 20
9 99
9 131
9 132
9 133
9 165
9 166
10 5
10 20
10 67
10 294
10 296
10 297
10 298
10 171946
11 75
11 76
11 77
11 79
11 171947
seqId 157
1 3
1 4
1 5
1 71
1 373
1 375
1 376
1 171948
2 10
2 378
2 379
2 381
2 171949
3 5
3 20
3 99
3 131
3 132
3 133
3 166
3 171950
4 3
4 5
4 20
4 384
4 386
4 171951
5 10
5 109
5 110
5 112
5 132502
6 3
6 5
6 20
6 389
6 391
6 171952
7 75
7 76
7 77
7 79
7 171953
8 67
8 17618
8 17619
8 17621
8 171954
9 67
9 4398
9 48274
9 72995
9 171956
9 171957
9 171958
seqId 158
1 3
1 5
1 20
1 465
1 467
1 171959
2 9
2 10
2 11
2 13
2 171960
3 3
3 4
3 5
3 470
3 472
3 171961
4 75
4 76
4 77
4 79
4 171962
seqId 159
1 3
1 5
1 20
1 475
1 477
1 478
1 479
1 171963
2 10
2 146
2 147
2 149
2 171964
3 5
3 27
3 99
3 131
3 132
3 133
3 135
3 171965
4 3
4 5
4 20
4 483
4 485
4 171966
5 76
5 499
5 500
5 502
5 171967
6 3
6 4
6 5
6 492
6 494
6 495
6 496
6 497
6 171968
7 67
7 18749
7 45457
7 45458
7 171969
8 3
8 4
8 5
8 504
8 506
8 171970
9 508
9 509
9 510
9 512
9 171971
10 509
10 514
10 515
10 517
10 518
10 519
10 171972
11 76
11 499
11 500
11 502
11 171973
seqId 160
1 3
1 20
1 195
1 340
1 522
1 524
1 525
1 171974
2 243
2 244
2 245
2 247
2 171975
3 3
3 20
3 195
3 528
3 530
3 171976
4 9
4 10
4 11
4 13
4 171977
5 3
5 5
5 20
5 533
5 535
5 536
5 171978
6 75
6 76
6 77
6 79
6 171979
seqId 161
1 3
1 4
1 5
1 539
1 541
1 95707
2 230
2 231
2 232
2 234
2 95708
3 9
3 10
3 11
3 13
3 163
4 99
4 131
4 132
4 133
4 195
4 236
4 237
5 3
5 20
5 195
5 522
5 545
5 171980
6 243
6 244
6 245
6 247
6 171981
7 3
7 20
7 195
7 528
7 530
7 171982
8 4
8 195
8 202
8 340
8 549
8 551
8 171983
9 9
9 10
9 11
9 13
9 171984
10 5
10 27
10 99
10 131
10 132
10 133
10 135
10 171985
11 2
11 3
11 4
11 5
11 181
11 171986
12 9
12 10
12 11
12 13
12 171987
13 3
13 4
13 5
13 15
13 17
13 171988
14 10
14 378
14 379
14 381
14 171989
15 5
15 20
15 99
15 131
15 132
15 133
15 166
15 123834
16 3
16 5
16 20
16 384
16 386
16 171990
17 10
17 109
17 110
17 112
17 171991
18 3
18 5
18 20
18 389
18 391
18 171992
19 243
19 244
19 245
19 247
19 171993
20 10
20 378
20 379
20 381
20 171994
21 5
21 20
21 99
21 131
21 132
21 133
21 166
21 171995
22 5
22 20
22 202
22 566
22 568
22 171996
23 3
23 5
23 20
23 384
23 386
23 171997
24 76
24 413
24 414
24 416
24 171998
25 3
25 4
25 195
25 340
25 549
25 551
25 171999
26 76
26 433
26 434
26 436
26 172000
27 71
27 76
27 190
27 191
27 172001
seqId 162
1 3
1 5
1 20
1 384
1 576
1 172002
2 10
2 109
2 110
2 112
2 172003
3 3
3 5
3 20
3 389
3 391
3 172004
4 75
4 76
4 77
4 79
4 172005
5 5
5 20
5 202
5 566
5 587
5 588
5 172006
6 3
6 5
6 20
6 384
6 386
6 172007
7 75
7 76
7 77
7 79
7 172008
seqId 163
1 76
1 592
1 593
1 595
1 172009
2 3
2 4
2 5
2 597
2 599
2 172010
3 5
3 20
3 67
3 601
3 603
3 172011
4 51
4 52
4 2686
4 15391
4 172012
5 67
5 72
5 72
5 135191
5 135192
5 135194
5 135195
5 135196
5 172013
seqId 164
1 76
1 592
1 593
1 595
1 172014
2 3
2 4
2 5
2 597
2 599
2 172015
3 5
3 20
3 67
3 601
3 603
3 172016
4 5
4 20
4 67
4 605
4 607
4 172017
seqId 165
1 76
1 592
1 593
1 595
1 172018
2 3
2 4
2 5
2 597
2 599
2 172019
3 5
3 20
3 67
3 601
3 603
3 172020
4 51
4 52
4 2686
4 15391
4 172021
5 67
5 72
5 72
5 135191
5 135192
5 135194
5 135195
5 135196
5 172022
seqId 166
1 3
1 5
1 20
1 614
1 616
1 172023
2 9
2 10
2 11
2 13
2 38162
3 5
3 27
3 99
3 131
3 132
3 133
3 135
3 172024
4 3
4 4
4 5
4 44
4 621
4 172025
5 5
5 202
5 623
5 625
5 626
5 172026
6 9
6 10
6 11
6 13
6 172027
7 5
7 27
7 99
7 131
7 132
7 133
7 135
7 172028
8 2
8 3
8 4
8 5
8 181
8 172029
9 9
9 10
9 11
9 13
9 172030
10 3
10 4
10 5
10 15
10 17
10 172031
11 76
11 413
11 414
11 416
11 172032
12 244
12 418
12 419
12 421
12 132628
13 9
13 10
13 24
13 26
13 27
13 172033
14 4
14 5
14 99
14 133
14 175
14 176
14 178
14 172034
15 244
15 418
15 419
15 421
15 172035
16 85
16 99
16 195
16 638
16 640
16 172036
17 3
17 4
17 195
17 642
17 644
17 172037
18 4
18 195
18 202
18 646
18 648
18 172038
19 76
19 433
19 434
19 436
19 172039
20 75
20 76
20 77
20 79
20 172040
seqId 167
1 652
1 653
1 654
1 656
1 172041
2 76
2 499
2 500
2 502
2 172042
3 659
3 660
3 661
3 663
3 172043
seqId 168
1 51
1 52
1 680
1 1993
1 172044
2 71
2 76
2 190
2 191
2 172045
seqId 169
1 99
1 131
1 132
1 133
1 195
1 1220
1 172046
2 3
2 4
2 195
2 1542
2 24622
2 172047
3 9
3 10
3 24
3 26
3 27
3 38208
4 4
4 5
4 99
4 133
4 175
4 176
4 178
4 172048
5 3
5 4
5 5
5 492
5 44426
5 172049
seqId 170
1 10
1 283
1 3640
1 3642
1 172050
2 4
2 5
2 99
2 115
2 773
2 774
2 775
2 776
2 3330
2 132650
3 3
3 4
3 5
3 4779
3 12778
3 172051
4 4
4 5
4 202
4 17683
4 40254
4 172052
5 76
5 342
5 343
5 345
5 172053
6 5
6 27
6 99
6 131
6 132
6 133
6 135
6 172054
7 5
7 67
7 55291
7 55294
7 172055
8 51
8 195
8 14053
8 171406
8 171408
8 172056
9 5
9 84
9 90
9 91
9 93
9 121
9 35983
9 35985
9 172057
10 9
10 10
10 24
10 26
10 27
10 172058
11 4
11 5
11 99
11 133
11 175
11 176
11 178
11 172059
12 3
12 4
12 5
12 91927
12 91929
12 172060
13 4
13 5
13 90
13 122
13 708
13 713
13 3563
13 22559
13 172061
14 660
14 2136
14 2137
14 2139
14 172062
15 158
15 159
15 160
15 162
15 172063
16 9
16 10
16 11
16 13
16 163
17 5
17 20
17 99
17 131
17 132
17 133
17 165
17 166
18 3
18 5
18 20
18 384
18 386
18 172064
19 51
19 72
19 195
19 58989
19 172066
19 172067
19 172068
20 10
20 1605
20 1606
20 1608
20 172069
21 5
21 20
21 99
21 131
21 132
21 133
21 166
21 172070
22 3
22 5
22 20
22 217
22 219
22 172071
23 9
23 10
23 11
23 13
23 172072
24 3
24 4
24 15
24 195
24 340
24 5937
24 172073
25 4
25 195
25 202
25 340
25 693
25 695
25 172075
26 76
26 413
26 414
26 416
26 172076
27 660
27 1305
27 1306
27 1308
27 172077
28 5
28 20
28 90
28 122
28 708
28 713
28 172079
28 172080
28 172081
29 67
29 55291
29 55292
29 55294
29 172082
30 51
30 195
30 14053
30 171406
30 171408
30 172083
31 76
31 433
31 434
31 436
31 172084
32 243
32 244
32 245
32 247
32 172085
33 4
33 5
33 99
33 131
33 132
33 133
33 152
33 172086
34 4
34 5
34 202
34 10398
34 172088
34 172089
35 3
35 4
35 5
35 642
35 63756
35 172090
36 3
36 4
36 5
36 14686
36 49719
36 172091
37 4
37 5
37 202
37 16827
37 16829
37 172092
38 76
38 413
38 414
38 416
38 172093
39 67
39 111229
39 111231
39 120157
39 172094
40 51
40 195
40 1561
40 172096
40 172097
40 172098
41 76
41 433
41 434
41 436
41 172099
42 71
42 76
42 190
42 191
42 172100
seqId 171
1 10
1 27969
1 47790
1 47792
1 172101
2 5
2 20
2 99
2 131
2 132
2 133
2 166
2 172102
3 3
3 5
3 20
3 384
3 386
3 172103
4 51
4 72
4 195
4 52466
4 55726
4 172105
4 172106
5 76
5 342
5 343
5 345
5 172107
6 244
6 19444
6 19445
6 19447
6 172108
7 10
7 109
7 110
7 112
7 172109
8 51
8 195
8 1851
8 1853
8 172110
9 76
9 342
9 343
9 345
9 172111
10 5
10 27
10 99
10 131
10 132
10 133
10 135
10 172112
11 2
11 3
11 4
11 5
11 181
11 123945
12 27
12 82
12 84
12 114
12 115
12 116
12 118
12 172113
13 5
13 84
13 91
13 93
13 121
13 703
13 707
13 956
13 172114
14 4
14 5
14 90
14 122
14 708
14 769
14 4190
14 53926
14 172115
15 10
15 828
15 829
15 831
15 172116
16 5
16 27
16 99
16 131
16 132
16 133
16 135
16 172117
17 3
17 4
17 5
17 14523
17 14525
17 172118
18 9
18 10
18 11
18 13
18 172119
19 20
19 195
19 202
19 795
19 2446
19 172120
20 3
20 20
20 195
20 2034
20 3403
20 172121
21 76
21 342
21 343
21 345
21 172122
22 3
22 20
22 72
22 195
22 340
22 1227
22 1229
22 1230
22 1231
22 172123
23 9
23 10
23 11
23 13
23 172124
24 5
24 27
24 99
24 131
24 132
24 133
24 135
24 172125
25 3
25 4
25 5
25 597
25 599
25 172126
26 67
26 601
26 603
26 1197
26 172127
27 51
27 195
27 2686
27 15391
27 172128
28 660
28 661
28 910
28 1234
28 172129
29 90
29 121
29 122
29 1236
29 3852
29 172130
30 660
30 661
30 1240
30 1242
30 172131
31 99
31 133
31 175
31 176
31 195
31 234
31 172132
32 3
32 4
32 195
32 52141
32 87960
32 172133
33 51
33 72
33 195
33 10864
33 38317
33 135341
33 147935
34 158
34 159
34 160
34 162
34 172134
35 9
35 10
35 11
35 13
35 163
36 5
36 20
36 99
36 131
36 132
36 133
36 165
36 166
37 5
37 20
37 36
37 67
37 11361
37 11363
37 172135
38 76
38 342
38 343
38 345
38 60612
39 244
39 1249
39 1250
39 1252
39 172136
40 20
40 90
40 122
40 195
40 340
40 708
40 713
40 923
40 925
40 172137
41 10
41 283
41 284
41 286
41 172138
42 99
42 133
42 175
42 176
42 195
42 234
42 172139
43 3
43 4
43 15
43 195
43 4121
43 172140
44 4
44 195
44 202
44 693
44 39275
44 172141
45 4
45 90
45 122
45 195
45 708
45 713
45 3686
45 5120
45 172142
46 10
46 3221
46 53306
46 53308
46 172143
47 4
47 5
47 99
47 133
47 175
47 176
47 178
47 172144
48 3
48 4
48 5
48 11107
48 11109
48 172145
49 4
49 5
49 202
49 5335
49 5337
49 172146
50 71
50 76
50 190
50 191
50 172147
seqId 172
1 4
1 5
1 82
1 83
1 84
1 115
1 763
1 4750
1 172148
2 5
2 84
2 91
2 93
2 121
2 702
2 703
2 705
2 60631
3 5
3 20
3 122
3 703
3 707
3 708
3 710
3 172149
4 4
4 5
4 90
4 122
4 708
4 713
4 31757
4 31759
4 172150
5 10
5 109
5 110
5 112
5 172151
6 51
6 195
6 1851
6 1853
6 172152
7 10
7 378
7 379
7 381
7 172153
8 5
8 20
8 99
8 131
8 132
8 133
8 166
8 172154
9 3
9 5
9 20
9 24371
9 24372
9 46130
9 46132
9 172155
10 76
10 413
10 414
10 416
10 172156
11 5
11 20
11 90
11 122
11 708
11 769
11 981
11 983
11 172157
12 5
12 20
12 202
12 761
12 4399
12 8684
12 24369
12 24371
12 24372
12 172158
13 76
13 433
13 434
13 436
13 172159
14 51
14 72
14 195
14 4164
14 93475
14 172161
14 172162
15 71
15 76
15 190
15 191
15 172163
seqId 173
1 4
1 5
1 99
1 115
1 773
1 774
1 775
1 776
1 72995
1 172164
2 3
2 4
2 5
2 3154
2 17710
2 172165
3 5
3 84
3 91
3 93
3 121
3 703
3 707
3 956
3 172166
4 9
4 10
4 11
4 13
4 172167
5 90
5 443
5 8415
5 28349
5 172168
6 717
6 718
6 719
6 721
6 172169
7 10
7 146
7 147
7 149
7 722
8 5
8 20
8 99
8 131
8 132
8 133
8 165
8 166
9 3
9 5
9 20
9 16848
9 16850
9 172170
10 9
10 10
10 11
10 13
10 172171
11 4
11 5
11 99
11 131
11 132
11 133
11 152
11 172172
12 3
12 4
12 5
12 4094
12 12255
12 172173
13 4
13 5
13 202
13 693
13 33899
13 172174
14 76
14 342
14 343
14 345
14 172175
15 10
15 283
15 284
15 286
15 172176
16 4
16 5
16 99
16 133
16 175
16 176
16 178
16 172177
17 3
17 4
17 5
17 4107
17 4109
17 172178
18 4
18 5
18 202
18 54437
18 112033
18 149382
18 172180
18 172181
19 76
19 413
19 414
19 416
19 172182
20 9
20 10
20 11
20 13
20 172183
21 5
21 27
21 99
21 131
21 132
21 133
21 135
21 172184
22 5
22 67
22 172186
22 172187
22 172188
23 10
23 146
23 147
23 149
23 172189
24 4
24 5
24 99
24 131
24 132
24 133
24 152
24 172190
25 3
25 4
25 5
25 1913
25 1915
25 172191
26 4
26 5
26 202
26 21185
26 78431
26 172192
27 76
27 433
27 434
27 436
27 172193
28 76
28 342
28 343
28 345
28 172194
29 243
29 244
29 245
29 247
29 172195
30 10
30 828
30 829
30 831
30 172196
31 99
31 133
31 175
31 176
31 195
31 234
31 172197
32 3
32 4
32 15
32 195
32 4121
32 172198
33 4
33 195
33 202
33 340
33 105379
33 105381
33 172199
34 90
34 121
34 122
34 4379
34 4381
34 172200
35 10
35 126
35 127
35 129
35 172201
36 99
36 133
36 175
36 176
36 195
36 234
36 172202
37 3
37 4
37 195
37 128926
37 172204
37 172205
38 4
38 195
38 202
38 8705
38 37392
38 172206
39 4
39 195
39 202
39 1951
39 1953
39 172207
40 75
40 76
40 77
40 79
40 172208
41 67
41 3042
41 3043
41 3045
41 172209
42 76
42 342
42 343
42 345
42 172210
43 67
43 5959
43 5960
43 5962
43 172211
44 76
44 342
44 343
44 345
44 172212
45 3
45 5
45 20
45 5018
45 5020
45 172213
46 5
46 20
46 202
46 35537
46 35539
46 172214
47 244
47 1249
47 1250
47 1252
47 172215
48 660
48 1622
48 1623
48 1625
48 172216
49 67
49 72
49 172218
49 172219
49 172220
49 172221
49 172222
50 71
50 76
50 190
50 191
50 172223
seqId 174
1 4
1 5
1 98
1 99
1 100
1 4105
1 172224
2 2
2 3
2 4
2 5
2 181
2 124066
3 5
3 84
3 90
3 91
3 93
3 121
3 1488
3 17865
3 172225
4 76
4 342
4 343
4 345
4 172226
5 10
5 4185
5 4186
5 4188
5 172227
6 4
6 5
6 99
6 133
6 175
6 176
6 178
6 172228
7 3
7 4
7 5
7 5469
7 5471
7 172229
8 230
8 231
8 232
8 234
8 172230
9 9
9 10
9 11
9 13
9 163
10 99
10 131
10 132
10 133
10 195
10 236
10 237
11 3
11 20
11 72
11 195
11 340
11 1227
11 1229
11 1230
11 1231
11 172231
12 158
12 159
12 160
12 162
12 172232
13 9
13 10
13 11
13 13
13 163
14 5
14 20
14 99
14 131
14 132
14 133
14 165
14 166
15 3
15 5
15 20
15 56527
15 56529
15 172233
16 9
16 10
16 24
16 26
16 27
16 172234
17 3
17 4
17 5
17 14686
17 14688
17 172235
18 76
18 413
18 414
18 416
18 172236
19 51
19 195
19 14418
19 14420
19 172237
20 3
20 20
20 72
20 195
20 340
20 1227
20 1229
20 1230
20 1231
20 172238
21 82
21 759
21 2852
21 2854
21 172239
22 51
22 195
22 2151
22 2153
22 172240
23 67
23 195
23 47536
23 47539
23 172241
24 243
24 244
24 245
24 247
24 172242
25 51
25 195
25 7557
25 14489
25 14491
26 67
26 195
26 9490
26 47543
26 47546
26 172243
27 76
27 433
27 434
27 436
27 60733
28 76
28 342
28 343
28 345
28 60734
29 5
29 20
29 99
29 133
29 175
29 176
29 1316
29 172244
30 3
30 5
30 20
30 13609
30 13611
30 172245
31 9
31 10
31 24
31 26
31 27
31 172246
32 3
32 20
32 72
32 195
32 340
32 1227
32 1229
32 1230
32 1231
32 172247
33 20
33 195
33 202
33 7185
33 18153
33 172248
34 158
34 159
34 160
34 162
34 172249
35 9
35 10
35 11
35 13
35 163
36 5
36 20
36 99
36 131
36 132
36 133
36 165
36 166
37 3
37 5
37 20
37 56527
37 56529
37 172250
38 9
38 10
38 24
38 26
38 27
38 172251
39 3
39 5
39 20
39 14350
39 14352
39 172252
40 660
40 976
40 979
40 1458
40 172253
41 944
41 945
41 946
41 948
41 172254
42 51
42 195
42 1501
42 1503
42 172255
43 3
43 20
43 72
43 195
43 340
43 1227
43 1229
43 1230
43 1231
43 172256
44 158
44 159
44 160
44 162
44 172257
45 9
45 10
45 11
45 13
45 163
46 5
46 20
46 99
46 131
46 132
46 133
46 165
46 166
47 3
47 5
47 20
47 56527
47 56529
47 172258
48 9
48 10
48 11
48 13
48 172259
49 3
49 4
49 195
49 172261
49 172262
49 172263
50 76
50 342
50 343
50 345
50 172264
51 3
51 20
51 195
51 2221
51 3410
51 172265
52 9
52 10
52 24
52 26
52 27
52 172266
53 3
53 4
53 5
53 14686
53 14688
53 172267
54 230
54 231
54 232
54 234
54 172268
55 9
55 10
55 11
55 13
55 163
56 99
56 131
56 132
56 133
56 195
56 236
56 237
57 3
57 4
57 195
57 313
57 6526
57 172269
58 76
58 342
58 343
58 345
58 172270
59 5
59 20
59 99
59 133
59 175
59 176
59 1316
59 172271
60 3
60 5
60 20
60 47536
60 47539
60 172272
61 9
61 10
61 24
61 26
61 27
61 124123
62 3
62 4
62 5
62 30801
62 30803
62 172273
63 71
63 76
63 190
63 191
63 172274
seqId 175
1 5
1 27
1 99
1 131
1 132
1 133
1 699
1 172275
2 2
2 3
2 4
2 5
2 181
2 172276
3 5
3 84
3 90
3 91
3 93
3 914
3 22882
3 128511
3 172277
4 10
4 109
4 110
4 112
4 172278
5 51
5 195
5 1095
5 1097
5 172279
6 51
6 195
6 46307
6 46309
6 60775
7 3
7 20
7 195
7 2034
7 3403
7 172280
8 20
8 195
8 202
8 24418
8 24420
8 172281
9 10
9 109
9 110
9 112
9 172282
10 3
10 4
10 5
10 897
10 899
10 172283
11 243
11 244
11 245
11 247
11 172284
12 51
12 195
12 1501
12 1503
12 172285
13 3
13 20
13 195
13 340
13 2042
13 2044
13 172286
14 71
14 76
14 190
14 191
14 172287
seqId 176
1 4
1 5
1 82
1 83
1 84
1 115
1 763
1 4750
1 172288
2 82
2 83
2 84
2 109
2 112
2 115
2 132927
3 5
3 84
3 90
3 91
3 93
3 121
3 10697
3 22882
3 172289
4 51
4 195
4 1860
4 1862
4 172290
5 10
5 109
5 110
5 112
5 172291
6 3
6 5
6 20
6 1875
6 1877
6 172292
7 51
7 195
7 1879
7 1881
7 172293
8 71
8 76
8 190
8 191
8 172294
seqId 177
1 4
1 5
1 98
1 99
1 100
1 4105
1 172295
2 3
2 4
2 5
2 172297
2 172298
2 172299
3 27
3 82
3 84
3 114
3 115
3 116
3 118
3 172300
4 5
4 84
4 90
4 91
4 93
4 121
4 4651
4 4753
4 172301
5 10
5 828
5 829
5 831
5 172302
6 85
6 99
6 195
6 13851
6 13853
6 172303
7 3
7 20
7 195
7 340
7 1942
7 1944
7 172304
8 659
8 660
8 661
8 2274
8 172305
9 20
9 90
9 122
9 195
9 708
9 713
9 46370
9 92452
9 172306
10 244
10 1249
10 1250
10 1252
10 172307
11 660
11 1566
11 1567
11 1569
11 172308
12 10
12 828
12 829
12 831
12 172309
13 5
13 27
13 99
13 131
13 132
13 133
13 135
13 172310
14 3
14 4
14 5
14 1784
14 10502
14 172311
15 158
15 159
15 160
15 162
15 172312
16 9
16 10
16 11
16 13
16 163
17 5
17 20
17 99
17 131
17 132
17 133
17 165
17 166
18 3
18 5
18 20
18 3533
18 3535
18 172313
19 9
19 10
19 11
19 13
19 172314
20 5
20 27
20 99
20 131
20 132
20 133
20 135
20 172315
21 2
21 3
21 4
21 5
21 181
21 172316
22 71
22 76
22 190
22 191
22 172317
seqId 178
1 3
1 4
1 195
1 340
1 1957
1 172319
1 172320
2 243
2 244
2 245
2 247
2 172321
3 3
3 4
3 195
3 2049
3 2051
3 172322
4 84
4 91
4 93
4 121
4 195
4 702
4 703
4 1062
4 172323
5 660
5 53318
5 53319
5 53321
5 172324
6 5
6 20
6 90
6 122
6 708
6 769
6 29837
6 172326
6 172327
7 4
7 5
7 99
7 133
7 175
7 176
7 178
7 172328
8 3
8 4
8 5
8 34872
8 34874
8 172329
9 158
9 159
9 160
9 162
9 172330
10 9
10 10
10 11
10 13
10 163
11 5
11 20
11 99
11 131
11 132
11 133
11 165
11 166
12 3
12 5
12 20
12 1832
12 1834
12 172331
13 9
13 10
13 11
13 13
13 38595
14 3
14 20
14 195
14 2217
14 8955
14 172332
15 20
15 195
15 202
15 28129
15 46410
15 112669
15 131888
15 172333
16 76
16 413
16 414
16 416
16 172334
17 3
17 20
17 195
17 2034
17 3403
17 172335
18 9
18 10
18 11
18 13
18 172336
19 4
19 5
19 99
19 131
19 132
19 133
19 152
19 172337
20 4
20 5
20 202
20 45802
20 139089
20 172339
20 172340
21 3
21 4
21 5
21 52141
21 52143
21 172341
22 158
22 159
22 160
22 162
22 172342
23 9
23 10
23 11
23 13
23 163
24 5
24 20
24 99
24 131
24 132
24 133
24 165
24 166
25 5
25 20
25 36
25 67
25 11361
25 11363
25 172343
26 243
26 244
26 245
26 247
26 50995
27 158
27 159
27 160
27 162
27 172344
28 9
28 10
28 11
28 13
28 163
29 5
29 20
29 99
29 131
29 132
29 133
29 165
29 166
30 3
30 5
30 20
30 56527
30 56529
30 172345
31 9
31 10
31 24
31 26
31 27
31 172346
32 3
32 5
32 20
32 14350
32 14352
32 172347
33 76
33 433
33 434
33 436
33 172348
34 76
34 342
34 343
34 345
34 96132
35 5
35 20
35 99
35 131
35 132
35 133
35 166
35 172349
36 3
36 5
36 20
36 56527
36 56529
36 172350
37 9
37 10
37 24
37 26
37 27
37 172351
38 3
38 5
38 20
38 14350
38 14352
38 172352
39 76
39 342
39 343
39 345
39 172353
40 90
40 121
40 122
40 172355
40 172356
40 172357
41 10
41 378
41 379
41 381
41 51008
42 99
42 133
42 175
42 176
42 195
42 234
42 172358
43 3
43 4
43 195
43 1542
43 24622
43 172359
44 9
44 10
44 24
44 26
44 27
44 172360
45 3
45 4
45 5
45 2608
45 4490
45 172361
46 4
46 5
46 202
46 646
46 25589
46 172362
47 944
47 945
47 946
47 948
47 172363
48 20
48 195
48 202
48 1377
48 5238
48 172364
49 99
49 131
49 132
49 133
49 195
49 237
49 172365
50 3
50 20
50 195
50 795
50 2446
50 172366
51 20
51 90
51 122
51 195
51 340
51 708
51 713
51 12430
51 12432
51 172367
52 10
52 109
52 110
52 112
52 172368
53 5
53 99
53 115
53 773
53 774
53 775
53 776
53 778
53 172369
54 3
54 5
54 20
54 1325
54 1327
54 172370
55 84
55 93
55 121
55 195
55 703
55 707
55 4415
55 25065
55 172371
56 3
56 20
56 195
56 2034
56 3403
56 172372
57 9
57 10
57 11
57 13
57 172373
58 5
58 27
58 99
58 131
58 132
58 133
58 135
58 172374
59 5
59 67
59 55291
59 55294
59 172375
60 51
60 195
60 14053
60 23537
60 141720
60 172376
61 5
61 20
61 90
61 122
61 708
61 713
61 33141
61 104336
61 172378
61 172379
62 71
62 76
62 190
62 191
62 172380
seqId 179
1 4
1 5
1 99
1 131
1 132
1 133
1 811
1 133018
2 3
2 4
2 5
2 504
2 14984
2 172381
3 9
3 10
3 11
3 13
3 172382
4 51
4 195
4 1501
4 1503
4 172383
5 3
5 20
5 195
5 6030
5 6032
5 172384
6 4
6 90
6 122
6 195
6 708
6 713
6 3595
6 30277
6 172385
7 10
7 828
7 829
7 831
7 172386
8 67
8 601
8 603
8 1197
8 172387
9 51
9 195
9 2686
9 15391
9 172388
10 76
10 342
10 343
10 345
10 172389
11 4
11 90
11 122
11 195
11 340
11 708
11 713
11 24220
11 65487
11 172390
12 9
12 10
12 24
12 26
12 27
12 172391
13 4
13 5
13 99
13 133
13 175
13 176
13 178
13 172392
14 4
14 5
14 202
14 7021
14 7023
14 172393
15 3
15 4
15 5
15 27389
15 27391
15 172394
16 76
16 342
16 343
16 345
16 172395
17 5
17 84
17 91
17 93
17 121
17 702
17 703
17 705
17 172396
18 5
18 20
18 90
18 122
18 708
18 769
18 29837
18 172327
18 172397
19 85
19 99
19 195
19 638
19 640
19 172398
20 3
20 20
20 195
20 340
20 1942
20 1944
20 172399
21 71
21 76
21 190
21 191
21 172400
seqId 180
1 4
1 5
1 99
1 131
1 132
1 133
1 811
1 172401
2 3
2 4
2 5
2 504
2 14984
2 172402
3 9
3 10
3 11
3 13
3 172403
4 5
4 27
4 99
4 131
4 132
4 133
4 135
4 172404
5 5
5 67
5 6030
5 6032
5 172405
6 67
6 57331
6 57332
6 57334
6 57335
6 172406
7 76
7 413
7 414
7 416
7 172407
8 3
8 5
8 20
8 4434
8 55490
8 172408
9 9
9 10
9 24
9 26
9 27
9 172409
10 3
10 4
10 195
10 340
10 1395
10 80744
10 172410
11 9
11 10
11 11
11 13
11 172411
12 3
12 5
12 20
12 5945
12 36594
12 172412
13 243
13 244
13 245
13 247
13 172413
14 9
14 10
14 11
14 13
14 172414
15 3
15 4
15 5
15 149612
15 172416
15 172417
15 172418
16 76
16 433
16 434
16 436
16 60907
17 5
17 84
17 91
17 93
17 121
17 702
17 703
17 705
17 172419
18 5
18 20
18 90
18 122
18 708
18 769
18 29837
18 172327
18 172420
19 10
19 3889
19 3891
19 9630
19 172421
20 51
20 195
20 4162
20 4164
20 172422
21 5
21 20
21 99
21 131
21 132
21 133
21 166
21 133052
22 3
22 5
22 20
22 1942
22 1944
22 172423
23 9
23 10
23 11
23 13
23 172424
24 5
24 27
24 99
24 131
24 132
24 133
24 135
24 172425
25 2
25 3
25 4
25 5
25 181
25 124264
26 9
26 10
26 11
26 13
26 124265
27 51
27 195
27 1501
27 1503
27 172426
28 3
28 20
28 195
28 2217
28 8955
28 172427
29 20
29 195
29 202
29 2221
29 3410
29 172428
30 158
30 159
30 160
30 162
30 172429
31 9
31 10
31 11
31 13
31 163
32 5
32 20
32 99
32 131
32 132
32 133
32 165
32 166
33 3
33 5
33 20
33 5945
33 36594
33 172430
34 71
34 76
34 190
34 191
34 172431
seqId 181
1 4
1 5
1 99
1 131
1 132
1 133
1 811
1 172432
2 3
2 4
2 5
2 504
2 14984
2 172433
3 9
3 10
3 11
3 13
3 172434
4 5
4 27
4 99
4 131
4 132
4 133
4 135
4 172435
5 5
5 67
5 6030
5 6032
5 172436
6 67
6 3206
6 47596
6 172438
6 172439
6 172440
6 172441
7 76
7 413
7 414
7 416
7 172442
8 3
8 5
8 20
8 5498
8 5500
8 172443
9 9
9 10
9 24
9 26
9 27
9 172444
10 3
10 4
10 5
10 14686
10 49719
10 172445
11 158
11 159
11 160
11 162
11 172446
12 9
12 10
12 11
12 13
12 163
13 5
13 20
13 99
13 131
13 132
13 133
13 165
13 166
14 3
14 5
14 20
14 2601
14 172448
14 172449
15 5
15 20
15 202
15 1666
15 91911
15 172451
16 76
16 433
16 434
16 436
16 172452
17 5
17 84
17 91
17 93
17 121
17 702
17 703
17 705
17 96244
18 5
18 20
18 90
18 122
18 708
18 769
18 29837
18 172327
18 172453
19 5
19 20
19 99
19 131
19 132
19 133
19 166
19 172454
20 3
20 5
20 20
20 1942
20 1944
20 172455
21 9
21 10
21 11
21 13
21 172456
22 5
22 27
22 99
22 131
22 132
22 133
22 135
22 172457
23 2
23 3
23 4
23 5
23 181
23 172458
24 76
24 342
24 343
24 345
24 172459
25 10
25 109
25 110
25 112
25 172460
26 3
26 5
26 20
26 389
26 391
26 172461
27 9
27 10
27 11
27 13
27 172462
28 3
28 5
28 20
28 384
28 386
28 172463
29 76
29 413
29 414
29 416
29 172464
30 10
30 109
30 110
30 112
30 7835
31 3
31 5
31 20
31 1132
31 1134
31 172465
32 51
32 195
32 4167
32 4169
32 172466
33 76
33 433
33 434
33 436
33 172467
34 76
34 342
34 343
34 345
34 172468
35 9
35 10
35 11
35 13
35 172469
36 67
36 72
36 836
36 56935
36 56936
36 56938
36 172470
37 67
37 72
37 857
37 56856
37 172472
37 172473
37 172474
37 172475
37 172476
38 243
38 244
38 245
38 247
38 7850
39 5
39 27
39 99
39 131
39 132
39 133
39 135
39 172477
40 3
40 4
40 5
40 24804
40 24806
40 172478
41 10
41 146
41 147
41 149
41 172479
42 5
42 27
42 99
42 131
42 132
42 133
42 135
42 172480
43 5
43 67
43 3206
43 47596
43 172438
43 172441
43 172481
44 9
44 10
44 11
44 13
44 96266
45 4
45 5
45 99
45 131
45 132
45 133
45 152
45 172482
46 3
46 4
46 5
46 2217
46 2219
46 172483
47 4
47 5
47 90
47 122
47 708
47 713
47 1104
47 12430
47 12432
47 172484
48 10
48 109
48 110
48 112
48 172485
49 51
49 195
49 4167
49 4169
49 172486
50 10
50 109
50 110
50 112
50 96275
51 3
51 5
51 20
51 65312
51 65314
51 172487
52 9
52 10
52 11
52 13
52 172488
53 67
53 56907
53 56908
53 56910
53 172489
54 67
54 10986
54 16138
54 16909
54 61056
54 133831
54 172491
54 172492
54 172493
55 76
55 413
55 414
55 416
55 172494
56 82
56 758
56 759
56 761
56 172495
57 5
57 84
57 90
57 91
57 93
57 121
57 1495
57 28166
57 172496
58 660
58 2547
58 2548
58 4275
58 172497
59 10
59 146
59 147
59 149
59 172498
60 4
60 5
60 82
60 84
60 115
60 763
60 1262
60 1264
60 172499
61 3
61 5
61 20
61 2034
61 2036
61 172500
62 9
62 10
62 11
62 13
62 172501
63 5
63 27
63 99
63 131
63 132
63 133
63 135
63 172502
64 2
64 3
64 4
64 5
64 7
64 172503
65 10
65 109
65 112
65 2548
65 172504
66 660
66 1796
66 1797
66 1799
66 172505
67 27
67 944
67 945
67 1463
67 3308
67 172506
68 3
68 5
68 20
68 2042
68 2044
68 172507
69 76
69 433
69 434
69 436
69 172508
70 71
70 76
70 190
70 191
70 172509
seqId 182
1 10
1 109
1 878
1 1539
1 172510
2 660
2 4185
2 4186
2 4188
2 172511
3 76
3 342
3 343
3 345
3 172512
4 5
4 20
4 99
4 133
4 175
4 176
4 1316
4 172513
5 3
5 5
5 20
5 1126
5 1128
5 172514
6 9
6 10
6 11
6 13
6 172515
7 3
7 5
7 20
7 1965
7 2062
7 172516
8 9
8 10
8 11
8 13
8 172517
9 3
9 4
9 195
9 1970
9 1972
9 172518
10 5
10 20
10 90
10 122
10 708
10 713
10 3067
10 3069
10 172519
11 10
11 146
11 147
11 149
11 124341
12 5
12 27
12 99
12 131
12 132
12 133
12 135
12 172520
13 5
13 67
13 55291
13 55294
13 172521
14 51
14 195
14 14053
14 171406
14 171408
14 172522
15 76
15 342
15 343
15 345
15 172523
16 10
16 2518
16 2519
16 2521
16 172524
17 443
17 702
17 703
17 10559
17 172525
18 5
18 20
18 122
18 703
18 707
18 708
18 710
18 172526
19 76
19 137
19 138
19 140
19 172527
20 5
20 20
20 90
20 122
20 708
20 713
20 18530
20 84826
20 130645
20 172529
21 76
21 185
21 186
21 188
21 172530
22 10
22 828
22 829
22 831
22 172531
23 99
23 131
23 132
23 133
23 195
23 237
23 51194
24 3
24 4
24 195
24 6950
24 6952
24 172532
25 76
25 342
25 343
25 345
25 172533
26 5
26 84
26 91
26 93
26 121
26 702
26 703
26 705
26 172534
27 5
27 20
27 122
27 703
27 707
27 708
27 710
27 172535
28 660
28 40549
28 40550
28 40552
28 172536
29 5
29 20
29 90
29 122
29 708
29 713
29 3067
29 3069
29 172537
30 10
30 146
30 147
30 149
30 172538
31 5
31 27
31 99
31 131
31 132
31 133
31 135
31 172539
32 5
32 67
32 3206
32 47596
32 172438
32 172441
32 172540
33 9
33 10
33 11
33 13
33 133161
34 3
34 4
34 5
34 34668
34 36123
34 172541
35 10
35 146
35 147
35 149
35 61015
36 90
36 443
36 2081
36 29574
36 172542
37 443
37 703
37 707
37 2086
37 172543
38 20
38 90
38 122
38 708
38 713
38 1345
38 1347
38 172544
39 717
39 718
39 719
39 721
39 172545
40 10
40 146
40 147
40 149
40 722
41 5
41 20
41 99
41 131
41 132
41 133
41 165
41 166
42 3
42 5
42 20
42 12619
42 12621
42 96322
43 10
43 109
43 110
43 112
43 172546
44 51
44 195
44 4167
44 4169
44 172547
45 71
45 76
45 190
45 191
45 172548
seqId 183
1 5
1 20
1 99
1 131
1 132
1 133
1 967
1 172549
2 3
2 5
2 20
2 429
2 431
2 172550
3 5
3 20
3 90
3 122
3 708
3 713
3 14715
3 33742
3 172552
4 10
4 109
4 110
4 112
4 172553
5 51
5 72
5 195
5 1097
5 108244
5 140567
5 172554
6 5
6 84
6 91
6 93
6 703
6 707
6 914
6 916
6 172555
7 5
7 20
7 90
7 122
7 708
7 713
7 2832
7 5688
7 172556
8 9
8 10
8 11
8 13
8 172557
9 4
9 5
9 99
9 131
9 132
9 133
9 152
9 172558
10 3
10 4
10 5
10 34668
10 36123
10 172559
11 4
11 5
11 202
11 27270
11 64023
11 172560
12 75
12 76
12 77
12 79
12 172561
seqId 184
1 71
1 509
1 3204
1 3206
1 24193
1 172562
2 3
2 4
2 5
2 14686
2 49719
2 172563
3 158
3 159
3 160
3 162
3 7952
4 9
4 10
4 11
4 13
4 163
5 5
5 20
5 99
5 131
5 132
5 133
5 165
5 166
6 3
6 5
6 20
6 3199
6 5132
6 7953
7 243
7 244
7 245
7 247
7 172564
8 99
8 133
8 175
8 176
8 195
8 234
8 172565
9 3
9 20
9 195
9 2081
9 36474
9 172566
seqId 185
1 10
1 146
1 1024
1 1026
1 172567
2 71
2 76
2 190
2 191
2 172568
3 3
3 20
3 195
3 340
3 33358
3 33360
3 172569
4 230
4 231
4 232
4 234
4 172570
5 9
5 10
5 11
5 13
5 163
6 99
6 131
6 132
6 133
6 195
6 236
6 237
7 3
7 20
7 195
7 2081
7 36474
7 172571
8 76
8 342
8 343
8 345
8 172572
9 3
9 20
9 195
9 340
9 148341
9 148343
9 172574
10 230
10 231
10 232
10 234
10 172575
11 9
11 10
11 11
11 13
11 163
12 99
12 131
12 132
12 133
12 195
12 236
12 237
13 3
13 20
13 195
13 2081
13 36474
13 172576
seqId 186
1 71
1 407
1 509
1 18660
1 18661
1 172577
2 3
2 20
2 195
2 340
2 494
2 48646
2 172579
2 172580
3 243
3 244
3 245
3 247
3 172581
4 3
4 4
4 195
4 10184
4 10186
4 124400
5 158
5 159
5 160
5 162
5 172582
6 9
6 10
6 11
6 13
6 163
7 5
7 20
7 99
7 131
7 132
7 133
7 165
7 166
8 3
8 5
8 20
8 3199
8 5132
8 172583
seqId 187
1 36
1 71
1 509
1 5178
1 18488
1 172584
2 5
2 20
2 99
2 131
2 132
2 133
2 967
2 172585
3 5
3 20
3 67
3 36594
3 172586
3 172587
4 10
4 109
4 110
4 112
4 172588
5 3
5 4
5 5
5 14686
5 49719
5 172589
seqId 188
1 51
1 195
1 4790
1 4792
1 172590
2 71
2 76
2 190
2 191
2 172591
seqId 189
1 3
1 20
1 195
1 340
1 12336
1 55581
1 172592
2 243
2 244
2 245
2 247
2 172593
3 3
3 4
3 195
3 7178
3 7180
3 172594
seqId 190
1 71
1 509
1 1026
1 18413
1 18414
1 172595
2 3
2 4
2 5
2 14686
2 49719
2 172596
3 230
3 231
3 232
3 234
3 38886
4 9
4 10
4 11
4 13
4 163
5 99
5 131
5 132
5 133
5 195
5 236
5 237
6 3
6 4
6 195
6 313
6 6526
6 51274
7 243
7 244
7 245
7 247
7 8007
8 230
8 231
8 232
8 234
8 172597
9 9
9 10
9 11
9 13
9 163
10 99
10 131
10 132
10 133
10 195
10 236
10 237
11 3
11 4
11 195
11 18773
11 20364
11 172598
seqId 191
1 71
1 407
1 509
1 18660
1 18661
1 172599
2 3
2 4
2 5
2 14686
2 49719
2 172600
3 4
3 5
3 202
3 16827
3 16829
3 172601
seqId 192
1 36
1 71
1 509
1 18488
1 18489
1 172602
2 3
2 4
2 5
2 22751
2 50290
2 142250
2 172603
3 230
3 231
3 232
3 234
3 172604
4 9
4 10
4 11
4 13
4 163
5 99
5 131
5 132
5 133
5 195
5 236
5 237
6 3
6 4
6 195
6 3419
6 3421
6 172605
7 243
7 244
7 245
7 247
7 172606
8 230
8 231
8 232
8 234
8 172607
9 9
9 10
9 11
9 13
9 163
10 99
10 131
10 132
10 133
10 195
10 236
10 237
11 3
11 4
11 195
11 8050
11 33365
11 172608
seqId 193
1 51
1 195
1 26052
1 26054
1 172609
2 71
2 76
2 190
2 191
2 172610
seqId 194
1 5
1 20
1 99
1 133
1 175
1 176
1 9647
1 172611
2 3
2 5
2 20
2 2320
2 2322
2 172612
3 5
3 20
3 202
3 4736
3 33765
3 172613
4 243
4 244
4 245
4 247
4 172614
5 5
5 20
5 202
5 15231
5 54358
5 108916
5 172615
6 75
6 76
6 77
6 79
6 172616
7 99
7 131
7 132
7 133
7 195
7 237
7 172617
8 3
8 20
8 195
8 37928
8 60441
8 172618
9 20
9 195
9 202
9 3199
9 4859
9 172619
10 158
10 159
10 160
10 162
10 172620
11 9
11 10
11 11
11 13
11 163
12 5
12 20
12 99
12 131
12 132
12 133
12 165
12 166
13 3
13 5
13 20
13 32317
13 32319
13 172621
seqId 195
1 5
1 20
1 98
1 99
1 100
1 8099
1 172622
2 5
2 20
2 202
2 15304
2 15306
2 172623
3 3
3 5
3 20
3 2320
3 2322
3 172624
4 5
4 84
4 90
4 91
4 93
4 914
4 4067
4 14730
4 43101
4 172626
5 660
5 1566
5 1567
5 1569
5 172627
6 10
6 146
6 147
6 149
6 172628
7 90
7 443
7 1488
7 38934
7 57815
8 99
8 131
8 132
8 133
8 195
8 237
8 172629
9 3
9 4
9 195
9 6862
9 14459
9 172630
10 4
10 195
10 202
10 3386
10 3523
10 172631
11 230
11 231
11 232
11 234
11 172632
12 9
12 10
12 11
12 13
12 163
13 99
13 131
13 132
13 133
13 195
13 236
13 237
14 3
14 20
14 195
14 1806
14 1808
14 1809
14 1810
14 172633
15 244
15 418
15 419
15 421
15 172634
16 20
16 85
16 99
16 195
16 1951
16 18077
16 172635
17 20
17 195
17 202
17 2294
17 3837
17 172636
18 3
18 20
18 195
18 429
18 4265
18 172637
19 20
19 195
19 202
19 3386
19 3388
19 172638
20 20
20 195
20 202
20 1777
20 33142
20 33765
20 54437
20 172639
21 71
21 76
21 190
21 191
21 172640
seqId 196
1 10
1 3889
1 87031
1 87033
1 172641
2 5
2 20
2 99
2 131
2 132
2 133
2 166
2 172642
3 3
3 5
3 20
3 724
3 726
3 172643
4 9
4 10
4 11
4 13
4 172644
5 5
5 27
5 99
5 131
5 132
5 133
5 135
5 8085
6 3
6 4
6 5
6 729
6 4454
6 172645
7 51
7 195
7 4162
7 4164
7 172646
8 4
8 5
8 99
8 131
8 132
8 133
8 152
8 172647
9 3
9 4
9 5
9 504
9 14984
9 172648
10 9
10 10
10 11
10 13
10 172649
11 5
11 27
11 99
11 131
11 132
11 133
11 135
11 172650
12 5
12 67
12 6030
12 6032
12 172651
13 67
13 57331
13 57332
13 57334
13 57335
13 172652
14 5
14 84
14 91
14 93
14 121
14 702
14 703
14 705
14 172653
15 5
15 20
15 90
15 122
15 708
15 769
15 172655
15 172656
15 172657
16 9
16 10
16 11
16 13
16 38973
17 4
17 5
17 99
17 115
17 773
17 774
17 775
17 776
17 3330
17 38974
18 3
18 4
18 5
18 172659
18 172660
18 172661
19 243
19 244
19 245
19 247
19 172662
20 9
20 10
20 11
20 13
20 172663
21 99
21 115
21 195
21 773
21 774
21 775
21 776
21 3400
21 172664
22 3
22 20
22 195
22 1548
22 1715
22 172665
23 5
23 20
23 99
23 131
23 132
23 133
23 166
23 172666
24 3
24 5
24 20
24 72
24 279
24 172668
24 172669
24 172670
25 76
25 137
25 138
25 140
25 172671
26 5
26 20
26 99
26 131
26 132
26 133
26 166
26 172672
27 3
27 5
27 20
27 5945
27 5947
27 172673
28 10
28 109
28 110
28 112
28 172674
29 3
29 4
29 5
29 14686
29 14688
29 172675
30 76
30 185
30 186
30 188
30 172676
31 71
31 76
31 190
31 191
31 172677
seqId 197
1 5
1 20
1 99
1 131
1 132
1 133
1 967
1 172678
2 3
2 5
2 20
2 1942
2 1944
2 172679
3 10
3 4919
3 4920
3 4922
3 172680
4 26
4 27
4 99
4 133
4 175
4 176
4 195
4 172681
5 4
5 195
5 202
5 2294
5 3837
5 172682
6 3
6 4
6 195
6 347
6 349
6 172683
7 9
7 10
7 11
7 13
7 172684
8 85
8 99
8 195
8 638
8 640
8 172685
9 3
9 20
9 195
9 2034
9 3403
9 172686
10 20
10 195
10 202
10 8973
10 47719
10 172687
11 717
11 718
11 719
11 721
11 51380
12 10
12 146
12 147
12 149
12 722
13 5
13 20
13 99
13 131
13 132
13 133
13 165
13 166
14 3
14 5
14 20
14 1325
14 1327
14 133320
15 9
15 10
15 11
15 13
15 172688
16 5
16 27
16 99
16 131
16 132
16 133
16 135
16 172689
17 3
17 5
17 20
17 2320
17 2322
17 172690
18 76
18 137
18 138
18 140
18 172691
19 3
19 4
19 5
19 14686
19 14688
19 172692
20 4
20 5
20 202
20 16827
20 16829
20 172693
21 76
21 185
21 186
21 188
21 172694
22 5
22 84
22 90
22 91
22 93
22 914
22 51625
22 77227
22 77229
22 172696
23 660
23 1513
23 1514
23 1516
23 172697
24 5
24 20
24 98
24 99
24 100
24 102
24 172698
25 3
25 5
25 20
25 72
25 279
25 133338
25 172668
25 172670
26 76
26 413
26 414
26 416
26 172699
27 3
27 5
27 20
27 46291
27 46293
27 172700
28 9
28 10
28 24
28 26
28 27
28 172701
29 67
29 94427
29 161803
29 161804
29 172702
30 67
30 16138
30 50053
30 50345
30 50346
30 50348
30 172703
31 10
31 146
31 147
31 149
31 172704
32 5
32 27
32 99
32 131
32 132
32 133
32 135
32 8165
33 3
33 5
33 20
33 5498
33 5500
33 172705
34 5
34 20
34 202
34 6881
34 48305
34 172706
35 5
35 20
35 202
35 1403
35 172708
35 172709
36 9
36 10
36 11
36 13
36 172710
37 67
37 46066
37 46067
37 46069
37 172711
38 76
38 342
38 343
38 345
38 172712
39 3
39 4
39 5
39 24715
39 24717
39 172713
40 9
40 10
40 24
40 26
40 27
40 172714
41 64
41 67
41 71
41 53047
41 53048
41 172715
42 9
42 10
42 11
42 13
42 172716
43 67
43 172718
43 172719
43 172720
43 172721
44 10
44 146
44 147
44 149
44 51442
45 36
45 67
45 72
45 1845
45 9577
45 26497
45 56968
45 56974
45 72985
45 72986
45 172722
46 76
46 433
46 434
46 436
46 172723
47 71
47 76
47 190
47 191
47 172724
seqId 198
1 5
1 20
1 82
1 83
1 84
1 115
1 763
1 3948
1 172725
2 5
2 84
2 91
2 93
2 121
2 702
2 703
2 705
2 172726
3 660
3 19069
3 19070
3 19072
3 172727
4 5
4 20
4 90
4 122
4 708
4 769
4 12628
4 65074
4 172728
5 90
5 96
5 443
5 1587
5 7537
5 172730
5 172731
5 172732
6 5
6 99
6 115
6 773
6 776
6 2192
6 28103
6 28105
6 172733
7 3
7 5
7 20
7 429
7 431
7 172734
8 76
8 413
8 414
8 416
8 172735
9 5
9 20
9 99
9 131
9 132
9 133
9 166
9 172736
10 3
10 5
10 20
10 429
10 431
10 172737
11 5
11 20
11 90
11 122
11 708
11 713
11 2125
11 172739
11 172740
12 10
12 109
12 110
12 112
12 172741
13 3
13 5
13 20
13 2202
13 2204
13 172742
14 51
14 195
14 4162
14 4164
14 96547
15 5
15 84
15 91
15 93
15 121
15 703
15 707
15 956
15 172743
16 5
16 20
16 90
16 122
16 708
16 713
16 26940
16 65017
16 172744
17 72
17 660
17 28422
17 33655
17 33656
17 33658
17 172745
18 76
18 433
18 434
18 436
18 172746
19 71
19 76
19 190
19 191
19 172747
seqId 199
1 10
1 3889
1 8204
1 87031
1 87033
2 5
2 20
2 98
2 99
2 100
2 102
2 172748
3 3
3 5
3 20
3 34150
3 34152
3 172749
4 660
4 1513
4 1514
4 1516
4 172750
5 76
5 342
5 343
5 345
5 96558
6 5
6 20
6 82
6 83
6 84
6 115
6 763
6 1002
6 172751
7 5
7 84
7 90
7 91
7 93
7 914
7 28145
7 172753
7 172754
7 172755
7 172756
8 944
8 945
8 946
8 948
8 172757
9 4
9 5
9 99
9 131
9 132
9 133
9 152
9 172758
10 3
10 4
10 5
10 33489
10 33491
10 172759
11 9
11 10
11 11
11 13
11 39112
12 5
12 27
12 99
12 131
12 132
12 133
12 135
12 172760
13 3
13 5
13 20
13 5498
13 5500
13 172761
14 9
14 10
14 24
14 26
14 27
14 172762
15 3
15 4
15 5
15 14686
15 49719
15 172763
16 158
16 159
16 160
16 162
16 172764
17 9
17 10
17 11
17 13
17 163
18 5
18 20
18 99
18 131
18 132
18 133
18 165
18 166
19 3
19 5
19 20
19 2601
19 172449
19 172765
20 5
20 20
20 202
20 1666
20 91911
20 172766
21 10
21 109
21 110
21 112
21 172767
22 4
22 5
22 99
22 133
22 175
22 176
22 178
22 172768
23 4
23 5
23 67
23 6030
23 6032
23 172769
24 243
24 244
24 245
24 247
24 172770
25 5
25 99
25 115
25 773
25 774
25 775
25 776
25 778
25 172771
26 3
26 4
26 5
26 172773
26 172774
26 172775
27 10
27 146
27 147
27 149
27 172776
28 67
28 601
28 603
28 1197
28 172777
29 51
29 195
29 2686
29 15391
29 172778
30 5
30 84
30 90
30 91
30 93
30 914
30 3360
30 3362
30 172779
31 660
31 1513
31 1514
31 1516
31 172780
32 90
32 443
32 9069
32 9071
32 172781
33 20
33 82
33 84
33 85
33 195
33 1589
33 2970
33 172782
34 230
34 231
34 232
34 234
34 172783
35 9
35 10
35 11
35 13
35 163
36 99
36 131
36 132
36 133
36 195
36 236
36 237
37 3
37 20
37 195
37 2217
37 8955
37 172784
38 20
38 96
38 195
38 202
38 14293
38 28129
38 31427
38 41296
38 172786
38 172787
39 76
39 413
39 414
39 416
39 172788
40 9
40 10
40 13
40 1539
40 172789
41 3
41 5
41 20
41 3775
41 3777
41 172790
42 67
42 72
42 836
42 56935
42 56936
42 56938
42 172791
43 67
43 72
43 857
43 56856
43 172472
43 172473
43 172475
43 172476
43 172792
44 5
44 84
44 91
44 93
44 121
44 702
44 703
44 705
44 51579
45 5
45 20
45 90
45 122
45 708
45 769
45 2235
45 2237
45 51581
46 5
46 27
46 99
46 131
46 132
46 133
46 135
46 172793
47 2
47 3
47 4
47 5
47 181
47 172794
48 10
48 3889
48 3891
48 9630
48 172795
49 3
49 5
49 20
49 1132
49 1134
49 172796
50 51
50 195
50 5342
50 5344
50 172797
51 76
51 433
51 434
51 436
51 172798
52 71
52 76
52 190
52 191
52 172799
seqId 200
1 4
1 5
1 99
1 131
1 132
1 133
1 811
1 172800
2 3
2 4
2 5
2 7999
2 8001
2 172801
3 9
3 10
3 11
3 13
3 172802
4 3
4 4
4 5
4 17809
4 17811
4 172803
5 230
5 231
5 232
5 234
5 172804
6 9
6 10
6 11
6 13
6 163
7 99
7 131
7 132
7 133
7 195
7 236
7 237
8 3
8 4
8 195
8 16756
8 33576
8 172805
9 10
9 146
9 147
9 149
9 172806
10 5
10 27
10 99
10 131
10 132
10 133
10 135
10 172807
11 3
11 4
11 5
11 4406
11 24330
11 172808
12 717
12 718
12 719
12 721
12 172809
13 10
13 146
13 147
13 149
13 722
14 5
14 20
14 99
14 131
14 132
14 133
14 165
14 166
15 3
15 5
15 20
15 1325
15 1327
15 172810
16 9
16 10
16 11
16 13
16 172811
17 5
17 27
17 99
17 131
17 132
17 133
17 135
17 172812
18 3
18 4
18 5
18 597
18 599
18 172813
19 67
19 601
19 603
19 1197
19 172814
20 51
20 195
20 2686
20 15391
20 172815
21 243
21 244
21 245
21 247
21 172816
22 660
22 7237
22 10032
22 10034
22 172817
23 660
23 68936
23 98130
23 98132
23 172818
24 9
24 10
24 11
24 13
24 172819
25 5
25 27
25 99
25 131
25 132
25 133
25 135
25 172820
26 3
26 4
26 5
26 34872
26 34874
26 172821
27 230
27 231
27 232
27 234
27 172822
28 9
28 10
28 11
28 13
28 163
29 99
29 131
29 132
29 133
29 195
29 236
29 237
30 3
30 20
30 195
30 1548
30 1715
30 172823
31 27
31 82
31 759
31 944
31 1463
31 172824
32 4
32 5
32 82
32 83
32 84
32 115
32 763
32 1264
32 172825
33 5
33 84
33 90
33 91
33 93
33 914
33 3584
33 29837
33 172827
33 172828
34 76
34 342
34 343
34 345
34 172829
35 5
35 84
35 91
35 93
35 121
35 702
35 703
35 705
35 172830
36 5
36 20
36 90
36 122
36 708
36 769
36 3744
36 3746
36 172831
37 4
37 5
37 99
37 133
37 175
37 176
37 178
37 39204
38 4
38 5
38 202
38 3954
38 3956
38 172832
39 3
39 4
39 5
39 70913
39 70915
39 172833
40 10
40 109
40 110
40 112
40 172834
41 3
41 4
41 5
41 4249
41 4251
41 172835
42 243
42 244
42 245
42 247
42 172836
43 4
43 5
43 99
43 131
43 132
43 133
43 152
43 51644
44 3
44 4
44 5
44 4851
44 4853
44 172837
45 10
45 109
45 110
45 112
45 172838
46 3
46 4
46 5
46 4406
46 24330
46 124655
47 9
47 10
47 24
47 26
47 27
47 172839
48 4
48 5
48 99
48 133
48 175
48 176
48 178
48 172840
49 3
49 4
49 5
49 3691
49 3693
49 172841
50 9
50 10
50 11
50 13
50 172842
51 3
51 5
51 20
51 10370
51 10372
51 172843
52 10
52 126
52 127
52 129
52 172844
53 5
53 27
53 99
53 131
53 132
53 133
53 135
53 172845
54 3
54 4
54 5
54 2608
54 4490
54 172846
55 9
55 10
55 11
55 13
55 172847
56 4
56 5
56 99
56 131
56 132
56 133
56 152
56 172848
57 3
57 4
57 5
57 15
57 17
57 172849
58 10
58 109
58 110
58 112
58 172850
59 3
59 4
59 5
59 14686
59 14688
59 172851
60 10
60 146
60 147
60 149
60 172852
61 67
61 601
61 603
61 1197
61 172853
62 51
62 195
62 2686
62 15391
62 172854
63 243
63 244
63 245
63 247
63 172855
64 5
64 27
64 99
64 131
64 132
64 133
64 135
64 172856
65 3
65 4
65 5
65 35689
65 35691
65 51663
66 230
66 231
66 232
66 234
66 172857
67 9
67 10
67 11
67 13
67 163
68 99
68 131
68 132
68 133
68 195
68 236
68 237
69 3
69 20
69 195
69 23221
69 23223
69 172858
70 9
70 10
70 11
70 13
70 172859
71 67
71 601
71 603
71 1197
71 172860
72 51
72 195
72 2686
72 15391
72 172861
73 10
73 283
73 284
73 286
73 172862
74 5
74 20
74 99
74 131
74 132
74 133
74 166
74 172863
75 3
75 5
75 20
75 3338
75 3340
75 172864
76 9
76 10
76 11
76 13
76 8329
77 4
77 5
77 99
77 131
77 132
77 133
77 152
77 8330
78 3
78 4
78 5
78 15
78 17
78 172865
79 4
79 5
79 202
79 693
79 33899
79 172866
80 10
80 146
80 147
80 149
80 172867
81 67
81 601
81 603
81 1197
81 172868
82 243
82 244
82 245
82 247
82 96676
83 10
83 109
83 110
83 112
83 172869
84 67
84 3042
84 3043
84 3045
84 172870
85 71
85 76
85 190
85 191
85 172871
seqId 201
1 99
1 131
1 132
1 133
1 195
1 1220
1 172872
2 20
2 195
2 202
2 784
2 17696
2 172873
3 3
3 20
3 195
3 2601
3 2603
3 172874
4 9
4 10
4 11
4 13
4 172875
5 4
5 5
5 98
5 99
5 100
5 1927
5 172876
6 3
6 4
6 5
6 3691
6 3693
6 172877
7 10
7 109
7 110
7 112
7 124696
8 3
8 4
8 5
8 646
8 25589
8 172878
9 84
9 91
9 93
9 121
9 195
9 702
9 703
9 1062
9 172879
10 5
10 20
10 122
10 703
10 707
10 708
10 710
10 172880
11 99
11 131
11 132
11 133
11 195
11 237
11 51703
12 3
12 20
12 195
12 27270
12 32369
12 172881
13 75
13 76
13 77
13 79
13 172882
seqId 202
1 76
1 592
1 593
1 595
1 124701
2 3
2 4
2 5
2 6862
2 6864
2 124702
3 9
3 10
3 11
3 13
3 172883
4 3
4 5
4 20
4 1320
4 1322
4 172884
5 5
5 20
5 202
5 646
5 25589
5 172885
6 5
6 20
6 99
6 131
6 132
6 133
6 166
6 172886
7 51
7 52
7 14425
7 140963
7 172888
7 172889
7 172890
8 76
8 342
8 343
8 345
8 133517
9 90
9 121
9 122
9 6204
9 75175
9 172891
10 10
10 146
10 147
10 149
10 172892
11 5
11 20
11 99
11 133
11 175
11 176
11 1316
11 172893
12 3
12 5
12 20
12 90569
12 90571
12 172894
13 230
13 231
13 232
13 234
13 172895
14 9
14 10
14 11
14 13
14 163
15 99
15 131
15 132
15 133
15 195
15 236
15 237
16 3
16 20
16 195
16 2320
16 16794
16 172896
17 10
17 378
17 379
17 381
17 39282
18 90
18 443
18 7785
18 41290
18 172897
19 3
19 5
19 20
19 10695
19 10697
19 172898
20 9
20 10
20 11
20 13
20 172899
21 4
21 5
21 99
21 131
21 132
21 133
21 152
21 172900
22 3
22 4
22 5
22 39288
22 172902
22 172903
23 9
23 10
23 11
23 13
23 172904
24 5
24 27
24 99
24 131
24 132
24 133
24 135
24 172905
25 3
25 5
25 20
25 2320
25 2322
25 172906
26 76
26 137
26 138
26 140
26 172907
27 5
27 20
27 99
27 131
27 132
27 133
27 967
27 172908
28 3
28 5
28 20
28 5945
28 36594
28 172909
29 10
29 109
29 110
29 112
29 172910
30 3
30 4
30 5
30 14686
30 49719
30 172911
31 76
31 185
31 186
31 188
31 172912
32 243
32 244
32 245
32 247
32 172913
33 9
33 10
33 11
33 13
33 172914
34 5
34 27
34 99
34 131
34 132
34 133
34 135
34 172915
35 3
35 4
35 5
35 1784
35 10502
35 172916
36 4
36 5
36 202
36 3954
36 3956
36 172917
37 9
37 10
37 11
37 13
37 172918
38 5
38 27
38 99
38 131
38 132
38 133
38 135
38 172919
39 3
39 5
39 20
39 2320
39 2322
39 172920
40 76
40 137
40 138
40 140
40 172921
41 3
41 4
41 5
41 14686
41 49719
41 172922
42 4
42 5
42 202
42 16827
42 16829
42 172923
43 76
43 185
43 186
43 188
43 172924
44 76
44 413
44 414
44 416
44 172925
45 90
45 443
45 25415
45 33649
45 172926
46 3
46 4
46 5
46 4539
46 4542
46 172927
47 76
47 433
47 434
47 436
47 172928
48 76
48 1267
48 1268
48 1270
48 172929
seqId 203
1 76
1 592
1 593
1 595
1 172930
2 3
2 2548
2 6896
2 6898
2 172931
3 717
3 718
3 719
3 721
3 172932
4 10
4 146
4 147
4 149
4 722
5 5
5 20
5 99
5 131
5 132
5 133
5 165
5 166
6 3
6 5
6 20
6 84824
6 84826
6 172933
7 9
7 10
7 11
7 13
7 124763
8 51
8 52
8 1501
8 1503
8 172934
9 3
9 20
9 195
9 1126
9 1977
9 172935
10 9
10 10
10 24
10 26
10 27
10 172936
11 3
11 4
11 5
11 14686
11 14688
11 172937
12 4
12 5
12 202
12 21185
12 78431
12 172938
13 76
13 342
13 343
13 345
13 172939
14 3
14 4
14 5
14 3691
14 3693
14 172940
15 10
15 126
15 127
15 129
15 39331
16 4
16 5
16 99
16 131
16 132
16 133
16 152
16 172941
17 3
17 4
17 5
17 27599
17 62043
17 172942
18 9
18 10
18 24
18 26
18 27
18 172943
19 4
19 5
19 99
19 133
19 175
19 176
19 178
19 172944
20 3
20 4
20 5
20 70913
20 70915
20 172945
21 10
21 109
21 110
21 112
21 8430
22 3
22 4
22 5
22 4249
22 4251
22 172946
23 158
23 159
23 160
23 162
23 172947
24 9
24 10
24 11
24 13
24 163
25 5
25 20
25 99
25 131
25 132
25 133
25 165
25 166
26 3
26 5
26 20
26 34139
26 34140
26 172948
27 9
27 10
27 11
27 13
27 172949
28 5
28 27
28 99
28 131
28 132
28 133
28 135
28 172950
29 5
29 67
29 55291
29 55294
29 172951
30 660
30 2136
30 2137
30 2139
30 172952
31 9
31 10
31 24
31 26
31 27
31 172953
32 4
32 5
32 99
32 133
32 175
32 176
32 178
32 172954
33 3
33 4
33 5
33 8989
33 24580
33 172955
34 158
34 159
34 160
34 162
34 172956
35 9
35 10
35 11
35 13
35 163
36 5
36 20
36 99
36 131
36 132
36 133
36 165
36 166
37 3
37 5
37 20
37 11030
37 52023
37 172957
38 9
38 10
38 11
38 13
38 51780
39 3
39 5
39 20
39 4434
39 4436
39 172958
40 76
40 413
40 414
40 416
40 172959
41 82
41 758
41 759
41 761
41 172960
42 5
42 84
42 90
42 91
42 93
42 121
42 45067
42 45069
42 172961
43 5
43 27
43 99
43 131
43 132
43 133
43 135
43 172962
44 3
44 5
44 20
44 3394
44 3396
44 172963
45 230
45 231
45 232
45 234
45 51792
46 9
46 10
46 11
46 13
46 163
47 99
47 131
47 132
47 133
47 195
47 236
47 237
48 3
48 20
48 72
48 195
48 340
48 1227
48 1229
48 1230
48 1231
48 172964
49 20
49 195
49 202
49 24418
49 24420
49 172965
50 76
50 433
50 434
50 436
50 133611
51 5
51 20
51 99
51 131
51 132
51 133
51 166
51 172966
52 3
52 52
52 11455
52 112130
52 172968
52 172969
52 172970
53 76
53 1267
53 1268
53 1270
53 172971
seqId 204
1 76
1 592
1 593
1 595
1 172972
2 4
2 5
2 202
2 795
2 8936
2 172973
3 3
3 4
3 5
3 8989
3 24580
3 172974
4 5
4 20
4 99
4 131
4 132
4 133
4 166
4 172975
5 3
5 52
5 1427
5 138246
5 172977
5 172978
5 172979
6 76
6 342
6 343
6 345
6 172980
7 10
7 146
7 147
7 149
7 172981
8 5
8 27
8 99
8 131
8 132
8 133
8 135
8 172982
9 3
9 4
9 5
9 12440
9 12442
9 172983
10 9
10 10
10 11
10 13
10 96818
11 4
11 5
11 82
11 759
11 1432
11 1434
11 172984
12 5
12 20
12 99
12 133
12 175
12 176
12 1316
12 172985
13 3
13 5
13 20
13 56623
13 56625
13 172986
14 5
14 20
14 202
14 78900
14 172988
14 172989
15 5
15 84
15 91
15 93
15 121
15 702
15 703
15 705
15 172990
16 5
16 20
16 90
16 122
16 708
16 94082
16 172992
16 172993
17 4
17 5
17 99
17 131
17 132
17 133
17 152
17 172994
18 3
18 4
18 5
18 1082
18 1084
18 172995
19 9
19 10
19 11
19 13
19 172996
20 5
20 27
20 99
20 131
20 132
20 133
20 135
20 172997
21 5
21 67
21 55291
21 55294
21 172998
22 10
22 146
22 147
22 149
22 172999
23 90
23 443
23 9250
23 40900
23 173000
24 99
24 133
24 175
24 176
24 195
24 234
24 173001
25 3
25 4
25 195
25 5349
25 7661
25 173002
26 10
26 1387
26 1388
26 1390
26 173003
27 99
27 131
27 132
27 133
27 195
27 237
27 61545
28 3
28 4
28 195
28 340
28 813
28 815
28 173004
29 9
29 10
29 11
29 13
29 173005
30 5
30 27
30 99
30 131
30 132
30 133
30 135
30 173006
31 5
31 67
31 6030
31 6032
31 173007
32 67
32 3213
32 38010
32 48974
32 173009
32 173010
32 173011
32 173012
33 243
33 244
33 245
33 247
33 173013
34 9
34 10
34 11
34 13
34 39424
35 5
35 27
35 99
35 131
35 132
35 133
35 135
35 173014
36 5
36 67
36 55291
36 55294
36 173015
37 51
37 52
37 14053
37 167927
37 167929
37 173016
38 67
38 458
38 1692
38 3213
38 69867
38 167933
38 167934
38 173017
39 10
39 378
39 379
39 381
39 173018
40 90
40 443
40 35819
40 47099
40 173019
41 5
41 27
41 99
41 131
41 132
41 133
41 135
41 173020
42 3
42 4
42 5
42 24687
42 24689
42 173021
43 9
43 10
43 24
43 26
43 27
43 173022
44 4
44 5
44 99
44 133
44 175
44 176
44 178
44 133648
45 3
45 4
45 5
45 65059
45 65061
45 173023
46 4
46 5
46 202
46 173025
46 173026
46 173027
47 9
47 10
47 11
47 13
47 173028
48 4
48 5
48 99
48 131
48 132
48 133
48 152
48 173029
49 3
49 4
49 5
49 15
49 17
49 173030
50 10
50 109
50 110
50 112
50 39445
51 3
51 4
51 5
51 14686
51 14688
51 173031
52 4
52 5
52 202
52 36111
52 52482
52 173032
53 76
53 342
53 343
53 345
53 173033
54 4
54 5
54 202
54 168118
54 168120
54 173034
55 243
55 244
55 245
55 247
55 173035
56 5
56 202
56 140235
56 144993
56 173036
57 71
57 76
57 190
57 191
57 173037
seqId 205
1 99
1 133
1 175
1 176
1 195
1 5187
1 61584
2 3
2 4
2 195
2 8989
2 8991
2 173038
3 84
3 91
3 93
3 121
3 195
3 702
3 703
3 1062
3 173039
4 5
4 20
4 90
4 122
4 702
4 708
4 769
4 1903
4 173040
5 3
5 5
5 20
5 1905
5 1907
5 173041
6 660
6 818
6 819
6 821
6 173042
7 10
7 146
7 147
7 149
7 173043
8 4
8 85
8 99
8 195
8 1951
8 1953
8 173044
9 3
9 4
9 195
9 340
9 14965
9 14967
9 173045
10 76
10 342
10 343
10 345
10 173046
11 9
11 10
11 24
11 26
11 27
11 173047
12 4
12 5
12 99
12 133
12 175
12 176
12 178
12 173048
13 3
13 4
13 5
13 5469
13 5471
13 173049
14 10
14 1387
14 1388
14 1390
14 173050
15 4
15 5
15 99
15 131
15 132
15 133
15 152
15 173051
16 3
16 4
16 5
16 813
16 815
16 173052
17 243
17 244
17 245
17 247
17 173053
18 230
18 231
18 232
18 234
18 39493
19 9
19 10
19 11
19 13
19 163
20 99
20 131
20 132
20 133
20 195
20 236
20 237
21 3
21 195
21 2217
21 8955
21 173054
22 9
22 10
22 24
22 26
22 27
22 173055
23 67
23 3213
23 38010
23 48974
23 173009
23 173010
23 173012
23 173056
24 76
24 413
24 414
24 416
24 173057
25 3
25 4
25 5
25 80018
25 80020
25 173058
26 9
26 10
26 11
26 13
26 173059
27 36
27 67
27 71
27 18488
27 18489
27 173060
28 67
28 4398
28 48274
28 72995
28 171956
28 171957
28 173061
29 660
29 2136
29 2137
29 2139
29 173062
30 9
30 10
30 11
30 13
30 173063
31 4
31 5
31 99
31 131
31 132
31 133
31 152
31 96902
32 3
32 4
32 5
32 8989
32 24580
32 173064
33 230
33 231
33 232
33 234
33 173065
34 9
34 10
34 11
34 13
34 163
35 99
35 131
35 132
35 133
35 195
35 236
35 237
36 3
36 20
36 195
36 26010
36 53178
36 173066
37 9
37 10
37 24
37 26
37 27
37 173067
38 3
38 4
38 195
38 642
38 644
38 173068
39 4
39 195
39 202
39 646
39 648
39 173069
40 9
40 10
40 24
40 26
40 27
40 173070
41 67
41 3213
41 38010
41 48974
41 173009
41 173010
41 173012
41 173071
42 5
42 20
42 99
42 131
42 132
42 133
42 166
42 173072
43 5
43 51
43 2686
43 112078
43 173074
43 173075
43 173076
44 76
44 342
44 343
44 345
44 173077
45 3
45 5
45 20
45 11368
45 173079
45 173080
46 230
46 231
46 232
46 234
46 173081
47 9
47 10
47 11
47 13
47 163
48 99
48 131
48 132
48 133
48 195
48 236
48 237
49 3
49 20
49 195
49 340
49 1810
49 17978
49 46661
49 173083
49 173084
50 243
50 244
50 245
50 247
50 173085
51 3
51 20
51 195
51 28129
51 168151
51 168153
51 168154
51 173086
52 20
52 90
52 122
52 195
52 708
52 713
52 37175
52 45074
52 173087
53 10
53 1387
53 1388
53 1390
53 173088
54 9
54 10
54 11
54 13
54 173089
55 67
55 71
55 173091
55 173092
55 173093
55 173094
56 67
56 64219
56 173096
56 173097
56 173098
56 173099
57 76
57 342
57 343
57 345
57 173100
58 3
58 5
58 20
58 1299
58 10243
58 39525
59 9
59 10
59 24
59 26
59 27
59 173101
60 67
60 3213
60 38010
60 48974
60 173009
60 173010
60 173012
60 173102
61 76
61 342
61 343
61 345
61 173103
62 10
62 283
62 284
62 286
62 173104
63 99
63 131
63 132
63 133
63 195
63 237
63 173105
64 3
64 20
64 195
64 1341
64 1343
64 173106
65 9
65 10
65 11
65 13
65 173107
66 67
66 601
66 603
66 1197
66 173108
67 51
67 195
67 2686
67 15391
67 173109
68 76
68 342
68 343
68 345
68 173110
69 5
69 20
69 99
69 131
69 132
69 133
69 166
69 8605
70 5
70 51
70 11455
70 112078
70 173112
70 173113
70 173114
71 76
71 433
71 434
71 436
71 173115
72 76
72 342
72 343
72 345
72 173116
73 10
73 1387
73 1388
73 1390
73 173117
74 99
74 131
74 132
74 133
74 195
74 237
74 173118
75 3
75 20
75 195
75 2217
75 8955
75 173119
76 158
76 159
76 160
76 162
76 173120
77 9
77 10
77 11
77 13
77 163
78 5
78 20
78 99
78 131
78 132
78 133
78 165
78 166
79 5
79 20
79 67
79 458
79 1692
79 3213
79 69867
79 167933
79 173121
80 76
80 413
80 414
80 416
80 173122
81 51
81 195
81 2686
81 112078
81 173074
81 173076
81 173123
82 76
82 433
82 434
82 436
82 173124
83 76
83 342
83 343
83 345
83 173125
84 10
84 1387
84 1388
84 1390
84 173126
85 99
85 131
85 132
85 133
85 195
85 237
85 173127
86 3
86 20
86 71
86 71
86 195
86 340
86 1104
86 52939
86 173129
86 173130
87 9
87 10
87 11
87 13
87 173131
88 67
88 601
88 603
88 1197
88 173132
89 51
89 195
89 2686
89 15391
89 173133
90 243
90 244
90 245
90 247
90 173134
91 67
91 601
91 603
91 1197
91 173135
92 67
92 605
92 607
92 1199
92 173136
93 76
93 25774
93 25775
93 25777
93 173137
94 5
94 27
94 99
94 131
94 132
94 133
94 135
94 173138
95 3
95 5
95 20
95 12575
95 12577
95 173139
96 9
96 10
96 11
96 13
96 51956
97 5
97 27
97 99
97 131
97 132
97 133
97 135
97 173140
98 5
98 67
98 55291
98 55294
98 173141
99 121
99 122
99 703
99 707
99 1107
99 61701
100 5
100 27
100 99
100 131
100 132
100 133
100 135
100 173142
101 5
101 20
101 82
101 84
101 85
101 175
101 1316
101 173143
102 230
102 231
102 232
102 234
102 173144
103 9
103 10
103 11
103 13
103 163
104 99
104 131
104 132
104 133
104 195
104 236
104 237
105 3
105 20
105 195
105 3118
105 10103
105 173145
106 10
106 146
106 147
106 149
106 173146
107 5
107 27
107 99
107 131
107 132
107 133
107 135
107 173147
108 3
108 5
108 20
108 3696
108 3698
108 173148
109 158
109 159
109 160
109 162
109 51965
110 9
110 10
110 11
110 13
110 163
111 5
111 20
111 99
111 131
111 132
111 133
111 165
111 166
112 3
112 5
112 20
112 11297
112 18838
112 173149
113 9
113 10
113 11
113 13
113 173150
114 5
114 85
114 99
114 10078
114 10080
114 173151
115 3
115 4
115 5
115 8989
115 24580
115 173152
116 71
116 76
116 190
116 191
116 173153
seqId 206
1 5
1 20
1 99
1 133
1 175
1 176
1 9647
1 173154
2 3
2 5
2 20
2 34150
2 34152
2 173155
3 5
3 20
3 202
3 1466
3 18974
3 173156
4 5
4 84
4 91
4 93
4 121
4 702
4 703
4 705
4 173157
5 5
5 20
5 122
5 703
5 707
5 708
5 710
5 173158
6 5
6 27
6 99
6 131
6 132
6 133
6 135
6 173159
7 3
7 4
7 5
7 12071
7 12073
7 173160
8 9
8 10
8 11
8 13
8 173161
9 4
9 5
9 99
9 131
9 132
9 133
9 152
9 124958
10 3
10 4
10 5
10 1082
10 1084
10 173162
11 9
11 10
11 11
11 13
11 173163
12 5
12 27
12 99
12 131
12 132
12 133
12 135
12 173164
13 5
13 67
13 55291
13 55294
13 173165
14 10
14 828
14 829
14 831
14 173166
15 4
15 5
15 99
15 131
15 132
15 133
15 152
15 173167
16 3
16 4
16 5
16 14557
16 14559
16 173168
17 3
17 4
17 5
17 15
17 5937
17 173169
18 9
18 10
18 11
18 13
18 173170
19 5
19 27
19 99
19 131
19 132
19 133
19 135
19 173171
20 3
20 4
20 5
20 597
20 599
20 173172
21 67
21 601
21 603
21 1197
21 173173
22 51
22 195
22 2686
22 15391
22 173174
23 5
23 20
23 99
23 131
23 132
23 133
23 166
23 39596
24 5
24 51
24 1871
24 1873
24 173175
25 3
25 5
25 20
25 1875
25 1877
25 173176
26 51
26 195
26 5342
26 5344
26 173177
27 71
27 76
27 190
27 191
27 173178
seqId 207
1 4
1 5
1 98
1 99
1 100
1 4105
1 173179
2 3
2 4
2 5
2 14557
2 62086
2 173180
3 5
3 84
3 91
3 93
3 121
3 702
3 703
3 705
3 173181
4 5
4 20
4 90
4 122
4 708
4 769
4 11082
4 11084
4 173182
5 5
5 20
5 99
5 133
5 175
5 176
5 1316
5 173183
6 3
6 5
6 20
6 56623
6 56625
6 173184
7 5
7 20
7 202
7 12901
7 34080
7 173185
8 717
8 718
8 719
8 721
8 173186
9 10
9 146
9 147
9 149
9 722
10 5
10 20
10 99
10 131
10 132
10 133
10 165
10 166
11 3
11 5
11 20
11 429
11 431
11 173187
12 82
12 758
12 759
12 761
12 39608
13 5
13 20
13 82
13 83
13 84
13 115
13 763
13 765
13 173188
14 5
14 84
14 91
14 93
14 703
14 707
14 914
14 916
14 173189
15 20
15 90
15 122
15 708
15 713
15 21792
15 21794
15 173190
16 76
16 342
16 343
16 345
16 173191
17 90
17 121
17 122
17 162027
17 173193
17 173194
18 51
18 195
18 1501
18 1503
18 173195
19 3
19 20
19 195
19 8459
19 173197
19 173198
20 20
20 90
20 122
20 195
20 708
20 713
20 3372
20 5735
20 173199
21 75
21 76
21 77
21 79
21 8714
22 3
22 4
22 5
22 504
22 14984
22 173200
23 9
23 10
23 24
23 26
23 27
23 173201
24 4
24 5
24 99
24 133
24 175
24 176
24 178
24 173202
25 4
25 5
25 202
25 795
25 8936
25 173203
26 3
26 4
26 5
26 642
26 23331
26 173204
27 9
27 10
27 24
27 26
27 27
27 173205
28 3
28 5
28 20
28 1019
28 25531
28 173206
29 5
29 20
29 202
29 29679
29 29681
29 173207
30 3
30 5
30 20
30 6634
30 6636
30 173208
31 67
31 601
31 603
31 1197
31 173209
32 51
32 195
32 2686
32 15391
32 173210
33 1458
33 2717
33 4052
33 4054
33 173211
34 67
34 601
34 603
34 1197
34 173212
35 67
35 605
35 607
35 1199
35 173213
36 90
36 121
36 122
36 45067
36 76743
36 173214
37 3
37 20
37 195
37 28129
37 168151
37 168153
37 168154
37 173215
38 243
38 244
38 245
38 247
38 173216
39 3
39 20
39 195
39 28129
39 131874
39 131876
39 173217
40 76
40 413
40 414
40 416
40 173218
41 76
41 137
41 138
41 140
41 173219
42 67
42 37445
42 135367
42 171893
42 173220
42 173221
43 76
43 185
43 186
43 188
43 173222
44 76
44 433
44 434
44 436
44 173223
45 76
45 1267
45 1268
45 1270
45 173224
seqId 208
1 3
1 4
1 5
1 37227
1 37229
1 173225
2 9
2 10
2 11
2 13
2 173226
3 67
3 601
3 603
3 1197
3 173227
4 51
4 195
4 2686
4 15391
4 173228
5 10
5 19283
5 19284
5 19286
5 173229
6 99
6 131
6 132
6 133
6 195
6 237
6 97054
7 3
7 4
7 195
7 340
7 549
7 551
7 173230
8 9
8 10
8 24
8 26
8 27
8 173231
9 67
9 3213
9 38010
9 48974
9 173009
9 173010
9 173012
9 173232
10 76
10 342
10 343
10 345
10 173233
11 90
11 121
11 122
11 2333
11 15757
11 52059
12 10
12 146
12 147
12 149
12 173234
13 67
13 3213
13 38010
13 48974
13 173009
13 173010
13 173012
13 173235
14 9
14 10
14 24
14 26
14 27
14 173236
15 90
15 443
15 1488
15 57815
15 173237
16 99
16 131
16 132
16 133
16 195
16 237
16 173238
17 3
17 20
17 195
17 340
17 1810
17 17978
17 46661
17 173083
17 173239
18 9
18 10
18 11
18 13
18 97069
19 5
19 27
19 99
19 131
19 132
19 133
19 135
19 173240
20 5
20 67
20 55291
20 55294
20 173241
21 660
21 976
21 979
21 1458
21 173242
22 27
22 944
22 945
22 1463
22 3308
22 173243
23 4
23 5
23 99
23 133
23 175
23 176
23 178
23 173244
24 3
24 4
24 5
24 6046
24 6048
24 173245
25 230
25 231
25 232
25 234
25 173246
26 9
26 10
26 11
26 13
26 163
27 99
27 131
27 132
27 133
27 195
27 236
27 237
28 3
28 20
28 195
28 28129
28 168151
28 168153
28 168154
28 173247
29 71
29 76
29 190
29 191
29 173248
seqId 209
1 99
1 133
1 175
1 176
1 195
1 5187
1 173249
2 3
2 4
2 195
2 10638
2 10640
2 173250
3 4
3 195
3 202
3 340
3 31190
3 31192
3 173251
4 84
4 91
4 93
4 195
4 702
4 703
4 914
4 9244
4 173252
5 5
5 20
5 90
5 122
5 708
5 769
5 2333
5 7738
5 173253
6 9
6 10
6 24
6 26
6 27
6 173254
7 90
7 443
7 6211
7 43489
7 173255
8 944
8 945
8 946
8 948
8 173256
9 10
9 19283
9 19284
9 19286
9 173257
10 99
10 131
10 132
10 133
10 195
10 237
10 173258
11 3
11 20
11 195
11 2034
11 3403
11 173259
12 9
12 10
12 11
12 13
12 61835
13 5
13 27
13 99
13 131
13 132
13 133
13 135
13 173260
14 5
14 67
14 55291
14 55294
14 173261
15 20
15 82
15 84
15 85
15 195
15 1589
15 2970
15 173262
16 84
16 90
16 93
16 121
16 195
16 2257
16 4621
16 84275
16 100562
16 173264
17 5
17 27
17 99
17 131
17 132
17 133
17 135
17 39707
18 5
18 67
18 3206
18 6032
18 173266
18 173267
19 296
19 509
19 5178
19 172441
19 173269
19 173270
20 76
20 342
20 343
20 345
20 173271
21 26
21 27
21 99
21 133
21 175
21 176
21 195
21 173272
22 82
22 84
22 85
22 195
22 2294
22 3837
22 173273
23 5
23 27
23 99
23 131
23 132
23 133
23 135
23 173274
24 5
24 67
24 4815
24 47596
24 141901
24 141903
24 173275
25 76
25 342
25 343
25 345
25 173276
26 244
26 418
26 419
26 421
26 173277
27 660
27 5049
27 5050
27 5052
27 173278
28 5
28 27
28 99
28 131
28 132
28 133
28 135
28 173279
29 5
29 67
29 55291
29 55294
29 173280
30 67
30 33141
30 104336
30 173281
30 173282
30 173283
31 71
31 76
31 190
31 191
31 173284
seqId 210
1 10
1 2518
1 67874
1 67876
1 173285
2 4
2 5
2 98
2 99
2 100
2 1927
2 173286
3 3
3 4
3 5
3 28222
3 28224
3 173287
4 76
4 342
4 343
4 345
4 173288
5 99
5 131
5 132
5 133
5 195
5 237
5 173289
6 3
6 4
6 195
6 10638
6 10640
6 173290
7 82
7 84
7 114
7 115
7 116
7 1361
7 173291
8 84
8 91
8 93
8 121
8 195
8 703
8 707
8 1858
8 173292
9 660
9 19069
9 19070
9 19072
9 173293
10 4
10 90
10 122
10 195
10 340
10 708
10 769
10 5094
10 5096
10 173294
11 76
11 342
11 343
11 345
11 173295
12 9
12 10
12 24
12 26
12 27
12 173296
13 4
13 5
13 99
13 133
13 175
13 176
13 178
13 125079
14 3
14 4
14 5
14 5469
14 5471
14 173297
15 10
15 1387
15 1388
15 1390
15 173298
16 5
16 20
16 99
16 131
16 132
16 133
16 166
16 173299
17 5
17 20
17 67
17 41961
17 41964
17 173300
18 76
18 413
18 414
18 416
18 173301
19 3
19 4
19 5
19 63337
19 63339
19 173302
20 67
20 851
20 37787
20 173304
20 173305
20 173306
21 9
21 10
21 11
21 13
21 173307
22 67
22 3042
22 3043
22 3045
22 173308
23 5
23 20
23 99
23 131
23 132
23 133
23 166
23 173309
24 5
24 51
24 11455
24 112078
24 173311
24 173312
24 173313
25 76
25 342
25 343
25 345
25 173314
26 67
26 311
26 75398
26 173316
26 173317
26 173318
27 10
27 109
27 110
27 112
27 173319
28 3
28 5
28 20
28 1875
28 1877
28 173320
29 51
29 195
29 4167
29 4169
29 173321
30 76
30 433
30 434
30 436
30 173322
31 243
31 244
31 245
31 247
31 52129
32 10
32 283
32 284
32 286
32 173323
33 5
33 20
33 99
33 131
33 132
33 133
33 166
33 173324
34 3
34 5
34 20
34 4345
34 4347
34 173325
35 9
35 10
35 11
35 13
35 52132
36 5
36 27
36 99
36 131
36 132
36 133
36 135
36 173326
37 3
37 4
37 5
37 44
37 621
37 173327
38 67
38 296
38 3232
38 9813
38 19452
38 32984
38 173328
39 9
39 10
39 24
39 26
39 27
39 173329
40 67
40 3213
40 38010
40 48974
40 173009
40 173010
40 173012
40 173330
41 76
41 413
41 414
41 416
41 173331
42 3
42 4
42 5
42 56
42 32993
42 173332
43 42
43 509
43 5178
43 32995
43 173333
44 76
44 433
44 434
44 436
44 173334
45 76
45 342
45 343
45 345
45 173335
46 9
46 10
46 24
46 26
46 27
46 173336
47 4
47 5
47 202
47 2294
47 2296
47 173337
48 3
48 4
48 5
48 5469
48 5471
48 173338
49 10
49 1387
49 1388
49 1390
49 173339
50 99
50 131
50 132
50 133
50 195
50 237
50 173340
51 3
51 195
51 2217
51 8955
51 173341
52 158
52 159
52 160
52 162
52 173342
53 9
53 10
53 11
53 13
53 163
54 5
54 20
54 99
54 131
54 132
54 133
54 165
54 166
55 5
55 20
55 67
55 458
55 1692
55 3213
55 69867
55 167933
55 173343
56 10
56 378
56 379
56 381
56 173344
57 90
57 443
57 3100
57 68740
57 173345
58 99
58 131
58 132
58 133
58 195
58 237
58 173346
59 3
59 20
59 195
59 43492
59 43494
59 173347
60 158
60 159
60 160
60 162
60 133989
61 9
61 10
61 11
61 13
61 163
62 5
62 20
62 99
62 131
62 132
62 133
62 165
62 166
63 3
63 5
63 20
63 429
63 431
63 173348
64 158
64 159
64 160
64 162
64 173349
65 9
65 10
65 11
65 13
65 163
66 5
66 20
66 99
66 131
66 132
66 133
66 165
66 166
67 5
67 20
67 67
67 37445
67 135367
67 171893
67 173350
68 76
68 413
68 414
68 416
68 97167
69 51
69 195
69 2714
69 9438
69 173114
69 173352
69 173353
70 76
70 433
70 434
70 436
70 173354
71 71
71 76
71 190
71 191
71 173355
seqId 211
1 5
1 20
1 81
1 82
1 83
1 84
1 85
1 2423
1 173356
2 5
2 84
2 90
2 91
2 93
2 121
2 19261
2 173358
2 173359
3 660
3 30602
3 30603
3 30605
3 173360
4 99
4 131
4 132
4 133
4 195
4 237
4 173361
5 3
5 4
5 195
5 3691
5 6873
5 173362
6 4
6 195
6 202
6 21923
6 165299
6 173363
7 82
7 758
7 759
7 761
7 173364
8 84
8 91
8 93
8 121
8 195
8 702
8 703
8 1062
8 173365
9 5
9 20
9 90
9 122
9 708
9 769
9 6204
9 6206
9 173366
10 10
10 146
10 147
10 149
10 97181
11 5
11 20
11 98
11 99
11 100
11 102
11 97182
12 3
12 5
12 20
12 429
12 431
12 173367
13 9
13 10
13 11
13 13
13 173368
14 3
14 4
14 5
14 492
14 44426
14 173369
15 71
15 76
15 190
15 191
15 173370
seqId 212
1 4
1 5
1 99
1 131
1 132
1 133
1 811
1 173371
2 3
2 4
2 5
2 15
2 17
2 173372
3 4
3 5
3 202
3 693
3 33899
3 173373
4 4
4 5
4 202
4 13322
4 31197
4 173374
5 76
5 342
5 343
5 345
5 173375
6 27
6 82
6 759
6 944
6 1463
6 173376
7 5
7 20
7 81
7 82
7 83
7 84
7 85
7 87
7 173377
8 5
8 20
8 82
8 83
8 84
8 115
8 166
8 763
8 173378
9 5
9 84
9 90
9 91
9 93
9 121
9 2433
9 2435
9 173380
10 244
10 418
10 419
10 421
10 173381
11 27
11 82
11 84
11 114
11 115
11 116
11 118
11 173382
12 82
12 83
12 84
12 109
12 112
12 115
12 173383
13 5
13 84
13 90
13 91
13 93
13 121
13 26531
13 173385
13 173386
13 173387
14 76
14 342
14 343
14 345
14 173388
15 5
15 84
15 91
15 93
15 121
15 703
15 707
15 956
15 173389
16 4
16 5
16 90
16 122
16 708
16 713
16 1676
16 1678
16 173390
17 10
17 109
17 110
17 112
17 173391
18 3
18 4
18 5
18 2196
18 2649
18 173392
19 230
19 231
19 232
19 234
19 173393
20 9
20 10
20 11
20 13
20 163
21 99
21 131
21 132
21 133
21 195
21 236
21 237
22 4
22 195
22 202
22 7021
22 38246
22 173394
23 3
23 4
23 195
23 1913
23 78733
23 173395
24 9
24 10
24 11
24 13
24 173396
25 5
25 27
25 99
25 131
25 132
25 133
25 135
25 173397
26 3
26 4
26 5
26 14686
26 14688
26 173398
27 71
27 76
27 190
27 191
27 173399
seqId 213
1 4
1 5
1 82
1 83
1 84
1 115
1 763
1 4750
1 173400
2 5
2 84
2 91
2 93
2 121
2 703
2 707
2 956
2 173401
3 4
3 5
3 90
3 122
3 708
3 713
3 1104
3 15631
3 39862
3 60593
4 10
4 1605
4 1606
4 1608
4 173402
5 13
5 99
5 133
5 175
5 176
5 195
5 173403
6 4
6 195
6 202
6 7021
6 38246
6 173404
7 243
7 244
7 245
7 247
7 173405
8 4
8 195
8 202
8 33713
8 173407
8 173408
9 67
9 195
9 6030
9 6032
9 173409
10 10
10 146
10 147
10 149
10 173410
11 4
11 5
11 202
11 3303
11 3305
11 173411
12 3
12 4
12 5
12 7721
12 7723
12 173412
13 76
13 413
13 414
13 416
13 173413
14 3
14 5
14 20
14 508
14 512
14 173414
15 75
15 76
15 77
15 79
15 173415
16 51
16 195
16 1427
16 1962
16 173416
17 67
17 195
17 6030
17 6032
17 173417
18 10
18 146
18 147
18 149
18 173418
19 67
19 601
19 603
19 1197
19 173419
20 10
20 378
20 379
20 381
20 173420
21 5
21 27
21 99
21 131
21 132
21 133
21 135
21 173421
22 5
22 67
22 172186
22 172188
22 173422
23 75
23 76
23 77
23 79
23 173423
24 67
24 3213
24 38010
24 48974
24 173009
24 173010
24 173012
24 173424
25 76
25 342
25 343
25 345
25 173425
26 67
26 1026
26 75426
26 104864
26 173427
26 173428
26 173429
27 76
27 342
27 343
27 345
27 173430
28 67
28 52423
28 136606
28 173431
28 173432
29 243
29 244
29 245
29 247
29 173433
30 67
30 173435
30 173436
30 173437
30 173438
31 76
31 342
31 343
31 345
31 125184
32 67
32 5932
32 38897
32 58308
32 173440
32 173441
32 173442
33 76
33 433
33 434
33 436
33 173443
34 243
34 244
34 245
34 247
34 173444
35 230
35 231
35 232
35 234
35 173445
36 9
36 10
36 11
36 13
36 163
37 99
37 131
37 132
37 133
37 195
37 236
37 237
38 3
38 20
38 195
38 55291
38 55294
38 173446
39 82
39 758
39 759
39 761
39 173447
40 10
40 283
40 284
40 286
40 173448
41 5
41 20
41 99
41 133
41 175
41 176
41 1316
41 173449
42 5
42 20
42 202
42 6111
42 6113
42 173450
43 3
43 5
43 20
43 3533
43 3535
43 173451
44 84
44 90
44 91
44 93
44 121
44 195
44 63865
44 99452
44 173452
45 5
45 99
45 115
45 773
45 775
45 776
45 2192
45 3593
45 173453
46 3
46 4
46 5
46 1542
46 1544
46 173454
47 9
47 10
47 24
47 26
47 27
47 173455
48 443
48 703
48 707
48 2086
48 173456
49 9
49 10
49 11
49 13
49 39904
50 5
50 99
50 115
50 773
50 775
50 776
50 2192
50 3593
50 173457
51 660
51 7237
51 10032
51 10034
51 173458
52 4
52 5
52 202
52 3303
52 3305
52 173459
53 3
53 4
53 5
53 64972
53 64974
53 173460
54 76
54 342
54 343
54 345
54 173461
55 4
55 5
55 202
55 124244
55 124246
55 173463
56 244
56 418
56 419
56 421
56 173464
57 4
57 5
57 202
57 2359
57 8352
57 173465
58 71
58 76
58 190
58 191
58 173466
seqId 214
1 84
1 90
1 91
1 93
1 121
1 195
1 4766
1 173468
1 173469
2 3
2 4
2 5
2 24000
2 66498
2 173470
3 99
3 131
3 132
3 133
3 195
3 237
3 173471
4 3
4 4
4 195
4 642
4 644
4 173472
5 9
5 10
5 24
5 26
5 27
5 173473
6 3
6 5
6 20
6 1019
6 25531
6 173474
7 82
7 758
7 759
7 761
7 173475
8 84
8 90
8 91
8 93
8 121
8 195
8 702
8 1062
8 173476
9 3
9 4
9 5
9 21656
9 21658
9 173477
10 10
10 146
10 147
10 149
10 39920
11 90
11 443
11 1488
11 57815
11 173478
12 5
12 27
12 99
12 131
12 132
12 133
12 135
12 173479
13 3
13 5
13 20
13 3394
13 3396
13 173480
14 230
14 231
14 232
14 234
14 173481
15 9
15 10
15 11
15 13
15 163
16 99
16 131
16 132
16 133
16 195
16 236
16 237
17 3
17 20
17 72
17 195
17 340
17 1227
17 1229
17 1230
17 1231
17 173482
18 9
18 10
18 24
18 26
18 27
18 173483
19 5
19 20
19 99
19 133
19 175
19 176
19 1316
19 173484
20 3
20 5
20 20
20 56527
20 56529
20 173485
21 9
21 10
21 24
21 26
21 27
21 173486
22 3
22 5
22 20
22 13108
22 29558
22 173487
23 76
23 342
23 343
23 345
23 173488
24 20
24 82
24 84
24 98
24 100
24 102
24 173489
25 82
25 758
25 759
25 761
25 173490
26 27
26 660
26 661
26 910
26 912
26 173491
27 5
27 84
27 91
27 93
27 121
27 703
27 707
27 956
27 173492
28 660
28 661
28 1240
28 1242
28 173493
29 5
29 20
29 99
29 131
29 132
29 133
29 166
29 173494
30 3
30 5
30 20
30 10622
30 10624
30 173495
31 10
31 146
31 147
31 149
31 173496
32 67
32 601
32 603
32 1197
32 173497
33 51
33 195
33 2686
33 15391
33 173498
34 82
34 759
34 5284
34 5286
34 173499
35 5
35 27
35 99
35 131
35 132
35 133
35 135
35 173500
36 5
36 67
36 55291
36 55294
36 173501
37 51
37 195
37 14053
37 171406
37 171408
37 173502
38 5
38 84
38 91
38 93
38 121
38 702
38 703
38 705
38 173503
39 5
39 20
39 90
39 122
39 708
39 769
39 5390
39 10652
39 13981
39 42189
39 52779
39 173505
40 10
40 3889
40 3891
40 9630
40 173506
41 5
41 99
41 115
41 773
41 774
41 775
41 776
41 778
41 173507
42 3
42 4
42 5
42 25373
42 25375
42 173508
43 10
43 1387
43 1388
43 1390
43 173509
44 5
44 27
44 99
44 131
44 132
44 133
44 135
44 125253
45 5
45 67
45 4815
45 47596
45 141901
45 141903
45 173510
46 71
46 76
46 190
46 191
46 173511
seqId 215
1 244
1 15230
1 22529
1 119331
1 173512
2 98
2 99
2 100
2 195
2 2073
2 173513
3 3
3 4
3 195
3 642
3 644
3 173514
4 84
4 91
4 93
4 121
4 195
4 703
4 707
4 1858
4 173515
5 660
5 12080
5 12081
5 12083
5 173516
6 4
6 90
6 122
6 195
6 708
6 713
6 2787
6 27470
6 173518
6 173519
7 660
7 2368
7 2369
7 2371
7 173520
8 10
8 828
8 829
8 831
8 173521
9 5
9 99
9 115
9 773
9 775
9 776
9 2192
9 3593
9 173522
10 3
10 5
10 20
10 2438
10 2440
10 173523
11 9
11 10
11 11
11 13
11 173524
12 3
12 4
12 5
12 64972
12 64974
12 173525
13 243
13 244
13 245
13 247
13 173526
14 10
14 828
14 829
14 831
14 173527
15 5
15 99
15 115
15 773
15 775
15 776
15 2192
15 3593
15 173528
16 3
16 4
16 5
16 20129
16 20131
16 173530
17 10
17 146
17 147
17 149
17 173531
18 90
18 443
18 3433
18 3435
18 173532
19 99
19 131
19 132
19 133
19 195
19 237
19 173533
20 3
20 20
20 195
20 1718
20 1720
20 173534
21 20
21 195
21 202
21 3954
21 35317
21 173535
22 10
22 378
22 379
22 381
22 173536
23 90
23 443
23 1345
23 9933
23 173537
24 10
24 109
24 110
24 112
24 173538
25 3
25 4
25 5
25 4406
25 24330
25 173539
26 5
26 20
26 99
26 133
26 175
26 176
26 1316
26 173540
27 3
27 5
27 20
27 429
27 431
27 173541
28 67
28 5929
28 5930
28 5932
28 5933
28 173542
29 76
29 342
29 343
29 345
29 125289
30 244
30 418
30 419
30 421
30 9134
31 660
31 2310
31 2311
31 2313
31 173543
32 4
32 5
32 99
32 133
32 175
32 176
32 178
32 173544
33 4
33 5
33 202
33 13290
33 13292
33 173545
34 3
34 4
34 5
34 17398
34 137589
34 173546
35 71
35 76
35 190
35 191
35 125296
seqId 216
1 10
1 283
1 3640
1 3642
1 173547
2 5
2 20
2 99
2 133
2 175
2 176
2 1316
2 173548
3 3
3 5
3 20
3 3533
3 3535
3 173549
4 9
4 10
4 13
4 1539
4 173550
5 660
5 2347
5 2348
5 2350
5 134203
6 10
6 109
6 110
6 112
6 173551
7 660
7 2347
7 2348
7 2350
7 173552
8 5
8 20
8 202
8 23347
8 23349
8 173553
9 76
9 342
9 343
9 345
9 173554
10 5
10 20
10 82
10 83
10 84
10 115
10 763
10 1002
10 173555
11 5
11 84
11 91
11 93
11 121
11 703
11 707
11 956
11 173556
12 5
12 20
12 202
12 173558
12 173559
12 173560
13 10
13 378
13 379
13 381
13 173561
14 5
14 27
14 99
14 131
14 132
14 133
14 135
14 173562
15 3
15 4
15 5
15 597
15 599
15 173563
16 67
16 601
16 603
16 1197
16 173564
17 51
17 195
17 2686
17 15391
17 173565
18 82
18 759
18 944
18 948
18 40007
19 5
19 27
19 99
19 131
19 132
19 133
19 135
19 173566
20 3
20 5
20 20
20 3394
20 3396
20 173567
21 9
21 10
21 11
21 13
21 173568
22 99
22 115
22 195
22 773
22 774
22 775
22 776
22 3400
22 173569
23 3
23 20
23 72
23 195
23 340
23 1227
23 1229
23 1230
23 1231
23 173570
24 76
24 342
24 343
24 345
24 173571
25 82
25 83
25 84
25 115
25 2548
25 5729
25 5731
25 173572
26 20
26 90
26 122
26 708
26 713
26 16673
26 16675
26 173573
27 99
27 131
27 132
27 133
27 195
27 237
27 173574
28 3
28 20
28 195
28 23221
28 23223
28 173575
29 20
29 195
29 202
29 2221
29 3410
29 173576
30 230
30 231
30 232
30 234
30 173577
31 9
31 10
31 11
31 13
31 163
32 99
32 131
32 132
32 133
32 195
32 236
32 237
33 3
33 4
33 195
33 1913
33 78733
33 173578
34 4
34 5
34 202
34 173580
34 173581
34 173582
35 76
35 342
35 343
35 345
35 173583
36 4
36 5
36 202
36 168118
36 168120
36 173584
37 243
37 244
37 245
37 247
37 173585
38 4
38 5
38 202
38 140235
38 144993
38 173586
39 76
39 342
39 343
39 345
39 173587
40 5
40 84
40 90
40 93
40 121
40 702
40 4415
40 4763
40 173588
41 4
41 5
41 99
41 131
41 132
41 133
41 152
41 173589
42 3
42 4
42 5
42 27599
42 62043
42 173590
43 9
43 10
43 11
43 13
43 173591
44 90
44 443
44 1345
44 9933
44 40037
45 10
45 109
45 110
45 112
45 173592
46 3
46 4
46 5
46 4406
46 24330
46 173593
47 230
47 231
47 232
47 234
47 173594
48 9
48 10
48 11
48 13
48 163
49 99
49 131
49 132
49 133
49 195
49 236
49 237
50 3
50 20
50 195
50 429
50 4265
50 173595
51 20
51 195
51 202
51 29034
51 29036
51 173596
52 76
52 342
52 343
52 345
52 173597
53 243
53 244
53 245
53 247
53 173598
54 4
54 5
54 98
54 99
54 100
54 1927
54 173599
55 3
55 4
55 5
55 27599
55 62043
55 173600
56 660
56 661
56 910
56 1234
56 173601
57 5
57 84
57 90
57 91
57 93
57 121
57 2081
57 2426
57 173602
58 82
58 83
58 84
58 115
58 195
58 1824
58 3593
58 173603
59 443
59 703
59 707
59 2086
59 173604
60 4
60 5
60 90
60 122
60 708
60 713
60 27603
60 173606
60 173607
61 660
61 661
61 944
61 948
61 173608
62 10
62 283
62 284
62 286
62 173609
63 5
63 20
63 99
63 131
63 132
63 133
63 166
63 97397
64 3
64 5
64 20
64 4345
64 4347
64 173610
65 9
65 10
65 24
65 26
65 27
65 173611
66 4
66 5
66 99
66 133
66 175
66 176
66 178
66 173612
67 4
67 5
67 67
67 6030
67 6032
67 173613
68 244
68 418
68 419
68 421
68 173614
69 10
69 283
69 284
69 286
69 173615
70 5
70 20
70 82
70 84
70 100
70 4680
70 7814
70 173616
71 9
71 10
71 24
71 26
71 27
71 173617
72 4
72 5
72 99
72 133
72 175
72 176
72 178
72 173618
73 3
73 4
73 5
73 52454
73 55291
73 55294
74 660
74 7237
74 10032
74 10034
74 173619
75 4
75 5
75 202
75 96223
75 96225
75 173620
76 71
76 76
76 190
76 191
76 173621
seqId 217
1 5
1 20
1 99
1 131
1 132
1 133
1 967
1 62198
2 5
2 20
2 202
2 795
2 797
2 173622
3 3
3 5
3 20
3 3533
3 3535
3 173623
4 9
4 10
4 11
4 13
4 173624
5 4
5 5
5 99
5 131
5 132
5 133
5 152
5 173625
6 4
6 5
6 67
6 5583
6 5585
6 5586
6 173626
7 67
7 72
7 603
7 8737
7 8738
7 8740
7 8741
7 8742
7 173627
8 5
8 84
8 90
8 91
8 93
8 121
8 10715
8 27603
8 173628
9 2822
9 2823
9 2824
9 2826
9 173629
10 10
10 146
10 147
10 149
10 722
11 99
11 131
11 132
11 133
11 195
11 236
11 237
12 3
12 20
12 195
12 340
12 1810
12 17978
12 46661
12 173083
12 173630
13 76
13 342
13 343
13 345
13 173631
14 3
14 20
14 195
14 28129
14 168151
14 168153
14 168154
14 173632
15 243
15 244
15 245
15 247
15 173633
16 3
16 20
16 195
16 28129
16 131874
16 131876
16 173634
17 9
17 10
17 11
17 13
17 173635
18 5
18 27
18 99
18 131
18 132
18 133
18 135
18 173636
19 5
19 67
19 55291
19 55294
19 173637
20 51
20 195
20 14053
20 171406
20 171408
20 173638
21 5
21 27
21 99
21 131
21 132
21 133
21 135
21 173639
22 3
22 4
22 5
22 17302
22 77832
22 173640
23 9
23 10
23 24
23 26
23 27
23 173641
24 90
24 443
24 22310
24 22312
24 173642
25 99
25 115
25 195
25 773
25 775
25 776
25 2192
25 2194
25 173643
26 3
26 4
26 195
26 5512
26 5514
26 173644
27 10
27 1387
27 1388
27 1390
27 173645
28 99
28 115
28 195
28 773
28 775
28 776
28 2192
28 2194
28 173646
29 3
29 20
29 195
29 2217
29 8955
29 173647
30 9
30 10
30 11
30 13
30 173648
31 67
31 601
31 603
31 1197
31 173649
32 67
32 605
32 607
32 1199
32 173650
33 76
33 342
33 343
33 345
33 173651
34 20
34 72
34 82
34 84
34 115
34 116
34 195
34 1262
34 11772
34 171670
34 171672
34 173652
35 20
35 90
35 122
35 195
35 708
35 713
35 15631
35 173654
35 173655
36 10
36 1605
36 1606
36 1608
36 173656
37 5
37 27
37 99
37 131
37 132
37 133
37 135
37 173657
38 5
38 67
38 6030
38 6032
38 173658
39 76
39 137
39 138
39 140
39 173659
40 3
40 4
40 5
40 81925
40 173661
40 173662
41 243
41 244
41 245
41 247
41 173663
42 3
42 4
42 195
42 313
42 315
42 173664
43 9
43 10
43 11
43 13
43 173665
44 5
44 27
44 99
44 131
44 132
44 133
44 135
44 173666
45 5
45 67
45 172186
45 172188
45 173667
46 76
46 185
46 186
46 188
46 173668
47 76
47 413
47 414
47 416
47 173669
48 67
48 601
48 603
48 1197
48 173670
49 51
49 195
49 173672
49 173673
49 173674
50 67
50 601
50 603
50 1197
50 173675
51 67
51 605
51 607
51 1199
51 173676
52 1458
52 2717
52 4052
52 4054
52 173677
53 67
53 41961
53 41962
53 41964
53 173678
54 76
54 433
54 434
54 436
54 173679
55 243
55 244
55 245
55 247
55 97457
56 5
56 27
56 99
56 131
56 132
56 133
56 135
56 173680
57 5
57 67
57 55291
57 55294
57 173681
58 76
58 137
58 138
58 140
58 173682
59 3
59 5
59 20
59 217
59 219
59 173683
60 9
60 10
60 24
60 26
60 27
60 173684
61 3
61 4
61 5
61 14686
61 49719
61 173685
62 4
62 5
62 202
62 322
62 55521
62 173686
63 243
63 244
63 245
63 247
63 173687
64 4
64 5
64 202
64 851
64 8705
64 173689
64 173690
65 9
65 10
65 11
65 13
65 173691
66 5
66 27
66 99
66 131
66 132
66 133
66 135
66 173692
67 5
67 67
67 147612
67 168135
67 173693
68 76
68 185
68 186
68 188
68 173694
69 71
69 76
69 190
69 191
69 173695
seqId 218
1 5
1 20
1 99
1 133
1 175
1 176
1 9647
1 40136
2 5
2 20
2 202
2 1589
2 23961
2 173696
3 3
3 5
3 20
3 1832
3 1834
3 173697
4 9
4 10
4 11
4 13
4 173698
5 3
5 20
5 195
5 10402
5 10404
5 173699
6 230
6 231
6 232
6 234
6 97480
7 9
7 10
7 11
7 13
7 163
8 99
8 131
8 132
8 133
8 195
8 236
8 237
9 51
9 195
9 1368
9 1370
9 173700
10 3
10 4
10 195
10 642
10 644
10 173701
11 4
11 90
11 122
11 195
11 708
11 713
11 7704
11 34968
11 173702
12 84
12 90
12 91
12 93
12 121
12 195
12 702
12 1062
12 173703
13 660
13 1305
13 1306
13 1308
13 173704
14 5
14 27
14 99
14 131
14 132
14 133
14 135
14 173705
15 3
15 4
15 5
15 89016
15 89018
15 173706
16 9
16 10
16 11
16 13
16 173707
17 90
17 443
17 31304
17 31306
17 173708
18 660
18 3394
18 3396
18 62524
18 173709
19 76
19 342
19 343
19 345
19 173710
20 9
20 10
20 24
20 26
20 27
20 173711
21 90
21 443
21 2832
21 10563
21 173712
22 99
22 133
22 175
22 176
22 195
22 234
22 173713
23 3
23 20
23 195
23 2863
23 10735
23 173714
24 20
24 195
24 202
24 5335
24 5564
24 173715
25 76
25 342
25 343
25 345
25 173716
26 71
26 509
26 25601
26 25602
26 25604
26 173717
seqId 219
1 99
1 133
1 175
1 176
1 195
1 5187
1 173718
2 20
2 195
2 202
2 784
2 17696
2 173719
3 3
3 20
3 195
3 7111
3 7113
3 173720
4 20
4 195
4 202
4 28004
4 33777
4 40265
4 40267
4 173721
5 84
5 91
5 93
5 121
5 195
5 702
5 703
5 1062
5 173722
6 5
6 20
6 90
6 122
6 708
6 769
6 2333
6 7738
6 125473
7 9
7 10
7 11
7 13
7 125474
8 90
8 443
8 6804
8 44868
8 173723
9 5
9 20
9 99
9 133
9 175
9 176
9 1316
9 173724
10 3
10 5
10 20
10 429
10 431
10 173725
11 9
11 10
11 11
11 13
11 173726
12 3
12 4
12 5
12 30890
12 30892
12 30893
12 173727
13 90
13 121
13 122
13 3372
13 35776
13 173728
14 9
14 10
14 24
14 26
14 27
14 134377
15 4
15 5
15 99
15 133
15 175
15 176
15 178
15 173729
16 3
16 4
16 5
16 5469
16 5471
16 173730
17 76
17 342
17 343
17 345
17 52616
18 4
18 5
18 99
18 131
18 132
18 133
18 152
18 173731
19 3
19 4
19 5
19 4851
19 4853
19 173732
20 10
20 109
20 110
20 112
20 173733
21 3
21 4
21 5
21 4420
21 4422
21 173734
22 9
22 10
22 24
22 26
22 27
22 173735
23 4
23 5
23 99
23 133
23 175
23 176
23 178
23 173736
24 3
24 4
24 5
24 72
24 1384
24 5390
24 7291
24 13452
24 32430
24 173737
25 9
25 10
25 11
25 13
25 173738
26 67
26 601
26 603
26 1197
26 173739
27 51
27 195
27 2686
27 15391
27 173740
28 10
28 126
28 127
28 129
28 173741
29 5
29 27
29 99
29 131
29 132
29 133
29 135
29 173742
30 5
30 67
30 6030
30 6032
30 173743
31 67
31 3213
31 38010
31 48974
31 173009
31 173010
31 173012
31 173744
32 76
32 342
32 343
32 345
32 173745
33 82
33 758
33 759
33 761
33 173746
34 5
34 84
34 90
34 91
34 92
34 93
34 702
34 63087
34 173747
35 10
35 1539
35 3889
35 3891
35 173748
36 660
36 2136
36 2137
36 2139
36 173749
37 3
37 4
37 5
37 21656
37 21658
37 173750
38 10
38 146
38 147
38 149
38 173751
39 90
39 443
39 1488
39 57815
39 173752
40 20
40 195
40 202
40 1377
40 5238
40 173753
41 99
41 131
41 132
41 133
41 195
41 237
41 173754
42 3
42 20
42 195
42 340
42 1810
42 17978
42 46661
42 173083
42 173755
43 9
43 10
43 11
43 13
43 173756
44 67
44 601
44 603
44 1197
44 173757
45 51
45 195
45 2686
45 15391
45 173758
46 76
46 342
46 343
46 345
46 173759
47 660
47 976
47 979
47 1458
47 173760
48 27
48 944
48 945
48 1463
48 3308
48 173761
49 5
49 20
49 99
49 133
49 175
49 176
49 1316
49 173762
50 5
50 20
50 202
50 1589
50 23961
50 173763
51 3
51 5
51 20
51 1832
51 1834
51 173764
52 9
52 10
52 11
52 13
52 173765
53 3
53 20
53 195
53 28129
53 168151
53 168153
53 168154
53 173766
54 76
54 413
54 414
54 416
54 173767
55 3
55 20
55 195
55 2221
55 3410
55 173768
56 158
56 159
56 160
56 162
56 173769
57 9
57 10
57 11
57 13
57 163
58 5
58 20
58 99
58 131
58 132
58 133
58 165
58 166
59 5
59 20
59 202
59 21213
59 173771
59 173772
60 5
60 20
60 202
60 1718
60 57849
60 173773
61 3
61 5
61 20
61 15215
61 65093
61 131674
61 173774
62 243
62 244
62 245
62 247
62 173775
63 3
63 20
63 195
63 173777
63 173778
63 173779
64 244
64 418
64 419
64 421
64 173780
65 3
65 20
65 195
65 2221
65 3410
65 173781
66 9
66 10
66 24
66 26
66 27
66 173782
67 3
67 4
67 5
67 14686
67 14688
67 173783
68 230
68 231
68 232
68 234
68 62387
69 9
69 10
69 11
69 13
69 163
70 99
70 131
70 132
70 133
70 195
70 236
70 237
71 3
71 4
71 195
71 18773
71 20364
71 173784
72 76
72 433
72 434
72 436
72 173785
73 9
73 10
73 24
73 26
73 27
73 173786
74 4
74 5
74 202
74 2294
74 2296
74 173787
75 3
75 4
75 5
75 5469
75 5471
75 173788
76 4
76 5
76 99
76 131
76 132
76 133
76 152
76 173789
77 3
77 4
77 5
77 504
77 14984
77 173790
78 9
78 10
78 24
78 26
78 27
78 173791
79 4
79 5
79 99
79 133
79 175
79 176
79 178
79 173792
80 4
80 5
80 202
80 795
80 8936
80 173793
81 3
81 4
81 5
81 9526
81 55291
81 55294
82 76
82 413
82 414
82 416
82 173794
83 76
83 137
83 138
83 140
83 173795
84 67
84 37445
84 135367
84 171893
84 173220
84 173796
85 76
85 185
85 186
85 188
85 173797
86 76
86 433
86 434
86 436
86 173798
87 82
87 758
87 759
87 761
87 173799
88 5
88 84
88 93
88 121
88 703
88 707
88 4621
88 28096
88 173800
89 4
89 5
89 99
89 133
89 175
89 176
89 178
89 173801
90 4
90 5
90 67
90 55291
90 55294
90 125551
91 4
91 5
91 202
91 29679
91 29681
91 173802
92 3
92 5
92 20
92 6634
92 6636
92 62408
93 67
93 601
93 603
93 1197
93 173803
94 51
94 195
94 2686
94 15391
94 173804
95 1458
95 2717
95 4052
95 4054
95 173805
96 67
96 601
96 603
96 1197
96 173806
97 67
97 605
97 607
97 1199
97 173807
98 243
98 244
98 245
98 247
98 173808
99 82
99 758
99 759
99 761
99 173809
100 5
100 84
100 90
100 93
100 121
100 4067
100 4621
100 45067
100 168148
100 173811
101 99
101 131
101 132
101 133
101 195
101 237
101 173812
102 3
102 20
102 195
102 28129
102 131874
102 131876
102 173813
103 243
103 244
103 245
103 247
103 62427
104 99
104 131
104 132
104 133
104 195
104 237
104 173814
105 3
105 20
105 195
105 28129
105 168151
105 168153
105 168154
105 173815
106 9
106 10
106 11
106 13
106 173816
107 5
107 27
107 99
107 131
107 132
107 133
107 135
107 173817
108 5
108 20
108 202
108 17683
108 47027
108 173818
109 5
109 20
109 67
109 458
109 1692
109 3213
109 69867
109 167933
109 173819
110 660
110 976
110 979
110 1458
110 173820
111 944
111 945
111 946
111 948
111 173821
112 99
112 131
112 132
112 133
112 195
112 237
112 173822
113 3
113 20
113 195
113 28129
113 131874
113 131876
113 173823
114 243
114 244
114 245
114 247
114 134483
115 4
115 5
115 99
115 133
115 175
115 176
115 178
115 173824
116 3
116 4
116 5
116 6046
116 6048
116 173825
117 230
117 231
117 232
117 234
117 134486
118 9
118 10
118 11
118 13
118 163
119 99
119 131
119 132
119 133
119 195
119 236
119 237
120 3
120 20
120 195
120 28129
120 168151
120 168153
120 168154
120 173826
121 76
121 413
121 414
121 416
121 173827
122 3
122 20
122 195
122 2221
122 3410
122 173828
123 158
123 159
123 160
123 162
123 173829
124 9
124 10
124 11
124 13
124 163
125 5
125 20
125 99
125 131
125 132
125 133
125 165
125 166
126 5
126 20
126 202
126 1718
126 57849
126 173830
127 3
127 5
127 20
127 15215
127 65093
127 131674
127 173831
128 5
128 20
128 202
128 173833
128 173834
128 173835
129 76
129 433
129 434
129 436
129 173836
130 9
130 10
130 11
130 13
130 173837
131 5
131 27
131 99
131 131
131 132
131 133
131 135
131 173838
132 5
132 67
132 55291
132 55294
132 173839
133 51
133 195
133 14053
133 171406
133 171408
133 173840
134 71
134 76
134 190
134 191
134 173841
seqId 220
1 4
1 5
1 99
1 131
1 132
1 133
1 811
1 9613
2 4
2 5
2 202
2 795
2 8936
2 173842
3 4
3 5
3 67
3 55291
3 55294
3 173843
4 5
4 84
4 90
4 91
4 93
4 121
4 29681
4 104638
4 173844
5 3
5 5
5 20
5 6634
5 6636
5 173845
6 82
6 758
6 759
6 761
6 173846
7 5
7 84
7 91
7 92
7 93
7 703
7 707
7 16563
7 173847
8 4
8 5
8 90
8 122
8 708
8 712
8 713
8 715
8 173848
9 10
9 146
9 149
9 1539
9 173849
10 90
10 443
10 1334
10 8849
10 62484
11 158
11 159
11 160
11 162
11 62485
12 9
12 10
12 11
12 13
12 163
13 5
13 20
13 99
13 131
13 132
13 133
13 165
13 166
14 5
14 20
14 67
14 458
14 1692
14 3213
14 69867
14 167933
14 173850
15 243
15 244
15 245
15 247
15 173851
16 9
16 10
16 11
16 13
16 9637
17 5
17 27
17 99
17 131
17 132
17 133
17 135
17 173852
18 5
18 67
18 55291
18 55294
18 173853
19 51
19 195
19 14053
19 171406
19 171408
19 173854
20 76
20 413
20 414
20 416
20 173855
21 67
21 37445
21 135367
21 171893
21 173220
21 173856
22 76
22 433
22 434
22 436
22 173857
23 76
23 342
23 343
23 345
23 125606
24 5
24 84
24 91
24 92
24 93
24 703
24 707
24 16563
24 173858
25 4
25 5
25 202
25 3303
25 3305
25 173859
26 9
26 10
26 24
26 26
26 27
26 173860
27 4
27 5
27 51
27 175
27 178
27 173861
28 3
28 4
28 5
28 13876
28 13878
28 173862
29 9
29 10
29 11
29 13
29 173863
30 3
30 20
30 195
30 2034
30 3403
30 173864
31 71
31 76
31 190
31 191
31 173865
seqId 221
1 4
1 5
1 82
1 83
1 84
1 115
1 763
1 4750
1 173866
2 5
2 84
2 90
2 91
2 92
2 93
2 96
2 115660
2 115662
2 173868
3 4
3 5
3 99
3 131
3 132
3 133
3 152
3 173869
4 3
4 4
4 5
4 1913
4 1915
4 173870
5 5
5 20
5 72
5 202
5 1104
5 1104
5 15065
5 49846
5 112889
5 155350
5 173872
5 173873
6 3
6 20
6 118
6 195
6 26534
6 173874
7 71
7 76
7 190
7 191
7 173875
seqId 222
1 4
1 5
1 99
1 133
1 175
1 176
1 5129
1 173876
2 4
2 5
2 202
2 6111
2 151303
2 173877
3 3
3 4
3 5
3 24032
3 24034
3 173878
4 4
4 5
4 202
4 168252
4 168254
4 173879
5 5
5 84
5 91
5 93
5 121
5 703
5 707
5 956
5 173880
6 10
6 146
6 149
6 1539
6 173881
7 4
7 5
7 99
7 131
7 132
7 133
7 152
7 173882
8 3
8 4
8 5
8 3725
8 3727
8 173883
9 5
9 20
9 99
9 133
9 175
9 176
9 1316
9 173884
10 3
10 5
10 20
10 116670
10 116672
10 173885
11 9
11 10
11 11
11 13
11 173886
12 3
12 4
12 5
12 64972
12 64974
12 173887
13 243
13 244
13 245
13 247
13 52873
14 4
14 5
14 99
14 133
14 175
14 176
14 178
14 173888
15 3
15 4
15 5
15 8152
15 9005
15 173889
16 9
16 10
16 24
16 26
16 27
16 173890
17 3
17 4
17 5
17 46763
17 46765
17 173891
18 76
18 342
18 343
18 345
18 173892
19 4
19 5
19 99
19 131
19 132
19 133
19 152
19 173893
20 4
20 5
20 202
20 795
20 8936
20 173894
21 3
21 4
21 5
21 642
21 23331
21 173895
22 5
22 84
22 90
22 93
22 121
22 702
22 4621
22 124723
22 134550
23 660
23 976
23 977
23 979
23 173896
24 4
24 5
24 202
24 1377
24 12034
24 173897
25 4
25 5
25 99
25 115
25 773
25 774
25 775
25 776
25 3330
25 9690
26 3
26 4
26 5
26 4420
26 4422
26 173898
27 717
27 718
27 719
27 721
27 40379
28 10
28 146
28 147
28 149
28 722
29 5
29 20
29 99
29 131
29 132
29 133
29 165
29 166
30 3
30 5
30 20
30 1325
30 1327
30 134554
31 158
31 159
31 160
31 162
31 134555
32 9
32 10
32 11
32 13
32 163
33 5
33 20
33 99
33 131
33 132
33 133
33 165
33 166
34 3
34 5
34 20
34 5018
34 5020
34 173899
35 9
35 10
35 11
35 13
35 173900
36 4
36 5
36 99
36 131
36 132
36 133
36 152
36 173901
37 3
37 4
37 5
37 15
37 17
37 173902
38 10
38 109
38 110
38 112
38 173903
39 3
39 4
39 5
39 14686
39 14688
39 173904
40 4
40 5
40 202
40 168118
40 168120
40 173905
41 243
41 244
41 245
41 247
41 62532
42 4
42 5
42 202
42 140235
42 144993
42 173906
43 71
43 76
43 190
43 191
43 173907
seqId 223
1 5
1 27
1 99
1 131
1 132
1 133
1 699
1 173908
2 3
2 5
2 20
2 7259
2 7261
2 173909
3 5
3 20
3 202
3 302
3 304
3 173910
4 158
4 159
4 160
4 162
4 173911
5 9
5 10
5 11
5 13
5 163
6 5
6 20
6 99
6 131
6 132
6 133
6 165
6 166
7 3
7 5
7 20
7 429
7 431
7 173912
8 660
8 661
8 910
8 1234
8 173913
9 5
9 84
9 90
9 91
9 93
9 121
9 3777
9 4766
9 173914
10 660
10 661
10 1240
10 1242
10 173915
11 5
11 13
11 99
11 133
11 175
11 176
11 173916
12 3
12 5
12 20
12 2412
12 2414
12 173917
13 76
13 413
13 414
13 416
13 173918
14 5
14 20
14 99
14 131
14 132
14 133
14 166
14 173919
15 3
15 5
15 20
15 3118
15 3120
15 173920
16 51
16 195
16 4934
16 4936
16 173921
17 5
17 84
17 91
17 93
17 121
17 703
17 707
17 956
17 173922
18 660
18 4238
18 4239
18 4241
18 173923
19 5
19 20
19 90
19 122
19 708
19 713
19 4243
19 8467
19 173924
20 10
20 146
20 147
20 149
20 173925
21 5
21 27
21 99
21 131
21 132
21 133
21 135
21 173926
22 3
22 4
22 5
22 512
22 11667
22 58712
22 58714
22 173927
23 158
23 159
23 160
23 162
23 173928
24 9
24 10
24 11
24 13
24 163
25 5
25 20
25 99
25 131
25 132
25 133
25 165
25 166
26 3
26 5
26 20
26 429
26 431
26 173929
27 5
27 20
27 202
27 302
27 304
27 173930
28 76
28 433
28 434
28 436
28 173931
29 76
29 342
29 343
29 345
29 173932
30 243
30 244
30 245
30 247
30 173933
31 4
31 5
31 99
31 115
31 773
31 774
31 775
31 776
31 3330
31 40415
32 3
32 4
32 5
32 22519
32 22521
32 40416
33 27
33 660
33 661
33 910
33 912
33 173934
34 5
34 84
34 90
34 93
34 121
34 4067
34 4621
34 53867
34 67304
34 173936
35 660
35 661
35 1240
35 1242
35 173937
36 10
36 828
36 831
36 1539
36 173938
37 660
37 2210
37 2211
37 2213
37 173939
38 99
38 131
38 132
38 133
38 195
38 237
38 9779
39 3
39 20
39 195
39 2034
39 3403
39 173940
40 158
40 159
40 160
40 162
40 173941
41 9
41 10
41 11
41 13
41 163
42 5
42 20
42 99
42 131
42 132
42 133
42 165
42 166
43 3
43 5
43 20
43 56527
43 56529
43 173942
44 9
44 10
44 24
44 26
44 27
44 173943
45 3
45 4
45 5
45 14686
45 14688
45 173944
46 9
46 10
46 11
46 13
46 173945
47 90
47 443
47 28710
47 29094
47 173946
48 10
48 146
48 147
48 149
48 173947
49 90
49 443
49 31304
49 31306
49 173948
50 660
50 3394
50 3396
50 62524
50 173949
51 243
51 244
51 245
51 247
51 173950
52 10
52 146
52 147
52 149
52 173951
53 90
53 443
53 3686
53 3688
53 173952
54 3
54 5
54 20
54 3394
54 3396
54 173953
55 99
55 133
55 175
55 176
55 195
55 234
55 173954
56 3
56 20
56 195
56 429
56 4265
56 173955
57 20
57 195
57 202
57 340
57 54437
57 112033
57 149382
57 172180
57 173957
58 27
58 118
58 945
58 2473
58 12602
58 173958
59 20
59 82
59 83
59 84
59 115
59 195
59 1824
59 1826
59 173959
60 5
60 20
60 82
60 83
60 84
60 115
60 166
60 763
60 173960
61 84
61 90
61 91
61 93
61 121
61 195
61 9966
61 29966
61 173961
62 76
62 342
62 343
62 345
62 173962
63 945
63 7958
63 20878
63 20880
63 173963
64 99
64 131
64 132
64 133
64 195
64 237
64 9827
65 3
65 4
65 195
65 340
65 5256
65 5258
65 173964
66 10
66 1605
66 1606
66 1608
66 173965
67 3
67 20
67 195
67 4434
67 14602
67 173966
68 84
68 91
68 93
68 121
68 195
68 703
68 707
68 1858
68 173967
69 10
69 828
69 831
69 1539
69 173968
70 660
70 2210
70 2211
70 2213
70 173969
71 4
71 90
71 122
71 195
71 708
71 713
71 2787
71 37601
71 129442
71 173971
72 71
72 76
72 190
72 191
72 173972
seqId 224
1 5
1 20
1 98
1 99
1 100
1 8099
1 173973
2 3
2 5
2 20
2 429
2 431
2 173974
3 27
3 82
3 84
3 114
3 115
3 116
3 118
3 173975
4 5
4 84
4 90
4 91
4 93
4 121
4 4258
4 4469
4 173976
5 5
5 20
5 82
5 84
5 115
5 763
5 765
5 1262
5 173977
6 660
6 1622
6 1623
6 1625
6 173978
7 10
7 283
7 284
7 286
7 173979
8 4
8 5
8 99
8 131
8 132
8 133
8 152
8 173980
9 3
9 4
9 5
9 16756
9 16758
9 173981
10 9
10 10
10 11
10 13
10 173982
11 4
11 5
11 99
11 131
11 132
11 133
11 152
11 173983
12 4
12 5
12 67
12 5583
12 5585
12 5586
12 173984
13 67
13 601
13 603
13 1197
13 173985
14 67
14 340
14 23042
14 34203
14 34205
14 173986
15 243
15 244
15 245
15 247
15 173987
16 99
16 133
16 175
16 176
16 195
16 234
16 173988
17 20
17 195
17 202
17 38807
17 144827
17 173989
18 3
18 20
18 195
18 429
18 4265
18 173990
19 20
19 90
19 122
19 195
19 708
19 713
19 4379
19 25478
19 173991
20 10
20 828
20 829
20 831
20 173992
21 4
21 5
21 98
21 99
21 100
21 1927
21 173993
22 4
22 5
22 67
22 5583
22 5585
22 5586
22 173994
23 71
23 76
23 190
23 191
23 173995
seqId 225
1 99
1 131
1 132
1 133
1 195
1 1220
1 173996
2 3
2 20
2 195
2 2217
2 8955
2 173997
3 660
3 26477
3 26478
3 26480
3 173998
4 3
4 20
4 195
4 2034
4 3403
4 173999
5 9
5 10
5 11
5 13
5 174000
6 5
6 27
6 99
6 131
6 132
6 133
6 135
6 174001
7 5
7 67
7 55291
7 55294
7 174002
8 51
8 195
8 14053
8 171406
8 171408
8 174003
9 243
9 244
9 245
9 247
9 9884
10 82
10 758
10 759
10 761
10 134665
11 660
11 661
11 910
11 1234
11 174004
12 84
12 90
12 91
12 92
12 93
12 195
12 2257
12 13153
12 16983
12 49770
12 174006
12 174007
13 244
13 517
13 10253
13 10254
13 174008
14 67
14 3213
14 38010
14 48974
14 173009
14 173010
14 173012
14 174009
15 244
15 517
15 10253
15 10254
15 174010
16 67
16 37445
16 135367
16 171893
16 173220
16 174011
17 84
17 91
17 93
17 121
17 195
17 702
17 703
17 1062
17 174012
18 9
18 10
18 26
18 27
18 1539
18 174013
19 660
19 3557
19 3559
19 23175
19 174014
20 243
20 244
20 245
20 247
20 174015
21 660
21 1305
21 1306
21 1308
21 174016
22 5
22 20
22 90
22 122
22 708
22 769
22 16502
22 21103
22 174017
23 9
23 10
23 11
23 13
23 174018
24 90
24 443
24 2257
24 2259
24 62715
25 26
25 27
25 99
25 133
25 175
25 176
25 195
25 174019
26 4
26 195
26 202
26 2294
26 3837
26 174020
27 3
27 4
27 195
27 642
27 644
27 174021
28 76
28 413
28 414
28 416
28 174022
29 67
29 4815
29 47596
29 141901
29 141903
29 174023
29 174024
30 76
30 342
30 343
30 345
30 174025
31 67
31 3206
31 47596
31 172438
31 172439
31 172441
31 174026
32 76
32 342
32 343
32 345
32 174027
33 3
33 5
33 20
33 33141
33 104336
33 174028
33 174029
34 76
34 433
34 434
34 436
34 174030
35 71
35 76
35 190
35 191
35 174031
seqId 226
1 5
1 20
1 99
1 133
1 175
1 176
1 9647
1 174032
2 3
2 5
2 20
2 12983
2 12985
2 174033
3 5
3 84
3 90
3 91
3 93
3 121
3 3360
3 5608
3 174034
4 660
4 9011
4 9012
4 9014
4 174035
5 443
5 703
5 707
5 2086
5 174036
6 20
6 90
6 122
6 708
6 713
6 1064
6 1066
6 174037
7 10
7 109
7 110
7 112
7 174038
8 3
8 5
8 20
8 10695
8 10697
8 174039
9 10
9 109
9 110
9 112
9 174040
10 4
10 5
10 85
10 99
10 1377
10 12034
10 174041
11 3
11 4
11 5
11 174043
11 174044
11 174045
12 75
12 76
12 77
12 79
12 174046
13 4
13 5
13 99
13 131
13 132
13 133
13 152
13 174047
14 3
14 4
14 5
14 9853
14 9855
14 174048
15 10
15 146
15 147
15 149
15 174049
16 67
16 601
16 603
16 1197
16 174050
17 51
17 195
17 2686
17 15391
17 174051
18 9
18 10
18 24
18 26
18 27
18 174052
19 4
19 5
19 99
19 133
19 175
19 176
19 178
19 174053
20 4
20 5
20 67
20 6030
20 6032
20 174054
21 76
21 413
21 414
21 416
21 174055
22 67
22 4815
22 47596
22 141901
22 141903
22 174023
22 174056
23 76
23 433
23 434
23 436
23 174057
24 4
24 5
24 202
24 27620
24 27860
24 174058
25 9
25 10
25 24
25 26
25 27
25 174059
26 90
26 443
26 9069
26 9071
26 174060
27 99
27 133
27 175
27 176
27 195
27 234
27 174061
28 3
28 20
28 195
28 2217
28 8955
28 174062
29 20
29 195
29 202
29 28129
29 131874
29 131876
29 174063
30 9
30 10
30 11
30 13
30 174064
31 67
31 601
31 603
31 1197
31 174065
32 51
32 195
32 2686
32 15391
32 174066
33 2822
33 2823
33 2824
33 2826
33 174067
34 10
34 146
34 147
34 149
34 722
35 99
35 131
35 132
35 133
35 195
35 236
35 237
36 3
36 20
36 195
36 174069
36 174070
36 174071
37 158
37 159
37 160
37 162
37 174072
38 9
38 10
38 11
38 13
38 163
39 5
39 20
39 99
39 131
39 132
39 133
39 165
39 166
40 5
40 20
40 67
40 37445
40 135367
40 171893
40 174073
41 5
41 84
41 90
41 93
41 121
41 2081
41 4621
41 10555
41 174074
42 10
42 146
42 149
42 1539
42 174075
43 5
43 20
43 202
43 795
43 797
43 174076
44 90
44 443
44 3744
44 174078
44 174079
45 4
45 5
45 99
45 133
45 175
45 176
45 178
45 174080
46 3
46 4
46 5
46 16756
46 16758
46 174081
47 4
47 5
47 202
47 3515
47 13931
47 174083
47 174084
47 174085
48 243
48 244
48 245
48 247
48 174086
49 90
49 443
49 1345
49 9933
49 174087
50 10
50 109
50 110
50 112
50 174088
51 3
51 5
51 20
51 174090
51 174091
51 174092
52 5
52 27
52 99
52 131
52 132
52 133
52 135
52 174093
53 3
53 5
53 20
53 29331
53 29333
53 174094
54 10
54 1605
54 1606
54 1608
54 174095
55 99
55 131
55 132
55 133
55 195
55 237
55 174096
56 3
56 20
56 195
56 522
56 545
56 174097
57 717
57 718
57 719
57 721
57 174098
58 10
58 146
58 147
58 149
58 722
59 5
59 20
59 99
59 131
59 132
59 133
59 165
59 166
60 3
60 5
60 20
60 1325
60 1327
60 174099
61 9
61 10
61 11
61 13
61 174100
62 4
62 5
62 98
62 99
62 100
62 1927
62 174101
63 4
63 5
63 202
63 38807
63 125824
63 135535
64 3
64 4
64 5
64 642
64 23331
64 174102
65 71
65 76
65 190
65 191
65 174103
seqId 227
1 4
1 5
1 99
1 131
1 132
1 133
1 811
1 174104
2 3
2 4
2 5
2 64972
2 64974
2 174105
3 158
3 159
3 160
3 162
3 53125
4 9
4 10
4 11
4 13
4 163
5 5
5 20
5 99
5 131
5 132
5 133
5 165
5 166
6 3
6 5
6 20
6 429
6 431
6 174106
7 243
7 244
7 245
7 247
7 174107
8 5
8 20
8 99
8 131
8 132
8 133
8 166
8 174108
9 3
9 5
9 20
9 2985
9 2987
9 174109
10 230
10 231
10 232
10 234
10 174110
11 9
11 10
11 11
11 13
11 163
12 99
12 131
12 132
12 133
12 195
12 236
12 237
13 3
13 20
13 195
13 522
13 545
13 174111
14 84
14 90
14 91
14 93
14 121
14 195
14 3360
14 23413
14 174112
15 90
15 443
15 2333
15 3366
15 174113
16 9
16 10
16 11
16 13
16 40582
17 90
17 443
17 32157
17 32159
17 174114
18 244
18 418
18 419
18 421
18 174115
19 9
19 10
19 24
19 26
19 27
19 62851
20 90
20 443
20 174117
20 174118
20 174119
21 5
21 20
21 98
21 99
21 100
21 102
21 174120
22 3
22 5
22 20
22 12983
22 12985
22 174121
23 71
23 76
23 190
23 191
23 174122
seqId 228
1 51
1 52
1 2054
1 2056
1 174123
2 71
2 76
2 190
2 191
2 174124
seqId 229
1 3
1 5
1 20
1 4038
1 4040
1 174125
2 5
2 20
2 202
2 302
2 304
2 174126
3 230
3 231
3 232
3 234
3 174127
4 9
4 10
4 11
4 13
4 163
5 99
5 131
5 132
5 133
5 195
5 236
5 237
6 20
6 195
6 202
6 38807
6 144827
6 174128
7 3
7 20
7 195
7 2034
7 3403
7 174129
8 158
8 159
8 160
8 162
8 53153
9 9
9 10
9 11
9 13
9 163
10 5
10 20
10 99
10 131
10 132
10 133
10 165
10 166
11 5
11 20
11 67
11 37445
11 135367
11 171893
11 174130
12 20
12 195
12 202
12 7185
12 10042
12 18153
13 9
13 10
13 11
13 13
13 174131
14 5
14 27
14 99
14 131
14 132
14 133
14 135
14 174132
15 5
15 67
15 55291
15 55294
15 174133
16 51
16 195
16 14053
16 171406
16 171408
16 174134
seqId 230
1 5
1 20
1 98
1 99
1 100
1 8099
1 174135
2 3
2 5
2 20
2 4038
2 15485
2 174136
3 5
3 20
3 202
3 302
3 304
3 174137
4 5
4 84
4 90
4 91
4 93
4 121
4 7704
4 30340
4 174138
5 75
5 76
5 77
5 79
5 174139
seqId 231
1 76
1 592
1 593
1 595
1 174140
2 4
2 5
2 67
2 452
2 15151
2 174141
3 67
3 22578
3 48213
3 174143
3 174144
3 174145
3 174146
4 76
4 413
4 414
4 416
4 174147
5 67
5 9490
5 47543
5 47544
5 47546
5 174148
6 76
6 342
6 343
6 345
6 174149
7 3
7 4
7 5
7 14686
7 49719
7 174150
8 5
8 202
8 140235
8 174152
8 174153
9 76
9 433
9 434
9 436
9 174154
seqId 232
1 76
1 592
1 593
1 595
1 174155
2 5
2 20
2 67
2 174157
2 174158
2 174159
3 67
3 407
3 174161
3 174162
3 174163
3 174164
4 76
4 413
4 414
4 416
4 174165
5 67
5 9490
5 47543
5 47544
5 47546
5 174166
6 76
6 342
6 343
6 345
6 174167
7 3
7 4
7 5
7 14686
7 49719
7 174168
8 4
8 5
8 202
8 1104
8 105318
8 168118
8 174170
8 174171
8 174172
9 76
9 433
9 434
9 436
9 174173
seqId 233
1 76
1 592
1 593
1 595
1 174174
2 5
2 20
2 67
2 174176
2 174177
2 174178
3 36
3 67
3 120146
3 174180
3 174181
3 174182
3 174183
3 174184
4 76
4 342
4 343
4 345
4 174185
5 76
5 413
5 414
5 416
5 174186
6 67
6 9490
6 47543
6 47544
6 47546
6 174187
7 76
7 342
7 343
7 345
7 174188
8 3
8 4
8 5
8 14686
8 49719
8 174189
9 4
9 5
9 202
9 1104
9 105318
9 168118
9 174171
9 174172
9 174190
10 76
10 433
10 434
10 436
10 174191
seqId 234
1 76
1 592
1 593
1 595
1 174192
2 5
2 20
2 67
2 174176
2 174178
2 174193
3 67
3 18319
3 174195
3 174196
3 174197
3 174198
3 174199
4 76
4 413
4 414
4 416
4 174200
5 67
5 47536
5 47537
5 47539
5 174201
6 76
6 342
6 343
6 345
6 174202
7 244
7 19444
7 19445
7 19447
7 53190
8 67
8 4586
8 64167
8 64169
8 174203
8 174204
9 10
9 146
9 149
9 1539
9 174205
10 90
10 443
10 1334
10 8849
10 174206
11 9
11 10
11 11
11 13
11 174207
12 3
12 5
12 20
12 1875
12 1877
12 174208
13 3
13 5
13 20
13 2202
13 2204
13 174209
14 51
14 52
14 4167
14 4169
14 174210
15 76
15 342
15 343
15 345
15 174211
16 3
16 4
16 5
16 14686
16 49719
16 174212
17 5
17 202
17 140235
17 174153
17 174213
18 76
18 433
18 434
18 436
18 174214
seqId 235
1 76
1 592
1 593
1 595
1 98007
2 67
2 72
2 51485
2 51486
2 51488
2 51489
2 174215
3 42
3 67
3 24197
3 174217
3 174218
3 174219
3 174220
4 76
4 413
4 414
4 416
4 174221
5 3
5 47536
5 47537
5 47539
5 174222
6 76
6 342
6 343
6 345
6 62941
7 3
7 4
7 5
7 14686
7 49719
7 174223
8 5
8 202
8 140235
8 174153
8 174224
9 76
9 433
9 434
9 436
9 174225
seqId 236
1 76
1 592
1 593
1 595
1 174226
2 5
2 20
2 67
2 136357
2 136360
2 174227
3 67
3 699
3 67597
3 124251
3 174229
3 174230
3 174231
3 174232
4 76
4 413
4 414
4 416
4 98023
5 67
5 9490
5 47543
5 47544
5 47546
5 174233
6 76
6 342
6 343
6 345
6 174234
7 3
7 4
7 5
7 14686
7 49719
7 174235
8 5
8 202
8 140235
8 174153
8 174236
9 76
9 433
9 434
9 436
9 174237
seqId 237
1 5
1 20
1 99
1 131
1 132
1 133
1 967
1 174238
2 3
2 5
2 20
2 429
2 431
2 174239
3 9
3 10
3 11
3 13
3 174240
4 5
4 27
4 99
4 131
4 132
4 133
4 135
4 174241
5 5
5 67
5 55291
5 55294
5 174242
6 76
6 342
6 343
6 345
6 174243
7 5
7 20
7 90
7 122
7 708
7 713
7 16983
7 97413
7 97414
7 174245
8 10
8 109
8 110
8 112
8 174246
9 3
9 5
9 20
9 2202
9 2204
9 174247
10 51
10 195
10 4162
10 4164
10 174248
11 76
11 342
11 343
11 345
11 174249
12 82
12 84
12 114
12 115
12 116
12 1361
12 174250
13 5
13 84
13 90
13 91
13 93
13 914
13 4067
13 4148
13 174252
13 174253
14 10
14 109
14 110
14 112
14 125934
15 51
15 195
15 1501
15 1503
15 174254
16 3
16 20
16 195
16 2320
16 16794
16 174255
17 20
17 195
17 202
17 3501
17 23034
17 174256
18 243
18 244
18 245
18 247
18 174257
19 5
19 20
19 99
19 133
19 175
19 176
19 1316
19 174258
20 3
20 5
20 20
20 2320
20 2322
20 174259
21 5
21 20
21 202
21 4736
21 33765
21 174260
22 5
22 20
22 202
22 15231
22 54358
22 108916
22 174261
23 75
23 76
23 77
23 79
23 174262
seqId 238
1 71
1 509
1 3204
1 3206
1 24193
1 134862
2 3
2 4
2 5
2 14686
2 49719
2 174263
3 158
3 159
3 160
3 162
3 174264
4 9
4 10
4 11
4 13
4 163
5 5
5 20
5 99
5 131
5 132
5 133
5 165
5 166
6 3
6 5
6 20
6 3199
6 5132
6 125947
7 243
7 244
7 245
7 247
7 174265
8 230
8 231
8 232
8 234
8 174266
9 9
9 10
9 11
9 13
9 163
10 99
10 131
10 132
10 133
10 195
10 236
10 237
11 3
11 20
11 195
11 2081
11 36474
11 174267
12 76
12 413
12 414
12 416
12 174268
13 67
13 71
13 407
13 18660
13 18661
13 174269
14 67
14 967
14 142509
14 142510
14 174270
15 67
15 24371
15 57211
15 174272
15 174273
15 174274
16 76
16 342
16 343
16 345
16 174275
17 67
17 71
17 71
17 72
17 1026
17 4586
17 138233
17 138234
17 174276
18 67
18 5422
18 49269
18 174278
18 174279
18 174280
18 174281
18 174282
19 76
19 342
19 343
19 345
19 174283
20 67
20 71
20 407
20 18660
20 18661
20 174284
21 67
21 967
21 158385
21 174286
21 174287
21 174288
21 174289
22 76
22 433
22 434
22 436
22 174290
seqId 239
1 71
1 509
1 1026
1 18413
1 18414
1 174291
2 3
2 20
2 195
2 340
2 33358
2 33360
2 174292
3 230
3 231
3 232
3 234
3 174293
4 9
4 10
4 11
4 13
4 163
5 99
5 131
5 132
5 133
5 195
5 236
5 237
6 3
6 20
6 195
6 2081
6 36474
6 174294
7 76
7 342
7 343
7 345
7 53271
8 3
8 20
8 195
8 340
8 148341
8 148343
8 174295
9 230
9 231
9 232
9 234
9 174296
10 9
10 10
10 11
10 13
10 163
11 99
11 131
11 132
11 133
11 195
11 236
11 237
12 3
12 20
12 195
12 2081
12 36474
12 174297
13 76
13 413
13 414
13 416
13 174298
14 67
14 71
14 407
14 18660
14 18661
14 174299
15 67
15 967
15 142509
15 142510
15 174300
16 67
16 24371
16 57211
16 174272
16 174273
16 174301
17 76
17 37695
17 37696
17 37698
17 174302
18 3
18 4
18 5
18 6046
18 6048
18 174303
19 10
19 146
19 147
19 149
19 174304
20 4
20 5
20 99
20 131
20 132
20 133
20 152
20 174305
21 3
21 4
21 5
21 2019
21 2021
21 174306
22 10
22 109
22 110
22 112
22 174307
23 3
23 5
23 20
23 1875
23 1877
23 174308
24 51
24 195
24 4167
24 4169
24 174309
25 76
25 37706
25 37707
25 37709
25 174310
26 76
26 342
26 343
26 345
26 174311
27 67
27 71
27 71
27 72
27 1026
27 4586
27 138233
27 138234
27 174312
28 67
28 5422
28 49269
28 174278
28 174279
28 174281
28 174282
28 174313
29 76
29 342
29 343
29 345
29 125982
30 67
30 71
30 407
30 18660
30 18661
30 174314
31 67
31 967
31 158385
31 174286
31 174287
31 174289
31 174315
32 76
32 433
32 434
32 436
32 174316
33 71
33 76
33 190
33 191
33 174317
seqId 240
1 67
1 71
1 407
1 18660
1 18661
1 174318
2 3
2 20
2 195
2 340
2 494
2 48646
2 172579
2 174319
3 243
3 244
3 245
3 247
3 174320
4 3
4 4
4 195
4 10184
4 10186
4 174321
5 158
5 159
5 160
5 162
5 174322
6 9
6 10
6 11
6 13
6 163
7 5
7 20
7 99
7 131
7 132
7 133
7 165
7 166
8 3
8 5
8 20
8 3199
8 5132
8 174323
9 76
9 413
9 414
9 416
9 174324
10 3
10 5
10 20
10 71
10 9488
10 9490
10 174325
11 67
11 71
11 1026
11 18413
11 18414
11 174326
12 67
12 72
12 857
12 56856
12 172472
12 172473
12 172475
12 172476
12 174327
13 76
13 1267
13 1268
13 1270
13 174328
14 4
14 5
14 90
14 122
14 708
14 713
14 46370
14 46372
14 174329
15 10
15 7340
15 9033
15 9035
15 174330
16 3
16 5
16 20
16 2202
16 2204
16 174331
17 51
17 195
17 4167
17 4169
17 174332
18 10
18 828
18 829
18 831
18 174333
19 67
19 71
19 1725
19 1726
19 1728
19 174334
20 67
20 12747
20 174336
20 174337
20 174338
20 174339
21 76
21 433
21 434
21 436
21 174340
seqId 241
1 51
1 71
1 195
1 4792
1 174342
1 174343
2 3
2 20
2 195
2 340
2 12336
2 55581
2 174344
3 243
3 244
3 245
3 247
3 174345
4 3
4 4
4 195
4 7178
4 7180
4 174346
5 76
5 413
5 414
5 416
5 174347
6 36
6 67
6 71
6 18488
6 18489
6 174348
7 67
7 96
7 174350
7 174351
7 174352
7 174353
8 76
8 433
8 434
8 436
8 174354
seqId 242
1 71
1 509
1 1026
1 18413
1 18414
1 174355
2 3
2 4
2 5
2 14686
2 49719
2 174356
3 230
3 231
3 232
3 234
3 174357
4 9
4 10
4 11
4 13
4 163
5 99
5 131
5 132
5 133
5 195
5 236
5 237
6 3
6 4
6 195
6 313
6 6526
6 174358
7 243
7 244
7 245
7 247
7 174359
8 230
8 231
8 232
8 234
8 174360
9 9
9 10
9 11
9 13
9 163
10 99
10 131
10 132
10 133
10 195
10 236
10 237
11 3
11 4
11 195
11 18773
11 20364
11 174361
12 76
12 413
12 414
12 416
12 174362
13 36
13 67
13 71
13 18488
13 18489
13 174363
14 67
14 96
14 174350
14 174351
14 174353
14 174364
15 76
15 433
15 434
15 436
15 174365
seqId 243
1 71
1 407
1 509
1 18660
1 18661
1 174366
2 3
2 20
2 195
2 340
2 4913
2 135297
2 174367
3 20
3 195
3 202
3 8705
3 8707
3 174368
4 76
4 342
4 343
4 345
4 174369
5 3
5 4
5 5
5 42984
5 42986
5 174370
6 230
6 231
6 232
6 234
6 174371
7 9
7 10
7 11
7 13
7 163
8 99
8 131
8 132
8 133
8 195
8 236
8 237
9 3
9 20
9 195
9 7626
9 7628
9 174372
10 243
10 244
10 245
10 247
10 174373
11 230
11 231
11 232
11 234
11 174374
12 9
12 10
12 11
12 13
12 163
13 99
13 131
13 132
13 133
13 195
13 236
13 237
14 3
14 20
14 195
14 340
14 12336
14 15959
14 174375
15 71
15 76
15 190
15 191
15 174376
seqId 244
1 76
1 413
1 414
1 416
1 174377
2 67
2 71
2 71
2 72
2 9179
2 9577
2 174379
2 174380
2 174381
3 67
3 1186
3 49510
3 58458
3 174383
3 174384
3 174385
4 76
4 433
4 434
4 436
4 174386
seqId 245
1 36
1 71
1 509
1 18488
1 18489
1 40792
2 3
2 4
2 5
2 22751
2 50290
2 142250
2 174387
3 230
3 231
3 232
3 234
3 174388
4 9
4 10
4 11
4 13
4 163
5 99
5 131
5 132
5 133
5 195
5 236
5 237
6 3
6 4
6 195
6 3419
6 3421
6 174389
7 243
7 244
7 245
7 247
7 134961
8 230
8 231
8 232
8 234
8 174390
9 9
9 10
9 11
9 13
9 163
10 99
10 131
10 132
10 133
10 195
10 236
10 237
11 3
11 20
11 195
11 340
11 3768
11 3771
11 174391
12 76
12 413
12 414
12 416
12 174392
13 36
13 67
13 71
13 18488
13 18489
13 174393
14 67
14 147452
14 162716
14 174395
14 174396
14 174397
15 76
15 433
15 434
15 436
15 174398
seqId 246
1 51
1 195
1 26052
1 26054
1 174399
2 71
2 76
2 190
2 191
2 174400
seqId 247
1 5
1 20
1 99
1 133
1 175
1 176
1 9647
1 174401
2 3
2 5
2 20
2 2320
2 2322
2 174402
3 5
3 20
3 202
3 4736
3 33765
3 174403
4 243
4 244
4 245
4 247
4 174404
5 5
5 20
5 202
5 15231
5 54358
5 108916
5 174405
6 75
6 76
6 77
6 79
6 174406
7 99
7 131
7 132
7 133
7 195
7 237
7 174407
8 3
8 20
8 195
8 37928
8 60441
8 174408
9 20
9 195
9 202
9 3199
9 4859
9 174409
10 158
10 159
10 160
10 162
10 174410
11 9
11 10
11 11
11 13
11 163
12 5
12 20
12 99
12 131
12 132
12 133
12 165
12 166
13 3
13 5
13 20
13 32317
13 32319
13 174411
14 76
14 413
14 414
14 416
14 174412
15 67
15 71
15 71
15 72
15 1026
15 4586
15 138233
15 138234
15 174413
16 67
16 5422
16 49269
16 174278
16 174279
16 174281
16 174282
16 174414
17 76
17 342
17 343
17 345
17 174415
18 36
18 67
18 71
18 18488
18 18489
18 174416
19 67
19 4398
19 48274
19 72995
19 134983
19 171956
19 171957
20 76
20 433
20 434
20 436
20 174417
seqId 248
1 5
1 20
1 98
1 99
1 100
1 8099
1 174418
2 5
2 20
2 202
2 15304
2 15306
2 126066
3 3
3 5
3 20
3 2320
3 2322
3 126067
4 5
4 84
4 90
4 91
4 93
4 914
4 4067
4 14730
4 43101
4 174419
5 660
5 1566
5 1567
5 1569
5 174420
6 10
6 146
6 147
6 149
6 174421
7 90
7 443
7 1488
7 57815
7 174422
8 99
8 131
8 132
8 133
8 195
8 237
8 174423
9 3
9 4
9 195
9 6862
9 14459
9 174424
10 4
10 195
10 202
10 3386
10 3523
10 174425
11 230
11 231
11 232
11 234
11 174426
12 9
12 10
12 11
12 13
12 163
13 99
13 131
13 132
13 133
13 195
13 236
13 237
14 3
14 20
14 195
14 1806
14 1808
14 1809
14 1810
14 174427
15 244
15 418
15 419
15 421
15 174428
16 20
16 85
16 99
16 195
16 1951
16 18077
16 174429
17 20
17 195
17 202
17 2294
17 3837
17 174430
18 3
18 20
18 195
18 429
18 4265
18 174431
19 20
19 195
19 202
19 3386
19 3388
19 174432
20 20
20 195
20 202
20 1777
20 33142
20 33765
20 54437
20 174433
21 71
21 76
21 190
21 191
21 174434
seqId 249
1 5
1 20
1 27
1 36
1 82
1 84
1 98
1 100
1 174435
2 5
2 84
2 91
2 93
2 121
2 703
2 707
2 956
2 174436
3 717
3 718
3 719
3 721
3 63162
4 10
4 146
4 147
4 149
4 722
5 5
5 20
5 99
5 131
5 132
5 133
5 165
5 166
6 3
6 5
6 20
6 1325
6 1327
6 98222
7 9
7 10
7 11
7 13
7 174437
8 98
8 99
8 100
8 195
8 2073
8 174438
9 3
9 20
9 195
9 2320
9 16794
9 174439
10 944
10 945
10 946
10 948
10 174440
11 27
11 82
11 84
11 114
11 115
11 116
11 118
11 174441
12 5
12 84
12 91
12 93
12 121
12 703
12 707
12 956
12 174442
13 4
13 5
13 90
13 122
13 708
13 769
13 23821
13 23823
13 174444
14 5
14 27
14 99
14 131
14 132
14 133
14 135
14 174445
15 3
15 4
15 5
15 897
15 899
15 98229
16 230
16 231
16 232
16 234
16 174446
17 9
17 10
17 11
17 13
17 163
18 99
18 131
18 132
18 133
18 195
18 236
18 237
19 20
19 195
19 202
19 38807
19 144827
19 174447
20 3
20 20
20 195
20 2034
20 3403
20 174448
21 158
21 159
21 160
21 162
21 174449
22 9
22 10
22 11
22 13
22 163
23 5
23 20
23 99
23 131
23 132
23 133
23 165
23 166
24 5
24 20
24 67
24 37445
24 174451
24 174452
24 174453
seqId 250
1 3
1 5
1 20
1 1026
1 1104
1 9565
1 28544
1 174454
2 71
2 509
2 3204
2 3206
2 24193
2 174455
3 3
3 4
3 5
3 14686
3 49719
3 174456
4 158
4 159
4 160
4 162
4 10423
5 9
5 10
5 11
5 13
5 163
6 5
6 20
6 99
6 131
6 132
6 133
6 165
6 166
7 3
7 5
7 20
7 3199
7 5132
7 174457
8 243
8 244
8 245
8 247
8 53438
9 230
9 231
9 232
9 234
9 174458
10 9
10 10
10 11
10 13
10 163
11 99
11 131
11 132
11 133
11 195
11 236
11 237
12 3
12 20
12 195
12 2081
12 36474
12 174459
seqId 251
1 67
1 17546
1 17548
1 174460
1 174461
2 71
2 76
2 190
2 191
2 174462
seqId 252
1 3
1 20
1 195
1 340
1 33358
1 33360
1 174463
2 230
2 231
2 232
2 234
2 174464
3 9
3 10
3 11
3 13
3 163
4 99
4 131
4 132
4 133
4 195
4 236
4 237
5 3
5 20
5 195
5 2081
5 36474
5 174465
6 76
6 342
6 343
6 345
6 174466
7 3
7 20
7 195
7 340
7 148341
7 148343
7 174467
8 230
8 231
8 232
8 234
8 174468
9 9
9 10
9 11
9 13
9 163
10 99
10 131
10 132
10 133
10 195
10 236
10 237
11 3
11 20
11 195
11 2081
11 36474
11 174469
seqId 253
1 5
1 20
1 98
1 99
1 100
1 4215
1 174470
2 3
2 5
2 20
2 2320
2 2322
2 174471
3 27
3 82
3 84
3 114
3 115
3 116
3 118
3 174472
4 5
4 84
4 91
4 93
4 121
4 703
4 707
4 956
4 174473
5 5
5 20
5 90
5 122
5 708
5 768
5 769
5 771
5 174474
6 10
6 378
6 379
6 381
6 174475
7 3
7 5
7 20
7 1650
7 3499
7 174476
8 9
8 10
8 11
8 13
8 174477
9 90
9 443
9 3686
9 3688
9 174478
10 4
10 5
10 99
10 133
10 175
10 176
10 178
10 174479
11 3
11 4
11 5
11 3691
11 3693
11 174480
12 4
12 5
12 202
12 1773
12 26635
12 174481
13 10
13 126
13 127
13 129
13 174482
14 99
14 131
14 132
14 133
14 195
14 237
14 174483
15 3
15 20
15 195
15 5228
15 5230
15 174484
16 10
16 1605
16 1606
16 1608
16 174485
17 5
17 27
17 99
17 131
17 132
17 133
17 135
17 174486
18 3
18 4
18 5
18 36053
18 36055
18 174487
19 230
19 231
19 232
19 234
19 174488
20 9
20 10
20 11
20 13
20 163
21 99
21 131
21 132
21 133
21 195
21 236
21 237
22 3
22 20
22 195
22 2081
22 36474
22 174489
23 243
23 244
23 245
23 247
23 174490
24 5
24 99
24 115
24 773
24 775
24 776
24 2192
24 3593
24 174491
25 3
25 4
25 5
25 2532
25 2534
25 174492
26 10
26 283
26 284
26 286
26 174493
27 5
27 27
27 99
27 131
27 132
27 133
27 135
27 174494
28 3
28 5
28 20
28 33358
28 35385
28 174495
29 76
29 342
29 343
29 345
29 174496
30 243
30 244
30 245
30 247
30 174497
31 10
31 109
31 112
31 1539
31 174498
32 3
32 5
32 20
32 1601
32 1603
32 174499
33 10
33 126
33 127
33 129
33 174500
34 4
34 5
34 99
34 131
34 132
34 133
34 152
34 174501
35 3
35 4
35 5
35 4249
35 4251
35 174502
36 230
36 231
36 232
36 234
36 174503
37 9
37 10
37 11
37 13
37 163
38 99
38 131
38 132
38 133
38 195
38 236
38 237
39 3
39 4
39 195
39 13797
39 39179
39 174504
40 158
40 159
40 160
40 162
40 174505
41 9
41 10
41 11
41 13
41 163
42 5
42 20
42 99
42 131
42 132
42 133
42 165
42 166
43 3
43 5
43 20
43 2081
43 29574
43 174506
44 76
44 2265
44 2266
44 2268
44 174507
45 4
45 195
45 202
45 340
45 141810
45 174509
45 174510
46 76
46 342
46 343
46 345
46 174511
47 4
47 195
47 202
47 340
47 102299
47 174513
47 174514
47 174515
48 76
48 342
48 343
48 345
48 174516
49 4
49 195
49 202
49 340
49 37265
49 149385
49 174517
50 243
50 244
50 245
50 247
50 174518
51 4
51 195
51 202
51 340
51 35841
51 35843
51 174519
52 76
52 2265
52 2266
52 2268
52 174520
53 243
53 244
53 245
53 247
53 174521
54 9
54 10
54 11
54 13
54 174522
55 5
55 99
55 115
55 773
55 775
55 776
55 2192
55 3593
55 174523
56 3
56 4
56 5
56 4851
56 4853
56 174524
57 10
57 109
57 110
57 112
57 63243
58 3
58 4
58 5
58 4406
58 24330
58 174525
59 717
59 718
59 719
59 721
59 174526
60 10
60 146
60 147
60 149
60 722
61 5
61 20
61 99
61 131
61 132
61 133
61 165
61 166
62 3
62 5
62 20
62 1325
62 1327
62 174527
63 9
63 10
63 24
63 26
63 27
63 174528
64 3
64 20
64 195
64 33358
64 34347
64 174529
65 660
65 3768
65 3769
65 3771
65 174530
66 20
66 90
66 122
66 195
66 708
66 713
66 2125
66 174532
66 174533
67 71
67 76
67 190
67 191
67 174534
seqId 254
1 98
1 99
1 100
1 195
1 8870
1 174535
2 3
2 4
2 195
2 21181
2 21183
2 174536
3 84
3 91
3 93
3 121
3 195
3 702
3 703
3 1062
3 10548
4 5
4 20
4 122
4 703
4 707
4 708
4 710
4 174537
5 4
5 90
5 122
5 195
5 708
5 713
5 21928
5 174539
5 174540
6 717
6 718
6 719
6 721
6 10552
7 10
7 146
7 147
7 149
7 722
8 5
8 20
8 99
8 131
8 132
8 133
8 165
8 166
9 3
9 5
9 20
9 1325
9 1327
9 174541
10 158
10 159
10 160
10 162
10 174542
11 9
11 10
11 11
11 13
11 163
12 5
12 20
12 99
12 131
12 132
12 133
12 165
12 166
13 3
13 5
13 20
13 2863
13 2865
13 174543
14 9
14 10
14 24
14 26
14 27
14 174544
15 3
15 4
15 5
15 14686
15 14688
15 174545
16 4
16 5
16 202
16 168118
16 168120
16 174546
17 243
17 244
17 245
17 247
17 63263
18 4
18 5
18 202
18 140235
18 144993
18 174547
19 9
19 10
19 11
19 13
19 174548
20 5
20 27
20 99
20 131
20 132
20 133
20 135
20 174549
21 5
21 67
21 55291
21 55294
21 174550
22 51
22 195
22 14053
22 171406
22 171408
22 174551
23 76
23 342
23 343
23 345
23 174552
24 5
24 20
24 72
24 90
24 122
24 708
24 713
24 5390
24 113792
24 113794
24 174553
25 660
25 6695
25 6696
25 6698
25 174554
26 10
26 828
26 829
26 831
26 10576
27 67
27 174176
27 174178
27 174555
27 174556
28 67
28 17607
28 162105
28 174558
28 174559
28 174560
29 243
29 244
29 245
29 247
29 98354
30 67
30 72
30 51485
30 51486
30 51488
30 51489
30 174561
31 67
31 1186
31 49510
31 58458
31 174383
31 174384
31 174562
32 71
32 76
32 190
32 191
32 174563
seqId 255
1 5
1 20
1 98
1 99
1 100
1 8099
1 174564
2 3
2 5
2 20
2 2863
2 2865
2 174565
3 5
3 20
3 202
3 906
3 20054
3 174567
3 174568
3 174569
4 76
4 342
4 343
4 345
4 41008
5 5
5 20
5 90
5 122
5 708
5 713
5 3372
5 6990
5 174570
6 10
6 146
6 147
6 149
6 174571
7 5
7 27
7 99
7 131
7 132
7 133
7 135
7 174572
8 3
8 4
8 5
8 2608
8 4490
8 174573
9 4
9 5
9 202
9 9212
9 9214
9 174575
10 9
10 10
10 11
10 13
10 98369
11 3
11 4
11 195
11 6862
11 14459
11 174576
12 9
12 10
12 24
12 26
12 27
12 174577
13 3
13 4
13 195
13 1395
13 1397
13 174578
14 76
14 342
14 343
14 345
14 10607
15 5
15 84
15 90
15 91
15 93
15 121
15 3372
15 6654
15 174579
16 9
16 10
16 11
16 13
16 174580
17 3
17 4
17 5
17 34668
17 36123
17 174581
18 4
18 5
18 202
18 6269
18 10569
18 174582
19 76
19 342
19 343
19 345
19 174583
20 20
20 195
20 202
20 1377
20 5238
20 174584
21 99
21 131
21 132
21 133
21 195
21 237
21 174585
22 3
22 20
22 195
22 6913
22 6915
22 174586
23 76
23 342
23 343
23 345
23 174587
24 3
24 20
24 195
24 28129
24 168151
24 168153
24 168154
24 174588
25 243
25 244
25 245
25 247
25 174589
26 20
26 195
26 202
26 28129
26 131874
26 131876
26 174590
27 158
27 159
27 160
27 162
27 174591
28 9
28 10
28 11
28 13
28 163
29 5
29 20
29 99
29 131
29 132
29 133
29 165
29 166
30 3
30 5
30 20
30 4434
30 4436
30 174592
31 660
31 3261
31 3262
31 3264
31 126236
32 9
32 10
32 24
32 26
32 27
32 174593
33 4
33 5
33 99
33 133
33 175
33 176
33 178
33 174594
34 3
34 4
34 5
34 3691
34 3693
34 174595
35 4
35 5
35 202
35 5335
35 5337
35 174596
36 10
36 126
36 127
36 129
36 174597
37 5
37 20
37 99
37 131
37 132
37 133
37 166
37 174598
38 3
38 5
38 20
38 3199
38 5132
38 174599
39 71
39 76
39 190
39 191
39 174600
seqId 256
1 10
1 109
1 876
1 878
1 174601
2 3
2 5
2 20
2 5228
2 15262
2 174602
3 10
3 1387
3 1388
3 1390
3 174603
4 4
4 5
4 99
4 131
4 132
4 133
4 152
4 174604
5 3
5 4
5 5
5 174606
5 174607
5 174608
6 9
6 10
6 11
6 13
6 174609
7 67
7 72
7 6363
7 135196
7 140864
7 140865
7 174610
8 76
8 342
8 343
8 345
8 174611
9 5
9 20
9 81
9 82
9 83
9 84
9 85
9 87
9 174612
10 82
10 83
10 84
10 115
10 5729
10 5731
10 174613
11 5
11 84
11 91
11 93
11 121
11 702
11 703
11 705
11 174614
12 660
12 1377
12 6485
12 6487
12 174615
13 9
13 10
13 26
13 27
13 1539
13 174616
14 3
14 5
14 20
14 7120
14 7122
14 126256
15 5
15 20
15 90
15 122
15 708
15 769
15 31304
15 58651
15 126257
16 10
16 126
16 127
16 129
16 174617
17 4
17 5
17 99
17 131
17 132
17 133
17 152
17 174618
18 3
18 4
18 5
18 52510
18 52512
18 174619
19 230
19 231
19 232
19 234
19 174620
20 9
20 10
20 11
20 13
20 163
21 99
21 131
21 132
21 133
21 195
21 236
21 237
22 3
22 20
22 195
22 174622
22 174623
22 174624
23 76
23 342
23 343
23 345
23 63327
24 3
24 5
24 20
24 1684
24 13711
24 174625
25 82
25 758
25 759
25 761
25 174626
26 5
26 84
26 91
26 93
26 121
26 702
26 703
26 705
26 174627
27 5
27 20
27 90
27 122
27 708
27 769
27 4845
27 4847
27 174628
28 10
28 146
28 147
28 149
28 174629
29 5
29 27
29 99
29 131
29 132
29 133
29 135
29 174630
30 3
30 4
30 5
30 2608
30 4490
30 174631
31 9
31 10
31 24
31 26
31 27
31 174632
32 4
32 5
32 99
32 133
32 175
32 176
32 178
32 174633
33 3
33 4
33 5
33 6862
33 6864
33 174634
34 9
34 10
34 24
34 26
34 27
34 174635
35 3
35 4
35 195
35 1395
35 1397
35 174636
36 717
36 718
36 719
36 721
36 174637
37 10
37 146
37 147
37 149
37 722
38 5
38 20
38 99
38 131
38 132
38 133
38 165
38 166
39 3
39 5
39 20
39 15396
39 145101
39 174638
40 9
40 10
40 24
40 26
40 27
40 174639
41 3
41 5
41 20
41 35863
41 57314
41 174641
42 243
42 244
42 245
42 247
42 174642
43 9
43 10
43 24
43 26
43 27
43 174643
44 3
44 4
44 5
44 14686
44 49719
44 174644
45 9
45 10
45 11
45 13
45 174645
46 67
46 72
46 6363
46 135196
46 140864
46 140865
46 174646
47 10
47 109
47 110
47 112
47 126280
48 3
48 5
48 20
48 1875
48 1877
48 174647
49 51
49 195
49 1851
49 1853
49 174648
50 244
50 19444
50 19445
50 19447
50 174649
51 10
51 146
51 147
51 149
51 174650
52 4
52 5
52 99
52 131
52 132
52 133
52 152
52 41119
53 3
53 4
53 5
53 8842
53 9174
53 174651
54 9
54 10
54 24
54 26
54 27
54 174652
55 5
55 20
55 99
55 133
55 175
55 176
55 1316
55 174653
56 3
56 5
56 20
56 9469
56 10946
56 174654
57 5
57 20
57 202
57 3386
57 10488
57 174655
58 5
58 20
58 90
58 122
58 708
58 713
58 10347
58 12699
58 174656
59 10
59 828
59 829
59 831
59 174657
60 67
60 71
60 9179
60 9494
60 18718
60 174658
61 67
61 17607
61 162105
61 174558
61 174559
61 174659
62 243
62 244
62 245
62 247
62 174660
63 67
63 71
63 71
63 72
63 1026
63 4586
63 138233
63 138234
63 174661
64 67
64 5422
64 49269
64 174278
64 174279
64 174281
64 174282
64 174662
65 10
65 109
65 110
65 112
65 174663
66 51
66 195
66 4167
66 4169
66 174664
67 76
67 342
67 343
67 345
67 174665
68 6151
68 6152
68 6153
68 6155
68 174666
69 10
69 146
69 147
69 149
69 722
70 5
70 20
70 82
70 759
70 1432
70 6157
70 6158
71 84
71 91
71 93
71 121
71 195
71 702
71 703
71 1062
71 174667
72 5
72 20
72 90
72 122
72 708
72 769
72 8415
72 8417
72 174668
73 660
73 6695
73 6696
73 6698
73 174669
74 51
74 195
74 1368
74 1370
74 174670
75 3
75 20
75 195
75 340
75 11811
75 11813
75 174671
76 243
76 244
76 245
76 247
76 174672
77 4
77 5
77 99
77 133
77 175
77 176
77 178
77 174673
78 3
78 4
78 5
78 62629
78 174675
78 174676
79 9
79 10
79 11
79 13
79 53676
80 67
80 31939
80 31940
80 31942
80 174677
81 20
81 90
81 122
81 195
81 708
81 713
81 9952
81 27190
81 174678
82 10
82 146
82 147
82 149
82 174679
83 5
83 27
83 99
83 131
83 132
83 133
83 135
83 174680
84 5
84 67
84 55291
84 55294
84 174681
85 71
85 76
85 190
85 191
85 174682
seqId 257
1 99
1 131
1 132
1 133
1 195
1 1220
1 174683
2 3
2 4
2 195
2 729
2 731
2 174684
3 4
3 195
3 202
3 27270
3 60972
3 174685
4 76
4 342
4 343
4 345
4 174686
5 5
5 20
5 99
5 131
5 132
5 133
5 166
5 174687
6 3
6 5
6 20
6 2863
6 2865
6 174688
7 5
7 84
7 91
7 93
7 121
7 702
7 703
7 705
7 41157
8 5
8 20
8 90
8 122
8 708
8 769
8 5094
8 15904
8 174689
9 99
9 115
9 195
9 773
9 774
9 775
9 776
9 3400
9 174690
10 3
10 20
10 195
10 1320
10 3384
10 174691
11 10
11 126
11 127
11 129
11 174692
12 76
12 137
12 138
12 140
12 174693
13 99
13 131
13 132
13 133
13 195
13 1220
13 174694
14 3
14 20
14 195
14 33358
14 34347
14 174695
15 158
15 159
15 160
15 162
15 174696
16 9
16 10
16 11
16 13
16 163
17 5
17 20
17 99
17 131
17 132
17 133
17 165
17 166
18 3
18 5
18 20
18 2081
18 29574
18 174697
19 5
19 20
19 202
19 145013
19 174699
19 174700
20 243
20 244
20 245
20 247
20 174701
21 5
21 20
21 202
21 174703
21 174704
21 174705
22 76
22 413
22 414
22 416
22 174706
23 51
23 195
23 1853
23 57380
23 57382
23 174707
24 76
24 433
24 434
24 436
24 174708
25 76
25 342
25 343
25 345
25 174709
26 76
26 137
26 138
26 140
26 174710
27 5
27 27
27 99
27 131
27 132
27 133
27 699
27 174711
28 3
28 4
28 5
28 14686
28 14688
28 174712
29 4
29 5
29 202
29 3199
29 5132
29 174713
30 4
30 5
30 90
30 122
30 708
30 713
30 1104
30 97975
30 97977
30 174714
31 76
31 185
31 186
31 188
31 174715
32 76
32 413
32 414
32 416
32 174716
33 51
33 195
33 4164
33 57091
33 57093
33 174717
34 76
34 342
34 343
34 345
34 174718
35 10
35 1387
35 1388
35 1390
35 174719
36 4
36 5
36 99
36 133
36 175
36 176
36 178
36 174720
37 3
37 4
37 5
37 6862
37 6864
37 174721
38 9
38 10
38 24
38 26
38 27
38 174722
39 3
39 4
39 195
39 1395
39 1397
39 174723
40 10
40 109
40 110
40 112
40 174724
41 3
41 5
41 20
41 1875
41 1877
41 174725
42 51
42 195
42 5922
42 5924
42 174726
43 76
43 433
43 434
43 436
43 174727
44 76
44 342
44 343
44 345
44 174728
45 76
45 137
45 138
45 140
45 174729
46 5
46 20
46 99
46 131
46 132
46 133
46 967
46 174730
47 3
47 5
47 20
47 2081
47 29574
47 174731
48 9
48 10
48 11
48 13
48 174732
49 5
49 27
49 99
49 131
49 132
49 133
49 135
49 174733
50 3
50 4
50 5
50 35292
50 35294
50 174734
51 76
51 185
51 186
51 188
51 174735
52 76
52 413
52 414
52 416
52 174736
53 51
53 195
53 5924
53 57146
53 57148
53 174737
54 76
54 433
54 434
54 436
54 174738
55 243
55 244
55 245
55 247
55 174739
56 76
56 137
56 138
56 140
56 174740
57 3
57 5
57 20
57 2081
57 48543
57 174741
58 76
58 342
58 343
58 345
58 174742
59 3
59 4
59 195
59 35292
59 35311
59 174743
60 243
60 244
60 245
60 247
60 174744
61 3
61 4
61 195
61 13797
61 39179
61 174745
62 76
62 185
62 186
62 188
62 174746
63 76
63 413
63 414
63 416
63 174747
64 51
64 195
64 5344
64 41222
64 57176
64 57178
65 76
65 433
65 434
65 436
65 174748
66 76
66 1267
66 1268
66 1270
66 174749
seqId 258
1 51
1 195
1 2526
1 2528
1 174750
2 3
2 20
2 195
2 2034
2 3403
2 174751
3 20
3 195
3 202
3 24418
3 24420
3 174752
4 9
4 10
4 11
4 13
4 53737
5 5
5 27
5 99
5 131
5 132
5 133
5 135
5 174753
6 5
6 67
6 55291
6 55294
6 174754
7 243
7 244
7 245
7 247
7 126371
8 85
8 99
8 195
8 638
8 640
8 174755
9 3
9 20
9 195
9 1806
9 1808
9 1809
9 1810
9 174756
10 82
10 83
10 84
10 115
10 5729
10 5731
10 174757
11 84
11 91
11 93
11 121
11 195
11 702
11 703
11 1062
11 174758
12 5
12 20
12 90
12 122
12 708
12 769
12 3482
12 3484
12 174759
13 99
13 115
13 195
13 773
13 775
13 776
13 2192
13 2194
13 174760
14 3
14 4
14 15
14 195
14 4121
14 174761
15 71
15 76
15 190
15 191
15 174762
seqId 259
1 5
1 20
1 99
1 133
1 175
1 176
1 9647
1 174763
2 5
2 20
2 202
2 2294
2 2296
2 174764
3 3
3 5
3 20
3 8459
3 8461
3 174765
4 99
4 133
4 175
4 176
4 195
4 234
4 174766
5 3
5 4
5 15
5 195
5 4121
5 174767
6 10
6 126
6 127
6 129
6 174768
7 99
7 131
7 132
7 133
7 195
7 237
7 174769
8 3
8 20
8 195
8 33358
8 34347
8 174770
9 230
9 231
9 232
9 234
9 174771
10 9
10 10
10 11
10 13
10 163
11 99
11 131
11 132
11 133
11 195
11 236
11 237
12 3
12 20
12 195
12 2081
12 36474
12 174772
13 5
13 84
13 90
13 91
13 93
13 121
13 4379
13 9977
13 174773
14 10
14 126
14 127
14 129
14 53764
15 4
15 5
15 99
15 131
15 132
15 133
15 152
15 98592
16 3
16 4
16 5
16 38988
16 38990
16 174774
17 243
17 244
17 245
17 247
17 174775
18 5
18 27
18 99
18 131
18 132
18 133
18 135
18 174776
19 3
19 5
19 20
19 33358
19 35385
19 174777
20 5
20 20
20 202
20 35387
20 35389
20 174778
21 10
21 283
21 284
21 286
21 174779
22 5
22 99
22 115
22 773
22 775
22 776
22 2192
22 3593
22 174780
23 3
23 4
23 5
23 6763
23 6765
23 174781
24 4
24 5
24 202
24 322
24 22672
24 174782
25 243
25 244
25 245
25 247
25 174783
26 4
26 5
26 202
26 3199
26 5132
26 174784
27 71
27 76
27 190
27 191
27 174785
seqId 260
1 5
1 20
1 27
1 36
1 82
1 84
1 98
1 100
1 174786
2 5
2 84
2 91
2 93
2 121
2 703
2 707
2 956
2 174787
3 660
3 2643
3 2644
3 2646
3 174788
4 10
4 283
4 284
4 286
4 174789
5 5
5 20
5 98
5 99
5 100
5 102
5 174790
6 3
6 5
6 20
6 4345
6 4347
6 174791
7 944
7 945
7 946
7 948
7 174792
8 27
8 82
8 84
8 114
8 115
8 116
8 118
8 174793
9 84
9 90
9 91
9 93
9 121
9 195
9 4258
9 23888
9 174794
10 99
10 131
10 132
10 133
10 195
10 237
10 174795
11 3
11 4
11 15
11 195
11 4121
11 174796
12 9
12 10
12 11
12 13
12 135380
13 67
13 174157
13 174159
13 174797
13 174798
14 67
14 407
14 174800
14 174801
14 174802
14 174803
15 71
15 76
15 190
15 191
15 174804
seqId 261
1 10
1 7340
1 7341
1 7343
1 174805
2 51
2 195
2 20059
2 20061
2 174806
3 76
3 342
3 343
3 345
3 174807
4 5
4 20
4 82
4 83
4 84
4 115
4 763
4 1002
4 174808
5 5
5 72
5 84
5 90
5 91
5 93
5 121
5 5390
5 113792
5 174810
5 174811
6 10
6 146
6 147
6 149
6 174812
7 5
7 27
7 99
7 131
7 132
7 133
7 135
7 174813
8 3
8 5
8 20
8 5498
8 5500
8 174814
9 9
9 10
9 11
9 13
9 174815
10 3
10 4
10 5
10 15
10 5937
10 174816
11 243
11 244
11 245
11 247
11 174817
12 9
12 10
12 24
12 26
12 27
12 174818
13 3
13 4
13 5
13 14686
13 49719
13 174819
14 230
14 231
14 232
14 234
14 174820
15 9
15 10
15 11
15 13
15 163
16 99
16 131
16 132
16 133
16 195
16 236
16 237
17 3
17 20
17 195
17 340
17 7626
17 147262
17 174821
18 5
18 20
18 99
18 133
18 175
18 176
18 1316
18 174822
19 3
19 5
19 20
19 2863
19 2865
19 174823
20 10
20 126
20 127
20 129
20 174824
21 5
21 99
21 131
21 132
21 133
21 135
21 171
21 174825
22 3
22 4
22 5
22 14686
22 14688
22 174826
23 9
23 10
23 11
23 13
23 174827
24 67
24 601
24 603
24 1197
24 174828
25 717
25 718
25 719
25 721
25 98657
26 10
26 146
26 147
26 149
26 722
27 5
27 20
27 99
27 131
27 132
27 133
27 165
27 166
28 5
28 20
28 202
28 1718
28 57849
28 174829
29 3
29 5
29 20
29 65093
29 165778
29 174830
30 76
30 342
30 343
30 345
30 41316
31 10
31 126
31 127
31 129
31 174831
32 99
32 133
32 175
32 176
32 195
32 234
32 174832
33 3
33 20
33 195
33 1684
33 1686
33 174833
34 9
34 10
34 26
34 169
34 171
34 174834
35 3
35 4
35 5
35 14686
35 14688
35 174835
36 4
36 5
36 72
36 72
36 202
36 1104
36 6756
36 34377
36 109038
36 174837
36 174838
37 76
37 413
37 414
37 416
37 174839
38 3
38 5
38 20
38 71
38 71
38 71
38 72
38 72
38 72
38 340
38 518
38 1587
38 7291
38 7759
38 8684
38 9486
38 9768
38 9771
38 9774
38 9774
38 9775
38 9775
38 9775
38 9777
38 9809
38 14073
38 22788
38 38010
38 114603
38 164074
38 174841
38 174842
38 174843
38 174844
38 174845
seqId 262
1 5
1 20
1 98
1 99
1 100
1 8099
1 11021
2 3
2 5
2 20
2 2863
2 2865
2 174846
3 5
3 84
3 91
3 93
3 121
3 702
3 703
3 705
3 53855
4 660
4 6695
4 6696
4 6698
4 174847
5 5
5 20
5 90
5 122
5 708
5 769
5 29073
5 164260
5 174848
6 4
6 5
6 99
6 131
6 132
6 133
6 152
6 174849
7 3
7 4
7 5
7 4550
7 8014
7 174850
8 10
8 109
8 110
8 112
8 174851
9 51
9 195
9 5922
9 5924
9 174852
10 9
10 10
10 24
10 26
10 27
10 174853
11 5
11 20
11 99
11 133
11 175
11 176
11 1316
11 11028
12 3
12 5
12 19
12 20
12 105
12 98693
13 10
13 283
13 284
13 286
13 174854
14 4
14 5
14 99
14 131
14 132
14 133
14 152
14 174855
15 3
15 4
15 5
15 9329
15 9660
15 174856
16 4
16 195
16 202
16 791
16 9490
16 22976
16 168118
16 174858
16 174859
17 71
17 76
17 190
17 191
17 174860
seqId 263
1 4
1 5
1 99
1 131
1 132
1 133
1 811
1 135468
2 3
2 4
2 5
2 7803
2 7805
2 174861
3 9
3 10
3 11
3 13
3 174862
4 67
4 174157
4 174159
4 174797
4 174863
5 67
5 407
5 174800
5 174801
5 174803
5 174864
6 717
6 718
6 719
6 721
6 174865
7 10
7 146
7 147
7 149
7 722
8 5
8 20
8 99
8 131
8 132
8 133
8 165
8 166
9 3
9 5
9 20
9 10672
9 10674
9 174866
10 67
10 5929
10 5930
10 5932
10 5933
10 174867
11 67
11 24729
11 104469
11 174869
11 174870
11 174871
12 76
12 413
12 414
12 416
12 174872
13 3
13 4
13 5
13 22402
13 22404
13 174873
14 4
14 5
14 72
14 202
14 4559
14 17096
14 24371
14 108394
14 136994
14 174875
14 174876
15 10
15 109
15 110
15 112
15 41374
16 3
16 4
16 5
16 3239
16 3241
16 174877
17 158
17 159
17 160
17 162
17 174878
18 9
18 10
18 11
18 13
18 163
19 5
19 20
19 99
19 131
19 132
19 133
19 165
19 166
20 5
20 20
20 67
20 601
20 603
20 174879
21 5
21 20
21 202
21 36111
21 36113
21 174880
22 76
22 433
22 434
22 436
22 174881
23 27
23 82
23 84
23 114
23 115
23 116
23 118
23 174882
24 5
24 84
24 91
24 93
24 121
24 703
24 707
24 956
24 174883
25 4
25 5
25 90
25 122
25 708
25 769
25 4222
25 9849
25 174884
26 10
26 828
26 829
26 831
26 174885
27 4
27 5
27 99
27 131
27 132
27 133
27 152
27 174886
28 3
28 4
28 5
28 8842
28 9174
28 174887
29 9
29 10
29 24
29 26
29 27
29 174888
30 5
30 20
30 99
30 133
30 175
30 176
30 1316
30 174889
31 5
31 20
31 202
31 1466
31 18974
31 174890
32 3
32 5
32 20
32 9469
32 10946
32 174891
33 5
33 20
33 202
33 3386
33 10488
33 174892
34 10
34 109
34 110
34 112
34 53910
35 51
35 195
35 1851
35 1853
35 174893
36 71
36 76
36 190
36 191
36 174894
seqId 264
1 99
1 115
1 195
1 773
1 774
1 775
1 776
1 14703
1 174895
2 3
2 4
2 15
2 195
2 4121
2 174896
3 4
3 195
3 202
3 7602
3 7604
3 174897
4 717
4 718
4 719
4 721
4 174898
5 10
5 146
5 147
5 149
5 722
6 5
6 20
6 99
6 131
6 132
6 133
6 165
6 166
7 3
7 5
7 20
7 105847
7 105849
7 174899
8 9
8 10
8 11
8 13
8 174900
9 4
9 5
9 99
9 131
9 132
9 133
9 152
9 174901
10 3
10 4
10 5
10 174903
10 174904
10 174905
11 10
11 283
11 284
11 286
11 174906
12 5
12 20
12 99
12 131
12 132
12 133
12 166
12 174907
13 3
13 5
13 20
13 13358
13 28067
13 174908
14 5
14 20
14 202
14 35387
14 35389
14 174909
15 9
15 10
15 11
15 13
15 174910
16 67
16 601
16 603
16 1197
16 174911
17 76
17 342
17 343
17 345
17 174912
18 660
18 1796
18 1797
18 1799
18 174913
19 158
19 159
19 160
19 162
19 174914
20 9
20 10
20 11
20 13
20 163
21 5
21 20
21 99
21 131
21 132
21 133
21 165
21 166
22 3
22 5
22 20
22 3118
22 3120
22 174915
23 9
23 10
23 11
23 13
23 174916
24 3
24 4
24 5
24 3123
24 3125
24 174917
25 5
25 20
25 202
25 254
25 256
25 174918
26 944
26 945
26 946
26 948
26 174919
27 5
27 20
27 202
27 322
27 36035
27 174920
28 243
28 244
28 245
28 247
28 174921
29 5
29 20
29 202
29 3199
29 5132
29 174922
30 76
30 342
30 343
30 345
30 174923
31 84
31 91
31 93
31 121
31 195
31 702
31 703
31 1062
31 174924
32 5
32 20
32 90
32 122
32 708
32 768
32 769
32 771
32 174925
33 3
33 5
33 20
33 1905
33 1907
33 174926
34 10
34 146
34 147
34 149
34 174927
35 5
35 27
35 99
35 131
35 132
35 133
35 135
35 41443
36 3
36 4
36 5
36 2608
36 4490
36 174928
37 9
37 10
37 24
37 26
37 27
37 174929
38 4
38 5
38 99
38 133
38 175
38 176
38 178
38 174930
39 3
39 4
39 5
39 41432
39 41434
39 174931
40 76
40 413
40 414
40 416
40 174932
41 5
41 20
41 99
41 131
41 132
41 133
41 967
41 174933
42 3
42 5
42 20
42 22657
42 22659
42 174934
43 230
43 231
43 232
43 234
43 174935
44 9
44 10
44 11
44 13
44 163
45 99
45 131
45 132
45 133
45 195
45 236
45 237
46 3
46 20
46 195
46 340
46 21447
46 174937
46 174938
47 76
47 342
47 343
47 345
47 174939
48 51
48 195
48 4167
48 4169
48 174940
49 76
49 433
49 434
49 436
49 174941
50 76
50 342
50 343
50 345
50 174942
51 244
51 1249
51 1250
51 1252
51 174943
52 660
52 1622
52 1623
52 1625
52 174944
53 10
53 146
53 147
53 149
53 174945
54 4
54 5
54 99
54 131
54 132
54 133
54 152
54 174946
55 3
55 4
55 5
55 8842
55 9174
55 174947
56 9
56 10
56 11
56 13
56 63681
57 85
57 99
57 195
57 638
57 640
57 174948
58 3
58 20
58 195
58 9469
58 9471
58 174949
59 20
59 195
59 202
59 3386
59 3388
59 174950
60 76
60 413
60 414
60 416
60 174951
61 5
61 20
61 99
61 131
61 132
61 133
61 967
61 174952
62 5
62 20
62 67
62 601
62 603
62 174953
63 158
63 159
63 160
63 162
63 174954
64 9
64 10
64 11
64 13
64 163
65 5
65 20
65 99
65 131
65 132
65 133
65 165
65 166
66 5
66 20
66 202
66 1718
66 57849
66 174955
67 3
67 5
67 20
67 15215
67 65093
67 131674
67 174956
68 76
68 342
68 343
68 345
68 174957
69 51
69 195
69 4162
69 4164
69 174958
70 76
70 1267
70 1268
70 1270
70 174959
71 67
71 601
71 603
71 1197
71 174960
72 76
72 342
72 343
72 345
72 11180
73 3
73 4
73 5
73 38988
73 38990
73 174961
74 9
74 10
74 11
74 13
74 41477
75 3
75 4
75 5
75 17016
75 18984
75 174963
76 76
76 342
76 343
76 345
76 174964
77 51
77 195
77 4167
77 4169
77 174965
78 76
78 433
78 434
78 436
78 174966
79 71
79 76
79 190
79 191
79 174967
seqId 265
1 67
1 174157
1 174159
1 174797
1 174968
2 67
2 407
2 174800
2 174801
2 174803
2 174969
3 5
3 84
3 91
3 93
3 121
3 703
3 707
3 956
3 174970
4 660
4 1513
4 1514
4 1516
4 174971
5 10
5 146
5 147
5 149
5 174972
6 5
6 27
6 99
6 131
6 132
6 133
6 135
6 174973
7 3
7 4
7 5
7 740
7 742
7 174974
8 76
8 342
8 343
8 345
8 174975
9 10
9 1387
9 1388
9 1390
9 41493
10 67
10 174176
10 174178
10 174555
10 174976
11 67
11 6985
11 48761
11 174978
11 174979
11 174980
11 174981
12 243
12 244
12 245
12 247
12 174982
13 67
13 17618
13 17619
13 17621
13 174983
14 67
14 96
14 174350
14 174351
14 174353
14 174984
15 76
15 342
15 343
15 345
15 174985
16 9
16 10
16 24
16 26
16 27
16 174986
17 5
17 20
17 99
17 133
17 175
17 176
17 1316
17 174987
18 3
18 5
18 20
18 429
18 431
18 174988
19 9
19 10
19 11
19 13
19 174989
20 3
20 4
20 5
20 174991
20 174992
20 174993
21 4
21 5
21 202
21 12971
21 12973
21 174994
22 71
22 76
22 190
22 191
22 174995
seqId 266
1 3
1 2548
1 6896
1 73607
1 174996
2 10
2 146
2 147
2 149
2 174997
3 51
3 195
3 1501
3 1503
3 174998
4 3
4 4
4 195
4 6862
4 14459
4 174999
5 9
5 10
5 24
5 26
5 27
5 175000
6 3
6 4
6 195
6 1395
6 1397
6 175001
7 10
7 126
7 127
7 129
7 175002
8 99
8 131
8 132
8 133
8 195
8 237
8 175003
9 3
9 4
9 195
9 2773
9 2775
9 175004
10 243
10 244
10 245
10 247
10 175005
11 5
11 99
11 131
11 132
11 133
11 135
11 171
11 175006
12 3
12 4
12 5
12 14686
12 14688
12 175007
13 9
13 10
13 11
13 13
13 63730
14 67
14 72
14 6363
14 135196
14 140864
14 140865
14 175008
15 10
15 109
15 110
15 112
15 126604
16 51
16 72
16 195
16 52466
16 175010
16 175011
16 175012
17 76
17 342
17 343
17 345
17 175013
18 5
18 20
18 99
18 133
18 175
18 176
18 1316
18 175014
19 3
19 5
19 20
19 1320
19 1322
19 175015
20 5
20 20
20 202
20 3386
20 10488
20 175016
21 9
21 10
21 26
21 169
21 171
21 175017
22 3
22 4
22 5
22 18168
22 18422
22 175018
23 158
23 159
23 160
23 162
23 126613
24 9
24 10
24 11
24 13
24 163
25 5
25 20
25 99
25 131
25 132
25 133
25 165
25 166
26 3
26 5
26 20
26 70793
26 175020
26 175021
27 5
27 20
27 202
27 37563
27 175023
27 175024
28 9
28 10
28 11
28 13
28 175025
29 67
29 72
29 6363
29 135196
29 140864
29 140865
29 175026
30 76
30 413
30 414
30 416
30 175027
31 3
31 4
31 5
31 28222
31 28224
31 175028
32 75
32 76
32 77
32 79
32 175029
33 51
33 195
33 11455
33 80493
33 175031
33 175032
34 76
34 433
34 434
34 436
34 175033
35 5
35 84
35 91
35 93
35 121
35 702
35 703
35 705
35 175034
36 5
36 20
36 122
36 703
36 707
36 708
36 710
36 175035
37 5
37 20
37 90
37 122
37 708
37 713
37 9250
37 25965
37 175036
38 10
38 1387
38 1388
38 1390
38 175037
39 99
39 131
39 132
39 133
39 195
39 237
39 175038
40 3
40 20
40 195
40 7149
40 7151
40 175039
41 9
41 10
41 11
41 13
41 175040
42 3
42 4
42 5
42 94879
42 102614
42 175042
42 175043
43 9
43 10
43 11
43 13
43 175044
44 509
44 699
44 5178
44 33199
44 145838
44 175045
45 243
45 244
45 245
45 247
45 175046
46 368
46 509
46 5178
46 9490
46 175048
46 175049
47 71
47 76
47 190
47 191
47 63761
seqId 267
1 4
1 5
1 99
1 131
1 132
1 133
1 811
1 63762
2 3
2 4
2 5
2 70020
2 70022
2 175050
3 158
3 159
3 160
3 162
3 175051
4 9
4 10
4 11
4 13
4 163
5 5
5 20
5 99
5 131
5 132
5 133
5 165
5 166
6 3
6 5
6 20
6 32869
6 32871
6 175052
7 5
7 84
7 91
7 93
7 121
7 702
7 703
7 705
7 175053
8 5
8 20
8 122
8 703
8 707
8 708
8 710
8 175054
9 4
9 5
9 90
9 122
9 708
9 713
9 1104
9 54437
9 104336
9 172378
9 175056
10 76
10 413
10 414
10 416
10 175057
11 660
11 63770
11 77612
11 77613
11 77615
12 51
12 195
12 1203
12 1205
12 175058
13 3
13 4
13 195
13 11431
13 11433
13 175059
14 9
14 10
14 11
14 13
14 63774
15 3
15 4
15 5
15 174991
15 174993
15 175060
16 76
16 433
16 434
16 436
16 175061
17 71
17 76
17 190
17 191
17 135641
seqId 268
1 5
1 20
1 99
1 133
1 175
1 176
1 9647
1 175062
2 3
2 5
2 20
2 429
2 431
2 175063
3 9
3 10
3 24
3 26
3 27
3 175064
4 3
4 4
4 5
4 18168
4 18422
4 175065
5 10
5 109
5 110
5 112
5 175066
6 3
6 4
6 5
6 3239
6 3241
6 175067
7 5
7 84
7 91
7 93
7 121
7 703
7 707
7 956
7 63782
8 10
8 109
8 110
8 112
8 175068
9 3
9 5
9 20
9 389
9 391
9 175069
10 9
10 10
10 11
10 13
10 98909
11 3
11 4
11 5
11 10638
11 10812
11 175070
12 76
12 342
12 343
12 345
12 41596
13 10
13 283
13 284
13 286
13 41597
14 5
14 20
14 99
14 131
14 132
14 133
14 166
14 41598
15 3
15 5
15 20
15 4345
15 4347
15 175071
16 158
16 159
16 160
16 162
16 63794
17 9
17 10
17 11
17 13
17 163
18 5
18 20
18 99
18 131
18 132
18 133
18 165
18 166
19 3
19 5
19 20
19 10672
19 10674
19 175072
20 76
20 137
20 138
20 140
20 175073
21 3
21 4
21 195
21 340
21 65399
21 175075
21 175076
22 9
22 10
22 11
22 13
22 175077
23 5
23 27
23 99
23 131
23 132
23 133
23 135
23 175078
24 3
24 4
24 5
24 175080
24 175081
24 175082
25 9
25 10
25 11
25 13
25 175083
26 67
26 72
26 6363
26 135196
26 140864
26 140865
26 175084
27 76
27 185
27 186
27 188
27 175085
28 76
28 342
28 343
28 345
28 175086
29 5
29 20
29 90
29 122
29 708
29 713
29 4845
29 4847
29 175087
30 10
30 828
30 829
30 831
30 175088
31 67
31 31157
31 31159
31 57124
31 175089
32 67
32 12747
32 12822
32 48407
32 175091
32 175092
32 175093
32 175094
33 76
33 413
33 414
33 416
33 175095
34 3
34 4
34 5
34 2997
34 34126
34 175096
35 4
35 5
35 202
35 3001
35 49788
35 175097
36 230
36 231
36 232
36 234
36 175098
37 9
37 10
37 11
37 13
37 163
38 99
38 131
38 132
38 133
38 195
38 236
38 237
39 3
39 4
39 195
39 340
39 65399
39 175076
39 175099
40 76
40 433
40 434
40 436
40 175100
41 71
41 76
41 190
41 191
41 175101
seqId 269
1 99
1 131
1 132
1 133
1 195
1 1220
1 175102
2 3
2 20
2 195
2 1320
2 3384
2 175103
3 20
3 90
3 122
3 195
3 708
3 713
3 3686
3 9599
3 175104
4 717
4 718
4 719
4 721
4 41629
5 10
5 146
5 147
5 149
5 722
6 5
6 20
6 99
6 131
6 132
6 133
6 165
6 166
7 3
7 5
7 20
7 1325
7 1327
7 11375
8 9
8 10
8 11
8 13
8 11376
9 5
9 20
9 98
9 99
9 100
9 102
9 175105
10 3
10 5
10 20
10 72
10 279
10 172668
10 172670
10 175106
11 84
11 90
11 91
11 93
11 121
11 195
11 7254
11 175108
11 175109
12 660
12 19069
12 19070
12 19072
12 175110
13 5
13 27
13 99
13 131
13 132
13 133
13 135
13 175111
14 3
14 5
14 20
14 23151
14 23153
14 175112
15 230
15 231
15 232
15 234
15 175113
16 9
16 10
16 11
16 13
16 163
17 99
17 131
17 132
17 133
17 195
17 236
17 237
18 3
18 20
18 195
18 10402
18 10404
18 175114
19 158
19 159
19 160
19 162
19 63833
20 9
20 10
20 11
20 13
20 163
21 5
21 20
21 99
21 131
21 132
21 133
21 165
21 166
22 5
22 20
22 202
22 38807
22 38809
22 175115
23 5
23 20
23 67
23 37445
23 135367
23 171893
23 175116
24 10
24 283
24 284
24 286
24 175117
25 5
25 20
25 99
25 131
25 132
25 133
25 166
25 63837
26 3
26 5
26 20
26 34626
26 37417
26 63838
27 5
27 20
27 26
27 202
27 340
27 11542
27 91705
27 171503
27 175119
27 175120
28 243
28 244
28 245
28 247
28 175121
29 5
29 20
29 202
29 21447
29 108927
29 175122
30 76
30 342
30 343
30 345
30 175123
31 82
31 758
31 759
31 761
31 175124
32 5
32 84
32 91
32 93
32 121
32 703
32 707
32 956
32 175125
33 660
33 60479
33 60480
33 60482
33 175126
34 9
34 10
34 24
34 26
34 27
34 175127
35 90
35 443
35 92104
35 175129
35 175130
36 4
36 5
36 99
36 133
36 175
36 176
36 178
36 175131
37 3
37 4
37 5
37 8943
37 32404
37 175132
38 230
38 231
38 232
38 234
38 175133
39 9
39 10
39 11
39 13
39 163
40 99
40 131
40 132
40 133
40 195
40 236
40 237
41 3
41 4
41 195
41 21181
41 21183
41 175134
42 243
42 244
42 245
42 247
42 175135
43 82
43 758
43 759
43 761
43 126709
44 5
44 84
44 90
44 91
44 93
44 121
44 9141
44 63858
44 94553
45 5
45 27
45 99
45 131
45 132
45 133
45 135
45 175136
46 3
46 5
46 20
46 522
46 939
46 175137
47 9
47 10
47 11
47 13
47 175138
48 3
48 20
48 195
48 5228
48 5230
48 175139
49 10
49 1387
49 1388
49 1390
49 175140
50 4
50 85
50 99
50 195
50 1951
50 1953
50 175141
51 3
51 4
51 195
51 347
51 349
51 175142
52 9
52 10
52 11
52 13
52 175143
53 3
53 4
53 5
53 15
53 17
53 175144
54 76
54 413
54 414
54 416
54 175145
55 67
55 5978
55 47596
55 75755
55 175147
55 175148
55 175149
56 76
56 342
56 343
56 345
56 175150
57 67
57 31833
57 37859
57 175152
57 175153
57 175154
58 76
58 433
58 434
58 436
58 175155
59 71
59 76
59 190
59 191
59 175156
seqId 270
1 10
1 828
1 1336
1 1539
1 175157
2 660
2 2210
2 2211
2 2213
2 175158
3 76
3 342
3 343
3 345
3 175159
4 5
4 27
4 99
4 131
4 132
4 133
4 135
4 175160
5 4
5 5
5 202
5 1466
5 1468
5 99004
6 3
6 4
6 5
6 897
6 899
6 175161
7 4
7 5
7 202
7 19363
7 19365
7 175162
8 4
8 5
8 90
8 122
8 708
8 713
8 3563
8 22559
8 175163
9 10
9 828
9 829
9 831
9 175164
10 67
10 174176
10 174178
10 174555
10 175165
11 67
11 17607
11 162105
11 174558
11 174559
11 175166
12 5
12 84
12 90
12 91
12 93
12 121
12 8415
12 26981
12 175167
13 10
13 146
13 147
13 149
13 175168
14 90
14 443
14 21513
14 21515
14 175169
15 4
15 5
15 99
15 131
15 132
15 133
15 152
15 175170
16 3
16 4
16 5
16 7721
16 7723
16 175171
17 230
17 231
17 232
17 234
17 175172
18 9
18 10
18 11
18 13
18 163
19 99
19 131
19 132
19 133
19 195
19 236
19 237
20 3
20 20
20 195
20 2034
20 3403
20 175173
21 9
21 10
21 11
21 13
21 175174
22 5
22 27
22 99
22 131
22 132
22 133
22 135
22 175175
23 2
23 3
23 4
23 5
23 181
23 175176
24 243
24 244
24 245
24 247
24 175177
25 9
25 10
25 11
25 13
25 11486
26 99
26 115
26 195
26 773
26 775
26 776
26 2192
26 2194
26 175178
27 3
27 20
27 195
27 1806
27 1808
27 1809
27 1810
27 175179
28 76
28 413
28 414
28 416
28 175180
29 3
29 4
29 5
29 19388
29 20837
29 54175
30 64
30 67
30 116691
30 151811
30 175182
30 175183
30 175184
31 76
31 342
31 343
31 345
31 175185
32 3
32 5
32 20
32 951
32 37953
32 175186
33 67
33 32196
33 118763
33 175188
33 175189
33 175190
34 76
34 1267
34 1268
34 1270
34 175191
35 3
35 20
35 195
35 340
35 5018
35 129804
35 175192
36 20
36 195
36 202
36 340
36 36111
36 168242
36 175194
37 76
37 342
37 343
37 345
37 175195
38 67
38 26224
38 50699
38 175197
38 175198
38 175199
39 76
39 433
39 434
39 436
39 175200
40 71
40 76
40 190
40 191
40 175201
seqId 271
1 67
1 71
1 147631
1 175203
1 175204
1 175205
seqId 272
1 3
1 20
1 195
1 340
1 494
1 48646
1 172579
1 175206
2 243
2 244
2 245
2 247
2 175207
3 3
3 4
3 195
3 10184
3 10186
3 175208
4 158
4 159
4 160
4 162
4 175209
5 9
5 10
5 11
5 13
5 163
6 5
6 20
6 99
6 131
6 132
6 133
6 165
6 166
7 3
7 5
7 20
7 3199
7 5132
7 175210
seqId 273
1 5
1 20
1 99
1 131
1 132
1 133
1 967
1 175211
2 3
2 5
2 20
2 72
2 279
2 172668
2 172670
2 175212
3 3
3 20
3 195
3 340
3 494
3 48646
3 172579
3 175213
4 243
4 244
4 245
4 247
4 175214
5 3
5 4
5 195
5 10184
5 10186
5 175215
6 158
6 159
6 160
6 162
6 175216
7 9
7 10
7 11
7 13
7 163
8 5
8 20
8 99
8 131
8 132
8 133
8 165
8 166
9 3
9 5
9 20
9 3199
9 5132
9 175217
10 5
10 84
10 90
10 91
10 93
10 121
10 10527
10 41845
10 175218
11 5
11 20
11 99
11 131
11 132
11 133
11 166
11 175219
12 76
12 137
12 138
12 140
12 175220
13 3
13 5
13 20
13 3199
13 5132
13 175221
14 76
14 185
14 186
14 188
14 11576
15 10
15 283
15 284
15 286
15 175222
16 4
16 195
16 202
16 1377
16 1379
16 175223
17 99
17 115
17 195
17 773
17 774
17 775
17 776
17 3400
17 175224
18 3
18 4
18 195
18 6763
18 18041
18 175225
19 76
19 342
19 343
19 345
19 175226
20 90
20 121
20 122
20 1316
20 106443
20 153225
20 175228
21 3
21 4
21 5
21 33173
21 33763
21 175229
22 4
22 5
22 202
22 105379
22 105381
22 175230
23 243
23 244
23 245
23 247
23 175231
24 3
24 4
24 5
24 4107
24 4109
24 175232
25 4
25 5
25 202
25 340
25 10649
25 10651
25 10652
25 10653
25 10654
25 175233
26 71
26 76
26 190
26 191
26 175234
seqId 274
1 4
1 5
1 99
1 131
1 132
1 133
1 811
1 175235
2 3
2 4
2 5
2 4249
2 4251
2 175236
3 230
3 231
3 232
3 234
3 175237
4 9
4 10
4 11
4 13
4 163
5 99
5 131
5 132
5 133
5 195
5 236
5 237
6 3
6 20
6 195
6 5228
6 5230
6 175238
7 10
7 1605
7 1606
7 1608
7 175239
8 3
8 4
8 195
8 340
8 1573
8 1575
8 175240
9 76
9 342
9 343
9 345
9 175241
10 3
10 4
10 195
10 340
10 81592
10 81594
10 175243
11 243
11 244
11 245
11 247
11 175244
12 3
12 20
12 195
12 2081
12 36474
12 175245
13 5
13 84
13 91
13 93
13 121
13 703
13 707
13 956
13 175246
14 4
14 5
14 90
14 122
14 708
14 713
14 1104
14 35819
14 35870
14 175247
15 10
15 146
15 149
15 2548
15 175248
16 3
16 5
16 20
16 38959
16 38961
16 175249
17 85
17 99
17 195
17 638
17 640
17 175250
18 3
18 4
18 195
18 33173
18 33175
18 175251
19 71
19 76
19 190
19 191
19 175252
seqId 275
1 4
1 5
1 99
1 131
1 132
1 133
1 811
1 175253
2 3
2 4
2 5
2 4249
2 4251
2 175254
3 230
3 231
3 232
3 234
3 175255
4 9
4 10
4 11
4 13
4 163
5 99
5 131
5 132
5 133
5 195
5 236
5 237
6 3
6 4
6 195
6 340
6 1573
6 1575
6 175256
7 76
7 342
7 343
7 345
7 175257
8 10
8 1605
8 1606
8 1608
8 175258
9 3
9 4
9 195
9 340
9 175260
9 175261
9 175262
10 76
10 342
10 343
10 345
10 175263
11 3
11 4
11 5
11 44971
11 44973
11 175264
12 243
12 244
12 245
12 247
12 175265
13 3
13 5
13 20
13 59550
13 59552
13 175266
14 5
14 84
14 91
14 93
14 121
14 703
14 707
14 956
14 175267
15 4
15 5
15 90
15 122
15 708
15 713
15 1104
15 32374
15 44380
15 175268
16 10
16 828
16 829
16 831
16 99142
17 67
17 136357
17 136358
17 136360
17 175269
18 67
18 967
18 158385
18 174286
18 174287
18 174289
18 175270
19 76
19 342
19 343
19 345
19 175271
20 10
20 146
20 147
20 149
20 175272
21 3
21 5
21 20
21 31708
21 31710
21 175273
22 9
22 10
22 11
22 13
22 175274
23 5
23 27
23 99
23 131
23 132
23 133
23 135
23 11682
24 3
24 5
24 20
24 145028
24 145182
24 175275
25 5
25 20
25 202
25 175277
25 175278
25 175279
26 76
26 413
26 414
26 416
26 175280
27 76
27 137
27 138
27 140
27 175281
28 27
28 82
28 944
28 2906
28 15403
28 175282
29 5
29 84
29 91
29 93
29 121
29 703
29 707
29 956
29 175283
30 5
30 20
30 82
30 84
30 98
30 100
30 595
30 9769
30 175284
31 27
31 944
31 945
31 1463
31 3308
31 175285
32 5
32 20
32 99
32 133
32 175
32 176
32 1316
32 175286
33 3
33 5
33 20
33 175288
33 175289
33 175290
34 76
34 413
34 414
34 416
34 175291
35 67
35 175293
35 175294
35 175295
35 175296
36 76
36 342
36 343
36 345
36 175297
37 67
37 175299
37 175300
37 175301
37 175302
38 76
38 342
38 343
38 345
38 175303
39 5
39 20
39 202
39 15065
39 130808
39 130810
39 175304
40 3
40 5
40 20
40 16951
40 16953
40 175305
41 76
41 433
41 434
41 436
41 175306
42 76
42 2911
42 2912
42 2914
42 175307
43 76
43 185
43 186
43 188
43 175308
44 76
44 342
44 343
44 345
44 175309
45 509
45 5376
45 62655
45 62657
45 175310
46 509
46 5376
46 134017
46 134019
46 175311
47 509
47 5376
47 13945
47 13947
47 175312
48 509
48 5376
48 47215
48 151516
48 175314
48 175315
48 175316
49 509
49 2787
49 5376
49 50774
49 85728
49 136387
49 175317
50 76
50 37695
50 37696
50 37698
50 175318
51 509
51 2423
51 3831
51 5376
51 8740
51 175320
51 175321
52 76
52 37706
52 37707
52 37709
52 175322
53 76
53 342
53 343
53 345
53 175323
54 51
54 195
54 1851
54 1853
54 175324
55 76
55 433
55 434
55 436
55 175325
56 71
56 76
56 190
56 191
56 175326
seqId 276
1 67
1 136357
1 136358
1 136360
1 175327
2 67
2 967
2 158385
2 174286
2 174287
2 174289
2 175328
3 5
3 84
3 91
3 93
3 121
3 702
3 703
3 705
3 175329
4 660
4 1513
4 1514
4 1516
4 175330
5 5
5 20
5 90
5 122
5 708
5 769
5 80810
5 80812
5 175332
6 76
6 342
6 343
6 345
6 175333
7 10
7 1387
7 1388
7 1390
7 175334
8 67
8 20691
8 20692
8 20694
8 175335
9 67
9 49286
9 49287
9 49289
9 175336
10 76
10 413
10 414
10 416
10 175337
11 67
11 72
11 123680
11 129816
11 129817
11 129819
11 175338
12 3
12 4
12 5
12 597
12 599
12 175339
13 76
13 433
13 434
13 436
13 175340
14 76
14 342
14 343
14 345
14 175341
15 5
15 20
15 99
15 133
15 175
15 176
15 1316
15 64042
16 3
16 5
16 20
16 70793
16 70795
16 175342
17 5
17 20
17 202
17 3386
17 10488
17 175343
18 5
18 20
18 90
18 122
18 708
18 713
18 5400
18 5402
18 175344
19 3
19 4
19 5
19 3465
19 175346
19 175347
19 175348
20 4
20 5
20 202
20 1104
20 175277
20 175279
20 175350
21 9
21 10
21 11
21 13
21 175351
22 5
22 99
22 131
22 132
22 133
22 135
22 171
22 175352
23 5
23 67
23 175293
23 175296
23 175353
24 76
24 413
24 414
24 416
24 175354
25 51
25 195
25 14053
25 94789
25 175356
25 175357
26 76
26 433
26 434
26 436
26 175358
27 71
27 76
27 190
27 191
27 11759
seqId 277
1 3
1 5
1 20
1 72
1 48974
1 175360
1 175361
1 175362
1 175363
2 76
2 342
2 343
2 345
2 175364
3 3
3 20
3 195
3 20035
3 28632
3 175365
4 76
4 342
4 343
4 345
4 175366
5 3
5 20
5 195
5 340
5 17803
5 175368
5 175369
6 71
6 76
6 190
6 191
6 175370
seqId 278
1 5
1 20
1 90
1 122
1 708
1 769
1 1336
1 3840
1 28004
1 175372
2 10
2 61206
2 61207
2 61209
2 175373
3 67
3 407
3 175375
3 175376
3 175377
3 175378
4 10
4 109
4 110
4 112
4 175379
5 51
5 195
5 1851
5 1853
5 175380
6 76
6 342
6 343
6 345
6 175381
7 5
7 20
7 98
7 99
7 100
7 3961
7 11774
8 3
8 5
8 20
8 9469
8 10946
8 175382
9 10
9 109
9 110
9 112
9 175383
10 3
10 5
10 20
10 13322
10 13324
10 175384
11 243
11 244
11 245
11 247
11 126908
12 10
12 109
12 110
12 112
12 175385
13 3
13 5
13 20
13 14350
13 14352
13 175386
14 5
14 84
14 90
14 91
14 93
14 121
14 11204
14 11206
14 175387
15 99
15 131
15 132
15 133
15 195
15 237
15 175388
16 3
16 4
16 195
16 11475
16 11807
16 175389
17 9
17 10
17 11
17 13
17 126917
18 3
18 20
18 195
18 10402
18 10404
18 175390
19 90
19 121
19 122
19 31304
19 37431
19 175391
20 10
20 109
20 110
20 112
20 175392
21 67
21 3042
21 3043
21 3045
21 175393
22 244
22 1249
22 1250
22 1252
22 175394
23 660
23 1622
23 1623
23 1625
23 175395
24 10
24 109
24 110
24 112
24 175396
25 67
25 49391
25 49392
25 49394
25 175397
26 76
26 342
26 343
26 345
26 175398
27 10
27 109
27 110
27 112
27 135930
28 67
28 175400
28 175401
28 175402
28 175403
29 76
29 342
29 343
29 345
29 175404
30 10
30 109
30 110
30 112
30 64135
31 67
31 162849
31 162850
31 162852
31 175405
32 244
32 418
32 419
32 421
32 175406
33 2822
33 2823
33 2824
33 2826
33 175407
34 10
34 146
34 147
34 149
34 722
35 99
35 131
35 132
35 133
35 195
35 236
35 237
36 67
36 72
36 195
36 22053
36 22055
36 22056
36 175408
37 71
37 76
37 190
37 191
37 175409
seqId 279
1 10
1 283
1 3640
1 3642
1 175410
2 5
2 20
2 99
2 131
2 132
2 133
2 166
2 175411
3 5
3 20
3 202
3 12237
3 12239
3 175412
4 3
4 5
4 20
4 18132
4 60668
4 175413
5 82
5 171
5 759
5 944
5 1463
5 175414
6 5
6 20
6 82
6 83
6 84
6 115
6 763
6 1002
6 175415
7 82
7 83
7 84
7 115
7 5729
7 5731
7 175416
8 5
8 84
8 91
8 93
8 121
8 702
8 703
8 705
8 41934
9 5
9 20
9 90
9 122
9 708
9 769
9 103478
9 103885
9 175417
10 76
10 413
10 414
10 416
10 175418
11 67
11 48317
11 48318
11 48320
11 48321
11 175419
seqId 280
1 4
1 5
1 99
1 131
1 132
1 133
1 811
1 175420
2 3
2 4
2 5
2 3199
2 5132
2 175421
3 4
3 5
3 202
3 1104
3 18684
3 80665
3 175423
3 175424
3 175425
4 9
4 10
4 11
4 13
4 175426
5 67
5 92366
5 175428
5 175429
5 175430
5 175431
6 67
6 175433
6 175434
6 175435
6 175436
7 76
7 433
7 434
7 436
7 175437
8 76
8 342
8 343
8 345
8 175438
9 67
9 71
9 407
9 18660
9 18661
9 175439
10 67
10 967
10 158385
10 174286
10 174287
10 174289
10 175440
11 5
11 84
11 91
11 93
11 121
11 702
11 703
11 705
11 175441
12 5
12 20
12 90
12 122
12 708
12 769
12 3979
12 14312
12 175442
13 4
13 5
13 99
13 131
13 132
13 133
13 152
13 175443
14 3
14 4
14 5
14 4249
14 4251
14 175444
15 230
15 231
15 232
15 234
15 99255
16 9
16 10
16 11
16 13
16 163
17 99
17 131
17 132
17 133
17 195
17 236
17 237
18 3
18 20
18 195
18 340
18 99256
18 175446
18 175447
19 9
19 10
19 11
19 13
19 99257
20 3
20 20
20 195
20 99259
20 175449
20 175450
21 9
21 10
21 11
21 13
21 41966
22 3
22 4
22 5
22 49472
22 50428
22 175451
23 10
23 828
23 829
23 831
23 175452
24 5
24 99
24 131
24 132
24 133
24 135
24 171
24 175453
25 3
25 4
25 5
25 145105
25 175455
25 175456
26 4
26 5
26 202
26 1104
26 175277
26 175279
26 175457
27 71
27 76
27 190
27 191
27 175458
seqId 281
1 3
1 5
1 20
1 2221
1 175460
1 175461
2 9
2 10
2 24
2 26
2 27
2 175462
3 3
3 4
3 5
3 14686
3 14688
3 175463
4 4
4 5
4 202
4 1104
4 175277
4 175279
4 175464
5 76
5 342
5 343
5 345
5 126971
6 67
6 136357
6 136358
6 136360
6 175465
7 67
7 967
7 158385
7 174286
7 174287
7 174289
7 175466
8 5
8 84
8 91
8 93
8 121
8 702
8 703
8 705
8 175467
9 5
9 20
9 72
9 90
9 122
9 708
9 769
9 5390
9 18530
9 21424
9 32018
9 175468
10 5
10 20
10 99
10 131
10 132
10 133
10 166
10 175469
11 3
11 5
11 20
11 2863
11 2865
11 175470
12 67
12 48317
12 48318
12 48320
12 48321
12 175471
13 3
13 4
13 5
13 14686
13 49719
13 175472
14 158
14 159
14 160
14 162
14 175473
15 9
15 10
15 11
15 13
15 163
16 5
16 20
16 99
16 131
16 132
16 133
16 165
16 166
17 5
17 20
17 67
17 72
17 57849
17 172222
17 175475
17 175476
18 243
18 244
18 245
18 247
18 175477
19 158
19 159
19 160
19 162
19 175478
20 9
20 10
20 11
20 13
20 163
21 5
21 20
21 99
21 131
21 132
21 133
21 165
21 166
22 3
22 5
22 20
22 5018
22 5020
22 175479
23 5
23 20
23 202
23 175481
23 175482
23 175483
24 5
24 20
24 202
24 140235
24 144993
24 175484
25 243
25 244
25 245
25 247
25 175485
26 5
26 20
26 202
26 41254
26 48321
26 48328
26 175487
26 175488
27 76
27 342
27 343
27 345
27 175489
28 10
28 1387
28 1388
28 1390
28 175490
29 67
29 31157
29 31159
29 57124
29 175491
30 67
30 92654
30 175493
30 175494
30 175495
30 175496
31 76
31 413
31 414
31 416
31 175497
32 67
32 603
32 13751
32 175499
32 175500
32 175501
33 76
33 433
33 434
33 436
33 175502
34 76
34 342
34 343
34 345
34 175503
35 67
35 17618
35 17619
35 17621
35 175504
36 67
36 72
36 96
36 1416
36 5918
36 24371
36 48274
36 52855
36 175506
36 175507
36 175508
37 76
37 413
37 414
37 416
37 175509
38 67
38 197
38 462
38 69867
38 143738
38 143739
38 175510
39 76
39 433
39 434
39 436
39 175511
40 76
40 342
40 343
40 345
40 175512
41 67
41 72
41 452
41 865
41 866
41 175514
41 175515
41 175516
42 67
42 175518
42 175519
42 175520
42 175521
43 76
43 413
43 414
43 416
43 175522
44 67
44 603
44 175524
44 175525
44 175526
44 175527
45 76
45 433
45 434
45 436
45 175528
46 76
46 342
46 343
46 345
46 175529
47 67
47 128586
47 128587
47 128589
47 175530
48 67
48 1186
48 6985
48 152070
48 175532
48 175533
48 175534
49 76
49 413
49 414
49 416
49 175535
50 67
50 197
50 462
50 69867
50 143738
50 143739
50 175536
51 76
51 433
51 434
51 436
51 175537
52 10
52 109
52 110
52 112
52 175538
53 51
53 72
53 195
53 1097
53 108244
53 140567
53 175539
54 243
54 244
54 245
54 247
54 175540
55 51
55 72
55 195
55 1853
55 140961
55 140963
55 175541
56 10
56 146
56 147
56 149
56 175542
57 5
57 99
57 131
57 132
57 133
57 135
57 171
57 175543
58 5
58 64
58 67
58 47596
58 47605
58 47608
58 175544
59 76
59 342
59 343
59 345
59 175545
60 10
60 109
60 110
60 112
60 54463
61 51
61 195
61 141124
61 141126
61 175546
62 243
62 244
62 245
62 247
62 175547
63 51
63 195
63 96638
63 96640
63 175548
64 10
64 146
64 147
64 149
64 175549
65 5
65 99
65 131
65 132
65 133
65 135
65 171
65 175550
66 5
66 67
66 38351
66 75606
66 175551
67 67
67 10653
67 150986
67 150987
67 150989
67 175552
68 71
68 76
68 190
68 191
68 175553
seqId 282
1 9
1 10
1 1886
1 20009
1 175554
2 3
2 5
2 20
2 6686
2 6688
2 175555
3 67
3 335
3 9490
3 31973
3 120155
3 175556
4 76
4 342
4 343
4 345
4 175557
5 5
5 20
5 98
5 99
5 100
5 102
5 175558
6 3
6 5
6 20
6 2863
6 2865
6 175559
7 5
7 84
7 91
7 93
7 703
7 707
7 914
7 916
7 175560
8 5
8 20
8 90
8 122
8 708
8 713
8 6786
8 48711
8 175561
9 2822
9 2823
9 2824
9 2826
9 175562
10 10
10 146
10 147
10 149
10 722
11 99
11 131
11 132
11 133
11 195
11 236
11 237
12 3
12 20
12 195
12 7149
12 7151
12 175563
13 9
13 10
13 11
13 13
13 175564
14 67
14 601
14 603
14 1197
14 175565
15 51
15 195
15 1427
15 1962
15 175566
16 76
16 342
16 343
16 345
16 175567
17 67
17 601
17 603
17 1197
17 175568
18 51
18 195
18 2712
18 2714
18 175569
19 76
19 342
19 343
19 345
19 175570
20 67
20 601
20 603
20 1197
20 175571
21 51
21 195
21 2686
21 15391
21 175572
22 76
22 342
22 343
22 345
22 175573
23 9
23 10
23 11
23 13
23 175574
24 5
24 27
24 99
24 131
24 132
24 133
24 135
24 175575
25 5
25 67
25 197
25 462
25 69867
25 143738
25 175576
26 243
26 244
26 245
26 247
26 175577
27 9
27 10
27 11
27 13
27 175578
28 5
28 27
28 99
28 131
28 132
28 133
28 135
28 175579
29 5
29 67
29 72
29 10653
29 38351
29 156745
29 175581
29 175582
30 71
30 76
30 190
30 191
30 175583
seqId 283
1 99
1 131
1 132
1 133
1 195
1 1220
1 175584
2 3
2 20
2 195
2 13036
2 13038
2 175585
3 84
3 91
3 93
3 121
3 195
3 703
3 707
3 1858
3 175586
4 717
4 718
4 719
4 721
4 175587
5 10
5 146
5 147
5 149
5 722
6 5
6 20
6 99
6 131
6 132
6 133
6 165
6 166
7 3
7 5
7 20
7 8760
7 8762
7 175588
8 230
8 231
8 232
8 234
8 175589
9 9
9 10
9 11
9 13
9 163
10 99
10 131
10 132
10 133
10 195
10 236
10 237
11 3
11 4
11 195
11 3268
11 11866
11 175590
12 9
12 10
12 24
12 26
12 27
12 175591
13 67
13 452
13 15151
13 15152
13 175592
14 67
14 48669
14 175594
14 175595
14 175596
14 175597
15 82
15 758
15 759
15 761
15 175598
16 5
16 84
16 90
16 91
16 93
16 121
16 98217
16 175600
16 175601
17 5
17 20
17 99
17 131
17 132
17 133
17 166
17 175602
18 3
18 5
18 20
18 31623
18 31625
18 136061
19 9
19 10
19 11
19 13
19 175603
20 3
20 4
20 5
20 31374
20 31376
20 175604
21 230
21 231
21 232
21 234
21 175605
22 9
22 10
22 11
22 13
22 163
23 99
23 131
23 132
23 133
23 195
23 236
23 237
24 3
24 20
24 195
24 175607
24 175608
24 175609
25 9
25 10
25 24
25 26
25 27
25 175610
26 3
26 4
26 5
26 175612
26 175613
26 175614
27 10
27 109
27 110
27 112
27 175615
28 3
28 4
28 5
28 19680
28 122097
28 175616
29 76
29 342
29 343
29 345
29 175617
30 10
30 109
30 112
30 1539
30 175618
31 3
31 5
31 20
31 142038
31 142040
31 175619
32 244
32 418
32 419
32 421
32 54532
33 10
33 109
33 110
33 112
33 175620
34 3
34 5
34 20
34 175622
34 175623
34 175624
35 9
35 10
35 11
35 13
35 175625
36 4
36 5
36 99
36 131
36 132
36 133
36 152
36 64307
37 3
37 4
37 5
37 3162
37 5832
37 175626
38 4
38 5
38 202
38 2964
38 51830
38 175627
39 10
39 283
39 284
39 286
39 175628
40 4
40 5
40 99
40 131
40 132
40 133
40 152
40 64314
41 4
41 5
41 67
41 3042
41 3045
41 175629
42 9
42 10
42 24
42 26
42 27
42 175630
43 5
43 20
43 202
43 36111
43 168242
43 175631
44 3
44 5
44 20
44 7633
44 7635
44 175632
45 76
45 413
45 414
45 416
45 175633
46 76
46 137
46 138
46 140
46 175634
47 10
47 1605
47 12979
47 63154
47 175635
48 3
48 4
48 5
48 497
48 35017
48 170997
48 170999
48 175636
49 243
49 244
49 245
49 247
49 175637
50 3
50 5
50 20
50 36464
50 36466
50 175639
51 75
51 76
51 77
51 79
51 175640
52 5
52 20
52 99
52 131
52 132
52 133
52 166
52 175641
53 3
53 5
53 20
53 12030
53 31623
53 31625
54 158
54 159
54 160
54 162
54 175642
55 9
55 10
55 11
55 13
55 163
56 5
56 20
56 99
56 131
56 132
56 133
56 165
56 166
57 3
57 5
57 20
57 175644
57 175645
57 175646
58 5
58 20
58 202
58 48429
58 48431
58 175647
59 10
59 283
59 284
59 286
59 175648
60 4
60 5
60 99
60 131
60 132
60 133
60 152
60 175649
61 3
61 4
61 5
61 30361
61 30363
61 175650
62 230
62 231
62 232
62 234
62 175651
63 9
63 10
63 11
63 13
63 163
64 99
64 131
64 132
64 133
64 195
64 236
64 237
65 3
65 20
65 195
65 340
65 175653
65 175654
65 175655
66 76
66 413
66 414
66 416
66 175656
67 67
67 3042
67 3043
67 3045
67 175657
68 76
68 342
68 343
68 345
68 175658
69 5
69 20
69 72
69 202
69 1104
69 15065
69 49846
69 131935
69 155350
69 175660
69 175661
70 3
70 20
70 195
70 16951
70 131943
70 175662
71 76
71 433
71 434
71 436
71 175663
72 76
72 185
72 186
72 188
72 175664
73 76
73 342
73 343
73 345
73 175665
74 3
74 5
74 20
74 2887
74 14153
74 175666
75 3
75 5
75 20
75 36464
75 48974
75 148991
75 175668
75 175669
76 243
76 244
76 245
76 247
76 175670
77 3
77 4
77 5
77 119109
77 146630
77 175671
78 76
78 342
78 343
78 345
78 12068
79 67
79 70336
79 70337
79 70339
79 175672
80 76
80 342
80 343
80 345
80 175673
81 51
81 195
81 5342
81 5344
81 175674
82 76
82 433
82 434
82 436
82 175675
83 71
83 76
83 190
83 191
83 175676
seqId 284
1 4
1 5
1 99
1 133
1 175
1 176
1 5129
1 175677
2 3
2 4
2 5
2 5256
2 5258
2 175678
3 4
3 5
3 202
3 5232
3 31311
3 175679
4 243
4 244
4 245
4 247
4 175680
5 4
5 5
5 90
5 122
5 708
5 713
5 1385
5 43218
5 43220
5 175682
6 10
6 1605
6 1606
6 1608
6 175683
7 5
7 27
7 99
7 131
7 132
7 133
7 135
7 175684
8 5
8 67
8 55291
8 55294
8 175685
9 51
9 195
9 14053
9 171406
9 171408
9 175686
10 243
10 244
10 245
10 247
10 175687
11 5
11 20
11 99
11 131
11 132
11 133
11 166
11 175688
12 5
12 20
12 67
12 458
12 1692
12 3213
12 69867
12 167933
12 175689
13 5
13 84
13 91
13 93
13 121
13 702
13 703
13 705
13 175690
14 5
14 20
14 90
14 122
14 708
14 769
14 10744
14 65708
14 175691
15 10
15 1387
15 1388
15 1390
15 175692
16 4
16 5
16 99
16 131
16 132
16 133
16 152
16 175693
17 3
17 4
17 5
17 4851
17 4853
17 175694
18 10
18 109
18 110
18 112
18 175695
19 3
19 4
19 5
19 4406
19 24330
19 175696
20 158
20 159
20 160
20 162
20 175697
21 9
21 10
21 11
21 13
21 163
22 5
22 20
22 99
22 131
22 132
22 133
22 165
22 166
23 3
23 5
23 20
23 10672
23 10674
23 175698
24 67
24 5458
24 49802
24 175699
24 175700
25 945
25 1010
25 1011
25 1013
25 136134
26 9
26 10
26 24
26 26
26 27
26 175701
27 67
27 340
27 175703
27 175704
27 175705
27 175706
28 76
28 342
28 343
28 345
28 175707
29 3
29 5
29 20
29 62611
29 62613
29 175708
30 230
30 231
30 232
30 234
30 175709
31 9
31 10
31 11
31 13
31 163
32 99
32 131
32 132
32 133
32 195
32 236
32 237
33 3
33 20
33 195
33 340
33 5458
33 49802
33 175711
34 10
34 146
34 147
34 149
34 175712
35 3
35 20
35 195
35 340
35 429
35 23585
35 175713
36 9
36 10
36 11
36 13
36 175714
37 5
37 27
37 99
37 131
37 132
37 133
37 135
37 175715
38 3
38 4
38 5
38 597
38 599
38 175716
39 67
39 601
39 603
39 1197
39 175717
40 67
40 340
40 23042
40 34203
40 34205
40 175718
41 76
41 342
41 343
41 345
41 175719
42 5
42 20
42 90
42 122
42 708
42 713
42 4379
42 5722
42 175720
43 10
43 828
43 829
43 831
43 175721
44 67
44 71
44 1026
44 18413
44 18414
44 175722
45 67
45 48669
45 175594
45 175595
45 175597
45 175723
46 10
46 378
46 379
46 381
46 175724
47 5
47 27
47 99
47 131
47 132
47 133
47 135
47 175725
48 5
48 67
48 55291
48 55294
48 175726
49 51
49 195
49 14053
49 171406
49 171408
49 175727
50 71
50 76
50 190
50 191
50 175728
seqId 285
1 5
1 20
1 98
1 99
1 100
1 8099
1 12146
2 3
2 5
2 20
2 429
2 431
2 175729
3 5
3 84
3 91
3 93
3 121
3 702
3 703
3 705
3 175730
4 5
4 20
4 90
4 122
4 708
4 768
4 769
4 771
4 175731
5 3
5 5
5 20
5 1905
5 1907
5 175732
6 10
6 146
6 147
6 149
6 175733
7 99
7 133
7 175
7 176
7 195
7 234
7 175734
8 3
8 20
8 195
8 2863
8 10735
8 175735
9 20
9 195
9 202
9 6269
9 6271
9 175736
10 9
10 10
10 11
10 13
10 175737
11 51
11 195
11 4162
11 4164
11 175738
12 10
12 146
12 147
12 149
12 175739
13 51
13 195
13 4167
13 4169
13 175740
14 76
14 342
14 343
14 345
14 175741
15 660
15 976
15 979
15 1458
15 175742
16 27
16 944
16 945
16 1463
16 3308
16 175743
17 10
17 146
17 147
17 149
17 175744
18 51
18 195
18 1501
18 1503
18 175745
19 3
19 4
19 195
19 6862
19 14459
19 175746
20 9
20 10
20 24
20 26
20 27
20 175747
21 3
21 4
21 195
21 1395
21 1397
21 175748
22 76
22 413
22 414
22 416
22 175749
23 3
23 5
23 20
23 7511
23 7513
23 175750
24 51
24 195
24 5922
24 5924
24 175751
25 243
25 244
25 245
25 247
25 175752
26 3
26 5
26 20
26 7511
26 7513
26 175753
27 51
27 195
27 5342
27 5344
27 175754
28 76
28 433
28 434
28 436
28 175755
29 76
29 1267
29 1268
29 1270
29 175756
seqId 286
1 5
1 20
1 99
1 133
1 175
1 176
1 1316
1 175757
2 3
2 5
2 20
2 175759
2 175760
2 175761
3 9
3 10
3 11
3 13
3 175762
4 3
4 4
4 15
4 195
4 4121
4 175763
5 10
5 126
5 127
5 129
5 175764
6 3
6 4
6 195
6 340
6 24687
6 151811
6 175766
6 175767
6 175768
7 5
7 84
7 91
7 93
7 121
7 702
7 703
7 705
7 175769
8 5
8 20
8 90
8 122
8 708
8 769
8 7370
8 8272
8 175770
9 5
9 20
9 99
9 133
9 175
9 176
9 1316
9 175771
10 3
10 5
10 20
10 18990
10 22108
10 99481
11 9
11 10
11 24
11 26
11 27
11 175772
12 67
12 75398
12 105497
12 175774
12 175775
12 175776
13 243
13 244
13 245
13 247
13 175777
14 4
14 5
14 99
14 133
14 175
14 176
14 178
14 175778
15 3
15 4
15 5
15 8842
15 9174
15 175779
16 5
16 84
16 91
16 93
16 121
16 703
16 707
16 956
16 54663
17 10
17 109
17 110
17 112
17 175780
18 3
18 5
18 20
18 389
18 391
18 175781
19 9
19 10
19 11
19 13
19 175782
20 3
20 4
20 5
20 10539
20 10541
20 175783
21 71
21 76
21 190
21 191
21 175784
seqId 287
1 5
1 20
1 99
1 133
1 175
1 176
1 9647
1 99491
2 5
2 20
2 202
2 15064
2 15067
2 175785
3 3
3 5
3 20
3 465
3 40514
3 175786
4 9
4 10
4 24
4 26
4 27
4 175787
5 3
5 4
5 5
5 33173
5 33763
5 175788
6 76
6 342
6 343
6 345
6 175789
7 10
7 378
7 379
7 381
7 175790
8 67
8 452
8 15151
8 15152
8 175791
9 67
9 48669
9 175594
9 175595
9 175597
9 175792
10 76
10 342
10 343
10 345
10 175793
11 5
11 84
11 91
11 93
11 121
11 702
11 703
11 705
11 12221
12 5
12 20
12 90
12 122
12 708
12 769
12 10652
12 13580
12 13981
12 42855
12 175794
13 10
13 146
13 147
13 149
13 175795
14 90
14 443
14 35819
14 47099
14 175796
15 99
15 131
15 132
15 133
15 195
15 237
15 175797
16 3
16 20
16 195
16 2723
16 3278
16 175798
17 10
17 1605
17 1606
17 1608
17 175799
18 3
18 4
18 5
18 8050
18 8052
18 175800
19 243
19 244
19 245
19 247
19 175801
20 3
20 4
20 5
20 3199
20 5132
20 175802
21 76
21 342
21 343
21 345
21 175803
22 10
22 109
22 110
22 112
22 175804
23 90
23 121
23 122
23 4338
23 45320
23 175805
24 717
24 718
24 719
24 721
24 175806
25 10
25 146
25 147
25 149
25 722
26 5
26 20
26 99
26 131
26 132
26 133
26 165
26 166
27 3
27 5
27 20
27 8459
27 8461
27 175807
28 76
28 137
28 138
28 140
28 175808
29 67
29 3042
29 3043
29 3045
29 175809
30 76
30 185
30 186
30 188
30 175810
31 9
31 10
31 11
31 13
31 175811
32 5
32 27
32 99
32 131
32 132
32 133
32 135
32 175812
33 3
33 4
33 5
33 7388
33 27055
33 175813
34 4
34 5
34 202
34 3386
34 6768
34 175814
35 4
35 5
35 90
35 122
35 708
35 713
35 3686
35 3765
35 175815
36 10
36 828
36 829
36 831
36 175816
37 5
37 20
37 99
37 131
37 132
37 133
37 166
37 175817
38 3
38 5
38 20
38 217
38 219
38 175818
39 9
39 10
39 24
39 26
39 27
39 175819
40 3
40 4
40 5
40 5804
40 10827
40 30801
40 35034
40 175820
41 4
41 5
41 202
41 477
41 175822
41 175823
41 175824
41 175825
42 4
42 5
42 202
42 1403
42 49907
42 175826
43 76
43 413
43 414
43 416
43 175827
44 64
44 67
44 47596
44 47605
44 47606
44 47608
44 175828
45 76
45 433
45 434
45 436
45 175829
46 10
46 126
46 127
46 129
46 175830
47 4
47 5
47 99
47 131
47 132
47 133
47 152
47 175831
48 3
48 4
48 5
48 13389
48 13391
48 175832
49 243
49 244
49 245
49 247
49 175833
50 4
50 5
50 99
50 131
50 132
50 133
50 152
50 175834
51 3
51 4
51 5
51 80018
51 80020
51 175835
52 230
52 231
52 232
52 234
52 64498
53 9
53 10
53 11
53 13
53 163
54 99
54 131
54 132
54 133
54 195
54 236
54 237
55 3
55 4
55 195
55 93140
55 116691
55 175837
55 175838
56 230
56 231
56 232
56 234
56 175839
57 9
57 10
57 11
57 13
57 163
58 99
58 131
58 132
58 133
58 195
58 236
58 237
59 3
59 4
59 195
59 340
59 175841
59 175842
59 175843
59 175844
60 76
60 342
60 343
60 345
60 175845
61 3
61 4
61 5
61 5859
61 24599
61 175846
62 717
62 718
62 719
62 721
62 42309
63 10
63 146
63 147
63 149
63 722
64 5
64 20
64 99
64 131
64 132
64 133
64 165
64 166
65 3
65 5
65 20
65 33570
65 33572
65 175847
66 158
66 159
66 160
66 162
66 175848
67 9
67 10
67 11
67 13
67 163
68 5
68 20
68 99
68 131
68 132
68 133
68 165
68 166
69 3
69 5
69 20
69 3199
69 5132
69 175849
70 243
70 244
70 245
70 247
70 136281
71 158
71 159
71 160
71 162
71 127275
72 9
72 10
72 11
72 13
72 163
73 5
73 20
73 99
73 131
73 132
73 133
73 165
73 166
74 3
74 5
74 20
74 168724
74 168726
74 175850
75 71
75 76
75 190
75 191
75 175851
seqId 288
1 3
1 5
1 20
1 1026
1 1104
1 9565
1 28544
1 175852
2 51
2 195
2 4790
2 4792
2 175853
3 71
3 76
3 190
3 191
3 175854
seqId 289
1 3
1 20
1 195
1 340
1 12299
1 12336
1 55581
2 243
2 244
2 245
2 247
2 12301
3 3
3 4
3 195
3 7178
3 7180
3 175855
seqId 290
1 67
1 4792
1 17718
1 175857
1 175858
1 175859
2 71
2 76
2 190
2 191
2 54737
seqId 291
1 3
1 4
1 5
1 14686
1 49719
1 175860
2 230
2 231
2 232
2 234
2 175861
3 9
3 10
3 11
3 13
3 163
4 99
4 131
4 132
4 133
4 195
4 236
4 237
5 3
5 4
5 195
5 313
5 6526
5 175862
6 243
6 244
6 245
6 247
6 175863
7 230
7 231
7 232
7 234
7 175864
8 9
8 10
8 11
8 13
8 163
9 99
9 131
9 132
9 133
9 195
9 236
9 237
10 3
10 4
10 195
10 18773
10 20364
10 175865
seqId 292
1 5
1 20
1 98
1 99
1 100
1 8099
1 175866
2 3
2 5
2 20
2 72
2 279
2 172668
2 172670
2 175867
3 5
3 84
3 90
3 91
3 93
3 121
3 1488
3 17865
3 175868
4 10
4 109
4 112
4 1539
4 175869
5 3
5 5
5 20
5 1601
5 1603
5 175870
6 99
6 131
6 132
6 133
6 195
6 237
6 175871
7 3
7 20
7 195
7 1320
7 3384
7 175872
8 9
8 10
8 11
8 13
8 175873
9 67
9 174176
9 174178
9 174555
9 175874
10 67
10 6985
10 48761
10 174978
10 174979
10 174981
10 175875
11 76
11 342
11 343
11 345
11 175876
12 3
12 5
12 20
12 2221
12 2223
12 175877
13 9
13 10
13 24
13 26
13 27
13 175878
14 3
14 4
14 5
14 14686
14 14688
14 175879
15 9
15 10
15 11
15 13
15 54771
16 4
16 5
16 99
16 131
16 132
16 133
16 152
16 54772
17 3
17 4
17 5
17 175881
17 175882
17 175883
18 243
18 244
18 245
18 247
18 175884
19 230
19 231
19 232
19 234
19 175885
20 9
20 10
20 11
20 13
20 163
21 99
21 131
21 132
21 133
21 195
21 236
21 237
22 3
22 4
22 195
22 5512
22 5514
22 175886
23 10
23 1605
23 1606
23 1608
23 175887
24 3
24 5
24 20
24 12336
24 15959
24 175888
25 5
25 20
25 202
25 96170
25 96172
25 175889
26 5
26 20
26 202
26 34785
26 36313
26 175890
27 243
27 244
27 245
27 247
27 175891
28 3
28 5
28 20
28 12336
28 15959
28 175892
29 5
29 20
29 202
29 96170
29 96172
29 175893
30 5
30 20
30 202
30 147610
30 175895
30 175896
31 76
31 342
31 343
31 345
31 127323
32 945
32 1010
32 1011
32 1013
32 175897
33 82
33 83
33 84
33 109
33 112
33 115
33 175898
34 5
34 84
34 90
34 91
34 93
34 121
34 5326
34 30076
34 175899
35 4
35 5
35 99
35 115
35 773
35 774
35 775
35 776
35 3330
35 175900
36 3
36 4
36 5
36 10248
36 10250
36 175901
37 76
37 342
37 343
37 345
37 175902
38 660
38 29942
38 29943
38 29945
38 175903
39 4
39 5
39 90
39 122
39 708
39 713
39 9303
39 18389
39 175904
40 76
40 413
40 414
40 416
40 175905
41 67
41 1026
41 39453
41 175907
41 175908
41 175909
41 175910
42 243
42 244
42 245
42 247
42 175911
43 4
43 5
43 99
43 131
43 132
43 133
43 152
43 175912
44 3
44 4
44 5
44 175881
44 175883
44 175913
45 10
45 109
45 110
45 112
45 175914
46 67
46 49391
46 49392
46 49394
46 175915
47 71
47 76
47 190
47 191
47 12382
seqId 293
1 5
1 20
1 99
1 131
1 132
1 133
1 967
1 175916
2 5
2 20
2 67
2 161571
2 161574
2 175917
3 10
3 283
3 284
3 286
3 64606
4 99
4 131
4 132
4 133
4 195
4 237
4 175918
5 3
5 4
5 195
5 597
5 31151
5 175919
6 76
6 413
6 414
6 416
6 175920
7 51
7 195
7 77619
7 106040
7 175922
7 175923
7 175924
8 76
8 433
8 434
8 436
8 175925
9 76
9 342
9 343
9 345
9 175926
10 67
10 601
10 603
10 1197
10 175927
11 76
11 342
11 343
11 345
11 175928
12 67
12 18530
12 155057
12 155058
12 155060
12 175929
13 67
13 155062
13 155063
13 155065
13 175930
14 76
14 342
14 343
14 345
14 175931
15 51
15 195
15 4167
15 4169
15 175932
16 76
16 342
16 343
16 345
16 175933
17 51
17 195
17 2153
17 175935
17 175936
17 175937
18 3
18 4
18 195
18 11431
18 11433
18 175938
19 76
19 433
19 434
19 436
19 175939
20 71
20 76
20 190
20 191
20 175940
seqId 294
1 5
1 27
1 99
1 131
1 132
1 133
1 699
1 175941
2 3
2 5
2 20
2 9469
2 10946
2 175942
3 3
3 4
3 5
3 313
3 120068
3 175943
4 243
4 244
4 245
4 247
4 175944
5 3
5 4
5 5
5 18773
5 18775
5 175945
6 717
6 718
6 719
6 721
6 175946
7 10
7 146
7 147
7 149
7 722
8 5
8 20
8 99
8 131
8 132
8 133
8 165
8 166
9 5
9 20
9 202
9 1718
9 57849
9 175947
10 3
10 5
10 20
10 15215
10 65093
10 131674
10 175948
11 76
11 413
11 414
11 416
11 175949
12 5
12 20
12 72
12 202
12 1104
12 5528
12 15065
12 62808
12 175951
12 175952
12 175953
13 3
13 5
13 20
13 16951
13 16953
13 175954
14 76
14 433
14 434
14 436
14 175955
15 660
15 29942
15 29943
15 29945
15 175956
16 5
16 20
16 90
16 122
16 708
16 769
16 3840
16 70005
16 175957
17 76
17 413
17 414
17 416
17 175958
18 67
18 72
18 6363
18 135196
18 140864
18 140865
18 175959
19 76
19 342
19 343
19 345
19 175960
20 67
20 4796
20 175962
20 175963
20 175964
20 175965
21 76
21 342
21 343
21 345
21 64647
22 51
22 195
22 4167
22 4169
22 175966
23 76
23 433
23 434
23 436
23 175967
24 243
24 244
24 245
24 247
24 175968
25 27
25 82
25 759
25 944
25 1463
25 175969
26 5
26 20
26 82
26 83
26 84
26 115
26 763
26 1002
26 175970
27 5
27 84
27 91
27 93
27 121
27 702
27 703
27 705
27 175971
28 5
28 20
28 90
28 122
28 708
28 769
28 5390
28 14297
28 18530
28 70056
28 71108
28 175972
29 10
29 1387
29 1388
29 1390
29 175973
30 36
30 67
30 71
30 18488
30 18489
30 175974
31 67
31 96
31 174350
31 174351
31 174353
31 175975
32 76
32 413
32 414
32 416
32 175976
33 67
33 601
33 603
33 1197
33 175977
34 51
34 195
34 2686
34 15391
34 175978
35 76
35 433
35 434
35 436
35 175979
36 243
36 244
36 245
36 247
36 175980
37 67
37 70
37 71
37 64117
37 64118
37 175981
38 67
38 72
38 12747
38 115890
38 137360
38 175983
38 175984
38 175985
38 175986
39 76
39 413
39 414
39 416
39 175987
40 67
40 119124
40 119126
40 119127
40 175988
40 175989
41 76
41 433
41 434
41 436
41 175990
42 76
42 342
42 343
42 345
42 175991
43 243
43 244
43 245
43 247
43 175992
44 6151
44 6152
44 6153
44 6155
44 175993
45 10
45 146
45 147
45 149
45 722
46 5
46 20
46 82
46 759
46 1432
46 6157
46 6158
47 5
47 84
47 91
47 93
47 121
47 702
47 703
47 705
47 175994
48 5
48 20
48 90
48 122
48 708
48 769
48 4338
48 4340
48 175995
49 67
49 138439
49 138440
49 138442
49 175996
50 67
50 857
50 48314
50 175998
50 175999
50 176000
51 76
51 342
51 343
51 345
51 176001
52 5
52 84
52 90
52 91
52 93
52 121
52 9903
52 10728
52 176002
53 5
53 20
53 99
53 133
53 175
53 176
53 1316
53 176003
54 3
54 5
54 20
54 19820
54 19822
54 176004
55 5
55 20
55 202
55 3272
55 21854
55 176005
56 10
56 1605
56 1606
56 1608
56 176006
57 3
57 4
57 5
57 14686
57 14688
57 42445
58 243
58 244
58 245
58 247
58 42446
59 3
59 4
59 5
59 81925
59 81927
59 176007
60 230
60 231
60 232
60 234
60 12476
61 9
61 10
61 11
61 13
61 163
62 99
62 131
62 132
62 133
62 195
62 236
62 237
63 3
63 4
63 195
63 18773
63 20364
63 176008
64 243
64 244
64 245
64 247
64 64689
65 3
65 4
65 5
65 14686
65 14688
65 176009
66 243
66 244
66 245
66 247
66 176010
67 3
67 4
67 5
67 59102
67 59104
67 176011
68 230
68 231
68 232
68 234
68 176012
69 9
69 10
69 11
69 13
69 163
70 99
70 131
70 132
70 133
70 195
70 236
70 237
71 3
71 4
71 195
71 313
71 6526
71 136492
72 71
72 76
72 190
72 191
72 136493
seqId 295
1 5
1 20
1 82
1 83
1 84
1 115
1 763
1 3948
1 136494
2 5
2 84
2 90
2 91
2 93
2 121
2 10715
2 27603
2 176013
3 4
3 5
3 99
3 133
3 175
3 176
3 178
3 176014
4 3
4 4
4 5
4 13599
4 13601
4 176015
5 230
5 231
5 232
5 234
5 176016
6 9
6 10
6 11
6 13
6 163
7 99
7 131
7 132
7 133
7 195
7 236
7 237
8 3
8 4
8 15
8 195
8 4121
8 176017
9 4
9 90
9 122
9 195
9 340
9 708
9 713
9 4845
9 25202
9 176018
10 10
10 109
10 112
10 1539
10 176019
11 3
11 5
11 20
11 5335
11 8517
11 176020
12 10
12 828
12 829
12 831
12 176021
13 85
13 99
13 195
13 638
13 640
13 176022
14 3
14 20
14 195
14 2034
14 3403
14 176023
15 9
15 10
15 11
15 13
15 176024
16 5
16 99
16 131
16 132
16 133
16 135
16 171
16 176025
17 5
17 67
17 55291
17 55294
17 176026
18 51
18 195
18 14053
18 171406
18 171408
18 176027
19 10
19 283
19 284
19 286
19 176028
20 5
20 20
20 99
20 131
20 132
20 133
20 166
20 176029
21 3
21 5
21 20
21 4345
21 4347
21 176030
22 9
22 10
22 26
22 169
22 171
22 176031
23 5
23 20
23 99
23 133
23 175
23 176
23 1316
23 176032
24 3
24 5
24 20
24 2887
24 2889
24 176033
25 76
25 413
25 414
25 416
25 176034
26 67
26 72
26 6363
26 135196
26 140864
26 140865
26 176035
27 76
27 342
27 343
27 345
27 176036
28 51
28 195
28 8426
28 8428
28 176037
29 76
29 342
29 343
29 345
29 176038
30 3
30 5
30 20
30 2887
30 2889
30 176039
31 5
31 20
31 202
31 2923
31 2925
31 176040
32 5
32 20
32 90
32 122
32 708
32 713
32 2832
32 5688
32 176041
33 10
33 828
33 829
33 831
33 127452
34 5
34 99
34 131
34 132
34 133
34 135
34 171
34 176042
35 5
35 67
35 55291
35 55294
35 176043
36 51
36 195
36 14053
36 171406
36 171408
36 176044
37 243
37 244
37 245
37 247
37 176045
38 5
38 99
38 131
38 132
38 133
38 135
38 171
38 176046
39 5
39 67
39 119124
39 119126
39 119127
39 176047
40 76
40 433
40 434
40 436
40 176048
41 76
41 342
41 343
41 345
41 176049
42 9
42 10
42 26
42 169
42 171
42 176050
43 4
43 5
43 99
43 133
43 175
43 176
43 178
43 176051
44 3
44 4
44 5
44 6862
44 6864
44 176052
45 9
45 10
45 26
45 169
45 171
45 176053
46 3
46 4
46 195
46 1395
46 1397
46 176054
47 90
47 443
47 2125
47 176056
47 176057
48 243
48 244
48 245
48 247
48 42504
49 90
49 443
49 4656
49 4658
49 176058
50 4
50 5
50 99
50 131
50 132
50 133
50 152
50 176059
51 3
51 4
51 5
51 6713
51 6715
51 176060
52 76
52 342
52 343
52 345
52 176061
53 10
53 1605
53 1606
53 1608
53 176062
54 3
54 4
54 195
54 313
54 6526
54 176063
55 243
55 244
55 245
55 247
55 176064
56 3
56 4
56 195
56 18773
56 20364
56 176065
57 76
57 413
57 414
57 416
57 176066
58 5
58 20
58 72
58 202
58 1104
58 1104
58 5528
58 15065
58 62808
58 112889
58 176068
58 176069
59 3
59 5
59 20
59 16951
59 16953
59 176070
60 76
60 433
60 434
60 436
60 176071
61 76
61 342
61 343
61 345
61 176072
62 67
62 72
62 6363
62 135196
62 140864
62 140865
62 176073
63 76
63 342
63 343
63 345
63 176074
64 51
64 195
64 1851
64 1853
64 176075
65 243
65 244
65 245
65 247
65 176076
66 99
66 133
66 175
66 176
66 195
66 234
66 176077
67 3
67 4
67 195
67 10683
67 62014
67 176078
68 158
68 159
68 160
68 162
68 176079
69 9
69 10
69 11
69 13
69 163
70 5
70 20
70 99
70 131
70 132
70 133
70 165
70 166
71 3
71 20
71 195
71 2863
71 10735
71 176080
72 3
72 4
72 5
72 18773
72 134355
72 176081
73 243
73 244
73 245
73 247
73 176082
74 3
74 4
74 5
74 313
74 5251
74 176083
75 158
75 159
75 160
75 162
75 176084
76 9
76 10
76 11
76 13
76 163
77 5
77 20
77 99
77 131
77 132
77 133
77 165
77 166
78 5
78 20
78 202
78 1718
78 57849
78 176085
79 3
79 5
79 20
79 15215
79 65093
79 131674
79 176086
80 10
80 146
80 147
80 149
80 176087
81 4
81 5
81 99
81 131
81 132
81 133
81 152
81 12591
82 4
82 5
82 67
82 131667
82 131669
82 176088
83 71
83 76
83 190
83 191
83 176089
seqId 296
1 3
1 20
1 195
1 13296
1 134041
1 176090
2 76
2 342
2 343
2 345
2 64794
3 3
3 4
3 195
3 5859
3 14468
3 176091
4 243
4 244
4 245
4 247
4 176092
5 3
5 20
5 195
5 340
5 12336
5 15959
5 176093
6 27
6 82
6 759
6 944
6 1463
6 176094
7 5
7 20
7 82
7 83
7 84
7 115
7 763
7 1002
7 176095
8 5
8 72
8 84
8 90
8 91
8 93
8 121
8 5390
8 113792
8 174811
8 176096
9 10
9 7340
9 9033
9 9035
9 127498
10 51
10 195
10 5342
10 5344
10 176097
11 10
11 146
11 147
11 149
11 176098
12 5
12 27
12 99
12 131
12 132
12 133
12 135
12 176099
13 5
13 67
13 38351
13 75606
13 176100
14 67
14 10653
14 150986
14 150987
14 150989
14 176101
15 76
15 342
15 343
15 345
15 64810
16 82
16 758
16 759
16 761
16 176102
17 5
17 84
17 90
17 91
17 93
17 121
17 3777
17 4766
17 176103
18 3
18 4
18 5
18 6896
18 6898
18 176104
19 717
19 718
19 719
19 721
19 176105
20 10
20 146
20 147
20 149
20 722
21 5
21 20
21 99
21 131
21 132
21 133
21 165
21 166
22 3
22 5
22 20
22 1493
22 1495
22 176106
23 10
23 146
23 147
23 149
23 176107
24 5
24 20
24 99
24 133
24 175
24 176
24 1316
24 176108
25 3
25 5
25 20
25 2863
25 2865
25 176109
26 5
26 20
26 72
26 90
26 122
26 708
26 713
26 5390
26 113792
26 113794
26 176110
27 660
27 1513
27 1514
27 1516
27 176111
28 10
28 828
28 829
28 831
28 176112
29 67
29 71
29 9179
29 9494
29 18718
29 176113
30 67
30 6985
30 48761
30 174978
30 174979
30 174981
30 176114
31 243
31 244
31 245
31 247
31 12643
32 67
32 70
32 71
32 64117
32 64118
32 176115
33 67
33 72
33 12747
33 115890
33 137360
33 175983
33 175984
33 175986
33 176116
34 10
34 126
34 127
34 129
34 176117
35 76
35 137
35 138
35 140
35 176118
36 5
36 27
36 99
36 131
36 132
36 133
36 699
36 176119
37 3
37 4
37 5
37 497
37 104722
37 104724
37 176120
38 4
38 5
38 202
38 302
38 304
38 176121
39 717
39 718
39 719
39 721
39 42591
40 10
40 146
40 147
40 149
40 722
41 5
41 20
41 99
41 131
41 132
41 133
41 165
41 166
42 5
42 20
42 202
42 1718
42 57849
42 176122
43 3
43 5
43 20
43 15215
43 65093
43 131674
43 176123
44 75
44 76
44 77
44 79
44 176124
45 3
45 4
45 5
45 59102
45 59104
45 176125
46 4
46 5
46 202
46 5273
46 176127
46 176128
47 76
47 342
47 343
47 345
47 176129
48 3
48 4
48 5
48 175881
48 175883
48 176130
49 76
49 342
49 343
49 345
49 176131
50 3
50 4
50 195
50 313
50 6526
50 176132
51 67
51 48317
51 48318
51 48320
51 48321
51 176133
52 4
52 195
52 202
52 340
52 48321
52 48328
52 176135
52 176136
52 176137
53 76
53 185
53 186
53 188
53 176138
54 76
54 413
54 414
54 416
54 176139
55 51
55 72
55 195
55 1097
55 112078
55 176141
55 176142
56 76
56 433
56 434
56 436
56 176143
57 71
57 76
57 190
57 191
57 176144
seqId 297
1 67
1 174176
1 174178
1 174555
1 176145
2 67
2 6985
2 48761
2 174978
2 174979
2 174981
2 176146
3 5
3 84
3 91
3 93
3 121
3 702
3 703
3 705
3 176147
4 660
4 1513
4 1514
4 1516
4 176148
5 5
5 20
5 90
5 122
5 708
5 769
5 4338
5 4340
5 176149
6 10
6 109
6 110
6 112
6 176150
7 51
7 195
7 5922
7 5924
7 176151
8 76
8 342
8 343
8 345
8 176152
9 717
9 718
9 719
9 721
9 176153
10 10
10 146
10 147
10 149
10 722
11 5
11 20
11 99
11 131
11 132
11 133
11 165
11 166
12 3
12 5
12 20
12 2887
12 2889
12 12685
13 9
13 10
13 11
13 13
13 12687
14 5
14 27
14 99
14 131
14 132
14 133
14 135
14 176154
15 5
15 67
15 55291
15 55294
15 176155
16 51
16 195
16 14053
16 171406
16 171408
16 176156
17 3
17 4
17 195
17 340
17 33143
17 41068
17 45111
17 45265
17 176158
18 158
18 159
18 160
18 162
18 176159
19 9
19 10
19 11
19 13
19 163
20 5
20 20
20 99
20 131
20 132
20 133
20 165
20 166
21 3
21 5
21 20
21 1320
21 1322
21 12698
22 5
22 20
22 202
22 14576
22 14578
22 176161
23 158
23 159
23 160
23 162
23 176162
24 9
24 10
24 11
24 13
24 163
25 5
25 20
25 99
25 131
25 132
25 133
25 165
25 166
26 5
26 20
26 202
26 1718
26 57849
26 176163
27 3
27 5
27 20
27 15215
27 65093
27 131674
27 176164
28 10
28 146
28 147
28 149
28 136658
29 5
29 99
29 131
29 132
29 133
29 135
29 171
29 176165
30 3
30 4
30 5
30 3576
30 3578
30 176166
31 4
31 5
31 202
31 21185
31 78431
31 176167
32 76
32 433
32 434
32 436
32 176168
33 71
33 76
33 190
33 191
33 176169
seqId 298
1 9
1 10
1 1886
1 20009
1 176170
2 51
2 195
2 1851
2 1853
2 176171
3 10
3 146
3 147
3 149
3 176172
4 51
4 195
4 5342
4 5344
4 176173
5 76
5 342
5 343
5 345
5 176174
6 5
6 20
6 82
6 83
6 84
6 115
6 763
6 1002
6 176175
7 5
7 84
7 90
7 91
7 93
7 121
7 713
7 5390
7 14297
7 18530
7 70056
7 71108
7 176176
8 10
8 1387
8 1388
8 1390
8 176177
9 67
9 176179
9 176180
9 176181
9 176182
10 67
10 48564
10 48566
10 52700
10 176183
11 76
11 413
11 414
11 416
11 176184
12 67
12 41961
12 41962
12 41964
12 176185
13 76
13 342
13 343
13 345
13 176186
14 3
14 5
14 20
14 217
14 219
14 176187
15 9
15 10
15 24
15 26
15 27
15 176188
16 3
16 4
16 195
16 340
16 1395
16 80744
16 176189
17 4
17 195
17 202
17 340
17 55615
17 111921
17 176191
18 9
18 10
18 11
18 13
18 176192
19 4
19 5
19 99
19 131
19 132
19 133
19 152
19 176193
20 4
20 5
20 67
20 131667
20 131669
20 176194
21 76
21 433
21 434
21 436
21 176195
22 5
22 20
22 99
22 133
22 175
22 176
22 1316
22 176196
23 5
23 20
23 202
23 1466
23 18974
23 176197
24 3
24 5
24 20
24 10672
24 10674
24 176198
25 5
25 20
25 202
25 302
25 304
25 176199
26 9
26 10
26 11
26 13
26 176200
27 5
27 99
27 131
27 132
27 133
27 135
27 171
27 176201
28 3
28 4
28 5
28 2997
28 34126
28 176202
29 4
29 5
29 202
29 13322
29 48936
29 176203
30 9
30 10
30 11
30 13
30 176204
31 67
31 49659
31 49660
31 49662
31 176205
32 5
32 20
32 90
32 122
32 708
32 713
32 5400
32 5402
32 176206
33 99
33 131
33 132
33 133
33 195
33 1220
33 176207
34 3
34 20
34 195
34 340
34 12336
34 15959
34 176208
35 20
35 195
35 202
35 340
35 176210
35 176211
35 176212
36 10
36 283
36 284
36 286
36 176213
37 99
37 131
37 132
37 133
37 195
37 237
37 176214
38 3
38 20
38 195
38 3696
38 29521
38 176215
39 20
39 195
39 202
39 340
39 176217
39 176218
39 176219
40 76
40 413
40 414
40 416
40 176220
41 67
41 49391
41 49392
41 49394
41 176221
42 76
42 342
42 343
42 345
42 176222
43 5
43 20
43 72
43 202
43 1104
43 1104
43 5528
43 15065
43 62808
43 112889
43 176068
43 176223
44 3
44 20
44 195
44 16951
44 131943
44 176224
45 76
45 433
45 434
45 436
45 176225
46 76
46 342
46 343
46 345
46 176226
47 82
47 758
47 759
47 761
47 176227
48 5
48 84
48 91
48 93
48 121
48 702
48 703
48 705
48 176228
49 5
49 20
49 90
49 122
49 708
49 768
49 769
49 771
49 176229
50 3
50 5
50 20
50 1905
50 1907
50 176230
51 10
51 146
51 147
51 149
51 176231
52 51
52 195
52 1368
52 1370
52 176232
53 3
53 4
53 195
53 6862
53 94731
53 176233
54 9
54 10
54 26
54 169
54 171
54 176234
55 3
55 4
55 195
55 1395
55 1397
55 176235
56 76
56 413
56 414
56 416
56 176236
57 67
57 49659
57 49660
57 49662
57 176237
58 76
58 342
58 343
58 345
58 176238
59 51
59 72
59 195
59 1853
59 112130
59 169890
59 176239
60 76
60 433
60 434
60 436
60 176240
61 243
61 244
61 245
61 247
61 127617
62 10
62 146
62 147
62 149
62 176241
63 5
63 20
63 99
63 133
63 175
63 176
63 1316
63 64944
64 3
64 5
64 20
64 2887
64 2889
64 176242
65 5
65 20
65 202
65 2923
65 2925
65 176243
66 76
66 413
66 414
66 416
66 176244
67 67
67 176246
67 176247
67 176248
67 176249
68 76
68 342
68 343
68 345
68 176250
69 10
69 109
69 110
69 112
69 176251
70 3
70 5
70 20
70 4862
70 9651
70 176252
71 10
71 1387
71 1388
71 1390
71 176253
72 5
72 20
72 99
72 131
72 132
72 133
72 166
72 176254
73 5
73 20
73 67
73 5933
73 176256
73 176257
73 176258
74 76
74 342
74 343
74 345
74 176259
75 51
75 195
75 5342
75 5344
75 176260
76 76
76 433
76 434
76 436
76 176261
77 71
77 76
77 190
77 191
77 176262
seqId 299
1 5
1 20
1 98
1 99
1 100
1 8099
1 176263
2 3
2 5
2 20
2 10672
2 10674
2 176264
3 5
3 20
3 202
3 24371
3 24372
3 46130
3 46132
3 176265
4 5
4 84
4 91
4 93
4 121
4 702
4 703
4 705
4 176266
5 5
5 20
5 122
5 703
5 707
5 708
5 710
5 176267
6 5
6 20
6 90
6 122
6 708
6 713
6 2514
6 2516
6 176268
7 10
7 378
7 379
7 381
7 176269
8 5
8 27
8 99
8 131
8 132
8 133
8 135
8 176270
9 3
9 5
9 20
9 4011
9 4013
9 176271
10 10
10 828
10 829
10 831
10 176272
11 5
11 27
11 99
11 131
11 132
11 133
11 135
11 176273
12 3
12 4
12 5
12 2997
12 34126
12 176274
13 4
13 5
13 202
13 13322
13 48936
13 176275
14 9
14 10
14 11
14 13
14 176276
15 67
15 49659
15 49660
15 49662
15 176277
16 76
16 413
16 414
16 416
16 176278
17 3
17 5
17 20
17 93454
17 93456
17 176279
18 5
18 20
18 202
18 2840
18 2842
18 176280
19 9
19 10
19 11
19 13
19 176281
20 4
20 5
20 99
20 131
20 132
20 133
20 152
20 176282
21 3
21 4
21 5
21 2955
21 3079
21 176283
22 75
22 76
22 77
22 79
22 176284
23 51
23 195
23 3074
23 14491
23 58272
23 176285
24 3
24 20
24 195
24 2689
24 2691
24 176286
25 76
25 433
25 434
25 436
25 176287
26 76
26 342
26 343
26 345
26 176288
27 10
27 1387
27 1388
27 1390
27 176289
28 5
28 27
28 99
28 131
28 132
28 133
28 135
28 176290
29 3
29 5
29 20
29 2558
29 2560
29 176291
30 9
30 10
30 11
30 13
30 176292
31 5
31 27
31 99
31 131
31 132
31 133
31 135
31 176293
32 5
32 67
32 55291
32 55294
32 176294
33 51
33 195
33 14053
33 171406
33 171408
33 176295
34 243
34 244
34 245
34 247
34 176296
35 9
35 10
35 11
35 13
35 176297
36 5
36 27
36 99
36 131
36 132
36 133
36 135
36 176298
37 3
37 4
37 5
37 597
37 599
37 176299
38 67
38 601
38 603
38 1197
38 176300
39 51
39 195
39 2686
39 15391
39 176301
40 76
40 413
40 414
40 416
40 176302
41 51
41 195
41 1561
41 175924
41 176304
41 176305
42 3
42 20
42 195
42 2689
42 2691
42 176306
43 76
43 433
43 434
43 436
43 176307
44 243
44 244
44 245
44 247
44 176308
45 3
45 5
45 20
45 217
45 219
45 176309
46 9
46 10
46 24
46 26
46 27
46 176310
47 3
47 4
47 195
47 340
47 1395
47 80744
47 176311
48 4
48 195
48 202
48 340
48 55615
48 111921
48 176312
49 9
49 10
49 11
49 13
49 176313
50 4
50 5
50 99
50 131
50 132
50 133
50 152
50 176314
51 4
51 5
51 67
51 131667
51 131669
51 176315
52 76
52 413
52 414
52 416
52 176316
53 51
53 195
53 880
53 882
53 176317
54 3
54 20
54 195
54 2689
54 2691
54 176318
55 76
55 433
55 434
55 436
55 176319
56 71
56 76
56 190
56 191
56 176320
seqId 300
1 660
1 2347
1 108273
1 108275
1 176321
2 660
2 29942
2 29943
2 29945
2 176322
3 76
3 342
3 343
3 345
3 176323
4 5
4 20
4 99
4 131
4 132
4 133
4 166
4 127682
5 3
5 5
5 20
5 28122
5 28124
5 176324
6 9
6 10
6 11
6 13
6 176325
7 67
7 174176
7 174178
7 174555
7 176326
8 67
8 6985
8 48761
8 174978
8 174979
8 174981
8 176327
9 10
9 1387
9 1388
9 1390
9 176328
10 99
10 131
10 132
10 133
10 195
10 237
10 176329
11 3
11 20
11 195
11 2217
11 8955
11 176330
12 158
12 159
12 160
12 162
12 176331
13 9
13 10
13 11
13 13
13 163
14 5
14 20
14 99
14 131
14 132
14 133
14 165
14 166
15 5
15 20
15 67
15 458
15 1692
15 3213
15 69867
15 167933
15 176332
16 27
16 82
16 84
16 114
16 115
16 116
16 118
16 176333
17 5
17 84
17 91
17 93
17 121
17 703
17 707
17 956
17 176334
18 5
18 20
18 90
18 122
18 708
18 769
18 4483
18 4485
18 176335
19 10
19 828
19 829
19 831
19 176336
20 5
20 27
20 99
20 131
20 132
20 133
20 135
20 176337
21 3
21 4
21 5
21 2608
21 4490
21 176338
22 10
22 109
22 110
22 112
22 176339
23 51
23 195
23 4167
23 4169
23 176340
24 76
24 342
24 343
24 345
24 176341
25 10
25 1387
25 1388
25 1390
25 176342
26 67
26 1038
26 1039
26 1041
26 176343
27 67
27 3351
27 16138
27 120004
27 168310
27 168311
27 176344
28 158
28 159
28 160
28 162
28 176345
29 9
29 10
29 11
29 13
29 163
30 5
30 20
30 99
30 131
30 132
30 133
30 165
30 166
31 5
31 20
31 67
31 168315
31 168317
31 176346
32 9
32 10
32 24
32 26
32 27
32 176347
33 4
33 5
33 99
33 133
33 175
33 176
33 178
33 176348
34 3
34 4
34 5
34 6862
34 6864
34 176349
35 9
35 10
35 24
35 26
35 27
35 176350
36 3
36 4
36 195
36 1395
36 1397
36 176351
37 10
37 146
37 147
37 149
37 176352
38 67
38 601
38 603
38 1197
38 176353
39 67
39 605
39 607
39 1199
39 176354
40 10
40 126
40 127
40 129
40 176355
41 5
41 20
41 99
41 131
41 132
41 133
41 166
41 176356
42 3
42 5
42 20
42 1684
42 13711
42 176357
43 3
43 5
43 20
43 2081
43 48543
43 176358
44 243
44 244
44 245
44 247
44 176359
45 90
45 443
45 12336
45 15959
45 176360
46 10
46 109
46 110
46 112
46 176361
47 72
47 509
47 5422
47 14296
47 99714
47 176363
47 176364
47 176365
47 176366
48 5
48 20
48 72
48 202
48 1104
48 1104
48 5528
48 15065
48 49846
48 160809
48 176368
48 176369
49 3
49 20
49 195
49 16951
49 131943
49 176370
50 71
50 76
50 190
50 191
50 176371
seqId 301
1 67
1 73
1 4792
1 176373
1 176374
1 176375
2 71
2 76
2 190
2 191
2 176376
seqId 302
1 3
1 20
1 195
1 340
1 4913
1 135297
1 176377
2 20
2 195
2 202
2 8705
2 8707
2 176378
3 76
3 342
3 343
3 345
3 176379
4 3
4 4
4 5
4 42984
4 42986
4 176380
5 230
5 231
5 232
5 234
5 176381
6 9
6 10
6 11
6 13
6 163
7 99
7 131
7 132
7 133
7 195
7 236
7 237
8 3
8 20
8 195
8 7626
8 7628
8 176382
9 243
9 244
9 245
9 247
9 176383
10 230
10 231
10 232
10 234
10 176384
11 9
11 10
11 11
11 13
11 163
12 99
12 131
12 132
12 133
12 195
12 236
12 237
13 3
13 20
13 195
13 340
13 12336
13 15959
13 176385
seqId 303
1 5
1 20
1 99
1 131
1 132
1 133
1 967
1 176386
2 3
2 5
2 20
2 1684
2 13711
2 176387
3 5
3 20
3 202
3 3244
3 7638
3 176388
4 158
4 159
4 160
4 162
4 176389
5 9
5 10
5 11
5 13
5 163
6 5
6 20
6 99
6 131
6 132
6 133
6 165
6 166
7 3
7 5
7 20
7 72
7 279
7 172668
7 172670
7 176390
8 76
8 137
8 138
8 140
8 176391
9 3
9 20
9 195
9 4913
9 12870
9 176392
10 20
10 195
10 202
10 8705
10 8707
10 176393
11 76
11 185
11 186
11 188
11 176394
12 5
12 84
12 90
12 91
12 93
12 121
12 29504
12 29506
12 176395
13 4
13 5
13 99
13 131
13 132
13 133
13 152
13 176396
14 3
14 4
14 5
14 4249
14 4251
14 176397
15 230
15 231
15 232
15 234
15 176398
16 9
16 10
16 11
16 13
16 163
17 99
17 131
17 132
17 133
17 195
17 236
17 237
18 3
18 4
18 195
18 19808
18 44358
18 176399
19 4
19 195
19 202
19 340
19 176401
19 176402
19 176403
20 243
20 244
20 245
20 247
20 176404
21 230
21 231
21 232
21 234
21 12992
22 9
22 10
22 11
22 13
22 163
23 99
23 131
23 132
23 133
23 195
23 236
23 237
24 76
24 137
24 138
24 140
24 176405
25 3
25 20
25 195
25 14583
25 39102
25 155143
25 176407
26 76
26 185
26 186
26 188
26 176408
27 9
27 10
27 11
27 13
27 176409
28 3
28 4
28 195
28 5083
28 5085
28 176410
29 76
29 342
29 343
29 345
29 176411
30 4
30 5
30 82
30 84
30 100
30 4680
30 7233
30 176412
31 9
31 10
31 11
31 13
31 176413
32 5
32 27
32 99
32 131
32 132
32 133
32 135
32 176414
33 3
33 4
33 5
33 1573
33 1575
33 176415
34 230
34 231
34 232
34 234
34 176416
35 9
35 10
35 11
35 13
35 163
36 99
36 131
36 132
36 133
36 195
36 236
36 237
37 3
37 20
37 195
37 176418
37 176419
37 176420
38 243
38 244
38 245
38 247
38 176421
39 230
39 231
39 232
39 234
39 176422
40 9
40 10
40 11
40 13
40 163
41 99
41 131
41 132
41 133
41 195
41 236
41 237
42 3
42 4
42 195
42 4249
42 26359
42 176423
43 4
43 195
43 202
43 340
43 44656
43 44658
43 176424
44 10
44 283
44 284
44 286
44 176425
45 99
45 133
45 175
45 176
45 195
45 234
45 176426
46 76
46 137
46 138
46 140
46 176427
47 3
47 20
47 195
47 340
47 5018
47 5020
47 127780
48 10
48 109
48 110
48 112
48 176428
49 3
49 4
49 5
49 97047
49 97049
49 176429
50 76
50 185
50 186
50 188
50 176430
51 76
51 342
51 343
51 345
51 176431
52 660
52 976
52 979
52 1458
52 176432
53 944
53 945
53 946
53 948
53 176433
54 4
54 5
54 82
54 84
54 100
54 4680
54 7233
54 176434
55 9
55 10
55 11
55 13
55 176435
56 4
56 5
56 99
56 131
56 132
56 133
56 152
56 176436
57 3
57 4
57 5
57 3615
57 3617
57 176437
58 82
58 759
58 2852
58 2854
58 176438
59 99
59 131
59 132
59 133
59 195
59 237
59 176439
60 3
60 4
60 195
60 3419
60 3421
60 176440
61 9
61 10
61 24
61 26
61 27
61 176441
62 5
62 20
62 99
62 133
62 175
62 176
62 1316
62 176442
63 5
63 20
63 202
63 2310
63 2313
63 176443
64 3
64 5
64 20
64 13609
64 13611
64 176444
65 82
65 84
65 114
65 115
65 116
65 1361
65 176445
66 84
66 90
66 91
66 93
66 121
66 195
66 78213
66 176447
66 176448
67 75
67 76
67 77
67 79
67 176449
68 99
68 131
68 132
68 133
68 195
68 237
68 127799
69 3
69 20
69 195
69 340
69 176451
69 176452
69 176453
70 76
70 342
70 343
70 345
70 176454
71 99
71 131
71 132
71 133
71 195
71 237
71 42907
72 3
72 20
72 195
72 340
72 176456
72 176457
72 176458
73 76
73 342
73 343
73 345
73 176459
74 99
74 131
74 132
74 133
74 195
74 237
74 176460
75 3
75 20
75 195
75 340
75 176462
75 176463
75 176464
76 660
76 976
76 979
76 1458
76 176465
77 944
77 945
77 946
77 948
77 176466
78 99
78 131
78 132
78 133
78 195
78 237
78 176467
79 3
79 20
79 195
79 176469
79 176470
79 176471
80 84
80 91
80 93
80 121
80 195
80 703
80 707
80 1858
80 176472
81 99
81 133
81 175
81 176
81 195
81 234
81 176473
82 3
82 20
82 195
82 7906
82 36380
82 176474
83 10
83 1605
83 1606
83 1608
83 176475
84 51
84 195
84 1501
84 1503
84 176476
85 3
85 4
85 195
85 8050
85 33365
85 176477
86 71
86 76
86 190
86 191
86 176478
seqId 304
1 5
1 20
1 99
1 131
1 132
1 133
1 967
1 176479
2 3
2 5
2 20
2 6818
2 6820
2 176480
3 9
3 10
3 11
3 13
3 176481
4 99
4 115
4 195
4 773
4 775
4 776
4 2192
4 2194
4 176482
5 3
5 20
5 195
5 43423
5 43425
5 176483
6 76
6 342
6 343
6 345
6 176484
7 3
7 4
7 195
7 340
7 143138
7 143140
7 176485
8 76
8 342
8 343
8 345
8 176486
9 3
9 4
9 195
9 5512
9 5514
9 176487
10 76
10 25774
10 25775
10 25777
10 176488
seqId 305
1 5
1 84
1 90
1 91
1 93
1 121
1 8415
1 26981
1 176489
2 10
2 146
2 147
2 149
2 137044
3 90
3 443
3 36172
3 78363
3 176490
4 4
4 5
4 99
4 131
4 132
4 133
4 152
4 176491
5 3
5 4
5 5
5 3707
5 3709
5 176492
6 9
6 10
6 11
6 13
6 176493
7 76
7 137
7 138
7 140
7 176494
8 3
8 20
8 195
8 4913
8 12870
8 176495
9 20
9 195
9 202
9 8705
9 8707
9 176496
10 76
10 185
10 186
10 188
10 176497
11 76
11 342
11 343
11 345
11 176498
12 82
12 759
12 944
12 948
12 176499
13 5
13 20
13 27
13 81
13 82
13 83
13 84
13 85
13 135
13 13403
13 176500
14 5
14 84
14 90
14 91
14 93
14 121
14 2081
14 2426
14 176501
15 90
15 443
15 3446
15 3448
15 176502
16 10
16 126
16 127
16 129
16 176503
17 85
17 99
17 195
17 638
17 640
17 176504
18 3
18 20
18 195
18 15008
18 60243
18 176505
19 75
19 76
19 77
19 79
19 176506
20 3
20 4
20 5
20 92508
20 128246
20 176507
21 76
21 1267
21 1268
21 1270
21 176508
seqId 306
1 3
1 4
1 5
1 3199
1 5132
1 176509
2 76
2 1267
2 1268
2 1270
2 176510
3 3
3 4
3 5
3 37345
3 45237
3 176511
4 76
4 1267
4 1268
4 1270
4 176512
5 3
5 5
5 20
5 168724
5 168726
5 176513
6 71
6 76
6 190
6 191
6 176514
seqId 307
1 99
1 131
1 132
1 133
1 195
1 1220
1 176515
2 3
2 20
2 195
2 1320
2 3384
2 176516
3 9
3 10
3 11
3 13
3 176517
4 67
4 72
4 51485
4 51486
4 51488
4 51489
4 176518
5 67
5 1186
5 49510
5 58458
5 174383
5 174384
5 176519
6 84
6 91
6 93
6 121
6 195
6 703
6 707
6 1858
6 176520
7 660
7 3662
7 3663
7 3665
7 176521
8 20
8 90
8 122
8 195
8 340
8 708
8 713
8 6565
8 6567
8 176522
9 10
9 4919
9 4920
9 4922
9 176523
10 4
10 5
10 98
10 99
10 100
10 1927
10 13145
11 3
11 4
11 5
11 3707
11 3709
11 176524
12 9
12 10
12 11
12 13
12 176525
13 3
13 20
13 195
13 4913
13 12870
13 176526
14 20
14 195
14 202
14 8705
14 8707
14 176527
15 71
15 76
15 190
15 191
15 176528
seqId 308
1 10
1 283
1 3640
1 3642
1 176529
2 5
2 20
2 99
2 131
2 132
2 133
2 166
2 42992
3 3
3 5
3 20
3 16650
3 16652
3 176530
4 9
4 10
4 11
4 13
4 176531
5 5
5 99
5 115
5 773
5 774
5 775
5 776
5 778
5 176532
6 3
6 5
6 20
6 9469
6 10946
6 13159
seqId 309
1 99
1 131
1 132
1 133
1 195
1 1220
1 176533
2 3
2 4
2 195
2 340
2 128205
2 128207
2 176534
3 9
3 10
3 11
3 13
3 176535
4 3
4 5
4 20
4 81662
4 143143
4 176536
5 71
5 76
5 190
5 191
5 176537
seqId 310
1 4
1 5
1 99
1 131
1 132
1 133
1 811
1 176538
2 3
2 4
2 5
2 147237
2 147239
2 176539
3 158
3 159
3 160
3 162
3 176540
4 9
4 10
4 11
4 13
4 163
5 5
5 20
5 99
5 131
5 132
5 133
5 165
5 166
6 3
6 5
6 20
6 5018
6 129804
6 176541
7 76
7 413
7 414
7 416
7 176542
8 5
8 20
8 202
8 1104
8 176544
8 176545
8 176546
9 76
9 342
9 343
9 345
9 176547
10 5
10 20
10 202
10 15065
10 176549
10 176550
10 176551
11 76
11 342
11 343
11 345
11 176552
12 5
12 20
12 202
12 15065
12 130808
12 130810
12 176553
13 3
13 20
13 195
13 16951
13 131943
13 176554
14 76
14 433
14 434
14 436
14 176555
15 76
15 342
15 343
15 345
15 176556
16 76
16 413
16 414
16 416
16 176557
17 51
17 195
17 55692
17 55694
17 176558
18 76
18 433
18 434
18 436
18 176559
19 76
19 342
19 343
19 345
19 176560
20 5
20 20
20 99
20 133
20 175
20 176
20 1316
20 137109
21 5
21 20
21 202
21 795
21 797
21 176561
22 3
22 5
22 20
22 70793
22 70795
22 176562
23 76
23 342
23 343
23 345
23 176563
24 3
24 4
24 5
24 14686
24 49719
24 176564
25 230
25 231
25 232
25 234
25 176565
26 9
26 10
26 11
26 13
26 163
27 99
27 131
27 132
27 133
27 195
27 236
27 237
28 3
28 4
28 195
28 340
28 128205
28 128207
28 176566
29 9
29 10
29 11
29 13
29 176567
30 3
30 5
30 20
30 81662
30 143143
30 176568
31 76
31 2265
31 2266
31 2268
31 176569
32 5
32 20
32 99
32 131
32 132
32 133
32 166
32 176570
33 5
33 20
33 202
33 15065
33 131933
33 131935
33 176571
34 3
34 5
34 20
34 16951
34 16953
34 176572
35 5
35 84
35 91
35 93
35 121
35 702
35 703
35 705
35 127921
36 5
36 20
36 90
36 122
36 708
36 769
36 3840
36 70005
36 176573
37 10
37 109
37 110
37 112
37 176574
38 51
38 195
38 1851
38 1853
38 176575
39 71
39 76
39 190
39 191
39 176576
seqId 311
1 67
1 71
1 72
1 9179
1 9577
1 176578
1 176579
1 176580
2 67
2 1186
2 49510
2 58458
2 174383
2 174384
2 176581
3 82
3 83
3 84
3 115
3 5729
3 5731
3 176582
4 5
4 84
4 90
4 91
4 93
4 121
4 3270
4 3446
4 176583
5 99
5 131
5 132
5 133
5 195
5 237
5 176584
6 20
6 195
6 202
6 3501
6 23034
6 176585
7 3
7 20
7 195
7 43423
7 43425
7 176586
8 230
8 231
8 232
8 234
8 176587
9 9
9 10
9 11
9 13
9 163
10 99
10 131
10 132
10 133
10 195
10 236
10 237
11 3
11 20
11 195
11 176469
11 176471
11 176588
12 158
12 159
12 160
12 162
12 65326
13 9
13 10
13 11
13 13
13 163
14 5
14 20
14 99
14 131
14 132
14 133
14 165
14 166
15 5
15 20
15 202
15 15065
15 131933
15 131935
15 176589
16 3
16 5
16 20
16 16951
16 16953
16 176590
17 76
17 342
17 343
17 345
17 176591
18 10
18 146
18 147
18 149
18 176592
19 3
19 4
19 5
19 7144
19 7146
19 176593
20 230
20 231
20 232
20 234
20 176594
21 9
21 10
21 11
21 13
21 163
22 99
22 131
22 132
22 133
22 195
22 236
22 237
23 3
23 20
23 195
23 340
23 5018
23 5020
23 176595
24 20
24 72
24 195
24 202
24 340
24 5024
24 176597
24 176598
24 176599
25 71
25 76
25 190
25 191
25 176600
seqId 312
1 3
1 20
1 195
1 340
1 37128
1 117714
1 176602
2 76
2 342
2 343
2 345
2 176603
3 3
3 20
3 195
3 340
3 176462
3 176464
3 176604
4 76
4 342
4 343
4 345
4 176605
5 20
5 195
5 202
5 13290
5 24043
5 176606
6 3
6 20
6 195
6 176469
6 176471
6 176607
7 76
7 342
7 343
7 345
7 176608
8 3
8 20
8 195
8 340
8 176610
8 176611
8 176612
9 244
9 418
9 419
9 421
9 176613
10 3
10 20
10 195
10 25331
10 25718
10 176614
11 230
11 231
11 232
11 234
11 176615
12 9
12 10
12 11
12 13
12 163
13 99
13 131
13 132
13 133
13 195
13 236
13 237
14 3
14 4
14 195
14 7223
14 176617
14 176618
15 9
15 10
15 11
15 13
15 13250
16 3
16 5
16 20
16 7032
16 7034
16 176619
17 84
17 91
17 93
17 121
17 195
17 703
17 707
17 1858
17 176620
18 660
18 2522
18 17966
18 17969
18 176621
19 9
19 10
19 11
19 13
19 176622
20 3
20 20
20 195
20 26010
20 53178
20 176623
21 9
21 10
21 11
21 13
21 176624
22 98
22 99
22 100
22 195
22 2073
22 176625
23 3
23 20
23 195
23 4913
23 12870
23 176626
24 82
24 758
24 759
24 761
24 176627
25 84
25 90
25 91
25 93
25 121
25 195
25 7704
25 58022
25 176628
26 20
26 195
26 202
26 1377
26 5238
26 176629
27 99
27 131
27 132
27 133
27 195
27 237
27 176630
28 3
28 20
28 195
28 23048
28 23050
28 176631
29 230
29 231
29 232
29 234
29 176632
30 9
30 10
30 11
30 13
30 163
31 99
31 131
31 132
31 133
31 195
31 236
31 237
32 3
32 4
32 195
32 143317
32 143319
32 176633
33 4
33 90
33 122
33 195
33 708
33 713
33 2787
33 4288
33 4290
33 176634
34 71
34 76
34 190
34 191
34 176635
seqId 313
1 4
1 5
1 99
1 131
1 132
1 133
1 811
1 176636
2 4
2 5
2 202
2 2310
2 2313
2 176637
3 3
3 4
3 5
3 21181
3 44341
3 176638
4 82
4 84
4 114
4 115
4 116
4 1361
4 13274
5 5
5 84
5 90
5 91
5 93
5 121
5 1159
5 67952
5 176639
6 717
6 718
6 719
6 721
6 176640
7 10
7 146
7 147
7 149
7 722
8 5
8 20
8 99
8 131
8 132
8 133
8 165
8 166
9 3
9 5
9 20
9 8760
9 8762
9 176641
10 230
10 231
10 232
10 234
10 176642
11 9
11 10
11 11
11 13
11 163
12 99
12 131
12 132
12 133
12 195
12 236
12 237
13 3
13 20
13 195
13 9469
13 9471
13 176643
14 20
14 195
14 202
14 27270
14 32369
14 176644
15 76
15 342
15 343
15 345
15 13284
16 10
16 109
16 112
16 1539
16 13285
17 3
17 5
17 20
17 1601
17 1603
17 176645
18 4
18 5
18 99
18 131
18 132
18 133
18 811
18 176646
19 3
19 4
19 5
19 176648
19 176649
19 176650
20 230
20 231
20 232
20 234
20 176651
21 9
21 10
21 11
21 13
21 163
22 99
22 131
22 132
22 133
22 195
22 236
22 237
23 67
23 195
23 9490
23 48647
23 176653
23 176654
24 76
24 342
24 343
24 345
24 176655
25 67
25 340
25 2787
25 50840
25 176657
25 176658
25 176659
25 176660
26 76
26 342
26 343
26 345
26 176661
27 51
27 195
27 5342
27 5344
27 176662
28 76
28 1267
28 1268
28 1270
28 176663
seqId 314
1 51
1 195
1 2056
1 3174
1 13302
1 176665
2 3
2 4
2 195
2 11431
2 11433
2 176666
3 76
3 342
3 343
3 345
3 176667
4 82
4 758
4 759
4 761
4 176668
5 27
5 82
5 84
5 114
5 115
5 116
5 118
5 176669
6 5
6 84
6 90
6 91
6 93
6 121
6 33058
6 33876
6 176670
7 10
7 146
7 147
7 149
7 176671
8 90
8 443
8 1345
8 9933
8 176672
9 10
9 109
9 110
9 112
9 65425
10 3
10 5
10 20
10 120372
10 120374
10 176673
11 4
11 5
11 99
11 131
11 132
11 133
11 152
11 176674
12 3
12 4
12 5
12 3199
12 5132
12 176675
13 9
13 10
13 24
13 26
13 27
13 176676
14 3
14 4
14 5
14 8943
14 32404
14 176677
15 4
15 5
15 202
15 13316
15 14333
15 98664
16 4
16 5
16 90
16 122
16 708
16 713
16 11173
16 66856
16 176678
17 10
17 828
17 829
17 831
17 176679
18 99
18 131
18 132
18 133
18 195
18 237
18 176680
19 20
19 195
19 202
19 784
19 17696
19 176681
20 3
20 20
20 195
20 340
20 176683
20 176684
20 176685
21 9
21 10
21 11
21 13
21 137253
22 4
22 5
22 98
22 99
22 100
22 1927
22 176686
23 3
23 4
23 5
23 176648
23 176650
23 176687
24 76
24 342
24 343
24 345
24 176688
25 10
25 109
25 112
25 1539
25 176689
26 3
26 5
26 20
26 1601
26 1603
26 176690
27 4
27 5
27 99
27 131
27 132
27 133
27 152
27 176691
28 3
28 4
28 5
28 1913
28 1915
28 176692
29 230
29 231
29 232
29 234
29 176693
30 9
30 10
30 11
30 13
30 163
31 99
31 131
31 132
31 133
31 195
31 236
31 237
32 76
32 137
32 138
32 140
32 176694
33 3
33 4
33 195
33 147237
33 176696
33 176697
34 76
34 185
34 186
34 188
34 176698
35 4
35 195
35 202
35 14333
35 176700
35 176701
36 90
36 121
36 122
36 40758
36 96540
36 176702
37 10
37 146
37 147
37 149
37 176703
38 5
38 99
38 115
38 773
38 776
38 2192
38 28103
38 28105
38 176704
39 5
39 20
39 202
39 15065
39 43176
39 176549
39 176551
40 3
40 5
40 20
40 16951
40 16953
40 176705
41 71
41 76
41 190
41 191
41 176706
seqId 315
1 479
1 660
1 5407
1 93182
1 176708
1 176709
1 176710
2 76
2 342
2 343
2 345
2 13362
3 5
3 20
3 27
3 82
3 84
3 98
3 100
3 2487
3 176711
4 5
4 84
4 91
4 93
4 121
4 703
4 707
4 956
4 176712
5 717
5 718
5 719
5 721
5 176713
6 10
6 146
6 147
6 149
6 722
7 5
7 20
7 99
7 131
7 132
7 133
7 165
7 166
8 3
8 5
8 20
8 389
8 391
8 176714
9 9
9 10
9 11
9 13
9 176715
10 3
10 4
10 195
10 1913
10 78733
10 176716
11 9
11 10
11 11
11 13
11 176717
12 3
12 5
12 20
12 176719
12 176720
12 176721
13 10
13 126
13 127
13 129
13 13368
14 4
14 5
14 72
14 82
14 84
14 115
14 116
14 1261
14 1262
14 1264
14 1265
14 176722
15 944
15 945
15 946
15 948
15 176723
16 4
16 5
16 99
16 131
16 132
16 133
16 152
16 176724
17 4
17 5
17 67
17 14230
17 14233
17 176725
18 5
18 84
18 91
18 93
18 121
18 703
18 707
18 956
18 176726
19 4
19 5
19 90
19 122
19 708
19 713
19 1104
19 176728
19 176729
19 176730
20 10
20 828
20 829
20 831
20 176731
21 99
21 133
21 175
21 176
21 195
21 234
21 176732
22 3
22 20
22 195
22 176469
22 176471
22 176733
23 9
23 10
23 24
23 26
23 27
23 176734
24 3
24 4
24 5
24 25373
24 25375
24 176735
25 4
25 5
25 202
25 13830
25 18206
25 176736
26 82
26 759
26 2852
26 2854
26 176737
27 4
27 5
27 82
27 83
27 84
27 115
27 763
27 1264
27 176738
28 5
28 84
28 90
28 91
28 93
28 121
28 1488
28 17865
28 176739
29 99
29 131
29 132
29 133
29 195
29 237
29 100390
30 3
30 4
30 195
30 36880
30 176741
30 176742
31 71
31 76
31 190
31 191
31 176743
seqId 316
1 10
1 146
1 1024
1 1026
1 176744
2 98
2 99
2 100
2 195
2 2073
2 128067
3 3
3 20
3 195
3 9469
3 9471
3 176745
4 84
4 90
4 91
4 93
4 121
4 195
4 442
4 4823
4 176746
5 27
5 82
5 84
5 114
5 115
5 116
5 118
5 176747
6 90
6 443
6 17531
6 25104
6 176748
7 99
7 131
7 132
7 133
7 195
7 237
7 176749
8 3
8 20
8 195
8 2004
8 11847
8 176750
9 10
9 1791
9 1792
9 1794
9 176751
10 5
10 20
10 99
10 131
10 132
10 133
10 166
10 176752
11 3
11 5
11 20
11 19603
11 19605
11 176753
12 10
12 126
12 127
12 129
12 176754
13 5
13 27
13 99
13 131
13 132
13 133
13 135
13 176755
14 3
14 4
14 5
14 176757
14 176758
14 176759
15 10
15 61206
15 61207
15 61209
15 176760
16 99
16 131
16 132
16 133
16 195
16 237
16 176761
17 3
17 20
17 195
17 33027
17 51481
17 94428
17 176763
17 176764
18 76
18 1267
18 1268
18 1270
18 176765
seqId 317
1 5
1 27
1 99
1 131
1 132
1 133
1 135
1 176766
2 3
2 4
2 5
2 16405
2 16407
2 176767
3 717
3 718
3 719
3 721
3 176768
4 10
4 146
4 147
4 149
4 722
5 5
5 20
5 99
5 131
5 132
5 133
5 165
5 166
6 3
6 5
6 20
6 176770
6 176771
6 176772
7 10
7 61206
7 61207
7 61209
7 176773
8 99
8 131
8 132
8 133
8 195
8 237
8 176774
9 3
9 20
9 195
9 340
9 176462
9 176464
9 176775
10 20
10 195
10 202
10 48429
10 176777
10 176778
11 76
11 1267
11 1268
11 1270
11 176779
12 99
12 131
12 132
12 133
12 195
12 237
12 176780
13 3
13 4
13 195
13 19879
13 26830
13 176781
14 9
14 10
14 11
14 13
14 176782
15 3
15 4
15 5
15 41366
15 176784
15 176785
15 176786
15 176787
16 243
16 244
16 245
16 247
16 176788
17 9
17 10
17 24
17 26
17 27
17 176789
18 3
18 4
18 5
18 497
18 625
18 29391
18 176791
18 176792
19 9
19 10
19 24
19 26
19 27
19 176793
20 67
20 133743
20 143567
20 143568
20 176794
21 9
21 10
21 11
21 13
21 176795
22 67
22 22796
22 149764
22 176797
22 176798
22 176799
23 10
23 283
23 284
23 286
23 13438
24 99
24 131
24 132
24 133
24 195
24 237
24 176800
25 3
25 4
25 195
25 9388
25 176802
25 176803
25 176804
26 158
26 159
26 160
26 162
26 137345
27 9
27 10
27 11
27 13
27 163
28 5
28 20
28 99
28 131
28 132
28 133
28 165
28 166
29 5
29 20
29 67
29 176806
29 176807
29 176808
30 71
30 76
30 190
30 191
30 176809
seqId 318
1 660
1 5049
1 7881
1 7883
1 176810
2 5
2 20
2 99
2 133
2 175
2 176
2 1316
2 176811
3 3
3 5
3 20
3 2004
3 2006
3 176812
4 10
4 1791
4 1792
4 1794
4 176813
5 99
5 131
5 132
5 133
5 195
5 237
5 176814
6 3
6 20
6 195
6 21902
6 21904
6 176815
7 20
7 195
7 202
7 340
7 35470
7 35472
7 176816
8 243
8 244
8 245
8 247
8 176817
9 20
9 195
9 202
9 302
9 1655
9 176818
10 158
10 159
10 160
10 162
10 176819
11 9
11 10
11 11
11 13
11 163
12 5
12 20
12 99
12 131
12 132
12 133
12 165
12 166
13 3
13 5
13 20
13 81662
13 143143
13 176820
14 660
14 3261
14 3262
14 3264
14 176821
15 158
15 159
15 160
15 162
15 176822
16 9
16 10
16 11
16 13
16 163
17 5
17 20
17 99
17 131
17 132
17 133
17 165
17 166
18 3
18 5
18 20
18 5018
18 5020
18 176823
19 9
19 10
19 11
19 13
19 137376
20 67
20 154611
20 154612
20 154614
20 176824
21 67
21 13403
21 176826
21 176827
21 176828
21 176829
22 5
22 84
22 90
22 91
22 93
22 121
22 3360
22 5608
22 176830
23 90
23 443
23 3840
23 97002
23 176831
24 10
24 109
24 110
24 112
24 176832
25 51
25 195
25 1879
25 1881
25 176833
26 71
26 76
26 190
26 191
26 176834
seqId 319
1 67
1 71
1 71
1 72
1 9179
1 9577
1 174379
1 174380
1 176835
2 67
2 1186
2 49510
2 58458
2 174383
2 174384
2 176836
3 5
3 84
3 90
3 91
3 93
3 121
3 10347
3 24773
3 176837
4 660
4 1513
4 1514
4 1516
4 176838
5 4
5 5
5 99
5 133
5 175
5 176
5 178
5 176839
6 3
6 4
6 5
6 10248
6 10250
6 176840
7 10
7 109
7 110
7 112
7 176841
8 3
8 5
8 20
8 389
8 391
8 176842
9 10
9 126
9 127
9 129
9 176843
10 99
10 131
10 132
10 133
10 195
10 237
10 128151
11 3
11 20
11 195
11 724
11 101272
11 176844
12 9
12 10
12 11
12 13
12 176845
13 4
13 5
13 99
13 131
13 132
13 133
13 152
13 176846
14 3
14 4
14 5
14 7223
14 52437
14 176847
15 4
15 5
15 202
15 13322
15 31197
15 176848
16 230
16 231
16 232
16 234
16 176849
17 9
17 10
17 11
17 13
17 163
18 99
18 131
18 132
18 133
18 195
18 236
18 237
19 3
19 4
19 195
19 340
19 13503
19 142948
19 176851
20 4
20 195
20 202
20 340
20 176853
20 176854
20 176855
21 71
21 76
21 190
21 191
21 176856
seqId 320
1 67
1 4792
1 37859
1 176858
1 176859
1 176860
2 71
2 76
2 190
2 191
2 176861
seqId 321
1 3
1 4
1 5
1 22751
1 50290
1 142250
1 176862
2 230
2 231
2 232
2 234
2 176863
3 9
3 10
3 11
3 13
3 163
4 99
4 131
4 132
4 133
4 195
4 236
4 237
5 3
5 4
5 195
5 3419
5 3421
5 176864
6 243
6 244
6 245
6 247
6 176865
7 230
7 231
7 232
7 234
7 176866
8 9
8 10
8 11
8 13
8 163
9 99
9 131
9 132
9 133
9 195
9 236
9 237
10 3
10 20
10 195
10 340
10 3768
10 3771
10 176867
seqId 322
1 10
1 146
1 1539
1 35564
1 176868
2 90
2 443
2 1334
2 8849
2 176869
3 9
3 10
3 11
3 13
3 176870
4 99
4 115
4 195
4 773
4 774
4 775
4 776
4 3400
4 176871
5 3
5 20
5 195
5 1320
5 3384
5 176872
6 10
6 126
6 127
6 129
6 176873
7 99
7 131
7 132
7 133
7 195
7 237
7 176874
8 3
8 4
8 195
8 340
8 50290
8 50292
8 176876
9 4
9 195
9 202
9 340
9 174703
9 176878
9 176879
10 243
10 244
10 245
10 247
10 100542
11 660
11 2347
11 2348
11 2350
11 176880
12 660
12 3607
12 3608
12 3610
12 176881
13 10
13 126
13 127
13 129
13 176882
14 99
14 131
14 132
14 133
14 195
14 237
14 176883
15 3
15 20
15 195
15 33358
15 34347
15 176884
16 20
16 90
16 122
16 195
16 340
16 708
16 713
16 176886
16 176887
16 176888
17 244
17 418
17 419
17 421
17 176889
18 20
18 90
18 122
18 195
18 708
18 713
18 176891
18 176892
18 176893
18 176894
19 243
19 244
19 245
19 247
19 176895
20 5
20 99
20 115
20 773
20 775
20 776
20 2192
20 3593
20 176896
21 3
21 4
21 5
21 13797
21 13799
21 176897
22 76
22 342
22 343
22 345
22 176898
23 67
23 174157
23 174159
23 174797
23 176899
24 67
24 407
24 174800
24 174801
24 174803
24 176900
25 5
25 84
25 91
25 93
25 121
25 702
25 703
25 705
25 176901
26 5
26 20
26 122
26 703
26 707
26 708
26 710
26 176902
27 5
27 20
27 90
27 122
27 708
27 713
27 4845
27 4847
27 176903
28 10
28 146
28 147
28 149
28 176904
29 90
29 443
29 4338
29 11506
29 176905
30 660
30 15804
30 15805
30 15807
30 176906
31 717
31 718
31 719
31 721
31 176907
32 10
32 146
32 147
32 149
32 722
33 5
33 20
33 99
33 131
33 132
33 133
33 165
33 166
34 3
34 5
34 20
34 10672
34 10674
34 176908
35 10
35 1104
35 76933
35 90416
35 90417
35 176909
36 99
36 131
36 132
36 133
36 195
36 237
36 176910
37 3
37 4
37 195
37 340
37 8356
37 8358
37 176911
38 5
38 20
38 90
38 122
38 708
38 713
38 28383
38 114508
38 176912
39 10
39 828
39 829
39 831
39 176913
40 67
40 176915
40 176916
40 176917
40 176918
41 67
41 147452
41 162716
41 174395
41 174396
41 176919
42 717
42 718
42 719
42 721
42 13589
43 10
43 146
43 147
43 149
43 722
44 5
44 20
44 99
44 131
44 132
44 133
44 165
44 166
45 3
45 5
45 20
45 1325
45 1327
45 176920
46 9
46 10
46 11
46 13
46 176921
47 5
47 27
47 99
47 131
47 132
47 133
47 135
47 176922
48 5
48 67
48 55291
48 55294
48 176923
49 51
49 195
49 14053
49 171406
49 171408
49 176924
50 71
50 76
50 190
50 191
50 176925
seqId 323
1 10
1 146
1 35562
1 35564
1 176926
2 5
2 27
2 99
2 131
2 132
2 133
2 135
2 43401
3 3
3 5
3 20
3 24227
3 24229
3 176927
4 158
4 159
4 160
4 162
4 176928
5 9
5 10
5 11
5 13
5 163
6 5
6 20
6 99
6 131
6 132
6 133
6 165
6 166
7 5
7 20
7 202
7 9877
7 9879
7 176929
8 3
8 5
8 20
8 951
8 953
8 176930
9 9
9 10
9 11
9 13
9 176931
10 3
10 4
10 5
10 15
10 17
10 176932
11 27
11 82
11 759
11 944
11 1463
11 176933
12 5
12 84
12 91
12 93
12 121
12 703
12 707
12 956
12 176934
13 5
13 20
13 99
13 131
13 132
13 133
13 166
13 176935
14 3
14 5
14 20
14 951
14 953
14 176936
15 230
15 231
15 232
15 234
15 176937
16 9
16 10
16 11
16 13
16 163
17 99
17 131
17 132
17 133
17 195
17 236
17 237
18 3
18 4
18 195
18 340
18 34850
18 34852
18 176938
19 76
19 342
19 343
19 345
19 176939
20 5
20 27
20 99
20 131
20 132
20 133
20 135
20 176940
21 3
21 5
21 20
21 2320
21 2322
21 176941
22 3
22 4
22 195
22 340
22 22751
22 50290
22 142250
22 176942
23 9
23 10
23 11
23 13
23 176943
24 5
24 27
24 99
24 131
24 132
24 133
24 135
24 176944
25 3
25 4
25 5
25 642
25 1016
25 176945
26 9
26 10
26 24
26 26
26 27
26 176946
27 3
27 5
27 20
27 1019
27 25531
27 176947
28 5
28 84
28 91
28 93
28 121
28 702
28 703
28 705
28 176948
29 5
29 20
29 90
29 122
29 708
29 769
29 4190
29 13413
29 176949
30 4
30 5
30 99
30 133
30 175
30 176
30 178
30 176950
31 3
31 4
31 5
31 33173
31 33763
31 176951
32 660
32 60833
32 60834
32 60836
32 176952
33 4
33 5
33 202
33 795
33 8936
33 176953
34 76
34 342
34 343
34 345
34 176954
35 82
35 758
35 759
35 761
35 176955
36 5
36 84
36 90
36 91
36 93
36 121
36 3346
36 22290
36 176956
37 5
37 20
37 99
37 131
37 132
37 133
37 166
37 176957
38 3
38 5
38 20
38 3118
38 3120
38 176958
39 9
39 10
39 11
39 13
39 176959
40 3
40 4
40 5
40 3123
40 3125
40 176960
41 230
41 231
41 232
41 234
41 137493
42 9
42 10
42 11
42 13
42 163
43 99
43 131
43 132
43 133
43 195
43 236
43 237
44 3
44 20
44 195
44 90521
44 98004
44 176961
45 10
45 283
45 284
45 286
45 176962
46 5
46 20
46 99
46 131
46 132
46 133
46 166
46 13650
47 3
47 5
47 20
47 11731
47 11733
47 176963
48 9
48 10
48 11
48 13
48 176964
49 90
49 443
49 3563
49 31168
49 176965
50 4
50 5
50 99
50 133
50 175
50 176
50 178
50 176966
51 3
51 4
51 5
51 30801
51 30803
51 176967
52 158
52 159
52 160
52 162
52 65716
53 9
53 10
53 11
53 13
53 163
54 5
54 20
54 99
54 131
54 132
54 133
54 165
54 166
55 3
55 5
55 20
55 1892
55 37252
55 176968
56 71
56 76
56 190
56 191
56 176969
seqId 324
1 51
1 195
1 10375
1 23408
1 176970
2 3
2 4
2 195
2 6862
2 14459
2 176971
3 84
3 91
3 93
3 121
3 195
3 702
3 703
3 1062
3 176972
4 5
4 20
4 122
4 703
4 707
4 708
4 710
4 176973
5 4
5 90
5 122
5 195
5 708
5 713
5 2832
5 2834
5 176974
6 10
6 283
6 284
6 286
6 176975
7 5
7 20
7 99
7 131
7 132
7 133
7 166
7 176976
8 3
8 5
8 20
8 4345
8 4347
8 176977
9 9
9 10
9 11
9 13
9 176978
10 5
10 20
10 98
10 99
10 100
10 102
10 176979
11 3
11 5
11 20
11 10672
11 10674
11 176980
12 9
12 10
12 11
12 13
12 176981
13 51
13 195
13 5922
13 5924
13 176982
14 10
14 146
14 147
14 149
14 176983
15 51
15 195
15 4167
15 4169
15 176984
16 71
16 76
16 190
16 191
16 176985
seqId 325
1 98
1 99
1 100
1 195
1 8870
1 176986
2 3
2 4
2 195
2 6862
2 14459
2 176987
3 84
3 91
3 93
3 121
3 195
3 702
3 703
3 1062
3 176988
4 5
4 20
4 90
4 122
4 708
4 769
4 2333
4 7738
4 176989
5 9
5 10
5 11
5 13
5 176990
6 90
6 443
6 1345
6 9933
6 176991
7 10
7 109
7 110
7 112
7 176992
8 3
8 4
8 5
8 4420
8 4422
8 176993
9 5
9 20
9 99
9 133
9 175
9 176
9 1316
9 176994
10 3
10 5
10 20
10 10672
10 10674
10 176995
11 9
11 10
11 11
11 13
11 176996
12 3
12 4
12 15
12 195
12 4121
12 176997
13 5
13 20
13 72
13 202
13 31324
13 39146
13 39148
13 176999
14 76
14 413
14 414
14 416
14 177000
15 10
15 109
15 110
15 112
15 177001
16 3
16 4
16 5
16 5256
16 5258
16 177002
17 10
17 1387
17 1388
17 1390
17 177003
18 5
18 27
18 99
18 131
18 132
18 133
18 135
18 177004
19 509
19 5376
19 13941
19 13943
19 177005
20 509
20 5376
20 13945
20 13947
20 177006
21 509
21 5376
21 136517
21 136519
21 136520
21 177007
22 509
22 5376
22 115643
22 136522
22 136524
22 136525
22 177008
23 76
23 342
23 343
23 345
23 177009
24 10
24 146
24 147
24 149
24 177010
25 67
25 147062
25 147063
25 147065
25 177011
26 67
26 147067
26 147068
26 147070
26 177012
27 76
27 433
27 434
27 436
27 177013
28 10
28 126
28 127
28 129
28 177014
29 5
29 20
29 98
29 99
29 100
29 102
29 177015
30 5
30 20
30 202
30 2310
30 2313
30 177016
31 3
31 5
31 20
31 1684
31 13711
31 177017
32 90
32 443
32 27424
32 177019
32 177020
33 10
33 109
33 110
33 112
33 177021
34 3
34 4
34 5
34 8356
34 177023
34 177024
35 1458
35 2717
35 4052
35 4054
35 177025
36 509
36 5376
36 156160
36 156162
36 177026
37 509
37 625
37 5376
37 10054
37 177027
38 509
38 5376
38 33188
38 38352
38 177029
38 177030
39 76
39 342
39 343
39 345
39 177031
40 5
40 20
40 99
40 133
40 175
40 176
40 1316
40 177032
41 3
41 5
41 20
41 10672
41 10674
41 177033
42 82
42 758
42 759
42 761
42 13750
43 5
43 84
43 90
43 91
43 93
43 121
43 3372
43 6654
43 13752
44 3
44 20
44 195
44 23221
44 23223
44 177034
45 76
45 342
45 343
45 345
45 137561
46 3
46 20
46 195
46 23221
46 23223
46 177035
47 158
47 159
47 160
47 162
47 177036
48 9
48 10
48 11
48 13
48 163
49 5
49 20
49 99
49 131
49 132
49 133
49 165
49 166
50 3
50 5
50 20
50 222
50 224
50 177037
51 76
51 342
51 343
51 345
51 177038
52 3
52 20
52 195
52 340
52 23234
52 23236
52 177039
53 243
53 244
53 245
53 247
53 177040
54 3
54 20
54 195
54 28129
54 177042
54 177043
54 177044
55 71
55 76
55 190
55 191
55 177045
seqId 326
1 3
1 71
1 71
1 5422
1 9768
1 9771
1 9809
1 21252
1 34780
1 38010
1 38352
1 57668
1 177047
1 177048
1 177049
1 177050
2 76
2 433
2 434
2 436
2 177051
3 71
3 76
3 190
3 191
3 177052
seqId 327
1 3
1 5
1 20
1 1026
1 1104
1 9565
1 28544
1 177053
2 51
2 195
2 26052
2 26054
2 177054
3 71
3 76
3 190
3 191
3 100728
seqId 328
1 99
1 131
1 132
1 133
1 195
1 1220
1 177055
2 3
2 20
2 195
2 37928
2 60441
2 177056
3 20
3 195
3 202
3 3199
3 4859
3 177057
4 158
4 159
4 160
4 162
4 137581
5 9
5 10
5 11
5 13
5 163
6 5
6 20
6 99
6 131
6 132
6 133
6 165
6 166
7 3
7 5
7 20
7 32317
7 32319
7 177058
seqId 329
1 660
1 177060
1 177061
1 177062
1 177063
2 2822
2 2823
2 2824
2 2826
2 177064
3 10
3 146
3 147
3 149
3 722
4 99
4 131
4 132
4 133
4 195
4 236
4 237
5 51
5 195
5 1501
5 1503
5 177065
6 20
6 195
6 202
6 2294
6 3837
6 177066
7 3
7 20
7 195
7 2320
7 16794
7 177067
8 76
8 342
8 343
8 345
8 177068
9 82
9 758
9 759
9 761
9 177069
10 84
10 90
10 91
10 93
10 121
10 195
10 755
10 2163
10 7359
10 177070
11 5
11 27
11 99
11 131
11 132
11 133
11 135
11 177071
12 3
12 5
12 20
12 3394
12 3396
12 177072
13 230
13 231
13 232
13 234
13 100748
14 9
14 10
14 11
14 13
14 163
15 99
15 131
15 132
15 133
15 195
15 236
15 237
16 3
16 20
16 195
16 1320
16 3384
16 177073
17 230
17 231
17 232
17 234
17 177074
18 9
18 10
18 11
18 13
18 163
19 99
19 131
19 132
19 133
19 195
19 236
19 237
20 3
20 20
20 195
20 2034
20 3403
20 177075
21 9
21 10
21 11
21 13
21 177076
22 5
22 27
22 99
22 131
22 132
22 133
22 135
22 177077
23 2
23 3
23 4
23 5
23 181
23 177078
24 76
24 342
24 343
24 345
24 177079
25 5
25 27
25 99
25 131
25 132
25 133
25 135
25 177080
26 3
26 5
26 20
26 2320
26 2322
26 177081
27 76
27 137
27 138
27 140
27 177082
28 3
28 20
28 195
28 37928
28 60441
28 177083
29 20
29 195
29 202
29 3199
29 4859
29 177084
30 158
30 159
30 160
30 162
30 177085
31 9
31 10
31 11
31 13
31 163
32 5
32 20
32 99
32 131
32 132
32 133
32 165
32 166
33 3
33 5
33 20
33 32317
33 32319
33 177086
34 76
34 185
34 186
34 188
34 177087
35 5
35 84
35 91
35 93
35 121
35 702
35 703
35 705
35 177088
36 5
36 20
36 122
36 703
36 707
36 708
36 710
36 177089
37 5
37 20
37 90
37 122
37 708
37 713
37 6804
37 60890
37 177090
38 10
38 378
38 379
38 381
38 177091
39 90
39 443
39 59058
39 126029
39 177092
40 660
40 22707
40 22708
40 22710
40 177093
41 99
41 131
41 132
41 133
41 195
41 237
41 177094
42 3
42 4
42 195
42 4228
42 4230
42 177095
43 243
43 244
43 245
43 247
43 65842
44 3
44 4
44 195
44 2828
44 2830
44 177096
45 4
45 195
45 202
45 302
45 1655
45 177097
46 4
46 195
46 202
46 3386
46 3523
46 177098
47 230
47 231
47 232
47 234
47 177099
48 9
48 10
48 11
48 13
48 163
49 99
49 131
49 132
49 133
49 195
49 236
49 237
50 3
50 20
50 195
50 2034
50 3403
50 177100
51 9
51 10
51 11
51 13
51 65857
52 5
52 27
52 99
52 131
52 132
52 133
52 135
52 177101
53 2
53 3
53 4
53 5
53 181
53 177102
54 243
54 244
54 245
54 247
54 177103
55 9
55 10
55 11
55 13
55 177104
56 99
56 115
56 195
56 773
56 775
56 776
56 2192
56 2194
56 177105
57 3
57 20
57 195
57 1806
57 1808
57 1809
57 1810
57 177106
58 76
58 342
58 343
58 345
58 177107
59 660
59 3319
59 3320
59 3322
59 177108
60 9
60 10
60 24
60 26
60 27
60 177109
61 90
61 443
61 27603
61 34069
61 100796
62 5
62 20
62 99
62 133
62 175
62 176
62 1316
62 100797
63 3
63 5
63 20
63 33358
63 35385
63 65866
64 5
64 20
64 202
64 7169
64 76875
64 177110
65 2822
65 2823
65 2824
65 2826
65 177111
66 10
66 146
66 147
66 149
66 722
67 99
67 131
67 132
67 133
67 195
67 236
67 237
68 3
68 20
68 195
68 19820
68 38968
68 177112
69 20
69 195
69 202
69 1777
69 33142
69 33765
69 54437
69 177113
70 76
70 342
70 343
70 345
70 177114
71 20
71 195
71 202
71 27620
71 27622
71 177115
72 9
72 10
72 11
72 13
72 177116
73 443
73 703
73 4766
73 5065
73 177117
74 90
74 443
74 15945
74 33410
74 177118
75 99
75 133
75 175
75 176
75 195
75 234
75 177119
76 3
76 4
76 195
76 21181
76 21183
76 177120
77 4
77 195
77 202
77 795
77 3439
77 177121
78 71
78 76
78 190
78 191
78 43641
seqId 330
1 5
1 20
1 82
1 83
1 84
1 115
1 763
1 3948
1 177122
2 27
2 82
2 84
2 114
2 115
2 116
2 118
2 177123
3 5
3 84
3 90
3 91
3 93
3 914
3 1815
3 140923
3 177124
4 9
4 10
4 24
4 26
4 27
4 177125
5 5
5 20
5 99
5 133
5 175
5 176
5 1316
5 177126
6 3
6 5
6 20
6 2320
6 2322
6 177127
7 660
7 2643
7 2644
7 2646
7 177128
8 5
8 20
8 202
8 4736
8 33765
8 177129
9 243
9 244
9 245
9 247
9 177130
10 5
10 20
10 202
10 15231
10 54358
10 108916
10 177131
11 71
11 76
11 190
11 191
11 13900
seqId 331
1 5
1 20
1 98
1 99
1 100
1 4215
1 177132
2 3
2 5
2 20
2 2320
2 2322
2 177133
3 5
3 84
3 91
3 93
3 121
3 703
3 707
3 956
3 177134
4 660
4 19069
4 19070
4 19072
4 100829
5 717
5 718
5 719
5 721
5 177135
6 10
6 146
6 147
6 149
6 722
7 5
7 20
7 99
7 131
7 132
7 133
7 165
7 166
8 5
8 20
8 202
8 784
8 4033
8 177136
9 3
9 5
9 20
9 7498
9 27142
9 177137
10 5
10 20
10 82
10 84
10 100
10 4680
10 7814
10 177138
11 82
11 758
11 759
11 761
11 177139
12 5
12 84
12 90
12 91
12 93
12 121
12 2333
12 2335
12 177140
13 2822
13 2823
13 2824
13 2826
13 177141
14 10
14 146
14 147
14 149
14 722
15 99
15 131
15 132
15 133
15 195
15 236
15 237
16 3
16 20
16 195
16 1806
16 1808
16 1809
16 1810
16 177142
17 9
17 10
17 11
17 13
17 65908
18 5
18 99
18 131
18 132
18 133
18 135
18 171
18 177143
19 5
19 67
19 55291
19 55294
19 177144
20 76
20 342
20 343
20 345
20 177145
21 5
21 85
21 99
21 10078
21 10080
21 177146
22 3
22 4
22 5
22 729
22 4454
22 177147
23 244
23 418
23 419
23 421
23 177148
24 660
24 94913
24 94914
24 94916
24 177149
25 76
25 342
25 343
25 345
25 177150
26 9
26 10
26 26
26 169
26 171
26 177151
27 90
27 443
27 2832
27 10563
27 177152
28 4
28 5
28 99
28 133
28 175
28 176
28 178
28 177153
29 3
29 4
29 5
29 6862
29 6864
29 177154
30 4
30 5
30 202
30 4904
30 4906
30 177155
31 10
31 126
31 127
31 129
31 177156
32 5
32 20
32 99
32 133
32 175
32 176
32 1316
32 177157
33 3
33 5
33 20
33 1684
33 13711
33 177158
34 9
34 10
34 11
34 13
34 177159
35 5
35 99
35 115
35 773
35 775
35 776
35 2192
35 3593
35 177160
36 3
36 5
36 20
36 614
36 4760
36 177161
37 71
37 76
37 190
37 191
37 177162
seqId 332
1 85
1 99
1 195
1 638
1 6239
1 177163
2 3
2 195
2 2217
2 8955
2 177164
3 76
3 342
3 343
3 345
3 177165
4 10
4 828
4 831
4 1539
4 177166
5 660
5 2210
5 2211
5 2213
5 177167
6 76
6 342
6 343
6 345
6 177168
7 84
7 91
7 93
7 121
7 195
7 702
7 703
7 1062
7 137726
8 5
8 20
8 90
8 122
8 708
8 769
8 4243
8 8467
8 177169
9 4
9 5
9 99
9 133
9 175
9 176
9 178
9 177170
10 3
10 4
10 5
10 6046
10 6048
10 177171
11 9
11 10
11 11
11 13
11 177172
12 5
12 99
12 773
12 776
12 3593
12 177173
13 3
13 4
13 5
13 897
13 899
13 177174
14 76
14 342
14 343
14 345
14 177175
15 10
15 283
15 284
15 286
15 177176
16 5
16 20
16 99
16 131
16 132
16 133
16 166
16 177177
17 3
17 5
17 20
17 4345
17 4347
17 177178
18 9
18 10
18 11
18 13
18 177179
19 5
19 99
19 773
19 776
19 3593
19 177180
20 3
20 5
20 20
20 10672
20 10674
20 177181
21 9
21 10
21 11
21 13
21 177182
22 3
22 4
22 5
22 15
22 17
22 177183
23 5
23 202
23 2742
23 16528
23 177184
24 76
24 342
24 343
24 345
24 14012
25 10
25 146
25 147
25 149
25 177185
26 4
26 5
26 99
26 133
26 175
26 176
26 178
26 177186
27 3
27 4
27 5
27 3691
27 3693
27 177187
28 10
28 126
28 127
28 129
28 177188
29 99
29 131
29 132
29 133
29 195
29 237
29 177189
30 3
30 20
30 195
30 37928
30 60441
30 177190
31 158
31 159
31 160
31 162
31 177191
32 9
32 10
32 11
32 13
32 163
33 5
33 20
33 99
33 131
33 132
33 133
33 165
33 166
34 3
34 5
34 20
34 32317
34 32319
34 177192
35 71
35 76
35 190
35 191
35 177193
seqId 333
1 10
1 7340
1 7341
1 7343
1 177194
2 51
2 195
2 4167
2 4169
2 177195
3 76
3 342
3 343
3 345
3 14024
4 5
4 27
4 99
4 131
4 132
4 133
4 135
4 177196
5 5
5 67
5 55291
5 55294
5 177197
6 51
6 195
6 14053
6 171406
6 171408
6 177198
7 243
7 244
7 245
7 247
7 177199
8 5
8 27
8 99
8 131
8 132
8 133
8 135
8 177200
9 5
9 67
9 55291
9 55294
9 177201
10 51
10 195
10 14053
10 167927
10 167929
10 177202
11 9
11 10
11 11
11 13
11 177203
12 5
12 27
12 99
12 131
12 132
12 133
12 135
12 177204
13 3
13 4
13 5
13 597
13 599
13 177205
14 67
14 601
14 603
14 1197
14 177206
15 67
15 605
15 607
15 1199
15 177207
16 76
16 413
16 414
16 416
16 177208
17 3
17 5
17 20
17 217
17 219
17 177209
18 9
18 10
18 24
18 26
18 27
18 177210
19 3
19 4
19 5
19 14686
19 49719
19 177211
20 4
20 5
20 202
20 322
20 55521
20 177212
21 243
21 244
21 245
21 247
21 177213
22 4
22 5
22 202
22 851
22 8705
22 173690
22 177214
23 9
23 10
23 11
23 13
23 177215
24 5
24 27
24 99
24 131
24 132
24 133
24 135
24 177216
25 5
25 67
25 147612
25 168135
25 177217
26 76
26 433
26 434
26 436
26 177218
27 84
27 90
27 91
27 93
27 121
27 195
27 1345
27 38039
27 177219
28 660
28 16882
28 16883
28 16885
28 177220
29 10
29 109
29 110
29 112
29 177221
30 3
30 4
30 5
30 4406
30 24330
30 177222
31 5
31 20
31 99
31 133
31 175
31 176
31 1316
31 177223
32 3
32 5
32 20
32 10672
32 10674
32 177224
33 5
33 20
33 90
33 122
33 708
33 713
33 5400
33 5402
33 177225
34 76
34 137
34 138
34 140
34 177226
35 4
35 5
35 99
35 131
35 132
35 133
35 811
35 177227
36 3
36 4
36 5
36 38982
36 38984
36 177228
37 9
37 10
37 11
37 13
37 177229
38 3
38 20
38 195
38 3906
38 71194
38 177230
39 20
39 195
39 202
39 26382
39 107349
39 177231
40 75
40 76
40 77
40 79
40 177232
41 90
41 443
41 1345
41 9933
41 177233
42 10
42 109
42 110
42 112
42 177234
43 3
43 4
43 5
43 21117
43 21119
43 177235
44 76
44 342
44 343
44 345
44 177236
45 90
45 443
45 1345
45 9933
45 177237
46 10
46 109
46 110
46 112
46 177238
47 3
47 4
47 5
47 9795
47 9797
47 177239
48 76
48 342
48 343
48 345
48 177240
49 90
49 443
49 1345
49 9933
49 177241
50 10
50 109
50 110
50 112
50 177242
51 3
51 5
51 20
51 43423
51 147271
51 177243
52 10
52 283
52 284
52 286
52 177244
53 99
53 131
53 132
53 133
53 195
53 237
53 177245
54 3
54 4
54 195
54 7178
54 7180
54 177246
55 4
55 5
55 202
55 168118
55 168120
55 177247
56 243
56 244
56 245
56 247
56 177248
57 4
57 5
57 202
57 140235
57 144993
57 177249
58 76
58 342
58 343
58 345
58 177250
59 67
59 52423
59 136606
59 173431
59 177251
60 243
60 244
60 245
60 247
60 177252
61 67
61 147612
61 168135
61 177253
61 177254
62 76
62 185
62 186
62 188
62 177255
63 71
63 76
63 190
63 191
63 177256
seqId 334
1 5
1 20
1 98
1 99
1 100
1 8099
1 14136
2 3
2 5
2 20
2 10672
2 10674
2 177257
3 5
3 20
3 202
3 906
3 50750
3 55097
3 177259
3 177260
4 76
4 413
4 414
4 416
4 177261
5 51
5 72
5 195
5 4169
5 93475
5 169902
5 177262
6 76
6 433
6 434
6 436
6 177263
7 5
7 84
7 91
7 93
7 121
7 702
7 703
7 705
7 14144
8 5
8 20
8 90
8 122
8 708
8 769
8 5568
8 5570
8 177264
9 5
9 20
9 99
9 131
9 132
9 133
9 166
9 177265
10 3
10 5
10 20
10 2985
10 2987
10 177266
11 158
11 159
11 160
11 162
11 177267
12 9
12 10
12 11
12 13
12 163
13 5
13 20
13 99
13 131
13 132
13 133
13 165
13 166
14 5
14 20
14 67
14 52779
14 72014
14 82591
14 177268
15 76
15 137
15 138
15 140
15 177269
16 99
16 131
16 132
16 133
16 195
16 1220
16 177270
17 3
17 20
17 195
17 3906
17 71194
17 177271
18 10
18 283
18 284
18 286
18 177272
19 5
19 20
19 99
19 131
19 132
19 133
19 166
19 177273
20 3
20 5
20 20
20 1666
20 1668
20 177274
21 76
21 185
21 186
21 188
21 177275
22 71
22 76
22 190
22 191
22 177276
seqId 335
1 10
1 109
1 876
1 878
1 177277
2 51
2 195
2 32987
2 32989
2 177278
3 76
3 342
3 343
3 345
3 177279
4 5
4 20
4 82
4 83
4 84
4 115
4 763
4 1002
4 177280
5 5
5 84
5 90
5 91
5 93
5 121
5 1064
5 32173
5 177281
6 4
6 5
6 99
6 131
6 132
6 133
6 152
6 177282
7 3
7 4
7 5
7 8152
7 9005
7 177283
8 9
8 10
8 24
8 26
8 27
8 177284
9 5
9 20
9 99
9 133
9 175
9 176
9 1316
9 177285
10 3
10 5
10 20
10 2863
10 2865
10 177286
11 5
11 20
11 202
11 10523
11 10525
11 177287
12 5
12 20
12 90
12 122
12 708
12 713
12 2832
12 5688
12 177288
13 479
13 660
13 125455
13 177290
13 177291
13 177292
14 10
14 146
14 147
14 149
14 101009
15 67
15 601
15 603
15 1197
15 177293
16 51
16 195
16 2686
16 15391
16 177294
17 243
17 244
17 245
17 247
17 177295
18 10
18 146
18 147
18 149
18 177296
19 67
19 601
19 603
19 1197
19 177297
20 67
20 605
20 607
20 1199
20 177298
21 243
21 244
21 245
21 247
21 177299
22 6151
22 6152
22 6153
22 6155
22 177300
23 10
23 146
23 147
23 149
23 722
24 5
24 20
24 82
24 759
24 1432
24 6157
24 6158
25 84
25 90
25 91
25 93
25 121
25 195
25 4338
25 23325
25 177301
26 230
26 231
26 232
26 234
26 177302
27 9
27 10
27 11
27 13
27 163
28 99
28 131
28 132
28 133
28 195
28 236
28 237
29 3
29 20
29 195
29 2217
29 8955
29 177303
30 9
30 10
30 11
30 13
30 177304
31 67
31 601
31 603
31 1197
31 177305
32 51
32 195
32 2686
32 15391
32 43822
33 76
33 413
33 414
33 416
33 177306
34 3
34 4
34 5
34 14174
34 27570
34 177307
35 9
35 10
35 11
35 13
35 177308
36 67
36 136357
36 136358
36 136360
36 177309
37 67
37 967
37 158385
37 174286
37 174287
37 174289
37 177310
38 10
38 126
38 127
38 129
38 177311
39 76
39 137
39 138
39 140
39 177312
40 5
40 99
40 131
40 132
40 133
40 171
40 699
40 177313
41 3
41 4
41 5
41 177315
41 177316
41 177317
42 158
42 159
42 160
42 162
42 177318
43 9
43 10
43 11
43 13
43 163
44 5
44 20
44 99
44 131
44 132
44 133
44 165
44 166
45 3
45 5
45 20
45 41194
45 59373
45 177319
46 5
46 20
46 202
46 128685
46 177321
46 177322
47 158
47 159
47 160
47 162
47 177323
48 9
48 10
48 11
48 13
48 163
49 5
49 20
49 99
49 131
49 132
49 133
49 165
49 166
50 5
50 20
50 67
50 177325
50 177326
50 177327
51 76
51 413
51 414
51 416
51 177328
52 51
52 195
52 14053
52 72422
52 177330
52 177331
53 76
53 433
53 434
53 436
53 177332
54 75
54 76
54 77
54 79
54 177333
55 158
55 159
55 160
55 162
55 177334
56 9
56 10
56 11
56 13
56 163
57 5
57 20
57 99
57 131
57 132
57 133
57 165
57 166
58 3
58 5
58 20
58 43423
58 147271
58 177335
59 10
59 146
59 147
59 149
59 177336
60 4
60 5
60 99
60 131
60 132
60 133
60 152
60 177337
61 3
61 4
61 5
61 177339
61 177340
61 177341
62 76
62 185
62 186
62 188
62 177342
63 76
63 433
63 434
63 436
63 177343
64 76
64 342
64 343
64 345
64 177344
65 67
65 601
65 603
65 1197
65 177345
66 67
66 605
66 607
66 1199
66 177346
67 76
67 342
67 343
67 345
67 177347
68 244
68 1249
68 1250
68 1252
68 177348
69 660
69 1622
69 1623
69 1625
69 177349
70 67
70 601
70 603
70 1197
70 177350
71 5
71 51
71 680
71 1993
71 177351
72 71
72 76
72 190
72 191
72 177352
seqId 336
1 4
1 5
1 99
1 131
1 132
1 133
1 811
1 177353
2 4
2 5
2 202
2 9960
2 19296
2 177354
3 3
3 4
3 5
3 10683
3 10685
3 177355
4 5
4 84
4 91
4 92
4 93
4 703
4 707
4 16563
4 177356
5 5
5 20
5 99
5 133
5 175
5 176
5 1316
5 177357
6 3
6 5
6 20
6 4157
6 10601
6 177358
7 9
7 10
7 11
7 13
7 177359
8 3
8 4
8 5
8 3691
8 3693
8 177360
9 4
9 5
9 202
9 3386
9 6768
9 177361
10 10
10 126
10 127
10 129
10 177362
11 4
11 5
11 99
11 131
11 132
11 133
11 152
11 177363
12 3
12 4
12 5
12 38982
12 38984
12 177364
13 230
13 231
13 232
13 234
13 177365
14 9
14 10
14 11
14 13
14 163
15 99
15 131
15 132
15 133
15 195
15 236
15 237
16 3
16 20
16 195
16 3906
16 71194
16 177366
17 20
17 195
17 202
17 26382
17 107349
17 177367
18 10
18 109
18 110
18 112
18 177368
19 3
19 4
19 5
19 4107
19 4109
19 177369
20 71
20 76
20 190
20 191
20 177370
seqId 337
1 660
1 976
1 7272
1 7274
1 177371
2 76
2 342
2 343
2 345
2 177372
3 5
3 20
3 98
3 99
3 100
3 102
3 177373
4 3
4 5
4 20
4 72
4 279
4 172668
4 172670
4 177374
5 76
5 137
5 138
5 140
5 177375
6 5
6 20
6 202
6 15231
6 54358
6 108916
6 177376
7 76
7 185
7 186
7 188
7 177377
8 5
8 84
8 91
8 93
8 121
8 702
8 703
8 705
8 177378
9 10
9 109
9 112
9 1539
9 177379
10 3
10 5
10 20
10 2429
10 2431
10 177380
11 5
11 20
11 90
11 122
11 708
11 769
11 170699
11 170701
11 177382
12 10
12 126
12 127
12 129
12 177383
13 13
13 99
13 133
13 175
13 176
13 195
13 177384
14 4
14 195
14 202
14 795
14 3439
14 177385
15 3
15 4
15 195
15 340
15 5256
15 5258
15 177386
16 10
16 283
16 284
16 286
16 177387
17 5
17 20
17 99
17 133
17 175
17 176
17 1316
17 177388
18 5
18 20
18 202
18 795
18 797
18 66171
19 3
19 5
19 20
19 4345
19 4347
19 177389
20 76
20 342
20 343
20 345
20 177390
21 243
21 244
21 245
21 247
21 137934
22 10
22 126
22 127
22 129
22 137935
23 5
23 20
23 99
23 133
23 175
23 176
23 1316
23 177391
24 3
24 5
24 20
24 10672
24 10674
24 177392
25 5
25 20
25 202
25 15742
25 15744
25 177393
26 10
26 378
26 379
26 381
26 177394
27 5
27 27
27 99
27 131
27 132
27 133
27 135
27 177395
28 3
28 4
28 5
28 9634
28 9636
28 177396
29 158
29 159
29 160
29 162
29 177397
30 9
30 10
30 11
30 13
30 163
31 5
31 20
31 99
31 131
31 132
31 133
31 165
31 166
32 3
32 5
32 20
32 429
32 431
32 177398
33 158
33 159
33 160
33 162
33 177399
34 9
34 10
34 11
34 13
34 163
35 5
35 20
35 99
35 131
35 132
35 133
35 165
35 166
36 5
36 20
36 202
36 14331
36 38807
36 38809
37 3
37 5
37 20
37 761
37 4399
37 8684
37 24369
37 24371
37 24372
37 177400
38 71
38 76
38 190
38 191
38 177401
seqId 338
1 3
1 4
1 5
1 4447
1 22143
1 177403
2 158
2 159
2 160
2 162
2 177404
3 9
3 10
3 11
3 13
3 163
4 5
4 20
4 99
4 131
4 132
4 133
4 165
4 166
5 3
5 5
5 20
5 4038
5 15485
5 177405
6 10
6 1791
6 1792
6 1794
6 177406
7 5
7 27
7 99
7 131
7 132
7 133
7 135
7 177407
8 5
8 67
8 55291
8 55294
8 177408
9 51
9 195
9 14053
9 171406
9 171408
9 177409
10 71
10 76
10 190
10 191
10 177410
seqId 339
1 5
1 20
1 81
1 82
1 83
1 84
1 85
1 2423
1 177411
2 5
2 84
2 90
2 91
2 93
2 121
2 43124
2 43126
2 177412
3 660
3 30602
3 30603
3 30605
3 177413
4 5
4 20
4 99
4 131
4 132
4 133
4 166
4 177414
5 3
5 5
5 20
5 29402
5 29404
5 177415
6 158
6 159
6 160
6 162
6 177416
7 9
7 10
7 11
7 13
7 163
8 5
8 20
8 99
8 131
8 132
8 133
8 165
8 166
9 3
9 5
9 19
9 20
9 105
9 177417
10 71
10 76
10 190
10 191
10 177418
seqId 340
1 51
1 52
1 4934
1 4936
1 177419
2 76
2 592
2 593
2 595
2 177420
3 3
3 4
3 5
3 3268
3 5994
3 177421
4 67
4 5978
4 6412
4 24198
4 27257
4 47596
4 94998
4 177423
4 177424
4 177425
seqId 341
1 10
1 109
1 876
1 878
1 14358
2 82
2 84
2 114
2 115
2 116
2 1361
2 177426
3 90
3 121
3 122
3 21159
3 177428
3 177429
4 10
4 283
4 284
4 286
4 177430
5 4
5 5
5 99
5 131
5 132
5 133
5 152
5 66218
6 3
6 4
6 5
6 4107
6 4109
6 177431
7 9
7 10
7 11
7 13
7 177432
8 5
8 99
8 115
8 773
8 774
8 775
8 776
8 778
8 177433
9 3
9 5
9 20
9 429
9 431
9 177434
10 5
10 20
10 202
10 302
10 304
10 177435
11 10
11 146
11 147
11 149
11 177436
12 51
12 195
12 11257
12 11259
12 177437
13 3
13 20
13 195
13 6913
13 6915
13 177438
14 76
14 342
14 343
14 345
14 177439
15 5
15 27
15 99
15 131
15 132
15 133
15 135
15 177440
16 2
16 3
16 4
16 5
16 181
16 177441
17 5
17 84
17 90
17 91
17 92
17 93
17 96
17 20210
17 106568
17 177443
18 4
18 5
18 99
18 131
18 132
18 133
18 152
18 177444
19 3
19 4
19 5
19 539
19 18239
19 177445
20 75
20 76
20 77
20 79
20 177446
seqId 342
1 76
1 592
1 593
1 595
1 177447
2 99
2 133
2 175
2 176
2 195
2 234
2 177448
3 3
3 20
3 195
3 3118
3 10103
3 177449
4 20
4 195
4 202
4 3303
4 10106
4 177450
seqId 343
1 76
1 592
1 593
1 595
1 177451
2 4
2 5
2 202
2 3303
2 3305
2 177452
3 3
3 4
3 5
3 64972
3 64974
3 66249
4 4
4 5
4 202
4 2359
4 8352
4 177453
5 76
5 342
5 343
5 345
5 177454
6 10
6 283
6 284
6 286
6 101176
7 5
7 27
7 99
7 131
7 132
7 133
7 135
7 177455
8 3
8 4
8 5
8 17178
8 17180
8 177456
9 4
9 5
9 202
9 3272
9 3274
9 177457
10 9
10 10
10 11
10 13
10 177458
11 3
11 20
11 195
11 10402
11 10404
11 177459
12 90
12 121
12 122
12 31304
12 37431
12 177460
13 10
13 126
13 127
13 129
13 177461
14 5
14 27
14 99
14 131
14 132
14 133
14 135
14 177462
15 5
15 67
15 147612
15 168135
15 177463
16 243
16 244
16 245
16 247
16 101187
17 10
17 126
17 127
17 129
17 177464
18 99
18 131
18 132
18 133
18 195
18 237
18 177465
19 3
19 20
19 195
19 340
19 5018
19 5020
19 177466
20 195
20 202
20 340
20 168265
20 168267
20 177468
21 717
21 718
21 719
21 721
21 177469
22 10
22 146
22 147
22 149
22 722
23 5
23 20
23 99
23 131
23 132
23 133
23 165
23 166
24 5
24 20
24 202
24 1718
24 57849
24 177470
25 3
25 5
25 20
25 65093
25 165778
25 177471
26 243
26 244
26 245
26 247
26 177472
27 10
27 146
27 147
27 149
27 177473
28 5
28 27
28 99
28 131
28 132
28 133
28 135
28 177474
29 3
29 4
29 5
29 3576
29 3578
29 177475
30 5
30 202
30 140235
30 144993
30 177476
seqId 344
1 76
1 592
1 593
1 595
1 177477
2 3
2 4
2 5
2 46763
2 46765
2 138029
3 158
3 159
3 160
3 162
3 177478
4 9
4 10
4 11
4 13
4 163
5 5
5 20
5 99
5 131
5 132
5 133
5 165
5 166
6 3
6 5
6 20
6 41849
6 41851
6 177479
7 5
7 202
7 302
7 304
7 177480
8 75
8 76
8 77
8 79
8 177481
9 3
9 5
9 20
9 614
9 4760
9 177482
10 9
10 10
10 11
10 13
10 177483
11 5
11 27
11 99
11 131
11 132
11 133
11 135
11 177484
12 3
12 4
12 5
12 1395
12 5941
12 177485
13 5
13 202
13 27266
13 27268
13 177486
14 9
14 10
14 24
14 26
14 27
14 177487
15 4
15 5
15 99
15 133
15 175
15 176
15 178
15 138038
16 3
16 4
16 5
16 98320
16 177489
16 177490
17 4
17 5
17 202
17 64857
17 64859
17 177491
18 9
18 10
18 11
18 13
18 177492
19 5
19 27
19 99
19 131
19 132
19 133
19 135
19 177493
20 3
20 4
20 5
20 1784
20 10502
20 177494
21 230
21 231
21 232
21 234
21 177495
22 9
22 10
22 11
22 13
22 163
23 99
23 131
23 132
23 133
23 195
23 236
23 237
24 3
24 4
24 195
24 7178
24 7180
24 177496
25 9
25 10
25 11
25 13
25 66304
26 5
26 27
26 99
26 131
26 132
26 133
26 135
26 177497
27 5
27 67
27 177499
27 177500
27 177501
28 243
28 244
28 245
28 247
28 177502
29 9
29 10
29 11
29 13
29 177503
30 5
30 27
30 99
30 131
30 132
30 133
30 135
30 177504
31 5
31 67
31 147612
31 168135
31 177505
32 76
32 413
32 414
32 416
32 177506
33 10
33 1387
33 1388
33 1390
33 177507
34 99
34 115
34 195
34 773
34 774
34 775
34 776
34 3400
34 177508
35 3
35 20
35 195
35 340
35 16650
35 16652
35 177509
36 20
36 195
36 202
36 14484
36 82838
36 177511
36 177512
37 76
37 433
37 434
37 436
37 177513
38 10
38 1605
38 1606
38 1608
38 177514
39 51
39 195
39 177516
39 177517
39 177518
40 243
40 244
40 245
40 247
40 138058
41 51
41 52
41 195
41 168165
41 168166
41 177519
seqId 345
1 76
1 592
1 593
1 595
1 177520
2 660
2 2522
2 6797
2 6799
2 177521
3 9
3 10
3 11
3 13
3 177522
4 3
4 4
4 195
4 340
4 111080
4 111082
4 177524
5 243
5 244
5 245
5 247
5 177525
6 9
6 10
6 11
6 13
6 177526
7 3
7 20
7 195
7 429
7 4265
7 177527
8 20
8 195
8 202
8 5335
8 5564
8 177528
9 20
9 195
9 202
9 340
9 3681
9 32330
9 32332
9 177530
10 76
10 342
10 343
10 345
10 177531
11 9
11 10
11 26
11 171
11 2548
11 177532
12 82
12 759
12 5284
12 5286
12 44032
13 4
13 5
13 99
13 133
13 175
13 176
13 178
13 177533
14 4
14 5
14 202
14 26513
14 26515
14 177534
15 3
15 4
15 5
15 9769
15 31427
15 50775
15 75863
15 177536
15 177537
16 4
16 5
16 202
16 16827
16 16829
16 177538
seqId 346
1 76
1 592
1 593
1 595
1 177539
2 3
2 4
2 5
2 9853
2 9855
2 177540
3 9
3 10
3 11
3 13
3 177541
4 3
4 4
4 195
4 70648
4 138647
4 177542
5 195
5 202
5 24914
5 24916
5 177543
6 76
6 413
6 414
6 416
6 177544
7 3
7 4
7 5
7 14686
7 14688
7 177545
8 9
8 10
8 11
8 13
8 177546
9 4
9 5
9 99
9 131
9 132
9 133
9 152
9 177547
10 3
10 4
10 5
10 175881
10 175883
10 177548
11 76
11 342
11 343
11 345
11 177549
12 3
12 4
12 5
12 14686
12 14688
12 177550
13 230
13 231
13 232
13 234
13 177551
14 9
14 10
14 11
14 13
14 163
15 99
15 131
15 132
15 133
15 195
15 236
15 237
16 3
16 20
16 195
16 340
16 5018
16 5020
16 177552
17 195
17 202
17 340
17 168265
17 168267
17 177553
18 76
18 433
18 434
18 436
18 177554
seqId 347
1 76
1 592
1 593
1 595
1 177555
2 3
2 4
2 5
2 2532
2 2534
2 177556
3 10
3 283
3 284
3 286
3 177557
4 5
4 20
4 99
4 131
4 132
4 133
4 166
4 177558
5 67
5 52779
5 72014
5 82591
5 82592
5 177559
6 67
6 48317
6 48318
6 48320
6 48321
6 177560
seqId 348
1 99
1 131
1 132
1 133
1 195
1 1220
1 177561
2 3
2 20
2 195
2 3906
2 71194
2 177562
3 10
3 283
3 284
3 286
3 177563
4 5
4 20
4 99
4 131
4 132
4 133
4 166
4 177564
5 3
5 5
5 20
5 1668
5 48321
5 48328
5 98907
5 177565
seqId 349
1 76
1 592
1 593
1 595
1 177566
2 99
2 133
2 175
2 176
2 195
2 234
2 177567
3 3
3 20
3 195
3 3118
3 10103
3 177568
4 10
4 146
4 147
4 149
4 177569
5 90
5 443
5 8109
5 17672
5 177570
6 76
6 1267
6 1268
6 1270
6 177571
seqId 350
1 76
1 592
1 593
1 595
1 177572
2 5
2 20
2 99
2 131
2 132
2 133
2 967
2 177573
3 3
3 5
3 20
3 67060
3 67062
3 177574
4 5
4 20
4 202
4 2947
4 2949
4 177575
5 10
5 1605
5 1606
5 1608
5 177576
6 99
6 131
6 132
6 133
6 195
6 237
6 177577
7 3
7 20
7 195
7 10402
7 10404
7 177578
8 230
8 231
8 232
8 234
8 177579
9 9
9 10
9 11
9 13
9 163
10 99
10 131
10 132
10 133
10 195
10 236
10 237
11 51
11 52
11 1501
11 1503
11 177580
12 3
12 20
12 195
12 9758
12 33695
12 177581
13 76
13 342
13 343
13 345
13 177582
14 243
14 244
14 245
14 247
14 101329
15 10
15 109
15 112
15 1539
15 177583
16 5
16 20
16 202
16 1601
16 1603
16 177584
17 76
17 342
17 343
17 345
17 177585
18 10
18 1539
18 3889
18 3891
18 101332
19 660
19 2136
19 2137
19 2139
19 101333
20 944
20 945
20 946
20 948
20 177586
21 67
21 71
21 71
21 72
21 9179
21 9577
21 174379
21 174380
21 177587
22 67
22 1186
22 49510
22 58458
22 174383
22 174384
22 177588
23 5
23 84
23 91
23 92
23 93
23 702
23 703
23 63087
23 177589
24 20
24 90
24 122
24 708
24 1064
24 1066
24 44099
25 4
25 5
25 99
25 773
25 776
25 3330
25 177590
26 3
26 4
26 5
26 2019
26 2021
26 177591
27 10
27 109
27 110
27 112
27 177592
28 51
28 52
28 29812
28 29814
28 177593
29 76
29 342
29 343
29 345
29 177594
30 5
30 99
30 131
30 132
30 133
30 135
30 171
30 177595
31 3
31 4
31 5
31 26859
31 26861
31 177596
32 9
32 10
32 11
32 13
32 66419
33 3
33 20
33 47536
33 47539
33 177597
34 243
34 244
34 245
34 247
34 177598
35 9
35 10
35 11
35 13
35 177599
36 67
36 9490
36 47543
36 47544
36 47546
36 177600
37 67
37 5933
37 32572
37 32573
37 32575
37 177601
38 3
38 5
38 20
38 24951
38 38843
38 177602
39 67
39 4796
39 57668
39 177604
39 177605
39 177606
40 76
40 342
40 343
40 345
40 44112
41 5
41 84
41 90
41 91
41 92
41 93
41 3360
41 89718
41 177607
42 443
42 703
42 707
42 2086
42 177608
43 5
43 20
43 90
43 122
43 708
43 713
43 2088
43 2090
43 177610
44 717
44 718
44 719
44 721
44 177611
45 10
45 146
45 149
45 722
45 1539
46 5
46 20
46 99
46 131
46 132
46 133
46 165
46 166
47 660
47 18003
47 18004
47 18006
47 177612
48 10
48 378
48 379
48 381
48 177613
49 3
49 4
49 5
49 6046
49 6048
49 177614
50 71
50 76
50 190
50 191
50 177615
seqId 351
1 5
1 20
1 81
1 82
1 83
1 84
1 85
1 2423
1 177616
2 5
2 84
2 90
2 91
2 93
2 121
2 12418
2 177618
2 177619
3 10
3 109
3 112
3 1539
3 177620
4 3
4 5
4 20
4 1601
4 1603
4 177621
5 171
5 944
5 945
5 1461
5 1463
5 177622
6 5
6 20
6 99
6 133
6 175
6 176
6 1316
6 177623
7 3
7 5
7 20
7 1126
7 1128
7 177624
8 9
8 10
8 11
8 13
8 177625
9 3
9 5
9 20
9 47536
9 47539
9 177626
10 9
10 10
10 26
10 169
10 171
10 177627
11 3
11 4
11 5
11 14686
11 14688
11 177628
12 4
12 5
12 202
12 140235
12 144993
12 177629
13 5
13 84
13 91
13 92
13 93
13 703
13 707
13 16563
13 177630
14 20
14 90
14 122
14 708
14 713
14 1345
14 1347
14 177631
15 717
15 718
15 719
15 721
15 177632
16 10
16 146
16 147
16 149
16 722
17 5
17 20
17 99
17 131
17 132
17 133
17 165
17 166
18 3
18 5
18 20
18 12619
18 12621
18 177633
19 10
19 146
19 147
19 149
19 138192
20 67
20 4796
20 57668
20 177604
20 177605
20 177634
21 10
21 3889
21 3891
21 9630
21 177635
22 51
22 195
22 29812
22 29814
22 177636
23 76
23 342
23 343
23 345
23 177637
24 243
24 244
24 245
24 247
24 101382
25 944
25 945
25 946
25 948
25 177638
26 5
26 99
26 115
26 773
26 774
26 775
26 776
26 778
26 177639
27 3
27 5
27 20
27 533
27 535
27 536
27 177640
28 717
28 718
28 719
28 721
28 101386
29 10
29 146
29 147
29 149
29 722
30 5
30 20
30 99
30 131
30 132
30 133
30 165
30 166
31 5
31 20
31 67
31 37445
31 135367
31 171893
31 177641
32 5
32 84
32 90
32 91
32 92
32 93
32 96
32 29837
32 177643
32 177644
33 5
33 99
33 131
33 132
33 133
33 135
33 171
33 66489
34 3
34 4
34 5
34 37227
34 37229
34 177645
35 9
35 10
35 11
35 13
35 177646
36 3
36 5
36 20
36 71
36 71
36 340
36 792
36 1104
36 1808
36 1809
36 56365
36 177647
37 717
37 718
37 719
37 721
37 177648
38 10
38 146
38 147
38 149
38 722
39 5
39 20
39 99
39 131
39 132
39 133
39 165
39 166
40 5
40 20
40 67
40 37445
40 135367
40 171893
40 177649
41 71
41 76
41 190
41 191
41 44148
seqId 352
1 5
1 20
1 99
1 131
1 132
1 133
1 967
1 44149
2 3
2 5
2 20
2 533
2 535
2 536
2 177650
3 717
3 718
3 719
3 721
3 177651
4 10
4 146
4 147
4 149
4 722
5 5
5 20
5 99
5 131
5 132
5 133
5 165
5 166
6 5
6 20
6 67
6 37445
6 135367
6 171893
6 177652
7 9
7 10
7 11
7 13
7 177653
8 36
8 67
8 71
8 18488
8 18489
8 177654
9 67
9 2423
9 5422
9 106062
9 177656
9 177657
9 177658
10 76
10 413
10 414
10 416
10 177659
11 67
11 9490
11 47543
11 47544
11 47546
11 177660
12 717
12 718
12 719
12 721
12 177661
13 10
13 146
13 147
13 149
13 722
14 5
14 20
14 99
14 131
14 132
14 133
14 165
14 166
15 3
15 5
15 20
15 56527
15 56529
15 177662
16 9
16 10
16 24
16 26
16 27
16 177663
17 3
17 5
17 20
17 34785
17 36313
17 177664
18 9
18 10
18 11
18 13
18 138242
19 5
19 27
19 99
19 131
19 132
19 133
19 135
19 177665
20 3
20 4
20 5
20 597
20 599
20 177666
21 67
21 601
21 603
21 1197
21 177667
22 51
22 195
22 2686
22 15391
22 177668
23 76
23 433
23 434
23 436
23 177669
24 5
24 84
24 90
24 91
24 93
24 121
24 4945
24 76998
24 177670
25 9
25 10
25 26
25 171
25 1539
25 177671
26 660
26 2210
26 2211
26 2213
26 177672
27 944
27 945
27 946
27 948
27 177673
28 99
28 133
28 175
28 176
28 195
28 234
28 177674
29 3
29 4
29 195
29 3441
29 3443
29 177675
30 84
30 90
30 91
30 93
30 121
30 195
30 2081
30 14250
30 177676
31 443
31 703
31 707
31 2086
31 177677
32 4
32 90
32 122
32 195
32 340
32 708
32 713
32 1437
32 177679
32 177680
33 76
33 342
33 343
33 345
33 177681
34 10
34 146
34 147
34 149
34 177682
35 67
35 4796
35 57668
35 177604
35 177605
35 177683
36 76
36 342
36 343
36 345
36 177684
37 10
37 109
37 110
37 112
37 177685
38 3
38 5
38 20
38 26069
38 26071
38 177686
39 158
39 159
39 160
39 162
39 177687
40 9
40 10
40 11
40 13
40 163
41 5
41 20
41 99
41 131
41 132
41 133
41 165
41 166
42 3
42 5
42 20
42 56527
42 56529
42 177688
43 3
43 4
43 5
43 14686
43 49719
43 177689
44 71
44 76
44 190
44 191
44 177690
seqId 353
1 76
1 592
1 593
1 595
1 177691
2 5
2 20
2 82
2 84
2 115
2 763
2 1002
2 177692
3 5
3 84
3 90
3 91
3 92
3 93
3 12628
3 65298
3 177693
4 5
4 20
4 99
4 133
4 175
4 176
4 1316
4 177694
5 3
5 5
5 20
5 2894
5 2896
5 177695
6 5
6 20
6 202
6 24227
6 24229
6 177696
7 10
7 27
7 1113
7 1114
7 1116
7 177697
8 660
8 30602
8 30603
8 30605
8 177698
9 5
9 20
9 90
9 122
9 708
9 713
9 4832
9 4834
9 177699
10 5
10 20
10 202
10 177701
10 177702
10 177703
11 660
11 3319
11 3320
11 3322
11 177704
12 9
12 10
12 11
12 13
12 177705
13 660
13 3768
13 3769
13 3771
13 177706
14 90
14 443
14 1587
14 4347
14 125811
14 177707
15 5
15 20
15 99
15 131
15 132
15 133
15 166
15 177708
16 3
16 5
16 20
16 24881
16 24883
16 177709
17 9
17 10
17 24
17 26
17 27
17 177710
18 4
18 5
18 99
18 133
18 175
18 176
18 178
18 177711
19 3
19 4
19 5
19 55291
19 55294
19 177712
20 4
20 5
20 90
20 122
20 708
20 713
20 16983
20 28412
20 30971
20 44222
20 177713
21 243
21 244
21 245
21 247
21 177714
22 3
22 4
22 5
22 72
22 38016
22 119405
22 177716
22 177717
23 71
23 76
23 190
23 191
23 177718
seqId 354
1 76
1 592
1 593
1 595
1 177719
2 99
2 133
2 175
2 176
2 195
2 234
2 66571
3 3
3 4
3 195
3 27599
3 71545
3 177720
4 4
4 90
4 122
4 195
4 708
4 713
4 27603
4 27605
4 177721
5 10
5 828
5 829
5 831
5 14742
6 5
6 20
6 99
6 131
6 132
6 133
6 166
6 101473
7 3
7 5
7 20
7 3533
7 3535
7 177722
8 1458
8 2717
8 4052
8 4054
8 101475
9 5
9 27
9 99
9 131
9 132
9 133
9 135
9 177723
10 3
10 5
10 20
10 20716
10 20718
10 177724
11 10
11 283
11 284
11 286
11 177725
12 5
12 20
12 82
12 759
12 1432
12 6158
12 177726
13 4
13 5
13 82
13 84
13 115
13 763
13 1264
13 177727
14 82
14 84
14 114
14 115
14 116
14 1361
14 177728
15 5
15 84
15 90
15 91
15 93
15 121
15 1437
15 59855
15 177729
16 76
16 1267
16 1268
16 1270
16 177730
seqId 355
1 4
1 5
1 99
1 131
1 132
1 133
1 811
1 177731
2 4
2 5
2 67
2 93047
2 93049
2 93050
2 177732
3 67
3 1258
3 57345
3 57346
3 57348
3 177733
seqId 356
1 5
1 20
1 99
1 131
1 132
1 133
1 967
1 177734
2 3
2 5
2 20
2 38608
2 38610
2 177735
3 5
3 20
3 202
3 3414
3 3416
3 177736
4 10
4 146
4 147
4 149
4 177737
5 67
5 72
5 6363
5 135196
5 140864
5 140865
5 177738
6 76
6 342
6 343
6 345
6 138403
7 10
7 1387
7 1388
7 1390
7 177739
8 4
8 5
8 99
8 131
8 132
8 133
8 152
8 66601
9 3
9 4
9 5
9 174606
9 174608
9 177740
10 243
10 244
10 245
10 247
10 177741
11 5
11 20
11 99
11 131
11 132
11 133
11 166
11 177742
12 3
12 5
12 20
12 15396
12 145101
12 177743
13 9
13 10
13 26
13 169
13 171
13 177744
14 3
14 4
14 5
14 14686
14 14688
14 177745
seqId 357
1 76
1 592
1 593
1 595
1 177746
2 99
2 133
2 175
2 176
2 195
2 234
2 177747
3 3
3 20
3 195
3 12983
3 23115
3 177748
4 20
4 90
4 122
4 195
4 708
4 713
4 4530
4 4532
4 177749
5 10
5 146
5 147
5 149
5 177750
6 5
6 20
6 98
6 99
6 100
6 102
6 177751
7 3
7 5
7 20
7 3533
7 3535
7 177752
8 1458
8 2717
8 4052
8 4054
8 177753
9 5
9 20
9 98
9 99
9 100
9 3961
9 14783
10 3
10 5
10 20
10 20716
10 20718
10 177754
11 71
11 76
11 190
11 191
11 177755
seqId 358
1 76
1 592
1 593
1 595
1 177756
2 660
2 661
2 910
2 1234
2 177757
3 660
3 661
3 1240
3 1242
3 177758
4 90
4 443
4 2081
4 29574
4 177759
5 90
5 443
5 4190
5 4192
5 177760
6 99
6 195
6 773
6 776
6 28931
6 177761
7 3
7 20
7 195
7 429
7 4265
7 177762
8 76
8 342
8 343
8 345
8 177763
9 243
9 244
9 245
9 247
9 177764
10 2717
10 4052
10 4054
10 16256
10 177765
11 244
11 418
11 419
11 421
11 101528
12 660
12 661
12 910
12 1234
12 177766
13 660
13 661
13 1240
13 1242
13 177767
14 90
14 443
14 2081
14 29574
14 177768
15 90
15 443
15 9486
15 32711
15 32713
15 177769
16 2822
16 2823
16 2824
16 2826
16 177770
17 10
17 146
17 147
17 149
17 722
18 99
18 131
18 132
18 133
18 195
18 236
18 237
19 3
19 20
19 195
19 429
19 4265
19 177771
20 20
20 90
20 122
20 195
20 340
20 708
20 713
20 5533
20 8486
20 177772
21 945
21 1010
21 1011
21 1013
21 177773
22 82
22 115
22 195
22 4940
22 4941
22 28267
22 177774
23 5
23 82
23 84
23 115
23 135
23 171
23 763
23 177775
24 90
24 91
24 93
24 121
24 195
24 4180
24 4941
24 34509
24 177777
24 177778
25 76
25 342
25 343
25 345
25 177779
26 10
26 109
26 112
26 1539
26 177780
27 3
27 4
27 5
27 1542
27 1544
27 177781
28 9
28 10
28 11
28 13
28 177782
29 5
29 99
29 131
29 132
29 133
29 135
29 171
29 177783
30 3
30 4
30 5
30 26859
30 26861
30 177784
31 9
31 10
31 11
31 13
31 138474
32 3
32 5
32 20
32 2553
32 2555
32 177785
33 5
33 20
33 202
33 1449
33 9927
33 177786
34 5
34 20
34 90
34 122
34 708
34 713
34 789
34 1284
34 177787
35 660
35 24347
35 24348
35 24350
35 177788
36 10
36 146
36 147
36 149
36 177789
37 4
37 5
37 99
37 131
37 132
37 133
37 152
37 177790
38 3
38 4
38 5
38 15
38 17
38 177791
39 10
39 146
39 147
39 149
39 177792
40 5
40 20
40 67
40 605
40 607
40 177793
41 76
41 413
41 414
41 416
41 177794
42 3
42 4796
42 177796
42 177797
42 177798
43 51
43 52
43 2686
43 15391
43 177799
44 660
44 661
44 910
44 1234
44 177800
45 5
45 84
45 90
45 91
45 93
45 121
45 9966
45 28344
45 177801
46 660
46 661
46 1240
46 1242
46 177802
47 9
47 10
47 11
47 13
47 138498
48 5
48 99
48 773
48 776
48 778
48 177803
49 3
49 5
49 20
49 24951
49 38843
49 177804
50 90
50 443
50 1064
50 8149
50 177805
51 10
51 109
51 110
51 112
51 177806
52 3
52 4
52 5
52 8004
52 8006
52 177807
53 4
53 5
53 99
53 131
53 132
53 133
53 152
53 177808
54 3
54 4
54 5
54 6422
54 6424
54 177809
55 4
55 5
55 202
55 2625
55 25785
55 177810
56 158
56 159
56 160
56 162
56 138507
57 9
57 10
57 11
57 13
57 163
58 5
58 20
58 99
58 131
58 132
58 133
58 165
58 166
59 67
59 37445
59 135367
59 171893
59 173220
59 177811
60 76
60 433
60 434
60 436
60 177812
61 71
61 76
61 190
61 191
61 177813
seqId 359
1 76
1 592
1 593
1 595
1 177814
2 4
2 5
2 99
2 131
2 132
2 133
2 152
2 177815
3 3
3 4
3 5
3 177817
3 177818
3 177819
4 230
4 231
4 232
4 234
4 177820
5 9
5 10
5 11
5 13
5 163
6 99
6 131
6 132
6 133
6 195
6 236
6 237
7 3
7 4
7 195
7 38310
7 38312
7 177821
8 9
8 10
8 11
8 13
8 177822
9 3
9 5
9 20
9 38332
9 38620
9 177823
10 10
10 109
10 112
10 1539
10 177824
11 3
11 5
11 20
11 5335
11 8517
11 177825
12 10
12 1605
12 1606
12 1608
12 177826
13 99
13 131
13 132
13 133
13 195
13 237
13 177827
14 51
14 52
14 1501
14 1503
14 177828
15 3
15 20
15 195
15 9758
15 33695
15 177829
16 5
16 84
16 90
16 91
16 93
16 121
16 2081
16 2426
16 177830
17 90
17 443
17 5661
17 31000
17 66699
18 5
18 20
18 202
18 68371
18 68373
18 177831
19 4
19 5
19 99
19 131
19 132
19 133
19 152
19 44338
20 3
20 4
20 5
20 7803
20 7805
20 44340
21 9
21 10
21 11
21 13
21 44342
22 3
22 20
22 195
22 2034
22 3403
22 177832
23 82
23 758
23 759
23 761
23 177833
24 84
24 90
24 91
24 93
24 121
24 195
24 702
24 1062
24 44345
25 99
25 133
25 175
25 176
25 195
25 234
25 177834
26 3
26 4
26 195
26 8004
26 77607
26 177835
27 9
27 10
27 26
27 169
27 171
27 177836
28 3
28 5
28 20
28 13108
28 29558
28 177837
29 10
29 283
29 284
29 286
29 177838
30 5
30 20
30 99
30 133
30 175
30 176
30 1316
30 177839
31 3
31 5
31 20
31 9758
31 9760
31 177840
32 10
32 146
32 147
32 149
32 177841
33 4
33 5
33 99
33 133
33 175
33 176
33 178
33 177842
34 3
34 4
34 5
34 8989
34 24580
34 177843
35 10
35 283
35 284
35 286
35 177844
36 5
36 20
36 99
36 131
36 132
36 133
36 166
36 101623
37 3
37 5
37 20
37 4345
37 4347
37 177845
38 158
38 159
38 160
38 162
38 138551
39 9
39 10
39 11
39 13
39 163
40 5
40 20
40 99
40 131
40 132
40 133
40 165
40 166
41 67
41 37445
41 135367
41 171893
41 173220
41 177846
42 10
42 283
42 284
42 286
42 177847
43 5
43 99
43 131
43 132
43 133
43 135
43 171
43 177848
44 5
44 202
44 2294
44 2296
44 177849
45 3
45 5
45 20
45 9758
45 9760
45 177850
46 71
46 76
46 190
46 191
46 101629
seqId 360
1 51
1 52
1 2151
1 2153
1 177851
2 76
2 592
2 593
2 595
2 177852
3 3
3 5
3 20
3 429
3 23585
3 177853
4 5
4 202
4 302
4 304
4 177854
5 10
5 146
5 147
5 149
5 177855
6 51
6 52
6 11257
6 11259
6 177856
7 3
7 20
7 195
7 6913
7 6915
7 177857
seqId 361
1 10
1 378
1 3871
1 3873
1 177858
2 5
2 27
2 99
2 131
2 132
2 133
2 135
2 177859
3 2
3 3
3 4
3 5
3 181
3 177860
4 76
4 342
4 343
4 345
4 177861
5 5
5 27
5 99
5 131
5 132
5 133
5 135
5 177862
6 3
6 4
6 5
6 642
6 23331
6 177863
7 244
7 418
7 419
7 421
7 177864
8 5
8 20
8 99
8 131
8 132
8 133
8 166
8 177865
9 3
9 5
9 20
9 1684
9 13711
9 177866
10 76
10 342
10 343
10 345
10 177867
11 5
11 20
11 81
11 82
11 83
11 84
11 85
11 87
11 177868
12 5
12 84
12 90
12 91
12 92
12 93
12 96
12 3100
12 68740
12 177870
13 5
13 20
13 99
13 131
13 132
13 133
13 166
13 177871
14 3
14 5
14 20
14 13025
14 30421
14 177872
15 9
15 10
15 11
15 13
15 177873
16 3
16 4
16 5
16 1536
16 4896
16 177874
17 9
17 10
17 11
17 13
17 177875
18 5
18 27
18 99
18 131
18 132
18 133
18 135
18 177876
19 2
19 3
19 4
19 5
19 181
19 177877
20 76
20 413
20 414
20 416
20 177878
21 3
21 4
21 195
21 642
21 644
21 177879
22 1458
22 2717
22 4052
22 4054
22 177880
23 3
23 20
23 195
23 1684
23 1686
23 177881
24 76
24 433
24 434
24 436
24 177882
25 243
25 244
25 245
25 247
25 177883
26 5
26 20
26 81
26 82
26 83
26 84
26 85
26 87
26 177884
27 5
27 84
27 90
27 91
27 92
27 93
27 3482
27 177886
27 177887
28 99
28 131
28 132
28 133
28 195
28 237
28 177888
29 3
29 20
29 195
29 1548
29 1715
29 177889
30 76
30 342
30 343
30 345
30 177890
31 99
31 131
31 132
31 133
31 195
31 237
31 177891
32 3
32 4
32 195
32 24335
32 24337
32 177892
33 4
33 195
33 202
33 302
33 1655
33 101668
34 76
34 342
34 343
34 345
34 101669
35 99
35 131
35 132
35 133
35 195
35 237
35 177893
36 3
36 20
36 195
36 614
36 4760
36 177894
37 20
37 195
37 202
37 4836
37 4838
37 177895
38 76
38 342
38 343
38 345
38 138596
39 99
39 131
39 132
39 133
39 195
39 237
39 138597
40 3
40 20
40 195
40 1650
40 4819
40 177896
41 20
41 195
41 202
41 302
41 1655
41 177897
42 76
42 342
42 343
42 345
42 177898
43 99
43 131
43 132
43 133
43 195
43 237
43 177899
44 3
44 20
44 195
44 1718
44 1720
44 177900
45 10
45 146
45 147
45 149
45 177901
46 90
46 443
46 3433
46 3435
46 177902
47 10
47 378
47 379
47 381
47 177903
48 90
48 443
48 11744
48 15894
48 177904
49 98
49 99
49 100
49 195
49 2073
49 177905
50 3
50 20
50 195
50 1650
50 4819
50 177906
51 76
51 342
51 343
51 345
51 177907
52 99
52 131
52 132
52 133
52 195
52 237
52 177908
53 3
53 20
53 195
53 4862
53 4864
53 177909
54 76
54 342
54 343
54 345
54 177910
55 99
55 131
55 132
55 133
55 195
55 237
55 177911
56 4
56 195
56 202
56 795
56 3439
56 177912
57 3
57 4
57 195
57 2359
57 2361
57 177913
58 4
58 195
58 202
58 302
58 1655
58 177914
59 76
59 342
59 343
59 345
59 177915
60 76
60 25774
60 25775
60 25777
60 177916
seqId 362
1 5
1 20
1 99
1 131
1 132
1 133
1 967
1 177917
2 3
2 5
2 20
2 429
2 431
2 177918
3 5
3 84
3 91
3 93
3 121
3 703
3 707
3 956
3 177919
4 9
4 10
4 11
4 13
4 177920
5 90
5 443
5 712
5 31493
5 177921
6 4
6 5
6 99
6 133
6 175
6 176
6 178
6 177922
7 4
7 5
7 202
7 795
7 8936
7 177923
8 3
8 4
8 5
8 642
8 23331
8 177924
9 9
9 10
9 24
9 26
9 27
9 177925
10 3
10 20
10 195
10 23221
10 23223
10 177926
11 76
11 342
11 343
11 345
11 177927
12 4
12 5
12 90
12 122
12 708
12 713
12 177929
12 177930
12 177931
13 67
13 37445
13 135367
13 171893
13 173220
13 177932
14 76
14 413
14 414
14 416
14 177933
15 3
15 5
15 20
15 217
15 219
15 177934
16 9
16 10
16 24
16 26
16 27
16 177935
17 3
17 4
17 5
17 14686
17 14688
17 177936
18 230
18 231
18 232
18 234
18 177937
19 9
19 10
19 11
19 13
19 163
20 99
20 131
20 132
20 133
20 195
20 236
20 237
21 3
21 4
21 195
21 7178
21 7180
21 177938
22 4
22 195
22 202
22 791
22 9490
22 22976
22 168118
22 174859
22 177939
23 243
23 244
23 245
23 247
23 177940
24 4
24 195
24 202
24 340
24 140235
24 174153
24 177942
25 76
25 433
25 434
25 436
25 101747
26 90
26 121
26 122
26 11204
26 14950
26 177943
27 99
27 133
27 175
27 176
27 195
27 234
27 177944
28 3
28 20
28 195
28 23221
28 23223
28 177945
29 20
29 195
29 202
29 28129
29 168151
29 168153
29 168154
29 177946
30 243
30 244
30 245
30 247
30 177947
31 20
31 195
31 202
31 28129
31 131874
31 131876
31 177948
32 9
32 10
32 11
32 13
32 177949
33 67
33 601
33 603
33 1197
33 177950
34 51
34 195
34 2686
34 15391
34 177951
35 243
35 244
35 245
35 247
35 177952
36 67
36 601
36 603
36 1197
36 177953
37 67
37 605
37 607
37 1199
37 177954
38 10
38 146
38 149
38 1539
38 177955
39 90
39 443
39 1334
39 8849
39 177956
40 9
40 10
40 11
40 13
40 177957
41 4
41 195
41 202
41 3303
41 61242
41 177958
42 3
42 4
42 195
42 340
42 40976
42 40978
42 177959
43 4
43 195
43 202
43 2787
43 3681
43 32330
43 32332
43 177960
44 243
44 244
44 245
44 247
44 66848
45 9
45 10
45 24
45 26
45 27
45 177961
46 4
46 5
46 99
46 133
46 175
46 176
46 178
46 101779
47 3
47 4
47 5
47 51823
47 51825
47 101780
48 9
48 10
48 11
48 13
48 177962
49 3
49 20
49 195
49 5228
49 5230
49 177963
50 20
50 195
50 202
50 16827
50 163906
50 177964
51 243
51 244
51 245
51 247
51 177965
52 20
52 195
52 202
52 2553
52 24170
52 177966
53 71
53 76
53 190
53 191
53 15061
seqId 363
1 5
1 20
1 82
1 83
1 84
1 115
1 763
1 3948
1 15062
2 82
2 84
2 114
2 115
2 116
2 118
2 171
2 177967
3 5
3 84
3 90
3 91
3 92
3 93
3 96
3 1815
3 29773
3 177968
4 9
4 10
4 26
4 169
4 171
4 177969
5 4
5 5
5 99
5 133
5 175
5 176
5 178
5 177970
6 4
6 5
6 67
6 55291
6 55294
6 177971
7 4
7 5
7 202
7 29679
7 29681
7 177972
8 3
8 5
8 20
8 6634
8 6636
8 177973
9 10
9 146
9 147
9 149
9 66867
10 5
10 27
10 99
10 131
10 132
10 133
10 135
10 177974
11 3
11 4
11 5
11 14965
11 14967
11 177975
12 9
12 10
12 11
12 13
12 44511
13 4
13 5
13 99
13 131
13 132
13 133
13 152
13 177976
14 4
14 5
14 67
14 5583
14 5585
14 5586
14 177977
15 67
15 1258
15 57345
15 57346
15 57348
15 177978
16 71
16 76
16 190
16 191
16 177979
seqId 364
1 5
1 20
1 98
1 99
1 100
1 8099
1 177980
2 3
2 5
2 20
2 429
2 431
2 177981
3 5
3 84
3 91
3 93
3 121
3 703
3 707
3 956
3 177982
4 660
4 6560
4 10036
4 10038
4 177983
5 5
5 20
5 90
5 122
5 708
5 713
5 2514
5 2516
5 177984
6 10
6 828
6 829
6 831
6 177985
7 4
7 5
7 99
7 131
7 132
7 133
7 152
7 177986
8 4
8 5
8 67
8 5583
8 5585
8 5586
8 177987
9 75
9 76
9 77
9 79
9 177988
10 5
10 20
10 82
10 83
10 84
10 115
10 763
10 1002
10 177989
11 27
11 660
11 661
11 910
11 912
11 177990
12 5
12 84
12 90
12 91
12 93
12 121
12 1274
12 1276
12 177991
13 660
13 26477
13 26478
13 26480
13 177992
14 27
14 660
14 661
14 944
14 1463
14 177993
15 4
15 5
15 99
15 133
15 175
15 176
15 178
15 177994
16 4
16 5
16 202
16 3106
16 26492
16 177995
17 3
17 4
17 5
17 55291
17 55294
17 177996
18 10
18 283
18 284
18 286
18 177997
19 4
19 5
19 98
19 99
19 100
19 1927
19 177998
20 3
20 4
20 5
20 35567
20 35569
20 177999
21 71
21 76
21 190
21 191
21 178000
seqId 365
1 5
1 27
1 99
1 131
1 132
1 133
1 699
1 178001
2 3
2 4
2 5
2 7295
2 7297
2 178002
3 9
3 10
3 11
3 13
3 138728
4 5
4 20
4 98
4 99
4 100
4 102
4 138729
5 3
5 5
5 20
5 30187
5 30189
5 178003
6 5
6 84
6 91
6 93
6 121
6 703
6 707
6 956
6 178004
7 4
7 5
7 99
7 131
7 132
7 133
7 152
7 178005
8 3
8 4
8 5
8 492
8 44426
8 178006
9 9
9 10
9 11
9 13
9 178007
10 4
10 5
10 99
10 131
10 132
10 133
10 152
10 178008
11 3
11 4
11 5
11 15
11 17
11 178009
12 10
12 146
12 147
12 149
12 178010
13 67
13 601
13 603
13 1197
13 178011
14 51
14 195
14 2686
14 15391
14 178012
15 76
15 342
15 343
15 345
15 101837
16 82
16 758
16 759
16 761
16 101838
17 5
17 84
17 91
17 93
17 121
17 702
17 703
17 705
17 178013
18 5
18 20
18 90
18 122
18 708
18 769
18 27603
18 142378
18 178014
19 5
19 27
19 99
19 131
19 132
19 133
19 135
19 178015
20 3
20 4
20 5
20 17302
20 77832
20 178016
21 9
21 10
21 24
21 26
21 27
21 178017
22 90
22 443
22 7681
22 8684
22 8685
22 27748
22 178019
23 5
23 20
23 99
23 133
23 175
23 176
23 1316
23 178020
24 3
24 5
24 20
24 7393
24 7395
24 178021
25 5
25 20
25 202
25 5335
25 8517
25 178022
26 82
26 758
26 759
26 761
26 178023
27 27
27 82
27 84
27 114
27 115
27 116
27 118
27 178024
28 5
28 84
28 91
28 93
28 703
28 707
28 914
28 916
28 178025
29 5
29 20
29 90
29 122
29 708
29 769
29 4222
29 6678
29 178026
30 10
30 828
30 829
30 831
30 178027
31 99
31 133
31 175
31 176
31 195
31 234
31 138762
32 3
32 4
32 195
32 340
32 5256
32 5258
32 178028
33 10
33 283
33 284
33 286
33 178029
34 99
34 131
34 132
34 133
34 195
34 237
34 178030
35 3
35 4
35 195
35 729
35 731
35 178031
36 4
36 195
36 202
36 2244
36 46153
36 178032
37 76
37 342
37 343
37 345
37 178033
38 10
38 109
38 112
38 1539
38 178034
39 3
39 5
39 20
39 1601
39 1603
39 178035
40 10
40 126
40 127
40 129
40 178036
41 51
41 195
41 1501
41 1503
41 178037
42 3
42 20
42 195
42 7393
42 36855
42 178038
43 71
43 76
43 190
43 191
43 178039
seqId 366
1 9
1 10
1 27
1 42
1 1539
1 178040
2 3
2 5
2 20
2 7120
2 7122
2 66942
3 5
3 20
3 82
3 84
3 100
3 4680
3 7814
3 178041
4 9
4 10
4 11
4 13
4 178042
5 5
5 27
5 99
5 131
5 132
5 133
5 135
5 178043
6 3
6 4
6 5
6 14686
6 14688
6 178044
7 4
7 5
7 202
7 168724
7 178046
7 178047
8 75
8 76
8 77
8 79
8 178048
9 660
9 976
9 977
9 979
9 178049
10 67
10 452
10 15151
10 15152
10 178050
11 67
11 48669
11 175594
11 175595
11 175597
11 178051
12 76
12 413
12 414
12 416
12 178052
13 67
13 4796
13 57668
13 177604
13 177605
13 178053
14 76
14 433
14 434
14 436
14 178054
15 243
15 244
15 245
15 247
15 178055
16 67
16 17618
16 17619
16 17621
16 178056
17 67
17 15222
17 15223
17 15225
17 178057
18 76
18 413
18 414
18 416
18 178058
19 67
19 605
19 607
19 1199
19 178059
20 76
20 433
20 434
20 436
20 178060
21 84
21 91
21 93
21 121
21 195
21 702
21 703
21 1062
21 178061
22 5
22 20
22 90
22 122
22 708
22 769
22 2832
22 5688
22 178062
23 660
23 3394
23 3396
23 62524
23 178063
24 10
24 7340
24 9033
24 9035
24 178064
25 51
25 195
25 52464
25 52466
25 178065
26 51
26 195
26 1368
26 1370
26 178066
27 3
27 20
27 195
27 340
27 2887
27 2889
27 178067
28 9
28 10
28 24
28 26
28 27
28 178068
29 3
29 4
29 5
29 14686
29 14688
29 178069
30 4
30 5
30 202
30 168724
30 178047
30 178070
31 4
31 5
31 202
31 168118
31 168120
31 178071
32 243
32 244
32 245
32 247
32 178072
33 4
33 5
33 202
33 140235
33 144993
33 178073
34 82
34 758
34 759
34 761
34 178074
35 84
35 91
35 93
35 121
35 195
35 702
35 703
35 1062
35 178075
36 5
36 20
36 122
36 703
36 707
36 708
36 710
36 178076
37 20
37 90
37 122
37 195
37 708
37 713
37 9303
37 9305
37 178077
38 244
38 418
38 419
38 421
38 178078
39 84
39 91
39 93
39 121
39 195
39 703
39 707
39 1858
39 178079
40 10
40 109
40 110
40 112
40 178080
41 3
41 5
41 20
41 389
41 391
41 178081
42 9
42 10
42 11
42 13
42 178082
43 3
43 4
43 5
43 8842
43 9174
43 178083
44 71
44 76
44 190
44 191
44 178084
seqId 367
1 10
1 7340
1 7341
1 7343
1 178085
2 51
2 195
2 4162
2 4164
2 178086
3 76
3 342
3 343
3 345
3 178087
4 67
4 452
4 15151
4 15152
4 178088
5 67
5 48669
5 175594
5 175595
5 175597
5 178089
6 243
6 244
6 245
6 247
6 44635
7 67
7 128840
7 128841
7 128843
7 178090
8 67
8 75484
8 75485
8 75487
8 75488
8 178091
9 76
9 413
9 414
9 416
9 178092
10 67
10 605
10 607
10 1199
10 178093
11 76
11 433
11 434
11 436
11 178094
12 84
12 90
12 91
12 93
12 121
12 195
12 4710
12 5390
12 14297
12 70056
12 71108
12 178096
13 5
13 20
13 99
13 133
13 175
13 176
13 1316
13 178097
14 3
14 5
14 20
14 429
14 431
14 178098
15 5
15 20
15 90
15 122
15 708
15 713
15 5533
15 8486
15 178099
16 10
16 828
16 829
16 831
16 178100
17 4
17 5
17 99
17 131
17 132
17 133
17 152
17 178101
18 4
18 5
18 67
18 5583
18 5585
18 5586
18 178102
19 10
19 126
19 127
19 129
19 178103
20 4
20 5
20 99
20 131
20 132
20 133
20 152
20 178104
21 3
21 4
21 5
21 1998
21 2000
21 178105
22 9
22 10
22 11
22 13
22 178106
23 5
23 27
23 99
23 131
23 132
23 133
23 135
23 178107
24 3
24 5
24 20
24 5458
24 8342
24 178108
25 10
25 1010
25 1011
25 1013
25 178109
26 9
26 10
26 24
26 26
26 27
26 178110
27 3
27 5
27 20
27 169759
27 169761
27 178111
28 2822
28 2823
28 2824
28 2826
28 138837
29 10
29 146
29 147
29 149
29 722
30 99
30 131
30 132
30 133
30 195
30 236
30 237
31 3
31 4
31 195
31 3576
31 178113
31 178114
32 4
32 5
32 202
32 168118
32 168120
32 178115
33 243
33 244
33 245
33 247
33 178116
34 4
34 5
34 202
34 140235
34 144993
34 178117
35 76
35 342
35 343
35 345
35 178118
36 3
36 5
36 20
36 429
36 431
36 178119
37 82
37 758
37 759
37 761
37 178120
38 5
38 84
38 90
38 91
38 93
38 121
38 3360
38 5608
38 178121
39 90
39 443
39 6204
39 178123
39 178124
40 10
40 146
40 147
40 149
40 44671
41 4
41 5
41 99
41 131
41 132
41 133
41 152
41 178125
42 3
42 4
42 5
42 8842
42 9174
42 178126
43 9
43 10
43 24
43 26
43 27
43 178127
44 5
44 20
44 99
44 133
44 175
44 176
44 1316
44 178128
45 3
45 5
45 20
45 9469
45 10946
45 178129
46 5
46 20
46 202
46 3386
46 10488
46 178130
47 71
47 76
47 190
47 191
47 178131
seqId 368
1 67
1 16435
1 16436
1 16438
1 178132
2 67
2 20904
2 114603
2 178134
2 178135
2 178136
3 76
3 413
3 414
3 416
3 178137
4 67
4 605
4 607
4 1199
4 178138
5 76
5 433
5 434
5 436
5 178139
6 76
6 342
6 343
6 345
6 178140
7 67
7 1104
7 5836
7 178142
7 178143
7 178144
7 178145
8 67
8 310
8 57195
8 178147
8 178148
8 178149
9 76
9 413
9 414
9 416
9 178150
10 67
10 605
10 607
10 1199
10 178151
11 76
11 433
11 434
11 436
11 178152
12 243
12 244
12 245
12 247
12 138860
13 85
13 99
13 195
13 638
13 640
13 178153
14 3
14 20
14 71
14 71
14 195
14 340
14 792
14 1104
14 1808
14 1809
14 56365
14 178154
15 243
15 244
15 245
15 247
15 178155
16 20
16 195
16 202
16 10398
16 10400
16 178156
17 3
17 20
17 71
17 71
17 195
17 340
17 1104
17 11813
17 62333
17 178157
18 9
18 10
18 11
18 13
18 178158
19 67
19 605
19 607
19 1199
19 178159
20 84
20 91
20 93
20 121
20 195
20 702
20 703
20 1062
20 178160
21 5
21 20
21 90
21 122
21 708
21 769
21 4338
21 4340
21 178161
22 10
22 146
22 147
22 149
22 178162
23 98
23 99
23 100
23 195
23 2073
23 178163
24 3
24 4
24 195
24 2818
24 2820
24 178164
25 71
25 76
25 190
25 191
25 178165
seqId 369
1 67
1 452
1 15151
1 15152
1 178166
2 67
2 48669
2 175594
2 175595
2 175597
2 178167
3 243
3 244
3 245
3 247
3 178168
4 67
4 128840
4 128841
4 128843
4 178169
5 67
5 75484
5 75485
5 75487
5 75488
5 178170
6 84
6 90
6 91
6 93
6 121
6 195
6 7530
6 47725
6 178171
7 5
7 20
7 99
7 133
7 175
7 176
7 1316
7 178172
8 5
8 20
8 202
8 795
8 797
8 67055
9 3
9 5
9 20
9 429
9 431
9 178173
10 10
10 378
10 379
10 381
10 178174
11 5
11 20
11 99
11 131
11 132
11 133
11 166
11 178175
12 5
12 20
12 202
12 566
12 568
12 178176
13 3
13 5
13 20
13 384
13 386
13 178177
14 76
14 413
14 414
14 416
14 178178
15 90
15 443
15 25415
15 33649
15 178179
16 660
16 2347
16 2348
16 2350
16 178180
17 660
17 60479
17 60480
17 60482
17 178181
18 76
18 433
18 434
18 436
18 178182
19 71
19 76
19 190
19 191
19 178183
seqId 370
1 5
1 20
1 99
1 133
1 175
1 176
1 9647
1 178184
2 5
2 20
2 202
2 15064
2 15067
2 178185
3 3
3 5
3 20
3 7393
3 7395
3 178186
4 5
4 20
4 202
4 5335
4 8517
4 178187
5 9
5 10
5 11
5 13
5 178188
6 3
6 4
6 5
6 5256
6 5258
6 178189
7 5
7 84
7 91
7 93
7 121
7 703
7 707
7 956
7 178190
8 5
8 27
8 99
8 131
8 132
8 133
8 135
8 178191
9 3
9 4
9 5
9 14686
9 14688
9 178192
10 9
10 10
10 24
10 26
10 27
10 178193
11 72
11 509
11 5422
11 14296
11 99714
11 176363
11 176364
11 176366
11 178194
12 75
12 76
12 77
12 79
12 138917
13 67
13 174176
13 174178
13 174555
13 178195
14 67
14 6985
14 48761
14 174978
14 174979
14 174981
14 178196
15 76
15 413
15 414
15 416
15 178197
16 67
16 4796
16 57668
16 177604
16 177605
16 178198
17 76
17 433
17 434
17 436
17 178199
18 243
18 244
18 245
18 247
18 102029
19 67
19 1038
19 1039
19 1041
19 178200
20 67
20 3351
20 16138
20 120004
20 168310
20 168311
20 178201
21 158
21 159
21 160
21 162
21 178202
22 9
22 10
22 11
22 13
22 163
23 5
23 20
23 99
23 131
23 132
23 133
23 165
23 166
24 5
24 20
24 67
24 168315
24 168317
24 178203
25 76
25 413
25 414
25 416
25 178204
26 67
26 605
26 607
26 1199
26 178205
27 76
27 433
27 434
27 436
27 178206
28 84
28 91
28 93
28 121
28 195
28 702
28 703
28 1062
28 178207
29 5
29 20
29 90
29 122
29 708
29 769
29 2832
29 5688
29 178208
30 660
30 3394
30 3396
30 62524
30 178209
31 4
31 5
31 99
31 133
31 175
31 176
31 178
31 178210
32 3
32 4
32 5
32 6862
32 6864
32 178211
33 9
33 10
33 24
33 26
33 27
33 178212
34 3
34 4
34 195
34 1395
34 1397
34 178213
35 76
35 137
35 138
35 140
35 178214
36 3
36 5
36 20
36 2081
36 48543
36 178215
37 243
37 244
37 245
37 247
37 178216
38 90
38 443
38 12336
38 15959
38 178217
39 10
39 109
39 110
39 112
39 178218
40 67
40 72
40 5422
40 14296
40 24729
40 176366
40 178220
40 178221
40 178222
41 717
41 718
41 719
41 721
41 178223
42 10
42 146
42 147
42 149
42 722
43 5
43 20
43 99
43 131
43 132
43 133
43 165
43 166
44 5
44 20
44 72
44 202
44 1104
44 1104
44 5528
44 15065
44 49846
44 160809
44 176368
44 178224
45 3
45 5
45 20
45 16951
45 16953
45 178225
46 76
46 185
46 186
46 188
46 44762
47 10
47 109
47 110
47 112
47 178226
48 51
48 195
48 4167
48 4169
48 178227
49 76
49 342
49 343
49 345
49 178228
50 10
50 283
50 284
50 286
50 178229
51 5
51 20
51 99
51 131
51 132
51 133
51 166
51 178230
52 3
52 5
52 20
52 4345
52 4347
52 178231
53 9
53 10
53 24
53 26
53 27
53 178232
54 5
54 20
54 99
54 133
54 175
54 176
54 1316
54 178233
55 3
55 5
55 20
55 429
55 431
55 178234
56 10
56 146
56 147
56 149
56 178235
57 660
57 2347
57 2348
57 2350
57 178236
58 5
58 20
58 202
58 12237
58 12239
58 178237
59 3
59 5
59 20
59 1866
59 1868
59 178238
60 5
60 20
60 90
60 122
60 708
60 713
60 19582
60 151262
60 178239
61 10
61 146
61 147
61 149
61 178240
62 443
62 703
62 4766
62 5065
62 178241
63 90
63 443
63 149479
63 149481
63 178242
64 5
64 27
64 99
64 131
64 132
64 133
64 135
64 178243
65 3
65 4
65 5
65 14686
65 14688
65 178244
66 230
66 231
66 232
66 234
66 178245
67 9
67 10
67 11
67 13
67 163
68 99
68 131
68 132
68 133
68 195
68 236
68 237
69 3
69 20
69 195
69 340
69 12336
69 15959
69 178246
70 243
70 244
70 245
70 247
70 178247
71 5
71 27
71 99
71 131
71 132
71 133
71 135
71 178248
72 3
72 4
72 5
72 14686
72 14688
72 178249
73 4
73 5
73 202
73 3199
73 5132
73 178250
74 76
74 342
74 343
74 345
74 178251
75 660
75 3319
75 3320
75 3322
75 178252
76 9
76 10
76 11
76 13
76 178253
77 90
77 443
77 31757
77 33170
77 178254
78 5
78 27
78 99
78 131
78 132
78 133
78 135
78 178255
79 3
79 4
79 5
79 33173
79 33763
79 178256
80 10
80 283
80 284
80 286
80 178257
81 4
81 5
81 99
81 131
81 132
81 133
81 152
81 139001
82 4
82 5
82 202
82 12237
82 12322
82 178258
83 3
83 4
83 5
83 11291
83 11293
83 178259
84 9
84 10
84 11
84 13
84 178260
85 5
85 27
85 99
85 131
85 132
85 133
85 135
85 178261
86 4
86 5
86 67
86 14210
86 14213
86 178262
87 4
87 5
87 202
87 175481
87 178264
87 178265
88 71
88 76
88 190
88 191
88 178266
seqId 371
1 5
1 20
1 99
1 133
1 175
1 176
1 9647
1 178267
2 5
2 20
2 202
2 15304
2 15306
2 178268
3 3
3 5
3 20
3 7393
3 7395
3 178269
4 5
4 20
4 202
4 5335
4 8517
4 178270
5 5
5 84
5 91
5 93
5 121
5 703
5 707
5 956
5 178271
6 5
6 20
6 82
6 84
6 100
6 4680
6 7814
6 178272
7 9
7 10
7 11
7 13
7 178273
8 5
8 27
8 99
8 131
8 132
8 133
8 135
8 178274
9 3
9 4
9 5
9 14686
9 14688
9 178275
10 9
10 10
10 11
10 13
10 178276
11 4
11 5
11 99
11 131
11 132
11 133
11 152
11 178277
12 3
12 4
12 5
12 175881
12 175883
12 178278
13 76
13 342
13 343
13 345
13 178279
14 99
14 133
14 175
14 176
14 195
14 234
14 178280
15 3
15 4
15 195
15 55065
15 55067
15 178281
16 243
16 244
16 245
16 247
16 178282
17 99
17 133
17 175
17 176
17 195
17 234
17 67183
18 3
18 4
18 195
18 5859
18 14468
18 178283
19 4
19 195
19 202
19 96170
19 101123
19 178284
20 76
20 342
20 343
20 345
20 178285
21 82
21 758
21 759
21 761
21 178286
22 5
22 84
22 90
22 91
22 93
22 121
22 8855
22 13550
22 178287
23 10
23 7340
23 9033
23 9035
23 178288
24 660
24 46492
24 46493
24 46495
24 178289
25 76
25 413
25 414
25 416
25 178290
26 90
26 443
26 25415
26 33649
26 178291
27 5
27 20
27 99
27 131
27 132
27 133
27 166
27 102123
28 5
28 20
28 912
28 2717
28 2718
28 9432
28 9434
28 178292
29 5
29 20
29 202
29 8510
29 8512
29 178293
30 230
30 231
30 232
30 234
30 178294
31 9
31 10
31 11
31 13
31 163
32 99
32 131
32 132
32 133
32 195
32 236
32 237
33 3
33 20
33 195
33 9451
33 9453
33 178295
34 9
34 10
34 11
34 13
34 178296
35 3
35 4
35 15
35 195
35 4121
35 178297
36 4
36 195
36 202
36 340
36 168118
36 168120
36 178299
37 5
37 20
37 90
37 122
37 708
37 713
37 9303
37 20830
37 178300
38 10
38 109
38 110
38 112
38 178301
39 51
39 195
39 52464
39 52466
39 178302
40 10
40 126
40 127
40 129
40 178303
41 99
41 131
41 132
41 133
41 195
41 237
41 178304
42 3
42 20
42 195
42 340
42 178306
42 178307
42 178308
43 660
43 976
43 979
43 1458
43 178309
44 944
44 945
44 946
44 948
44 178310
45 3
45 4
45 5
45 313
45 120068
45 178311
46 243
46 244
46 245
46 247
46 178312
47 3
47 4
47 5
47 18773
47 18775
47 178313
48 717
48 718
48 719
48 721
48 178314
49 10
49 146
49 147
49 149
49 722
50 5
50 20
50 99
50 131
50 132
50 133
50 165
50 166
51 5
51 20
51 202
51 1718
51 57849
51 178315
52 3
52 5
52 20
52 15215
52 65093
52 131674
52 178316
53 76
53 413
53 414
53 416
53 178317
54 3
54 5
54 20
54 72
54 1104
54 14823
54 45539
54 49922
54 178319
54 178320
55 5
55 20
55 202
55 45539
55 48780
55 178322
55 178323
56 3
56 5
56 20
56 16951
56 16953
56 178324
57 76
57 433
57 434
57 436
57 178325
58 76
58 342
58 343
58 345
58 178326
59 51
59 195
59 4167
59 4169
59 178327
60 76
60 433
60 434
60 436
60 178328
61 67
61 174176
61 174178
61 174555
61 178329
62 67
62 6985
62 48761
62 174978
62 174979
62 174981
62 178330
63 76
63 413
63 414
63 416
63 178331
64 67
64 4796
64 57668
64 177604
64 177605
64 178332
65 76
65 433
65 434
65 436
65 178333
66 243
66 244
66 245
66 247
66 178334
67 67
67 138439
67 138440
67 138442
67 178335
68 67
68 857
68 48314
68 175998
68 175999
68 178336
69 76
69 413
69 414
69 416
69 178337
70 67
70 605
70 607
70 1199
70 178338
71 76
71 433
71 434
71 436
71 178339
72 76
72 342
72 343
72 345
72 67234
73 243
73 244
73 245
73 247
73 178340
74 82
74 758
74 759
74 761
74 178341
75 5
75 84
75 91
75 92
75 93
75 703
75 707
75 16563
75 178342
76 10
76 146
76 149
76 1539
76 178343
77 3
77 5
77 20
77 1539
77 102099
77 178345
77 178346
78 5
78 20
78 202
78 36084
78 36086
78 178347
79 5
79 20
79 99
79 133
79 175
79 176
79 1316
79 178348
80 3
80 5
80 20
80 3118
80 3120
80 178349
81 5
81 20
81 202
81 3303
81 36191
81 178350
82 9
82 10
82 11
82 13
82 178351
83 4
83 5
83 99
83 131
83 132
83 133
83 152
83 178352
84 4
84 5
84 202
84 38807
84 135535
84 178353
85 3
85 4
85 5
85 642
85 23331
85 178354
86 71
86 76
86 190
86 191
86 178355
seqId 372
1 99
1 131
1 132
1 133
1 195
1 1220
1 178356
2 51
2 195
2 1501
2 1503
2 15599
3 3
3 4
3 195
3 51823
3 95673
3 178357
4 9
4 10
4 24
4 26
4 27
4 178358
5 3
5 4
5 5
5 25373
5 25375
5 178359
6 76
6 413
6 414
6 416
6 178360
7 67
7 4796
7 57668
7 177604
7 177605
7 178361
8 243
8 244
8 245
8 247
8 178362
9 67
9 605
9 607
9 1199
9 178363
10 76
10 433
10 434
10 436
10 178364
11 84
11 90
11 91
11 93
11 121
11 195
11 702
11 1062
11 178365
12 660
12 1513
12 1514
12 1516
12 178366
13 10
13 109
13 110
13 112
13 102183
14 3
14 5
14 20
14 5292
14 44681
14 178367
15 5
15 20
15 99
15 133
15 175
15 176
15 1316
15 139123
16 5
16 20
16 202
16 3303
16 36191
16 178368
17 3
17 5
17 20
17 7259
17 7261
17 178369
18 10
18 378
18 379
18 381
18 178370
19 5
19 27
19 99
19 131
19 132
19 133
19 135
19 178371
20 3
20 4
20 5
20 14686
20 14688
20 178372
21 4
21 5
21 202
21 35387
21 36351
21 178373
22 76
22 342
22 343
22 345
22 178374
23 10
23 146
23 149
23 1539
23 178375
24 90
24 443
24 1334
24 8849
24 178376
25 9
25 10
25 24
25 26
25 27
25 178377
26 4
26 5
26 99
26 133
26 175
26 176
26 178
26 178378
27 3
27 4
27 5
27 33173
27 33763
27 178379
28 4
28 5
28 202
28 322
28 22672
28 178380
29 76
29 342
29 343
29 345
29 178381
30 10
30 1387
30 1388
30 1390
30 178382
31 67
31 174157
31 174159
31 174797
31 178383
32 67
32 407
32 174800
32 174801
32 174803
32 178384
33 76
33 413
33 414
33 416
33 178385
34 67
34 4796
34 57668
34 177604
34 177605
34 178386
35 76
35 433
35 434
35 436
35 178387
36 76
36 342
36 343
36 345
36 178388
37 67
37 16435
37 16436
37 16438
37 178389
38 67
38 20904
38 114603
38 178134
38 178135
38 178390
39 76
39 413
39 414
39 416
39 178391
40 67
40 605
40 607
40 1199
40 178392
41 76
41 433
41 434
41 436
41 178393
42 243
42 244
42 245
42 247
42 178394
43 67
43 15222
43 15223
43 15225
43 178395
44 67
44 1886
44 39484
44 178397
44 178398
44 178399
45 76
45 413
45 414
45 416
45 178400
46 67
46 605
46 607
46 1199
46 178401
47 76
47 433
47 434
47 436
47 178402
48 71
48 76
48 190
48 191
48 178403
seqId 373
1 4
1 82
1 83
1 84
1 115
1 195
1 1824
1 10471
1 178404
2 84
2 90
2 91
2 93
2 121
2 195
2 702
2 1062
2 178405
3 660
3 1513
3 1514
3 1516
3 178406
4 5
4 20
4 99
4 133
4 175
4 176
4 1316
4 178407
5 5
5 20
5 202
5 3303
5 36191
5 178408
6 3
6 5
6 20
6 7259
6 7261
6 178409
7 10
7 378
7 379
7 381
7 178410
8 5
8 27
8 99
8 131
8 132
8 133
8 135
8 178411
9 3
9 4
9 5
9 14686
9 14688
9 178412
10 9
10 10
10 11
10 13
10 139173
11 5
11 27
11 99
11 131
11 132
11 133
11 135
11 178413
12 3
12 5
12 20
12 23785
12 54281
12 178414
13 76
13 342
13 343
13 345
13 178415
14 10
14 1387
14 1388
14 1390
14 178416
15 67
15 174157
15 174159
15 174797
15 178417
16 67
16 407
16 174800
16 174801
16 174803
16 178418
17 76
17 413
17 414
17 416
17 178419
18 67
18 4796
18 57668
18 177604
18 177605
18 178420
19 76
19 433
19 434
19 436
19 178421
20 76
20 342
20 343
20 345
20 178422
21 67
21 138439
21 138440
21 138442
21 178423
22 67
22 857
22 48314
22 175998
22 175999
22 178424
23 76
23 413
23 414
23 416
23 178425
24 67
24 605
24 607
24 1199
24 178426
25 76
25 433
25 434
25 436
25 178427
26 76
26 342
26 343
26 345
26 178428
27 67
27 11514
27 11515
27 11517
27 178429
28 67
28 2423
28 5422
28 106062
28 177656
28 177657
28 178430
29 76
29 413
29 414
29 416
29 178431
30 67
30 4796
30 57668
30 177604
30 177605
30 178432
31 76
31 433
31 434
31 436
31 178433
32 76
32 342
32 343
32 345
32 178434
33 67
33 174176
33 174178
33 174555
33 178435
34 67
34 17607
34 162105
34 174558
34 174559
34 178436
35 76
35 413
35 414
35 416
35 178437
36 67
36 4796
36 57668
36 177604
36 177605
36 178438
37 76
37 433
37 434
37 436
37 178439
38 76
38 342
38 343
38 345
38 178440
39 67
39 136357
39 136358
39 136360
39 178441
40 67
40 967
40 158385
40 174286
40 174287
40 174289
40 178442
41 76
41 413
41 414
41 416
41 178443
42 67
42 4796
42 57668
42 177604
42 177605
42 178444
43 76
43 433
43 434
43 436
43 178445
44 76
44 342
44 343
44 345
44 178446
45 67
45 15222
45 15223
45 15225
45 178447
46 67
46 11542
46 49432
46 178449
46 178450
46 178451
46 178452
47 76
47 413
47 414
47 416
47 178453
48 67
48 605
48 607
48 1199
48 178454
49 76
49 433
49 434
49 436
49 178455
50 243
50 244
50 245
50 247
50 178456
51 67
51 20691
51 20692
51 20694
51 178457
52 67
52 310
52 74143
52 178459
52 178460
52 178461
52 178462
53 76
53 413
53 414
53 416
53 178463
54 67
54 605
54 607
54 1199
54 178464
55 76
55 433
55 434
55 436
55 178465
56 71
56 76
56 190
56 191
56 178466
seqId 374
1 660
1 1622
1 178468
1 178469
1 178470
2 4
2 5
2 99
2 131
2 132
2 133
2 152
2 178471
3 3
3 4
3 5
3 504
3 14984
3 178472
4 9
4 10
4 24
4 26
4 27
4 178473
5 4
5 5
5 99
5 133
5 175
5 176
5 178
5 178474
6 4
6 5
6 202
6 795
6 8936
6 178475
7 3
7 4
7 5
7 642
7 23331
7 178476
8 82
8 83
8 115
8 195
8 4940
8 4941
8 28267
8 178477
9 5
9 84
9 91
9 93
9 121
9 703
9 707
9 956
9 178478
10 4
10 5
10 90
10 122
10 708
10 769
10 28145
10 178480
10 178481
11 9
11 10
11 26
11 27
11 1539
11 178482
12 3
12 4
12 5
12 178484
12 178485
12 178486
13 10
13 1010
13 1011
13 1013
13 178487
14 4
14 5
14 99
14 133
14 175
14 176
14 178
14 67385
15 3
15 4
15 5
15 27599
15 62043
15 178488
16 9
16 10
16 11
16 13
16 178489
17 90
17 443
17 712
17 31493
17 178490
18 4
18 5
18 99
18 133
18 175
18 176
18 178
18 178491
19 3
19 4
19 5
19 3846
19 29979
19 178492
20 4
20 5
20 202
20 3272
20 3274
20 178493
21 10
21 283
21 284
21 286
21 178494
22 5
22 20
22 99
22 131
22 132
22 133
22 166
22 178495
23 3
23 5
23 20
23 3338
23 3340
23 178496
24 9
24 10
24 11
24 13
24 178497
25 4
25 5
25 99
25 131
25 132
25 133
25 152
25 178498
26 3
26 4
26 5
26 15
26 17
26 178499
27 4
27 5
27 202
27 693
27 33899
27 178500
28 4
28 5
28 202
28 13322
28 31197
28 178501
29 71
29 76
29 190
29 191
29 178502
seqId 375
1 99
1 131
1 132
1 133
1 195
1 1220
1 178503
2 3
2 20
2 195
2 2034
2 3403
2 178504
3 9
3 10
3 11
3 13
3 178505
4 4
4 5
4 99
4 131
4 132
4 133
4 152
4 178506
5 4
5 5
5 202
5 795
5 8936
5 178507
6 3
6 4
6 5
6 642
6 23331
6 178508
7 27
7 82
7 84
7 114
7 115
7 116
7 118
7 178509
8 84
8 90
8 91
8 92
8 93
8 195
8 26497
8 37175
8 37177
8 178511
9 10
9 146
9 147
9 149
9 178512
10 5
10 99
10 131
10 132
10 133
10 135
10 171
10 178513
11 3
11 4
11 5
11 14686
11 14688
11 178514
12 10
12 1605
12 1606
12 1608
12 178515
13 5
13 20
13 202
13 1104
13 15065
13 160809
13 178517
13 178518
14 243
14 244
14 245
14 247
14 178519
15 5
15 20
15 202
15 15065
15 131938
15 131940
15 178520
16 3
16 20
16 195
16 16951
16 131943
16 178521
17 76
17 342
17 343
17 345
17 45020
18 4
18 5
18 99
18 133
18 175
18 176
18 178
18 178522
19 3
19 4
19 5
19 1913
19 1915
19 178523
20 82
20 758
20 759
20 761
20 178524
21 5
21 84
21 91
21 93
21 121
21 703
21 707
21 956
21 178525
22 4
22 5
22 90
22 122
22 708
22 713
22 55644
22 178527
22 178528
23 660
23 3823
23 3824
23 3826
23 178529
24 479
24 660
24 5827
24 168821
24 168822
24 178530
25 10
25 1605
25 1606
25 1608
25 178531
26 5
26 20
26 202
26 1718
26 57849
26 178532
27 3
27 5
27 20
27 15215
27 65093
27 131674
27 178533
28 243
28 244
28 245
28 247
28 178534
29 3
29 20
29 195
29 2601
29 172449
29 178535
30 20
30 195
30 202
30 140235
30 140237
30 178536
31 243
31 244
31 245
31 247
31 178537
32 171
32 944
32 945
32 1461
32 1463
32 178538
33 5
33 20
33 82
33 83
33 84
33 115
33 763
33 1002
33 67437
34 27
34 82
34 84
34 114
34 115
34 116
34 118
34 178539
35 5
35 84
35 90
35 91
35 92
35 93
35 96
35 1815
35 29773
35 178540
36 717
36 718
36 719
36 721
36 45041
37 10
37 146
37 149
37 722
37 1539
38 5
38 20
38 99
38 131
38 132
38 133
38 165
38 166
39 3
39 5
39 20
39 31629
39 31631
39 178541
40 9
40 10
40 24
40 26
40 27
40 178542
41 90
41 443
41 3979
41 36008
41 178543
42 10
42 283
42 284
42 286
42 178544
43 4
43 5
43 99
43 131
43 132
43 133
43 152
43 178545
44 3
44 4
44 5
44 33037
44 33039
44 178546
45 9
45 10
45 11
45 13
45 178547
46 99
46 115
46 195
46 773
46 774
46 775
46 776
46 3400
46 178548
47 3
47 20
47 112
47 195
47 36717
47 178550
47 178551
47 178552
48 20
48 195
48 202
48 36111
48 69954
48 178553
49 76
49 2265
49 2266
49 2268
49 178554
50 82
50 83
50 115
50 195
50 4940
50 4941
50 28267
50 178555
51 90
51 91
51 93
51 121
51 195
51 707
51 4941
51 78416
51 178556
52 660
52 30602
52 30603
52 30605
52 178557
53 10
53 283
53 284
53 286
53 178558
54 99
54 133
54 175
54 176
54 195
54 234
54 178559
55 3
55 4
55 195
55 7178
55 7180
55 178560
56 9
56 10
56 11
56 13
56 178561
57 4
57 5
57 99
57 131
57 132
57 133
57 152
57 178562
58 3
58 4
58 5
58 28107
58 28109
58 178563
59 76
59 342
59 343
59 345
59 178564
60 10
60 283
60 284
60 286
60 178565
61 99
61 133
61 175
61 176
61 195
61 234
61 178566
62 3
62 20
62 195
62 7633
62 18680
62 178567
63 20
63 195
63 202
63 36111
63 45071
63 69954
64 9
64 10
64 11
64 13
64 178568
65 3
65 4
65 195
65 119104
65 119115
65 178569
66 76
66 342
66 343
66 345
66 178570
67 9
67 10
67 11
67 13
67 178571
68 3
68 20
68 195
68 2081
68 36474
68 178572
69 76
69 342
69 343
69 345
69 178573
70 9
70 10
70 11
70 13
70 178574
71 3
71 4
71 195
71 4228
71 4230
71 178575
72 76
72 2265
72 2266
72 2268
72 178576
73 945
73 1010
73 1011
73 1013
73 178577
74 9
74 10
74 11
74 13
74 178578
75 99
75 115
75 195
75 773
75 774
75 775
75 776
75 3400
75 178579
76 3
76 20
76 195
76 340
76 475
76 25021
76 178580
77 82
77 758
77 759
77 761
77 178581
78 82
78 83
78 84
78 109
78 112
78 115
78 15835
79 84
79 90
79 91
79 93
79 121
79 195
79 4766
79 6444
79 178582
80 99
80 131
80 132
80 133
80 195
80 237
80 178583
81 3
81 20
81 195
81 340
81 178585
81 178586
81 178587
82 9
82 10
82 11
82 13
82 178588
83 5
83 99
83 115
83 773
83 776
83 2192
83 28103
83 28105
83 178589
84 3
84 4
84 5
84 128691
84 128693
84 178590
85 71
85 76
85 190
85 191
85 178591
seqId 376
1 20
1 82
1 83
1 84
1 115
1 195
1 1824
1 9780
1 178592
2 27
2 82
2 84
2 114
2 115
2 116
2 118
2 178593
3 84
3 90
3 91
3 92
3 93
3 195
3 26497
3 37175
3 37177
3 178594
4 10
4 146
4 147
4 149
4 178595
5 99
5 133
5 175
5 176
5 195
5 234
5 178596
6 3
6 4
6 195
6 1784
6 1786
6 178597
7 4
7 195
7 202
7 340
7 42755
7 178599
7 178600
7 178601
8 82
8 758
8 759
8 761
8 178602
9 84
9 90
9 91
9 93
9 121
9 195
9 10385
9 10387
9 178603
10 5
10 27
10 99
10 131
10 132
10 133
10 135
10 178604
11 3
11 4
11 5
11 14686
11 14688
11 178605
12 9
12 10
12 11
12 13
12 178606
13 5
13 27
13 99
13 131
13 132
13 133
13 135
13 178607
14 5
14 67
14 147612
14 168135
14 178608
15 243
15 244
15 245
15 247
15 67525
16 4
16 5
16 82
16 84
16 100
16 4680
16 7233
16 178609
17 158
17 159
17 160
17 162
17 178610
18 9
18 10
18 11
18 13
18 163
19 5
19 20
19 99
19 131
19 132
19 133
19 165
19 166
20 3
20 5
20 20
20 5018
20 5020
20 178611
21 5
21 20
21 202
21 168265
21 168267
21 178612
22 75
22 76
22 77
22 79
22 178613
23 5
23 20
23 99
23 131
23 132
23 133
23 166
23 178614
24 3
24 5
24 20
24 16848
24 16850
24 178615
25 9
25 10
25 11
25 13
25 102431
26 3
26 20
26 195
26 2081
26 36474
26 178616
27 20
27 195
27 202
27 3199
27 4859
27 178617
28 20
28 195
28 202
28 33164
28 33341
28 178618
29 82
29 758
29 759
29 761
29 178619
30 27
30 82
30 84
30 114
30 115
30 116
30 118
30 178620
31 84
31 90
31 91
31 93
31 120
31 121
31 195
31 45001
31 178621
32 9
32 10
32 13
32 1539
32 178622
33 660
33 2347
33 2348
33 2350
33 178623
34 10
34 109
34 110
34 112
34 178624
35 660
35 2347
35 2348
35 2350
35 178625
36 10
36 126
36 127
36 129
36 178626
37 5
37 27
37 99
37 131
37 132
37 133
37 135
37 178627
38 3
38 5
38 20
38 103478
38 103885
38 178628
39 10
39 283
39 284
39 286
39 178629
40 99
40 115
40 195
40 773
40 775
40 776
40 2192
40 2194
40 178630
41 3
41 4
41 195
41 18773
41 20364
41 178631
42 9
42 10
42 11
42 13
42 178632
43 3
43 5
43 20
43 22657
43 22659
43 178633
44 76
44 342
44 343
44 345
44 178634
45 5
45 27
45 99
45 131
45 132
45 133
45 135
45 178635
46 3
46 4
46 5
46 154247
46 154249
46 178636
47 230
47 231
47 232
47 234
47 178637
48 9
48 10
48 11
48 13
48 163
49 99
49 131
49 132
49 133
49 195
49 236
49 237
50 3
50 20
50 195
50 26371
50 26373
50 178638
51 9
51 10
51 11
51 13
51 178639
52 3
52 4
52 5
52 119109
52 146630
52 178640
53 10
53 1010
53 1011
53 1013
53 178641
54 3
54 5
54 20
54 13609
54 13611
54 178642
55 5
55 20
55 202
55 322
55 36035
55 178643
56 5
56 20
56 90
56 122
56 708
56 713
56 4530
56 53987
56 178644
57 10
57 146
57 147
57 149
57 178645
58 5
58 27
58 99
58 131
58 132
58 133
58 135
58 178646
59 3
59 5
59 20
59 49462
59 49464
59 178647
60 76
60 342
60 343
60 345
60 178648
61 5
61 20
61 99
61 131
61 132
61 133
61 166
61 178649
62 3
62 5
62 20
62 16848
62 16850
62 178650
63 5
63 20
63 202
63 63079
63 63081
63 178651
64 243
64 244
64 245
64 247
64 178652
65 5
65 20
65 202
65 254
65 256
65 178653
66 230
66 231
66 232
66 234
66 178654
67 9
67 10
67 11
67 13
67 163
68 99
68 131
68 132
68 133
68 195
68 236
68 237
69 3
69 4
69 195
69 38988
69 41180
69 178655
70 82
70 758
70 759
70 761
70 178656
71 27
71 82
71 84
71 114
71 115
71 116
71 118
71 102483
72 84
72 90
72 91
72 93
72 121
72 195
72 60380
72 178658
72 178659
73 10
73 1010
73 1011
73 1013
73 178660
74 3
74 20
74 195
74 20480
74 41323
74 178661
75 20
75 195
75 202
75 340
75 15742
75 15744
75 178662
76 230
76 231
76 232
76 234
76 178663
77 9
77 10
77 11
77 13
77 163
78 99
78 131
78 132
78 133
78 195
78 236
78 237
79 3
79 20
79 195
79 33272
79 33274
79 178664
80 71
80 76
80 190
80 191
80 178665
seqId 377
1 4
1 5
1 99
1 131
1 132
1 133
1 811
1 178666
2 3
2 4
2 5
2 13351
2 13353
2 178667
3 10
3 1605
3 1606
3 1608
3 178668
4 98
4 99
4 100
4 195
4 2073
4 178669
5 3
5 20
5 195
5 340
5 5018
5 5020
5 178670
6 5
6 84
6 90
6 91
6 92
6 93
6 2333
6 29210
6 178671
7 9
7 10
7 11
7 13
7 178672
8 660
8 22631
8 22632
8 22634
8 178673
9 90
9 443
9 22636
9 22638
9 178674
10 99
10 115
10 195
10 773
10 775
10 776
10 2192
10 2194
10 178675
11 3
11 20
11 195
11 3118
11 10103
11 178676
12 20
12 195
12 202
12 5335
12 5564
12 178677
13 243
13 244
13 245
13 247
13 178678
14 99
14 115
14 195
14 773
14 775
14 776
14 2192
14 2194
14 178679
15 3
15 4
15 195
15 22648
15 47285
15 178680
16 4
16 195
16 202
16 20423
16 20425
16 178681
17 76
17 342
17 343
17 345
17 178682
18 9
18 10
18 11
18 13
18 15971
19 90
19 443
19 22433
19 23097
19 178683
20 660
20 1622
20 1623
20 1625
20 178684
21 10
21 27
21 1113
21 1114
21 1116
21 178685
22 10
22 146
22 147
22 149
22 178686
23 5
23 20
23 99
23 2905
23 2906
23 178688
23 178689
24 3
24 5
24 20
24 3118
24 3120
24 178690
25 99
25 115
25 195
25 773
25 775
25 776
25 2192
25 2194
25 178691
26 3
26 4
26 195
26 14686
26 110488
26 178692
27 84
27 91
27 93
27 121
27 195
27 703
27 707
27 1858
27 178693
28 4
28 195
28 202
28 340
28 31190
28 31192
28 178694
29 243
29 244
29 245
29 247
29 45247
30 660
30 2906
30 19025
30 36107
30 178695
31 4
31 82
31 83
31 84
31 115
31 195
31 1824
31 3621
31 178696
32 82
32 84
32 114
32 115
32 116
32 1361
32 178697
33 84
33 90
33 91
33 93
33 121
33 195
33 4710
33 37108
33 66129
33 178699
33 178700
34 71
34 76
34 190
34 191
34 178701
seqId 378
1 5
1 27
1 99
1 131
1 132
1 133
1 699
1 178702
2 3
2 4
2 5
2 14686
2 14688
2 178703
3 82
3 759
3 944
3 948
3 178704
4 82
4 83
4 115
4 195
4 4940
4 4941
4 28267
4 178705
5 82
5 115
5 116
5 195
5 4940
5 4941
5 28267
5 178706
6 90
6 91
6 93
6 121
6 195
6 4941
6 9903
6 78145
6 178707
7 9
7 10
7 11
7 13
7 178708
8 90
8 443
8 8415
8 28349
8 178709
9 10
9 146
9 147
9 149
9 178710
10 90
10 443
10 103478
10 163502
10 178711
11 5
11 84
11 91
11 93
11 121
11 703
11 707
11 956
11 178712
12 660
12 1622
12 1623
12 1625
12 178713
13 4
13 5
13 82
13 84
13 100
13 4680
13 7233
13 178714
14 76
14 342
14 343
14 345
14 178715
15 660
15 1539
15 3768
15 3771
15 178716
16 5
16 20
16 202
16 36084
16 36086
16 178717
17 76
17 342
17 343
17 345
17 178718
18 99
18 133
18 175
18 176
18 195
18 234
18 178719
19 3
19 4
19 195
19 340
19 50290
19 50292
19 178720
20 243
20 244
20 245
20 247
20 178721
21 99
21 133
21 175
21 176
21 195
21 234
21 178722
22 3
22 20
22 195
22 10660
22 10662
22 178723
23 10
23 1605
23 1606
23 1608
23 178724
24 98
24 99
24 100
24 195
24 2073
24 178725
25 3
25 20
25 195
25 340
25 5018
25 5020
25 178726
26 76
26 342
26 343
26 345
26 178727
27 4
27 5
27 90
27 122
27 708
27 713
27 2101
27 123186
27 178728
28 10
28 828
28 831
28 1539
28 178729
29 3
29 5
29 20
29 6890
29 6892
29 178730
30 10
30 828
30 829
30 831
30 178731
31 99
31 131
31 132
31 133
31 195
31 237
31 178732
32 3
32 20
32 195
32 1320
32 3384
32 178733
33 9
33 10
33 11
33 13
33 178734
34 67
34 174176
34 174178
34 174555
34 178735
35 67
35 6985
35 48761
35 174978
35 174979
35 174981
35 178736
36 10
36 126
36 127
36 129
36 178737
37 4
37 5
37 99
37 131
37 132
37 133
37 152
37 178738
38 3
38 4
38 5
38 80018
38 80020
38 178739
39 9
39 10
39 11
39 13
39 178740
40 4
40 5
40 99
40 131
40 132
40 133
40 152
40 178741
41 3
41 4
41 5
41 175881
41 175883
41 178742
42 4
42 5
42 202
42 34785
42 36313
42 178743
43 10
43 109
43 110
43 112
43 45307
44 67
44 49391
44 49392
44 49394
44 178744
45 71
45 76
45 190
45 191
45 178745
seqId 379
1 10
1 378
1 3871
1 3873
1 178746
2 5
2 20
2 99
2 131
2 132
2 133
2 166
2 178747
3 3
3 5
3 20
3 178749
3 178750
3 178751
4 9
4 10
4 11
4 13
4 139657
5 98
5 99
5 100
5 195
5 2073
5 178752
6 3
6 20
6 195
6 1320
6 3384
6 178753
7 82
7 758
7 759
7 761
7 178754
8 84
8 90
8 91
8 93
8 121
8 195
8 7704
8 58022
8 178755
9 5
9 27
9 99
9 131
9 132
9 133
9 135
9 178756
10 5
10 67
10 5959
10 5962
10 178757
11 76
11 342
11 343
11 345
11 102605
12 99
12 131
12 132
12 133
12 195
12 237
12 178758
13 3
13 20
13 195
13 10402
13 10404
13 178759
14 84
14 90
14 91
14 93
14 121
14 195
14 31304
14 45107
14 178760
15 10
15 8436
15 8437
15 8439
15 178761
16 5
16 20
16 82
16 84
16 85
16 1377
16 6487
16 178762
17 10
17 126
17 127
17 129
17 178763
18 99
18 133
18 175
18 176
18 195
18 234
18 178764
19 3
19 20
19 195
19 33358
19 34347
19 178765
20 20
20 195
20 202
20 13322
20 13324
20 178766
21 243
21 244
21 245
21 247
21 16064
22 10
22 283
22 284
22 286
22 178767
23 4
23 5
23 99
23 133
23 175
23 176
23 178
23 178768
24 4
24 5
24 202
24 114712
24 114714
24 178769
25 3
25 4
25 5
25 5280
25 5282
25 178770
26 20
26 195
26 202
26 13632
26 13634
26 178771
27 76
27 342
27 343
27 345
27 178772
28 244
28 1249
28 1250
28 1252
28 178773
29 5
29 27
29 99
29 131
29 132
29 133
29 135
29 178774
30 3
30 4
30 5
30 642
30 23331
30 178775
31 5
31 84
31 90
31 91
31 92
31 93
31 96
31 22882
31 22884
31 178776
32 4
32 5
32 99
32 133
32 175
32 176
32 178
32 178777
33 3
33 4
33 5
33 70648
33 70650
33 178778
34 660
34 661
34 1240
34 1242
34 178779
35 660
35 2473
35 2474
35 2476
35 178780
36 4
36 5
36 202
36 86306
36 178782
36 178783
37 10
37 283
37 284
37 286
37 178784
38 5
38 20
38 99
38 131
38 132
38 133
38 166
38 178785
39 3
39 5
39 20
39 3338
39 3340
39 178786
40 5
40 20
40 202
40 13322
40 13324
40 178787
41 76
41 342
41 343
41 345
41 45354
42 4
42 5
42 82
42 84
42 100
42 4680
42 7233
42 178788
43 9
43 10
43 11
43 13
43 16088
44 5
44 27
44 99
44 131
44 132
44 133
44 135
44 178789
45 4
45 5
45 67
45 14076
45 14078
45 178790
46 4
46 5
46 202
46 140235
46 144993
46 178791
47 76
47 413
47 414
47 416
47 178792
48 67
48 15222
48 15223
48 15225
48 178793
49 67
49 1886
49 39484
49 178397
49 178398
49 178794
50 76
50 342
50 343
50 345
50 178795
51 67
51 605
51 607
51 1199
51 178796
52 76
52 433
52 434
52 436
52 178797
53 71
53 76
53 190
53 191
53 178798
seqId 380
1 10
1 109
1 878
1 2548
1 178799
2 20
2 82
2 84
2 98
2 100
2 102
2 178800
3 82
3 758
3 759
3 761
3 178801
4 5
4 84
4 90
4 91
4 93
4 121
4 7704
4 30340
4 178802
5 5
5 20
5 99
5 131
5 132
5 133
5 166
5 178803
6 3
6 5
6 20
6 5018
6 5020
6 178804
7 5
7 20
7 202
7 168265
7 168267
7 178805
8 76
8 342
8 343
8 345
8 178806
9 99
9 131
9 132
9 133
9 195
9 237
9 178807
10 3
10 20
10 195
10 33272
10 33274
10 178808
11 84
11 91
11 93
11 121
11 195
11 703
11 707
11 1858
11 178809
12 20
12 82
12 84
12 100
12 195
12 4680
12 6827
12 178810
13 9
13 10
13 11
13 13
13 178811
14 5
14 27
14 99
14 131
14 132
14 133
14 135
14 178812
15 5
15 67
15 177499
15 177501
15 178813
16 5
16 20
16 202
16 35537
16 35539
16 178814
17 76
17 342
17 343
17 345
17 178815
18 9
18 10
18 24
18 26
18 27
18 178816
19 3
19 4
19 5
19 36053
19 36055
19 178817
20 4
20 5
20 202
20 34785
20 36313
20 178818
21 243
21 244
21 245
21 247
21 16127
22 4
22 5
22 202
22 175288
22 178820
22 178821
23 76
23 342
23 343
23 345
23 178822
24 9
24 10
24 24
24 26
24 27
24 178823
25 72
25 509
25 5422
25 14296
25 99714
25 176363
25 176364
25 176366
25 178824
26 10
26 146
26 147
26 149
26 178825
27 5
27 27
27 99
27 131
27 132
27 133
27 135
27 178826
28 5
28 67
28 175400
28 175403
28 178827
29 243
29 244
29 245
29 247
29 178828
30 717
30 718
30 719
30 721
30 178829
31 10
31 146
31 147
31 149
31 722
32 5
32 20
32 99
32 131
32 132
32 133
32 165
32 166
33 3
33 5
33 20
33 5018
33 5020
33 178830
34 5
34 20
34 202
34 175277
34 175279
34 178831
35 71
35 76
35 190
35 191
35 178832
seqId 381
1 4
1 5
1 99
1 131
1 132
1 133
1 811
1 178833
2 3
2 4
2 5
2 3691
2 3693
2 178834
3 5
3 84
3 90
3 91
3 92
3 93
3 702
3 63087
3 178835
4 99
4 133
4 175
4 176
4 195
4 234
4 178836
5 3
5 20
5 195
5 340
5 16650
5 16652
5 178837
6 20
6 195
6 202
6 340
6 54437
6 178839
6 178840
6 178841
7 76
7 413
7 414
7 416
7 178842
8 67
8 74958
8 74960
8 127317
8 178843
9 158
9 159
9 160
9 162
9 178844
10 9
10 10
10 11
10 13
10 163
11 5
11 20
11 99
11 131
11 132
11 133
11 165
11 166
12 3
12 5
12 20
12 66043
12 119563
12 178845
13 76
13 433
13 434
13 436
13 178846
14 3
14 2548
14 9789
14 9791
14 178847
15 2822
15 2823
15 2824
15 2826
15 178848
16 10
16 146
16 147
16 149
16 722
17 99
17 131
17 132
17 133
17 195
17 236
17 237
18 3
18 4
18 15
18 195
18 4121
18 178849
19 9
19 10
19 11
19 13
19 178850
20 67
20 1139
20 1140
20 1142
20 178851
21 67
21 1047
21 11613
21 178853
21 178854
21 178855
21 178856
22 76
22 413
22 414
22 416
22 178857
23 67
23 605
23 607
23 1199
23 178858
24 76
24 433
24 434
24 436
24 178859
25 10
25 126
25 127
25 129
25 178860
26 99
26 131
26 132
26 133
26 195
26 237
26 178861
27 3
27 4
27 195
27 340
27 23042
27 34205
27 178862
28 243
28 244
28 245
28 247
28 178863
29 5
29 20
29 99
29 131
29 132
29 133
29 166
29 178864
30 3
30 5
30 20
30 1892
30 37252
30 178865
31 5
31 20
31 202
31 178867
31 178868
31 178869
32 9
32 10
32 13
32 1539
32 178870
33 3
33 4
33 5
33 5469
33 5471
33 178871
34 243
34 244
34 245
34 247
34 102727
35 9
35 10
35 24
35 26
35 27
35 178872
36 5
36 82
36 84
36 85
36 2294
36 2296
36 178873
37 9
37 10
37 11
37 13
37 178874
38 5
38 27
38 99
38 131
38 132
38 133
38 135
38 178875
39 5
39 67
39 140252
39 140254
39 178876
40 76
40 342
40 343
40 345
40 178877
41 660
41 976
41 979
41 1458
41 178878
42 171
42 944
42 945
42 1461
42 1463
42 178879
43 10
43 146
43 147
43 149
43 178880
44 4
44 82
44 84
44 100
44 195
44 4680
44 4682
44 178881
45 9
45 10
45 11
45 13
45 178882
46 67
46 128840
46 128841
46 128843
46 178883
47 67
47 75484
47 75485
47 75487
47 75488
47 178884
48 76
48 413
48 414
48 416
48 178885
49 67
49 605
49 607
49 1199
49 178886
50 76
50 433
50 434
50 436
50 178887
51 10
51 126
51 127
51 129
51 178888
52 99
52 131
52 132
52 133
52 195
52 237
52 178889
53 3
53 20
53 195
53 3696
53 29521
53 178890
54 20
54 195
54 202
54 168724
54 168726
54 178891
55 10
55 109
55 110
55 112
55 178892
56 67
56 72
56 37788
56 73915
56 178894
56 178895
56 178896
57 71
57 76
57 190
57 191
57 178897
seqId 382
1 5
1 20
1 27
1 36
1 82
1 84
1 98
1 100
1 178898
2 5
2 84
2 91
2 93
2 121
2 703
2 707
2 956
2 178899
3 660
3 2305
3 2306
3 2308
3 178900
4 5
4 20
4 99
4 133
4 175
4 176
4 1316
4 67895
5 5
5 20
5 202
5 2294
5 2296
5 178901
6 3
6 5
6 20
6 7393
6 7395
6 178902
7 10
7 378
7 379
7 381
7 178903
8 90
8 443
8 40114
8 42682
8 178904
9 2822
9 2823
9 2824
9 2826
9 178905
10 10
10 146
10 147
10 149
10 722
11 99
11 131
11 132
11 133
11 195
11 236
11 237
12 3
12 4
12 195
12 1784
12 1786
12 178906
13 4
13 195
13 202
13 340
13 42755
13 178599
13 178601
13 178907
14 9
14 10
14 11
14 13
14 178908
15 3
15 4
15 195
15 7178
15 7180
15 178909
16 4
16 195
16 202
16 2075
16 2771
16 178910
17 243
17 244
17 245
17 247
17 102777
18 2822
18 2823
18 2824
18 2826
18 178911
19 10
19 146
19 147
19 149
19 722
20 99
20 131
20 132
20 133
20 195
20 236
20 237
21 3
21 4
21 195
21 340
21 50290
21 50292
21 178912
22 82
22 758
22 759
22 761
22 178913
23 84
23 90
23 91
23 93
23 121
23 195
23 755
23 31128
23 178915
23 178916
24 99
24 115
24 195
24 773
24 775
24 776
24 2192
24 2194
24 178917
25 3
25 20
25 195
25 2723
25 3278
25 178918
26 71
26 76
26 190
26 191
26 178919
seqId 383
1 5
1 20
1 99
1 131
1 132
1 133
1 967
1 178920
2 5
2 20
2 67
2 37445
2 135367
2 171893
2 178921
3 5
3 84
3 90
3 91
3 92
3 93
3 96
3 2574
3 40541
3 178923
4 10
4 283
4 284
4 286
4 178924
5 5
5 20
5 99
5 133
5 175
5 176
5 1316
5 178925
6 3
6 5
6 20
6 20716
6 20718
6 178926
7 5
7 20
7 202
7 21466
7 37170
7 178927
8 82
8 759
8 5284
8 5286
8 178928
9 76
9 342
9 343
9 345
9 178929
10 660
10 1539
10 1622
10 1625
10 102801
11 660
11 3768
11 3769
11 3771
11 178930
12 10
12 146
12 147
12 149
12 178931
13 67
13 605
13 607
13 1199
13 178932
14 27
14 944
14 945
14 1463
14 3308
14 178933
15 10
15 146
15 147
15 149
15 178934
16 67
16 601
16 603
16 1197
16 178935
17 51
17 195
17 2686
17 15391
17 16255
18 76
18 342
18 343
18 345
18 178936
19 99
19 131
19 132
19 133
19 195
19 237
19 178937
20 3
20 20
20 195
20 23221
20 23223
20 178938
21 84
21 91
21 93
21 121
21 195
21 703
21 707
21 1858
21 178939
22 20
22 26
22 90
22 122
22 195
22 340
22 708
22 713
22 98603
22 178941
22 178942
22 178943
23 10
23 283
23 284
23 286
23 178944
24 99
24 133
24 175
24 176
24 195
24 234
24 178945
25 3
25 4
25 195
25 642
25 644
25 178946
26 4
26 195
26 202
26 8631
26 8633
26 8634
26 178947
27 4
27 90
27 122
27 195
27 708
27 713
27 2832
27 2834
27 178948
28 10
28 126
28 127
28 129
28 178949
29 4
29 5
29 99
29 133
29 175
29 176
29 178
29 178950
30 3
30 4
30 5
30 11412
30 14762
30 178951
31 4
31 5
31 202
31 2359
31 8352
31 178952
32 76
32 413
32 414
32 416
32 178953
33 67
33 3213
33 48974
33 115817
33 178955
33 178956
33 178957
34 76
34 342
34 343
34 345
34 178958
35 67
35 4815
35 47596
35 141901
35 141903
35 174023
35 178959
36 76
36 342
36 343
36 345
36 178960
37 67
37 3206
37 47596
37 172438
37 172439
37 172441
37 178961
38 76
38 342
38 343
38 345
38 178962
39 67
39 3206
39 5444
39 54733
39 54734
39 178963
40 76
40 342
40 343
40 345
40 178964
41 67
41 8683
41 63536
41 178966
41 178967
41 178968
42 76
42 342
42 343
42 345
42 178969
43 67
43 37401
43 63469
43 178971
43 178972
43 178973
44 76
44 433
44 434
44 436
44 178974
45 71
45 76
45 190
45 191
45 178975
seqId 384
1 5
1 99
1 115
1 773
1 774
1 775
1 776
1 31621
1 178976
2 3
2 4
2 5
2 1573
2 1575
2 178977
3 4
3 5
3 202
3 327
3 329
3 178978
4 5
4 84
4 90
4 91
4 93
4 121
4 1509
4 16289
4 178979
5 10
5 1539
5 3889
5 3891
5 178980
6 660
6 2136
6 2137
6 2139
6 178981
7 4
7 5
7 82
7 84
7 85
7 175
7 178
7 178982
8 9
8 10
8 11
8 13
8 178983
9 99
9 115
9 195
9 773
9 774
9 775
9 776
9 3400
9 178984
10 4
10 195
10 202
10 3303
10 61242
10 178985
11 3
11 4
11 195
11 340
11 44727
11 44729
11 178986
12 71
12 76
12 190
12 191
12 178987
seqId 385
1 5
1 20
1 82
1 83
1 84
1 115
1 763
1 3948
1 178988
2 82
2 83
2 84
2 115
2 5729
2 5731
2 178989
3 5
3 84
3 90
3 91
3 93
3 121
3 702
3 705
3 178990
4 660
4 2305
4 2306
4 2308
4 178991
5 9
5 10
5 26
5 27
5 1539
5 178992
6 3
6 5
6 20
6 7120
6 7122
6 178993
7 4
7 5
7 99
7 131
7 132
7 133
7 152
7 178994
8 3
8 4
8 5
8 1579
8 1581
8 178995
9 9
9 10
9 11
9 13
9 178996
10 82
10 84
10 114
10 115
10 116
10 1361
10 178997
11 90
11 443
11 768
11 4129
11 178998
12 99
12 131
12 132
12 133
12 195
12 237
12 178999
13 3
13 20
13 195
13 1718
13 1720
13 179000
14 9
14 10
14 24
14 26
14 27
14 179001
15 90
15 443
15 3979
15 36008
15 179002
16 99
16 131
16 132
16 133
16 195
16 237
16 67997
17 3
17 4
17 195
17 7178
17 7180
17 179003
18 4
18 90
18 122
18 195
18 708
18 713
18 7704
18 34968
18 179004
19 10
19 283
19 284
19 286
19 179005
20 4
20 195
20 202
20 1377
20 1379
20 179006
21 99
21 115
21 195
21 773
21 775
21 776
21 2192
21 2194
21 179007
22 3
22 4
22 195
22 6763
22 18041
22 179008
23 76
23 342
23 343
23 345
23 179009
24 10
24 109
24 110
24 112
24 179010
25 90
25 121
25 122
25 11204
25 14950
25 179011
26 99
26 133
26 175
26 176
26 195
26 234
26 179012
27 3
27 20
27 195
27 23221
27 23223
27 179013
28 158
28 159
28 160
28 162
28 179014
29 9
29 10
29 11
29 13
29 163
30 5
30 20
30 99
30 131
30 132
30 133
30 165
30 166
31 3
31 5
31 20
31 3199
31 5132
31 179015
32 76
32 342
32 343
32 345
32 179016
33 158
33 159
33 160
33 162
33 179017
34 9
34 10
34 11
34 13
34 163
35 5
35 20
35 99
35 131
35 132
35 133
35 165
35 166
36 3
36 5
36 20
36 3775
36 3777
36 179018
37 5
37 20
37 202
37 168724
37 168726
37 179019
38 76
38 342
38 343
38 345
38 179020
39 99
39 133
39 175
39 176
39 195
39 234
39 179021
40 3
40 20
40 195
40 2221
40 3410
40 179022
41 9
41 10
41 24
41 26
41 27
41 179023
42 3
42 4
42 5
42 14686
42 14688
42 179024
43 4
43 5
43 202
43 322
43 22672
43 179025
44 76
44 342
44 343
44 345
44 179026
45 4
45 5
45 202
45 254
45 256
45 179027
46 243
46 244
46 245
46 247
46 179028
47 4
47 5
47 202
47 8705
47 130747
47 179029
48 71
48 76
48 190
48 191
48 102920
seqId 386
1 5
1 20
1 27
1 36
1 82
1 84
1 98
1 100
1 179030
2 5
2 84
2 91
2 93
2 121
2 703
2 707
2 956
2 179031
3 660
3 3768
3 3769
3 3771
3 179032
4 4
4 5
4 99
4 133
4 175
4 176
4 178
4 179033
5 3
5 4
5 5
5 33173
5 33763
5 179034
6 4
6 5
6 202
6 1773
6 26635
6 179035
7 82
7 758
7 759
7 761
7 179036
8 5
8 84
8 91
8 93
8 121
8 703
8 707
8 956
8 102929
9 4
9 5
9 90
9 122
9 708
9 713
9 14730
9 179038
9 179039
10 660
10 976
10 977
10 979
10 179040
11 71
11 76
11 190
11 191
11 179041
seqId 387
1 5
1 20
1 98
1 99
1 100
1 8099
1 179042
2 3
2 5
2 20
2 1320
2 1322
2 179043
3 5
3 20
3 202
3 327
3 329
3 179044
4 82
4 84
4 114
4 115
4 116
4 1361
4 179045
5 5
5 84
5 90
5 91
5 92
5 93
5 4766
5 90628
5 179046
6 10
6 283
6 284
6 286
6 179047
7 5
7 20
7 99
7 133
7 175
7 176
7 1316
7 179048
8 3
8 5
8 20
8 19820
8 19822
8 179049
9 5
9 20
9 202
9 2481
9 2483
9 179051
10 10
10 1387
10 1388
10 1390
10 179052
11 99
11 131
11 132
11 133
11 195
11 237
11 179053
12 3
12 4
12 195
12 313
12 6526
12 179054
13 4
13 195
13 202
13 322
13 324
13 179055
14 76
14 342
14 343
14 345
14 139981
15 10
15 109
15 112
15 1539
15 139982
16 3
16 5
16 20
16 1601
16 1603
16 179056
17 5
17 27
17 99
17 131
17 132
17 133
17 135
17 179057
18 3
18 4
18 5
18 30801
18 30803
18 179058
19 76
19 342
19 343
19 345
19 179059
20 4
20 5
20 99
20 131
20 132
20 133
20 152
20 179060
21 3
21 4
21 5
21 36230
21 36232
21 179061
22 76
22 342
22 343
22 345
22 179062
23 99
23 131
23 132
23 133
23 195
23 237
23 179063
24 3
24 4
24 195
24 1395
24 1397
24 102963
25 4
25 195
25 202
25 129092
25 129094
25 179064
26 76
26 342
26 343
26 345
26 179065
27 5
27 99
27 131
27 132
27 133
27 135
27 171
27 179066
28 3
28 4
28 5
28 14686
28 14688
28 179067
29 9
29 10
29 11
29 13
29 179068
30 5
30 99
30 131
30 132
30 133
30 135
30 171
30 179069
31 3
31 5
31 20
31 24023
31 35863
31 179070
32 76
32 342
32 343
32 345
32 179071
33 4
33 5
33 99
33 131
33 132
33 133
33 152
33 140004
34 3
34 4
34 5
34 59102
34 59104
34 179072
35 243
35 244
35 245
35 247
35 102974
36 5
36 20
36 99
36 131
36 132
36 133
36 166
36 179073
37 3
37 5
37 20
37 222
37 224
37 179074
38 76
38 342
38 343
38 345
38 179075
39 944
39 945
39 946
39 948
39 179076
40 99
40 131
40 132
40 133
40 195
40 237
40 179077
41 3
41 20
41 195
41 23221
41 23223
41 68080
42 82
42 758
42 759
42 761
42 179078
43 84
43 90
43 91
43 92
43 93
43 195
43 10330
43 26497
43 44098
43 179080
44 4
44 5
44 99
44 131
44 132
44 133
44 152
44 179081
45 4
45 5
45 202
45 795
45 8936
45 179082
46 3
46 4
46 5
46 642
46 23331
46 179083
47 84
47 90
47 91
47 92
47 93
47 195
47 3433
47 3435
47 26497
47 179085
48 10
48 283
48 284
48 286
48 179086
49 99
49 115
49 195
49 773
49 775
49 776
49 2192
49 2194
49 16462
50 3
50 20
50 195
50 1320
50 3384
50 179087
51 71
51 76
51 190
51 191
51 179088
seqId 388
1 99
1 131
1 132
1 133
1 195
1 1220
1 179089
2 3
2 20
2 195
2 10402
2 10404
2 179090
3 82
3 758
3 759
3 761
3 179091
4 84
4 90
4 91
4 93
4 121
4 195
4 31304
4 45107
4 179092
5 10
5 126
5 127
5 129
5 179093
6 5
6 20
6 99
6 131
6 132
6 133
6 166
6 179094
7 3
7 5
7 20
7 3775
7 3777
7 179095
8 5
8 20
8 202
8 168724
8 168726
8 179096
9 82
9 84
9 114
9 115
9 116
9 1361
9 179097
10 84
10 90
10 91
10 93
10 121
10 195
10 5773
10 5775
10 179098
11 99
11 133
11 175
11 176
11 195
11 234
11 179099
12 3
12 20
12 195
12 10464
12 10466
12 179100
13 9
13 10
13 11
13 13
13 103012
14 5
14 27
14 99
14 131
14 132
14 133
14 135
14 179101
15 3
15 4
15 5
15 30801
15 30803
15 179102
16 76
16 413
16 414
16 416
16 179103
17 36
17 67
17 71
17 18488
17 18489
17 179104
18 67
18 15222
18 15223
18 15225
18 179105
19 76
19 433
19 434
19 436
19 179106
20 76
20 342
20 343
20 345
20 179107
21 158
21 159
21 160
21 162
21 179108
22 9
22 10
22 11
22 13
22 163
23 5
23 20
23 99
23 131
23 132
23 133
23 165
23 166
24 3
24 5
24 20
24 222
24 224
24 179109
25 76
25 413
25 414
25 416
25 179110
26 67
26 71
26 1026
26 18413
26 18414
26 179111
27 67
27 48669
27 175594
27 175595
27 175597
27 179112
28 243
28 244
28 245
28 247
28 179113
29 36
29 67
29 71
29 18488
29 18489
29 179114
30 67
30 75484
30 75485
30 75487
30 75488
30 179115
31 76
31 433
31 434
31 436
31 179116
32 76
32 342
32 343
32 345
32 179117
33 9
33 10
33 11
33 13
33 179118
34 4
34 5
34 99
34 131
34 132
34 133
34 152
34 179119
35 3
35 4
35 5
35 59102
35 59104
35 179120
36 243
36 244
36 245
36 247
36 179121
37 9
37 10
37 11
37 13
37 68125
38 4
38 5
38 99
38 131
38 132
38 133
38 152
38 179122
39 3
39 4
39 5
39 36230
39 36232
39 179123
40 76
40 413
40 414
40 416
40 179124
41 67
41 71
41 407
41 18660
41 18661
41 179125
42 67
42 310
42 57195
42 178147
42 178148
42 179126
43 76
43 433
43 434
43 436
43 179127
44 76
44 1267
44 1268
44 1270
44 179128
seqId 389
1 67
1 70
1 71
1 64117
1 64118
1 179129
2 67
2 310
2 74143
2 178459
2 178460
2 178462
2 179130
3 5
3 84
3 90
3 91
3 93
3 121
3 3686
3 21141
3 179131
4 5
4 20
4 99
4 133
4 175
4 176
4 1316
4 179132
5 3
5 5
5 20
5 1320
5 1322
5 179133
6 5
6 20
6 202
6 623
6 625
6 626
6 179134
7 10
7 1605
7 1606
7 1608
7 179135
8 3
8 4
8 5
8 14686
8 14688
8 103039
9 243
9 244
9 245
9 247
9 179136
10 3
10 4
10 195
10 1395
10 1397
10 179137
11 4
11 195
11 202
11 129092
11 129094
11 179138
12 71
12 76
12 190
12 191
12 179139
seqId 390
1 5
1 27
1 99
1 131
1 132
1 133
1 699
1 179140
2 3
2 4
2 5
2 14686
2 14688
2 179141
3 4
3 5
3 202
3 168118
3 168120
3 179142
4 243
4 244
4 245
4 247
4 179143
5 5
5 27
5 99
5 131
5 132
5 133
5 135
5 179144
6 3
6 4
6 5
6 14686
6 14688
6 179145
7 4
7 5
7 202
7 140235
7 144993
7 179146
8 27
8 82
8 84
8 114
8 115
8 116
8 118
8 179147
9 84
9 90
9 91
9 93
9 120
9 121
9 195
9 45001
9 179148
10 10
10 126
10 127
10 129
10 179149
11 99
11 133
11 175
11 176
11 195
11 234
11 179150
12 3
12 4
12 195
12 2773
12 2775
12 179151
13 660
13 2669
13 2670
13 2672
13 179152
14 4
14 195
14 202
14 340
14 129783
14 129785
14 179153
15 243
15 244
15 245
15 247
15 179154
16 82
16 758
16 759
16 761
16 179155
17 84
17 90
17 91
17 93
17 121
17 195
17 755
17 35334
17 35336
17 179157
18 4
18 5
18 99
18 133
18 175
18 176
18 178
18 179158
19 3
19 4
19 5
19 4900
19 4902
19 179159
20 4
20 5
20 202
20 18773
20 18775
20 179160
21 4
21 5
21 202
21 1601
21 18277
21 179161
22 10
22 146
22 147
22 149
22 179162
23 4
23 5
23 99
23 131
23 132
23 133
23 152
23 179163
24 3
24 4
24 5
24 94879
24 102614
24 175042
24 179164
25 76
25 342
25 343
25 345
25 179165
26 4
26 5
26 82
26 759
26 1432
26 1434
26 179166
27 5
27 84
27 90
27 91
27 93
27 121
27 1509
27 16289
27 179167
28 5
28 20
28 99
28 133
28 175
28 176
28 1316
28 179168
29 3
29 5
29 20
29 3118
29 3120
29 179169
30 5
30 20
30 202
30 3303
30 36191
30 179170
31 9
31 10
31 11
31 13
31 179171
32 5
32 27
32 99
32 131
32 132
32 133
32 135
32 179172
33 3
33 4
33 5
33 642
33 23331
33 179173
34 76
34 342
34 343
34 345
34 179174
35 717
35 718
35 719
35 721
35 179175
36 10
36 146
36 147
36 149
36 722
37 5
37 20
37 99
37 131
37 132
37 133
37 165
37 166
38 5
38 20
38 202
38 2310
38 2313
38 179176
39 3
39 5
39 20
39 7837
39 7839
39 179177
40 944
40 945
40 946
40 948
40 179178
41 4
41 5
41 99
41 131
41 132
41 133
41 152
41 179179
42 3
42 4
42 5
42 25624
42 25626
42 179180
43 230
43 231
43 232
43 234
43 179181
44 9
44 10
44 11
44 13
44 163
45 99
45 131
45 132
45 133
45 195
45 236
45 237
46 3
46 4
46 195
46 18201
46 60610
46 179182
47 230
47 231
47 232
47 234
47 179183
48 9
48 10
48 11
48 13
48 163
49 99
49 131
49 132
49 133
49 195
49 236
49 237
50 3
50 4
50 195
50 2773
50 2775
50 179184
51 76
51 413
51 414
51 416
51 179185
52 3
52 5
52 20
52 74962
52 179187
52 179188
53 76
53 342
53 343
53 345
53 179189
54 3
54 5
54 20
54 22424
54 179191
54 179192
55 76
55 342
55 343
55 345
55 179193
56 3
56 5
56 20
56 34785
56 36313
56 179194
57 76
57 342
57 343
57 345
57 179195
58 3
58 5
58 20
58 175288
58 179197
58 179198
59 5
59 20
59 202
59 175277
59 175279
59 179199
60 76
60 342
60 343
60 345
60 179200
61 3
61 5
61 20
61 179202
61 179203
61 179204
62 76
62 25774
62 25775
62 25777
62 179205
63 76
63 433
63 434
63 436
63 179206
64 71
64 76
64 190
64 191
64 179207
seqId 391
1 5
1 27
1 99
1 131
1 132
1 133
1 699
1 179208
2 5
2 20
2 82
2 84
2 85
2 175
2 1316
2 179209
3 230
3 231
3 232
3 234
3 179210
4 9
4 10
4 11
4 13
4 163
5 99
5 131
5 132
5 133
5 195
5 236
5 237
6 3
6 20
6 195
6 3118
6 10103
6 179211
7 20
7 195
7 202
7 3303
7 10106
7 179212
8 9
8 10
8 11
8 13
8 179213
9 5
9 27
9 99
9 131
9 132
9 133
9 135
9 179214
10 3
10 4
10 5
10 897
10 899
10 179215
11 9
11 10
11 11
11 13
11 179216
12 5
12 27
12 99
12 131
12 132
12 133
12 135
12 179217
13 3
13 4
13 5
13 642
13 23331
13 179218
14 5
14 84
14 91
14 92
14 93
14 703
14 707
14 16563
14 179219
15 9
15 10
15 11
15 13
15 179220
16 90
16 443
16 1587
16 124327
16 179222
16 179223
17 4
17 5
17 98
17 99
17 100
17 1927
17 179224
18 3
18 4
18 5
18 3846
18 29979
18 179225
19 9
19 10
19 24
19 26
19 27
19 179226
20 4
20 5
20 99
20 133
20 175
20 176
20 178
20 179227
21 3
21 4
21 5
21 5469
21 5471
21 179228
22 10
22 828
22 829
22 831
22 179229
23 5
23 20
23 99
23 133
23 175
23 176
23 1316
23 179230
24 3
24 5
24 20
24 1320
24 1322
24 16607
25 9
25 10
25 24
25 26
25 27
25 179231
26 3
26 4
26 5
26 18168
26 18422
26 179232
27 9
27 10
27 11
27 13
27 179233
28 3
28 4
28 195
28 2773
28 2775
28 179234
29 76
29 342
29 343
29 345
29 179235
30 9
30 10
30 11
30 13
30 179236
31 5
31 27
31 99
31 131
31 132
31 133
31 135
31 179237
32 5
32 82
32 84
32 85
32 2294
32 2296
32 179238
33 10
33 828
33 829
33 831
33 179239
34 4
34 5
34 99
34 131
34 132
34 133
34 152
34 179240
35 3
35 4
35 5
35 4228
35 13593
35 179241
36 9
36 10
36 24
36 26
36 27
36 179242
37 3
37 20
37 195
37 21035
37 21037
37 179243
38 9
38 10
38 11
38 13
38 179244
39 3
39 4
39 195
39 1931
39 9939
39 179245
40 71
40 76
40 190
40 191
40 179246
seqId 392
1 10
1 283
1 3640
1 3642
1 179247
2 5
2 20
2 99
2 131
2 132
2 133
2 166
2 179248
3 3
3 5
3 20
3 389
3 391
3 179249
4 158
4 159
4 160
4 162
4 179250
5 9
5 10
5 11
5 13
5 163
6 5
6 20
6 99
6 131
6 132
6 133
6 165
6 166
7 5
7 20
7 202
7 566
7 568
7 179251
8 3
8 5
8 20
8 384
8 386
8 179252
9 76
9 342
9 343
9 345
9 179253
10 5
10 20
10 81
10 82
10 83
10 84
10 85
10 87
10 179254
11 5
11 84
11 90
11 91
11 93
11 121
11 16502
11 24576
11 179255
12 13
12 99
12 133
12 175
12 176
12 195
12 68260
13 4
13 195
13 202
13 1888
13 3548
13 179256
14 3
14 4
14 195
14 18168
14 18170
14 179257
15 243
15 244
15 245
15 247
15 179258
16 1458
16 2717
16 4052
16 4054
16 179259
17 244
17 418
17 419
17 421
17 179260
18 3
18 4
18 5
18 25222
18 25224
18 179261
19 9
19 10
19 11
19 13
19 179262
20 3
20 4
20 195
20 2773
20 2775
20 179263
21 75
21 76
21 77
21 79
21 16641
22 10
22 378
22 379
22 381
22 179264
23 5
23 27
23 99
23 131
23 132
23 133
23 135
23 179265
24 3
24 5
24 20
24 179202
24 179204
24 179266
25 76
25 342
25 343
25 345
25 179267
26 99
26 131
26 132
26 133
26 195
26 237
26 179268
27 67
27 195
27 340
27 14727
27 50443
27 179270
27 179271
28 72
28 509
28 3213
28 115114
28 152998
28 179273
28 179274
28 179275
29 9
29 10
29 11
29 13
29 179276
30 67
30 340
30 61071
30 152999
30 179278
30 179279
30 179280
31 76
31 342
31 343
31 345
31 179281
32 5
32 20
32 99
32 133
32 175
32 176
32 1316
32 179282
33 3
33 5
33 20
33 43423
33 147271
33 179283
34 9
34 10
34 11
34 13
34 179284
35 4
35 5
35 99
35 131
35 132
35 133
35 152
35 179285
36 3
36 4
36 5
36 141522
36 141524
36 179286
37 9
37 10
37 24
37 26
37 27
37 179287
38 67
38 179289
38 179290
38 179291
38 179292
39 67
39 134503
39 179294
39 179295
39 179296
39 179297
40 717
40 718
40 719
40 721
40 140243
41 10
41 146
41 147
41 149
41 722
42 5
42 20
42 99
42 131
42 132
42 133
42 165
42 166
43 5
43 20
43 67
43 177325
43 177327
43 179298
44 10
44 109
44 110
44 112
44 179299
45 51
45 195
45 14053
45 72422
45 177330
45 179300
46 76
46 413
46 414
46 416
46 179301
47 67
47 136357
47 136358
47 136360
47 179302
48 67
48 967
48 158385
48 174286
48 174287
48 174289
48 179303
49 76
49 433
49 434
49 436
49 179304
50 76
50 1267
50 1268
50 1270
50 179305
seqId 393
1 10
1 378
1 379
1 381
1 179306
2 5
2 27
2 99
2 131
2 132
2 133
2 135
2 179307
3 3
3 5
3 20
3 34785
3 36313
3 179308
4 76
4 342
4 343
4 345
4 179309
5 4
5 5
5 99
5 131
5 132
5 133
5 152
5 179310
6 3
6 4
6 5
6 52141
6 52143
6 179311
7 4
7 5
7 202
7 39745
7 39747
7 179312
8 9
8 10
8 24
8 26
8 27
8 179313
9 4
9 5
9 99
9 133
9 175
9 176
9 178
9 140263
10 3
10 4
10 5
10 11834
10 18383
10 179314
11 4
11 5
11 202
11 1104
11 18684
11 80665
11 175423
11 175425
11 179315
12 76
12 342
12 343
12 345
12 179316
13 5
13 20
13 99
13 131
13 132
13 133
13 166
13 179317
14 5
14 20
14 67
14 3812
14 93949
14 114603
14 141543
14 179319
14 179320
15 72
15 509
15 82641
15 99714
15 163945
15 179322
15 179323
15 179324
16 9
16 10
16 26
16 169
16 171
16 179325
17 509
17 99714
17 179327
17 179328
17 179329
18 509
18 595
18 105465
18 179331
18 179332
18 179333
19 67
19 75863
19 132812
19 179335
19 179336
19 179337
20 76
20 342
20 343
20 345
20 179338
21 82
21 758
21 759
21 761
21 179339
22 5
22 84
22 90
22 91
22 93
22 121
22 4379
22 9977
22 179340
23 10
23 126
23 127
23 129
23 179341
24 99
24 131
24 132
24 133
24 195
24 237
24 179342
25 3
25 20
25 195
25 724
25 101272
25 179343
26 158
26 159
26 160
26 162
26 179344
27 9
27 10
27 11
27 13
27 163
28 5
28 20
28 99
28 131
28 132
28 133
28 165
28 166
29 5
29 20
29 202
29 15065
29 176549
29 176551
29 179345
30 3
30 5
30 20
30 16951
30 16953
30 179346
31 10
31 109
31 110
31 112
31 179347
32 67
32 175400
32 175401
32 175403
32 179348
33 243
33 244
33 245
33 247
33 179349
34 67
34 175299
34 175300
34 175302
34 179350
35 76
35 413
35 414
35 416
35 179351
36 67
36 11514
36 11515
36 11517
36 179352
37 67
37 2423
37 5422
37 106062
37 177656
37 177657
37 179353
38 76
38 433
38 434
38 436
38 179354
39 76
39 1267
39 1268
39 1270
39 179355
seqId 394
1 10
1 378
1 379
1 381
1 179356
2 5
2 20
2 99
2 131
2 132
2 133
2 166
2 179357
3 3
3 5
3 20
3 74962
3 179188
3 179358
4 76
4 342
4 343
4 345
4 179359
5 5
5 20
5 99
5 131
5 132
5 133
5 166
5 179360
6 5
6 20
6 67
6 873
6 49315
6 175824
6 179362
6 179363
7 76
7 342
7 343
7 345
7 179364
8 5
8 27
8 99
8 131
8 132
8 133
8 135
8 179365
9 3
9 4
9 5
9 18160
9 18162
9 179366
10 4
10 5
10 202
10 96170
10 179368
10 179369
11 9
11 10
11 24
11 26
11 27
11 179370
12 67
12 84561
12 152173
12 179372
12 179373
12 179374
12 179375
13 76
13 342
13 343
13 345
13 179376
14 4
14 5
14 90
14 122
14 708
14 713
14 7643
14 162020
14 179377
15 10
15 109
15 110
15 112
15 179378
16 3
16 5
16 20
16 34785
16 36313
16 179379
17 244
17 1249
17 1250
17 1252
17 179380
18 82
18 758
18 759
18 761
18 179381
19 5
19 84
19 91
19 93
19 121
19 702
19 703
19 705
19 179382
20 5
20 20
20 90
20 122
20 708
20 769
20 11691
20 46225
20 179383
21 4
21 5
21 99
21 133
21 175
21 176
21 178
21 179384
22 3
22 4
22 5
22 50290
22 50292
22 179385
23 4
23 5
23 202
23 179387
23 179388
23 179389
24 10
24 109
24 110
24 112
24 179390
25 67
25 147612
25 168135
25 177253
25 179391
26 10
26 109
26 110
26 112
26 179392
27 3
27 5
27 20
27 179202
27 179204
27 179393
28 243
28 244
28 245
28 247
28 179394
29 10
29 109
29 110
29 112
29 179395
30 3
30 5
30 20
30 74962
30 179188
30 179396
31 76
31 1267
31 1268
31 1270
31 140309
32 10
32 378
32 379
32 381
32 179397
33 5
33 20
33 99
33 131
33 132
33 133
33 166
33 179398
34 3
34 5
34 20
34 1718
34 48150
34 179399
35 3
35 5
35 20
35 13322
35 13324
35 179400
36 76
36 342
36 343
36 345
36 179401
37 5
37 20
37 99
37 131
37 132
37 133
37 166
37 179402
38 3
38 5
38 20
38 79926
38 179404
38 179405
39 9
39 10
39 11
39 13
39 179406
40 67
40 51488
40 69760
40 69761
40 179407
41 67
41 4399
41 6078
41 61056
41 105664
41 179409
41 179410
41 179411
42 76
42 342
42 343
42 345
42 179412
43 3
43 5
43 20
43 49177
43 179414
43 179415
44 5
44 20
44 202
44 179417
44 179418
44 179419
45 9
45 10
45 11
45 13
45 179420
46 4
46 5
46 99
46 131
46 132
46 133
46 152
46 16742
47 3
47 4
47 5
47 38988
47 38990
47 179421
48 9
48 10
48 11
48 13
48 179422
49 67
49 159776
49 159777
49 159779
49 179423
50 76
50 413
50 414
50 416
50 179424
51 51
51 195
51 11455
51 57382
51 92954
51 179426
51 179427
51 179428
52 76
52 433
52 434
52 436
52 179429
53 71
53 76
53 190
53 191
53 179430
seqId 395
1 67
1 15222
1 15223
1 15225
1 179431
2 67
2 11542
2 49432
2 178449
2 178450
2 178452
2 179432
3 5
3 84
3 90
3 91
3 93
3 121
3 16502
3 24576
3 179433
4 76
4 342
4 343
4 345
4 179434
5 10
5 283
5 284
5 286
5 179435
6 5
6 20
6 99
6 131
6 132
6 133
6 166
6 179436
7 3
7 5
7 20
7 4345
7 4347
7 179437
8 9
8 10
8 11
8 13
8 140338
9 5
9 99
9 115
9 773
9 774
9 775
9 776
9 778
9 179438
10 3
10 5
10 20
10 1320
10 1322
10 179439
11 10
11 126
11 127
11 129
11 179440
12 67
12 72
12 41046
12 179442
12 179443
12 179444
12 179445
13 67
13 50542
13 179447
13 179448
13 179449
13 179450
14 76
14 413
14 414
14 416
14 179451
15 90
15 443
15 25415
15 33649
15 179452
16 660
16 2347
16 2348
16 2350
16 179453
17 5
17 20
17 202
17 65089
17 65091
17 179454
18 76
18 433
18 434
18 436
18 179455
19 9
19 10
19 11
19 13
19 179456
20 90
20 443
20 1345
20 9933
20 179457
21 10
21 146
21 147
21 149
21 16771
22 3
22 4
22 5
22 1350
22 1352
22 179458
23 158
23 159
23 160
23 162
23 179459
24 9
24 10
24 11
24 13
24 163
25 5
25 20
25 99
25 131
25 132
25 133
25 165
25 166
26 3
26 5
26 20
26 5627
26 5629
26 179460
27 76
27 342
27 343
27 345
27 179461
28 10
28 34760
28 34761
28 34763
28 179462
29 4
29 5
29 99
29 133
29 175
29 176
29 178
29 179463
30 3
30 4
30 5
30 92205
30 92207
30 179464
31 4
31 5
31 90
31 122
31 708
31 713
31 1104
31 102617
31 102619
31 179466
32 76
32 342
32 343
32 345
32 179467
33 4
33 5
33 99
33 131
33 132
33 133
33 152
33 179468
34 76
34 137
34 138
34 140
34 179469
35 3
35 4
35 5
35 19388
35 20837
35 179470
36 158
36 159
36 160
36 162
36 179471
37 9
37 10
37 11
37 13
37 163
38 5
38 20
38 99
38 131
38 132
38 133
38 165
38 166
39 5
39 20
39 67
39 1728
39 26224
39 52779
39 179473
39 179474
40 76
40 185
40 186
40 188
40 179475
41 76
41 342
41 343
41 345
41 179476
42 5
42 20
42 99
42 133
42 175
42 176
42 1316
42 179477
43 3
43 5
43 20
43 3394
43 3396
43 179478
44 9
44 10
44 11
44 13
44 179479
45 3
45 20
45 195
45 32869
45 92004
45 179480
46 20
46 90
46 122
46 195
46 708
46 713
46 28320
46 179482
46 179483
47 717
47 718
47 719
47 721
47 179484
48 10
48 146
48 147
48 149
48 722
49 5
49 20
49 99
49 131
49 132
49 133
49 165
49 166
50 3
50 5
50 20
50 56527
50 56529
50 179485
51 230
51 231
51 232
51 234
51 179486
52 9
52 10
52 11
52 13
52 163
53 99
53 131
53 132
53 133
53 195
53 236
53 237
54 3
54 20
54 195
54 340
54 179488
54 179489
54 179490
55 9
55 10
55 11
55 13
55 179491
56 4
56 5
56 99
56 131
56 132
56 133
56 152
56 179492
57 4
57 5
57 67
57 407
57 69919
57 179494
57 179495
58 243
58 244
58 245
58 247
58 179496
59 82
59 758
59 759
59 761
59 179497
60 84
60 90
60 91
60 93
60 121
60 195
60 5326
60 5328
60 179498
61 9
61 10
61 24
61 26
61 27
61 179499
62 4
62 5
62 99
62 133
62 175
62 176
62 178
62 179500
63 3
63 4
63 5
63 5859
63 24599
63 179501
64 9
64 10
64 11
64 13
64 179502
65 5
65 27
65 99
65 131
65 132
65 133
65 135
65 179503
66 3
66 4
66 5
66 14686
66 14688
66 179504
67 4
67 5
67 202
67 1341
67 34327
67 179505
68 10
68 146
68 147
68 149
68 179506
69 4
69 5
69 99
69 131
69 132
69 133
69 152
69 179507
70 3
70 4
70 5
70 4447
70 4449
70 179508
71 158
71 159
71 160
71 162
71 179509
72 9
72 10
72 11
72 13
72 163
73 5
73 20
73 99
73 131
73 132
73 133
73 165
73 166
74 5
74 20
74 202
74 15065
74 131938
74 131940
74 179510
75 3
75 5
75 20
75 16951
75 16953
75 179511
76 71
76 76
76 190
76 191
76 179512
seqId 396
1 67
1 1139
1 1140
1 1142
1 179513
2 67
2 11613
2 50699
2 179515
2 179516
2 179517
3 5
3 84
3 91
3 93
3 121
3 703
3 707
3 956
3 179518
4 5
4 20
4 90
4 122
4 708
4 713
4 9250
4 25965
4 179519
5 10
5 283
5 284
5 286
5 179520
6 5
6 27
6 99
6 131
6 132
6 133
6 135
6 179521
7 3
7 4
7 5
7 18168
7 18422
7 179522
8 230
8 231
8 232
8 234
8 179523
9 9
9 10
9 11
9 13
9 163
10 99
10 131
10 132
10 133
10 195
10 236
10 237
11 3
11 4
11 195
11 340
11 162083
11 162085
11 162086
11 179525
12 4
12 195
12 202
12 3199
12 4859
12 179526
13 158
13 159
13 160
13 162
13 179527
14 9
14 10
14 11
14 13
14 163
15 5
15 20
15 99
15 131
15 132
15 133
15 165
15 166
16 3
16 5
16 20
16 3244
16 7638
16 179528
17 67
17 49510
17 179530
17 179531
17 179532
17 179533
17 179534
18 10
18 279
18 11672
18 11673
18 140416
19 4
19 5
19 99
19 131
19 132
19 133
19 152
19 179535
20 3
20 4
20 5
20 7319
20 123823
20 179536
21 4
21 5
21 202
21 74213
21 156805
21 179538
21 179539
21 179540
22 243
22 244
22 245
22 247
22 179541
23 5
23 20
23 99
23 131
23 132
23 133
23 166
23 179542
24 5
24 20
24 67
24 179544
24 179545
24 179546
24 179547
25 71
25 76
25 190
25 191
25 179548
seqId 397
1 67
1 15222
1 15223
1 15225
1 179549
2 67
2 1886
2 39484
2 178397
2 178398
2 179550
3 5
3 84
3 91
3 93
3 121
3 703
3 707
3 956
3 179551
4 5
4 20
4 90
4 122
4 708
4 713
4 4288
4 4290
4 140432
5 10
5 283
5 284
5 286
5 179552
6 5
6 20
6 99
6 133
6 175
6 176
6 1316
6 179553
7 3
7 5
7 20
7 429
7 431
7 179554
8 5
8 20
8 202
8 3386
8 10488
8 179555
9 9
9 10
9 24
9 26
9 27
9 179556
10 3
10 4
10 5
10 18168
10 18422
10 179557
11 9
11 10
11 11
11 13
11 16865
12 3
12 4
12 195
12 2773
12 2775
12 179558
13 10
13 126
13 127
13 129
13 179559
14 5
14 27
14 99
14 131
14 132
14 133
14 135
14 179560
15 3
15 4
15 5
15 14686
15 14688
15 140446
16 4
16 5
16 202
16 254
16 256
16 179561
17 230
17 231
17 232
17 234
17 179562
18 9
18 10
18 11
18 13
18 163
19 99
19 131
19 132
19 133
19 195
19 236
19 237
20 3
20 20
20 195
20 128685
20 128687
20 179563
21 10
21 109
21 110
21 112
21 179564
22 67
22 5959
22 5960
22 5962
22 179565
23 10
23 146
23 147
23 149
23 179566
24 5
24 27
24 99
24 131
24 132
24 133
24 135
24 179567
25 3
25 4
25 5
25 3576
25 3578
25 179568
26 4
26 5
26 202
26 140235
26 144993
26 179569
27 76
27 342
27 343
27 345
27 179570
28 243
28 244
28 245
28 247
28 179571
29 67
29 71
29 407
29 18660
29 18661
29 179572
30 67
30 967
30 158385
30 174286
30 174287
30 174289
30 179573
31 10
31 283
31 284
31 286
31 179574
32 5
32 20
32 99
32 133
32 175
32 176
32 1316
32 179575
33 3
33 5
33 20
33 18724
33 57800
33 179576
34 9
34 10
34 11
34 13
34 179577
35 3
35 20
35 195
35 7626
35 7628
35 179578
36 76
36 342
36 343
36 345
36 179579
37 99
37 131
37 132
37 133
37 195
37 1220
37 179580
38 67
38 195
38 340
38 82641
38 179582
38 179583
38 179584
39 10
39 828
39 829
39 831
39 179585
40 20
40 72
40 82
40 84
40 115
40 116
40 195
40 1262
40 11772
40 171670
40 171672
40 179586
41 76
41 342
41 343
41 345
41 179587
42 82
42 758
42 759
42 761
42 179588
43 5
43 84
43 91
43 93
43 121
43 702
43 703
43 705
43 68520
44 5
44 20
44 90
44 122
44 708
44 769
44 3777
44 4766
44 179589
45 5
45 27
45 99
45 131
45 132
45 133
45 135
45 179590
46 3
46 5
46 20
46 10801
46 10803
46 179591
47 9
47 10
47 24
47 26
47 27
47 179592
48 5
48 20
48 99
48 133
48 175
48 176
48 1316
48 179593
49 3
49 5
49 20
49 384
49 386
49 179594
50 9
50 10
50 24
50 26
50 27
50 103401
51 3
51 4
51 5
51 18168
51 18422
51 179595
52 10
52 1387
52 1388
52 1390
52 179596
53 99
53 131
53 132
53 133
53 195
53 237
53 179597
54 3
54 4
54 72
54 195
54 340
54 873
54 8740
54 110076
54 157192
54 179599
54 179600
55 71
55 76
55 190
55 191
55 179601
seqId 398
1 67
1 128840
1 128841
1 128843
1 179602
2 67
2 75484
2 75485
2 75487
2 75488
2 179603
3 5
3 84
3 90
3 91
3 92
3 93
3 5094
3 30223
3 179604
4 4
4 5
4 99
4 115
4 773
4 774
4 775
4 776
4 3330
4 179605
5 3
5 4
5 5
5 5256
5 5258
5 179606
6 717
6 718
6 719
6 721
6 179607
7 10
7 146
7 147
7 149
7 722
8 5
8 20
8 99
8 131
8 132
8 133
8 165
8 166
9 3
9 5
9 20
9 429
9 431
9 179608
10 67
10 6746
10 31833
10 111213
10 179610
10 179611
10 179612
11 76
11 413
11 414
11 416
11 179613
12 3
12 4
12 5
12 524
12 18168
12 94410
12 179614
13 4
13 5
13 202
13 2947
13 5864
13 179615
14 76
14 342
14 343
14 345
14 16954
15 3
15 4
15 5
15 39562
15 49315
15 78111
15 179617
15 179618
16 243
16 244
16 245
16 247
16 179619
17 3
17 4
17 5
17 36
17 8917
17 9578
17 104481
17 179621
18 9
18 10
18 11
18 13
18 179622
19 5
19 27
19 99
19 131
19 132
19 133
19 135
19 179623
20 3
20 4
20 5
20 18160
20 179625
20 179626
21 76
21 433
21 434
21 436
21 179627
22 71
22 76
22 190
22 191
22 179628
seqId 399
1 660
1 5049
1 7881
1 7883
1 179629
2 76
2 342
2 343
2 345
2 179630
3 4
3 5
3 99
3 133
3 175
3 176
3 178
3 179631
4 3
4 4
4 5
4 11412
4 14762
4 179632
5 9
5 10
5 11
5 13
5 179633
6 3
6 4
6 195
6 1742
6 13218
6 179634
7 9
7 10
7 11
7 13
7 179635
8 51
8 195
8 3074
8 57913
8 179637
8 179638
9 3
9 20
9 195
9 1905
9 36638
9 179639
10 243
10 244
10 245
10 247
10 179640
11 3
11 4
11 195
11 28222
11 63179
11 179641
12 9
12 10
12 11
12 13
12 179642
13 5
13 27
13 99
13 131
13 132
13 133
13 135
13 179643
14 3
14 4
14 5
14 103435
14 142258
14 179645
14 179646
14 179647
15 230
15 231
15 232
15 234
15 179648
16 9
16 10
16 11
16 13
16 163
17 99
17 131
17 132
17 133
17 195
17 236
17 237
18 3
18 20
18 195
18 174622
18 174624
18 179649
19 9
19 10
19 11
19 13
19 179650
20 67
20 3042
20 3043
20 3045
20 179651
21 9
21 10
21 11
21 13
21 179652
22 51
22 195
22 77617
22 77619
22 179653
23 10
23 146
23 147
23 149
23 179654
24 51
24 195
24 168204
24 168206
24 179655
25 5
25 84
25 91
25 93
25 121
25 703
25 707
25 956
25 179656
26 10
26 109
26 110
26 112
26 179657
27 3
27 5
27 20
27 389
27 391
27 179658
28 9
28 10
28 11
28 13
28 140569
29 3
29 4
29 5
29 6070
29 6072
29 179659
30 10
30 828
30 829
30 831
30 179660
31 99
31 131
31 132
31 133
31 195
31 237
31 179661
32 3
32 20
32 195
32 37741
32 37743
32 179662
33 9
33 10
33 11
33 13
33 179663
34 67
34 71
34 407
34 18660
34 18661
34 179664
35 67
35 407
35 174800
35 174801
35 174803
35 179665
36 71
36 76
36 190
36 191
36 103470
seqId 400
1 10
1 1387
1 5431
1 5433
1 179666
2 5
2 27
2 99
2 131
2 132
2 133
2 135
2 179667
3 3
3 4
3 5
3 44916
3 44918
3 179668
4 9
4 10
4 24
4 26
4 27
4 179669
5 3
5 20
5 195
5 7149
5 7151
5 179670
6 9
6 10
6 11
6 13
6 179671
7 3
7 5
7 20
7 4925
7 4927
7 179672
8 9
8 10
8 11
8 13
8 179673
9 67
9 601
9 603
9 1197
9 179674
10 51
10 195
10 2686
10 15391
10 179675
11 76
11 342
11 343
11 345
11 179676
12 67
12 71
12 407
12 18660
12 18661
12 179677
13 67
13 407
13 174800
13 174801
13 174803
13 179678
14 5
14 84
14 91
14 93
14 121
14 702
14 703
14 705
14 179679
15 5
15 20
15 90
15 122
15 708
15 769
15 17308
15 105754
15 179680
16 10
16 283
16 284
16 286
16 179681
17 4
17 5
17 99
17 133
17 175
17 176
17 178
17 179682
18 3
18 4
18 5
18 11412
18 14762
18 179683
19 9
19 10
19 11
19 13
19 179684
20 3
20 4
20 195
20 1742
20 13218
20 179685
21 99
21 131
21 132
21 133
21 195
21 237
21 179686
22 3
22 20
22 195
22 76052
22 110063
22 179687
23 230
23 231
23 232
23 234
23 179688
24 9
24 10
24 11
24 13
24 163
25 99
25 131
25 132
25 133
25 195
25 236
25 237
26 3
26 20
26 195
26 174622
26 174624
26 179689
27 9
27 10
27 11
27 13
27 179690
28 67
28 55991
28 55993
28 57226
28 179691
29 67
29 179693
29 179694
29 179695
29 179696
30 10
30 146
30 147
30 149
30 179697
31 67
31 15205
31 15206
31 15208
31 179698
32 51
32 195
32 179700
32 179701
32 179702
33 76
33 342
33 343
33 345
33 179703
34 20
34 90
34 122
34 195
34 708
34 713
34 9303
34 9305
34 179704
35 10
35 378
35 379
35 381
35 179705
36 4
36 5
36 99
36 131
36 132
36 133
36 152
36 179706
37 3
37 4
37 5
37 6776
37 6778
37 179707
38 2822
38 2823
38 2824
38 2826
38 179708
39 10
39 146
39 147
39 149
39 722
40 99
40 131
40 132
40 133
40 195
40 236
40 237
41 5
41 20
41 202
41 15065
41 75509
41 75511
41 179709
42 243
42 244
42 245
42 247
42 179710
43 5
43 20
43 202
43 15065
43 17061
43 49335
43 49337
44 3
44 5
44 20
44 16951
44 16953
44 179711
45 244
45 1249
45 1250
45 1252
45 179712
46 82
46 758
46 759
46 761
46 179713
47 27
47 660
47 661
47 910
47 912
47 179714
48 84
48 91
48 93
48 121
48 195
48 702
48 703
48 1062
48 179715
49 660
49 661
49 179717
49 179718
49 179719
50 5
50 20
50 122
50 703
50 707
50 708
50 710
50 179720
51 20
51 90
51 122
51 195
51 340
51 708
51 713
51 11204
51 70367
51 179721
52 76
52 342
52 343
52 345
52 140631
53 244
53 517
53 10253
53 10254
53 179722
54 20
54 90
54 122
54 195
54 340
54 708
54 713
54 95900
54 103521
54 160659
55 479
55 660
55 179725
55 179726
55 179727
55 179728
56 71
56 76
56 190
56 191
56 179729
seqId 401
1 67
1 71
1 407
1 18660
1 18661
1 179730
2 67
2 407
2 174800
2 174801
2 174803
2 179731
3 5
3 84
3 90
3 91
3 93
3 121
3 95900
3 179733
3 179734
4 660
4 26477
4 26478
4 26480
4 179735
5 98
5 99
5 100
5 195
5 2073
5 179736
6 3
6 4
6 195
6 1742
6 13218
6 179737
7 10
7 378
7 379
7 381
7 179738
8 5
8 99
8 115
8 773
8 774
8 775
8 776
8 778
8 140652
9 5
9 67
9 5933
9 32572
9 32575
9 179739
10 244
10 8978
10 8979
10 8981
10 179740
11 4
11 82
11 83
11 84
11 115
11 195
11 1824
11 3621
11 179741
12 84
12 89
12 90
12 91
12 93
12 121
12 195
12 755
12 179743
12 179744
13 10
13 126
13 127
13 129
13 103546
14 4
14 5
14 99
14 131
14 132
14 133
14 152
14 179745
15 3
15 4
15 5
15 50290
15 50292
15 179746
16 9
16 10
16 11
16 13
16 179747
17 4
17 5
17 99
17 131
17 132
17 133
17 152
17 179748
18 3
18 4
18 5
18 17016
18 18984
18 179749
19 76
19 342
19 343
19 345
19 179750
20 244
20 1249
20 1250
20 1252
20 103550
21 4
21 82
21 83
21 84
21 115
21 195
21 1824
21 3621
21 179751
22 84
22 91
22 92
22 93
22 195
22 703
22 707
22 12595
22 179752
23 660
23 179754
23 179755
23 179756
23 179757
24 4
24 195
24 202
24 9785
24 9787
24 179758
25 10
25 109
25 110
25 112
25 179759
26 3
26 4
26 5
26 3239
26 3241
26 179760
27 76
27 413
27 414
27 416
27 179761
28 20
28 85
28 99
28 195
28 1589
28 2970
28 179762
29 3
29 20
29 195
29 76052
29 110063
29 179763
30 5
30 20
30 82
30 83
30 84
30 115
30 166
30 763
30 179764
31 84
31 91
31 93
31 121
31 195
31 703
31 707
31 1858
31 179765
32 660
32 1305
32 1306
32 1308
32 179766
33 10
33 126
33 127
33 129
33 179767
34 71
34 72
34 72
34 509
34 5178
34 6985
34 9768
34 9774
34 9774
34 9775
34 9777
34 9809
34 27177
34 96147
34 164074
34 164079
34 174843
34 179769
34 179770
34 179771
34 179772
34 179773
34 179774
34 179775
seqId 402
1 67
1 174157
1 174159
1 174797
1 179776
2 67
2 407
2 174800
2 174801
2 174803
2 179777
3 5
3 84
3 90
3 91
3 93
3 121
3 5094
3 43394
3 179778
4 10
4 828
4 831
4 1539
4 179779
5 660
5 2210
5 2211
5 2213
5 179780
6 5
6 85
6 99
6 10078
6 10080
6 179781
7 3
7 4
7 5
7 729
7 4454
7 179782
8 76
8 342
8 343
8 345
8 179783
9 10
9 146
9 147
9 149
9 179784
10 5
10 27
10 99
10 131
10 132
10 133
10 135
10 179785
11 3
11 4
11 5
11 7295
11 7297
11 179786
12 230
12 231
12 232
12 234
12 179787
13 9
13 10
13 11
13 13
13 163
14 99
14 131
14 132
14 133
14 195
14 236
14 237
15 3
15 20
15 195
15 389
15 391
15 179788
16 9
16 10
16 11
16 13
16 179789
17 3
17 4
17 5
17 94879
17 102614
17 175042
17 179790
18 158
18 159
18 160
18 162
18 68700
19 9
19 10
19 11
19 13
19 163
20 5
20 20
20 99
20 131
20 132
20 133
20 165
20 166
21 5
21 20
21 67
21 31939
21 31942
21 179791
22 67
22 9795
22 48225
22 179792
22 179793
23 76
23 342
23 343
23 345
23 179794
24 5
24 27
24 99
24 131
24 132
24 133
24 135
24 179795
25 3
25 4
25 5
25 18168
25 18422
25 179796
26 4
26 5
26 202
26 12971
26 12973
26 179797
27 10
27 1387
27 1388
27 1390
27 179798
28 99
28 131
28 132
28 133
28 195
28 237
28 140755
29 3
29 20
29 195
29 7149
29 7151
29 140756
30 158
30 159
30 160
30 162
30 140757
31 9
31 10
31 11
31 13
31 163
32 5
32 20
32 99
32 131
32 132
32 133
32 165
32 166
33 3
33 5
33 20
33 70793
33 175021
33 179799
34 5
34 20
34 202
34 37563
34 175024
34 179800
35 9
35 10
35 11
35 13
35 179801
36 5
36 27
36 99
36 131
36 132
36 133
36 135
36 179802
37 3
37 4
37 5
37 175080
37 175082
37 179803
38 9
38 10
38 11
38 13
38 179804
39 67
39 72
39 6363
39 135196
39 140864
39 140865
39 179805
40 76
40 342
40 343
40 345
40 179806
41 10
41 126
41 127
41 129
41 179807
42 5
42 20
42 99
42 131
42 132
42 133
42 166
42 179808
43 3
43 5
43 20
43 31126
43 31128
43 179809
44 9
44 10
44 11
44 13
44 179810
45 5
45 27
45 99
45 131
45 132
45 133
45 135
45 179811
46 3
46 4
46 5
46 2818
46 5508
46 179812
47 9
47 10
47 24
47 26
47 27
47 179813
48 67
48 31157
48 31159
48 57124
48 179814
49 67
49 12747
49 12822
49 48407
49 179816
49 179817
49 179818
49 179819
50 10
50 146
50 147
50 149
50 179820
51 5
51 27
51 99
51 131
51 132
51 133
51 135
51 179821
52 5
52 67
52 31833
52 37859
52 175152
52 179822
53 10
53 378
53 379
53 381
53 179823
54 5
54 20
54 99
54 131
54 132
54 133
54 166
54 179824
55 3
55 5
55 20
55 36
55 61056
55 179826
55 179827
55 179828
56 5
56 20
56 202
56 179830
56 179831
56 179832
57 9
57 10
57 11
57 13
57 179833
58 5
58 27
58 99
58 131
58 132
58 133
58 135
58 179834
59 3
59 4
59 5
59 175080
59 175082
59 179835
60 71
60 76
60 190
60 191
60 179836
seqId 403
1 5
1 20
1 99
1 131
1 132
1 133
1 967
1 179837
2 3
2 5
2 20
2 70793
2 175021
2 179838
3 5
3 20
3 202
3 37563
3 175024
3 179839
4 5
4 84
4 90
4 91
4 93
4 121
4 3777
4 4766
4 179840
5 5
5 20
5 99
5 131
5 132
5 133
5 166
5 68732
6 3
6 5
6 20
6 4038
6 15485
6 179841
7 230
7 231
7 232
7 234
7 179842
8 9
8 10
8 11
8 13
8 163
9 99
9 131
9 132
9 133
9 195
9 236
9 237
10 3
10 20
10 195
10 222
10 4204
10 179843
11 9
11 10
11 11
11 13
11 179844
12 5
12 27
12 99
12 131
12 132
12 133
12 135
12 179845
13 3
13 4
13 5
13 175080
13 175082
13 179846
14 10
14 109
14 110
14 112
14 179847
15 67
15 72
15 72
15 851
15 6985
15 37784
15 37785
15 37787
15 37788
15 179848
16 10
16 109
16 110
16 112
16 179849
17 51
17 195
17 11455
17 80493
17 175031
17 179850
18 76
18 1267
18 1268
18 1270
18 179851
seqId 404
1 5
1 20
1 82
1 83
1 84
1 115
1 763
1 1002
1 179852
2 27
2 82
2 84
2 114
2 115
2 116
2 118
2 179853
3 5
3 84
3 90
3 91
3 93
3 121
3 1815
3 2122
3 179854
4 9
4 10
4 11
4 13
4 179855
5 51
5 195
5 2054
5 2056
5 103696
6 20
6 195
6 202
6 179857
6 179858
6 179859
7 3
7 20
7 195
7 18968
7 80217
7 179860
8 9
8 10
8 11
8 13
8 179861
9 51
9 195
9 58290
9 132280
9 179862
10 3
10 4
10 195
10 11431
10 11433
10 179863
11 76
11 413
11 414
11 416
11 179864
12 67
12 5932
12 179866
12 179867
12 179868
13 76
13 342
13 343
13 345
13 179869
14 67
14 699
14 8740
14 179871
14 179872
14 179873
15 51
15 195
15 14491
15 129656
15 179875
15 179876
16 243
16 244
16 245
16 247
16 179877
17 51
17 195
17 14491
17 119068
17 179879
17 179880
18 76
18 433
18 434
18 436
18 179881
19 82
19 759
19 2852
19 2854
19 179882
20 82
20 83
20 115
20 195
20 4940
20 4941
20 28267
20 179883
21 91
21 93
21 121
21 195
21 702
21 703
21 4941
21 28270
21 179884
22 5
22 20
22 90
22 122
22 708
22 769
22 54437
22 104336
22 172378
22 179886
23 4
23 5
23 99
23 131
23 132
23 133
23 152
23 179887
24 3
24 4
24 5
24 70020
24 70022
24 179888
25 71
25 76
25 190
25 191
25 179889
seqId 405
1 5
1 84
1 91
1 93
1 121
1 703
1 707
1 75054
1 179890
2 4
2 5
2 90
2 122
2 708
2 713
2 11164
2 31705
2 179891
3 4
3 5
3 99
3 133
3 175
3 176
3 178
3 179892
4 3
4 4
4 5
4 18168
4 18422
4 179893
5 4
5 5
5 202
5 2947
5 2949
5 179894
6 10
6 109
6 110
6 112
6 103717
7 67
7 16138
7 131424
7 179896
7 179897
7 179898
8 71
8 76
8 190
8 191
8 179899
seqId 406
1 67
1 31157
1 31159
1 57124
1 179900
2 67
2 12747
2 12822
2 48407
2 179816
2 179817
2 179819
2 179901
3 5
3 84
3 91
3 93
3 121
3 702
3 703
3 705
3 179902
4 5
4 20
4 90
4 122
4 708
4 769
4 92552
4 113544
4 179903
5 9
5 10
5 11
5 13
5 179904
6 5
6 27
6 82
6 83
6 84
6 115
6 135
6 763
6 179905
7 90
7 443
7 1488
7 57815
7 179906
8 10
8 126
8 127
8 129
8 179907
9 5
9 20
9 99
9 131
9 132
9 133
9 166
9 179908
10 3
10 5
10 20
10 9758
10 9760
10 179909
11 67
11 179911
11 179912
11 179913
11 179914
12 10
12 146
12 147
12 149
12 179915
13 4
13 5
13 99
13 131
13 132
13 133
13 152
13 179916
14 3
14 4
14 5
14 6896
14 6898
14 179917
15 158
15 159
15 160
15 162
15 179918
16 9
16 10
16 11
16 13
16 163
17 5
17 20
17 99
17 131
17 132
17 133
17 165
17 166
18 3
18 5
18 20
18 36
18 61056
18 179826
18 179828
18 179919
19 5
19 20
19 202
19 179830
19 179832
19 179920
20 76
20 413
20 414
20 416
20 179921
21 71
21 71
21 71
21 71
21 72
21 72
21 72
21 340
21 509
21 5178
21 6985
21 9767
21 9768
21 9774
21 9775
21 9775
21 9775
21 9777
21 22976
21 82057
21 128656
21 179774
21 179828
21 179923
21 179924
21 179925
21 179926
21 179927
21 179928
21 179929
21 179930
21 179931
seqId 407
1 99
1 131
1 132
1 133
1 195
1 1220
1 179932
2 3
2 20
2 195
2 1548
2 1715
2 179933
3 20
3 195
3 202
3 340
3 72268
3 72270
3 179935
4 84
4 91
4 93
4 121
4 195
4 703
4 707
4 1858
4 179936
5 9
5 10
5 11
5 13
5 179937
6 51
6 195
6 14300
6 14302
6 179938
7 3
7 20
7 195
7 2034
7 3403
7 179939
8 20
8 195
8 202
8 24418
8 24420
8 179940
9 717
9 718
9 719
9 721
9 179941
10 10
10 146
10 149
10 722
10 1539
11 5
11 20
11 99
11 131
11 132
11 133
11 165
11 166
12 3
12 5
12 20
12 53554
12 53556
12 179942
13 75
13 76
13 77
13 79
13 179943
14 717
14 718
14 719
14 721
14 179944
15 10
15 146
15 149
15 722
15 1539
16 5
16 20
16 99
16 131
16 132
16 133
16 165
16 166
17 660
17 18003
17 18004
17 18006
17 179945
18 51
18 195
18 4934
18 4936
18 179946
19 10
19 378
19 379
19 381
19 179947
20 67
20 601
20 603
20 1197
20 179948
21 51
21 195
21 2686
21 15391
21 179949
22 76
22 413
22 414
22 416
22 179950
23 67
23 452
23 15151
23 15152
23 179951
24 67
24 48669
24 175594
24 175595
24 175597
24 179952
25 76
25 342
25 343
25 345
25 179953
26 67
26 174157
26 174159
26 174797
26 179954
27 67
27 407
27 174800
27 174801
27 174803
27 179955
28 76
28 342
28 343
28 345
28 103781
29 67
29 174176
29 174178
29 174555
29 179956
30 67
30 6985
30 48761
30 174978
30 174979
30 174981
30 179957
31 76
31 342
31 343
31 345
31 179958
32 67
32 136357
32 136358
32 136360
32 179959
33 67
33 967
33 158385
33 174286
33 174287
33 174289
33 179960
34 76
34 342
34 343
34 345
34 179961
35 67
35 11514
35 11515
35 11517
35 179962
36 67
36 2423
36 5422
36 106062
36 177656
36 177657
36 179963
37 76
37 342
37 343
37 345
37 103793
38 20
38 85
38 99
38 195
38 1377
38 5238
38 179964
39 67
39 195
39 9490
39 47543
39 47546
39 179965
40 76
40 342
40 343
40 345
40 179966
41 660
41 976
41 979
41 1458
41 179967
42 944
42 945
42 946
42 948
42 179968
43 76
43 342
43 343
43 345
43 179969
44 82
44 83
44 115
44 195
44 4940
44 4941
44 28267
44 179970
45 5
45 27
45 82
45 83
45 84
45 115
45 135
45 763
45 179971
46 90
46 91
46 93
46 121
46 195
46 4941
46 12418
46 179973
46 179974
47 76
47 342
47 343
47 345
47 179975
48 99
48 131
48 132
48 133
48 195
48 237
48 179976
49 3
49 20
49 195
49 340
49 179978
49 179979
49 179980
50 9
50 10
50 11
50 13
50 179981
51 67
51 72
51 51485
51 51486
51 51488
51 51489
51 179982
52 67
52 1186
52 49510
52 58458
52 174383
52 174384
52 179983
53 76
53 342
53 343
53 345
53 179984
54 67
54 47536
54 47537
54 47539
54 179985
55 243
55 244
55 245
55 247
55 179986
56 9
56 10
56 11
56 13
56 179987
57 67
57 179989
57 179990
57 179991
57 179992
58 67
58 1692
58 4796
58 179994
58 179995
58 179996
58 179997
59 76
59 342
59 343
59 345
59 179998
60 67
60 9490
60 47543
60 47544
60 47546
60 179999
61 82
61 758
61 759
61 761
61 180000
62 84
62 90
62 91
62 92
62 93
62 195
62 1064
62 2190
62 180001
63 5
63 99
63 115
63 773
63 775
63 776
63 2192
63 3593
63 180002
64 3
64 4
64 5
64 2019
64 2021
64 180003
65 660
65 31571
65 31572
65 31574
65 180004
66 76
66 433
66 434
66 436
66 180005
67 76
67 1267
67 1268
67 1270
67 180006
68 51
68 195
68 14489
68 14491
68 180007
69 10
69 378
69 379
69 381
69 180008
70 67
70 601
70 603
70 1197
70 180009
71 67
71 605
71 607
71 1199
71 180010
72 76
72 342
72 343
72 345
72 180011
73 82
73 759
73 2852
73 2854
73 180012
74 51
74 195
74 1427
74 1962
74 180013
75 67
75 195
75 47536
75 47539
75 180014
76 76
76 413
76 414
76 416
76 180015
77 67
77 138439
77 138440
77 138442
77 180016
78 67
78 857
78 48314
78 175998
78 175999
78 180017
79 76
79 342
79 343
79 345
79 180018
80 67
80 1038
80 1039
80 1041
80 180019
81 67
81 3351
81 16138
81 120004
81 168310
81 168311
81 180020
82 158
82 159
82 160
82 162
82 180021
83 9
83 10
83 11
83 13
83 163
84 5
84 20
84 99
84 131
84 132
84 133
84 165
84 166
85 5
85 20
85 67
85 168315
85 168317
85 180022
86 76
86 342
86 343
86 345
86 180023
87 67
87 20691
87 20692
87 20694
87 180024
88 67
88 310
88 74143
88 178459
88 178460
88 178462
88 180025
89 243
89 244
89 245
89 247
89 180026
90 67
90 17618
90 17619
90 17621
90 180027
91 67
91 15222
91 15223
91 15225
91 180028
92 76
92 433
92 434
92 436
92 180029
93 76
93 342
93 343
93 345
93 180030
94 51
94 195
94 1705
94 1707
94 180031
95 67
95 195
95 9490
95 47543
95 47546
95 180032
96 67
96 5933
96 32572
96 32573
96 32575
96 180033
97 76
97 413
97 414
97 416
97 180034
98 67
98 1139
98 1140
98 1142
98 180035
99 67
99 11613
99 50699
99 179515
99 179516
99 180036
100 76
100 342
100 343
100 345
100 180037
101 67
101 16435
101 16436
101 16438
101 180038
102 67
102 20904
102 114603
102 178134
102 178135
102 180039
103 76
103 342
103 343
103 345
103 180040
104 67
104 1104
104 5836
104 178142
104 178143
104 178145
104 180041
105 67
105 310
105 57195
105 178147
105 178148
105 180042
106 76
106 433
106 434
106 436
106 180043
107 243
107 244
107 245
107 247
107 180044
108 51
108 195
108 1705
108 1707
108 180045
109 67
109 195
109 9490
109 47543
109 47546
109 180046
110 76
110 413
110 414
110 416
110 180047
111 67
111 15222
111 15223
111 15225
111 180048
112 67
112 1886
112 39484
112 178397
112 178398
112 180049
113 76
113 342
113 343
113 345
113 180050
114 67
114 128840
114 128841
114 128843
114 180051
115 67
115 75484
115 75485
115 75487
115 75488
115 180052
116 76
116 342
116 343
116 345
116 180053
117 67
117 15222
117 15223
117 15225
117 180054
118 67
118 11542
118 49432
118 178449
118 178450
118 178452
118 180055
119 76
119 433
119 434
119 436
119 180056
120 10
120 2347
120 2348
120 2350
120 180057
121 99
121 131
121 132
121 133
121 195
121 237
121 180058
122 51
122 195
122 1501
122 1503
122 180059
123 3
123 20
123 195
123 340
123 179978
123 179980
123 180060
124 9
124 10
124 11
124 13
124 180061
125 67
125 57180
125 57181
125 57183
125 180062
126 67
126 967
126 180064
126 180065
126 180066
126 180067
126 180068
127 243
127 244
127 245
127 247
127 17446
128 9
128 10
128 24
128 26
128 27
128 180069
129 67
129 1038
129 1039
129 1041
129 180070
130 67
130 3351
130 16138
130 120004
130 168310
130 168311
130 180071
131 158
131 159
131 160
131 162
131 180072
132 9
132 10
132 11
132 13
132 163
133 5
133 20
133 99
133 131
133 132
133 133
133 165
133 166
134 5
134 20
134 67
134 168315
134 168317
134 180073
135 71
135 76
135 190
135 191
135 180074
seqId 408
1 10
1 2518
1 67874
1 67876
1 180075
2 5
2 20
2 99
2 131
2 132
2 133
2 166
2 180076
3 3
3 5
3 20
3 1942
3 1944
3 180077
4 10
4 146
4 147
4 149
4 180078
5 4
5 5
5 99
5 131
5 132
5 133
5 152
5 180079
6 3
6 4
6 5
6 2019
6 2021
6 180080
7 9
7 10
7 11
7 13
7 180081
8 67
8 72
8 51485
8 51486
8 51488
8 51489
8 180082
9 67
9 1186
9 49510
9 58458
9 174383
9 174384
9 180083
10 243
10 244
10 245
10 247
10 180084
11 9
11 10
11 11
11 13
11 180085
12 67
12 179989
12 179990
12 179992
12 180086
13 67
13 1692
13 4796
13 179994
13 179995
13 179997
13 180087
14 5
14 20
14 99
14 131
14 132
14 133
14 166
14 180088
15 3
15 5
15 20
15 2094
15 2096
15 180089
16 9
16 10
16 11
16 13
16 180090
17 3
17 195
17 2217
17 8955
17 180091
18 20
18 90
18 122
18 195
18 708
18 713
18 21205
18 107557
18 180092
19 10
19 146
19 147
19 149
19 180093
20 90
20 443
20 2257
20 2259
20 180094
21 5
21 20
21 99
21 131
21 132
21 133
21 166
21 141038
22 5
22 20
22 67
22 37445
22 135367
22 171893
22 180095
23 76
23 342
23 343
23 345
23 180096
24 660
24 1377
24 6485
24 6487
24 180097
25 660
25 6286
25 6287
25 6289
25 180098
26 717
26 718
26 719
26 721
26 180099
27 10
27 146
27 147
27 149
27 722
28 5
28 20
28 99
28 131
28 132
28 133
28 165
28 166
29 3
29 5
29 20
29 6686
29 6688
29 180100
30 67
30 47536
30 47537
30 47539
30 180101
31 76
31 342
31 343
31 345
31 180102
32 5
32 84
32 91
32 92
32 93
32 703
32 707
32 16563
32 180103
33 5
33 20
33 202
33 4011
33 4013
33 180104
34 10
34 378
34 379
34 381
34 180105
35 90
35 443
35 18929
35 18931
35 180106
36 5
36 20
36 99
36 133
36 175
36 176
36 1316
36 180107
37 3
37 5
37 20
37 29331
37 29333
37 180108
38 10
38 1605
38 1606
38 1608
38 180109
39 99
39 131
39 132
39 133
39 195
39 237
39 180110
40 51
40 195
40 1501
40 1503
40 180111
41 3
41 20
41 195
41 9758
41 33695
41 180112
42 9
42 10
42 11
42 13
42 180113
43 4
43 5
43 99
43 131
43 132
43 133
43 152
43 180114
44 4
44 5
44 202
44 795
44 8936
44 180115
45 3
45 4
45 5
45 642
45 23331
45 180116
46 71
46 76
46 190
46 191
46 180117
seqId 409
1 10
1 146
1 1024
1 1026
1 180118
2 98
2 99
2 100
2 195
2 2073
2 180119
3 51
3 195
3 14300
3 14302
3 180120
4 3
4 20
4 195
4 24418
4 24420
4 180121
5 5
5 20
5 82
5 83
5 84
5 115
5 763
5 1002
5 180122
6 5
6 84
6 90
6 91
6 93
6 121
6 12628
6 12630
6 180123
7 90
7 443
7 17531
7 25104
7 180124
8 99
8 131
8 132
8 133
8 195
8 237
8 180125
9 3
9 20
9 195
9 2034
9 3403
9 180126
10 20
10 195
10 202
10 340
10 2042
10 2044
10 180127
11 76
11 342
11 343
11 345
11 180128
12 99
12 131
12 132
12 133
12 195
12 237
12 180129
13 3
13 20
13 195
13 5735
13 24494
13 180130
14 243
14 244
14 245
14 247
14 180131
15 99
15 131
15 132
15 133
15 195
15 237
15 180132
16 3
16 20
16 195
16 1806
16 1808
16 1809
16 1810
16 180133
17 71
17 76
17 190
17 191
17 180134
seqId 410
1 5
1 20
1 81
1 82
1 83
1 84
1 85
1 2423
1 180135
2 5
2 84
2 90
2 91
2 92
2 93
2 96
2 6204
2 178124
2 180137
3 660
3 976
3 977
3 979
3 180138
4 10
4 146
4 147
4 149
4 180139
5 4
5 5
5 99
5 133
5 175
5 176
5 178
5 180140
6 3
6 4
6 5
6 642
6 23331
6 180141
7 9
7 10
7 11
7 13
7 180142
8 3
8 4
8 5
8 39832
8 39834
8 180143
9 4
9 5
9 202
9 1556
9 1718
9 180144
10 76
10 342
10 343
10 345
10 180145
11 20
11 82
11 84
11 98
11 100
11 102
11 180146
12 82
12 758
12 759
12 761
12 180147
13 5
13 84
13 90
13 91
13 92
13 93
13 2333
13 29210
13 180148
14 9
14 10
14 11
14 13
14 180149
15 13
15 90
15 443
15 55017
15 110077
15 180151
15 180152
16 99
16 131
16 132
16 133
16 195
16 237
16 180153
17 3
17 4
17 195
17 340
17 5256
17 5258
17 180154
18 4
18 195
18 202
18 82780
18 121886
18 180155
19 71
19 76
19 190
19 191
19 180156
seqId 411
1 5
1 20
1 99
1 131
1 132
1 133
1 967
1 180157
2 3
2 5
2 20
2 67060
2 67062
2 180158
3 5
3 20
3 202
3 2947
3 2949
3 180159
4 10
4 1605
4 1606
4 1608
4 180160
5 99
5 131
5 132
5 133
5 195
5 237
5 180161
6 51
6 195
6 1501
6 1503
6 180162
7 3
7 20
7 195
7 9758
7 33695
7 180163
8 5
8 84
8 90
8 93
8 121
8 3360
8 4621
8 28087
8 180164
9 443
9 703
9 707
9 2086
9 180165
10 10
10 109
10 110
10 112
10 180166
11 4
11 5
11 202
11 22623
11 22625
11 180167
12 3
12 4
12 5
12 6046
12 6048
12 180168
13 5
13 20
13 90
13 122
13 708
13 713
13 2088
13 2090
13 180169
14 10
14 828
14 829
14 831
14 180170
15 99
15 133
15 175
15 176
15 195
15 234
15 180171
16 3
16 20
16 195
16 340
16 2094
16 2096
16 180172
17 10
17 146
17 147
17 149
17 180173
18 90
18 442
18 443
18 445
18 180174
19 717
19 718
19 719
19 721
19 180175
20 10
20 146
20 147
20 149
20 722
21 5
21 20
21 99
21 131
21 132
21 133
21 165
21 166
22 3
22 5
22 20
22 6686
22 6688
22 180176
23 67
23 47536
23 47537
23 47539
23 180177
24 243
24 244
24 245
24 247
24 180178
25 67
25 9490
25 47543
25 47544
25 47546
25 180179
26 71
26 76
26 190
26 191
26 180180
seqId 412
1 9
1 10
1 27
1 40
1 42
1 69044
2 4
2 5
2 202
2 2294
2 2296
2 180181
3 3
3 4
3 5
3 5469
3 5471
3 180182
4 76
4 342
4 343
4 345
4 180183
5 10
5 378
5 379
5 381
5 180184
6 4
6 5
6 99
6 131
6 132
6 133
6 152
6 180185
7 3
7 4
7 5
7 5484
7 5486
7 180186
8 9
8 10
8 11
8 13
8 180187
9 5
9 27
9 99
9 131
9 132
9 133
9 135
9 180188
10 3
10 4
10 5
10 642
10 23331
10 180189
11 76
11 342
11 343
11 345
11 180190
12 5
12 20
12 81
12 82
12 83
12 84
12 85
12 87
12 180191
13 5
13 84
13 91
13 92
13 93
13 703
13 707
13 16563
13 180192
14 20
14 195
14 202
14 340
14 33042
14 33044
14 180194
15 10
15 146
15 147
15 149
15 69056
16 90
16 443
16 18929
16 18931
16 180195
17 5
17 20
17 99
17 133
17 175
17 176
17 1316
17 104030
18 3
18 5
18 20
18 29331
18 29333
18 180196
19 10
19 1605
19 1606
19 1608
19 180197
20 99
20 131
20 132
20 133
20 195
20 237
20 180198
21 51
21 195
21 1501
21 1503
21 180199
22 3
22 20
22 195
22 9758
22 33695
22 180200
23 75
23 76
23 77
23 79
23 180201
24 67
24 71
24 96
24 166
24 180203
24 180204
24 180205
25 3
25 5
25 20
25 71
25 373
25 376
25 1299
25 180206
26 243
26 244
26 245
26 247
26 180207
27 67
27 71
27 96
27 166
27 180203
27 180204
27 180208
28 3
28 5
28 20
28 71
28 71
28 72
28 376
28 1103
28 1104
28 1299
28 180210
28 180211
29 660
29 661
29 910
29 1234
29 180212
30 84
30 90
30 91
30 92
30 93
30 195
30 2081
30 29130
30 180213
31 443
31 703
31 707
31 2086
31 180214
32 20
32 195
32 202
32 7185
32 18153
32 180215
33 9
33 10
33 11
33 13
33 180216
34 4
34 5
34 99
34 131
34 132
34 133
34 152
34 180217
35 4
35 5
35 202
35 2310
35 2313
35 180218
36 3
36 4
36 5
36 597
36 599
36 180219
37 71
37 76
37 190
37 191
37 180220
seqId 413
1 99
1 131
1 132
1 133
1 195
1 1220
1 180221
2 3
2 4
2 15
2 195
2 4121
2 180222
3 84
3 90
3 91
3 93
3 121
3 195
3 28470
3 28472
3 180223
4 82
4 84
4 114
4 115
4 116
4 1361
4 180224
5 90
5 443
5 1587
5 1676
5 4779
5 69087
6 660
6 3261
6 3262
6 3264
6 180225
7 9
7 10
7 11
7 13
7 180226
8 51
8 195
8 10375
8 10377
8 180227
9 20
9 195
9 202
9 7021
9 36568
9 180228
10 3
10 20
10 195
10 2320
10 16794
10 180229
11 243
11 244
11 245
11 247
11 180230
12 4
12 5
12 99
12 133
12 175
12 176
12 178
12 180231
13 3
13 4
13 5
13 4249
13 4251
13 180232
14 4
14 5
14 202
14 33765
14 33767
14 180233
15 75
15 76
15 77
15 79
15 180234
seqId 414
1 51
1 52
1 680
1 1993
1 180235
2 71
2 76
2 190
2 191
2 180236
seqId 415
1 3
1 4
1 5
1 14686
1 49719
1 180237
2 4
2 5
2 202
2 322
2 22672
2 180238
3 243
3 244
3 245
3 247
3 180239
4 4
4 5
4 202
4 3199
4 5132
4 180240
5 158
5 159
5 160
5 162
5 180241
6 9
6 10
6 11
6 13
6 163
7 5
7 20
7 99
7 131
7 132
7 133
7 165
7 166
8 3
8 5
8 20
8 3775
8 3777
8 180242
9 5
9 20
9 202
9 168724
9 168726
9 180243
seqId 416
1 99
1 131
1 132
1 133
1 195
1 1220
1 180244
2 3
2 4
2 195
2 10402
2 91966
2 136910
2 180245
3 82
3 758
3 759
3 761
3 180246
4 84
4 90
4 91
4 93
4 121
4 195
4 8415
4 41750
4 180247
5 10
5 146
5 147
5 149
5 180248
6 5
6 20
6 98
6 99
6 100
6 3961
6 180249
7 3
7 5
7 20
7 2320
7 2322
7 180250
8 84
8 90
8 91
8 93
8 121
8 195
8 4180
8 47269
8 180251
9 90
9 443
9 31757
9 33170
9 180252
10 4
10 5
10 99
10 131
10 132
10 133
10 152
10 180253
11 3
11 4
11 5
11 4094
11 12255
11 180254
12 9
12 10
12 11
12 13
12 180255
13 85
13 99
13 195
13 638
13 640
13 180256
14 3
14 4
14 195
14 347
14 349
14 180257
15 243
15 244
15 245
15 247
15 180258
16 3
16 4
16 195
16 5859
16 14468
16 180259
17 4
17 195
17 202
17 340
17 64857
17 64859
17 180261
18 10
18 378
18 379
18 381
18 180262
19 4
19 5
19 99
19 131
19 132
19 133
19 152
19 180263
20 3
20 4
20 5
20 2613
20 2615
20 180264
21 9
21 10
21 11
21 13
21 180265
22 5
22 27
22 99
22 131
22 132
22 133
22 135
22 180266
23 3
23 4
23 5
23 175612
23 180268
23 180269
24 71
24 76
24 190
24 191
24 180270
seqId 417
1 5
1 27
1 99
1 131
1 132
1 133
1 699
1 180271
2 5
2 20
2 82
2 84
2 85
2 175
2 1316
2 180272
3 230
3 231
3 232
3 234
3 180273
4 9
4 10
4 11
4 13
4 163
5 99
5 131
5 132
5 133
5 195
5 236
5 237
6 3
6 20
6 195
6 340
6 39106
6 39108
6 180274
7 20
7 195
7 202
7 4011
7 37477
7 180275
8 9
8 10
8 11
8 13
8 180276
9 5
9 20
9 98
9 99
9 100
9 102
9 180277
10 3
10 5
10 20
10 475
10 25021
10 180278
11 5
11 84
11 91
11 93
11 121
11 703
11 707
11 956
11 180279
12 5
12 27
12 99
12 131
12 132
12 133
12 135
12 180280
13 3
13 4
13 5
13 1395
13 5941
13 180281
14 10
14 283
14 284
14 286
14 180282
15 4
15 5
15 99
15 131
15 132
15 133
15 152
15 180283
16 4
16 5
16 202
16 12237
16 12322
16 180284
17 3
17 4
17 5
17 11291
17 11293
17 180285
18 230
18 231
18 232
18 234
18 180286
19 9
19 10
19 11
19 13
19 163
20 99
20 131
20 132
20 133
20 195
20 236
20 237
21 3
21 4
21 195
21 1913
21 78733
21 180287
22 4
22 5
22 202
22 168118
22 168120
22 180288
23 243
23 244
23 245
23 247
23 180289
24 4
24 5
24 202
24 140235
24 144993
24 180290
25 76
25 342
25 343
25 345
25 180291
26 10
26 828
26 829
26 831
26 180292
27 3
27 5
27 20
27 2723
27 2725
27 180293
28 10
28 146
28 147
28 149
28 180294
29 99
29 133
29 175
29 176
29 195
29 234
29 180295
30 3
30 20
30 195
30 1320
30 3384
30 180296
31 660
31 2347
31 2348
31 2350
31 180297
32 20
32 90
32 122
32 195
32 340
32 708
32 713
32 35262
32 45919
32 180299
33 10
33 283
33 284
33 286
33 180300
34 5
34 20
34 99
34 131
34 132
34 133
34 166
34 180301
35 3
35 5
35 20
35 2601
35 2603
35 180302
36 71
36 76
36 190
36 191
36 180303
seqId 418
1 5
1 20
1 99
1 133
1 175
1 176
1 9647
1 180304
2 5
2 20
2 202
2 2294
2 2296
2 17791
3 3
3 5
3 20
3 3118
3 3120
3 180305
4 5
4 20
4 202
4 3303
4 36191
4 180306
5 9
5 10
5 11
5 13
5 17793
6 5
6 20
6 98
6 99
6 100
6 3961
6 180307
7 3
7 5
7 20
7 2320
7 2322
7 180308
8 5
8 84
8 91
8 93
8 121
8 703
8 707
8 956
8 180309
9 4
9 5
9 99
9 131
9 132
9 133
9 152
9 180310
10 3
10 4
10 5
10 59636
10 59638
10 180311
11 230
11 231
11 232
11 234
11 180312
12 9
12 10
12 11
12 13
12 163
13 99
13 131
13 132
13 133
13 195
13 236
13 237
14 3
14 4
14 195
14 3846
14 3848
14 180313
15 230
15 231
15 232
15 234
15 180314
16 9
16 10
16 11
16 13
16 163
17 99
17 131
17 132
17 133
17 195
17 236
17 237
18 4
18 82
18 84
18 85
18 175
18 178
18 195
18 340
18 180316
19 243
19 244
19 245
19 247
19 180317
20 230
20 231
20 232
20 234
20 180318
21 9
21 10
21 11
21 13
21 163
22 99
22 131
22 132
22 133
22 195
22 236
22 237
23 82
23 84
23 85
23 195
23 2294
23 3837
23 180319
24 71
24 76
24 190
24 191
24 180320
seqId 419
1 27
1 82
1 759
1 944
1 15403
1 180321
2 5
2 20
2 81
2 82
2 83
2 84
2 85
2 87
2 180322
3 82
3 83
3 84
3 109
3 112
3 115
3 180323
4 5
4 84
4 90
4 91
4 93
4 121
4 4832
4 9364
4 180324
5 75
5 76
5 77
5 79
5 180325
6 67
6 17618
6 17619
6 17621
6 180326
7 67
7 15222
7 15223
7 15225
7 180327
8 5
8 84
8 91
8 93
8 121
8 703
8 707
8 956
8 180328
9 4
9 5
9 99
9 133
9 175
9 176
9 178
9 180329
10 3
10 4
10 5
10 2221
10 2223
10 180330
11 230
11 231
11 232
11 234
11 180331
12 9
12 10
12 11
12 13
12 163
13 99
13 131
13 132
13 133
13 195
13 236
13 237
14 3
14 4
14 195
14 5859
14 14468
14 180332
15 9
15 10
15 11
15 13
15 180333
16 3
16 4
16 5
16 180335
16 180336
16 180337
17 717
17 718
17 719
17 721
17 180338
18 10
18 146
18 147
18 149
18 722
19 5
19 20
19 99
19 131
19 132
19 133
19 165
19 166
20 5
20 20
20 202
20 1718
20 57849
20 180339
21 3
21 5
21 20
21 15215
21 65093
21 131674
21 180340
22 76
22 342
22 343
22 345
22 180341
23 243
23 244
23 245
23 247
23 180342
24 5
24 84
24 90
24 91
24 93
24 121
24 7530
24 165985
24 180343
25 5
25 20
25 99
25 133
25 175
25 176
25 1316
25 180344
26 3
26 5
26 20
26 9469
26 10946
26 180345
27 9
27 10
27 11
27 13
27 180346
28 3
28 4
28 5
28 13599
28 13601
28 180347
29 10
29 126
29 127
29 129
29 180348
30 99
30 131
30 132
30 133
30 195
30 237
30 180349
31 3
31 20
31 195
31 340
31 180351
31 180352
31 180353
32 20
32 195
32 202
32 18530
32 168118
32 168153
32 180355
32 180356
33 76
33 342
33 343
33 345
33 180357
34 660
34 941
34 94951
34 94953
34 180358
35 944
35 945
35 946
35 948
35 180359
36 67
36 16435
36 16436
36 16438
36 180360
37 67
37 20904
37 114603
37 178134
37 178135
37 180361
38 5
38 84
38 90
38 91
38 93
38 121
38 5094
38 43394
38 180362
39 5
39 27
39 99
39 131
39 132
39 133
39 135
39 180363
40 3
40 4
40 5
40 1395
40 5941
40 180364
41 230
41 231
41 232
41 234
41 180365
42 9
42 10
42 11
42 13
42 163
43 99
43 131
43 132
43 133
43 195
43 236
43 237
44 3
44 4
44 195
44 340
44 180367
44 180368
44 180369
45 4
45 195
45 202
45 340
45 21447
45 21449
45 180371
46 717
46 718
46 719
46 721
46 104232
47 10
47 146
47 147
47 149
47 722
48 5
48 20
48 99
48 131
48 132
48 133
48 165
48 166
49 5
49 20
49 202
49 15065
49 131938
49 131940
49 180372
50 3
50 5
50 20
50 16951
50 16953
50 180373
51 71
51 76
51 190
51 191
51 180374
seqId 420
1 67
1 128840
1 128841
1 128843
1 180375
2 67
2 75484
2 75485
2 75487
2 75488
2 180376
3 5
3 84
3 90
3 91
3 93
3 121
3 31304
3 31333
3 180377
4 9
4 10
4 11
4 13
4 180378
5 4
5 5
5 202
5 12237
5 12322
5 180379
6 3
6 4
6 5
6 28222
6 28224
6 180380
7 10
7 126
7 127
7 129
7 180381
8 5
8 20
8 99
8 131
8 132
8 133
8 166
8 104247
9 3
9 5
9 20
9 34802
9 38508
9 104248
9 147126
9 180383
10 10
10 146
10 147
10 149
10 180384
11 5
11 27
11 99
11 131
11 132
11 133
11 135
11 180385
12 3
12 4
12 5
12 3576
12 3578
12 180386
13 4
13 5
13 202
13 140235
13 144993
13 180387
14 76
14 342
14 343
14 345
14 180388
15 5
15 20
15 99
15 133
15 175
15 176
15 1316
15 180389
16 3
16 5
16 20
16 4279
16 4281
16 180390
17 82
17 758
17 759
17 761
17 180391
18 5
18 84
18 90
18 91
18 93
18 121
18 37175
18 43997
18 180392
19 660
19 1622
19 1623
19 1625
19 180393
20 67
20 16435
20 16436
20 16438
20 180394
21 67
21 20904
21 114603
21 178134
21 178135
21 180395
22 76
22 342
22 343
22 345
22 180396
23 10
23 283
23 284
23 286
23 180397
24 5
24 20
24 99
24 131
24 132
24 133
24 166
24 180398
25 3
25 5
25 20
25 4345
25 4347
25 180399
26 9
26 10
26 24
26 26
26 27
26 180400
27 4
27 5
27 99
27 133
27 175
27 176
27 178
27 180401
28 3
28 4
28 5
28 7388
28 27055
28 180402
29 10
29 126
29 127
29 129
29 180403
30 5
30 27
30 99
30 131
30 132
30 133
30 135
30 180404
31 3
31 4
31 5
31 2532
31 2534
31 180405
32 4
32 5
32 202
32 168724
32 178047
32 180406
33 9
33 10
33 11
33 13
33 17901
34 4
34 5
34 99
34 131
34 132
34 133
34 152
34 180407
35 3
35 4
35 5
35 180409
35 180410
35 180411
36 4
36 5
36 202
36 21447
36 21449
36 180412
37 76
37 342
37 343
37 345
37 180413
38 82
38 758
38 759
38 761
38 180414
39 5
39 27
39 82
39 83
39 84
39 115
39 135
39 763
39 180415
40 5
40 84
40 90
40 91
40 93
40 121
40 58812
40 83188
40 180416
41 10
41 146
41 147
41 149
41 180417
42 90
42 443
42 31304
42 31306
42 180418
43 10
43 126
43 127
43 129
43 180419
44 99
44 131
44 132
44 133
44 195
44 237
44 180420
45 3
45 20
45 195
45 180422
45 180423
45 180424
46 20
46 195
46 202
46 21447
46 180426
46 180427
47 76
47 342
47 343
47 345
47 69306
48 10
48 126
48 127
48 129
48 180428
49 99
49 131
49 132
49 133
49 195
49 237
49 180429
50 3
50 4
50 195
50 340
50 38982
50 38984
50 180430
51 76
51 342
51 343
51 345
51 180431
52 243
52 244
52 245
52 247
52 180432
53 76
53 342
53 343
53 345
53 180433
54 10
54 146
54 147
54 149
54 180434
55 5
55 27
55 99
55 131
55 132
55 133
55 135
55 180435
56 3
56 5
56 20
56 12575
56 12577
56 180436
57 76
57 342
57 343
57 345
57 141417
58 10
58 126
58 127
58 129
58 180437
59 99
59 131
59 132
59 133
59 195
59 237
59 180438
60 3
60 20
60 195
60 340
60 180440
60 180441
60 180442
61 9
61 10
61 11
61 13
61 180443
62 3
62 4
62 195
62 180445
62 180446
62 180447
63 71
63 76
63 190
63 191
63 180448
seqId 421
1 5
1 20
1 98
1 99
1 100
1 8099
1 17937
2 3
2 5
2 20
2 429
2 431
2 180449
3 10
3 109
3 110
3 112
3 180450
4 3
4 5
4 20
4 389
4 391
4 180451
5 5
5 84
5 90
5 91
5 93
5 121
5 14641
5 14643
5 180452
6 5
6 20
6 99
6 131
6 132
6 133
6 166
6 141431
7 3
7 5
7 20
7 1320
7 1322
7 180453
8 9
8 10
8 24
8 26
8 27
8 180454
9 67
9 452
9 15151
9 15152
9 180455
10 67
10 48669
10 175594
10 175595
10 175597
10 180456
11 76
11 342
11 343
11 345
11 180457
12 4
12 5
12 99
12 133
12 175
12 176
12 178
12 180458
13 3
13 4
13 5
13 2221
13 2223
13 180459
14 230
14 231
14 232
14 234
14 180460
15 9
15 10
15 11
15 13
15 163
16 99
16 131
16 132
16 133
16 195
16 236
16 237
17 3
17 20
17 195
17 340
17 180462
17 180463
17 180464
18 10
18 146
18 147
18 149
18 180465
19 5
19 27
19 99
19 131
19 132
19 133
19 135
19 180466
20 3
20 5
20 20
20 65093
20 65095
20 180467
21 5
21 20
21 202
21 140235
21 144993
21 180468
22 71
22 76
22 190
22 191
22 180469
seqId 422
1 67
1 1104
1 5836
1 178142
1 178143
1 178145
1 180470
seqId 423
1 67
1 310
1 57195
1 178147
1 178148
1 180471
2 5
2 84
2 90
2 91
2 93
2 121
2 31304
2 31333
2 180472
3 660
3 2547
3 2548
3 4275
3 180473
4 10
4 146
4 147
4 149
4 180474
5 4
5 5
5 82
5 84
5 115
5 763
5 1262
5 1264
5 180475
6 10
6 126
6 127
6 129
6 180476
7 5
7 20
7 99
7 131
7 132
7 133
7 166
7 180477
8 3
8 5
8 20
8 5018
8 5020
8 180478
9 5
9 20
9 202
9 14576
9 14578
9 180479
10 243
10 244
10 245
10 247
10 180480
11 99
11 131
11 132
11 133
11 195
11 237
11 180481
12 3
12 4
12 195
12 3691
12 6873
12 180482
13 4
13 195
13 202
13 1692
13 15105
13 33636
13 37976
13 180484
13 180485
14 10
14 283
14 284
14 286
14 180486
15 5
15 27
15 99
15 131
15 132
15 133
15 135
15 180487
16 3
16 4
16 5
16 175612
16 180269
16 180488
17 9
17 10
17 11
17 13
17 180489
18 4
18 5
18 99
18 131
18 132
18 133
18 152
18 180490
19 3
19 4
19 5
19 4447
19 4449
19 180491
20 158
20 159
20 160
20 162
20 180492
21 9
21 10
21 11
21 13
21 163
22 5
22 20
22 99
22 131
22 132
22 133
22 165
22 166
23 5
23 20
23 202
23 1718
23 57849
23 180493
24 3
24 5
24 20
24 15215
24 65093
24 131674
24 180494
25 71
25 76
25 190
25 191
25 180495
seqId 424
1 5
1 27
1 99
1 131
1 132
1 133
1 699
1 180496
2 3
2 4
2 5
2 7388
2 27055
2 180497
3 10
3 126
3 127
3 129
3 180498
4 5
4 27
4 99
4 131
4 132
4 133
4 135
4 180499
5 3
5 5
5 20
5 5458
5 8342
5 180500
6 10
6 1010
6 1011
6 1013
6 180501
7 9
7 10
7 24
7 26
7 27
7 180502
8 3
8 5
8 20
8 169759
8 169761
8 180503
9 76
9 342
9 343
9 345
9 180504
10 82
10 759
10 2852
10 2854
10 180505
11 4
11 5
11 99
11 131
11 132
11 133
11 152
11 141479
12 3
12 4
12 5
12 8842
12 9174
12 180506
13 10
13 279
13 11672
13 11673
13 180507
14 4
14 5
14 99
14 131
14 132
14 133
14 152
14 180508
15 3
15 4
15 5
15 8152
15 9005
15 180509
16 9
16 10
16 24
16 26
16 27
16 180510
17 5
17 20
17 99
17 133
17 175
17 176
17 1316
17 180511
18 3
18 5
18 20
18 9469
18 10946
18 104382
19 5
19 20
19 202
19 3386
19 10488
19 180512
20 5
20 84
20 90
20 93
20 121
20 3360
20 4621
20 28087
20 180513
21 90
21 443
21 7504
21 9112
21 180514
22 717
22 718
22 719
22 721
22 180515
23 10
23 146
23 147
23 149
23 722
24 5
24 20
24 99
24 131
24 132
24 133
24 165
24 166
25 3
25 5
25 20
25 724
25 726
25 180516
26 158
26 159
26 160
26 162
26 180517
27 9
27 10
27 11
27 13
27 163
28 5
28 20
28 99
28 131
28 132
28 133
28 165
28 166
29 5
29 20
29 202
29 566
29 568
29 180518
30 3
30 5
30 20
30 384
30 386
30 180519
31 76
31 342
31 343
31 345
31 180520
32 5
32 84
32 91
32 93
32 121
32 702
32 703
32 705
32 180521
33 5
33 20
33 90
33 122
33 708
33 2333
33 7738
33 180522
34 9
34 10
34 24
34 26
34 27
34 180523
35 90
35 443
35 1587
35 180525
35 180526
35 180527
36 4
36 5
36 99
36 133
36 175
36 176
36 178
36 141499
37 3
37 4
37 5
37 16756
37 16758
37 180528
38 4
38 5
38 202
38 3386
38 6768
38 180529
39 4
39 5
39 202
39 40265
39 47131
39 180530
40 76
40 342
40 343
40 345
40 180531
41 82
41 758
41 759
41 761
41 18044
42 82
42 84
42 114
42 115
42 116
42 1361
42 180532
43 5
43 84
43 90
43 91
43 93
43 121
43 5094
43 43394
43 180533
44 660
44 35876
44 35877
44 35879
44 180534
45 10
45 126
45 127
45 129
45 180535
46 5
46 20
46 99
46 133
46 175
46 176
46 1316
46 104418
47 5
47 20
47 202
47 2294
47 2296
47 180536
48 3
48 5
48 20
48 7393
48 7395
48 180537
49 75
49 76
49 77
49 79
49 180538
50 4
50 5
50 99
50 131
50 132
50 133
50 152
50 69407
51 3
51 4
51 5
51 3691
51 3693
51 180539
52 10
52 126
52 127
52 129
52 180540
53 99
53 131
53 132
53 133
53 195
53 237
53 180541
54 3
54 4
54 195
54 340
54 1047
54 85596
54 151941
54 180543
54 180544
55 82
55 758
55 759
55 761
55 180545
56 5
56 84
56 90
56 91
56 93
56 121
56 3433
56 180547
56 180548
57 5
57 67
57 17618
57 17621
57 180549
58 67
58 15222
58 15223
58 15225
58 180550
59 76
59 342
59 343
59 345
59 180551
60 67
60 128840
60 128841
60 128843
60 180552
61 67
61 75484
61 75485
61 75487
61 75488
61 180553
62 76
62 342
62 343
62 345
62 180554
63 660
63 976
63 979
63 1458
63 180555
64 944
64 945
64 946
64 948
64 180556
65 67
65 180558
65 180559
65 180560
65 180561
66 67
66 50053
66 180563
66 180564
66 180565
66 180566
66 180567
67 76
67 342
67 343
67 345
67 180568
68 3
68 5
68 20
68 11811
68 11813
68 180570
69 243
69 244
69 245
69 247
69 69428
70 3
70 5
70 20
70 2034
70 2036
70 180571
71 5
71 20
71 90
71 122
71 708
71 713
71 3372
71 6990
71 180572
72 158
72 159
72 160
72 162
72 180573
73 9
73 10
73 11
73 13
73 163
74 5
74 20
74 99
74 131
74 132
74 133
74 165
74 166
75 67
75 458
75 1692
75 3213
75 69867
75 167933
75 167934
75 180574
76 76
76 342
76 343
76 345
76 180575
77 660
77 3261
77 3262
77 3264
77 180576
78 9
78 10
78 24
78 26
78 27
78 180577
79 4
79 5
79 99
79 133
79 175
79 176
79 178
79 180578
80 3
80 4
80 5
80 57494
80 57496
80 180579
81 9
81 10
81 11
81 13
81 141566
82 3
82 20
82 195
82 340
82 2887
82 2889
82 180580
83 71
83 76
83 190
83 191
83 180581
seqId 425
1 99
1 131
1 132
1 133
1 195
1 1220
1 180582
2 3
2 4
2 195
2 340
2 1047
2 85596
2 151941
2 180543
2 180583
3 84
3 91
3 93
3 121
3 195
3 703
3 707
3 1858
3 180584
4 4
4 5
4 99
4 133
4 175
4 176
4 178
4 180585
5 3
5 4
5 5
5 347
5 7681
5 180586
6 82
6 758
6 759
6 761
6 180587
7 5
7 84
7 91
7 93
7 121
7 703
7 707
7 956
7 180588
8 660
8 6560
8 10036
8 10038
8 180589
9 4
9 5
9 90
9 122
9 708
9 713
9 3372
9 24510
9 180590
10 76
10 342
10 343
10 345
10 180591
11 10
11 283
11 284
11 286
11 180592
12 5
12 27
12 99
12 131
12 132
12 133
12 135
12 180593
13 3
13 4
13 5
13 17766
13 140930
13 171304
13 180594
14 76
14 342
14 343
14 345
14 180595
15 717
15 718
15 719
15 721
15 180596
16 10
16 146
16 147
16 149
16 722
17 5
17 20
17 99
17 131
17 132
17 133
17 165
17 166
18 5
18 20
18 202
18 1718
18 57849
18 180597
19 3
19 5
19 20
19 15215
19 65093
19 131674
19 180598
20 243
20 244
20 245
20 247
20 180599
21 10
21 146
21 147
21 149
21 180600
22 4
22 5
22 99
22 131
22 132
22 133
22 152
22 180601
23 4
23 5
23 67
23 131667
23 131669
23 180602
24 71
24 76
24 190
24 191
24 180603
seqId 426
1 5
1 20
1 99
1 131
1 132
1 133
1 967
1 180604
2 3
2 5
2 20
2 3775
2 3777
2 180605
3 9
3 10
3 24
3 26
3 27
3 180606
4 90
4 443
4 1587
4 180608
4 180609
4 180610
5 99
5 131
5 132
5 133
5 195
5 237
5 180611
6 5
6 20
6 202
6 15065
6 131933
6 131935
6 180612
7 243
7 244
7 245
7 247
7 180613
8 5
8 20
8 202
8 15065
8 131938
8 131940
8 180614
9 3
9 20
9 195
9 16951
9 131943
9 180615
10 76
10 342
10 343
10 345
10 180616
11 243
11 244
11 245
11 247
11 180617
12 9
12 10
12 26
12 169
12 171
12 180618
13 82
13 83
13 84
13 115
13 5729
13 5731
13 180619
14 90
14 443
14 103597
14 103599
14 180620
15 4
15 5
15 99
15 133
15 175
15 176
15 178
15 180621
16 3
16 4
16 5
16 5859
16 24599
16 180622
17 660
17 18071
17 18072
17 18074
17 180623
18 4
18 5
18 202
18 33333
18 128384
18 180625
19 76
19 342
19 343
19 345
19 180626
20 5
20 84
20 90
20 91
20 93
20 121
20 2333
20 2335
20 180627
21 9
21 10
21 11
21 13
21 180628
22 90
22 443
22 4766
22 5065
22 69484
23 3
23 5
23 20
23 4570
23 4572
23 180629
24 10
24 126
24 127
24 129
24 180630
25 4
25 5
25 202
25 1377
25 12034
25 141635
26 5
26 27
26 99
26 131
26 132
26 133
26 135
26 180631
27 3
27 4
27 5
27 14686
27 14688
27 180632
28 9
28 10
28 24
28 26
28 27
28 180633
29 4
29 5
29 99
29 133
29 175
29 176
29 178
29 180634
30 3
30 4
30 5
30 347
30 7681
30 180635
31 82
31 758
31 759
31 761
31 180636
32 5
32 84
32 90
32 91
32 93
32 121
32 5094
32 43394
32 180637
33 5
33 99
33 115
33 773
33 774
33 775
33 776
33 778
33 180638
34 3
34 5
34 20
34 16848
34 16850
34 180639
35 10
35 27
35 1113
35 1114
35 1116
35 180640
36 10
36 109
36 110
36 112
36 180641
37 5
37 20
37 202
37 46696
37 133122
37 180642
38 3
38 5
38 20
38 16951
38 16953
38 180643
39 230
39 231
39 232
39 234
39 104537
40 9
40 10
40 11
40 13
40 163
41 99
41 131
41 132
41 133
41 195
41 236
41 237
42 3
42 4
42 195
42 340
42 23042
42 34205
42 180644
43 71
43 76
43 190
43 191
43 180645
seqId 427
1 10
1 109
1 878
1 1539
1 180646
2 660
2 4185
2 4186
2 4188
2 180647
3 76
3 342
3 343
3 345
3 141653
4 4
4 5
4 99
4 131
4 132
4 133
4 152
4 180648
5 3
5 4
5 5
5 1470
5 1472
5 180649
6 4
6 5
6 202
6 169393
6 169395
6 180650
7 10
7 378
7 379
7 381
7 180651
8 4
8 5
8 98
8 99
8 100
8 1927
8 180652
9 4
9 5
9 202
9 9960
9 19296
9 180653
10 3
10 4
10 5
10 1913
10 1915
10 180654
11 5
11 84
11 90
11 91
11 93
11 121
11 2333
11 2335
11 180655
12 9
12 10
12 11
12 13
12 180656
13 90
13 443
13 59318
13 59922
13 180657
14 99
14 133
14 175
14 176
14 195
14 234
14 180658
15 3
15 20
15 195
15 37928
15 60441
15 180659
16 230
16 231
16 232
16 234
16 180660
17 9
17 10
17 11
17 13
17 163
18 99
18 131
18 132
18 133
18 195
18 236
18 237
19 3
19 4
19 195
19 340
19 1047
19 85596
19 151941
19 180543
19 180661
20 82
20 759
20 2852
20 2854
20 180662
21 5
21 20
21 81
21 82
21 83
21 84
21 85
21 87
21 180663
22 5
22 84
22 90
22 91
22 93
22 121
22 2081
22 2426
22 180664
23 82
23 84
23 114
23 115
23 116
23 1361
23 180665
24 90
24 443
24 57599
24 63896
24 180666
25 27
25 118
25 945
25 2473
25 12602
25 180667
26 20
26 82
26 83
26 84
26 115
26 195
26 1824
26 1826
26 180668
27 171
27 660
27 661
27 910
27 912
27 180669
28 84
28 90
28 91
28 93
28 195
28 914
28 1274
28 180671
28 180672
29 660
29 661
29 1240
29 1242
29 180673
30 10
30 283
30 284
30 286
30 180674
31 99
31 131
31 132
31 133
31 195
31 237
31 180675
32 3
32 20
32 195
32 16951
32 131943
32 180676
33 20
33 195
33 202
33 340
33 62990
33 62992
33 180677
34 71
34 76
34 190
34 191
34 180678
seqId 428
1 4
1 5
1 99
1 133
1 175
1 176
1 5129
1 180679
2 3
2 4
2 5
2 57494
2 57496
2 180680
3 9
3 10
3 11
3 13
3 180681
4 3
4 4
4 195
4 6862
4 14459
4 180682
5 9
5 10
5 24
5 26
5 27
5 180683
6 3
6 4
6 195
6 1395
6 1397
6 180684
7 243
7 244
7 245
7 247
7 180685
8 9
8 10
8 11
8 13
8 69541
9 3
9 20
9 195
9 340
9 2887
9 2889
9 180686
10 5
10 84
10 90
10 91
10 93
10 121
10 3360
10 5608
10 180687
11 90
11 443
11 2333
11 3366
11 180688
12 660
12 6695
12 6696
12 6698
12 180689
13 9
13 10
13 11
13 13
13 180690
14 90
14 443
14 1345
14 9933
14 180691
15 10
15 109
15 110
15 112
15 180692
16 3
16 4
16 5
16 21329
16 21331
16 180693
17 5
17 20
17 99
17 131
17 132
17 133
17 166
17 180694
18 3
18 5
18 20
18 31623
18 31625
18 180695
19 5
19 20
19 202
19 4424
19 28719
19 180696
20 230
20 231
20 232
20 234
20 18270
21 9
21 10
21 11
21 13
21 163
22 99
22 131
22 132
22 133
22 195
22 236
22 237
23 3
23 4
23 195
23 340
23 180698
23 180699
23 180700
24 10
24 283
24 284
24 286
24 180701
25 5
25 27
25 99
25 131
25 132
25 133
25 135
25 180702
26 3
26 4
26 5
26 780
26 782
26 180703
27 230
27 231
27 232
27 234
27 180704
28 9
28 10
28 11
28 13
28 163
29 99
29 131
29 132
29 133
29 195
29 236
29 237
30 3
30 4
30 195
30 470
30 24460
30 180705
31 9
31 10
31 24
31 26
31 27
31 180706
32 3
32 4
32 5
32 1047
32 85596
32 151941
32 180543
32 180708
33 71
33 76
33 190
33 191
33 180709
seqId 429
1 10
1 378
1 3871
1 3873
1 180710
2 5
2 20
2 99
2 131
2 132
2 133
2 166
2 180711
3 5
3 20
3 202
3 566
3 568
3 180712
4 3
4 5
4 20
4 384
4 386
4 180713
5 76
5 342
5 343
5 345
5 180714
6 67
6 71
6 1026
6 18413
6 18414
6 180715
7 67
7 48669
7 175594
7 175595
7 175597
7 180716
8 243
8 244
8 245
8 247
8 180717
9 36
9 67
9 71
9 18488
9 18489
9 180718
10 67
10 75484
10 75485
10 75487
10 75488
10 180719
11 84
11 90
11 91
11 92
11 93
11 195
11 5874
11 26497
11 131212
11 180721
12 5
12 20
12 99
12 133
12 175
12 176
12 1316
12 180722
13 3
13 5
13 20
13 429
13 431
13 180723
14 5
14 20
14 202
14 5335
14 8517
14 180724
15 10
15 126
15 127
15 129
15 180725
16 99
16 131
16 132
16 133
16 195
16 237
16 180726
17 3
17 20
17 195
17 180728
17 180729
17 180730
18 76
18 342
18 343
18 345
18 180731
19 3
19 4
19 195
19 52347
19 180733
19 180734
19 180735
20 243
20 244
20 245
20 247
20 180736
21 3
21 4
21 195
21 340
21 180738
21 180739
21 180740
22 158
22 159
22 160
22 162
22 180741
23 9
23 10
23 11
23 13
23 163
24 5
24 20
24 99
24 131
24 132
24 133
24 165
24 166
25 3
25 5
25 20
25 175644
25 175646
25 180742
26 10
26 109
26 110
26 112
26 180743
27 3
27 4
27 5
27 4550
27 8014
27 180744
28 4
28 5
28 202
28 6594
28 6596
28 180745
29 243
29 244
29 245
29 247
29 180746
30 4
30 5
30 202
30 12805
30 31456
30 180747
31 10
31 283
31 284
31 286
31 180748
32 4
32 5
32 99
32 131
32 132
32 133
32 152
32 180749
33 4
33 5
33 67
33 3042
33 3045
33 180750
34 9
34 10
34 24
34 26
34 27
34 180751
35 5
35 20
35 202
35 36111
35 168242
35 180752
36 3
36 5
36 20
36 7633
36 168245
36 180753
37 71
37 76
37 190
37 191
37 180754
seqId 430
1 5
1 99
1 115
1 773
1 775
1 776
1 2192
1 24360
1 180755
2 3
2 5
2 20
2 1650
2 3499
2 180756
3 5
3 84
3 91
3 93
3 121
3 703
3 707
3 956
3 180757
4 9
4 10
4 11
4 13
4 69599
5 90
5 443
5 8415
5 28349
5 180758
6 10
6 146
6 147
6 149
6 180759
7 90
7 443
7 2125
7 2127
7 180760
8 20
8 82
8 84
8 98
8 100
8 102
8 180761
9 82
9 758
9 759
9 761
9 180762
10 5
10 84
10 90
10 91
10 93
10 121
10 3777
10 4766
10 180763
11 5
11 20
11 99
11 133
11 175
11 176
11 1316
11 180764
12 3
12 5
12 20
12 170176
12 170178
12 180766
13 76
13 342
13 343
13 345
13 180767
14 717
14 718
14 719
14 721
14 180768
15 10
15 146
15 149
15 722
15 1539
16 5
16 20
16 99
16 131
16 132
16 133
16 165
16 166
17 660
17 180770
17 180771
17 180772
17 180773
18 230
18 231
18 232
18 234
18 180774
19 9
19 10
19 11
19 13
19 163
20 99
20 131
20 132
20 133
20 195
20 236
20 237
21 4
21 195
21 202
21 3106
21 47944
21 180775
22 3
22 4
22 195
22 20142
22 180777
22 180778
23 4
23 195
23 202
23 340
23 161014
23 161016
23 180779
24 75
24 76
24 77
24 79
24 180780
25 5
25 27
25 99
25 131
25 132
25 133
25 135
25 180781
26 3
26 5
26 20
26 3937
26 37531
26 180782
27 5
27 84
27 91
27 93
27 121
27 703
27 707
27 956
27 180783
28 9
28 10
28 11
28 13
28 180784
29 90
29 443
29 116822
29 116824
29 180785
30 10
30 146
30 147
30 149
30 180786
31 90
31 443
31 1587
31 22404
31 180788
31 180789
32 5
32 20
32 99
32 131
32 132
32 133
32 166
32 180790
33 3
33 5
33 20
33 24116
33 24118
33 104683
34 230
34 231
34 232
34 234
34 180791
35 9
35 10
35 11
35 13
35 163
36 99
36 131
36 132
36 133
36 195
36 236
36 237
37 3
37 4
37 195
37 347
37 349
37 180792
38 82
38 758
38 759
38 761
38 180793
39 84
39 90
39 91
39 93
39 121
39 195
39 4338
39 23325
39 180794
40 10
40 146
40 147
40 149
40 18379
41 4
41 5
41 99
41 131
41 132
41 133
41 152
41 18380
42 3
42 4
42 5
42 24032
42 24034
42 180795
43 158
43 159
43 160
43 162
43 180796
44 9
44 10
44 11
44 13
44 163
45 5
45 20
45 99
45 131
45 132
45 133
45 165
45 166
46 3
46 5
46 20
46 12137
46 12139
46 180797
47 9
47 10
47 11
47 13
47 180798
48 3
48 5
48 20
48 170176
48 170178
48 180799
49 76
49 342
49 343
49 345
49 180800
50 10
50 109
50 110
50 112
50 180801
51 90
51 121
51 122
51 22433
51 180803
51 180804
52 660
52 6695
52 6696
52 6698
52 180805
53 4
53 5
53 99
53 131
53 132
53 133
53 152
53 180806
54 3
54 4
54 5
54 5469
54 5471
54 180807
55 4
55 5
55 202
55 180809
55 180810
55 180811
56 82
56 759
56 944
56 948
56 180812
57 5
57 84
57 90
57 91
57 93
57 121
57 1064
57 32173
57 180813
58 5
58 27
58 99
58 131
58 132
58 133
58 135
58 180814
59 3
59 5
59 20
59 23785
59 54281
59 180815
60 10
60 109
60 110
60 112
60 180816
61 4
61 5
61 99
61 131
61 132
61 133
61 152
61 180817
62 3
62 4
62 5
62 4550
62 8014
62 180818
63 71
63 76
63 190
63 191
63 180819
seqId 431
1 5
1 20
1 98
1 99
1 100
1 8099
1 180820
2 3
2 5
2 20
2 9584
2 9586
2 180821
3 9
3 10
3 11
3 13
3 180822
4 90
4 443
4 16673
4 39719
4 180823
5 4
5 5
5 99
5 131
5 132
5 133
5 152
5 180824
6 3
6 4
6 5
6 4420
6 4422
6 180825
7 230
7 231
7 232
7 234
7 180826
8 9
8 10
8 11
8 13
8 163
9 99
9 131
9 132
9 133
9 195
9 236
9 237
10 3
10 20
10 195
10 340
10 170176
10 170178
10 180827
11 10
11 283
11 284
11 286
11 180828
12 4
12 5
12 99
12 131
12 132
12 133
12 152
12 180829
13 3
13 4
13 5
13 7178
13 21009
13 180830
14 82
14 84
14 114
14 115
14 116
14 1361
14 180831
15 5
15 84
15 90
15 91
15 93
15 121
15 4414
15 4417
15 180832
16 10
16 283
16 284
16 286
16 180833
17 99
17 131
17 132
17 133
17 195
17 237
17 180834
18 3
18 20
18 195
18 21117
18 83135
18 180835
19 20
19 195
19 202
19 39745
19 54334
19 180836
20 9
20 10
20 24
20 26
20 27
20 180837
21 67
21 5933
21 32572
21 32573
21 32575
21 180838
22 27
22 82
22 759
22 944
22 1463
22 180839
23 4
23 82
23 83
23 84
23 115
23 195
23 1824
23 3621
23 180840
24 84
24 90
24 91
24 93
24 121
24 195
24 7530
24 47725
24 180841
25 243
25 244
25 245
25 247
25 180842
26 82
26 758
26 759
26 761
26 180843
27 84
27 90
27 91
27 93
27 121
27 195
27 4379
27 13099
27 180844
28 10
28 126
28 127
28 129
28 180845
29 5
29 27
29 99
29 131
29 132
29 133
29 135
29 18440
30 3
30 5
30 20
30 479
30 180847
30 180848
30 180849
31 230
31 231
31 232
31 234
31 180850
32 9
32 10
32 11
32 13
32 163
33 99
33 131
33 132
33 133
33 195
33 236
33 237
34 3
34 20
34 195
34 340
34 175653
34 175655
34 180851
35 10
35 828
35 829
35 831
35 180852
36 99
36 131
36 132
36 133
36 195
36 237
36 141866
37 3
37 20
37 195
37 340
37 180462
37 180464
37 180853
38 10
38 109
38 110
38 112
38 180854
39 67
39 3042
39 3043
39 3045
39 180855
40 717
40 718
40 719
40 721
40 69690
41 10
41 146
41 147
41 149
41 722
42 5
42 20
42 99
42 131
42 132
42 133
42 165
42 166
43 5
43 20
43 72
43 202
43 1104
43 15065
43 49846
43 131935
43 155350
43 175660
43 180856
44 3
44 5
44 20
44 16951
44 16953
44 180857
45 76
45 413
45 414
45 416
45 180858
46 67
46 71
46 1026
46 18413
46 18414
46 180859
47 67
47 48669
47 175594
47 175595
47 175597
47 180860
48 76
48 433
48 434
48 436
48 180861
49 243
49 244
49 245
49 247
49 180862
50 10
50 126
50 127
50 129
50 180863
51 4
51 5
51 99
51 131
51 132
51 133
51 152
51 104751
52 3
52 4
52 5
52 14557
52 62086
52 104752
53 230
53 231
53 232
53 234
53 180864
54 9
54 10
54 11
54 13
54 163
55 99
55 131
55 132
55 133
55 195
55 236
55 237
56 3
56 20
56 195
56 6269
56 6271
56 180865
57 76
57 413
57 414
57 416
57 180866
58 51
58 195
58 14302
58 57178
58 57612
58 58107
58 180868
58 180869
59 76
59 433
59 434
59 436
59 180870
60 4
60 5
60 90
60 122
60 708
60 713
60 1345
60 4853
60 180871
61 10
61 109
61 110
61 112
61 180872
62 3
62 4
62 5
62 4420
62 4422
62 180873
63 10
63 828
63 829
63 831
63 180874
64 4
64 5
64 99
64 133
64 175
64 176
64 178
64 180875
65 3
65 4
65 5
65 1104
65 130286
65 180877
65 180878
65 180879
66 4
66 5
66 202
66 168968
66 168970
66 180880
67 9
67 10
67 11
67 13
67 180881
68 90
68 443
68 1587
68 7535
68 7692
68 180883
69 5
69 20
69 99
69 131
69 132
69 133
69 166
69 180884
70 3
70 5
70 20
70 34802
70 38508
70 147126
70 180383
70 180885
71 76
71 413
71 414
71 416
71 180886
72 36
72 67
72 71
72 18488
72 18489
72 180887
73 67
73 75484
73 75485
73 75487
73 75488
73 180888
74 76
74 433
74 434
74 436
74 180889
75 71
75 76
75 190
75 191
75 180890
seqId 432
1 9
1 10
1 1886
1 20009
1 180891
2 5
2 99
2 115
2 773
2 774
2 775
2 776
2 778
2 180892
3 3
3 5
3 20
3 24951
3 38843
3 180893
4 76
4 342
4 343
4 345
4 180894
5 67
5 71
5 407
5 18660
5 18661
5 180895
6 67
6 310
6 57195
6 178147
6 178148
6 180896
7 5
7 84
7 90
7 91
7 93
7 121
7 3686
7 21141
7 180897
8 99
8 133
8 175
8 176
8 195
8 234
8 180898
9 3
9 4
9 15
9 195
9 4121
9 180899
10 10
10 126
10 127
10 129
10 180900
11 5
11 27
11 99
11 131
11 132
11 133
11 135
11 180901
12 4
12 5
12 202
12 169393
12 169395
12 180902
13 3
13 4
13 5
13 128205
13 128207
13 180903
14 4
14 5
14 202
14 180905
14 180906
14 180907
15 82
15 758
15 759
15 761
15 180908
16 5
16 84
16 90
16 91
16 93
16 121
16 7704
16 30340
16 180909
17 5
17 27
17 99
17 131
17 132
17 133
17 135
17 180910
18 3
18 4
18 5
18 2608
18 4490
18 180911
19 9
19 10
19 11
19 13
19 180912
20 5
20 27
20 99
20 131
20 132
20 133
20 135
20 69772
21 3
21 4
21 5
21 175612
21 180269
21 180913
22 717
22 718
22 719
22 721
22 180914
23 10
23 146
23 147
23 149
23 722
24 5
24 20
24 99
24 131
24 132
24 133
24 165
24 166
25 5
25 20
25 202
25 1718
25 57849
25 180915
26 3
26 5
26 20
26 15215
26 65093
26 131674
26 180916
27 71
27 76
27 190
27 191
27 180917
seqId 433
1 5
1 99
1 115
1 773
1 774
1 775
1 776
1 31621
1 180918
2 3
2 5
2 20
2 1650
2 3499
2 180919
3 5
3 84
3 91
3 93
3 121
3 703
3 707
3 956
3 180920
4 9
4 10
4 11
4 13
4 180921
5 90
5 443
5 16673
5 39719
5 180922
6 99
6 131
6 132
6 133
6 195
6 237
6 180923
7 3
7 20
7 195
7 180925
7 180926
7 180927
8 20
8 195
8 202
8 340
8 180905
8 180907
8 180929
9 9
9 10
9 11
9 13
9 180930
10 5
10 27
10 99
10 131
10 132
10 133
10 135
10 180931
11 3
11 4
11 5
11 347
11 7681
11 141954
12 4
12 5
12 202
12 15105
12 33636
12 98710
12 180933
12 180934
13 76
13 342
13 343
13 345
13 180935
14 244
14 1249
14 1250
14 1252
14 180936
15 660
15 1622
15 1623
15 1625
15 180937
16 9
16 10
16 24
16 26
16 27
16 180938
17 90
17 443
17 1917
17 3590
17 180939
18 660
18 2906
18 19025
18 36107
18 180940
19 5
19 20
19 98
19 99
19 100
19 102
19 69801
20 3
20 5
20 20
20 31126
20 31128
20 180941
21 5
21 20
21 202
21 92013
21 92015
21 180942
22 5
22 84
22 91
22 93
22 121
22 702
22 703
22 705
22 180943
23 5
23 20
23 90
23 122
23 708
23 769
23 2081
23 2083
23 18564
24 90
24 443
24 31018
24 31020
24 180944
25 9
25 10
25 11
25 13
25 180945
26 3
26 4
26 5
26 1931
26 1933
26 180946
27 10
27 146
27 147
27 149
27 180947
28 5
28 27
28 99
28 131
28 132
28 133
28 135
28 180948
29 3
29 4
29 5
29 2608
29 4490
29 180949
30 230
30 231
30 232
30 234
30 180950
31 9
31 10
31 11
31 13
31 163
32 99
32 131
32 132
32 133
32 195
32 236
32 237
33 3
33 20
33 195
33 2081
33 36474
33 180951
34 20
34 195
34 202
34 180953
34 180954
34 180955
34 180956
35 10
35 146
35 147
35 149
35 180957
36 4
36 5
36 99
36 131
36 132
36 133
36 152
36 104842
37 3
37 4
37 5
37 4447
37 4449
37 180958
38 158
38 159
38 160
38 162
38 180959
39 9
39 10
39 11
39 13
39 163
40 5
40 20
40 99
40 131
40 132
40 133
40 165
40 166
41 5
41 20
41 202
41 1718
41 57849
41 180960
42 3
42 5
42 20
42 15215
42 65093
42 131674
42 180961
43 243
43 244
43 245
43 247
43 180962
44 10
44 146
44 147
44 149
44 69844
45 4
45 5
45 99
45 131
45 132
45 133
45 152
45 180963
46 3
46 4
46 5
46 1913
46 1915
46 180964
47 4
47 5
47 202
47 140235
47 144993
47 180965
48 76
48 342
48 343
48 345
48 180966
49 244
49 15672
49 15673
49 15675
49 180967
50 4
50 5
50 202
50 21185
50 78431
50 180968
51 75
51 76
51 77
51 79
51 180969
52 4
52 5
52 82
52 83
52 84
52 115
52 763
52 1264
52 180970
53 5
53 84
53 90
53 91
53 93
53 121
53 4180
53 34509
53 180971
54 90
54 443
54 98217
54 110772
54 180972
55 660
55 976
55 977
55 979
55 180973
56 76
56 342
56 343
56 345
56 180974
57 10
57 828
57 831
57 1539
57 180975
58 3
58 5
58 20
58 6890
58 6892
58 180976
59 76
59 342
59 343
59 345
59 142003
60 5
60 20
60 99
60 131
60 132
60 133
60 166
60 180977
61 5
61 20
61 202
61 33713
61 33715
61 180978
62 3
62 5
62 20
62 1892
62 37252
62 180979
63 5
63 20
63 202
63 26498
63 121026
63 170999
63 180981
63 180982
64 9
64 10
64 11
64 13
64 180983
65 4
65 5
65 99
65 131
65 132
65 133
65 152
65 180984
66 3
66 4
66 5
66 4447
66 4449
66 180985
67 158
67 159
67 160
67 162
67 180986
68 9
68 10
68 11
68 13
68 163
69 5
69 20
69 99
69 131
69 132
69 133
69 165
69 166
70 5
70 20
70 202
70 1718
70 57849
70 180987
71 3
71 5
71 20
71 15215
71 65093
71 131674
71 180988
72 717
72 718
72 719
72 721
72 180989
73 10
73 146
73 147
73 149
73 722
74 5
74 20
74 99
74 131
74 132
74 133
74 165
74 166
75 3
75 5
75 20
75 13338
75 13340
75 180990
76 230
76 231
76 232
76 234
76 180991
77 9
77 10
77 11
77 13
77 163
78 99
78 131
78 132
78 133
78 195
78 236
78 237
79 20
79 195
79 202
79 1951
79 18077
79 180992
80 3
80 20
80 195
80 340
80 97989
80 97991
80 180993
81 158
81 159
81 160
81 162
81 180994
82 9
82 10
82 11
82 13
82 163
83 5
83 20
83 99
83 131
83 132
83 133
83 165
83 166
84 3
84 5
84 20
84 10891
84 180996
84 180997
84 180998
85 243
85 244
85 245
85 247
85 142022
86 158
86 159
86 160
86 162
86 18628
87 9
87 10
87 11
87 13
87 163
88 5
88 20
88 99
88 131
88 132
88 133
88 165
88 166
89 3
89 5
89 20
89 6072
89 8684
89 45266
89 181000
89 181001
90 71
90 76
90 190
90 191
90 181002
seqId 434
1 5
1 20
1 27
1 36
1 82
1 84
1 98
1 100
1 181003
2 5
2 84
2 91
2 93
2 121
2 703
2 707
2 956
2 142026
3 660
3 40549
3 40550
3 40552
3 181004
4 5
4 20
4 99
4 131
4 132
4 133
4 166
4 181005
5 3
5 5
5 20
5 33207
5 34668
5 181007
5 181008
6 5
6 20
6 202
6 20423
6 181010
6 181011
7 9
7 10
7 11
7 13
7 181012
8 5
8 27
8 99
8 131
8 132
8 133
8 135
8 181013
9 3
9 4
9 5
9 175612
9 180269
9 181014
10 76
10 2265
10 2266
10 2268
10 181015
11 3
11 4
11 195
11 347
11 349
11 181016
12 243
12 244
12 245
12 247
12 18647
13 3
13 20
13 195
13 12137
13 22765
13 181017
14 20
14 195
14 202
14 6690
14 9994
14 181018
15 76
15 2265
15 2266
15 2268
15 181019
16 243
16 244
16 245
16 247
16 181020
17 158
17 159
17 160
17 162
17 181021
18 9
18 10
18 11
18 13
18 163
19 5
19 20
19 99
19 131
19 132
19 133
19 165
19 166
20 3
20 5
20 20
20 2081
20 29574
20 181022
21 5
21 20
21 202
21 48761
21 180953
21 180955
21 181024
22 10
22 283
22 284
22 286
22 181025
23 99
23 133
23 175
23 176
23 195
23 234
23 181026
24 3
24 20
24 195
24 10660
24 10662
24 181027
25 9
25 10
25 11
25 13
25 181028
26 3
26 20
26 195
26 31126
26 38752
26 181029
27 243
27 244
27 245
27 247
27 181030
28 9
28 10
28 11
28 13
28 181031
29 3
29 4
29 195
29 5859
29 14468
29 181032
30 82
30 758
30 759
30 761
30 181033
31 5
31 84
31 91
31 93
31 121
31 703
31 707
31 956
31 181034
32 717
32 718
32 719
32 721
32 181035
33 10
33 146
33 147
33 149
33 722
34 5
34 20
34 99
34 131
34 132
34 133
34 165
34 166
35 3
35 5
35 20
35 8760
35 8762
35 181036
36 230
36 231
36 232
36 234
36 181037
37 9
37 10
37 11
37 13
37 163
38 99
38 131
38 132
38 133
38 195
38 236
38 237
39 3
39 4
39 195
39 7388
39 7390
39 181038
40 4
40 90
40 122
40 195
40 708
40 713
40 3686
40 5120
40 181039
41 10
41 828
41 829
41 831
41 181040
42 67
42 71
42 1026
42 18413
42 18414
42 181041
43 67
43 48669
43 175594
43 175595
43 175597
43 181042
44 76
44 342
44 343
44 345
44 181043
45 36
45 67
45 71
45 18488
45 18489
45 181044
46 67
46 75484
46 75485
46 75487
46 75488
46 181045
47 243
47 244
47 245
47 247
47 181046
48 67
48 71
48 407
48 18660
48 18661
48 181047
49 67
49 310
49 57195
49 178147
49 178148
49 181048
50 75
50 76
50 77
50 79
50 181049
51 5
51 27
51 99
51 131
51 132
51 133
51 135
51 181050
52 3
52 5
52 20
52 23785
52 54281
52 181051
53 5
53 84
53 90
53 91
53 93
53 121
53 8415
53 26981
53 181052
54 10
54 146
54 147
54 149
54 181053
55 4
55 5
55 99
55 131
55 132
55 133
55 152
55 181054
56 3
56 4
56 5
56 24032
56 24034
56 181055
57 158
57 159
57 160
57 162
57 181056
58 9
58 10
58 11
58 13
58 163
59 5
59 20
59 99
59 131
59 132
59 133
59 165
59 166
60 3
60 5
60 20
60 12137
60 12139
60 181057
61 230
61 231
61 232
61 234
61 181058
62 9
62 10
62 11
62 13
62 163
63 99
63 131
63 132
63 133
63 195
63 236
63 237
64 3
64 20
64 195
64 26371
64 26373
64 181059
65 243
65 244
65 245
65 247
65 181060
66 230
66 231
66 232
66 234
66 181061
67 9
67 10
67 11
67 13
67 163
68 99
68 131
68 132
68 133
68 195
68 236
68 237
69 3
69 4
69 195
69 14397
69 14399
69 181062
70 9
70 10
70 24
70 26
70 27
70 181063
71 3
71 4
71 5
71 175612
71 180269
71 181064
72 76
72 342
72 343
72 345
72 181065
73 243
73 244
73 245
73 247
73 181066
74 10
74 109
74 110
74 112
74 181067
75 3
75 5
75 20
75 4570
75 4572
75 181068
76 5
76 20
76 99
76 131
76 132
76 133
76 166
76 181069
77 3
77 5
77 20
77 24116
77 24118
77 181070
78 5
78 20
78 202
78 107774
78 107776
78 181072
79 10
79 1605
79 1606
79 1608
79 181073
80 3
80 4
80 195
80 347
80 349
80 181074
81 4
81 195
81 202
81 340
81 181076
81 181077
81 181078
82 5
82 84
82 91
82 93
82 121
82 703
82 707
82 956
82 181079
83 5
83 20
83 90
83 122
83 708
83 713
83 15502
83 15504
83 181080
84 10
84 828
84 829
84 831
84 181081
85 4
85 5
85 99
85 133
85 175
85 176
85 178
85 181082
86 3
86 4
86 5
86 3691
86 3693
86 70002
87 4
87 5
87 202
87 6072
87 8684
87 28005
87 181084
87 181085
88 82
88 758
88 759
88 761
88 181086
89 5
89 84
89 91
89 93
89 121
89 703
89 707
89 956
89 181087
90 4
90 5
90 90
90 122
90 708
90 713
90 1104
90 3433
90 80311
90 181089
91 10
91 146
91 147
91 149
91 181090
92 5
92 99
92 115
92 773
92 774
92 775
92 776
92 778
92 181091
93 3
93 5
93 20
93 137162
93 137164
93 181092
94 10
94 828
94 829
94 831
94 104973
95 4
95 5
95 99
95 131
95 132
95 133
95 152
95 181093
96 3
96 4
96 5
96 34647
96 34649
96 181094
97 4
97 5
97 202
97 3199
97 5132
97 181095
98 4
98 5
98 202
98 140235
98 144993
98 181096
99 71
99 76
99 190
99 191
99 181097
seqId 435
1 67
1 71
1 699
1 18402
1 18403
1 181098
2 67
2 20904
2 114603
2 178134
2 178135
2 181099
3 5
3 84
3 90
3 91
3 92
3 93
3 96
3 15502
3 32141
3 181101
4 4
4 5
4 98
4 99
4 100
4 1927
4 181102
5 3
5 4
5 5
5 3691
5 3693
5 181103
6 10
6 146
6 147
6 149
6 181104
7 5
7 20
7 99
7 133
7 175
7 176
7 1316
7 181105
8 5
8 20
8 202
8 2294
8 2296
8 181106
9 3
9 5
9 20
9 6686
9 6688
9 181107
10 75
10 76
10 77
10 79
10 181108
11 5
11 27
11 99
11 131
11 132
11 133
11 135
11 181109
12 3
12 4
12 5
12 7388
12 27055
12 181110
13 27
13 82
13 759
13 944
13 1463
13 181111
14 4
14 5
14 82
14 83
14 84
14 115
14 763
14 1264
14 181112
15 5
15 84
15 90
15 91
15 93
15 121
15 5094
15 43394
15 181113
16 10
16 1387
16 1388
16 1390
16 181114
17 67
17 48564
17 48566
17 52700
17 181115
18 67
18 5187
18 6828
18 14483
18 181117
18 181118
18 181119
19 10
19 126
19 127
19 129
19 181120
20 4
20 5
20 99
20 131
20 132
20 133
20 152
20 181121
21 3
21 4
21 5
21 180367
21 180369
21 181123
22 230
22 231
22 232
22 234
22 181124
23 9
23 10
23 11
23 13
23 163
24 99
24 131
24 132
24 133
24 195
24 236
24 237
25 3
25 20
25 195
25 424
25 25085
25 181125
26 9
26 10
26 11
26 13
26 181126
27 4
27 5
27 99
27 131
27 132
27 133
27 152
27 181127
28 3
28 4
28 5
28 2487
28 26531
28 181129
28 181130
28 181131
29 9
29 10
29 11
29 13
29 181132
30 67
30 72
30 1104
30 3349
30 165809
30 181134
30 181135
30 181136
30 181137
30 181138
31 10
31 146
31 147
31 149
31 181139
32 67
32 601
32 603
32 1197
32 181140
33 5
33 84
33 91
33 93
33 121
33 703
33 707
33 956
33 181141
34 5
34 20
34 99
34 133
34 175
34 176
34 1316
34 181142
35 3
35 5
35 20
35 1718
35 48150
35 181143
36 9
36 10
36 11
36 13
36 181144
37 90
37 443
37 17308
37 34513
37 181145
38 99
38 133
38 175
38 176
38 195
38 234
38 181146
39 3
39 4
39 195
39 340
39 1573
39 1575
39 181147
40 4
40 195
40 202
40 340
40 181149
40 181150
40 181151
41 76
41 2265
41 2266
41 2268
41 181152
42 717
42 718
42 719
42 721
42 181153
43 10
43 146
43 147
43 149
43 722
44 5
44 20
44 99
44 131
44 132
44 133
44 165
44 166
45 3
45 5
45 20
45 18025
45 18027
45 181154
46 5
46 20
46 202
46 6756
46 34953
46 34955
46 181155
47 27
47 82
47 759
47 944
47 1463
47 181156
48 5
48 84
48 90
48 91
48 93
48 121
48 702
48 705
48 181157
49 5
49 20
49 98
49 99
49 100
49 102
49 70082
50 3
50 5
50 20
50 1866
50 1868
50 181158
51 10
51 283
51 284
51 286
51 181159
52 99
52 131
52 132
52 133
52 195
52 237
52 181160
53 3
53 4
53 195
53 38988
53 41180
53 181161
54 9
54 10
54 24
54 26
54 27
54 181162
55 5
55 20
55 202
55 36111
55 168242
55 181163
56 3
56 5
56 20
56 7633
56 168245
56 181164
57 76
57 2265
57 2266
57 2268
57 181165
58 10
58 283
58 284
58 286
58 181166
59 5
59 99
59 115
59 773
59 775
59 776
59 2192
59 3593
59 181167
60 3
60 4
60 5
60 58086
60 117300
60 181168
61 4
61 5
61 26
61 202
61 168154
61 181170
61 181171
61 181172
62 71
62 76
62 190
62 191
62 181173
seqId 436
1 4
1 5
1 98
1 99
1 100
1 4105
1 181174
2 3
2 4
2 5
2 15
2 17
2 181175
3 5
3 84
3 90
3 91
3 93
3 121
3 3777
3 4766
3 181176
4 3
4 5
4 20
4 17801
4 17803
4 181177
5 10
5 146
5 147
5 149
5 181178
6 4
6 5
6 99
6 133
6 175
6 176
6 178
6 181179
7 3
7 4
7 5
7 1395
7 5941
7 181180
8 660
8 2347
8 2348
8 2350
8 181181
9 4
9 5
9 202
9 9309
9 9311
9 181182
10 4
10 5
10 90
10 122
10 708
10 713
10 3686
10 3765
10 181183
11 10
11 828
11 829
11 831
11 181184
12 67
12 17618
12 17619
12 17621
12 181185
13 67
13 15222
13 15223
13 15225
13 181186
14 76
14 342
14 343
14 345
14 181187
15 10
15 283
15 284
15 286
15 181188
16 5
16 20
16 99
16 131
16 132
16 133
16 166
16 181189
17 3
17 5
17 20
17 4345
17 4347
17 181190
18 9
18 10
18 11
18 13
18 18847
19 5
19 99
19 115
19 773
19 774
19 775
19 776
19 778
19 181191
20 3
20 5
20 20
20 1320
20 1322
20 181192
21 10
21 126
21 127
21 129
21 181193
22 4
22 5
22 99
22 131
22 132
22 133
22 152
22 181194
23 3
23 4
23 5
23 13423
23 89516
23 181196
23 181197
23 181198
23 181199
24 4
24 5
24 202
24 26316
24 27473
24 102299
24 181201
24 181202
25 76
25 342
25 343
25 345
25 181203
26 10
26 126
26 127
26 129
26 181204
27 99
27 131
27 132
27 133
27 195
27 237
27 181205
28 3
28 20
28 195
28 340
28 96409
28 142516
28 181207
28 181208
29 9
29 10
29 11
29 13
29 181209
30 3
30 4
30 5
30 181211
30 181212
30 181213
31 67
31 55351
31 55352
31 55354
31 181214
32 158
32 159
32 160
32 162
32 181215
33 9
33 10
33 11
33 13
33 163
34 5
34 20
34 99
34 131
34 132
34 133
34 165
34 166
35 5
35 20
35 202
35 15065
35 176549
35 176551
35 181216
36 3
36 5
36 20
36 16951
36 16953
36 181217
37 71
37 76
37 190
37 191
37 181218
seqId 437
1 10
1 146
1 35562
1 35564
1 181219
2 5
2 27
2 99
2 131
2 132
2 133
2 135
2 181220
3 3
3 4
3 5
3 181222
3 181223
3 181224
4 9
4 10
4 11
4 13
4 70154
5 4
5 5
5 99
5 131
5 132
5 133
5 152
5 181225
6 3
6 4
6 5
6 1913
6 1915
6 181226
7 76
7 342
7 343
7 345
7 181227
8 67
8 161872
8 161873
8 161875
8 181228
9 36
9 67
9 49295
9 181230
9 181231
9 181232
9 181233
10 5
10 84
10 90
10 91
10 93
10 121
10 60403
10 181235
10 181236
11 4
11 5
11 99
11 133
11 175
11 176
11 178
11 181237
12 3
12 4
12 5
12 7388
12 27055
12 181238
13 82
13 758
13 759
13 761
13 181239
14 5
14 84
14 90
14 91
14 93
14 121
14 42092
14 181241
14 181242
15 10
15 126
15 127
15 129
15 181243
16 5
16 20
16 99
16 131
16 132
16 133
16 166
16 181244
17 3
17 5
17 19
17 20
17 105
17 181245
18 9
18 10
18 11
18 13
18 181246
19 4
19 5
19 99
19 131
19 132
19 133
19 152
19 181247
20 3
20 4
20 5
20 13423
20 38175
20 80092
20 181249
20 181250
20 181251
21 10
21 279
21 11672
21 11673
21 181252
22 4
22 5
22 99
22 131
22 132
22 133
22 152
22 181253
23 3
23 4
23 5
23 22981
23 36973
23 181254
24 10
24 146
24 149
24 1539
24 181255
25 90
25 443
25 1334
25 8849
25 181256
26 660
26 6695
26 6696
26 6698
26 181257
27 9
27 10
27 24
27 26
27 27
27 181258
28 4
28 5
28 99
28 133
28 175
28 176
28 178
28 181259
29 3
29 4
29 5
29 1395
29 5941
29 181260
30 10
30 126
30 127
30 129
30 181261
31 99
31 131
31 132
31 133
31 195
31 237
31 181262
32 3
32 20
32 195
32 19603
32 29160
32 181263
33 20
33 90
33 122
33 195
33 708
33 713
33 4530
33 4532
33 181264
34 717
34 718
34 719
34 721
34 181265
35 10
35 146
35 147
35 149
35 722
36 5
36 20
36 99
36 131
36 132
36 133
36 165
36 166
37 3
37 5
37 20
37 18913
37 181267
37 181268
38 230
38 231
38 232
38 234
38 181269
39 9
39 10
39 11
39 13
39 163
40 99
40 131
40 132
40 133
40 195
40 236
40 237
41 3
41 20
41 195
41 180422
41 180424
41 181270
42 71
42 76
42 190
42 191
42 181271
seqId 438
1 51
1 52
1 2054
1 2056
1 181272
2 71
2 76
2 190
2 191
2 181273
seqId 439
1 3
1 4
1 195
1 340
1 38988
1 56542
1 181274
2 243
2 244
2 245
2 247
2 181275
3 3
3 4
3 5
3 7178
3 21009
3 181276
4 4
4 5
4 202
4 35387
4 36351
4 181277
seqId 440
1 5
1 20
1 99
1 131
1 132
1 133
1 967
1 181278
2 5
2 20
2 202
2 38807
2 38809
2 181279
3 5
3 20
3 67
3 37445
3 135367
3 171893
3 181280
4 5
4 84
4 90
4 91
4 92
4 93
4 96
4 11204
4 154306
4 181282
5 99
5 133
5 175
5 176
5 195
5 234
5 181283
6 3
6 20
6 195
6 2221
6 3410
6 181284
7 20
7 90
7 122
7 195
7 708
7 713
7 5073
7 29200
7 181285
8 9
8 10
8 11
8 13
8 181286
9 5
9 27
9 99
9 131
9 132
9 133
9 135
9 181287
10 3
10 4
10 5
10 14686
10 14688
10 18940
11 4
11 5
11 202
11 35387
11 36351
11 181288
12 4
12 5
12 202
12 168118
12 168120
12 181289
13 243
13 244
13 245
13 247
13 181290
14 4
14 5
14 202
14 140235
14 144993
14 181291
15 82
15 758
15 759
15 761
15 181292
16 76
16 342
16 343
16 345
16 181293
17 660
17 941
17 3768
17 3771
17 181294
18 171
18 944
18 945
18 1461
18 1463
18 181295
19 20
19 82
19 83
19 84
19 115
19 195
19 1824
19 1826
19 181296
20 84
20 90
20 91
20 93
20 121
20 195
20 14803
20 26224
20 44717
20 181298
20 181299
21 10
21 171
21 1113
21 1116
21 1662
21 181300
22 660
22 918
22 919
22 921
22 181301
23 10
23 146
23 147
23 149
23 105140
24 99
24 133
24 175
24 176
24 195
24 234
24 181302
25 3
25 4
25 195
25 340
25 597
25 599
25 181303
26 4
26 195
26 202
26 2075
26 2771
26 181304
27 76
27 342
27 343
27 345
27 181305
28 27
28 660
28 661
28 910
28 912
28 181306
29 82
29 83
29 84
29 109
29 112
29 115
29 181307
30 84
30 90
30 91
30 93
30 195
30 914
30 9969
30 13536
30 39049
30 181309
31 660
31 661
31 1240
31 1242
31 181310
32 660
32 18003
32 18004
32 18006
32 181311
33 660
33 1305
33 1306
33 1308
33 181312
34 660
34 3394
34 3396
34 62524
34 181313
35 71
35 76
35 190
35 191
35 181314
seqId 441
1 5
1 20
1 27
1 36
1 82
1 84
1 98
1 100
1 181315
2 5
2 84
2 91
2 93
2 121
2 703
2 707
2 956
2 181316
3 660
3 976
3 977
3 979
3 181317
4 944
4 945
4 946
4 948
4 181318
5 67
5 174157
5 174159
5 174797
5 181319
6 67
6 407
6 174800
6 174801
6 174803
6 181320
7 5
7 84
7 91
7 93
7 121
7 702
7 703
7 705
7 181321
8 5
8 20
8 90
8 122
8 708
8 769
8 1488
8 14134
8 181322
9 67
9 17618
9 17619
9 17621
9 181323
10 67
10 15222
10 15223
10 15225
10 181324
11 243
11 244
11 245
11 247
11 18998
12 67
12 16435
12 16436
12 16438
12 181325
13 67
13 20904
13 114603
13 178134
13 178135
13 181326
14 10
14 283
14 284
14 286
14 181327
15 5
15 20
15 99
15 131
15 132
15 133
15 166
15 181328
16 3
16 5
16 20
16 2863
16 2865
16 181329
17 158
17 159
17 160
17 162
17 181330
18 9
18 10
18 11
18 13
18 163
19 5
19 20
19 99
19 131
19 132
19 133
19 165
19 166
20 3
20 5
20 20
20 13609
20 13611
20 181331
21 9
21 10
21 11
21 13
21 181332
22 3
22 5
22 20
22 1320
22 1322
22 105172
23 10
23 126
23 127
23 129
23 181333
24 5
24 27
24 99
24 131
24 132
24 133
24 135
24 181334
25 3
25 4
25 5
25 14686
25 14688
25 181335
26 9
26 10
26 11
26 13
26 181336
27 67
27 601
27 603
27 1197
27 181337
28 717
28 718
28 719
28 721
28 181338
29 10
29 146
29 147
29 149
29 722
30 5
30 20
30 99
30 131
30 132
30 133
30 165
30 166
31 5
31 20
31 202
31 1718
31 57849
31 181339
32 3
32 5
32 20
32 15215
32 65093
32 131674
32 181340
33 27
33 82
33 759
33 944
33 1463
33 181341
34 5
34 20
34 82
34 83
34 84
34 115
34 763
34 1002
34 181342
35 5
35 84
35 90
35 91
35 93
35 121
35 28383
35 32690
35 181343
36 10
36 1387
36 1388
36 1390
36 181344
37 67
37 128840
37 128841
37 128843
37 181345
38 67
38 407
38 181347
38 181348
38 181349
38 181350
39 71
39 76
39 190
39 191
39 181351
seqId 442
1 5
1 27
1 99
1 131
1 132
1 133
1 699
1 181352
2 3
2 4
2 5
2 14686
2 14688
2 181353
3 9
3 10
3 11
3 13
3 181354
4 67
4 601
4 603
4 1197
4 181355
5 5
5 84
5 90
5 91
5 92
5 93
5 96
5 1509
5 36186
5 181356
6 5
6 20
6 99
6 133
6 175
6 176
6 1316
6 181357
7 3
7 5
7 20
7 3118
7 3120
7 181358
8 5
8 20
8 202
8 3303
8 36191
8 181359
9 158
9 159
9 160
9 162
9 181360
10 9
10 10
10 11
10 13
10 163
11 5
11 20
11 99
11 131
11 132
11 133
11 165
11 166
12 5
12 20
12 67
12 37445
12 135367
12 171893
12 181361
13 71
13 76
13 190
13 191
13 181362
seqId 443
1 67
1 174157
1 174159
1 174797
1 181363
2 67
2 407
2 174800
2 174801
2 174803
2 181364
3 5
3 84
3 90
3 91
3 93
3 121
3 22166
3 46137
3 181365
4 4
4 5
4 98
4 99
4 100
4 1927
4 181366
5 3
5 4
5 5
5 729
5 4454
5 181367
6 4
6 5
6 99
6 133
6 175
6 176
6 178
6 181368
7 4
7 5
7 67
7 5933
7 32572
7 32575
7 181369
8 10
8 126
8 127
8 129
8 181370
9 99
9 131
9 132
9 133
9 195
9 237
9 181371
10 3
10 4
10 195
10 10184
10 10186
10 181372
11 9
11 10
11 11
11 13
11 181373
12 4
12 5
12 99
12 131
12 132
12 133
12 152
12 181374
13 3
13 4
13 5
13 9853
13 9855
13 181375
14 9
14 10
14 11
14 13
14 181376
15 4
15 5
15 99
15 131
15 132
15 133
15 152
15 181377
16 3
16 4
16 5
16 174903
16 174905
16 181378
17 9
17 10
17 11
17 13
17 181379
18 3
18 4
18 5
18 17016
18 18984
18 181380
19 10
19 146
19 147
19 149
19 181381
20 67
20 601
20 603
20 1197
20 181382
21 717
21 718
21 719
21 721
21 181383
22 10
22 146
22 147
22 149
22 722
23 5
23 20
23 99
23 131
23 132
23 133
23 165
23 166
24 5
24 20
24 202
24 1104
24 15065
24 176544
24 176546
24 181384
25 3
25 5
25 20
25 16951
25 16953
25 181385
26 76
26 342
26 343
26 345
26 181386
27 82
27 759
27 2852
27 2854
27 181387
28 5
28 20
28 82
28 83
28 84
28 115
28 763
28 1002
28 181388
29 5
29 84
29 90
29 91
29 93
29 121
29 4180
29 34509
29 181389
30 10
30 828
30 829
30 831
30 181390
31 4
31 5
31 99
31 131
31 132
31 133
31 152
31 181391
32 3
32 4
32 5
32 6896
32 6898
32 181392
33 90
33 443
33 63865
33 63867
33 181393
34 5
34 20
34 99
34 133
34 175
34 176
34 1316
34 181394
35 3
35 5
35 20
35 70793
35 70795
35 181395
36 71
36 76
36 190
36 191
36 181396
seqId 444
1 4
1 5
1 98
1 99
1 100
1 4105
1 181397
2 4
2 5
2 67
2 5933
2 32572
2 32575
2 181398
3 5
3 84
3 90
3 91
3 93
3 121
3 70366
3 97588
3 107901
3 181400
4 5
4 20
4 99
4 133
4 175
4 176
4 1316
4 181401
5 3
5 5
5 20
5 7259
5 7261
5 181402
6 9
6 10
6 11
6 13
6 181403
7 4
7 5
7 202
7 12237
7 12322
7 181404
8 3
8 4
8 5
8 28222
8 28224
8 181405
9 10
9 378
9 379
9 381
9 181406
10 5
10 27
10 99
10 131
10 132
10 133
10 135
10 181407
11 3
11 4
11 5
11 14686
11 14688
11 181408
12 230
12 231
12 232
12 234
12 181409
13 9
13 10
13 11
13 13
13 163
14 99
14 131
14 132
14 133
14 195
14 236
14 237
15 3
15 20
15 195
15 13609
15 33503
15 181410
16 20
16 195
16 202
16 322
16 357
16 181411
17 20
17 195
17 202
17 21447
17 180427
17 181412
18 717
18 718
18 719
18 721
18 181413
19 10
19 146
19 147
19 149
19 722
20 5
20 20
20 99
20 131
20 132
20 133
20 165
20 166
21 5
21 20
21 202
21 1718
21 57849
21 181414
22 3
22 5
22 20
22 15215
22 65093
22 131674
22 181415
23 82
23 758
23 759
23 761
23 181416
24 84
24 90
24 91
24 93
24 121
24 195
24 707
24 1858
24 181417
25 717
25 718
25 719
25 721
25 181418
26 10
26 146
26 147
26 149
26 722
27 5
27 20
27 99
27 131
27 132
27 133
27 165
27 166
28 3
28 5
28 20
28 8760
28 8762
28 181419
29 158
29 159
29 160
29 162
29 181420
30 9
30 10
30 11
30 13
30 163
31 5
31 20
31 99
31 131
31 132
31 133
31 165
31 166
32 3
32 5
32 20
32 1320
32 1322
32 181421
33 9
33 10
33 11
33 13
33 181422
34 67
34 16435
34 16436
34 16438
34 181423
35 67
35 20904
35 114603
35 178134
35 178135
35 181424
36 10
36 378
36 379
36 381
36 181425
37 99
37 131
37 132
37 133
37 195
37 237
37 181426
38 20
38 195
38 202
38 9960
38 9962
38 181427
39 3
39 20
39 195
39 16951
39 131943
39 181428
40 9
40 10
40 11
40 13
40 181429
41 5
41 27
41 99
41 131
41 132
41 133
41 135
41 181430
42 5
42 20
42 202
42 36111
42 168242
42 181431
43 3
43 5
43 20
43 7633
43 168245
43 181432
44 71
44 76
44 190
44 191
44 181433
seqId 445
1 10
1 378
1 3871
1 3873
1 181434
2 4
2 5
2 99
2 115
2 773
2 774
2 775
2 776
2 3330
2 181435
3 3
3 4
3 5
3 5469
3 5471
3 181436
4 76
4 342
4 343
4 345
4 181437
5 67
5 20691
5 20692
5 20694
5 181438
6 67
6 310
6 74143
6 178459
6 178460
6 178462
6 181439
7 27
7 82
7 84
7 114
7 115
7 116
7 118
7 70431
8 5
8 84
8 90
8 91
8 93
8 121
8 37175
8 43997
8 181440
9 10
9 7340
9 9033
9 9035
9 181441
10 660
10 46492
10 46493
10 46495
10 142504
11 10
11 146
11 147
11 149
11 181442
12 5
12 27
12 99
12 131
12 132
12 133
12 135
12 181443
13 3
13 4
13 5
13 14686
13 14688
13 181444
14 4
14 5
14 202
14 322
14 22672
14 181445
15 230
15 231
15 232
15 234
15 181446
16 9
16 10
16 11
16 13
16 163
17 99
17 131
17 132
17 133
17 195
17 236
17 237
18 3
18 20
18 195
18 26371
18 26373
18 181447
19 9
19 10
19 11
19 13
19 181448
20 3
20 4
20 195
20 14834
20 14836
20 181449
21 10
21 283
21 284
21 286
21 181450
22 5
22 27
22 99
22 131
22 132
22 133
22 135
22 181451
23 3
23 5
23 20
23 33358
23 35385
23 181452
24 5
24 20
24 202
24 21447
24 108927
24 181453
25 2822
25 2823
25 2824
25 2826
25 181454
26 10
26 146
26 147
26 149
26 722
27 99
27 131
27 132
27 133
27 195
27 236
27 237
28 5
28 20
28 202
28 15065
28 131933
28 131935
28 181455
29 243
29 244
29 245
29 247
29 181456
30 5
30 20
30 202
30 15065
30 131938
30 131940
30 181457
31 3
31 20
31 195
31 16951
31 131943
31 181458
32 71
32 76
32 190
32 191
32 181459
seqId 446
1 5
1 20
1 82
1 83
1 84
1 115
1 763
1 3948
1 181460
2 82
2 83
2 84
2 115
2 5729
2 5731
2 181461
3 5
3 84
3 90
3 91
3 93
3 121
3 702
3 705
3 181462
4 660
4 2305
4 2306
4 2308
4 181463
5 5
5 20
5 99
5 133
5 175
5 176
5 1316
5 181464
6 3
6 5
6 20
6 7393
6 7395
6 181465
7 5
7 20
7 202
7 5273
7 45086
7 181466
8 9
8 10
8 11
8 13
8 181467
9 3
9 5
9 20
9 19820
9 19822
9 181468
10 10
10 378
10 379
10 381
10 181469
11 660
11 3768
11 3769
11 3771
11 181470
12 99
12 133
12 175
12 176
12 195
12 234
12 181471
13 3
13 20
13 195
13 2034
13 3403
13 181472
14 158
14 159
14 160
14 162
14 181473
15 9
15 10
15 11
15 13
15 163
16 5
16 20
16 99
16 131
16 132
16 133
16 165
16 166
17 5
17 20
17 202
17 38807
17 38809
17 181474
18 5
18 20
18 67
18 37445
18 135367
18 171893
18 181475
19 76
19 2265
19 2266
19 2268
19 181476
20 2822
20 2823
20 2824
20 2826
20 181477
21 10
21 146
21 147
21 149
21 722
22 99
22 131
22 132
22 133
22 195
22 236
22 237
23 3
23 20
23 195
23 209
23 32891
23 181478
24 660
24 1305
24 1306
24 1308
24 181479
25 20
25 90
25 122
25 195
25 708
25 713
25 6971
25 6973
25 181480
26 76
26 342
26 343
26 345
26 181481
27 5
27 20
27 82
27 83
27 84
27 115
27 763
27 1002
27 181482
28 5
28 84
28 90
28 91
28 93
28 121
28 12628
28 12630
28 181483
29 717
29 718
29 719
29 721
29 181484
30 10
30 146
30 149
30 722
30 1539
31 5
31 20
31 99
31 131
31 132
31 133
31 165
31 166
32 660
32 18003
32 18004
32 18006
32 181485
33 90
33 443
33 17531
33 25104
33 181486
34 5
34 20
34 82
34 84
34 100
34 4680
34 7814
34 181487
35 9
35 10
35 11
35 13
35 181488
36 67
36 128840
36 128841
36 128843
36 181489
37 67
37 75484
37 75485
37 75487
37 75488
37 181490
38 82
38 758
38 759
38 761
38 142584
39 5
39 84
39 90
39 91
39 93
39 121
39 8415
39 26981
39 181491
40 10
40 146
40 147
40 149
40 181492
41 5
41 27
41 99
41 131
41 132
41 133
41 135
41 181493
42 3
42 4
42 5
42 1395
42 5941
42 181494
43 230
43 231
43 232
43 234
43 181495
44 9
44 10
44 11
44 13
44 163
45 99
45 131
45 132
45 133
45 195
45 236
45 237
46 3
46 20
46 195
46 34626
46 34628
46 181496
47 20
47 195
47 202
47 18530
47 47259
47 58252
47 85401
47 181498
47 181499
48 20
48 195
48 202
48 21447
48 180427
48 181500
49 660
49 3261
49 3262
49 3264
49 181501
50 9
50 10
50 11
50 13
50 181502
51 5
51 27
51 99
51 131
51 132
51 133
51 135
51 181503
52 3
52 5
52 20
52 2803
52 17126
52 181504
53 5
53 20
53 99
53 131
53 132
53 133
53 967
53 181505
54 5
54 20
54 67
54 179297
54 181507
54 181508
54 181509
55 71
55 76
55 190
55 191
55 181510
seqId 447
1 10
1 378
1 3871
1 3873
1 181511
2 5
2 20
2 99
2 131
2 132
2 133
2 166
2 181512
3 5
3 20
3 202
3 566
3 568
3 181513
4 3
4 5
4 20
4 384
4 386
4 181514
5 76
5 342
5 343
5 345
5 181515
6 5
6 27
6 99
6 131
6 132
6 133
6 135
6 181516
7 3
7 5
7 20
7 28738
7 28740
7 181517
8 5
8 84
8 91
8 92
8 93
8 703
8 707
8 16563
8 181518
9 20
9 90
9 122
9 708
9 713
9 1345
9 1347
9 181519
10 660
10 1377
10 6485
10 6487
10 181520
11 660
11 6286
11 6287
11 6289
11 181521
12 10
12 126
12 127
12 129
12 181522
13 99
13 131
13 132
13 133
13 195
13 237
13 181523
14 3
14 20
14 195
14 2723
14 3278
14 181524
15 10
15 1605
15 1606
15 1608
15 181525
16 3
16 4
16 5
16 7178
16 21009
16 181526
17 4
17 5
17 202
17 35387
17 36351
17 181527
18 243
18 244
18 245
18 247
18 181528
19 3
19 4
19 5
19 7178
19 21009
19 181529
20 4
20 5
20 202
20 3199
20 5132
20 181530
21 76
21 342
21 343
21 345
21 181531
22 9
22 10
22 24
22 26
22 27
22 181532
23 4
23 5
23 99
23 133
23 175
23 176
23 178
23 105357
24 3
24 4
24 5
24 5469
24 5471
24 181533
25 10
25 1387
25 1388
25 1390
25 181534
26 5
26 27
26 99
26 131
26 132
26 133
26 135
26 181535
27 3
27 4
27 5
27 1395
27 5941
27 181536
28 230
28 231
28 232
28 234
28 142635
29 9
29 10
29 11
29 13
29 163
30 99
30 131
30 132
30 133
30 195
30 236
30 237
31 3
31 20
31 195
31 2429
31 22565
31 181537
32 9
32 10
32 11
32 13
32 181538
33 4
33 5
33 99
33 131
33 132
33 133
33 152
33 181539
34 3
34 4
34 5
34 9853
34 9855
34 181540
35 9
35 10
35 11
35 13
35 181541
36 4
36 5
36 99
36 131
36 132
36 133
36 152
36 181542
37 3
37 4
37 5
37 17016
37 18984
37 181543
38 10
38 126
38 127
38 129
38 181544
39 5
39 20
39 99
39 131
39 132
39 133
39 166
39 181545
40 3
40 5
40 20
40 25943
40 25945
40 181546
41 5
41 20
41 202
41 35387
41 35389
41 181547
42 76
42 413
42 414
42 416
42 181548
43 67
43 71
43 407
43 18660
43 18661
43 181549
44 67
44 407
44 174800
44 174801
44 174803
44 181550
45 76
45 433
45 434
45 436
45 181551
46 76
46 342
46 343
46 345
46 181552
47 243
47 244
47 245
47 247
47 181553
48 9
48 10
48 24
48 26
48 27
48 181554
49 4
49 5
49 202
49 2294
49 2296
49 181555
50 3
50 4
50 5
50 5469
50 5471
50 181556
51 10
51 1387
51 1388
51 1390
51 181557
52 4
52 5
52 99
52 133
52 175
52 176
52 178
52 181558
53 3
53 4
53 5
53 15
53 17
53 181559
54 10
54 126
54 127
54 129
54 181560
55 99
55 131
55 132
55 133
55 195
55 237
55 181561
56 3
56 20
56 195
56 181149
56 181563
56 181564
57 20
57 195
57 202
57 21447
57 180427
57 181565
58 20
58 90
58 122
58 195
58 708
58 713
58 9250
58 58963
58 181566
59 10
59 109
59 110
59 112
59 181567
60 3
60 4
60 5
60 19923
60 19925
60 181568
61 158
61 159
61 160
61 162
61 181569
62 9
62 10
62 11
62 13
62 163
63 5
63 20
63 99
63 131
63 132
63 133
63 165
63 166
64 3
64 5
64 20
64 234
64 34802
64 145142
64 181571
64 181572
65 5
65 20
65 90
65 122
65 708
65 713
65 36172
65 109821
65 181573
66 9
66 10
66 11
66 13
66 181574
67 3
67 4
67 5
67 34668
67 36123
67 181575
68 4
68 5
68 202
68 5516
68 5518
68 181576
69 76
69 413
69 414
69 416
69 181577
70 5
70 20
70 99
70 131
70 132
70 133
70 166
70 181578
71 3
71 5
71 20
71 34626
71 37417
71 181579
72 230
72 231
72 232
72 234
72 181580
73 9
73 10
73 11
73 13
73 163
74 99
74 131
74 132
74 133
74 195
74 236
74 237
75 3
75 20
75 195
75 340
75 3812
75 32635
75 68692
75 97621
75 181582
75 181583
76 76
76 433
76 434
76 436
76 181584
77 244
77 418
77 419
77 421
77 181585
78 9
78 10
78 11
78 13
78 181586
79 3
79 4
79 5
79 34668
79 36123
79 181587
80 4
80 5
80 202
80 9212
80 9214
80 181588
81 717
81 718
81 719
81 721
81 181589
82 10
82 146
82 147
82 149
82 722
83 5
83 20
83 99
83 131
83 132
83 133
83 165
83 166
84 3
84 5
84 20
84 19289
84 34150
84 34152
85 230
85 231
85 232
85 234
85 181590
86 9
86 10
86 11
86 13
86 163
87 99
87 131
87 132
87 133
87 195
87 236
87 237
88 3
88 4
88 195
88 2868
88 3551
88 181591
89 67
89 48274
89 67838
89 99566
89 181593
89 181594
89 181595
90 243
90 244
90 245
90 247
90 181596
91 67
91 811
91 10653
91 181598
91 181599
91 181600
91 181601
92 76
92 413
92 414
92 416
92 181602
93 67
93 71
93 699
93 18402
93 18403
93 181603
94 67
94 20904
94 114603
94 178134
94 178135
94 181604
95 76
95 433
95 434
95 436
95 181605
96 71
96 76
96 190
96 191
96 181606
seqId 448
1 99
1 131
1 132
1 133
1 195
1 1220
1 181607
2 3
2 20
2 195
2 170181
2 181609
2 181610
3 230
3 231
3 232
3 234
3 181611
4 9
4 10
4 11
4 13
4 163
5 99
5 131
5 132
5 133
5 195
5 236
5 237
6 3
6 4
6 195
6 24715
6 67670
6 181612
7 20
7 90
7 122
7 195
7 340
7 708
7 713
7 3979
7 14312
7 181613
8 10
8 283
8 284
8 286
8 181614
9 5
9 20
9 99
9 133
9 175
9 176
9 1316
9 181615
10 5
10 20
10 202
10 12237
10 12239
10 181616
11 5
11 20
11 202
11 15065
11 131938
11 131940
11 181617
12 3
12 5
12 20
12 16951
12 16953
12 181618
13 10
13 828
13 829
13 831
13 181619
14 67
14 15222
14 15223
14 15225
14 181620
15 67
15 11542
15 49432
15 178449
15 178450
15 178452
15 181621
16 76
16 413
16 414
16 416
16 181622
17 10
17 146
17 149
17 1539
17 181623
18 90
18 443
18 1334
18 8849
18 181624
19 230
19 231
19 232
19 234
19 181625
20 9
20 10
20 11
20 13
20 163
21 99
21 131
21 132
21 133
21 195
21 236
21 237
22 3
22 20
22 195
22 9758
22 33695
22 181626
23 9
23 10
23 11
23 13
23 181627
24 67
24 11612
24 48234
24 181629
24 181630
24 181631
25 243
25 244
25 245
25 247
25 181632
26 9
26 10
26 11
26 13
26 181633
27 67
27 181635
27 181636
27 181637
27 181638
28 76
28 433
28 434
28 436
28 181639
29 10
29 283
29 284
29 286
29 142719
30 5
30 99
30 115
30 773
30 774
30 775
30 776
30 778
30 181640
31 5
31 67
31 5933
31 32572
31 32575
31 181641
32 10
32 109
32 110
32 112
32 181642
33 3
33 5
33 20
33 389
33 391
33 181643
34 9
34 10
34 24
34 26
34 27
34 181644
35 3
35 4
35 5
35 9634
35 9636
35 181645
36 84
36 91
36 93
36 121
36 195
36 703
36 707
36 1858
36 181646
37 5
37 20
37 99
37 133
37 175
37 176
37 1316
37 181647
38 5
38 20
38 202
38 2294
38 2296
38 181648
39 3
39 5
39 20
39 7393
39 7395
39 181649
40 10
40 378
40 379
40 381
40 181650
41 90
41 443
41 3979
41 36008
41 181651
42 660
42 2906
42 19025
42 36107
42 181652
43 4
43 5
43 99
43 131
43 132
43 133
43 152
43 181653
44 3
44 4
44 5
44 36130
44 36132
44 181654
45 4
45 5
45 202
45 322
45 22672
45 181655
46 717
46 718
46 719
46 721
46 181656
47 10
47 146
47 147
47 149
47 722
48 5
48 20
48 99
48 131
48 132
48 133
48 165
48 166
49 3
49 5
49 20
49 1325
49 1327
49 181657
50 9
50 10
50 11
50 13
50 181658
51 4
51 5
51 99
51 131
51 132
51 133
51 152
51 181659
52 3
52 4
52 5
52 2902
52 7132
52 181661
52 181662
53 4
53 5
53 202
53 35387
53 36351
53 181663
54 5
54 84
54 90
54 91
54 93
54 121
54 3906
54 14583
54 181664
55 76
55 342
55 343
55 345
55 181665
56 10
56 283
56 284
56 286
56 181666
57 5
57 20
57 99
57 131
57 132
57 133
57 166
57 181667
58 3
58 5
58 20
58 10622
58 10624
58 181668
59 5
59 20
59 202
59 13322
59 13324
59 181669
60 76
60 342
60 343
60 345
60 181670
61 10
61 828
61 829
61 831
61 181671
62 99
62 131
62 132
62 133
62 195
62 237
62 181672
63 3
63 4
63 195
63 8004
63 77607
63 181673
64 4
64 195
64 202
64 5627
64 35059
64 181674
65 71
65 76
65 190
65 191
65 142751
seqId 449
1 67
1 71
1 1725
1 1726
1 1728
1 181675
2 67
2 11542
2 49432
2 178449
2 178450
2 178452
2 181676
3 5
3 84
3 90
3 91
3 93
3 121
3 3979
3 35380
3 181677
4 99
4 131
4 132
4 133
4 195
4 237
4 181678
5 3
5 4
5 195
5 17302
5 17304
5 181679
6 4
6 195
6 202
6 39745
6 181681
6 181682
7 9
7 10
7 11
7 13
7 181683
8 3
8 4
8 5
8 17350
8 17352
8 181684
9 230
9 231
9 232
9 234
9 181685
10 9
10 10
10 11
10 13
10 163
11 99
11 131
11 132
11 133
11 195
11 236
11 237
12 3
12 4
12 195
12 3332
12 60114
12 181686
13 9
13 10
13 11
13 13
13 181687
14 98
14 99
14 100
14 195
14 2073
14 181688
15 3
15 20
15 195
15 170181
15 181610
15 181689
16 9
16 10
16 11
16 13
16 181690
17 5
17 20
17 202
17 4294
17 58878
17 181691
18 3
18 5
18 20
18 6956
18 6958
18 181692
19 717
19 718
19 719
19 721
19 181693
20 10
20 146
20 147
20 149
20 722
21 5
21 20
21 99
21 131
21 132
21 133
21 165
21 166
22 3
22 5
22 20
22 1325
22 1327
22 19407
23 9
23 10
23 11
23 13
23 181694
24 5
24 27
24 99
24 131
24 132
24 133
24 135
24 181695
25 3
25 5
25 20
25 181697
25 181698
25 181699
26 5
26 20
26 202
26 174703
26 174705
26 181700
27 243
27 244
27 245
27 247
27 181701
28 230
28 231
28 232
28 234
28 181702
29 9
29 10
29 11
29 13
29 163
30 99
30 131
30 132
30 133
30 195
30 236
30 237
31 3
31 4
31 195
31 81837
31 181704
31 181705
32 76
32 413
32 414
32 416
32 181706
33 3
33 4
33 5
33 504
33 14984
33 181707
34 9
34 10
34 11
34 13
34 181708
35 4
35 195
35 202
35 795
35 3439
35 181709
36 3
36 4
36 195
36 8004
36 77607
36 181710
37 4
37 195
37 202
37 340
37 28253
37 181712
37 181713
37 181714
38 10
38 283
38 284
38 286
38 181715
39 99
39 131
39 132
39 133
39 195
39 237
39 142786
40 3
40 4
40 195
40 340
40 45823
40 45825
40 181716
41 76
41 342
41 343
41 345
41 181717
42 3
42 4
42 5
42 34942
42 34944
42 181718
43 230
43 231
43 232
43 234
43 181719
44 9
44 10
44 11
44 13
44 163
45 99
45 131
45 132
45 133
45 195
45 236
45 237
46 3
46 20
46 195
46 340
46 3812
46 32635
46 68692
46 97621
46 181582
46 181720
47 76
47 342
47 343
47 345
47 181721
48 3
48 4
48 5
48 117765
48 117767
48 181722
49 9
49 10
49 11
49 13
49 181723
50 4
50 5
50 99
50 131
50 132
50 133
50 152
50 181724
51 3
51 4
51 5
51 59407
51 181714
51 181726
51 181727
52 9
52 10
52 11
52 13
52 70696
53 4
53 195
53 202
53 1888
53 3548
53 181728
54 3
54 4
54 195
54 2196
54 2198
54 181729
55 4
55 195
55 202
55 181731
55 181732
55 181733
56 76
56 433
56 434
56 436
56 181734
57 71
57 76
57 190
57 191
57 181735
seqId 450
1 4
1 5
1 99
1 131
1 132
1 133
1 811
1 181736
2 3
2 4
2 5
2 9853
2 9855
2 181737
3 9
3 10
3 24
3 26
3 27
3 181738
4 5
4 20
4 99
4 133
4 175
4 176
4 1316
4 19454
5 3
5 5
5 20
5 2221
5 2223
5 181739
6 230
6 231
6 232
6 234
6 181740
7 9
7 10
7 11
7 13
7 163
8 99
8 131
8 132
8 133
8 195
8 236
8 237
9 3
9 4
9 195
9 897
9 3520
9 181741
10 4
10 195
10 202
10 254
10 3637
10 181742
11 717
11 718
11 719
11 721
11 70713
12 10
12 146
12 147
12 149
12 722
13 5
13 20
13 99
13 131
13 132
13 133
13 165
13 166
14 3
14 5
14 20
14 1325
14 1327
14 181743
15 230
15 231
15 232
15 234
15 181744
16 9
16 10
16 11
16 13
16 163
17 99
17 131
17 132
17 133
17 195
17 236
17 237
18 3
18 4
18 195
18 38988
18 41180
18 181745
19 9
19 10
19 11
19 13
19 181746
20 5
20 27
20 99
20 131
20 132
20 133
20 135
20 181747
21 3
21 5
21 20
21 145028
21 145182
21 181748
22 2822
22 2823
22 2824
22 2826
22 181749
23 10
23 146
23 147
23 149
23 722
24 99
24 131
24 132
24 133
24 195
24 236
24 237
25 5
25 20
25 202
25 15065
25 130808
25 130810
25 181750
26 243
26 244
26 245
26 247
26 181751
27 5
27 20
27 202
27 15065
27 131933
27 131935
27 181752
28 3
28 20
28 195
28 16951
28 131943
28 181753
29 5
29 84
29 91
29 93
29 121
29 703
29 707
29 956
29 181754
30 4
30 5
30 202
30 64857
30 64859
30 181755
31 10
31 378
31 379
31 381
31 181756
32 90
32 443
32 8667
32 181758
32 181759
33 10
33 283
33 284
33 286
33 181760
34 4
34 5
34 99
34 133
34 175
34 176
34 178
34 181761
35 3
35 4
35 5
35 4107
35 4109
35 142842
36 4
36 5
36 202
36 1403
36 7713
36 181762
37 99
37 131
37 132
37 133
37 195
37 237
37 181763
38 3
38 20
38 195
38 1320
38 3384
38 181764
39 20
39 90
39 122
39 195
39 708
39 713
39 3563
39 42648
39 181765
40 10
40 126
40 127
40 129
40 181766
41 5
41 20
41 99
41 131
41 132
41 133
41 166
41 181767
42 3
42 5
42 20
42 10622
42 10624
42 181768
43 5
43 20
43 202
43 13322
43 13324
43 181769
44 71
44 76
44 190
44 191
44 181770
seqId 451
1 67
1 71
1 1725
1 1726
1 1728
1 181771
2 67
2 1886
2 39484
2 178397
2 178398
2 181772
3 5
3 84
3 90
3 91
3 93
3 121
3 31304
3 31333
3 181773
4 10
4 126
4 127
4 129
4 181774
5 13
5 99
5 133
5 175
5 176
5 195
5 181775
6 20
6 195
6 202
6 14709
6 14711
6 181776
7 3
7 20
7 195
7 23048
7 23050
7 181777
8 230
8 231
8 232
8 234
8 181778
9 9
9 10
9 11
9 13
9 163
10 99
10 131
10 132
10 133
10 195
10 236
10 237
11 3
11 4
11 195
11 5859
11 14468
11 19517
12 4
12 195
12 202
12 340
12 37128
12 37130
12 181779
13 10
13 109
13 110
13 112
13 70755
14 3
14 5
14 20
14 5228
14 15262
14 181780
15 10
15 1387
15 1388
15 1390
15 181781
16 5
16 27
16 99
16 131
16 132
16 133
16 135
16 181782
17 3
17 5
17 20
17 20716
17 20718
17 181783
18 5
18 20
18 202
18 35387
18 35389
18 181784
19 243
19 244
19 245
19 247
19 181785
20 660
20 1622
20 1623
20 1625
20 181786
21 5
21 20
21 202
21 27458
21 181788
21 181789
21 181790
22 76
22 342
22 343
22 345
22 181791
23 20
23 82
23 84
23 98
23 100
23 102
23 181792
24 82
24 758
24 759
24 761
24 181793
25 5
25 84
25 90
25 91
25 93
25 121
25 44687
25 105632
25 181795
26 158
26 159
26 160
26 162
26 105634
27 9
27 10
27 13
27 163
27 1539
28 5
28 20
28 99
28 131
28 132
28 133
28 165
28 166
29 3
29 5
29 20
29 1493
29 1495
29 181796
30 5
30 20
30 99
30 133
30 175
30 176
30 1316
30 181797
31 3
31 5
31 20
31 131238
31 168919
31 181798
32 9
32 10
32 11
32 13
32 70772
33 99
33 115
33 195
33 773
33 774
33 775
33 776
33 3400
33 181799
34 3
34 4
34 15
34 195
34 4121
34 181800
35 9
35 10
35 11
35 13
35 181801
36 4
36 82
36 84
36 100
36 195
36 4680
36 4682
36 181802
37 9
37 10
37 11
37 13
37 181803
38 67
38 71
38 407
38 18660
38 18661
38 181804
39 67
39 407
39 174800
39 174801
39 174803
39 181805
40 75
40 76
40 77
40 79
40 181806
41 5
41 27
41 99
41 131
41 132
41 133
41 135
41 181807
42 3
42 4
42 5
42 1395
42 5941
42 181808
43 230
43 231
43 232
43 234
43 181809
44 9
44 10
44 11
44 13
44 163
45 99
45 131
45 132
45 133
45 195
45 236
45 237
46 3
46 4
46 195
46 181811
46 181812
46 181813
47 4
47 195
47 202
47 254
47 3637
47 181814
48 9
48 10
48 11
48 13
48 181815
49 4
49 5
49 99
49 131
49 132
49 133
49 152
49 181816
50 3
50 4
50 5
50 9853
50 9855
50 142904
51 9
51 10
51 11
51 13
51 181817
52 4
52 5
52 99
52 131
52 132
52 133
52 152
52 181818
53 3
53 4
53 5
53 17016
53 18984
53 181819
54 10
54 146
54 147
54 149
54 181820
55 67
55 601
55 603
55 1197
55 181821
56 5
56 84
56 91
56 93
56 121
56 703
56 707
56 956
56 181822
57 10
57 146
57 147
57 149
57 181823
58 90
58 443
58 1345
58 9933
58 181824
59 10
59 109
59 110
59 112
59 181825
60 3
60 4
60 5
60 4107
60 4109
60 181826
61 10
61 1387
61 1388
61 1390
61 181827
62 99
62 131
62 132
62 133
62 195
62 237
62 181828
63 3
63 4
63 195
63 17302
63 17304
63 181829
64 82
64 758
64 759
64 761
64 181830
65 27
65 82
65 84
65 114
65 115
65 116
65 118
65 181831
66 84
66 90
66 91
66 93
66 121
66 195
66 6786
66 34699
66 181832
67 10
67 378
67 379
67 381
67 181833
68 99
68 131
68 132
68 133
68 195
68 237
68 181834
69 3
69 20
69 195
69 48731
69 181836
69 181837
70 158
70 159
70 160
70 162
70 70826
71 9
71 10
71 11
71 13
71 163
72 5
72 20
72 99
72 131
72 132
72 133
72 165
72 166
73 3
73 5
73 20
73 181839
73 181840
73 181841
74 660
74 2136
74 2137
74 2139
74 181842
75 230
75 231
75 232
75 234
75 181843
76 9
76 10
76 11
76 13
76 163
77 99
77 131
77 132
77 133
77 195
77 236
77 237
78 3
78 4
78 195
78 181845
78 181846
78 181847
79 4
79 195
79 202
79 340
79 145013
79 145015
79 181848
80 71
80 76
80 190
80 191
80 181849
seqId 452
1 99
1 131
1 132
1 133
1 195
1 1220
1 181850
2 3
2 4
2 195
2 18773
2 20364
2 181851
3 4
3 195
3 202
3 340
3 37128
3 37130
3 181852
4 243
4 244
4 245
4 247
4 181853
5 4
5 195
5 202
5 18537
5 122406
5 181854
6 27
6 82
6 759
6 944
6 1463
6 181855
7 5
7 20
7 82
7 83
7 84
7 115
7 763
7 1002
7 181856
8 5
8 84
8 90
8 91
8 93
8 121
8 3979
8 35380
8 181857
9 84
9 90
9 91
9 93
9 121
9 195
9 755
9 181859
9 181860
9 181861
10 660
10 1622
10 1623
10 1625
10 181862
11 10
11 1387
11 1388
11 1390
11 181863
12 99
12 131
12 132
12 133
12 195
12 237
12 181864
13 3
13 4
13 195
13 5859
13 14468
13 181865
14 230
14 231
14 232
14 234
14 181866
15 9
15 10
15 11
15 13
15 163
16 99
16 131
16 132
16 133
16 195
16 236
16 237
17 3
17 20
17 195
17 37128
17 181868
17 181869
18 20
18 195
18 202
18 21447
18 180427
18 181870
19 20
19 90
19 122
19 195
19 340
19 708
19 713
19 3979
19 14312
19 181871
20 10
20 828
20 829
20 831
20 181872
21 67
21 71
21 699
21 18402
21 18403
21 181873
22 67
22 20904
22 114603
22 178134
22 178135
22 181874
23 71
23 76
23 190
23 191
23 181875
seqId 453
1 660
1 5049
1 7881
1 7883
1 181876
2 99
2 131
2 132
2 133
2 195
2 237
2 181877
3 3
3 4
3 195
3 10184
3 10186
3 181878
4 9
4 10
4 11
4 13
4 19648
5 3
5 4
5 5
5 6070
5 6072
5 181879
6 230
6 231
6 232
6 234
6 181880
7 9
7 10
7 11
7 13
7 163
8 99
8 131
8 132
8 133
8 195
8 236
8 237
9 3
9 20
9 195
9 17780
9 27594
9 181881
10 20
10 195
10 202
10 37128
10 181869
10 181882
11 76
11 2265
11 2266
11 2268
11 181883
12 3
12 4
12 195
12 340
12 62235
12 62237
12 181884
13 4
13 195
13 202
13 340
13 9212
13 9214
13 181885
14 244
14 418
14 419
14 421
14 70884
15 4
15 195
15 202
15 29358
15 45223
15 181886
16 76
16 342
16 343
16 345
16 181887
17 4
17 195
17 202
17 1341
17 21523
17 181888
18 244
18 418
18 419
18 421
18 181889
19 9
19 10
19 11
19 13
19 181890
20 4
20 5
20 202
20 7021
20 7023
20 181891
21 3
21 4
21 5
21 181893
21 181894
21 181895
22 4
22 5
22 202
22 33079
22 33081
22 181896
23 76
23 2265
23 2266
23 2268
23 181897
24 27
24 82
24 759
24 944
24 1463
24 181898
25 5
25 20
25 82
25 83
25 84
25 115
25 763
25 1002
25 181899
26 5
26 84
26 90
26 91
26 93
26 121
26 1345
26 25286
26 181900
27 10
27 146
27 147
27 149
27 181901
28 3
28 5
28 20
28 11297
28 18838
28 181902
29 84
29 90
29 91
29 93
29 121
29 195
29 4251
29 34669
29 34815
29 181903
30 5
30 27
30 99
30 131
30 132
30 133
30 135
30 105784
31 3
31 4
31 5
31 2608
31 4490
31 181904
32 4
32 5
32 202
32 322
32 22672
32 181905
33 4
33 5
33 202
33 35387
33 36351
33 181906
34 243
34 244
34 245
34 247
34 181907
35 99
35 115
35 195
35 773
35 774
35 775
35 776
35 3400
35 181908
36 3
36 4
36 195
36 12778
36 12780
36 181909
37 4
37 195
37 202
37 27314
37 151042
37 151043
37 181911
37 181912
38 82
38 758
38 759
38 761
38 181913
39 84
39 91
39 93
39 121
39 195
39 703
39 707
39 1858
39 181914
40 660
40 6286
40 6287
40 6289
40 181915
41 4
41 90
41 122
41 195
41 708
41 713
41 2787
41 31304
41 58651
41 181917
42 10
42 828
42 829
42 831
42 181918
43 67
43 71
43 699
43 18402
43 18403
43 181919
44 67
44 20904
44 114603
44 178134
44 178135
44 181920
45 243
45 244
45 245
45 247
45 181921
46 67
46 71
46 1725
46 1726
46 1728
46 181922
47 67
47 11542
47 49432
47 178449
47 178450
47 178452
47 181923
48 71
48 76
48 190
48 191
48 181924
seqId 454
1 20
1 195
1 202
1 1377
1 92175
1 181925
2 98
2 99
2 100
2 195
2 2073
2 181926
3 3
3 20
3 195
3 10402
3 10404
3 181927
4 84
4 90
4 91
4 93
4 121
4 195
4 8415
4 26497
4 28349
4 181929
5 660
5 976
5 977
5 979
5 181930
6 10
6 146
6 147
6 149
6 181931
7 4
7 5
7 99
7 133
7 175
7 176
7 178
7 105811
8 3
8 4
8 5
8 14686
8 14688
8 181932
9 158
9 159
9 160
9 162
9 181933
10 9
10 10
10 11
10 13
10 163
11 5
11 20
11 99
11 131
11 132
11 133
11 165
11 166
12 3
12 5
12 20
12 1320
12 1322
12 181934
13 10
13 109
13 110
13 112
13 181935
14 3
14 4
14 5
14 38988
14 38990
14 181936
15 76
15 342
15 343
15 345
15 181937
16 90
16 121
16 122
16 3372
16 35776
16 181938
17 20
17 85
17 99
17 195
17 2075
17 2077
17 181939
18 3
18 20
18 195
18 35837
18 35839
18 181940
19 20
19 195
19 202
19 322
19 357
19 181941
20 71
20 76
20 190
20 191
20 181942
seqId 455
1 5
1 20
1 99
1 133
1 175
1 176
1 9647
1 181943
2 5
2 20
2 202
2 9960
2 32945
2 181944
3 3
3 5
3 20
3 7393
3 7395
3 181945
4 9
4 10
4 24
4 26
4 27
4 181946
5 3
5 4
5 5
5 7388
5 27055
5 181947
6 5
6 84
6 90
6 91
6 92
6 93
6 96
6 3372
6 3374
6 181948
7 67
7 71
7 6078
7 9551
7 9552
7 181949
8 67
8 857
8 48314
8 175998
8 175999
8 181950
9 243
9 244
9 245
9 247
9 181951
10 67
10 70
10 71
10 64117
10 64118
10 181952
11 67
11 310
11 74143
11 178459
11 178460
11 178462
11 181953
12 660
12 3261
12 3262
12 3264
12 181954
13 9
13 10
13 11
13 13
13 19756
14 5
14 27
14 99
14 131
14 132
14 133
14 135
14 181955
15 3
15 4
15 5
15 897
15 899
15 181956
16 4
16 5
16 202
16 838
16 23221
16 106942
16 181957
17 10
17 283
17 284
17 286
17 181958
18 99
18 131
18 132
18 133
18 195
18 237
18 181959
19 3
19 4
19 195
19 38988
19 41180
19 181960
20 9
20 10
20 24
20 26
20 27
20 181961
21 5
21 20
21 202
21 36111
21 168242
21 181962
22 3
22 5
22 20
22 7633
22 168245
22 181963
23 71
23 76
23 190
23 191
23 143060
seqId 456
1 4
1 5
1 98
1 99
1 100
1 4105
1 181964
2 3
2 4
2 5
2 7388
2 27055
2 181965
3 5
3 84
3 93
3 121
3 702
3 703
3 4621
3 124723
3 181966
4 20
4 90
4 122
4 708
4 2081
4 2083
4 181967
5 443
5 703
5 707
5 2086
5 181968
6 4
6 5
6 90
6 122
6 708
6 713
6 3482
6 28887
6 143071
7 10
7 146
7 147
7 149
7 143072
8 5
8 27
8 99
8 131
8 132
8 133
8 135
8 181969
9 3
9 5
9 20
9 2320
9 2322
9 181970
10 51
10 52
10 1427
10 1962
10 181971
11 76
11 342
11 343
11 345
11 181972
12 243
12 244
12 245
12 247
12 143074
13 4
13 5
13 82
13 83
13 84
13 115
13 152
13 763
13 181973
14 90
14 443
14 21159
14 21161
14 181974
15 660
15 30602
15 30603
15 30605
15 181975
16 5
16 84
16 91
16 93
16 121
16 703
16 707
16 956
16 181976
17 4
17 5
17 99
17 133
17 175
17 176
17 178
17 181977
18 3
18 4
18 5
18 3615
18 3617
18 181978
19 9
19 10
19 24
19 26
19 27
19 181979
20 90
20 443
20 25803
20 25805
20 181980
21 10
21 126
21 127
21 129
21 181981
22 20
22 82
22 84
22 98
22 100
22 102
22 181982
23 82
23 758
23 759
23 761
23 181983
24 82
24 83
24 84
24 109
24 112
24 115
24 181984
25 5
25 84
25 91
25 93
25 121
25 703
25 707
25 956
25 181985
26 5
26 20
26 90
26 122
26 708
26 713
26 29368
26 181987
26 181988
27 10
27 109
27 110
27 112
27 181989
28 3
28 4
28 5
28 4550
28 8014
28 181990
29 9
29 10
29 11
29 13
29 181991
30 3
30 4
30 5
30 4094
30 12255
30 181992
31 230
31 231
31 232
31 234
31 181993
32 9
32 10
32 11
32 13
32 163
33 99
33 131
33 132
33 133
33 195
33 236
33 237
34 3
34 4
34 195
34 16756
34 33576
34 181994
35 195
35 202
35 340
35 6756
35 34953
35 34955
35 181995
36 230
36 231
36 232
36 234
36 181996
37 9
37 10
37 11
37 13
37 163
38 99
38 131
38 132
38 133
38 195
38 236
38 237
39 3
39 4
39 195
39 38988
39 41180
39 181997
40 10
40 1605
40 1606
40 1608
40 181998
41 99
41 131
41 132
41 133
41 195
41 237
41 181999
42 5
42 20
42 202
42 1104
42 15065
42 176544
42 176546
42 182000
43 243
43 244
43 245
43 247
43 182001
44 5
44 20
44 202
44 15065
44 131938
44 131940
44 182002
45 3
45 20
45 195
45 16951
45 131943
45 182003
46 71
46 76
46 190
46 191
46 182004
seqId 457
1 5
1 20
1 99
1 131
1 132
1 133
1 967
1 182005
2 3
2 5
2 20
2 429
2 431
2 182006
3 5
3 84
3 91
3 93
3 121
3 703
3 707
3 956
3 182007
4 9
4 10
4 24
4 26
4 27
4 182008
5 90
5 443
5 3979
5 36008
5 182009
6 10
6 283
6 284
6 286
6 143108
7 5
7 99
7 115
7 773
7 775
7 776
7 2192
7 3593
7 182010
8 3
8 4
8 5
8 35277
8 35279
8 182011
9 99
9 131
9 132
9 133
9 195
9 237
9 182012
10 3
10 20
10 195
10 3632
10 3634
10 182013
11 82
11 758
11 759
11 761
11 182014
12 82
12 84
12 114
12 115
12 116
12 1361
12 182015
13 84
13 91
13 93
13 121
13 195
13 703
13 707
13 1858
13 71060
14 20
14 90
14 122
14 195
14 340
14 708
14 769
14 35344
14 182017
14 182018
15 9
15 10
15 24
15 26
15 27
15 182019
16 3
16 4
16 5
16 14686
16 14688
16 182020
17 76
17 342
17 343
17 345
17 19851
18 10
18 109
18 110
18 112
18 182021
19 90
19 121
19 122
19 792
19 7643
19 7645
19 182023
20 99
20 133
20 175
20 176
20 195
20 234
20 182024
21 3
21 4
21 195
21 14686
21 110488
21 182025
22 9
22 10
22 11
22 13
22 182026
23 3
23 4
23 5
23 38988
23 38990
23 182027
24 76
24 342
24 343
24 345
24 182028
25 9
25 10
25 11
25 13
25 19863
26 3
26 20
26 195
26 119847
26 119849
26 182029
27 76
27 342
27 343
27 345
27 182030
28 9
28 10
28 24
28 26
28 27
28 182031
29 3
29 4
29 195
29 347
29 349
29 182032
30 4
30 195
30 202
30 340
30 181076
30 181078
30 182033
31 76
31 342
31 343
31 345
31 105949
32 244
32 418
32 419
32 421
32 182034
33 82
33 758
33 759
33 761
33 182035
34 84
34 91
34 93
34 121
34 195
34 702
34 703
34 1062
34 182036
35 5
35 20
35 90
35 122
35 708
35 769
35 10063
35 10065
35 71088
36 99
36 133
36 175
36 176
36 195
36 234
36 182037
37 3
37 20
37 195
37 79926
37 79928
37 182038
38 244
38 418
38 419
38 421
38 182039
39 230
39 231
39 232
39 234
39 182040
40 9
40 10
40 11
40 13
40 163
41 99
41 131
41 132
41 133
41 195
41 236
41 237
42 3
42 20
42 195
42 340
42 147595
42 147597
42 182041
43 71
43 76
43 190
43 191
43 182042
seqId 458
1 5
1 20
1 82
1 83
1 84
1 115
1 763
1 3948
1 182043
2 27
2 82
2 84
2 114
2 115
2 116
2 118
2 182044
3 5
3 84
3 90
3 91
3 93
3 121
3 1815
3 2122
3 182045
4 660
4 976
4 977
4 979
4 182046
5 9
5 10
5 11
5 13
5 182047
6 90
6 443
6 16673
6 39719
6 182048
7 99
7 131
7 132
7 133
7 195
7 237
7 182049
8 3
8 4
8 195
8 10184
8 10186
8 182050
9 4
9 195
9 202
9 340
9 72517
9 72519
9 182052
10 9
10 10
10 11
10 13
10 182053
11 3
11 4
11 5
11 182055
11 182056
11 182057
12 230
12 231
12 232
12 234
12 182058
13 9
13 10
13 11
13 13
13 163
14 99
14 131
14 132
14 133
14 195
14 236
14 237
15 3
15 4
15 195
15 340
15 1573
15 1575
15 182059
16 4
16 195
16 202
16 35387
16 111062
16 182060
17 243
17 244
17 245
17 247
17 182061
18 230
18 231
18 232
18 234
18 182062
19 9
19 10
19 11
19 13
19 163
20 99
20 131
20 132
20 133
20 195
20 236
20 237
21 3
21 4
21 195
21 340
21 1573
21 1575
21 182063
22 4
22 195
22 202
22 322
22 324
22 182064
23 9
23 10
23 11
23 13
23 182065
24 98
24 99
24 100
24 195
24 2073
24 19928
25 3
25 20
25 195
25 22332
25 182067
25 182068
25 182069
26 71
26 76
26 190
26 191
26 182070
seqId 459
1 10
1 146
1 1024
1 1026
1 182071
2 4
2 5
2 98
2 99
2 100
2 1927
2 182072
3 3
3 4
3 5
3 7388
3 27055
3 182073
4 5
4 84
4 90
4 93
4 121
4 2081
4 4621
4 10555
4 182074
5 443
5 703
5 707
5 2086
5 182075
6 5
6 20
6 90
6 122
6 708
6 713
6 3372
6 6990
6 182076
7 67
7 15222
7 15223
7 15225
7 182077
8 67
8 11542
8 49432
8 178449
8 178450
8 178452
8 182078
9 76
9 342
9 343
9 345
9 182079
10 82
10 758
10 759
10 761
10 182080
11 5
11 84
11 90
11 91
11 93
11 121
11 31304
11 31333
11 182081
12 10
12 126
12 127
12 129
12 182082
13 99
13 131
13 132
13 133
13 195
13 237
13 182083
14 3
14 4
14 195
14 5859
14 14468
14 182084
15 4
15 166
15 195
15 202
15 43854
15 103888
15 103890
15 182085
16 230
16 231
16 232
16 234
16 182086
17 9
17 10
17 11
17 13
17 163
18 99
18 131
18 132
18 133
18 195
18 236
18 237
19 3
19 20
19 195
19 16995
19 16997
19 143190
20 20
20 195
20 202
20 35387
20 38107
20 182087
21 660
21 976
21 979
21 1458
21 182088
22 944
22 945
22 946
22 948
22 182089
23 67
23 11545
23 11546
23 11548
23 182090
24 67
24 46443
24 182092
24 182093
24 182094
24 182095
24 182096
25 76
25 342
25 343
25 345
25 182097
26 82
26 758
26 759
26 761
26 182098
27 5
27 84
27 90
27 91
27 93
27 121
27 4243
27 165092
27 182099
28 4
28 5
28 99
28 115
28 773
28 774
28 775
28 776
28 3330
28 182100
29 3
29 4
29 5
29 10248
29 10250
29 182101
30 10
30 146
30 147
30 149
30 182102
31 5
31 27
31 99
31 131
31 132
31 133
31 135
31 182103
32 3
32 4
32 5
32 14686
32 14688
32 182104
33 9
33 10
33 11
33 13
33 182105
34 67
34 159776
34 159777
34 159779
34 182106
35 4
35 5
35 202
35 6111
35 151303
35 182107
36 27
36 944
36 945
36 1463
36 3308
36 182108
37 4
37 5
37 82
37 83
37 84
37 115
37 763
37 1264
37 182109
38 5
38 84
38 91
38 93
38 121
38 703
38 707
38 956
38 182110
39 4
39 5
39 90
39 122
39 708
39 713
39 103478
39 103480
39 182111
40 717
40 718
40 719
40 721
40 182112
41 10
41 146
41 147
41 149
41 722
42 5
42 20
42 99
42 131
42 132
42 133
42 165
42 166
43 5
43 20
43 202
43 7021
43 83040
43 182113
44 3
44 5
44 20
44 16951
44 182115
44 182116
45 71
45 76
45 190
45 191
45 182117
seqId 460
1 51
1 52
1 1705
1 1707
1 182118
2 71
2 76
2 190
2 191
2 182119
seqId 461
1 3
1 20
1 195
1 340
1 5018
1 129804
1 182120
2 20
2 195
2 202
2 340
2 168265
2 168267
2 182121
seqId 462
1 5
1 20
1 98
1 99
1 100
1 4215
1 182122
2 3
2 5
2 20
2 2320
2 2322
2 143228
3 5
3 84
3 90
3 91
3 93
3 121
3 45067
3 45069
3 182123
4 51
4 195
4 10375
4 10377
4 182124
5 3
5 20
5 195
5 10402
5 10404
5 182125
6 82
6 758
6 759
6 761
6 182126
7 84
7 90
7 91
7 93
7 121
7 195
7 31304
7 45107
7 182127
8 9
8 10
8 26
8 169
8 171
8 182128
9 4
9 5
9 99
9 133
9 175
9 176
9 178
9 182129
10 3
10 4
10 5
10 5469
10 5471
10 182130
11 10
11 126
11 127
11 129
11 182131
12 5
12 99
12 131
12 132
12 133
12 135
12 171
12 106049
13 5
13 67
13 147612
13 168135
13 182132
14 5
14 20
14 202
14 175481
14 175483
14 182133
15 76
15 342
15 343
15 345
15 182134
16 660
16 1377
16 6485
16 6487
16 182135
17 660
17 6286
17 6287
17 6289
17 182136
18 72
18 509
18 5422
18 14296
18 99714
18 176363
18 176364
18 176366
18 182137
19 76
19 413
19 414
19 416
19 182138
20 64
20 67
20 71
20 53047
20 53048
20 182139
21 67
21 3351
21 16138
21 120004
21 168310
21 168311
21 182140
22 158
22 159
22 160
22 162
22 182141
23 9
23 10
23 11
23 13
23 163
24 5
24 20
24 99
24 131
24 132
24 133
24 165
24 166
25 5
25 20
25 67
25 168315
25 168317
25 182142
26 76
26 342
26 343
26 345
26 182143
27 67
27 71
27 9179
27 9494
27 18718
27 182144
28 67
28 6985
28 48761
28 174978
28 174979
28 174981
28 182145
29 76
29 433
29 434
29 436
29 182146
30 76
30 342
30 343
30 345
30 182147
31 9
31 10
31 11
31 13
31 182148
32 5
32 99
32 131
32 132
32 133
32 135
32 171
32 182149
33 5
33 82
33 84
33 85
33 2294
33 2296
33 182150
34 10
34 126
34 127
34 129
34 182151
35 5
35 20
35 99
35 131
35 132
35 133
35 166
35 182152
36 3
36 5
36 20
36 2468
36 182154
36 182155
36 182156
37 5
37 20
37 202
37 18684
37 80665
37 175423
37 175425
37 182158
38 9
38 10
38 26
38 169
38 171
38 182159
39 67
39 175400
39 175401
39 175403
39 182160
40 243
40 244
40 245
40 247
40 182161
41 9
41 10
41 11
41 13
41 182162
42 67
42 175299
42 175300
42 175302
42 182163
43 76
43 413
43 414
43 416
43 182164
44 36
44 67
44 71
44 18488
44 18489
44 182165
45 67
45 2423
45 5422
45 106062
45 177656
45 177657
45 182166
46 76
46 433
46 434
46 436
46 182167
47 243
47 244
47 245
47 247
47 182168
48 5
48 99
48 131
48 132
48 133
48 135
48 171
48 182169
49 3
49 5
49 20
49 145028
49 145182
49 182170
50 5
50 20
50 202
50 175277
50 175279
50 182171
51 76
51 342
51 343
51 345
51 182172
52 660
52 6695
52 6696
52 6698
52 182173
53 10
53 283
53 284
53 286
53 182174
54 99
54 115
54 195
54 773
54 774
54 775
54 776
54 3400
54 182175
55 3
55 20
55 195
55 33272
55 33274
55 182176
56 20
56 195
56 202
56 340
56 182178
56 182179
56 182180
57 243
57 244
57 245
57 247
57 182181
58 20
58 195
58 202
58 340
58 182183
58 182184
58 182185
59 76
59 413
59 414
59 416
59 182186
60 67
60 71
60 407
60 18660
60 18661
60 182187
61 67
61 967
61 158385
61 174286
61 174287
61 174289
61 182188
62 76
62 433
62 434
62 436
62 182189
63 71
63 76
63 190
63 191
63 182190
seqId 463
1 99
1 131
1 132
1 133
1 195
1 1220
1 182191
2 51
2 195
2 1501
2 1503
2 182192
3 3
3 20
3 195
3 2221
3 3410
3 182193
4 9
4 10
4 11
4 13
4 182194
5 5
5 99
5 131
5 132
5 133
5 135
5 171
5 182195
6 5
6 67
6 147612
6 168135
6 182196
7 5
7 20
7 202
7 175481
7 175483
7 182197
8 84
8 90
8 91
8 93
8 121
8 195
8 31304
8 45107
8 182198
9 10
9 109
9 110
9 112
9 71249
10 4
10 5
10 202
10 7021
10 7023
10 182199
11 3
11 4
11 5
11 6046
11 6048
11 182200
12 10
12 126
12 127
12 129
12 143324
13 99
13 131
13 132
13 133
13 195
13 237
13 182201
14 5
14 20
14 72
14 202
14 1104
14 1104
14 5528
14 15065
14 49846
14 160809
14 176368
14 182202
15 3
15 20
15 195
15 16951
15 131943
15 182203
16 76
16 342
16 343
16 345
16 182204
17 243
17 244
17 245
17 247
17 182205
18 99
18 131
18 132
18 133
18 195
18 237
18 182206
19 51
19 195
19 1501
19 1503
19 182207
20 3
20 20
20 195
20 2221
20 3410
20 182208
21 9
21 10
21 11
21 13
21 106116
22 5
22 99
22 131
22 132
22 133
22 135
22 171
22 182209
23 5
23 67
23 175293
23 175296
23 182210
24 243
24 244
24 245
24 247
24 71277
25 9
25 10
25 11
25 13
25 182211
26 4
26 5
26 99
26 131
26 132
26 133
26 152
26 182212
27 4
27 5
27 67
27 175299
27 175302
27 182213
28 4
28 195
28 202
28 2787
28 18684
28 80665
28 175423
28 175425
28 182215
29 243
29 244
29 245
29 247
29 182216
30 4
30 195
30 202
30 2787
30 175279
30 182218
30 182219
31 10
31 126
31 127
31 129
31 182220
32 99
32 131
32 132
32 133
32 195
32 237
32 182221
33 5
33 20
33 202
33 15065
33 176549
33 176551
33 182222
34 243
34 244
34 245
34 247
34 143343
35 5
35 20
35 202
35 15065
35 130808
35 130810
35 182223
36 3
36 20
36 195
36 16951
36 131943
36 182224
37 75
37 76
37 77
37 79
37 182225
38 51
38 195
38 1501
38 1503
38 182226
39 3
39 20
39 195
39 4784
39 4786
39 182227
40 20
40 195
40 202
40 340
40 168252
40 168254
40 182229
41 243
41 244
41 245
41 247
41 182230
42 20
42 195
42 202
42 27855
42 35462
42 182231
43 82
43 84
43 114
43 115
43 116
43 1361
43 182232
44 84
44 90
44 91
44 93
44 121
44 195
44 755
44 28212
44 28214
44 182234
45 660
45 976
45 977
45 979
45 182235
46 71
46 76
46 190
46 191
46 182236
seqId 464
1 99
1 131
1 132
1 133
1 195
1 1220
1 182237
2 3
2 20
2 195
2 10402
2 10404
2 182238
3 84
3 90
3 91
3 93
3 121
3 195
3 755
3 17742
3 25626
3 182240
4 660
4 1539
4 3768
4 3771
4 182241
5 5
5 20
5 202
5 36084
5 36086
5 182242
6 5
6 99
6 131
6 132
6 133
6 135
6 171
6 182243
7 3
7 5
7 20
7 34785
7 36313
7 182244
8 244
8 1249
8 1250
8 1252
8 182245
9 84
9 90
9 91
9 93
9 121
9 195
9 33672
9 182247
9 182248
10 660
10 1513
10 1514
10 1516
10 182249
11 4
11 5
11 99
11 133
11 175
11 176
11 178
11 182250
12 3
12 4
12 5
12 1470
12 1472
12 182251
13 4
13 5
13 202
13 74962
13 74964
13 182252
14 243
14 244
14 245
14 247
14 182253
15 4
15 5
15 202
15 13632
15 49676
15 182254
16 76
16 413
16 414
16 416
16 182255
17 67
17 71
17 9179
17 9494
17 18718
17 182256
18 67
18 6985
18 48761
18 174978
18 174979
18 174981
18 182257
19 76
19 433
19 434
19 436
19 182258
20 76
20 342
20 343
20 345
20 182259
21 4
21 5
21 202
21 175288
21 178821
21 182260
22 76
22 342
22 343
22 345
22 182261
23 4
23 5
23 202
23 136737
23 140195
23 164016
23 182263
23 182264
24 243
24 244
24 245
24 247
24 71345
25 4
25 5
25 202
25 13632
25 49676
25 182265
26 76
26 413
26 414
26 416
26 182266
27 67
27 71
27 407
27 18660
27 18661
27 182267
28 67
28 967
28 158385
28 174286
28 174287
28 174289
28 182268
29 76
29 433
29 434
29 436
29 182269
30 71
30 76
30 190
30 191
30 182270
seqId 465
1 5
1 99
1 131
1 132
1 133
1 171
1 699
1 182271
2 3
2 5
2 20
2 37928
2 37930
2 106181
3 158
3 159
3 160
3 162
3 182272
4 9
4 10
4 11
4 13
4 163
5 5
5 20
5 99
5 131
5 132
5 133
5 165
5 166
6 3
6 5
6 20
6 74962
6 179188
6 182273
7 243
7 244
7 245
7 247
7 182274
8 9
8 10
8 11
8 13
8 143424
9 5
9 99
9 131
9 132
9 133
9 135
9 171
9 143425
10 3
10 5
10 20
10 13632
10 13674
10 20194
11 5
11 84
11 90
11 91
11 93
11 121
11 2333
11 2335
11 182275
12 9
12 10
12 26
12 169
12 171
12 182276
13 90
13 443
13 3979
13 36008
13 182277
14 4
14 5
14 99
14 131
14 132
14 133
14 152
14 182278
15 3
15 4
15 5
15 4249
15 4251
15 182279
16 9
16 10
16 11
16 13
16 182280
17 4
17 5
17 99
17 131
17 132
17 133
17 152
17 182281
18 3
18 4
18 5
18 50290
18 50292
18 182282
19 230
19 231
19 232
19 234
19 182283
20 9
20 10
20 11
20 13
20 163
21 99
21 131
21 132
21 133
21 195
21 236
21 237
22 3
22 20
22 195
22 340
22 12336
22 15959
22 182284
23 76
23 413
23 414
23 416
23 182285
24 67
24 71
24 9179
24 9494
24 18718
24 182286
25 67
25 6985
25 48761
25 174978
25 174979
25 174981
25 182287
26 76
26 433
26 434
26 436
26 182288
27 243
27 244
27 245
27 247
27 182289
28 9
28 10
28 11
28 13
28 182290
29 5
29 99
29 131
29 132
29 133
29 135
29 171
29 182291
30 3
30 4
30 5
30 194
30 14840
30 182292
31 76
31 413
31 414
31 416
31 182293
32 67
32 71
32 407
32 18660
32 18661
32 182294
33 67
33 967
33 158385
33 174286
33 174287
33 174289
33 182295
34 76
34 433
34 434
34 436
34 182296
35 158
35 159
35 160
35 162
35 182297
36 9
36 10
36 11
36 13
36 163
37 5
37 20
37 99
37 131
37 132
37 133
37 165
37 166
38 3
38 5
38 20
38 5018
38 5020
38 182298
39 5
39 20
39 202
39 168265
39 168267
39 182299
40 10
40 4919
40 4920
40 4922
40 182300
41 5
41 99
41 131
41 132
41 133
41 135
41 171
41 182301
42 5
42 67
42 5959
42 5962
42 182302
43 71
43 76
43 190
43 191
43 182303
seqId 466
1 660
1 976
1 7272
1 7274
1 182304
2 99
2 131
2 132
2 133
2 195
2 237
2 143466
3 3
3 20
3 195
3 2221
3 3410
3 182305
4 230
4 231
4 232
4 234
4 182306
5 9
5 10
5 11
5 13
5 163
6 99
6 131
6 132
6 133
6 195
6 236
6 237
7 3
7 20
7 195
7 340
7 5018
7 5020
7 182307
8 20
8 195
8 202
8 340
8 168265
8 168267
8 182308
9 84
9 90
9 91
9 92
9 93
9 195
9 2081
9 29130
9 71400
10 20
10 82
10 83
10 84
10 115
10 195
10 595
10 1824
10 31226
10 182309
11 90
11 443
11 4338
11 11506
11 182310
12 660
12 11739
12 11740
12 11742
12 182311
13 10
13 146
13 147
13 149
13 182312
14 4
14 5
14 99
14 131
14 132
14 133
14 152
14 182313
15 3
15 4
15 5
15 3691
15 3693
15 182314
16 4
16 5
16 202
16 3386
16 6768
16 182315
17 10
17 126
17 127
17 129
17 143484
18 99
18 131
18 132
18 133
18 195
18 237
18 182316
19 3
19 4
19 195
19 1784
19 1786
19 182317
20 4
20 195
20 202
20 340
20 42755
20 178599
20 178601
20 182318
21 9
21 10
21 11
21 13
21 182319
22 3
22 4
22 195
22 7178
22 7180
22 182320
23 4
23 195
23 202
23 2075
23 2771
23 182321
24 243
24 244
24 245
24 247
24 182322
25 99
25 131
25 132
25 133
25 195
25 237
25 182323
26 3
26 20
26 195
26 2723
26 3278
26 182324
27 10
27 1605
27 1606
27 1608
27 182325
28 98
28 99
28 100
28 195
28 2073
28 182326
29 3
29 4
29 195
29 7178
29 7180
29 182327
30 71
30 76
30 190
30 191
30 182328
seqId 467
1 4
1 5
1 99
1 131
1 132
1 133
1 811
1 71440
2 3
2 4
2 5
2 4249
2 4251
2 182329
3 9
3 10
3 11
3 13
3 182330
4 4
4 5
4 99
4 131
4 132
4 133
4 152
4 182331
5 3
5 4
5 5
5 6054
5 140325
5 182332
6 4
6 5
6 202
6 3199
6 5132
6 182333
7 5
7 84
7 91
7 93
7 121
7 703
7 707
7 956
7 182334
8 717
8 718
8 719
8 721
8 106255
9 10
9 146
9 147
9 149
9 722
10 5
10 20
10 99
10 131
10 132
10 133
10 165
10 166
11 3
11 5
11 20
11 8760
11 8762
11 182335
12 230
12 231
12 232
12 234
12 182336
13 9
13 10
13 11
13 13
13 163
14 99
14 131
14 132
14 133
14 195
14 236
14 237
15 3
15 4
15 195
15 22957
15 22959
15 182337
16 9
16 10
16 11
16 13
16 182338
17 36
17 67
17 71
17 18488
17 18489
17 182339
18 67
18 2423
18 5422
18 106062
18 177656
18 177657
18 182340
19 76
19 342
19 343
19 345
19 182341
20 3
20 5
20 20
20 2221
20 2223
20 182342
21 230
21 231
21 232
21 234
21 182343
22 9
22 10
22 11
22 13
22 163
23 99
23 131
23 132
23 133
23 195
23 236
23 237
24 3
24 20
24 195
24 13036
24 13038
24 182344
25 82
25 758
25 759
25 761
25 182345
26 84
26 90
26 91
26 93
26 195
26 914
26 24006
26 45089
26 100562
26 182347
27 76
27 342
27 343
27 345
27 182348
28 10
28 283
28 284
28 286
28 182349
29 5
29 20
29 99
29 131
29 132
29 133
29 166
29 182350
30 3
30 5
30 20
30 2468
30 182154
30 182156
30 182351
31 5
31 20
31 202
31 18684
31 80665
31 175423
31 175425
31 182352
32 76
32 342
32 343
32 345
32 182353
33 4
33 5
33 99
33 131
33 132
33 133
33 152
33 182354
34 4
34 5
34 67
34 48317
34 48320
34 48321
34 182355
35 67
35 20846
35 48321
35 48328
35 182357
35 182358
35 182359
36 76
36 413
36 414
36 416
36 182360
37 72
37 72
37 171
37 244
37 2487
37 25043
37 25044
37 25046
37 25047
37 25048
37 182361
38 5
38 99
38 131
38 132
38 133
38 135
38 171
38 182362
39 3
39 5
39 20
39 3394
39 3396
39 182363
40 9
40 10
40 11
40 13
40 182364
41 4
41 5
41 99
41 131
41 132
41 133
41 152
41 182365
42 3
42 4
42 5
42 182367
42 182368
42 182369
43 76
43 342
43 343
43 345
43 182370
44 243
44 244
44 245
44 247
44 182371
45 660
45 6695
45 6696
45 6698
45 182372
46 4
46 5
46 99
46 131
46 132
46 133
46 152
46 182373
47 3
47 4
47 5
47 182367
47 182369
47 182374
48 4
48 5
48 202
48 182376
48 182377
48 182378
49 9
49 10
49 26
49 169
49 171
49 182379
50 3
50 4
50 5
50 25373
50 25375
50 182380
51 4
51 5
51 202
51 851
51 122014
51 182382
51 182383
52 76
52 433
52 434
52 436
52 182384
53 158
53 159
53 160
53 162
53 182385
54 9
54 10
54 11
54 13
54 163
55 5
55 20
55 99
55 131
55 132
55 133
55 165
55 166
56 3
56 5
56 20
56 182156
56 182387
56 182388
57 10
57 146
57 147
57 149
57 182389
58 4
58 82
58 84
58 100
58 195
58 4680
58 4682
58 182390
59 230
59 231
59 232
59 234
59 182391
60 9
60 10
60 11
60 13
60 163
61 99
61 131
61 132
61 133
61 195
61 236
61 237
62 3
62 20
62 195
62 340
62 78110
62 142138
62 182393
62 182394
63 76
63 342
63 343
63 345
63 182395
64 243
64 244
64 245
64 247
64 182396
65 99
65 131
65 132
65 133
65 195
65 237
65 106302
66 3
66 4
66 195
66 20844
66 71502
66 134881
67 230
67 231
67 232
67 234
67 182397
68 9
68 10
68 11
68 13
68 163
69 99
69 131
69 132
69 133
69 195
69 236
69 237
70 3
70 20
70 195
70 340
70 78110
70 142138
70 182393
70 182398
71 10
71 1605
71 1606
71 1608
71 182399
72 4
72 82
72 84
72 115
72 195
72 1262
72 1824
72 3621
72 182400
73 71
73 76
73 190
73 191
73 182401
seqId 468
1 36
1 67
1 71
1 18488
1 18489
1 182402
2 67
2 2423
2 5422
2 106062
2 177656
2 177657
2 182403
3 5
3 84
3 90
3 91
3 93
3 121
3 4180
3 34509
3 182404
4 90
4 443
4 3446
4 3448
4 182405
5 4
5 5
5 99
5 131
5 132
5 133
5 152
5 182406
6 3
6 4
6 5
6 4249
6 4251
6 182407
7 9
7 10
7 11
7 13
7 182408
8 4
8 5
8 99
8 131
8 132
8 133
8 152
8 182409
9 3
9 4
9 5
9 135
9 22750
9 33418
9 97844
9 97846
9 182410
10 9
10 10
10 11
10 13
10 182411
11 4
11 5
11 99
11 131
11 132
11 133
11 152
11 182412
12 3
12 4
12 5
12 49472
12 50428
12 182413
13 4
13 5
13 202
13 646
13 25589
13 182414
14 76
14 342
14 343
14 345
14 182415
15 243
15 244
15 245
15 247
15 182416
16 660
16 2347
16 2348
16 2350
16 182417
17 660
17 3607
17 3608
17 3610
17 182418
18 4
18 5
18 82
18 84
18 100
18 4680
18 7233
18 182419
19 9
19 10
19 11
19 13
19 182420
20 4
20 5
20 99
20 131
20 132
20 133
20 152
20 182421
21 3
21 4
21 5
21 14174
21 27570
21 182422
22 10
22 126
22 127
22 129
22 182423
23 99
23 131
23 132
23 133
23 195
23 237
23 182424
24 3
24 4
24 195
24 49472
24 182426
24 182427
25 76
25 342
25 343
25 345
25 182428
26 82
26 83
26 84
26 115
26 2548
26 5729
26 5731
26 182429
27 20
27 90
27 122
27 708
27 713
27 16673
27 16675
27 182430
28 4
28 195
28 202
28 6251
28 6253
28 182431
29 76
29 342
29 343
29 345
29 20398
30 660
30 976
30 979
30 1458
30 20399
31 944
31 945
31 946
31 948
31 20400
32 4
32 82
32 84
32 100
32 195
32 4680
32 4682
32 106339
33 158
33 159
33 160
33 162
33 182432
34 9
34 10
34 11
34 13
34 163
35 5
35 20
35 99
35 131
35 132
35 133
35 165
35 166
36 3
36 5
36 20
36 2894
36 2896
36 182433
37 230
37 231
37 232
37 234
37 182434
38 9
38 10
38 11
38 13
38 163
39 99
39 131
39 132
39 133
39 195
39 236
39 237
40 3
40 20
40 195
40 13036
40 13038
40 182435
41 243
41 244
41 245
41 247
41 182436
42 230
42 231
42 232
42 234
42 182437
43 9
43 10
43 11
43 13
43 163
44 99
44 131
44 132
44 133
44 195
44 236
44 237
45 3
45 20
45 195
45 13025
45 13027
45 182438
46 9
46 10
46 11
46 13
46 182439
47 3
47 4
47 5
47 497
47 35017
47 170997
47 170999
47 182440
48 243
48 244
48 245
48 247
48 182441
49 9
49 10
49 24
49 26
49 27
49 182442
50 3
50 5
50 20
50 36464
50 36466
50 182443
51 71
51 76
51 190
51 191
51 182444
seqId 469
1 5
1 20
1 82
1 83
1 84
1 115
1 763
1 3948
1 182445
2 5
2 84
2 90
2 91
2 92
2 93
2 96
2 3979
2 36008
2 182446
3 99
3 131
3 132
3 133
3 195
3 237
3 182447
4 3
4 4
4 195
4 340
4 118135
4 118137
4 182449
5 4
5 195
5 202
5 340
5 182451
5 182452
5 182453
6 243
6 244
6 245
6 247
6 182454
7 99
7 131
7 132
7 133
7 195
7 237
7 182455
8 3
8 4
8 195
8 340
8 29863
8 29865
8 182457
9 9
9 10
9 11
9 13
9 182458
10 3
10 4
10 195
10 182460
10 182461
10 182462
11 4
11 195
11 202
11 12805
11 182464
11 182465
12 76
12 413
12 414
12 416
12 182466
13 171
13 509
13 130211
13 182468
13 182469
13 182470
13 182471
14 76
14 433
14 434
14 436
14 182472
15 10
15 1010
15 1011
15 1013
15 182473
16 3
16 20
16 195
16 21035
16 21037
16 182474
17 9
17 10
17 11
17 13
17 182475
18 5
18 99
18 131
18 132
18 133
18 135
18 171
18 182476
19 3
19 4
19 5
19 4804
19 33065
19 182477
20 4
20 5
20 202
20 3199
20 5132
20 20448
21 75
21 76
21 77
21 79
21 182478
22 4
22 82
22 83
22 84
22 115
22 195
22 1824
22 3621
22 182479
23 84
23 90
23 91
23 93
23 195
23 914
23 2081
23 182481
23 182482
24 90
24 443
24 2333
24 3366
24 182483
25 717
25 718
25 719
25 721
25 182484
26 10
26 146
26 147
26 149
26 722
27 5
27 20
27 99
27 131
27 132
27 133
27 165
27 166
28 3
28 5
28 20
28 182156
28 182387
28 182485
29 9
29 10
29 26
29 169
29 171
29 182486
30 90
30 443
30 77227
30 182488
30 182489
31 4
31 85
31 99
31 195
31 1589
31 1591
31 182490
32 3
32 4
32 195
32 20844
32 134881
32 182491
33 4
33 195
33 202
33 340
33 95207
33 182493
33 182494
33 182495
34 71
34 76
34 190
34 191
34 182496
seqId 470
1 5
1 99
1 131
1 132
1 133
1 171
1 699
1 182497
2 3
2 4
2 5
2 7388
2 27055
2 182498
3 9
3 10
3 11
3 13
3 182499
4 36
4 67
4 71
4 18488
4 18489
4 182500
5 67
5 2423
5 5422
5 106062
5 177656
5 177657
5 182501
6 5
6 84
6 90
6 91
6 92
6 93
6 4379
6 34606
6 182502
7 660
7 1566
7 1567
7 1569
7 182503
8 10
8 126
8 127
8 129
8 182504
9 4
9 5
9 99
9 131
9 132
9 133
9 152
9 182505
10 4
10 5
10 202
10 784
10 786
10 182506
11 3
11 4
11 5
11 70020
11 70022
11 182507
12 158
12 159
12 160
12 162
12 182508
13 9
13 10
13 11
13 13
13 163
14 5
14 20
14 99
14 131
14 132
14 133
14 165
14 166
15 5
15 20
15 202
15 15065
15 176549
15 176551
15 182509
16 3
16 5
16 20
16 16951
16 16953
16 182510
17 71
17 76
17 190
17 191
17 182511
seqId 471
1 4
1 5
1 82
1 83
1 84
1 115
1 763
1 4750
1 182512
2 82
2 84
2 114
2 115
2 116
2 118
2 171
2 182513
3 5
3 84
3 90
3 91
3 92
3 93
3 120
3 2560
3 12454
3 182514
4 10
4 126
4 127
4 129
4 182515
5 99
5 133
5 175
5 176
5 195
5 234
5 182516
6 3
6 4
6 195
6 2773
6 2775
6 182517
7 660
7 1305
7 1306
7 1308
7 182518
8 4
8 90
8 122
8 195
8 708
8 713
8 2787
8 80810
8 80812
8 182519
9 244
9 418
9 419
9 421
9 182520
10 4
10 195
10 202
10 2787
10 179488
10 179490
10 182522
11 76
11 342
11 343
11 345
11 182523
12 10
12 1010
12 1011
12 1013
12 182524
13 4
13 5
13 99
13 131
13 132
13 133
13 152
13 182525
14 3
14 4
14 5
14 52141
14 52143
14 182526
15 158
15 159
15 160
15 162
15 182527
16 9
16 10
16 11
16 13
16 163
17 5
17 20
17 99
17 131
17 132
17 133
17 165
17 166
18 76
18 171
18 140438
18 140439
18 182528
19 5
19 20
19 67
19 3206
19 3812
19 114603
19 182530
19 182531
20 72
20 509
20 82641
20 99714
20 163945
20 179322
20 179323
20 182532
21 9
21 10
21 26
21 169
21 171
21 182533
22 509
22 99714
22 179327
22 179328
22 182534
23 76
23 171
23 595
23 182536
23 182537
23 182538
24 67
24 75863
24 132812
24 179335
24 179336
24 182539
25 82
25 759
25 944
25 948
25 182540
26 36
26 67
26 71
26 18488
26 18489
26 182541
27 67
27 2423
27 5422
27 106062
27 177656
27 177657
27 182542
28 5
28 84
28 90
28 91
28 92
28 93
28 1648
28 80810
28 182544
28 182545
29 76
29 342
29 343
29 345
29 182546
30 243
30 244
30 245
30 247
30 182547
31 82
31 759
31 2852
31 2854
31 182548
32 5
32 20
32 82
32 83
32 84
32 115
32 763
32 1002
32 182549
33 5
33 84
33 90
33 91
33 92
33 93
33 96
33 3969
33 3971
33 182551
34 5
34 99
34 131
34 132
34 133
34 135
34 171
34 182552
35 3
35 4
35 5
35 194
35 14840
35 182553
36 10
36 1387
36 1388
36 1390
36 182554
37 4
37 5
37 82
37 84
37 100
37 4680
37 7233
37 182555
38 4
38 5
38 90
38 122
38 708
38 713
38 768
38 7210
38 182556
39 10
39 283
39 284
39 286
39 182557
40 99
40 131
40 132
40 133
40 195
40 237
40 182558
41 20
41 195
41 202
41 2294
41 3837
41 182559
42 3
42 20
42 195
42 9469
42 9471
42 182560
43 158
43 159
43 160
43 162
43 182561
44 9
44 10
44 11
44 13
44 163
45 5
45 20
45 99
45 131
45 132
45 133
45 165
45 166
46 5
46 20
46 202
46 2310
46 2313
46 182562
47 3
47 5
47 20
47 15235
47 32948
47 182563
48 76
48 342
48 343
48 345
48 106449
49 660
49 976
49 979
49 1458
49 182564
50 171
50 944
50 945
50 1461
50 1463
50 182565
51 10
51 146
51 147
51 149
51 182566
52 4
52 5
52 82
52 84
52 100
52 4680
52 7233
52 182567
53 4
53 5
53 90
53 122
53 708
53 713
53 768
53 7210
53 182568
54 10
54 828
54 829
54 831
54 182569
55 26
55 99
55 133
55 171
55 175
55 176
55 195
55 182570
56 20
56 195
56 202
56 2294
56 3837
56 182571
57 3
57 20
57 195
57 340
57 182573
57 182574
57 182575
58 20
58 195
58 202
58 21185
58 54136
58 182576
59 71
59 76
59 190
59 191
59 182577
seqId 472
1 67
1 71
1 407
1 18660
1 18661
1 182578
2 67
2 967
2 158385
2 174286
2 174287
2 174289
2 182579
3 82
3 84
3 114
3 115
3 116
3 118
3 171
3 182580
4 5
4 84
4 90
4 91
4 92
4 93
4 1648
4 13452
4 72669
4 182582
4 182583
5 5
5 20
5 82
5 84
5 115
5 763
5 765
5 1262
5 182584
6 660
6 1622
6 1623
6 1625
6 182585
7 10
7 146
7 147
7 149
7 106473
8 4
8 5
8 99
8 131
8 132
8 133
8 152
8 182586
9 3
9 4
9 5
9 4249
9 4251
9 182587
10 9
10 10
10 11
10 13
10 182588
11 4
11 5
11 99
11 131
11 132
11 133
11 152
11 182589
12 3
12 4
12 5
12 7291
12 13152
12 112669
12 149612
12 182591
12 182592
13 4
13 5
13 202
13 3199
13 5132
13 182593
14 10
14 126
14 127
14 129
14 182594
15 99
15 131
15 132
15 133
15 195
15 237
15 182595
16 3
16 4
16 195
16 182597
16 182598
16 182599
17 158
17 159
17 160
17 162
17 182600
18 9
18 10
18 11
18 13
18 163
19 5
19 20
19 99
19 131
19 132
19 133
19 165
19 166
20 5
20 20
20 67
20 70
20 1186
20 182602
20 182603
21 71
21 76
21 190
21 191
21 143766
seqId 473
1 5
1 20
1 82
1 83
1 84
1 115
1 763
1 3948
1 182604
2 5
2 20
2 82
2 83
2 84
2 115
2 166
2 763
2 182605
3 5
3 84
3 90
3 91
3 92
3 93
3 4766
3 90628
3 182606
4 10
4 283
4 284
4 286
4 182607
5 5
5 20
5 99
5 131
5 132
5 133
5 166
5 182608
6 3
6 5
6 20
6 4345
6 4347
6 182609
7 9
7 10
7 26
7 169
7 171
7 182610
8 5
8 20
8 99
8 133
8 175
8 176
8 1316
8 182611
9 3
9 5
9 20
9 70793
9 70795
9 182612
10 82
10 758
10 759
10 761
10 182613
11 5
11 84
11 90
11 91
11 92
11 93
11 4379
11 34606
11 182614
12 10
12 126
12 127
12 129
12 182615
13 4
13 5
13 99
13 133
13 175
13 176
13 178
13 182616
14 3
14 4
14 5
14 1913
14 1915
14 182617
15 660
15 4478
15 4479
15 4481
15 182618
16 4
16 5
16 202
16 124406
16 182620
16 182621
17 10
17 146
17 147
17 149
17 106505
18 4
18 5
18 99
18 131
18 132
18 133
18 152
18 182622
19 3
19 4
19 5
19 182624
19 182625
19 182626
20 230
20 231
20 232
20 234
20 182627
21 9
21 10
21 11
21 13
21 163
22 99
22 131
22 132
22 133
22 195
22 236
22 237
23 67
23 195
23 340
23 45265
23 80665
23 175425
23 182629
23 182630
24 243
24 244
24 245
24 247
24 182631
25 10
25 146
25 147
25 149
25 182632
26 4
26 5
26 99
26 131
26 132
26 133
26 152
26 182633
27 3
27 4
27 5
27 175346
27 182635
27 182636
28 4
28 5
28 202
28 1104
28 175277
28 175279
28 182637
29 71
29 76
29 190
29 191
29 182638
seqId 474
1 67
1 71
1 407
1 18660
1 18661
1 182639
2 67
2 967
2 158385
2 174286
2 174287
2 174289
2 182640
3 5
3 84
3 90
3 91
3 92
3 93
3 1648
3 4258
3 46684
3 94759
3 182642
4 4
4 5
4 99
4 115
4 773
4 774
4 775
4 776
4 3330
4 182643
5 3
5 4
5 5
5 15
5 17
5 182644
6 10
6 283
6 284
6 286
6 182645
7 4
7 5
7 99
7 133
7 175
7 176
7 178
7 182646
8 3
8 4
8 5
8 33143
8 41294
8 41296
8 182648
9 660
9 6797
9 6799
9 21870
9 182649
10 660
10 2347
10 2348
10 2350
10 182650
11 4
11 5
11 202
11 1104
11 124738
11 182652
11 182653
12 76
12 342
12 343
12 345
12 182654
13 5
13 99
13 131
13 132
13 133
13 135
13 171
13 182655
14 3
14 5
14 20
14 1029
14 1031
14 182656
15 243
15 244
15 245
15 247
15 182657
16 5
16 99
16 131
16 132
16 133
16 135
16 171
16 182658
17 3
17 5
17 20
17 182660
17 182661
17 182662
18 51
18 195
18 14053
18 32978
18 57093
18 72422
18 182664
18 182665
19 82
19 758
19 759
19 761
19 182666
20 84
20 90
20 91
20 93
20 195
20 708
20 4710
20 25415
20 182668
20 182669
21 717
21 718
21 719
21 721
21 182670
22 10
22 146
22 147
22 149
22 722
23 5
23 20
23 99
23 131
23 132
23 133
23 165
23 166
24 5
24 20
24 67
24 177325
24 177327
24 182671
25 4
25 5
25 99
25 131
25 132
25 133
25 152
25 182672
26 3
26 4
26 5
26 141522
26 141524
26 182673
27 158
27 159
27 160
27 162
27 182674
28 9
28 10
28 11
28 13
28 163
29 5
29 20
29 99
29 131
29 132
29 133
29 165
29 166
30 3
30 5
30 20
30 182676
30 182677
30 182678
31 5
31 20
31 202
31 175277
31 175279
31 182679
32 76
32 342
32 343
32 345
32 182680
33 67
33 179289
33 179290
33 179292
33 182681
34 67
34 134503
34 179294
34 179295
34 179297
34 182682
35 71
35 76
35 190
35 191
35 182683
seqId 475
1 4
1 5
1 98
1 99
1 100
1 4105
1 182684
2 3
2 4
2 5
2 141522
2 141524
2 182685
3 5
3 84
3 91
3 93
3 703
3 914
3 4766
3 17551
3 182686
4 90
4 443
4 1845
4 16983
4 182688
4 182689
4 182690
5 99
5 133
5 175
5 176
5 195
5 234
5 182691
6 3
6 20
6 195
6 340
6 792
6 34802
6 182693
6 182694
6 182695
7 20
7 195
7 202
7 1341
7 1343
7 182696
8 76
8 1267
8 1268
8 1270
8 182697
seqId 476
1 5
1 20
1 82
1 84
1 98
1 100
1 171
1 2487
1 182698
2 5
2 84
2 91
2 93
2 703
2 707
2 914
2 916
2 182699
3 660
3 1622
3 1623
3 1625
3 182700
4 4
4 5
4 99
4 133
4 175
4 176
4 178
4 182701
5 3
5 4
5 5
5 35988
5 36102
5 182702
6 4
6 5
6 202
6 3199
6 5132
6 182703
7 4
7 5
7 202
7 6320
7 6322
7 182704
8 10
8 146
8 147
8 149
8 182705
9 5
9 99
9 131
9 132
9 133
9 135
9 171
9 182706
10 3
10 4
10 5
10 14965
10 14967
10 182707
11 9
11 10
11 11
11 13
11 182708
12 5
12 99
12 131
12 132
12 133
12 135
12 171
12 182709
13 3
13 5
13 20
13 145028
13 145182
13 182710
14 5
14 20
14 202
14 175277
14 175279
14 182711
15 71
15 76
15 190
15 191
15 182712
seqId 477
1 10
1 828
1 1336
1 38218
1 182713
2 5
2 20
2 99
2 131
2 132
2 133
2 166
2 182714
3 3
3 5
3 20
3 479
3 16983
3 145778
3 182716
3 182717
4 5
4 20
4 202
4 3899
4 3901
4 182718
5 9
5 10
5 11
5 13
5 143877
6 3
6 4
6 195
6 2773
6 2775
6 182719
7 4
7 90
7 122
7 195
7 708
7 713
7 103478
7 160935
7 182720
8 10
8 109
8 110
8 112
8 182721
9 3
9 5
9 20
9 34785
9 36313
9 182722
10 76
10 342
10 343
10 345
10 182723
11 10
11 109
11 110
11 112
11 182724
12 3
12 5
12 20
12 175288
12 179198
12 182725
13 76
13 342
13 343
13 345
13 182726
14 10
14 109
14 110
14 112
14 182727
15 3
15 5
15 20
15 179202
15 179204
15 182728
16 243
16 244
16 245
16 247
16 182729
17 10
17 109
17 110
17 112
17 182730
18 3
18 5
18 20
18 13632
18 13674
18 182731
19 76
19 342
19 343
19 345
19 182732
20 67
20 71
20 407
20 18660
20 18661
20 182733
21 67
21 967
21 158385
21 174286
21 174287
21 174289
21 182734
22 5
22 84
22 90
22 91
22 92
22 93
22 96
22 38913
22 182736
22 182737
23 5
23 20
23 99
23 131
23 132
23 133
23 166
23 182738
24 3
24 5
24 20
24 31623
24 31625
24 182739
25 243
25 244
25 245
25 247
25 182740
26 5
26 20
26 99
26 131
26 132
26 133
26 166
26 182741
27 3
27 5
27 20
27 182743
27 182744
27 182745
28 230
28 231
28 232
28 234
28 182746
29 9
29 10
29 11
29 13
29 163
30 99
30 131
30 132
30 133
30 195
30 236
30 237
31 3
31 20
31 195
31 3632
31 3634
31 182747
32 20
32 195
32 202
32 322
32 357
32 182748
33 76
33 342
33 343
33 345
33 182749
34 10
34 109
34 112
34 1539
34 182750
35 3
35 5
35 20
35 1601
35 1603
35 182751
36 99
36 131
36 132
36 133
36 195
36 237
36 182752
37 3
37 20
37 195
37 128685
37 128687
37 182753
38 158
38 159
38 160
38 162
38 182754
39 9
39 10
39 11
39 13
39 163
40 5
40 20
40 99
40 131
40 132
40 133
40 165
40 166
41 5
41 20
41 67
41 177325
41 177327
41 182755
42 76
42 342
42 343
42 345
42 182756
43 20
43 195
43 202
43 31600
43 71861
43 182758
44 10
44 146
44 147
44 149
44 71862
45 5
45 99
45 131
45 132
45 133
45 135
45 171
45 182759
46 3
46 5
46 20
46 3696
46 3698
46 182760
47 5
47 20
47 202
47 175277
47 175279
47 182761
48 71
48 76
48 190
48 191
48 182762
seqId 478
1 10
1 283
1 3640
1 3642
1 182763
2 4
2 5
2 99
2 133
2 175
2 176
2 178
2 182764
3 3
3 4
3 5
3 8229
3 12263
3 182765
4 4
4 5
4 202
4 129783
4 129785
4 182767
5 10
5 146
5 147
5 149
5 182768
6 4
6 5
6 82
6 84
6 100
6 4680
6 7233
6 182769
7 9
7 10
7 11
7 13
7 182770
8 36
8 67
8 71
8 18488
8 18489
8 182771
9 67
9 2423
9 5422
9 106062
9 177656
9 177657
9 182772
10 76
10 342
10 343
10 345
10 182773
11 5
11 20
11 82
11 83
11 84
11 115
11 763
11 1002
11 182774
12 5
12 84
12 91
12 92
12 93
12 703
12 707
12 16563
12 182775
13 5
13 20
13 202
13 168968
13 182777
13 182778
14 9
14 10
14 11
14 13
14 182779
15 90
15 443
15 1345
15 9933
15 182780
16 10
16 109
16 110
16 112
16 182781
17 3
17 4
17 5
17 31190
17 31192
17 182782
18 3
18 4
18 5
18 14686
18 14688
18 182783
19 4
19 5
19 202
19 3199
19 5132
19 182784
20 243
20 244
20 245
20 247
20 182785
21 3
21 4
21 5
21 17766
21 140930
21 171304
21 182786
22 230
22 231
22 232
22 234
22 71899
23 9
23 10
23 11
23 13
23 163
24 99
24 131
24 132
24 133
24 195
24 236
24 237
25 3
25 20
25 195
25 2972
25 2974
25 182787
26 71
26 76
26 190
26 191
26 182788
seqId 479
1 5
1 20
1 36
1 82
1 84
1 98
1 100
1 171
1 1539
1 182789
2 5
2 84
2 91
2 93
2 121
2 703
2 707
2 956
2 182790
3 660
3 12888
3 12889
3 12891
3 182791
4 5
4 20
4 82
4 83
4 84
4 115
4 763
4 1002
4 182792
5 5
5 84
5 90
5 91
5 92
5 93
5 1648
5 22166
5 46137
5 182794
6 10
6 109
6 112
6 1539
6 182795
7 660
7 4185
7 4186
7 4188
7 182796
8 4
8 5
8 99
8 133
8 175
8 176
8 178
8 182797
9 3
9 4
9 5
9 25222
9 25224
9 182798
10 4
10 5
10 90
10 122
10 708
10 713
10 3722
10 8756
10 20565
10 102695
10 182799
11 9
11 10
11 26
11 169
11 171
11 182800
12 4
12 5
12 99
12 133
12 175
12 176
12 178
12 182801
13 3
13 4
13 5
13 2773
13 39628
13 182802
14 4
14 5
14 202
14 136737
14 140195
14 164016
14 182263
14 182803
15 9
15 10
15 11
15 13
15 182804
16 4
16 5
16 99
16 131
16 132
16 133
16 152
16 182805
17 3
17 4
17 5
17 141522
17 141524
17 182806
18 76
18 342
18 343
18 345
18 182807
19 99
19 131
19 132
19 133
19 195
19 237
19 182808
20 67
20 195
20 340
20 14727
20 50443
20 179270
20 182809
21 72
21 509
21 3213
21 115114
21 152998
21 179273
21 179274
21 182810
22 9
22 10
22 11
22 13
22 182811
23 67
23 340
23 61071
23 152999
23 179278
23 179279
23 182812
24 76
24 413
24 414
24 416
24 182813
25 90
25 443
25 25415
25 33649
25 182814
26 72
26 660
26 28422
26 33655
26 33656
26 33658
26 182815
27 76
27 433
27 434
27 436
27 182816
28 71
28 76
28 190
28 191
28 182817
seqId 480
1 4
1 5
1 99
1 131
1 132
1 133
1 811
1 182818
2 3
2 4
2 5
2 4249
2 4251
2 182819
3 9
3 10
3 11
3 13
3 182820
4 4
4 5
4 99
4 131
4 132
4 133
4 152
4 182821
5 3
5 4
5 5
5 35988
5 36102
5 182822
6 4
6 5
6 202
6 3199
6 5132
6 182823
7 76
7 342
7 343
7 345
7 182824
8 9
8 10
8 11
8 13
8 182825
9 99
9 115
9 195
9 773
9 774
9 775
9 776
9 3400
9 182826
10 3
10 4
10 195
10 25430
10 37321
10 182827
11 243
11 244
11 245
11 247
11 182828
12 99
12 133
12 175
12 176
12 195
12 234
12 182829
13 3
13 4
13 195
13 340
13 3989
13 16983
13 34778
13 34780
13 182830
14 82
14 758
14 759
14 761
14 182831
15 82
15 84
15 114
15 115
15 116
15 118
15 171
15 182832
16 84
16 90
16 91
16 93
16 112
16 121
16 195
16 4710
16 68957
16 104604
16 182833
17 76
17 342
17 343
17 345
17 143989
18 5
18 84
18 91
18 93
18 121
18 703
18 707
18 956
18 182834
19 660
19 1622
19 1623
19 1625
19 182835
20 5
20 20
20 82
20 84
20 85
20 175
20 1316
20 182836
21 230
21 231
21 232
21 234
21 182837
22 9
22 10
22 11
22 13
22 163
23 99
23 131
23 132
23 133
23 195
23 236
23 237
24 3
24 20
24 195
24 1684
24 1686
24 182838
25 9
25 10
25 11
25 13
25 182839
26 3
26 4
26 5
26 15
26 17
26 182840
27 9
27 10
27 26
27 169
27 171
27 182841
28 64
28 67
28 71
28 53047
28 53048
28 182842
29 67
29 3351
29 16138
29 120004
29 168310
29 168311
29 182843
30 158
30 159
30 160
30 162
30 182844
31 9
31 10
31 11
31 13
31 163
32 5
32 20
32 99
32 131
32 132
32 133
32 165
32 166
33 5
33 20
33 67
33 168315
33 168317
33 182845
34 71
34 76
34 190
34 191
34 182846
seqId 481
1 4
1 5
1 98
1 99
1 100
1 4105
1 182847
2 4
2 5
2 202
2 9960
2 19296
2 182848
3 5
3 84
3 90
3 91
3 92
3 93
3 1345
3 117719
3 182849
4 10
4 109
4 110
4 112
4 182850
5 3
5 4
5 5
5 21329
5 21331
5 182851
6 5
6 99
6 131
6 132
6 133
6 135
6 171
6 182852
7 4
7 5
7 202
7 182854
7 182855
7 182856
8 3
8 4
8 5
8 38630
8 38632
8 182857
9 4
9 5
9 202
9 3199
9 5132
9 182858
10 10
10 109
10 110
10 112
10 182859
11 72
11 509
11 5422
11 14296
11 99714
11 176363
11 176364
11 176366
11 182860
12 717
12 718
12 719
12 721
12 182861
13 10
13 146
13 147
13 149
13 722
14 5
14 20
14 99
14 131
14 132
14 133
14 165
14 166
15 5
15 20
15 202
15 1104
15 15065
15 160809
15 178517
15 182862
16 3
16 5
16 20
16 16951
16 16953
16 182863
17 76
17 342
17 343
17 345
17 182864
18 10
18 7340
18 9033
18 9035
18 182865
19 5
19 99
19 131
19 132
19 133
19 135
19 171
19 182866
20 3
20 4
20 5
20 140820
20 140822
20 182867
21 9
21 10
21 26
21 169
21 171
21 182868
22 5
22 20
22 99
22 133
22 175
22 176
22 1316
22 182869
23 3
23 5
23 20
23 182871
23 182872
23 182873
23 182874
24 5
24 20
24 202
24 14316
24 14318
24 182876
25 10
25 171
25 1113
25 1116
25 1662
25 182877
26 10
26 146
26 147
26 149
26 182878
27 4
27 5
27 82
27 84
27 100
27 4680
27 7233
27 182879
28 9
28 10
28 26
28 169
28 171
28 182880
29 5
29 20
29 99
29 133
29 175
29 176
29 1316
29 182881
30 3
30 5
30 20
30 14207
30 48617
30 182883
30 182884
31 158
31 159
31 160
31 162
31 182885
32 9
32 10
32 11
32 13
32 163
33 5
33 20
33 99
33 131
33 132
33 133
33 165
33 166
34 5
34 20
34 202
34 9960
34 32945
34 182886
35 5
35 20
35 202
35 20863
35 48464
35 48466
36 3
36 5
36 20
36 182871
36 182873
36 182874
36 182887
37 5
37 20
37 202
37 11542
37 11542
37 83687
37 124029
37 182889
37 182890
38 76
38 342
38 343
38 345
38 182891
39 82
39 758
39 759
39 761
39 182892
40 5
40 84
40 90
40 91
40 93
40 708
40 2333
40 182894
40 182895
41 9
41 10
41 11
41 13
41 182896
42 90
42 443
42 4766
42 5065
42 182897
43 3
43 4
43 5
43 10996
43 10998
43 182898
44 2822
44 2823
44 2824
44 2826
44 182899
45 10
45 146
45 147
45 149
45 722
46 99
46 131
46 132
46 133
46 195
46 236
46 237
47 3
47 4
47 195
47 12560
47 182901
47 182902
48 9
48 10
48 11
48 13
48 182903
49 4
49 5
49 99
49 131
49 132
49 133
49 152
49 72006
50 3
50 4
50 5
50 49472
50 50428
50 182904
51 4
51 5
51 202
51 226
51 2228
51 182905
52 9
52 10
52 11
52 13
52 182906
53 51
53 195
53 23536
53 55812
53 57731
53 92969
53 182908
53 182909
54 243
54 244
54 245
54 247
54 182910
55 9
55 10
55 11
55 13
55 182911
56 4
56 5
56 99
56 131
56 132
56 133
56 152
56 182912
57 3
57 4
57 5
57 497
57 43696
57 43698
57 182913
58 4
58 5
58 202
58 3199
58 5132
58 182914
59 82
59 758
59 759
59 761
59 182915
60 82
60 83
60 84
60 109
60 112
60 115
60 20889
61 5
61 84
61 90
61 91
61 93
61 96
61 708
61 35983
61 137197
61 182917
62 71
62 76
62 190
62 191
62 182918
seqId 482
1 10
1 109
1 876
1 878
1 182919
2 3
2 4
2 5
2 3290
2 3292
2 182920
3 76
3 342
3 343
3 345
3 182921
4 36
4 67
4 71
4 18488
4 18489
4 182922
5 67
5 2423
5 5422
5 106062
5 177656
5 177657
5 182923
6 76
6 342
6 343
6 345
6 182924
7 67
7 71
7 407
7 18660
7 18661
7 182925
8 67
8 967
8 158385
8 174286
8 174287
8 174289
8 182926
9 243
9 244
9 245
9 247
9 182927
10 64
10 67
10 71
10 53047
10 53048
10 182928
11 67
11 3351
11 16138
11 120004
11 168310
11 168311
11 182929
12 158
12 159
12 160
12 162
12 182930
13 9
13 10
13 11
13 13
13 163
14 5
14 20
14 99
14 131
14 132
14 133
14 165
14 166
15 5
15 20
15 67
15 168315
15 168317
15 182931
16 84
16 91
16 93
16 121
16 195
16 703
16 707
16 1858
16 182932
17 20
17 90
17 122
17 195
17 340
17 708
17 713
17 35846
17 182934
17 182935
18 10
18 828
18 829
18 831
18 182936
19 4
19 5
19 99
19 131
19 132
19 133
19 152
19 144074
20 4
20 5
20 202
20 2310
20 2313
20 182937
21 3
21 4
21 5
21 1579
21 1581
21 182938
22 9
22 10
22 11
22 13
22 182939
23 90
23 443
23 16673
23 39719
23 182940
24 76
24 342
24 343
24 345
24 72041
25 10
25 828
25 829
25 831
25 182941
26 4
26 5
26 99
26 133
26 175
26 176
26 178
26 182942
27 3
27 4
27 5
27 3268
27 3270
27 182943
28 230
28 231
28 232
28 234
28 182944
29 9
29 10
29 11
29 13
29 163
30 99
30 131
30 132
30 133
30 195
30 236
30 237
31 3
31 4
31 195
31 12778
31 12780
31 182945
32 158
32 159
32 160
32 162
32 182946
33 9
33 10
33 11
33 13
33 163
34 5
34 20
34 99
34 131
34 132
34 133
34 165
34 166
35 3
35 5
35 20
35 2081
35 29574
35 182947
36 243
36 244
36 245
36 247
36 182948
37 9
37 10
37 11
37 13
37 182949
38 4
38 5
38 99
38 131
38 132
38 133
38 152
38 182950
39 3
39 4
39 5
39 64902
39 64904
39 182951
40 76
40 342
40 343
40 345
40 182952
41 99
41 131
41 132
41 133
41 195
41 237
41 182953
42 3
42 20
42 195
42 3937
42 3939
42 182954
43 76
43 342
43 343
43 345
43 182955
44 99
44 131
44 132
44 133
44 195
44 237
44 182956
45 3
45 4
45 195
45 10184
45 10186
45 182957
46 243
46 244
46 245
46 247
46 182958
47 99
47 131
47 132
47 133
47 195
47 237
47 182959
48 3
48 4
48 195
48 25430
48 37321
48 182960
49 9
49 10
49 11
49 13
49 182961
50 4
50 5
50 99
50 131
50 132
50 133
50 152
50 182962
51 3
51 4
51 5
51 7291
51 13152
51 112669
51 149612
51 182591
51 182963
52 4
52 5
52 202
52 3199
52 5132
52 182964
53 10
53 283
53 284
53 286
53 144102
54 5
54 99
54 131
54 132
54 133
54 135
54 171
54 182965
55 3
55 4
55 5
55 14686
55 14688
55 182966
56 9
56 10
56 11
56 13
56 182967
57 5
57 99
57 131
57 132
57 133
57 135
57 171
57 182968
58 5
58 67
58 177499
58 177501
58 182969
59 5
59 20
59 202
59 168118
59 182971
59 182972
60 243
60 244
60 245
60 247
60 182973
61 5
61 20
61 202
61 140235
61 144993
61 182974
62 71
62 76
62 190
62 191
62 182975
seqId 483
1 5
1 20
1 99
1 131
1 132
1 133
1 967
1 20965
2 3
2 5
2 20
2 2601
2 2603
2 182976
3 9
3 10
3 11
3 13
3 182977
4 4
4 5
4 99
4 131
4 132
4 133
4 152
4 182978
5 3
5 4
5 5
5 35988
5 36102
5 182979
6 4
6 5
6 202
6 3199
6 5132
6 182980
7 243
7 244
7 245
7 247
7 182981
8 9
8 10
8 11
8 13
8 106834
9 5
9 99
9 131
9 132
9 133
9 135
9 171
9 182982
10 3
10 4
10 5
10 38630
10 38632
10 182983
11 4
11 5
11 202
11 3199
11 5132
11 182984
12 5
12 84
12 90
12 91
12 93
12 121
12 2081
12 2426
12 182985
13 660
13 1622
13 1623
13 1625
13 182986
14 443
14 703
14 707
14 2086
14 182987
15 5
15 20
15 99
15 133
15 175
15 176
15 1316
15 72099
16 3
16 5
16 20
16 2601
16 2603
16 182988
17 5
17 20
17 202
17 3303
17 36191
17 182989
18 9
18 10
18 11
18 13
18 182990
19 4
19 5
19 99
19 131
19 132
19 133
19 152
19 182991
20 3
20 4
20 5
20 74689
20 74691
20 182992
21 4
21 5
21 202
21 302
21 304
21 182993
22 71
22 76
22 190
22 191
22 182994
seqId 484
1 67
1 71
1 9179
1 9494
1 18718
1 182995
2 67
2 6985
2 48761
2 174978
2 174979
2 174981
2 182996
3 76
3 342
3 343
3 345
3 182997
4 82
4 758
4 759
4 761
4 182998
5 5
5 84
5 91
5 93
5 121
5 703
5 707
5 956
5 182999
6 10
6 8436
6 8437
6 8439
6 183000
7 5
7 20
7 82
7 84
7 85
7 1377
7 6487
7 183001
8 3
8 5
8 20
8 23221
8 106942
8 183002
9 9
9 10
9 11
9 13
9 183003
10 4
10 5
10 99
10 131
10 132
10 133
10 152
10 183004
11 3
11 4
11 5
11 175881
11 175883
11 183005
12 76
12 413
12 414
12 416
12 183006
13 90
13 443
13 25415
13 33649
13 183007
14 72
14 660
14 28422
14 33655
14 33656
14 33658
14 183008
15 76
15 433
15 434
15 436
15 21025
16 243
16 244
16 245
16 247
16 21026
17 64
17 67
17 71
17 53047
17 53048
17 183009
18 67
18 3351
18 16138
18 120004
18 168310
18 168311
18 183010
19 158
19 159
19 160
19 162
19 183011
20 9
20 10
20 11
20 13
20 163
21 5
21 20
21 99
21 131
21 132
21 133
21 165
21 166
22 5
22 20
22 67
22 168315
22 168317
22 183012
23 84
23 90
23 91
23 92
23 93
23 195
23 381
23 5094
23 13153
23 68957
23 183013
24 5
24 99
24 115
24 773
24 775
24 776
24 2192
24 3593
24 183014
25 3
25 4
25 5
25 3691
25 3693
25 183015
26 4
26 5
26 202
26 5335
26 5337
26 183016
27 76
27 342
27 343
27 345
27 183017
28 82
28 758
28 759
28 761
28 183018
29 5
29 84
29 91
29 93
29 121
29 702
29 703
29 705
29 183019
30 660
30 1305
30 1306
30 1308
30 183020
31 5
31 20
31 90
31 122
31 708
31 768
31 769
31 771
31 183021
32 3
32 5
32 20
32 1905
32 1907
32 183022
33 10
33 146
33 147
33 149
33 21046
34 4
34 5
34 99
34 133
34 175
34 176
34 178
34 183023
35 3
35 4
35 5
35 6862
35 6864
35 183024
36 9
36 10
36 26
36 169
36 171
36 183025
37 3
37 4
37 195
37 1395
37 1397
37 183026
38 76
38 342
38 343
38 345
38 183027
39 10
39 126
39 127
39 129
39 183028
40 67
40 48317
40 48318
40 48320
40 48321
40 183029
41 3
41 5
41 20
41 2081
41 48543
41 183030
42 243
42 244
42 245
42 247
42 183031
43 90
43 443
43 12336
43 15959
43 183032
44 10
44 109
44 110
44 112
44 183033
45 72
45 509
45 5422
45 14296
45 99714
45 176363
45 176364
45 176366
45 183034
46 76
46 342
46 343
46 345
46 183035
47 5
47 20
47 72
47 202
47 1104
47 1104
47 5528
47 15065
47 49846
47 160809
47 176368
47 183036
48 3
48 5
48 20
48 16953
48 48321
48 48328
48 183038
48 183039
49 76
49 413
49 414
49 416
49 183040
50 90
50 443
50 25415
50 33649
50 183041
51 72
51 660
51 28422
51 53292
51 53293
51 53295
51 183042
52 76
52 433
52 434
52 436
52 21065
53 76
53 342
53 343
53 345
53 21066
54 660
54 3319
54 3320
54 3322
54 183043
55 9
55 10
55 11
55 13
55 183044
56 90
56 443
56 28710
56 29094
56 183045
57 10
57 146
57 147
57 149
57 183046
58 443
58 703
58 4766
58 5065
58 183047
59 90
59 443
59 149479
59 149481
59 183048
60 3
60 4
60 5
60 14686
60 14688
60 183049
61 4
61 5
61 202
61 3199
61 5132
61 183050
62 243
62 244
62 245
62 247
62 183051
63 3
63 4
63 5
63 14686
63 14688
63 183052
64 230
64 231
64 232
64 234
64 183053
65 9
65 10
65 11
65 13
65 163
66 99
66 131
66 132
66 133
66 195
66 236
66 237
67 3
67 4
67 195
67 313
67 6526
67 183054
68 76
68 342
68 343
68 345
68 183055
69 660
69 30522
69 30523
69 30525
69 183056
70 660
70 12080
70 12081
70 12083
70 183057
71 4
71 90
71 122
71 195
71 708
71 713
71 27912
71 27914
71 79596
71 183059
72 10
72 283
72 284
72 286
72 183060
73 99
73 131
73 132
73 133
73 195
73 237
73 183061
74 3
74 4
74 195
74 1395
74 1397
74 183062
75 10
75 126
75 127
75 129
75 183063
76 5
76 20
76 99
76 131
76 132
76 133
76 166
76 183064
77 3
77 5
77 20
77 5018
77 5020
77 183065
78 5
78 20
78 202
78 168265
78 168267
78 183066
79 71
79 76
79 190
79 191
79 183067
seqId 485
1 64
1 67
1 71
1 53047
1 53048
1 183068
2 67
2 3351
2 16138
2 120004
2 168310
2 168311
2 183069
3 158
3 159
3 160
3 162
3 183070
4 9
4 10
4 11
4 13
4 163
5 5
5 20
5 99
5 131
5 132
5 133
5 165
5 166
6 5
6 20
6 67
6 168315
6 168317
6 183071
7 76
7 342
7 343
7 345
7 183072
8 3
8 5
8 20
8 2221
8 2223
8 183073
9 10
9 7340
9 9033
9 9035
9 183074
10 660
10 46492
10 46493
10 46495
10 183075
11 9
11 10
11 11
11 13
11 183076
12 4
12 5
12 99
12 131
12 132
12 133
12 152
12 183077
13 3
13 4
13 5
13 35357
13 36225
13 183078
14 243
14 244
14 245
14 247
14 183079
15 9
15 10
15 11
15 13
15 183080
16 4
16 5
16 99
16 131
16 132
16 133
16 152
16 183081
17 3
17 4
17 5
17 22402
17 22404
17 183082
18 158
18 159
18 160
18 162
18 183083
19 9
19 10
19 11
19 13
19 163
20 5
20 20
20 99
20 131
20 132
20 133
20 165
20 166
21 3
21 5
21 20
21 5018
21 5020
21 183084
22 5
22 20
22 202
22 168265
22 168267
22 183085
23 5
23 20
23 202
23 168118
23 182972
23 183086
24 76
24 342
24 343
24 345
24 183087
25 10
25 109
25 112
25 1539
25 183088
26 3
26 5
26 20
26 1601
26 1603
26 183089
27 4
27 82
27 84
27 100
27 195
27 4680
27 4682
27 183090
28 4
28 90
28 122
28 195
28 340
28 708
28 713
28 14715
28 29644
28 183091
29 10
29 109
29 110
29 112
29 183092
30 72
30 509
30 5422
30 14296
30 99714
30 176363
30 176364
30 176366
30 183093
31 76
31 342
31 343
31 345
31 183094
32 5
32 84
32 90
32 91
32 92
32 93
32 5094
32 30223
32 183095
33 99
33 133
33 175
33 176
33 195
33 234
33 183096
34 3
34 4
34 15
34 195
34 4121
34 183097
35 10
35 126
35 127
35 129
35 183098
36 98
36 99
36 100
36 195
36 2073
36 183099
37 3
37 20
37 195
37 1684
37 1686
37 183100
38 10
38 1387
38 1388
38 1390
38 183101
39 85
39 99
39 195
39 638
39 640
39 183102
40 3
40 20
40 195
40 2217
40 8955
40 183103
41 20
41 195
41 202
41 13322
41 13324
41 183104
42 243
42 244
42 245
42 247
42 183105
43 20
43 195
43 202
43 13830
43 13832
43 183106
44 76
44 413
44 414
44 416
44 144270
45 660
45 7588
45 7589
45 7591
45 183107
46 67
46 72
46 51488
46 153031
46 183109
46 183110
46 183111
47 67
47 35173
47 49510
47 183113
47 183114
47 183115
48 76
48 342
48 343
48 345
48 183116
49 9
49 10
49 11
49 13
49 183117
50 5
50 27
50 99
50 131
50 132
50 133
50 135
50 183118
51 5
51 67
51 119124
51 119126
51 119127
51 183119
52 76
52 342
52 343
52 345
52 183120
53 243
53 244
53 245
53 247
53 183121
54 67
54 183123
54 183124
54 183125
54 183126
55 67
55 183128
55 183129
55 183130
55 183131
56 76
56 342
56 343
56 345
56 183132
57 9
57 10
57 11
57 13
57 183133
58 5
58 27
58 99
58 131
58 132
58 133
58 135
58 183134
59 5
59 64
59 67
59 73105
59 183136
59 183137
59 183138
60 67
60 340
60 183140
60 183141
60 183142
60 183143
61 67
61 3584
61 7291
61 183145
61 183146
61 183147
61 183148
61 183149
62 9
62 10
62 11
62 13
62 183150
63 67
63 16138
63 71731
63 183152
63 183153
63 183154
63 183155
63 183156
64 76
64 433
64 434
64 436
64 183157
65 71
65 76
65 190
65 191
65 183158
seqId 486
1 5
1 20
1 99
1 133
1 175
1 176
1 9647
1 183159
2 3
2 5
2 20
2 2887
2 2889
2 183160
3 5
3 20
3 202
3 2923
3 2925
3 183161
4 76
4 342
4 343
4 345
4 183162
5 5
5 20
5 90
5 122
5 708
5 713
5 2832
5 5688
5 183163
6 10
6 109
6 110
6 112
6 21196
7 51
7 195
7 4167
7 4169
7 183164
8 10
8 146
8 147
8 149
8 183165
9 67
9 16138
9 71731
9 183152
9 183153
9 183155
9 183156
9 183166
10 76
10 342
10 343
10 345
10 183167
11 5
11 84
11 90
11 91
11 92
11 93
11 768
11 21226
11 183168
12 3
12 5
12 20
12 1905
12 1907
12 183169
13 10
13 146
13 147
13 149
13 183170
14 4
14 5
14 99
14 133
14 175
14 176
14 178
14 183171
15 3
15 4
15 5
15 8842
15 9174
15 183172
16 10
16 61206
16 61207
16 61209
16 183173
17 67
17 407
17 175375
17 175376
17 175378
17 183174
18 243
18 244
18 245
18 247
18 183175
19 20
19 85
19 99
19 195
19 2075
19 2077
19 183176
20 3
20 20
20 195
20 429
20 4265
20 183177
21 9
21 10
21 11
21 13
21 183178
22 3
22 4
22 5
22 5256
22 5258
22 183179
23 10
23 126
23 127
23 129
23 72310
24 4
24 5
24 99
24 131
24 132
24 133
24 152
24 183180
25 3
25 4
25 5
25 35357
25 36225
25 183181
26 9
26 10
26 11
26 13
26 183182
27 3
27 4
27 5
27 18201
27 18203
27 183183
28 4
28 5
28 202
28 34785
28 36313
28 183184
29 243
29 244
29 245
29 247
29 183185
30 10
30 126
30 127
30 129
30 183186
31 4
31 5
31 99
31 131
31 132
31 133
31 152
31 183187
32 3
32 4
32 5
32 22402
32 22404
32 183188
33 4
33 5
33 202
33 168118
33 168120
33 183189
34 84
34 91
34 93
34 121
34 195
34 703
34 707
34 1858
34 183190
35 20
35 90
35 122
35 195
35 708
35 713
35 9250
35 58963
35 183191
36 10
36 1387
36 1388
36 1390
36 183192
37 67
37 6985
37 11542
37 49011
37 183194
37 183195
37 183196
38 67
38 14295
38 55102
38 183198
38 183199
38 183200
39 76
39 342
39 343
39 345
39 183201
40 67
40 11542
40 46401
40 50265
40 183203
40 183204
40 183205
41 67
41 48579
41 48581
41 115854
41 183206
42 76
42 413
42 414
42 416
42 183207
43 67
43 157814
43 183209
43 183210
43 183211
43 183212
44 76
44 342
44 343
44 345
44 183213
45 67
45 13451
45 75353
45 109276
45 147424
45 183214
45 183215
46 76
46 433
46 434
46 436
46 72346
47 71
47 76
47 190
47 191
47 183216
seqId 487
1 51
1 52
1 1427
1 1962
1 183217
2 71
2 76
2 190
2 191
2 183218
seqId 488
1 3
1 5
1 20
1 2081
1 48543
1 183219
2 76
2 342
2 343
2 345
2 183220
3 3
3 5
3 20
3 12336
3 15959
3 183221
4 243
4 244
4 245
4 247
4 72352
5 3
5 4
5 5
5 5859
5 24599
5 183222
6 9
6 10
6 11
6 13
6 72355
7 5
7 27
7 99
7 131
7 132
7 133
7 135
7 183223
8 3
8 5
8 20
8 103478
8 103885
8 183224
seqId 489
1 5
1 20
1 98
1 99
1 100
1 4215
1 183225
2 3
2 5
2 20
2 2320
2 2322
2 183226
3 5
3 84
3 90
3 91
3 93
3 121
3 2832
3 11345
3 183227
4 5
4 20
4 99
4 131
4 132
4 133
4 166
4 183228
5 3
5 5
5 20
5 19820
5 19822
5 183229
6 10
6 1605
6 1606
6 1608
6 183230
7 99
7 133
7 175
7 176
7 195
7 234
7 183231
8 3
8 20
8 195
8 1320
8 3384
8 183232
9 10
9 126
9 127
9 129
9 183233
10 99
10 133
10 175
10 176
10 195
10 234
10 183234
11 3
11 20
11 195
11 340
11 12336
11 15959
11 183235
12 660
12 6560
12 10036
12 10038
12 183236
13 20
13 195
13 202
13 7681
13 24372
13 27750
13 183237
13 183238
14 76
14 413
14 414
14 416
14 183239
15 4
15 5
15 99
15 131
15 132
15 133
15 152
15 183240
16 3
16 4
16 5
16 175881
16 175883
16 183241
17 243
17 244
17 245
17 247
17 183242
18 4
18 5
18 99
18 131
18 132
18 133
18 152
18 183243
19 3
19 4
19 5
19 183245
19 183246
19 183247
20 76
20 342
20 343
20 345
20 183248
21 3
21 4
21 195
21 13569
21 13571
21 183249
22 4
22 195
22 202
22 6881
22 6883
22 183250
23 10
23 109
23 110
23 112
23 183251
24 67
24 147612
24 168135
24 177253
24 183252
25 76
25 433
25 434
25 436
25 183253
26 76
26 342
26 343
26 345
26 183254
27 10
27 126
27 127
27 129
27 183255
28 26
28 27
28 99
28 133
28 175
28 176
28 195
28 183256
29 82
29 84
29 85
29 195
29 2294
29 3837
29 183257
30 82
30 758
30 759
30 761
30 183258
31 5
31 20
31 82
31 83
31 84
31 115
31 166
31 763
31 72396
32 84
32 91
32 93
32 121
32 195
32 703
32 707
32 1858
32 183259
33 660
33 2747
33 2748
33 2750
33 183260
34 660
34 18003
34 18004
34 18006
34 183261
35 76
35 413
35 414
35 416
35 183262
36 5
36 27
36 99
36 131
36 132
36 133
36 135
36 183263
37 3
37 4
37 5
37 14686
37 14688
37 183264
38 76
38 342
38 343
38 345
38 183265
39 4
39 5
39 99
39 131
39 132
39 133
39 152
39 183266
40 3
40 4
40 5
40 128205
40 128207
40 183267
41 76
41 433
41 434
41 436
41 183268
42 76
42 342
42 343
42 345
42 183269
43 660
43 976
43 979
43 1458
43 183270
44 944
44 945
44 946
44 948
44 183271
45 10
45 126
45 127
45 129
45 183272
46 99
46 133
46 175
46 176
46 195
46 234
46 107121
47 3
47 4
47 195
47 5859
47 14468
47 183273
48 9
48 10
48 24
48 26
48 27
48 183274
49 3
49 4
49 5
49 6471
49 6473
49 183275
50 660
50 19655
50 19656
50 19658
50 183276
51 4
51 90
51 122
51 195
51 340
51 708
51 713
51 1385
51 43218
51 43220
51 183278
52 244
52 1249
52 1250
52 1252
52 183279
53 82
53 758
53 759
53 761
53 183280
54 84
54 90
54 91
54 93
54 121
54 195
54 702
54 1062
54 183281
55 5
55 20
55 99
55 133
55 175
55 176
55 1316
55 183282
56 3
56 5
56 20
56 5228
56 15262
56 183283
57 10
57 1387
57 1388
57 1390
57 183284
58 5
58 27
58 99
58 131
58 132
58 133
58 135
58 183285
59 3
59 4
59 5
59 4804
59 33065
59 183286
60 4
60 5
60 202
60 3199
60 5132
60 183287
61 71
61 76
61 190
61 191
61 183288
seqId 490
1 4
1 5
1 98
1 99
1 100
1 4105
1 183289
2 3
2 4
2 5
2 4198
2 4200
2 183290
3 5
3 84
3 90
3 91
3 92
3 93
3 2333
3 29210
3 183291
4 9
4 10
4 24
4 26
4 27
4 183292
5 90
5 443
5 11164
5 31435
5 183293
6 9
6 10
6 11
6 13
6 183294
7 3
7 4
7 5
7 3615
7 3617
7 183295
8 4
8 5
8 202
8 4270
8 18030
8 183296
9 4
9 5
9 99
9 131
9 132
9 133
9 152
9 21358
10 3
10 4
10 5
10 4249
10 4251
10 183297
11 230
11 231
11 232
11 234
11 183298
12 9
12 10
12 11
12 13
12 163
13 99
13 131
13 132
13 133
13 195
13 236
13 237
14 3
14 20
14 195
14 4345
14 16570
14 183299
15 9
15 10
15 11
15 13
15 183300
16 3
16 4
16 5
16 4228
16 13593
16 183301
17 243
17 244
17 245
17 247
17 183302
18 9
18 10
18 11
18 13
18 144479
19 3
19 4
19 5
19 42984
19 42986
19 183303
20 230
20 231
20 232
20 234
20 183304
21 9
21 10
21 11
21 13
21 163
22 99
22 131
22 132
22 133
22 195
22 236
22 237
23 3
23 20
23 195
23 340
23 12336
23 15959
23 183305
24 76
24 342
24 343
24 345
24 183306
25 243
25 244
25 245
25 247
25 183307
26 4
26 5
26 82
26 84
26 100
26 4680
26 7233
26 183308
27 230
27 231
27 232
27 234
27 183309
28 9
28 10
28 11
28 13
28 163
29 99
29 131
29 132
29 133
29 195
29 236
29 237
30 3
30 20
30 195
30 37928
30 60441
30 183310
31 20
31 195
31 202
31 322
31 357
31 183311
32 243
32 244
32 245
32 247
32 183312
33 20
33 195
33 202
33 3199
33 4859
33 183313
34 230
34 231
34 232
34 234
34 183314
35 9
35 10
35 11
35 13
35 163
36 99
36 131
36 132
36 133
36 195
36 236
36 237
37 3
37 4
37 195
37 3846
37 3848
37 183315
38 4
38 195
38 202
38 2787
38 14576
38 14578
38 183316
39 243
39 244
39 245
39 247
39 183317
40 4
40 195
40 202
40 4702
40 97960
40 182069
40 183319
40 183320
41 71
41 76
41 190
41 191
41 183321
seqId 491
1 5
1 27
1 99
1 131
1 132
1 133
1 699
1 183322
2 3
2 4
2 5
2 14686
2 14688
2 183323
3 9
3 10
3 11
3 13
3 183324
4 4
4 5
4 99
4 131
4 132
4 133
4 152
4 183325
5 3
5 4
5 5
5 34647
5 34649
5 183326
6 4
6 5
6 202
6 3199
6 5132
6 183327
7 27
7 660
7 661
7 910
7 912
7 183328
8 5
8 84
8 91
8 93
8 121
8 703
8 707
8 956
8 183329
9 660
9 661
9 1240
9 1242
9 183330
10 4
10 5
10 202
10 82366
10 183332
10 183333
11 9
11 10
11 11
11 13
11 183334
12 5
12 20
12 98
12 99
12 100
12 3961
12 183335
13 3
13 5
13 20
13 2320
13 2322
13 183336
14 75
14 76
14 77
14 79
14 183337
15 4
15 5
15 82
15 83
15 84
15 115
15 763
15 1264
15 183338
16 5
16 84
16 91
16 93
16 121
16 703
16 707
16 956
16 183339
17 717
17 718
17 719
17 721
17 72477
18 10
18 146
18 147
18 149
18 722
19 5
19 20
19 99
19 131
19 132
19 133
19 165
19 166
20 3
20 5
20 20
20 8760
20 8762
20 183340
21 230
21 231
21 232
21 234
21 183341
22 9
22 10
22 11
22 13
22 163
23 99
23 131
23 132
23 133
23 195
23 236
23 237
24 3
24 20
24 195
24 1320
24 3384
24 183342
25 20
25 90
25 122
25 195
25 708
25 713
25 3686
25 9599
25 183343
26 10
26 828
26 829
26 831
26 183344
27 67
27 1139
27 1140
27 1142
27 183345
28 67
28 1047
28 11613
28 178853
28 178854
28 178856
28 183346
29 10
29 126
29 127
29 129
29 183347
30 99
30 131
30 132
30 133
30 195
30 237
30 183348
31 3
31 20
31 195
31 42748
31 42750
31 183349
32 20
32 195
32 202
32 3199
32 4859
32 183350
33 82
33 758
33 759
33 761
33 183351
34 82
34 84
34 114
34 115
34 116
34 1361
34 183352
35 84
35 90
35 91
35 93
35 121
35 195
35 755
35 183354
35 183355
35 183356
36 10
36 283
36 284
36 286
36 183357
37 5
37 20
37 99
37 131
37 132
37 133
37 166
37 144538
38 3
38 5
38 20
38 5228
38 15262
38 183358
39 5
39 20
39 202
39 54437
39 178839
39 178841
39 183360
40 717
40 718
40 719
40 721
40 183361
41 10
41 146
41 147
41 149
41 722
42 5
42 20
42 99
42 131
42 132
42 133
42 165
42 166
43 5
43 20
43 202
43 15065
43 131938
43 131940
43 183362
44 3
44 5
44 20
44 16951
44 16953
44 183363
45 230
45 231
45 232
45 234
45 183364
46 9
46 10
46 11
46 13
46 163
47 99
47 131
47 132
47 133
47 195
47 236
47 237
48 3
48 4
48 195
48 340
48 23042
48 34205
48 183365
49 243
49 244
49 245
49 247
49 183366
50 230
50 231
50 232
50 234
50 183367
51 9
51 10
51 11
51 13
51 163
52 99
52 131
52 132
52 133
52 195
52 236
52 237
53 3
53 4
53 195
53 340
53 22981
53 22983
53 183369
54 71
54 76
54 190
54 191
54 183370
seqId 492
1 5
1 99
1 115
1 773
1 774
1 775
1 776
1 31621
1 183371
2 5
2 20
2 202
2 795
2 797
2 183372
3 3
3 5
3 20
3 429
3 431
3 183373
4 5
4 84
4 90
4 91
4 93
4 121
4 13580
4 13582
4 183374
5 10
5 109
5 110
5 112
5 183375
6 4
6 5
6 99
6 133
6 175
6 176
6 178
6 183376
7 3
7 4
7 5
7 1395
7 5941
7 183377
8 9
8 10
8 11
8 13
8 183378
9 4
9 5
9 99
9 131
9 132
9 133
9 152
9 183379
10 3
10 4
10 5
10 35824
10 35826
10 183380
11 4
11 5
11 202
11 3199
11 5132
11 21440
12 4
12 5
12 90
12 122
12 708
12 713
12 9903
12 65784
12 183381
13 10
13 828
13 829
13 831
13 183382
14 99
14 131
14 132
14 133
14 195
14 237
14 183383
15 3
15 20
15 195
15 79926
15 79928
15 183384
16 20
16 72
16 195
16 202
16 340
16 340
16 183386
16 183387
16 183388
16 183389
17 20
17 195
17 202
17 14327
17 138464
17 183390
18 10
18 283
18 284
18 286
18 183391
19 4
19 5
19 99
19 131
19 132
19 133
19 152
19 183392
20 3
20 4
20 5
20 183394
20 183395
20 183396
21 4
21 5
21 202
21 178867
21 178869
21 183397
22 71
22 76
22 190
22 191
22 183398
seqId 493
1 5
1 27
1 99
1 131
1 132
1 133
1 699
1 183399
2 3
2 4
2 5
2 14686
2 14688
2 183400
3 9
3 10
3 11
3 13
3 183401
4 4
4 5
4 99
4 131
4 132
4 133
4 152
4 183402
5 3
5 4
5 5
5 175881
5 175883
5 183403
6 717
6 718
6 719
6 721
6 183404
7 10
7 146
7 147
7 149
7 722
8 5
8 20
8 99
8 131
8 132
8 133
8 165
8 166
9 5
9 20
9 202
9 1718
9 57849
9 183405
10 3
10 5
10 20
10 15215
10 65093
10 131674
10 183406
11 76
11 342
11 343
11 345
11 183407
12 3
12 5
12 20
12 10801
12 10803
12 183408
13 99
13 133
13 175
13 176
13 195
13 234
13 183409
14 3
14 20
14 195
14 1320
14 3384
14 183410
15 9
15 10
15 11
15 13
15 183411
16 67
16 71
16 6078
16 9551
16 9552
16 183412
17 67
17 857
17 48314
17 175998
17 175999
17 183413
18 243
18 244
18 245
18 247
18 183414
19 67
19 71
19 9179
19 9494
19 18718
19 183415
20 67
20 6985
20 48761
20 174978
20 174979
20 174981
20 183416
21 76
21 342
21 343
21 345
21 183417
22 5
22 84
22 90
22 91
22 93
22 121
22 1509
22 16289
22 183418
23 4
23 5
23 99
23 133
23 175
23 176
23 178
23 183419
24 3
24 4
24 5
24 70648
24 70650
24 183420
25 158
25 159
25 160
25 162
25 183421
26 9
26 10
26 11
26 13
26 163
27 5
27 20
27 99
27 131
27 132
27 133
27 165
27 166
28 5
28 20
28 67
28 37445
28 135367
28 171893
28 183422
29 71
29 76
29 190
29 191
29 183423
seqId 494
1 67
1 71
1 9179
1 9494
1 18718
1 183424
2 67
2 6985
2 48761
2 174978
2 174979
2 174981
2 183425
3 5
3 84
3 90
3 91
3 93
3 121
3 7530
3 165985
3 183426
4 5
4 20
4 99
4 133
4 175
4 176
4 1316
4 183427
5 3
5 5
5 20
5 21117
5 21119
5 183428
6 5
6 20
6 202
6 39745
6 183430
6 183431
7 9
7 10
7 24
7 26
7 27
7 183432
8 67
8 5933
8 32572
8 32573
8 32575
8 183433
9 10
9 126
9 127
9 129
9 183434
10 5
10 27
10 99
10 131
10 132
10 133
10 135
10 183435
11 3
11 4
11 5
11 4406
11 24330
11 183436
12 4
12 5
12 202
12 96170
12 179369
12 183437
13 9
13 10
13 24
13 26
13 27
13 183438
14 67
14 84561
14 152173
14 179372
14 179373
14 179375
14 183439
15 10
15 27
15 1113
15 1114
15 1116
15 183440
16 10
16 146
16 149
16 1539
16 183441
17 3
17 5
17 20
17 1666
17 1668
17 183442
18 660
18 7237
18 10032
18 10034
18 183443
19 660
19 19655
19 19656
19 19658
19 183444
20 4
20 5
20 90
20 122
20 708
20 713
20 3979
20 3981
20 183445
21 76
21 342
21 343
21 345
21 183446
22 660
22 918
22 921
22 941
22 183447
23 944
23 945
23 946
23 948
23 183448
24 9
24 10
24 11
24 13
24 183449
25 3
25 4
25 5
25 3615
25 3617
25 183450
26 660
26 1377
26 1539
26 6487
26 183451
27 10
27 146
27 147
27 149
27 183452
28 3
28 5
28 20
28 3775
28 3777
28 183453
29 4
29 5
29 202
29 3272
29 3274
29 183454
30 4
30 5
30 82
30 83
30 84
30 115
30 763
30 1264
30 183455
31 5
31 84
31 90
31 91
31 93
31 121
31 8835
31 80399
31 183456
32 5
32 27
32 99
32 131
32 132
32 133
32 135
32 183457
33 3
33 4
33 5
33 41391
33 41393
33 183458
34 158
34 159
34 160
34 162
34 183459
35 9
35 10
35 11
35 13
35 163
36 5
36 20
36 99
36 131
36 132
36 133
36 165
36 166
37 3
37 5
37 20
37 26513
37 27698
37 183460
38 243
38 244
38 245
38 247
38 183461
39 99
39 131
39 132
39 133
39 195
39 237
39 183462
40 3
40 4
40 15
40 195
40 4121
40 183463
41 4
41 195
41 202
41 340
41 105379
41 105381
41 183464
42 76
42 1267
42 1268
42 1270
42 183465
seqId 495
1 5
1 20
1 82
1 83
1 84
1 115
1 763
1 1002
1 183466
2 27
2 82
2 84
2 114
2 115
2 116
2 118
2 183467
3 5
3 84
3 90
3 91
3 92
3 93
3 1648
3 33058
3 33876
3 144650
4 660
4 1622
4 1623
4 1625
4 183468
5 10
5 146
5 147
5 149
5 183469
6 90
6 443
6 3446
6 3448
6 183470
7 10
7 283
7 284
7 286
7 183471
8 4
8 5
8 99
8 131
8 132
8 133
8 152
8 183472
9 4
9 5
9 202
9 12237
9 12322
9 183473
10 3
10 4
10 5
10 11291
10 11293
10 183474
11 5
11 99
11 115
11 773
11 774
11 775
11 776
11 778
11 183475
12 3
12 5
12 20
12 20035
12 20037
12 183476
13 10
13 126
13 127
13 129
13 183477
14 4
14 5
14 99
14 131
14 132
14 133
14 152
14 183478
15 3
15 4
15 5
15 13569
15 22485
15 183479
16 660
16 1796
16 1797
16 1799
16 183480
17 10
17 109
17 110
17 112
17 183481
18 67
18 52423
18 136606
18 173431
18 183482
19 27
19 944
19 945
19 1463
19 3308
19 183483
20 10
20 109
20 110
20 112
20 183484
21 67
21 147612
21 168135
21 177253
21 183485
22 71
22 76
22 190
22 191
22 183486
seqId 496
1 10
1 109
1 878
1 1539
1 183487
2 660
2 4185
2 4186
2 4188
2 183488
3 5
3 20
3 82
3 83
3 84
3 115
3 763
3 1002
3 183489
4 5
4 84
4 90
4 91
4 92
4 93
4 96
4 9303
4 11762
4 183491
5 5
5 20
5 99
5 133
5 175
5 176
5 1316
5 183492
6 3
6 5
6 20
6 70793
6 70795
6 183493
7 10
7 146
7 147
7 149
7 183494
8 51
8 195
8 10375
8 10377
8 183495
9 3
9 4
9 195
9 18260
9 18262
9 183496
10 10
10 1387
10 1388
10 1390
10 183497
11 5
11 20
11 99
11 133
11 175
11 176
11 1316
11 183498
12 3
12 5
12 20
12 168689
12 168691
12 183500
13 76
13 342
13 343
13 345
13 183501
14 67
14 176179
14 176180
14 176182
14 183502
15 67
15 48564
15 48566
15 52700
15 183503
16 76
16 342
16 343
16 345
16 183504
17 10
17 126
17 127
17 129
17 183505
18 3
18 4
18 5
18 175881
18 183507
18 183508
19 243
19 244
19 245
19 247
19 183509
20 3
20 4
20 5
20 59102
20 59104
20 183510
21 10
21 109
21 110
21 112
21 21593
22 67
22 49391
22 49392
22 49394
22 183511
23 5
23 20
23 72
23 202
23 1104
23 1104
23 5528
23 15065
23 62808
23 112889
23 176068
23 183512
24 3
24 5
24 20
24 16951
24 16953
24 183513
25 71
25 76
25 190
25 191
25 183514
seqId 497
1 4
1 5
1 99
1 131
1 132
1 133
1 811
1 107372
2 3
2 4
2 5
2 504
2 14984
2 183515
3 158
3 159
3 160
3 162
3 183516
4 9
4 10
4 11
4 13
4 163
5 5
5 20
5 99
5 131
5 132
5 133
5 165
5 166
6 5
6 20
6 67
6 37445
6 135367
6 171893
6 183517
7 5
7 84
7 90
7 91
7 92
7 93
7 2333
7 29210
7 183518
8 9
8 10
8 24
8 26
8 27
8 183519
9 90
9 443
9 22310
9 22312
9 183520
10 4
10 5
10 99
10 131
10 132
10 133
10 152
10 183521
11 3
11 4
11 5
11 5256
11 5258
11 183522
12 10
12 1387
12 1388
12 1390
12 183523
13 67
13 138439
13 138440
13 138442
13 183524
14 67
14 857
14 48314
14 175998
14 175999
14 183525
15 76
15 342
15 343
15 345
15 183526
16 82
16 758
16 759
16 761
16 183527
17 5
17 84
17 90
17 91
17 93
17 121
17 5094
17 43394
17 183528
18 5
18 99
18 115
18 773
18 774
18 775
18 776
18 778
18 183529
19 3
19 5
19 20
19 1320
19 1322
19 183530
20 10
20 126
20 127
20 129
20 183531
21 4
21 5
21 99
21 131
21 132
21 133
21 152
21 183532
22 3
22 4
22 5
22 175881
22 175883
22 183533
23 4
23 5
23 202
23 168118
23 168120
23 183534
24 10
24 109
24 110
24 112
24 183535
25 67
25 147612
25 168135
25 177253
25 183536
26 71
26 76
26 190
26 191
26 183537
seqId 498
1 5
1 20
1 82
1 83
1 84
1 115
1 763
1 3948
1 183538
2 5
2 72
2 84
2 90
2 91
2 92
2 93
2 96
2 5390
2 32018
2 98487
2 183540
3 660
3 6695
3 6696
3 6698
3 183541
4 5
4 20
4 99
4 133
4 175
4 176
4 1316
4 183542
5 3
5 5
5 20
5 2887
5 2889
5 183543
6 10
6 126
6 127
6 129
6 183544
7 3
7 20
7 195
7 340
7 2081
7 48543
7 183545
8 243
8 244
8 245
8 247
8 183546
9 3
9 20
9 195
9 340
9 12336
9 15959
9 183547
10 20
10 195
10 202
10 96170
10 101136
10 183548
11 10
11 109
11 110
11 112
11 183549
12 51
12 195
12 10917
12 67710
12 67712
12 183550
13 10
13 109
13 110
13 112
13 183551
14 3
14 4
14 5
14 5256
14 5258
14 183552
15 10
15 1387
15 1388
15 1390
15 183553
16 64
16 67
16 71
16 53047
16 53048
16 183554
17 67
17 67804
17 136253
17 183556
17 183557
17 183558
18 9
18 10
18 11
18 13
18 183559
19 5
19 27
19 99
19 131
19 132
19 133
19 135
19 183560
20 5
20 67
20 157504
20 157507
20 157508
20 183561
21 71
21 76
21 190
21 191
21 183562
seqId 499
1 5
1 20
1 82
1 83
1 84
1 115
1 763
1 3948
1 183563
2 5
2 84
2 90
2 91
2 93
2 121
2 10697
2 22882
2 183564
3 660
3 1622
3 1623
3 1625
3 183565
4 90
4 443
4 8855
4 51295
4 183566
5 99
5 133
5 175
5 176
5 195
5 234
5 183567
6 3
6 20
6 195
6 2221
6 3410
6 183568
7 20
7 195
7 202
7 2923
7 14156
7 183569
8 10
8 126
8 127
8 129
8 183570
9 99
9 131
9 132
9 133
9 195
9 237
9 183571
10 3
10 4
10 195
10 340
10 6471
10 6473
10 183572
11 4
11 195
11 202
11 14293
11 37976
11 181714
11 183574
11 183575
12 10
12 109
12 110
12 112
12 183576
13 3
13 4
13 5
13 17178
13 17180
13 183577
14 10
14 1387
14 1388
14 1390
14 183578
15 5
15 27
15 99
15 131
15 132
15 133
15 135
15 183579
16 3
16 4
16 5
16 597
16 599
16 183580
17 4
17 5
17 202
17 45629
17 45631
17 183581
18 9
18 10
18 11
18 13
18 183582
19 67
19 151340
19 151341
19 151343
19 183583
20 71
20 76
20 190
20 191
20 183584
seqId 500
1 98
1 99
1 100
1 195
1 8870
1 183585
2 3
2 20
2 195
2 1320
2 3384
2 183586
3 10
3 109
3 110
3 112
3 72764
4 3
4 4
4 5
4 14686
4 14688
4 183587
5 4
5 5
5 202
5 168118
5 168120
5 183588
6 84
6 90
6 91
6 93
6 121
6 195
6 1437
6 1439
6 183589
7 5
7 20
7 99
7 133
7 175
7 176
7 1316
7 183590
8 3
8 5
8 20
8 16650
8 16652
8 183591
9 717
9 718
9 719
9 721
9 183592
10 10
10 146
10 147
10 149
10 722
11 5
11 20
11 99
11 131
11 132
11 133
11 165
11 166
12 5
12 20
12 67
12 37445
12 135367
12 171893
12 183593
13 3
13 2548
13 9789
13 9791
13 183594
14 10
14 146
14 147
14 149
14 183595
15 4
15 5
15 99
15 131
15 132
15 133
15 152
15 183596
16 3
16 4
16 5
16 10248
16 10250
16 183597
17 10
17 109
17 110
17 112
17 183598
18 3
18 5
18 20
18 389
18 391
18 183599
19 9
19 10
19 24
19 26
19 27
19 183600
20 67
20 129372
20 129373
20 129375
20 183601
21 36
21 67
21 183603
21 183604
21 183605
21 183606
21 183607
22 10
22 126
22 127
22 129
22 183608
23 99
23 131
23 132
23 133
23 195
23 237
23 183609
24 3
24 20
24 195
24 340
24 11811
24 11813
24 183610
25 20
25 195
25 202
25 340
25 7537
25 183612
25 183613
25 183614
26 9
26 10
26 11
26 13
26 183615
27 4
27 5
27 99
27 131
27 132
27 133
27 152
27 183616
28 3
28 4
28 5
28 22445
28 22447
28 183617
29 9
29 10
29 11
29 13
29 183618
30 3
30 4
30 5
30 175881
30 175883
30 183619
31 9
31 10
31 11
31 13
31 183620
32 67
32 601
32 603
32 1197
32 183621
33 717
33 718
33 719
33 721
33 183622
34 10
34 146
34 147
34 149
34 722
35 5
35 20
35 99
35 131
35 132
35 133
35 165
35 166
36 5
36 20
36 202
36 15065
36 131938
36 131940
36 183623
37 3
37 5
37 20
37 16951
37 16953
37 183624
38 243
38 244
38 245
38 247
38 183625
39 4
39 82
39 84
39 100
39 195
39 4680
39 4682
39 183626
40 9
40 10
40 24
40 26
40 27
40 183627
41 67
41 57385
41 57386
41 57388
41 183628
42 67
42 967
42 139309
42 183630
42 183631
42 183632
42 183633
43 10
43 126
43 127
43 129
43 183634
44 99
44 131
44 132
44 133
44 195
44 237
44 183635
45 3
45 4
45 195
45 6642
45 6644
45 183636
46 4
46 195
46 202
46 33316
46 33318
46 183637
47 10
47 146
47 147
47 149
47 183638
48 67
48 601
48 603
48 1197
48 183639
49 243
49 244
49 245
49 247
49 144834
50 10
50 146
50 147
50 149
50 183640
51 67
51 75360
51 75361
51 75363
51 183641
52 158
52 159
52 160
52 162
52 183642
53 9
53 10
53 11
53 13
53 163
54 5
54 20
54 99
54 131
54 132
54 133
54 165
54 166
55 5
55 20
55 202
55 1104
55 15065
55 176544
55 176546
55 183643
56 717
56 718
56 719
56 721
56 183644
57 10
57 146
57 147
57 149
57 722
58 5
58 20
58 99
58 131
58 132
58 133
58 165
58 166
59 5
59 20
59 202
59 15065
59 21759
59 130808
59 130810
60 3
60 5
60 20
60 16951
60 16953
60 183645
61 243
61 244
61 245
61 247
61 183646
62 9
62 10
62 24
62 26
62 27
62 183647
63 67
63 183649
63 183650
63 183651
63 183652
64 67
64 48874
64 183654
64 183655
64 183656
64 183657
65 10
65 126
65 127
65 129
65 183658
66 4
66 5
66 99
66 131
66 132
66 133
66 152
66 183659
67 3
67 4
67 5
67 26985
67 26987
67 183660
68 230
68 231
68 232
68 234
68 183661
69 9
69 10
69 11
69 13
69 163
70 99
70 131
70 132
70 133
70 195
70 236
70 237
71 3
71 20
71 195
71 340
71 38508
71 183663
71 183664
71 183665
72 20
72 195
72 202
72 59459
72 70157
72 132616
72 183667
72 183668
73 71
73 76
73 190
73 191
73 183669
seqId 501
1 10
1 109
1 878
1 1539
1 183670
2 660
2 4185
2 4186
2 4188
2 183671
3 76
3 342
3 343
3 345
3 183672
4 4
4 5
4 99
4 131
4 132
4 133
4 152
4 183673
5 3
5 4
5 5
5 3691
5 3693
5 183674
6 10
6 126
6 127
6 129
6 183675
7 99
7 131
7 132
7 133
7 195
7 237
7 183676
8 3
8 4
8 195
8 5859
8 14468
8 183677
9 4
9 195
9 202
9 327
9 329
9 340
9 183678
10 243
10 244
10 245
10 247
10 183679
11 99
11 131
11 132
11 133
11 195
11 237
11 183680
12 3
12 4
12 195
12 183682
12 183683
12 183684
13 4
13 195
13 202
13 340
13 5154
13 5156
13 183685
14 717
14 718
14 719
14 721
14 183686
15 10
15 146
15 147
15 149
15 722
16 5
16 20
16 99
16 131
16 132
16 133
16 165
16 166
17 3
17 5
17 20
17 1325
17 1327
17 183687
18 230
18 231
18 232
18 234
18 183688
19 9
19 10
19 11
19 13
19 163
20 99
20 131
20 132
20 133
20 195
20 236
20 237
21 3
21 4
21 195
21 347
21 349
21 183689
22 4
22 195
22 202
22 340
22 168118
22 168120
22 183690
23 9
23 10
23 11
23 13
23 183691
24 90
24 443
24 12336
24 15959
24 183692
25 5
25 84
25 91
25 92
25 93
25 703
25 707
25 16563
25 183693
26 4
26 5
26 90
26 122
26 708
26 713
26 1104
26 5773
26 16009
26 183695
27 10
27 828
27 829
27 831
27 183696
28 99
28 131
28 132
28 133
28 195
28 237
28 183697
29 3
29 20
29 195
29 1320
29 3384
29 183698
30 9
30 10
30 11
30 13
30 183699
31 67
31 1104
31 5836
31 178142
31 178143
31 178145
31 183700
32 67
32 310
32 57195
32 178147
32 178148
32 183701
33 10
33 126
33 127
33 129
33 144885
34 5
34 27
34 99
34 131
34 132
34 133
34 135
34 183702
35 3
35 4
35 5
35 597
35 599
35 183703
36 9
36 10
36 11
36 13
36 183704
37 67
37 601
37 603
37 1197
37 183705
38 243
38 244
38 245
38 247
38 183706
39 99
39 131
39 132
39 133
39 195
39 237
39 183707
40 3
40 4
40 195
40 18773
40 20364
40 183708
41 4
41 118
41 195
41 202
41 340
41 92936
41 183710
41 183711
41 183712
42 71
42 76
42 190
42 191
42 183713
seqId 502
1 99
1 131
1 132
1 133
1 195
1 1220
1 183714
2 20
2 82
2 84
2 85
2 175
2 195
2 340
2 1316
2 183715
3 243
3 244
3 245
3 247
3 183716
4 99
4 131
4 132
4 133
4 195
4 237
4 183717
5 82
5 84
5 85
5 195
5 2294
5 3837
5 183718
6 84
6 90
6 91
6 93
6 121
6 195
6 14730
6 39860
6 183719
7 4
7 5
7 99
7 133
7 175
7 176
7 178
7 183720
8 3
8 4
8 5
8 30801
8 30803
8 183721
9 9
9 10
9 11
9 13
9 183722
10 4
10 5
10 99
10 131
10 132
10 133
10 152
10 183723
11 3
11 4
11 5
11 8050
11 8052
11 183724
12 4
12 5
12 202
12 1104
12 14576
12 14578
12 183725
13 10
13 283
13 284
13 286
13 183726
14 5
14 20
14 99
14 131
14 132
14 133
14 166
14 183727
15 5
15 20
15 202
15 7021
15 19588
15 183728
16 3
16 5
16 20
16 34150
16 34152
16 183729
17 9
17 10
17 24
17 26
17 27
17 183730
18 3
18 5
18 20
18 183732
18 183733
18 183734
19 9
19 10
19 11
19 13
19 183735
20 5
20 27
20 99
20 131
20 132
20 133
20 135
20 183736
21 3
21 4
21 5
21 597
21 599
21 183737
22 76
22 342
22 343
22 345
22 21839
23 10
23 1605
23 1606
23 1608
23 183738
24 99
24 131
24 132
24 133
24 195
24 237
24 183739
25 5
25 20
25 202
25 1104
25 15065
25 112887
25 112889
25 183740
26 243
26 244
26 245
26 247
26 183741
27 5
27 20
27 202
27 15065
27 176549
27 176551
27 183742
28 3
28 20
28 195
28 16951
28 131943
28 183743
29 71
29 76
29 190
29 191
29 183744
seqId 503
1 67
1 11514
1 11515
1 11517
1 183745
2 67
2 2423
2 5422
2 106062
2 177656
2 177657
2 183746
3 243
3 244
3 245
3 247
3 183747
4 67
4 136357
4 136358
4 136360
4 183748
5 67
5 967
5 158385
5 174286
5 174287
5 174289
5 183749
6 84
6 90
6 91
6 92
6 93
6 195
6 26497
6 40114
6 42682
6 183751
7 2822
7 2823
7 2824
7 2826
7 183752
8 10
8 146
8 147
8 149
8 722
9 99
9 131
9 132
9 133
9 195
9 236
9 237
10 3
10 4
10 195
10 18773
10 20364
10 183753
11 9
11 10
11 11
11 13
11 183754
12 3
12 5
12 20
12 1320
12 1322
12 183755
13 9
13 10
13 11
13 13
13 183756
14 5
14 27
14 99
14 131
14 132
14 133
14 135
14 183757
15 3
15 5
15 20
15 23221
15 106942
15 183758
16 10
16 109
16 110
16 112
16 183759
17 67
17 173435
17 173436
17 173438
17 183760
18 4
18 5
18 202
18 176853
18 176855
18 183762
19 2822
19 2823
19 2824
19 2826
19 183763
20 10
20 146
20 147
20 149
20 722
21 99
21 131
21 132
21 133
21 195
21 236
21 237
22 5
22 20
22 72
22 202
22 1104
22 15065
22 155350
22 176551
22 183765
22 183766
23 3
23 20
23 195
23 16951
23 131943
23 183767
24 10
24 146
24 149
24 2548
24 183768
25 3
25 5
25 20
25 38959
25 38961
25 183769
26 99
26 131
26 132
26 133
26 195
26 237
26 183770
27 3
27 20
27 195
27 9469
27 9471
27 183771
28 76
28 342
28 343
28 345
28 183772
29 20
29 90
29 122
29 195
29 708
29 713
29 98386
29 98388
29 183773
30 660
30 71225
30 71226
30 71228
30 183774
31 10
31 109
31 110
31 112
31 183775
32 3
32 5
32 20
32 34785
32 36313
32 183776
33 243
33 244
33 245
33 247
33 183777
34 10
34 109
34 110
34 112
34 183778
35 3
35 5
35 20
35 179202
35 179204
35 183779
36 76
36 342
36 343
36 345
36 183780
37 158
37 159
37 160
37 162
37 183781
38 9
38 10
38 11
38 13
38 163
39 5
39 20
39 99
39 131
39 132
39 133
39 165
39 166
40 3
40 5
40 20
40 182573
40 182575
40 183783
41 9
41 10
41 11
41 13
41 183784
42 5
42 27
42 99
42 131
42 132
42 133
42 135
42 183785
43 5
43 67
43 175293
43 175296
43 183786
44 509
44 1104
44 18684
44 80665
44 175425
44 183787
44 183788
44 183789
45 509
45 99714
45 179327
45 179328
45 183790
46 509
46 595
46 11542
46 17718
46 75863
46 105465
46 183792
46 183793
46 183794
47 243
47 244
47 245
47 247
47 183795
48 158
48 159
48 160
48 162
48 21913
49 9
49 10
49 11
49 13
49 163
50 5
50 20
50 99
50 131
50 132
50 133
50 165
50 166
51 3
51 5
51 20
51 182573
51 182575
51 183796
52 5
52 20
52 202
52 128685
52 177322
52 183797
53 9
53 10
53 11
53 13
53 183798
54 36
54 67
54 1587
54 77639
54 183800
54 183801
54 183802
55 67
55 340
55 61071
55 152999
55 179278
55 179279
55 183803
56 71
56 76
56 190
56 191
56 183804
seqId 504
1 5
1 20
1 82
1 83
1 84
1 115
1 763
1 3948
1 183805
2 27
2 82
2 84
2 114
2 115
2 116
2 118
2 183806
3 5
3 84
3 90
3 91
3 92
3 93
3 96
3 1815
3 29773
3 183807
4 9
4 10
4 24
4 26
4 27
4 183808
5 90
5 443
5 3446
5 3448
5 183809
6 99
6 131
6 132
6 133
6 195
6 237
6 21931
7 3
7 4
7 195
7 11949
7 11951
7 183810
8 9
8 10
8 11
8 13
8 183811
9 5
9 20
9 98
9 99
9 100
9 102
9 183812
10 3
10 5
10 20
10 1320
10 1322
10 183813
11 75
11 76
11 77
11 79
11 183814
12 4
12 5
12 99
12 131
12 132
12 133
12 152
12 183815
13 3
13 4
13 5
13 1470
13 1472
13 183816
14 76
14 413
14 414
14 416
14 183817
15 20
15 82
15 84
15 98
15 100
15 102
15 183818
16 82
16 758
16 759
16 761
16 183819
17 5
17 84
17 90
17 91
17 92
17 93
17 96
17 35334
17 37979
17 183820
18 717
18 718
18 719
18 721
18 183821
19 10
19 146
19 147
19 149
19 722
20 5
20 20
20 99
20 131
20 132
20 133
20 165
20 166
21 3
21 5
21 20
21 81520
21 81522
21 183822
22 5
22 27
22 99
22 131
22 132
22 133
22 135
22 183823
23 3
23 4
23 5
23 78328
23 78330
23 183824
24 230
24 231
24 232
24 234
24 183825
25 9
25 10
25 11
25 13
25 163
26 99
26 131
26 132
26 133
26 195
26 236
26 237
27 3
27 4
27 195
27 2773
27 2775
27 183826
28 230
28 231
28 232
28 234
28 183827
29 9
29 10
29 11
29 13
29 163
30 99
30 131
30 132
30 133
30 195
30 236
30 237
31 3
31 20
31 195
31 340
31 182573
31 182575
31 183828
32 76
32 433
32 434
32 436
32 183829
33 76
33 342
33 343
33 345
33 183830
34 5
34 27
34 99
34 131
34 132
34 133
34 135
34 183831
35 3
35 4
35 5
35 9634
35 9636
35 183832
36 243
36 244
36 245
36 247
36 183833
37 4
37 5
37 99
37 131
37 132
37 133
37 152
37 183834
38 3
38 4
38 5
38 21456
38 21458
38 183835
39 230
39 231
39 232
39 234
39 183836
40 9
40 10
40 11
40 13
40 163
41 99
41 131
41 132
41 133
41 195
41 236
41 237
42 3
42 4
42 195
42 11834
42 183838
42 183839
43 71
43 76
43 190
43 191
43 183840
seqId 505
1 4
1 5
1 98
1 99
1 100
1 4105
1 183841
2 3
2 4
2 5
2 4249
2 4251
2 183842
3 5
3 84
3 90
3 91
3 93
3 121
3 1437
3 59855
3 183843
4 5
4 20
4 99
4 133
4 175
4 176
4 1316
4 183844
5 3
5 5
5 20
5 17801
5 17803
5 183845
6 10
6 283
6 284
6 286
6 183846
7 5
7 20
7 99
7 131
7 132
7 133
7 166
7 183847
8 3
8 5
8 20
8 429
8 431
8 183848
9 9
9 10
9 11
9 13
9 183849
10 67
10 71
10 1725
10 1726
10 1728
10 183850
11 67
11 11542
11 49432
11 178449
11 178450
11 178452
11 183851
12 5
12 20
12 202
12 7602
12 23462
12 183852
13 2822
13 2823
13 2824
13 2826
13 183853
14 10
14 146
14 147
14 149
14 722
15 99
15 131
15 132
15 133
15 195
15 236
15 237
16 3
16 20
16 195
16 16995
16 16997
16 183854
17 20
17 195
17 202
17 1777
17 68693
17 89501
17 183856
17 183857
18 82
18 758
18 759
18 761
18 183858
19 84
19 90
19 91
19 93
19 121
19 195
19 103478
19 162231
19 183859
20 5
20 27
20 99
20 131
20 132
20 133
20 135
20 183860
21 3
21 4
21 5
21 14686
21 14688
21 73051
22 10
22 1387
22 1388
22 1390
22 183861
23 99
23 133
23 175
23 176
23 195
23 234
23 183862
24 3
24 4
24 195
24 2773
24 2775
24 183863
25 243
25 244
25 245
25 247
25 183864
26 99
26 133
26 175
26 176
26 195
26 234
26 183865
27 3
27 4
27 195
27 18773
27 20364
27 183866
28 4
28 195
28 202
28 7185
28 7187
28 183867
29 9
29 10
29 11
29 13
29 183868
30 5
30 99
30 115
30 773
30 775
30 776
30 2192
30 3593
30 145043
31 3
31 4
31 5
31 5859
31 24599
31 183869
32 4
32 5
32 202
32 5516
32 5518
32 183870
33 71
33 76
33 190
33 191
33 183871
seqId 506
1 27
1 82
1 944
1 2906
1 15403
1 183872
2 5
2 84
2 91
2 93
2 121
2 703
2 707
2 956
2 183873
3 5
3 20
3 82
3 84
3 98
3 100
3 595
3 9769
3 183874
4 27
4 944
4 945
4 1463
4 3308
4 183875
5 90
5 443
5 103478
5 163502
5 183876
6 10
6 109
6 110
6 112
6 183877
7 3
7 5
7 20
7 16995
7 183879
7 183880
8 717
8 718
8 719
8 721
8 183881
9 10
9 146
9 147
9 149
9 722
10 5
10 20
10 99
10 131
10 132
10 133
10 165
10 166
11 5
11 20
11 202
11 15065
11 131933
11 131935
11 183882
12 3
12 5
12 20
12 16951
12 16953
12 183883
13 76
13 2911
13 2912
13 2914
13 183884
seqId 507
1 4
1 5
1 98
1 99
1 100
1 4105
1 183885
2 3
2 4
2 5
2 4249
2 4251
2 183886
3 5
3 84
3 90
3 91
3 93
3 121
3 702
3 705
3 183887
4 660
4 1622
4 1623
4 1625
4 183888
5 4
5 5
5 99
5 133
5 175
5 176
5 178
5 183889
6 4
6 5
6 202
6 3303
6 3305
6 183890
7 3
7 4
7 5
7 112399
7 112401
7 183891
8 4
8 5
8 202
8 6756
8 34953
8 34955
8 183892
9 71
9 76
9 190
9 191
9 183893
seqId 508
1 27
1 82
1 944
1 2906
1 15403
1 183894
2 5
2 84
2 91
2 93
2 121
2 703
2 707
2 956
2 183895
3 5
3 20
3 82
3 84
3 98
3 100
3 595
3 9769
3 183896
4 171
4 944
4 945
4 1461
4 1463
4 183897
5 90
5 443
5 103478
5 163502
5 183898
6 5
6 27
6 99
6 131
6 132
6 133
6 135
6 183899
7 3
7 4
7 5
7 14686
7 14688
7 183900
8 9
8 10
8 24
8 26
8 27
8 183901
9 4
9 5
9 99
9 133
9 175
9 176
9 178
9 183902
10 3
10 4
10 5
10 35988
10 36102
10 183903
11 4
11 5
11 202
11 3199
11 5132
11 183904
12 10
12 283
12 284
12 286
12 183905
13 5
13 27
13 99
13 131
13 132
13 133
13 135
13 183906
14 3
14 5
14 20
14 145028
14 145182
14 183907
15 5
15 20
15 202
15 175277
15 175279
15 183908
16 27
16 945
16 2113
16 2116
16 65895
16 183909
17 5
17 20
17 81
17 82
17 83
17 84
17 85
17 87
17 183910
18 5
18 84
18 91
18 93
18 121
18 703
18 707
18 956
18 183911
19 76
19 342
19 343
19 345
19 107761
20 10
20 1010
20 1011
20 1013
20 183912
21 67
21 340
21 61071
21 152999
21 179278
21 179279
21 183913
22 76
22 342
22 343
22 345
22 183914
23 3
23 5
23 20
23 4279
23 4281
23 183915
24 5
24 20
24 202
24 128685
24 177322
24 183916
25 9
25 10
25 11
25 13
25 183917
26 4
26 5
26 99
26 131
26 132
26 133
26 152
26 183918
27 3
27 4
27 5
27 1213
27 1215
27 183919
28 9
28 10
28 11
28 13
28 183920
29 67
29 13528
29 13529
29 13531
29 183921
30 243
30 244
30 245
30 247
30 183922
31 5
31 20
31 202
31 91752
31 91754
31 183923
32 5
32 20
32 202
32 340
32 183925
32 183926
32 183927
32 183928
33 76
33 2911
33 2912
33 2914
33 183929
seqId 509
1 27
1 82
1 944
1 2906
1 15403
1 183930
2 5
2 84
2 91
2 93
2 121
2 703
2 707
2 956
2 183931
3 5
3 20
3 82
3 84
3 98
3 100
3 595
3 9769
3 183932
4 90
4 443
4 103478
4 163502
4 183933
5 5
5 27
5 99
5 131
5 132
5 133
5 135
5 183934
6 3
6 4
6 5
6 14686
6 14688
6 183935
7 9
7 10
7 24
7 26
7 27
7 183936
8 5
8 20
8 99
8 133
8 175
8 176
8 1316
8 183937
9 3
9 5
9 20
9 2468
9 182154
9 182156
9 183938
10 10
10 283
10 284
10 286
10 22104
11 5
11 20
11 82
11 759
11 1432
11 6158
11 183939
12 5
12 20
12 99
12 131
12 132
12 133
12 166
12 183940
13 3
13 5
13 20
13 2081
13 29574
13 183941
14 5
14 84
14 91
14 93
14 121
14 703
14 707
14 956
14 183942
15 5
15 20
15 90
15 122
15 708
15 713
15 43506
15 183944
15 183945
16 10
16 828
16 829
16 831
16 183946
17 4
17 5
17 99
17 133
17 175
17 176
17 178
17 183947
18 3
18 4
18 5
18 183949
18 183950
18 183951
19 4
19 5
19 202
19 182376
19 182378
19 183952
20 945
20 101277
20 101278
20 101280
20 183953
21 5
21 20
21 81
21 82
21 83
21 84
21 85
21 87
21 183954
22 5
22 84
22 91
22 93
22 121
22 703
22 707
22 956
22 183955
23 76
23 342
23 343
23 345
23 183956
24 10
24 1010
24 1011
24 1013
24 183957
25 509
25 99714
25 179327
25 179328
25 183958
26 595
26 2717
26 105465
26 179331
26 179332
26 183959
27 67
27 75863
27 132812
27 179335
27 179336
27 183960
28 76
28 342
28 343
28 345
28 183961
29 5
29 20
29 99
29 133
29 175
29 176
29 1316
29 183962
30 3
30 5
30 20
30 421
30 108603
30 183964
30 183965
30 183966
31 9
31 10
31 11
31 13
31 183967
32 4
32 5
32 99
32 131
32 132
32 133
32 152
32 183968
33 3
33 4
33 5
33 183970
33 183971
33 183972
34 76
34 2911
34 2912
34 2914
34 183973
seqId 510
1 5
1 20
1 27
1 36
1 82
1 84
1 98
1 100
1 183974
2 5
2 84
2 91
2 93
2 121
2 703
2 707
2 956
2 183975
3 660
3 2305
3 2306
3 2308
3 183976
4 4
4 5
4 99
4 133
4 175
4 176
4 178
4 183977
5 3
5 4
5 5
5 3615
5 3617
5 183978
6 9
6 10
6 11
6 13
6 183979
7 90
7 443
7 1845
7 18530
7 29784
7 40230
7 183981
7 183982
8 4
8 5
8 99
8 131
8 132
8 133
8 152
8 183983
9 3
9 4
9 5
9 3691
9 3693
9 183984
10 10
10 126
10 127
10 129
10 183985
11 5
11 20
11 99
11 131
11 132
11 133
11 166
11 183986
12 3
12 5
12 20
12 59217
12 89738
12 183987
13 9
13 10
13 24
13 26
13 27
13 183988
14 3
14 5
14 20
14 23221
14 106942
14 183989
15 82
15 758
15 759
15 761
15 183990
16 5
16 84
16 90
16 91
16 93
16 121
16 3777
16 4766
16 183991
17 3
17 5
17 20
17 17801
17 17803
17 183992
18 10
18 146
18 147
18 149
18 183993
19 5
19 27
19 99
19 131
19 132
19 133
19 135
19 183994
20 3
20 4
20 5
20 7388
20 27055
20 183995
21 10
21 126
21 127
21 129
21 183996
22 5
22 27
22 99
22 131
22 132
22 133
22 135
22 183997
23 3
23 4
23 5
23 897
23 899
23 183998
24 4
24 5
24 202
24 838
24 23221
24 106942
24 183999
25 10
25 283
25 284
25 286
25 184000
26 99
26 131
26 132
26 133
26 195
26 237
26 184001
27 3
27 4
27 195
27 38988
27 41180
27 184002
28 4
28 195
28 202
28 140235
28 140237
28 145189
29 4
29 5
29 90
29 122
29 708
29 713
29 22735
29 22737
29 184003
30 10
30 146
30 147
30 149
30 184004
31 5
31 27
31 99
31 131
31 132
31 133
31 135
31 184005
32 3
32 5
32 20
32 2320
32 2322
32 184006
33 51
33 195
33 2054
33 2056
33 184007
34 71
34 76
34 190
34 191
34 184008
seqId 511
1 99
1 131
1 132
1 133
1 195
1 1220
1 184009
2 3
2 20
2 195
2 2723
2 3278
2 184010
3 10
3 1605
3 1606
3 1608
3 184011
4 3
4 4
4 5
4 169074
4 171503
4 184013
4 184014
5 243
5 244
5 245
5 247
5 184015
6 3
6 5
6 20
6 2081
6 29574
6 184016
7 84
7 91
7 93
7 121
7 195
7 703
7 707
7 1858
7 184017
8 660
8 1513
8 1514
8 1516
8 184018
9 717
9 718
9 719
9 721
9 184019
10 10
10 146
10 147
10 149
10 722
11 5
11 20
11 99
11 131
11 132
11 133
11 165
11 166
12 3
12 5
12 20
12 8760
12 8762
12 184020
13 9
13 10
13 11
13 13
13 184021
14 85
14 99
14 195
14 638
14 640
14 184022
15 3
15 4
15 195
15 340
15 10248
15 10250
15 184023
16 10
16 109
16 110
16 112
16 184024
17 3
17 5
17 20
17 389
17 391
17 184025
18 9
18 10
18 24
18 26
18 27
18 184026
19 3
19 4
19 5
19 9634
19 9636
19 184027
20 71
20 76
20 190
20 191
20 184028
seqId 512
1 67
1 130231
1 130233
1 169289
1 184029
2 67
2 134091
2 138210
2 184031
2 184032
2 184033
3 5
3 84
3 90
3 91
3 93
3 121
3 3979
3 35380
3 184034
4 99
4 131
4 132
4 133
4 195
4 237
4 184035
5 3
5 4
5 195
5 5859
5 14468
5 184036
6 4
6 195
6 202
6 2787
6 169074
6 184038
6 184039
7 10
7 283
7 284
7 286
7 184040
8 85
8 99
8 195
8 638
8 640
8 184041
9 3
9 20
9 195
9 1905
9 36638
9 184042
10 9
10 10
10 11
10 13
10 145225
11 3
11 5
11 20
11 2081
11 29574
11 145228
12 158
12 159
12 160
12 162
12 184043
13 9
13 10
13 11
13 13
13 163
14 5
14 20
14 99
14 131
14 132
14 133
14 165
14 166
15 5
15 20
15 202
15 784
15 4033
15 184044
16 5
16 20
16 202
16 15065
16 131933
16 131935
16 184045
17 3
17 5
17 20
17 16951
17 16953
17 184046
18 76
18 342
18 343
18 345
18 184047
19 10
19 109
19 110
19 112
19 184048
20 90
20 121
20 122
20 1334
20 22276
20 184049
21 9
21 10
21 11
21 13
21 184050
22 5
22 27
22 99
22 131
22 132
22 133
22 135
22 184051
23 3
23 4
23 5
23 897
23 899
23 184052
24 9
24 10
24 24
24 26
24 27
24 184053
25 3
25 20
25 195
25 16827
25 163906
25 184054
26 717
26 718
26 719
26 721
26 184055
27 10
27 146
27 147
27 149
27 722
28 5
28 20
28 99
28 131
28 132
28 133
28 165
28 166
29 3
29 5
29 20
29 14392
29 14394
29 184056
30 9
30 10
30 24
30 26
30 27
30 184057
31 5
31 20
31 99
31 133
31 175
31 176
31 1316
31 184058
32 3
32 5
32 20
32 52484
32 52486
32 184059
33 9
33 10
33 24
33 26
33 27
33 184060
34 3
34 5
34 20
34 23785
34 54281
34 184061
35 76
35 342
35 343
35 345
35 184062
36 158
36 159
36 160
36 162
36 184063
37 9
37 10
37 11
37 13
37 163
38 5
38 20
38 99
38 131
38 132
38 133
38 165
38 166
39 3
39 5
39 20
39 48761
39 58268
39 184065
39 184066
40 244
40 418
40 419
40 421
40 184067
41 9
41 10
41 24
41 26
41 27
41 184068
42 5
42 20
42 99
42 133
42 175
42 176
42 1316
42 184069
43 3
43 5
43 20
43 184071
43 184072
43 184073
44 71
44 76
44 190
44 191
44 184074
seqId 513
1 67
1 69922
1 69923
1 69925
1 184075
2 67
2 73548
2 94478
2 184077
2 184078
2 184079
3 5
3 84
3 90
3 91
3 93
3 121
3 31304
3 31333
3 184080
4 10
4 126
4 127
4 129
4 22255
5 5
5 20
5 99
5 133
5 175
5 176
5 1316
5 184081
6 3
6 5
6 20
6 17780
6 17782
6 184082
7 9
7 10
7 11
7 13
7 184083
8 3
8 20
8 195
8 340
8 14576
8 14578
8 184084
9 10
9 2408
9 2410
9 10221
9 184085
10 3
10 4
10 195
10 3332
10 60114
10 184086
11 4
11 195
11 202
11 2964
11 7099
11 22976
11 184087
12 82
12 758
12 759
12 761
12 184088
13 84
13 90
13 91
13 93
13 121
13 195
13 32078
13 41610
13 184089
14 5
14 20
14 99
14 133
14 175
14 176
14 1316
14 184090
15 3
15 5
15 20
15 31623
15 31625
15 184091
16 5
16 20
16 202
16 58852
16 58854
16 184093
17 10
17 283
17 284
17 286
17 184094
18 5
18 27
18 99
18 131
18 132
18 133
18 135
18 184095
19 3
19 4
19 5
19 184097
19 184098
19 184099
20 230
20 231
20 232
20 234
20 184100
21 9
21 10
21 11
21 13
21 163
22 99
22 131
22 132
22 133
22 195
22 236
22 237
23 3
23 4
23 195
23 3439
23 6343
23 184101
24 243
24 244
24 245
24 247
24 184102
25 230
25 231
25 232
25 234
25 184103
26 9
26 10
26 11
26 13
26 163
27 99
27 131
27 132
27 133
27 195
27 236
27 237
28 3
28 4
28 195
28 8842
28 8844
28 184104
29 10
29 1791
29 1792
29 1794
29 184105
30 5
30 27
30 99
30 131
30 132
30 133
30 135
30 184106
31 3
31 5
31 20
31 145028
31 145030
31 184107
32 5
32 20
32 202
32 82838
32 155692
32 184109
33 10
33 146
33 147
33 149
33 184110
34 4
34 5
34 99
34 131
34 132
34 133
34 152
34 184111
35 3
35 4
35 5
35 17016
35 18984
35 184112
36 9
36 10
36 11
36 13
36 73316
37 67
37 15205
37 15206
37 15208
37 184113
38 51
38 195
38 176546
38 184115
38 184116
39 71
39 76
39 190
39 191
39 184117
seqId 514
1 67
1 52955
1 52956
1 52958
1 184118
2 67
2 1104
2 1886
2 96279
2 184120
2 184121
2 184122
3 5
3 84
3 90
3 91
3 93
3 121
3 3979
3 35380
3 184123
4 660
4 2547
4 2548
4 4275
4 184124
5 10
5 146
5 147
5 149
5 184125
6 4
6 5
6 82
6 84
6 115
6 763
6 1262
6 1264
6 184126
7 5
7 20
7 99
7 131
7 132
7 133
7 166
7 184127
8 3
8 5
8 20
8 14392
8 14394
8 184128
9 230
9 231
9 232
9 234
9 184129
10 9
10 10
10 11
10 13
10 163
11 99
11 131
11 132
11 133
11 195
11 236
11 237
12 3
12 4
12 195
12 9795
12 9833
12 184130
13 230
13 231
13 232
13 234
13 184131
14 9
14 10
14 11
14 13
14 163
15 99
15 131
15 132
15 133
15 195
15 236
15 237
16 3
16 4
16 195
16 239
16 6340
16 184132
17 4
17 195
17 202
17 13830
17 53096
17 184133
18 10
18 1010
18 1011
18 1013
18 184134
19 3
19 5
19 20
19 184136
19 184137
19 184138
20 9
20 10
20 24
20 26
20 27
20 184139
21 3
21 4
21 5
21 6471
21 6473
21 184140
22 76
22 342
22 343
22 345
22 184141
23 10
23 109
23 112
23 1539
23 184142
24 3
24 5
24 20
24 1601
24 1603
24 184143
25 9
25 10
25 24
25 26
25 27
25 184144
26 3
26 4
26 195
26 24330
26 110658
26 184145
27 4
27 195
27 202
27 693
27 39275
27 184146
28 71
28 76
28 190
28 191
28 184147
seqId 515
1 20
1 195
1 202
1 1377
1 92175
1 184148
2 98
2 99
2 100
2 195
2 2073
2 184149
3 3
3 20
3 195
3 1320
3 3384
3 184150
4 84
4 90
4 91
4 93
4 121
4 195
4 4379
4 13099
4 184151
5 10
5 146
5 149
5 1539
5 184152
6 4
6 5
6 99
6 131
6 132
6 133
6 152
6 184153
7 3
7 4
7 5
7 3725
7 3727
7 184154
8 10
8 126
8 127
8 129
8 184155
9 99
9 133
9 175
9 176
9 195
9 234
9 184156
10 3
10 20
10 195
10 37928
10 60441
10 184157
11 20
11 195
11 202
11 3199
11 4859
11 184158
12 9
12 10
12 11
12 13
12 184159
13 5
13 27
13 99
13 131
13 132
13 133
13 135
13 184160
14 3
14 4
14 5
14 14686
14 14688
14 184161
15 243
15 244
15 245
15 247
15 184162
16 9
16 10
16 11
16 13
16 184163
17 5
17 27
17 99
17 131
17 132
17 133
17 135
17 184164
18 3
18 4
18 5
18 169074
18 171503
18 184013
18 184165
19 76
19 342
19 343
19 345
19 184166
20 243
20 244
20 245
20 247
20 184167
21 10
21 126
21 127
21 129
21 184168
22 4
22 5
22 99
22 131
22 132
22 133
22 152
22 184169
23 3
23 4
23 5
23 3615
23 3617
23 184170
24 82
24 759
24 2852
24 2854
24 184171
25 99
25 131
25 132
25 133
25 195
25 237
25 107977
26 3
26 20
26 195
26 16827
26 163906
26 184172
27 84
27 90
27 91
27 93
27 121
27 195
27 3433
27 108529
27 184173
28 99
28 131
28 132
28 133
28 195
28 237
28 184174
29 3
29 20
29 195
29 1905
29 36638
29 184175
30 9
30 10
30 11
30 13
30 184176
31 3
31 5
31 20
31 2081
31 29574
31 184177
32 10
32 283
32 284
32 286
32 184178
33 20
33 82
33 195
33 759
33 1432
33 4333
33 184179
34 20
34 82
34 83
34 84
34 115
34 195
34 1824
34 1826
34 184180
35 27
35 82
35 84
35 114
35 115
35 116
35 118
35 184181
36 84
36 90
36 91
36 93
36 121
36 195
36 4258
36 23888
36 184182
37 9
37 10
37 11
37 13
37 184183
38 4
38 85
38 99
38 195
38 2075
38 2771
38 184184
39 3
39 4
39 195
39 3615
39 35716
39 184185
40 71
40 76
40 190
40 191
40 108011
seqId 516
1 4
1 5
1 99
1 131
1 132
1 133
1 811
1 184186
2 3
2 4
2 5
2 18773
2 18775
2 184187
3 4
3 5
3 202
3 102299
3 140930
3 184189
3 184190
4 717
4 718
4 719
4 721
4 184191
5 10
5 146
5 147
5 149
5 722
6 5
6 20
6 99
6 131
6 132
6 133
6 165
6 166
7 3
7 5
7 20
7 14392
7 14394
7 184192
8 9
8 10
8 11
8 13
8 184193
9 5
9 27
9 99
9 131
9 132
9 133
9 135
9 184194
10 3
10 4
10 5
10 1573
10 1575
10 184195
11 5
11 84
11 91
11 93
11 121
11 703
11 707
11 956
11 184196
12 660
12 1622
12 1623
12 1625
12 184197
13 717
13 718
13 719
13 721
13 145382
14 10
14 146
14 147
14 149
14 722
15 5
15 20
15 99
15 131
15 132
15 133
15 165
15 166
16 3
16 5
16 20
16 217
16 800
16 184198
17 9
17 10
17 11
17 13
17 184199
18 4
18 5
18 99
18 131
18 132
18 133
18 152
18 184200
19 3
19 4
19 5
19 10248
19 10250
19 184201
20 82
20 759
20 944
20 948
20 184202
21 5
21 84
21 90
21 91
21 93
21 121
21 7530
21 165985
21 184203
22 67
22 16202
22 16204
22 26230
22 184204
23 67
23 17629
23 184206
23 184207
23 184208
23 184209
24 10
24 126
24 127
24 129
24 184210
25 4
25 5
25 99
25 131
25 132
25 133
25 152
25 184211
26 76
26 137
26 138
26 140
26 184212
27 3
27 4
27 5
27 38205
27 38207
27 184213
28 9
28 10
28 11
28 13
28 184214
29 4
29 5
29 99
29 131
29 132
29 133
29 152
29 184215
30 3
30 4
30 5
30 127588
30 184217
30 184218
31 67
31 70385
31 70387
31 184219
31 184220
32 76
32 185
32 186
32 188
32 73442
33 717
33 718
33 719
33 721
33 184221
34 10
34 146
34 147
34 149
34 722
35 5
35 20
35 99
35 131
35 132
35 133
35 165
35 166
36 5
36 20
36 202
36 1718
36 57849
36 184222
37 3
37 5
37 20
37 15215
37 65093
37 131674
37 184223
38 71
38 76
38 190
38 191
38 184224
seqId 517
1 27
1 42
1 99
1 133
1 175
1 176
1 195
1 184225
2 4
2 195
2 202
2 2294
2 3837
2 184226
3 3
3 4
3 195
3 5859
3 14468
3 184227
4 9
4 10
4 24
4 26
4 27
4 184228
5 3
5 4
5 5
5 6471
5 6473
5 184229
6 82
6 84
6 114
6 115
6 116
6 1361
6 184230
7 84
7 90
7 91
7 92
7 93
7 195
7 1437
7 184232
7 184233
8 4
8 90
8 122
8 195
8 708
8 713
8 1345
8 22505
8 184234
9 10
9 109
9 110
9 112
9 184235
10 3
10 4
10 5
10 4107
10 4109
10 184236
11 10
11 283
11 284
11 286
11 184237
12 20
12 82
12 84
12 98
12 100
12 102
12 184238
13 82
13 758
13 759
13 761
13 184239
14 76
14 342
14 343
14 345
14 184240
15 660
15 47634
15 47635
15 47637
15 184241
16 76
16 342
16 343
16 345
16 184242
17 5
17 84
17 90
17 91
17 92
17 93
17 96
17 1509
17 36186
17 184243
18 4
18 5
18 99
18 133
18 175
18 176
18 178
18 184244
19 3
19 4
19 5
19 11475
19 11477
19 184245
20 158
20 159
20 160
20 162
20 184246
21 9
21 10
21 11
21 13
21 163
22 5
22 20
22 99
22 131
22 132
22 133
22 165
22 166
23 3
23 5
23 20
23 4434
23 4436
23 184247
24 10
24 146
24 147
24 149
24 184248
25 5
25 27
25 99
25 131
25 132
25 133
25 135
25 184249
26 3
26 4
26 5
26 14686
26 14688
26 184250
27 9
27 10
27 11
27 13
27 184251
28 4
28 5
28 99
28 131
28 132
28 133
28 152
28 184252
29 3
29 4
29 5
29 8050
29 8052
29 184253
30 4
30 5
30 90
30 122
30 708
30 713
30 103478
30 103480
30 184254
31 71
31 76
31 190
31 191
31 184255
seqId 518
1 4
1 5
1 99
1 131
1 132
1 133
1 811
1 184256
2 3
2 4
2 5
2 10248
2 10250
2 184257
3 9
3 10
3 24
3 26
3 27
3 184258
4 67
4 122195
4 122196
4 122198
4 184259
5 67
5 11612
5 26224
5 157315
5 157316
5 184260
6 5
6 84
6 90
6 91
6 93
6 121
6 3979
6 35380
6 184261
7 5
7 27
7 99
7 131
7 132
7 133
7 135
7 184262
8 3
8 5
8 20
8 102385
8 102387
8 184263
9 230
9 231
9 232
9 234
9 184264
10 9
10 10
10 11
10 13
10 163
11 99
11 131
11 132
11 133
11 195
11 236
11 237
12 3
12 4
12 195
12 340
12 6471
12 6473
12 184265
13 9
13 10
13 11
13 13
13 184266
14 4
14 5
14 99
14 131
14 132
14 133
14 152
14 184267
15 3
15 4
15 5
15 38988
15 38990
15 184268
16 10
16 146
16 147
16 149
16 184269
17 67
17 159776
17 159777
17 159779
17 184270
18 158
18 159
18 160
18 162
18 184271
19 9
19 10
19 11
19 13
19 163
20 5
20 20
20 99
20 131
20 132
20 133
20 165
20 166
21 5
21 20
21 202
21 1104
21 15065
21 176544
21 176546
21 184272
22 717
22 718
22 719
22 721
22 184273
23 10
23 146
23 147
23 149
23 722
24 5
24 20
24 99
24 131
24 132
24 133
24 165
24 166
25 5
25 20
25 202
25 15065
25 130808
25 130810
25 184274
26 3
26 5
26 20
26 16951
26 16953
26 184275
27 71
27 76
27 190
27 191
27 184276
seqId 519
1 67
1 20691
1 20692
1 20694
1 184277
2 67
2 310
2 74143
2 178459
2 178460
2 178462
2 184278
3 82
3 84
3 114
3 115
3 116
3 1361
3 184279
4 5
4 84
4 90
4 91
4 93
4 121
4 9903
4 10728
4 184280
5 9
5 10
5 24
5 26
5 27
5 184281
6 90
6 443
6 3979
6 36008
6 184282
7 5
7 27
7 99
7 131
7 132
7 133
7 135
7 184283
8 3
8 4
8 5
8 41432
8 41434
8 184284
9 9
9 10
9 11
9 13
9 184285
10 4
10 5
10 99
10 131
10 132
10 133
10 152
10 73526
11 3
11 4
11 5
11 184287
11 184288
11 184289
12 717
12 718
12 719
12 721
12 184290
13 10
13 146
13 147
13 149
13 722
14 5
14 20
14 99
14 131
14 132
14 133
14 165
14 166
15 5
15 20
15 202
15 15065
15 131933
15 131935
15 184291
16 3
16 5
16 20
16 16951
16 16953
16 184292
17 76
17 342
17 343
17 345
17 184293
18 27
18 72
18 72
18 244
18 2487
18 25043
18 25046
18 25047
18 25048
18 170495
18 184294
19 4
19 5
19 99
19 131
19 132
19 133
19 152
19 184295
20 3
20 4
20 5
20 184297
20 184298
20 184299
21 230
21 231
21 232
21 234
21 184300
22 9
22 10
22 11
22 13
22 163
23 99
23 131
23 132
23 133
23 195
23 236
23 237
24 3
24 20
24 195
24 20293
24 20295
24 184301
25 20
25 102
25 195
25 202
25 1777
25 19382
25 110077
25 184303
25 184304
26 10
26 146
26 149
26 2548
26 184305
27 3
27 5
27 20
27 38959
27 38961
27 184306
28 660
28 6695
28 6696
28 6698
28 184307
29 99
29 131
29 132
29 133
29 195
29 237
29 184308
30 3
30 4
30 195
30 14834
30 14836
30 184309
31 9
31 10
31 11
31 13
31 145496
32 3
32 20
32 195
32 180728
32 180730
32 184310
33 243
33 244
33 245
33 247
33 184311
34 99
34 131
34 132
34 133
34 195
34 237
34 184312
35 3
35 4
35 195
35 340
35 132445
35 132447
35 184314
36 230
36 231
36 232
36 234
36 184315
37 9
37 10
37 11
37 13
37 163
38 99
38 131
38 132
38 133
38 195
38 236
38 237
39 3
39 20
39 102
39 195
39 22332
39 110077
39 184317
39 184318
40 4
40 90
40 122
40 195
40 708
40 713
40 9303
40 11821
40 184319
41 10
41 283
41 284
41 286
41 184320
42 99
42 131
42 132
42 133
42 195
42 237
42 184321
43 3
43 20
43 195
43 70793
43 133731
43 184322
44 76
44 342
44 343
44 345
44 184323
45 20
45 82
45 84
45 98
45 100
45 102
45 184324
46 82
46 758
46 759
46 761
46 184325
47 5
47 84
47 91
47 93
47 121
47 703
47 707
47 956
47 184326
48 5
48 20
48 99
48 133
48 175
48 176
48 1316
48 184327
49 5
49 20
49 202
49 2294
49 2296
49 184328
50 3
50 5
50 20
50 1718
50 48150
50 184329
51 9
51 10
51 11
51 13
51 184330
52 90
52 443
52 17308
52 34513
52 184331
53 660
53 2906
53 19025
53 36107
53 184332
54 99
54 133
54 175
54 176
54 195
54 234
54 184333
55 3
55 4
55 195
55 3199
55 4859
55 184334
56 9
56 10
56 24
56 26
56 27
56 184335
57 3
57 20
57 195
57 15235
57 15237
57 184336
58 82
58 84
58 114
58 115
58 116
58 1361
58 184337
59 84
59 90
59 91
59 93
59 121
59 195
59 755
59 73589
59 140220
59 140222
60 10
60 283
60 284
60 286
60 108139
61 99
61 133
61 175
61 176
61 195
61 234
61 184338
62 3
62 20
62 195
62 22743
62 22745
62 184339
63 9
63 10
63 11
63 13
63 184340
64 3
64 5
64 20
64 2081
64 29574
64 184341
65 20
65 90
65 122
65 708
65 713
65 1345
65 1347
65 22599
66 10
66 109
66 110
66 112
66 184342
67 3
67 4
67 5
67 4420
67 4422
67 184343
68 10
68 828
68 829
68 831
68 184344
69 99
69 133
69 175
69 176
69 195
69 234
69 184345
70 3
70 4
70 195
70 347
70 349
70 184346
71 9
71 10
71 11
71 13
71 184347
72 5
72 27
72 99
72 131
72 132
72 133
72 135
72 184348
73 3
73 4
73 5
73 175612
73 180269
73 184349
74 243
74 244
74 245
74 247
74 184350
75 9
75 10
75 11
75 13
75 184351
76 5
76 27
76 99
76 131
76 132
76 133
76 135
76 184352
77 3
77 5
77 20
77 23785
77 54281
77 184353
78 76
78 342
78 343
78 345
78 184354
79 244
79 1249
79 1250
79 1252
79 184355
80 660
80 1622
80 1623
80 1625
80 184356
81 660
81 2906
81 19025
81 36107
81 184357
82 4
82 5
82 99
82 131
82 132
82 133
82 152
82 184358
83 3
83 4
83 5
83 128205
83 128207
83 184359
84 5
84 84
84 90
84 91
84 93
84 121
84 184361
84 184362
84 184363
85 230
85 231
85 232
85 234
85 184364
86 9
86 10
86 11
86 13
86 163
87 99
87 131
87 132
87 133
87 195
87 236
87 237
88 3
88 4
88 195
88 347
88 349
88 184365
89 71
89 76
89 190
89 191
89 184366
seqId 520
1 4
1 5
1 99
1 133
1 175
1 176
1 5129
1 184367
2 3
2 4
2 5
2 7388
2 27055
2 184368
3 76
3 342
3 343
3 345
3 184369
4 10
4 279
4 11672
4 11673
4 184370
5 4
5 5
5 99
5 131
5 132
5 133
5 152
5 184371
6 3
6 4
6 5
6 8152
6 9005
6 184372
7 9
7 10
7 26
7 27
7 1539
7 184373
8 3
8 5
8 20
8 7120
8 7122
8 22642
9 9
9 10
9 24
9 26
9 27
9 184374
10 4
10 5
10 99
10 133
10 175
10 176
10 178
10 184375
11 3
11 4
11 5
11 6862
11 6864
11 184376
12 9
12 10
12 24
12 26
12 27
12 184377
13 3
13 4
13 195
13 1395
13 1397
13 145575
14 10
14 109
14 110
14 112
14 184378
15 51
15 195
15 56760
15 56762
15 184379
16 76
16 342
16 343
16 345
16 184380
17 5
17 84
17 90
17 91
17 92
17 93
17 96
17 3372
17 3374
17 184381
18 67
18 70
18 71
18 64117
18 64118
18 184382
19 67
19 310
19 74143
19 178459
19 178460
19 178462
19 184383
20 243
20 244
20 245
20 247
20 145582
21 5
21 20
21 99
21 133
21 175
21 176
21 1316
21 184384
22 5
22 20
22 202
22 2294
22 2296
22 184385
23 3
23 5
23 20
23 2034
23 2036
23 184386
24 158
24 159
24 160
24 162
24 73644
25 9
25 10
25 11
25 13
25 163
26 5
26 20
26 99
26 131
26 132
26 133
26 165
26 166
27 5
27 20
27 67
27 37445
27 135367
27 171893
27 184387
28 76
28 342
28 343
28 345
28 184388
29 67
29 452
29 15151
29 15152
29 184389
30 67
30 48669
30 175594
30 175595
30 175597
30 184390
31 71
31 76
31 190
31 191
31 184391
seqId 521
1 4
1 5
1 82
1 83
1 84
1 115
1 763
1 4750
1 184392
2 5
2 84
2 90
2 91
2 92
2 93
2 4379
2 34606
2 184393
3 10
3 126
3 127
3 129
3 184394
4 99
4 131
4 132
4 133
4 195
4 237
4 184395
5 3
5 20
5 195
5 98386
5 98388
5 184396
6 9
6 10
6 11
6 13
6 184397
7 3
7 20
7 195
7 340
7 180462
7 180464
7 184398
8 76
8 2265
8 2266
8 2268
8 184399
9 3
9 20
9 195
9 79926
9 79928
9 184400
10 76
10 342
10 343
10 345
10 184401
11 3
11 4
11 195
11 21117
11 83135
11 184402
12 76
12 342
12 343
12 345
12 184403
13 3
13 4
13 195
13 340
13 99112
13 99114
13 184404
14 10
14 283
14 284
14 286
14 184405
15 99
15 131
15 132
15 133
15 195
15 237
15 184406
16 3
16 20
16 195
16 340
16 27018
16 27020
16 184407
17 20
17 195
17 202
17 340
17 14484
17 184409
17 184410
17 184411
18 76
18 2265
18 2266
18 2268
18 145611
19 10
19 283
19 284
19 286
19 184412
20 4
20 5
20 99
20 131
20 132
20 133
20 152
20 184413
21 4
21 5
21 67
21 3042
21 3045
21 184414
22 4
22 5
22 202
22 140235
22 144993
22 184415
23 71
23 76
23 190
23 191
23 184416
seqId 522
1 4
1 5
1 82
1 83
1 84
1 115
1 763
1 4750
1 184417
2 5
2 84
2 90
2 91
2 93
2 121
2 14730
2 17654
2 184418
3 10
3 146
3 147
3 149
3 184419
4 90
4 443
4 22433
4 23097
4 184420
5 660
5 2906
5 19025
5 36107
5 184421
6 4
6 5
6 99
6 131
6 132
6 133
6 152
6 184422
7 3
7 4
7 5
7 8050
7 8052
7 184423
8 4
8 5
8 202
8 98386
8 103480
8 184424
9 5
9 84
9 90
9 91
9 93
9 121
9 7504
9 42832
9 184425
10 10
10 283
10 284
10 286
10 184426
11 5
11 27
11 99
11 131
11 132
11 133
11 135
11 184427
12 3
12 4
12 5
12 897
12 899
12 184428
13 158
13 159
13 160
13 162
13 184429
14 9
14 10
14 11
14 13
14 163
15 5
15 20
15 99
15 131
15 132
15 133
15 165
15 166
16 3
16 5
16 20
16 175644
16 175646
16 184430
17 5
17 20
17 202
17 340
17 27458
17 184409
17 184411
17 184432
18 243
18 244
18 245
18 247
18 184433
19 5
19 84
19 90
19 91
19 93
19 121
19 4338
19 4740
19 184434
20 9
20 10
20 11
20 13
20 184435
21 4
21 5
21 99
21 131
21 132
21 133
21 152
21 184436
22 3
22 4
22 5
22 24032
22 24034
22 184437
23 9
23 10
23 11
23 13
23 22721
24 5
24 99
24 115
24 773
24 774
24 775
24 776
24 778
24 184438
25 3
25 5
25 20
25 12137
25 12139
25 184439
26 76
26 342
26 343
26 345
26 184440
27 244
27 1249
27 1250
27 1252
27 184441
28 5
28 84
28 90
28 91
28 93
28 121
28 7704
28 30340
28 184442
29 660
29 1622
29 1623
29 1625
29 184443
30 4
30 5
30 99
30 131
30 132
30 133
30 152
30 184444
31 3
31 4
31 5
31 4249
31 4251
31 184445
32 9
32 10
32 11
32 13
32 184446
33 5
33 27
33 99
33 131
33 132
33 133
33 135
33 184447
34 3
34 4
34 5
34 194
34 14840
34 184448
35 10
35 283
35 284
35 286
35 184449
36 99
36 131
36 132
36 133
36 195
36 237
36 184450
37 3
37 20
37 195
37 81853
37 184452
37 184453
38 10
38 279
38 11672
38 11673
38 184454
39 5
39 27
39 99
39 131
39 132
39 133
39 135
39 184455
40 5
40 20
40 202
40 36111
40 168242
40 184456
41 3
41 5
41 20
41 7633
41 7635
41 184457
42 71
42 76
42 190
42 191
42 73719
seqId 523
1 5
1 27
1 99
1 131
1 132
1 133
1 699
1 184458
2 3
2 4
2 5
2 194
2 14840
2 184459
3 76
3 342
3 343
3 345
3 184460
4 243
4 244
4 245
4 247
4 184461
5 660
5 13091
5 13092
5 13094
5 184462
6 5
6 27
6 99
6 131
6 132
6 133
6 135
6 184463
7 3
7 4
7 5
7 194
7 14840
7 184464
8 10
8 126
8 127
8 129
8 184465
9 5
9 20
9 99
9 131
9 132
9 133
9 166
9 73728
10 3
10 5
10 20
10 3199
10 5132
10 184466
11 76
11 342
11 343
11 345
11 184467
12 84
12 90
12 91
12 93
12 121
12 195
12 1509
12 1511
12 184468
13 660
13 976
13 977
13 979
13 184469
14 5
14 20
14 99
14 133
14 175
14 176
14 1316
14 184470
15 3
15 5
15 20
15 7393
15 7395
15 184471
16 5
16 20
16 202
16 5335
16 8517
16 184472
17 10
17 146
17 147
17 149
17 184473
18 26
18 27
18 99
18 133
18 175
18 176
18 195
18 184474
19 660
19 3823
19 3824
19 3826
19 184475
20 20
20 195
20 202
20 1888
20 1890
20 184476
21 3
21 20
21 195
21 10402
21 10404
21 184477
22 158
22 159
22 160
22 162
22 184478
23 9
23 10
23 11
23 13
23 163
24 5
24 20
24 99
24 131
24 132
24 133
24 165
24 166
25 5
25 20
25 67
25 37445
25 135367
25 171893
25 184479
26 76
26 342
26 343
26 345
26 73741
27 10
27 19283
27 19284
27 19286
27 184480
28 20
28 82
28 195
28 759
28 1432
28 4333
28 184481
29 67
29 136357
29 136358
29 136360
29 184482
30 67
30 967
30 158385
30 174286
30 174287
30 174289
30 184483
31 76
31 342
31 343
31 345
31 184484
32 67
32 11514
32 11515
32 11517
32 184485
33 67
33 2423
33 5422
33 106062
33 177656
33 177657
33 184486
34 76
34 342
34 343
34 345
34 184487
35 660
35 976
35 979
35 1458
35 184488
36 944
36 945
36 946
36 948
36 184489
37 67
37 71
37 1725
37 1726
37 1728
37 184490
38 67
38 1886
38 39484
38 178397
38 178398
38 184491
39 76
39 342
39 343
39 345
39 184492
40 82
40 759
40 2852
40 2854
40 184493
41 99
41 131
41 132
41 133
41 195
41 237
41 184494
42 3
42 4
42 15
42 195
42 4121
42 184495
43 84
43 90
43 91
43 93
43 121
43 195
43 1345
43 38039
43 184496
44 10
44 109
44 110
44 112
44 184497
45 3
45 4
45 5
45 21329
45 21331
45 184498
46 5
46 20
46 99
46 131
46 132
46 133
46 166
46 184499
47 3
47 5
47 20
47 31623
47 31625
47 184500
48 5
48 20
48 202
48 64857
48 153717
48 184501
49 9
49 10
49 11
49 13
49 184502
50 5
50 27
50 99
50 131
50 132
50 133
50 135
50 184503
51 3
51 4
51 5
51 194
51 14840
51 184504
52 76
52 413
52 414
52 416
52 184505
53 660
53 1796
53 1797
53 1799
53 184506
54 10
54 126
54 127
54 129
54 184507
55 99
55 131
55 132
55 133
55 195
55 237
55 184508
56 3
56 20
56 195
56 38332
56 38334
56 184509
57 230
57 231
57 232
57 234
57 184510
58 9
58 10
58 11
58 13
58 163
59 99
59 131
59 132
59 133
59 195
59 236
59 237
60 3
60 4
60 195
60 44373
60 44375
60 184511
61 944
61 945
61 946
61 948
61 184512
62 10
62 126
62 127
62 129
62 184513
63 99
63 131
63 132
63 133
63 195
63 237
63 184514
64 3
64 4
64 195
64 17302
64 17304
64 184515
65 4
65 195
65 202
65 1616
65 7183
65 184516
66 4
66 90
66 122
66 195
66 708
66 713
66 4530
66 9217
66 184517
67 10
67 146
67 147
67 149
67 184518
68 99
68 133
68 175
68 176
68 195
68 234
68 184519
69 3
69 20
69 195
69 2972
69 2974
69 184520
70 20
70 195
70 202
70 3199
70 4859
70 184521
71 76
71 433
71 434
71 436
71 184522
72 10
72 378
72 379
72 381
72 184523
73 5
73 27
73 99
73 131
73 132
73 133
73 135
73 184524
74 3
74 4
74 5
74 897
74 899
74 184525
75 230
75 231
75 232
75 234
75 184526
76 9
76 10
76 11
76 13
76 163
77 99
77 131
77 132
77 133
77 195
77 236
77 237
78 3
78 20
78 195
78 37128
78 181869
78 184527
79 27
79 82
79 759
79 944
79 1463
79 184528
80 5
80 20
80 82
80 83
80 84
80 115
80 763
80 1002
80 108363
81 5
81 84
81 90
81 91
81 93
81 121
81 3979
81 35380
81 184529
82 71
82 76
82 190
82 191
82 73800
seqId 524
1 67
1 71
1 1725
1 1726
1 1728
1 184530
2 67
2 1886
2 39484
2 178397
2 178398
2 184531
3 5
3 84
3 90
3 91
3 92
3 93
3 96
3 8415
3 28349
3 184533
4 660
4 1513
4 1514
4 1516
4 184534
5 10
5 146
5 147
5 149
5 184535
6 5
6 20
6 98
6 99
6 100
6 3961
6 184536
7 3
7 5
7 20
7 2320
7 2322
7 184537
8 10
8 828
8 829
8 831
8 184538
9 5
9 99
9 115
9 773
9 774
9 775
9 776
9 778
9 184539
10 3
10 5
10 20
10 1320
10 1322
10 184540
11 10
11 126
11 127
11 129
11 184541
12 4
12 5
12 99
12 131
12 132
12 133
12 152
12 184542
13 3
13 4
13 5
13 29726
13 63942
13 184543
14 4
14 5
14 202
14 16827
14 16829
14 184544
15 243
15 244
15 245
15 247
15 184545
16 4
16 5
16 202
16 1527
16 25699
16 184546
17 82
17 759
17 944
17 948
17 184547
18 84
18 90
18 91
18 93
18 121
18 195
18 33688
18 71879
18 184548
19 99
19 131
19 132
19 133
19 195
19 237
19 184549
20 3
20 4
20 195
20 340
20 25634
20 25636
20 184551
21 4
21 195
21 202
21 340
21 37128
21 37130
21 184552
22 76
22 342
22 343
22 345
22 184553
23 10
23 146
23 149
23 1539
23 184554
24 90
24 443
24 1334
24 8849
24 184555
25 158
25 159
25 160
25 162
25 184556
26 9
26 10
26 11
26 13
26 163
27 5
27 20
27 99
27 131
27 132
27 133
27 165
27 166
28 3
28 5
28 20
28 10622
28 10624
28 184557
29 9
29 10
29 11
29 13
29 184558
30 5
30 27
30 99
30 131
30 132
30 133
30 135
30 184559
31 3
31 4
31 5
31 72
31 5359
31 5359
31 49770
31 51449
31 184561
31 184562
31 184563
32 10
32 283
32 284
32 286
32 184564
33 5
33 27
33 99
33 131
33 132
33 133
33 135
33 184565
34 5
34 67
34 14076
34 14078
34 184566
35 9
35 10
35 11
35 13
35 108416
36 4
36 5
36 99
36 131
36 132
36 133
36 152
36 184567
37 3
37 4
37 5
37 49472
37 49474
37 184568
38 9
38 10
38 11
38 13
38 184569
39 51
39 195
39 184571
39 184572
39 184573
40 3
40 20
40 195
40 6913
40 176829
40 184575
41 71
41 76
41 190
41 191
41 184576
seqId 525
1 660
1 5049
1 7881
1 7883
1 184577
2 76
2 342
2 343
2 345
2 184578
3 717
3 718
3 719
3 721
3 184579
4 10
4 146
4 147
4 149
4 722
5 5
5 20
5 99
5 131
5 132
5 133
5 165
5 166
6 3
6 5
6 20
6 7837
6 7839
6 184580
7 9
7 10
7 11
7 13
7 184581
8 5
8 27
8 99
8 131
8 132
8 133
8 135
8 184582
9 3
9 4
9 5
9 14686
9 14688
9 184583
10 4
10 5
10 202
10 3199
10 5132
10 184584
11 4
11 5
11 202
11 3244
11 3246
11 184585
12 76
12 342
12 343
12 345
12 184586
13 67
13 174176
13 174178
13 174555
13 184587
14 67
14 17607
14 162105
14 174558
14 174559
14 184588
15 5
15 84
15 90
15 91
15 93
15 121
15 702
15 705
15 184589
16 10
16 109
16 110
16 112
16 184590
17 3
17 5
17 20
17 429
17 431
17 184591
18 4
18 5
18 99
18 133
18 175
18 176
18 178
18 184592
19 3
19 4
19 5
19 170732
19 170734
19 184593
20 4
20 5
20 90
20 122
20 708
20 713
20 5400
20 13045
20 184594
21 67
21 452
21 15151
21 15152
21 184595
22 9
22 10
22 11
22 13
22 184596
23 67
23 70385
23 70387
23 184219
23 184597
24 75
24 76
24 77
24 79
24 184598
25 4
25 5
25 99
25 133
25 175
25 176
25 178
25 184599
26 3
26 4
26 5
26 14686
26 14688
26 184600
27 4
27 5
27 202
27 3199
27 5132
27 184601
28 76
28 342
28 343
28 345
28 184602
29 82
29 758
29 759
29 761
29 184603
30 5
30 84
30 91
30 93
30 121
30 702
30 703
30 705
30 108461
31 5
31 20
31 90
31 122
31 708
31 769
31 3777
31 4766
31 108462
32 5
32 99
32 131
32 132
32 133
32 135
32 171
32 184604
33 3
33 5
33 20
33 10801
33 10803
33 184605
34 9
34 10
34 26
34 169
34 171
34 184606
35 5
35 20
35 99
35 133
35 175
35 176
35 1316
35 184607
36 3
36 5
36 20
36 384
36 386
36 184608
37 9
37 10
37 26
37 169
37 171
37 184609
38 3
38 4
38 5
38 18168
38 18422
38 184610
39 10
39 1387
39 1388
39 1390
39 184611
40 67
40 184613
40 184614
40 184615
40 184616
41 71
41 76
41 190
41 191
41 184617
seqId 526
1 3
1 5
1 20
1 4157
1 10520
1 184618
2 5
2 20
2 202
2 4736
2 33765
2 184619
3 75
3 76
3 77
3 79
3 184620
4 99
4 131
4 132
4 133
4 195
4 237
4 184621
5 3
5 20
5 195
5 37928
5 60441
5 184622
6 158
6 159
6 160
6 162
6 73895
7 9
7 10
7 11
7 13
7 163
8 5
8 20
8 99
8 131
8 132
8 133
8 165
8 166
9 3
9 5
9 20
9 32317
9 32319
9 184623
seqId 527
1 5
1 20
1 98
1 99
1 100
1 4215
1 184624
2 3
2 5
2 20
2 4157
2 10601
2 184625
3 5
3 84
3 90
3 91
3 93
3 121
3 14730
3 17654
3 184626
4 10
4 146
4 147
4 149
4 184627
5 90
5 443
5 1345
5 9933
5 184628
6 10
6 109
6 110
6 112
6 184629
7 3
7 5
7 20
7 5335
7 8517
7 184630
8 99
8 131
8 132
8 133
8 195
8 237
8 184631
9 3
9 4
9 195
9 3691
9 6873
9 184632
10 243
10 244
10 245
10 247
10 184633
11 99
11 131
11 132
11 133
11 195
11 237
11 184634
12 3
12 20
12 195
12 1320
12 3384
12 184635
13 230
13 231
13 232
13 234
13 184636
14 9
14 10
14 11
14 13
14 163
15 99
15 131
15 132
15 133
15 195
15 236
15 237
16 3
16 20
16 195
16 2034
16 3403
16 184637
17 9
17 10
17 11
17 13
17 184638
18 5
18 27
18 99
18 131
18 132
18 133
18 135
18 184639
19 3
19 4
19 5
19 642
19 23331
19 184640
20 82
20 758
20 759
20 761
20 184641
21 84
21 90
21 91
21 93
21 121
21 195
21 7704
21 58022
21 184642
22 99
22 131
22 132
22 133
22 195
22 237
22 184643
23 3
23 20
23 195
23 37928
23 60441
23 184644
24 158
24 159
24 160
24 162
24 184645
25 9
25 10
25 11
25 13
25 163
26 5
26 20
26 99
26 131
26 132
26 133
26 165
26 166
27 3
27 5
27 20
27 32317
27 32319
27 184646
28 10
28 146
28 147
28 149
28 184647
29 5
29 99
29 115
29 773
29 776
29 2192
29 28103
29 28105
29 184648
30 3
30 4
30 5
30 3576
30 3578
30 184649
31 244
31 418
31 419
31 421
31 184650
32 10
32 283
32 284
32 286
32 184651
33 5
33 20
33 99
33 131
33 132
33 133
33 166
33 184652
34 3
34 5
34 20
34 32317
34 32319
34 184653
35 71
35 76
35 190
35 191
35 184654
seqId 528
1 5
1 20
1 82
1 83
1 84
1 115
1 763
1 3948
1 184655
2 5
2 84
2 90
2 91
2 92
2 93
2 1064
2 137350
2 184656
3 4
3 5
3 99
3 131
3 132
3 133
3 152
3 184657
4 3
4 4
4 5
4 8152
4 9005
4 184658
5 9
5 10
5 24
5 26
5 27
5 184659
6 5
6 20
6 99
6 133
6 175
6 176
6 1316
6 145888
7 3
7 5
7 20
7 2863
7 2865
7 145889
8 5
8 20
8 202
8 11147
8 11149
8 184660
9 76
9 342
9 343
9 345
9 108521
10 90
10 121
10 122
10 11204
10 14950
10 184661
11 3
11 20
11 72
11 195
11 340
11 1227
11 1229
11 1230
11 1231
11 184662
12 76
12 342
12 343
12 345
12 184663
13 3
13 20
13 195
13 1806
13 1808
13 1809
13 1810
13 184664
14 243
14 244
14 245
14 247
14 184665
15 3
15 20
15 195
15 7149
15 7151
15 184666
16 9
16 10
16 11
16 13
16 184667
17 3
17 5
17 20
17 4925
17 4927
17 184668
18 71
18 76
18 190
18 191
18 184669
seqId 529
1 5
1 20
1 82
1 83
1 84
1 115
1 763
1 3948
1 184670
2 27
2 82
2 84
2 114
2 115
2 116
2 118
2 184671
3 5
3 84
3 90
3 91
3 93
3 120
3 121
3 40681
3 184672
4 10
4 126
4 127
4 129
4 184673
5 51
5 195
5 10375
5 10377
5 184674
6 3
6 20
6 195
6 465
6 36747
6 184675
7 9
7 10
7 24
7 26
7 27
7 184676
8 3
8 5
8 20
8 11005
8 11007
8 184677
9 75
9 76
9 77
9 79
9 184678
seqId 530
1 76
1 592
1 593
1 595
1 184679
2 5
2 20
2 98
2 99
2 100
2 3961
2 184680
3 3
3 5
3 20
3 4157
3 10601
3 184681
4 5
4 84
4 90
4 91
4 93
4 121
4 1064
4 32173
4 184682
5 4
5 5
5 99
5 131
5 132
5 133
5 152
5 184683
6 3
6 4
6 5
6 6896
6 6898
6 184684
7 9
7 10
7 11
7 13
7 73979
8 4
8 5
8 99
8 131
8 132
8 133
8 152
8 184685
9 3
9 4
9 5
9 3691
9 3693
9 184686
10 4
10 5
10 90
10 122
10 708
10 713
10 9250
10 31862
10 184687
11 10
11 828
11 829
11 831
11 184688
12 5
12 27
12 99
12 131
12 132
12 133
12 135
12 184689
13 5
13 67
13 55291
13 55294
13 184690
14 51
14 52
14 195
14 14053
14 171406
14 171408
14 184691
15 76
15 342
15 343
15 345
15 73985
16 10
16 283
16 284
16 286
16 73986
17 5
17 20
17 99
17 131
17 132
17 133
17 166
17 73987
18 3
18 5
18 20
18 4345
18 4347
18 184692
19 9
19 10
19 24
19 26
19 27
19 184693
20 5
20 20
20 99
20 133
20 175
20 176
20 1316
20 73989
21 3
21 5
21 20
21 2320
21 2322
21 184694
22 5
22 20
22 202
22 4736
22 33765
22 184695
23 10
23 126
23 127
23 129
23 184696
24 5
24 20
24 99
24 131
24 132
24 133
24 166
24 145933
25 3
25 5
25 20
25 1684
25 13711
25 184697
26 230
26 231
26 232
26 234
26 184698
27 9
27 10
27 11
27 13
27 163
28 99
28 131
28 132
28 133
28 195
28 236
28 237
29 76
29 137
29 138
29 140
29 184699
30 3
30 20
30 195
30 37928
30 60441
30 184700
31 20
31 195
31 202
31 3199
31 4859
31 184701
32 158
32 159
32 160
32 162
32 184702
33 9
33 10
33 11
33 13
33 163
34 5
34 20
34 99
34 131
34 132
34 133
34 165
34 166
35 3
35 5
35 20
35 32317
35 32319
35 184703
36 76
36 185
36 186
36 188
36 184704
seqId 531
1 76
1 592
1 593
1 595
1 184705
2 5
2 27
2 99
2 131
2 132
2 133
2 135
2 184706
3 3
3 4
3 5
3 2532
3 2534
3 184707
4 10
4 283
4 284
4 286
4 184708
5 5
5 20
5 99
5 131
5 132
5 133
5 166
5 184709
6 67
6 52779
6 72014
6 82591
6 82592
6 184710
7 76
7 137
7 138
7 140
7 184711
8 99
8 131
8 132
8 133
8 195
8 1220
8 184712
9 3
9 20
9 195
9 3906
9 71194
9 184713
10 10
10 283
10 284
10 286
10 184714
11 5
11 20
11 99
11 131
11 132
11 133
11 166
11 184715
12 3
12 5
12 20
12 1666
12 1668
12 184716
13 76
13 185
13 186
13 188
13 145958
14 9
14 10
14 11
14 13
14 184717
15 5
15 20
15 67
15 605
15 607
15 184718
16 76
16 342
16 343
16 345
16 184719
17 82
17 758
17 759
17 761
17 184720
18 5
18 84
18 91
18 93
18 121
18 703
18 707
18 956
18 184721
19 3
19 5
19 20
19 11274
19 62022
19 184723
20 10
20 146
20 147
20 149
20 184724
21 4
21 5
21 99
21 115
21 773
21 774
21 775
21 776
21 3330
21 108594
22 3
22 4
22 5
22 81049
22 81051
22 184725
23 10
23 378
23 379
23 381
23 184726
24 51
24 195
24 4934
24 4936
24 184727
25 3
25 20
25 195
25 6913
25 6915
25 184728
26 71
26 76
26 190
26 191
26 184729
seqId 532
1 5
1 20
1 99
1 131
1 132
1 133
1 967
1 184730
2 5
2 20
2 67
2 458
2 1692
2 3213
2 69867
2 167933
2 184731
3 5
3 84
3 90
3 91
3 93
3 121
3 3563
3 65179
3 184732
4 5
4 20
4 99
4 133
4 175
4 176
4 1316
4 184733
5 3
5 5
5 20
5 429
5 431
5 184734
6 5
6 20
6 90
6 122
6 708
6 713
6 5533
6 8486
6 184735
7 10
7 828
7 829
7 831
7 23105
8 5
8 20
8 99
8 131
8 132
8 133
8 166
8 184736
9 5
9 20
9 67
9 52779
9 72014
9 82591
9 184737
10 76
10 342
10 343
10 345
10 184738
11 243
11 244
11 245
11 247
11 23111
12 6151
12 6152
12 6153
12 6155
12 184739
13 10
13 146
13 147
13 149
13 722
14 5
14 20
14 82
14 759
14 1432
14 6157
14 6158
15 99
15 131
15 132
15 133
15 195
15 237
15 184740
16 3
16 20
16 195
16 2217
16 8955
16 184741
17 9
17 10
17 11
17 13
17 184742
18 67
18 601
18 603
18 1197
18 184743
19 51
19 195
19 2686
19 15391
19 184744
20 3
20 20
20 195
20 2034
20 3403
20 184745
21 158
21 159
21 160
21 162
21 184746
22 9
22 10
22 11
22 13
22 163
23 5
23 20
23 99
23 131
23 132
23 133
23 165
23 166
24 5
24 20
24 202
24 38807
24 38809
24 184747
25 5
25 20
25 67
25 37445
25 135367
25 171893
25 184748
26 84
26 90
26 91
26 93
26 121
26 195
26 4338
26 23325
26 184749
27 660
27 15804
27 15805
27 15807
27 184750
28 75
28 76
28 77
28 79
28 184751
29 76
29 137
29 138
29 140
29 184752
30 4
30 5
30 99
30 131
30 132
30 133
30 811
30 184753
31 3
31 4
31 5
31 38982
31 38984
31 184754
32 9
32 10
32 11
32 13
32 184755
33 3
33 20
33 195
33 3906
33 71194
33 184756
34 20
34 195
34 202
34 26382
34 107349
34 184757
35 76
35 185
35 186
35 188
35 184758
36 71
36 76
36 190
36 191
36 184759
seqId 533
1 5
1 27
1 99
1 131
1 132
1 133
1 699
1 184760
2 3
2 5
2 20
2 1650
2 3499
2 184761
3 5
3 84
3 91
3 93
3 121
3 703
3 707
3 956
3 184762
4 944
4 945
4 946
4 948
4 184763
5 5
5 20
5 99
5 131
5 132
5 133
5 166
5 184764
6 5
6 20
6 67
6 37445
6 135367
6 171893
6 184765
7 5
7 84
7 90
7 93
7 121
7 981
7 4415
7 73156
7 184766
8 3
8 5
8 20
8 2034
8 2036
8 184767
9 10
9 146
9 149
9 21976
9 23148
10 3
10 4
10 5
10 5469
10 5471
10 184768
11 4
11 5
11 202
11 28325
11 28327
11 184769
12 158
12 159
12 160
12 162
12 184770
13 9
13 10
13 11
13 13
13 163
14 5
14 20
14 99
14 131
14 132
14 133
14 165
14 166
15 5
15 20
15 67
15 52779
15 72014
15 82591
15 184771
16 71
16 76
16 190
16 191
16 184772
seqId 534
1 5
1 20
1 99
1 131
1 132
1 133
1 967
1 184773
2 5
2 20
2 67
2 37445
2 135367
2 171893
2 184774
3 5
3 84
3 91
3 93
3 121
3 703
3 707
3 956
3 184775
4 10
4 109
4 112
4 1539
4 184776
5 3
5 5
5 20
5 2429
5 2431
5 184777
6 10
6 109
6 110
6 112
6 184778
7 3
7 4
7 5
7 3332
7 3334
7 184779
8 9
8 10
8 24
8 26
8 27
8 184780
9 90
9 443
9 15502
9 32141
9 184781
10 5
10 20
10 99
10 131
10 132
10 133
10 166
10 184782
11 5
11 20
11 67
11 52779
11 72014
11 82591
11 184783
12 10
12 1387
12 1388
12 1390
12 184784
13 13
13 99
13 133
13 175
13 176
13 195
13 184785
14 20
14 195
14 202
14 795
14 2446
14 184786
15 3
15 20
15 195
15 7393
15 36855
15 184787
16 76
16 2265
16 2266
16 2268
16 184788
17 479
17 660
17 184790
17 184791
17 184792
17 184793
18 4
18 5
18 99
18 131
18 132
18 133
18 152
18 184794
19 3
19 4
19 5
19 34518
19 34520
19 184795
20 230
20 231
20 232
20 234
20 184796
21 9
21 10
21 11
21 13
21 163
22 99
22 131
22 132
22 133
22 195
22 236
22 237
23 3
23 20
23 195
23 20293
23 20295
23 184797
24 82
24 758
24 759
24 761
24 184798
25 84
25 91
25 93
25 121
25 195
25 702
25 703
25 1062
25 184799
26 5
26 20
26 90
26 122
26 708
26 769
26 3777
26 4766
26 184800
27 9
27 10
27 24
27 26
27 27
27 184801
28 67
28 72
28 5422
28 14296
28 24729
28 176366
28 178220
28 178221
28 184802
29 5
29 20
29 99
29 133
29 175
29 176
29 1316
29 184803
30 3
30 5
30 20
30 7393
30 7395
30 184804
31 5
31 20
31 202
31 6450
31 6452
31 184805
32 10
32 378
32 379
32 381
32 184806
33 4
33 5
33 99
33 131
33 132
33 133
33 152
33 108694
34 3
34 4
34 5
34 3691
34 3693
34 184807
35 4
35 5
35 202
35 17683
35 40254
35 184808
36 10
36 126
36 127
36 129
36 184809
37 4
37 5
37 99
37 131
37 132
37 133
37 152
37 184810
38 3
38 4
38 5
38 5390
38 184812
38 184813
38 184814
39 4
39 5
39 202
39 30972
39 161323
39 184816
39 184817
40 76
40 2265
40 2266
40 2268
40 184818
41 243
41 244
41 245
41 247
41 23205
42 660
42 2347
42 2348
42 2350
42 184819
43 660
43 10581
43 10582
43 10584
43 184820
44 10
44 828
44 829
44 831
44 184821
45 5
45 20
45 99
45 131
45 132
45 133
45 166
45 184822
46 3
46 5
46 20
46 1320
46 1322
46 184823
47 5
47 20
47 90
47 122
47 708
47 713
47 3686
47 27076
47 184824
48 10
48 828
48 829
48 831
48 184825
49 5
49 27
49 99
49 131
49 132
49 133
49 135
49 184826
50 3
50 4
50 5
50 642
50 23331
50 184827
51 660
51 3261
51 3262
51 3264
51 184828
52 230
52 231
52 232
52 234
52 184829
53 9
53 10
53 11
53 13
53 163
54 99
54 131
54 132
54 133
54 195
54 236
54 237
55 3
55 20
55 195
55 23218
55 37928
55 60441
56 158
56 159
56 160
56 162
56 23219
57 9
57 10
57 11
57 13
57 163
58 5
58 20
58 99
58 131
58 132
58 133
58 165
58 166
59 3
59 5
59 20
59 32317
59 32319
59 184830
60 10
60 283
60 284
60 286
60 184831
61 5
61 20
61 99
61 131
61 132
61 133
61 166
61 23224
62 3
62 5
62 20
62 23225
62 32317
62 32319
63 71
63 76
63 190
63 191
63 74178
seqId 535
1 10
1 109
1 876
1 878
1 184832
2 26
2 27
2 99
2 133
2 175
2 176
2 195
2 184833
3 20
3 195
3 202
3 2294
3 3837
3 184834
4 3
4 20
4 195
4 1866
4 10151
4 184835
5 76
5 342
5 343
5 345
5 184836
6 5
6 20
6 99
6 131
6 132
6 133
6 166
6 184837
7 5
7 20
7 67
7 37445
7 135367
7 171893
7 184838
8 82
8 84
8 114
8 115
8 116
8 1361
8 184839
9 5
9 84
9 90
9 91
9 93
9 121
9 9903
9 10728
9 184840
10 9
10 10
10 11
10 13
10 108732
11 90
11 443
11 8415
11 28349
11 184841
12 717
12 718
12 719
12 721
12 184842
13 10
13 146
13 147
13 149
13 722
14 5
14 20
14 99
14 131
14 132
14 133
14 165
14 166
15 5
15 20
15 67
15 52779
15 72014
15 82591
15 184843
16 10
16 828
16 829
16 831
16 23248
17 5
17 27
17 99
17 131
17 132
17 133
17 135
17 184844
18 3
18 4
18 5
18 1395
18 5941
18 184845
19 9
19 10
19 11
19 13
19 184846
20 5
20 27
20 99
20 131
20 132
20 133
20 135
20 184847
21 3
21 4
21 5
21 108738
21 184849
21 184850
22 9
22 10
22 11
22 13
22 184851
23 3
23 20
23 195
23 3906
23 71194
23 184852
24 10
24 283
24 284
24 286
24 184853
25 99
25 133
25 175
25 176
25 195
25 234
25 184854
26 3
26 20
26 195
26 1666
26 51371
26 184855
27 9
27 10
27 24
27 26
27 27
27 184856
28 660
28 184858
28 184859
28 184860
28 184861
29 76
29 2265
29 2266
29 2268
29 184862
30 10
30 283
30 284
30 286
30 184863
31 20
31 82
31 84
31 98
31 100
31 102
31 184864
32 82
32 758
32 759
32 761
32 184865
33 5
33 84
33 91
33 93
33 703
33 707
33 708
33 16941
33 184866
34 76
34 342
34 343
34 345
34 184867
35 660
35 184858
35 184859
35 184861
35 184868
36 76
36 342
36 343
36 345
36 184869
37 5
37 20
37 99
37 133
37 175
37 176
37 1316
37 184870
38 3
38 5
38 20
38 1666
38 1668
38 184871
39 71
39 76
39 190
39 191
39 184872
seqId 536
1 76
1 592
1 593
1 595
1 184873
2 5
2 27
2 99
2 131
2 132
2 133
2 135
2 184874
3 3
3 5
3 20
3 4157
3 10601
3 184875
4 76
4 137
4 138
4 140
4 184876
5 3
5 20
5 195
5 37928
5 60441
5 184877
6 158
6 159
6 160
6 162
6 184878
7 9
7 10
7 11
7 13
7 163
8 5
8 20
8 99
8 131
8 132
8 133
8 165
8 166
9 3
9 5
9 20
9 32317
9 32319
9 184879
10 76
10 185
10 186
10 188
10 184880
11 5
11 84
11 91
11 92
11 93
11 703
11 707
11 16563
11 184881
12 660
12 1622
12 1623
12 1625
12 184882
13 5
13 20
13 99
13 131
13 132
13 133
13 166
13 184883
14 3
14 5
14 20
14 1905
14 1907
14 184884
15 82
15 759
15 5284
15 5286
15 184885
16 90
16 443
16 3969
16 3971
16 184886
17 99
17 131
17 132
17 133
17 195
17 237
17 184887
18 4
18 195
18 202
18 14709
18 14711
18 184888
19 3
19 4
19 195
19 2818
19 2820
19 184889
20 4
20 195
20 202
20 6690
20 9241
20 184890
21 230
21 231
21 232
21 234
21 184891
22 9
22 10
22 11
22 13
22 163
23 99
23 131
23 132
23 133
23 195
23 236
23 237
24 3
24 20
24 195
24 2034
24 3403
24 184892
25 158
25 159
25 160
25 162
25 23296
26 9
26 10
26 11
26 13
26 163
27 5
27 20
27 99
27 131
27 132
27 133
27 165
27 166
28 3
28 5
28 20
28 4434
28 4436
28 184893
29 10
29 109
29 110
29 112
29 184894
30 3
30 4
30 5
30 4550
30 8014
30 184895
31 9
31 10
31 24
31 26
31 27
31 184896
32 3
32 4
32 5
32 18168
32 18422
32 74285
33 244
33 418
33 419
33 421
33 74286
34 9
34 10
34 11
34 13
34 184897
35 3
35 4
35 5
35 25222
35 25224
35 184898
36 9
36 10
36 11
36 13
36 146146
37 3
37 4
37 195
37 2773
37 2775
37 184899
38 71
38 76
38 190
38 191
38 184900
seqId 537
1 99
1 131
1 132
1 133
1 195
1 1220
1 184901
2 3
2 4
2 195
2 10184
2 10186
2 184902
3 9
3 10
3 11
3 13
3 184903
4 3
4 4
4 5
4 8842
4 9174
4 184904
5 9
5 10
5 24
5 26
5 27
5 184905
6 4
6 5
6 99
6 133
6 175
6 176
6 178
6 184906
7 3
7 4
7 5
7 2773
7 39628
7 184907
8 76
8 342
8 343
8 345
8 184908
9 9
9 10
9 24
9 26
9 27
9 184909
10 5
10 20
10 99
10 133
10 175
10 176
10 1316
10 184910
11 3
11 5
11 20
11 32869
11 32871
11 184911
12 158
12 159
12 160
12 162
12 184912
13 9
13 10
13 11
13 13
13 163
14 5
14 20
14 99
14 131
14 132
14 133
14 165
14 166
15 3
15 5
15 20
15 32317
15 32319
15 184913
16 76
16 342
16 343
16 345
16 184914
17 84
17 90
17 91
17 93
17 121
17 195
17 9952
17 58631
17 184915
18 4
18 5
18 99
18 133
18 175
18 176
18 178
18 184916
19 3
19 4
19 5
19 4550
19 8014
19 184917
20 4
20 5
20 202
20 29232
20 114795
20 184918
21 76
21 342
21 343
21 345
21 184919
22 10
22 109
22 110
22 112
22 184920
23 4
23 5
23 202
23 2481
23 58605
23 184921
24 3
24 4
24 5
24 1784
24 10502
24 184922
25 76
25 342
25 343
25 345
25 184923
26 9
26 10
26 11
26 13
26 184924
27 4
27 5
27 99
27 131
27 132
27 133
27 152
27 184925
28 3
28 4
28 5
28 13569
28 22485
28 184926
29 4
29 5
29 202
29 838
29 23221
29 106942
29 184927
30 71
30 76
30 190
30 191
30 184928
seqId 538
1 5
1 20
1 82
1 83
1 84
1 115
1 763
1 3948
1 184929
2 27
2 82
2 84
2 114
2 115
2 116
2 118
2 184930
3 5
3 84
3 90
3 91
3 92
3 93
3 96
3 1815
3 29773
3 184931
4 660
4 30602
4 30603
4 30605
4 184932
5 9
5 10
5 24
5 26
5 27
5 184933
6 90
6 443
6 2990
6 34548
6 184934
7 4
7 5
7 99
7 133
7 175
7 176
7 178
7 184935
8 3
8 4
8 5
8 11475
8 11477
8 184936
9 10
9 146
9 147
9 149
9 184937
10 4
10 5
10 99
10 131
10 132
10 133
10 152
10 23350
11 3
11 4
11 5
11 3691
11 3693
11 184938
12 10
12 126
12 127
12 129
12 184939
13 98
13 99
13 100
13 195
13 2073
13 184940
14 3
14 4
14 195
14 5859
14 14468
14 184941
15 9
15 10
15 24
15 26
15 27
15 184942
16 3
16 4
16 5
16 18168
16 18422
16 184943
17 71
17 76
17 190
17 191
17 184944
seqId 539
1 76
1 592
1 593
1 595
1 184945
2 5
2 20
2 99
2 133
2 175
2 176
2 1316
2 184946
3 5
3 20
3 202
3 6111
3 6113
3 184947
4 3
4 5
4 20
4 4157
4 10601
4 184948
5 5
5 84
5 91
5 93
5 121
5 703
5 707
5 956
5 184949
6 660
6 6286
6 6287
6 6289
6 184950
7 5
7 20
7 202
7 123150
7 123152
7 184952
8 10
8 146
8 147
8 149
8 23366
9 4
9 5
9 99
9 131
9 132
9 133
9 152
9 184953
10 3
10 4
10 5
10 4900
10 4902
10 184954
11 230
11 231
11 232
11 234
11 184955
12 9
12 10
12 11
12 13
12 163
13 99
13 131
13 132
13 133
13 195
13 236
13 237
14 3
14 20
14 195
14 7149
14 7151
14 184956
15 20
15 90
15 122
15 195
15 708
15 713
15 9250
15 58963
15 184957
16 10
16 283
16 284
16 286
16 184958
17 4
17 5
17 99
17 133
17 175
17 176
17 178
17 74371
18 3
18 4
18 5
18 15
18 17
18 184959
19 717
19 718
19 719
19 721
19 184960
20 10
20 146
20 147
20 149
20 722
21 5
21 20
21 99
21 131
21 132
21 133
21 165
21 166
22 3
22 5
22 20
22 6686
22 6688
22 184961
23 67
23 31939
23 31940
23 31942
23 184962
24 243
24 244
24 245
24 247
24 184963
25 3
25 5
25 20
25 2468
25 11709
25 94672
25 184965
26 71
26 76
26 190
26 191
26 184966
seqId 540
1 5
1 20
1 82
1 83
1 84
1 115
1 763
1 3948
1 184967
2 5
2 84
2 90
2 91
2 93
2 121
2 2333
2 2335
2 184968
3 9
3 10
3 24
3 26
3 27
3 184969
4 90
4 443
4 9069
4 9071
4 184970
5 5
5 27
5 99
5 131
5 132
5 133
5 135
5 184971
6 3
6 4
6 5
6 33906
6 33908
6 184972
7 10
7 126
7 127
7 129
7 184973
8 5
8 20
8 99
8 131
8 132
8 133
8 166
8 184974
9 3
9 5
9 20
9 72
9 72
9 873
9 3830
9 184976
9 184977
9 184978
10 5
10 20
10 202
10 22258
10 125238
10 184979
11 9
11 10
11 11
11 13
11 74391
12 4
12 5
12 99
12 131
12 132
12 133
12 152
12 184980
13 3
13 4
13 5
13 13569
13 22485
13 184981
14 10
14 1605
14 1606
14 1608
14 184982
15 3
15 5
15 20
15 1666
15 1668
15 184983
16 243
16 244
16 245
16 247
16 184984
17 5
17 20
17 90
17 122
17 708
17 713
17 3906
17 32319
17 184985
18 76
18 342
18 343
18 345
18 184986
19 10
19 126
19 127
19 129
19 184987
20 99
20 131
20 132
20 133
20 195
20 237
20 184988
21 3
21 4
21 195
21 10184
21 10186
21 184989
22 9
22 10
22 11
22 13
22 184990
23 3
23 4
23 5
23 42984
23 42986
23 184991
24 76
24 413
24 414
24 416
24 184992
25 244
25 418
25 419
25 421
25 184993
26 9
26 10
26 11
26 13
26 184994
27 3
27 4
27 5
27 72
27 2274
27 184996
27 184997
27 184998
27 184999
28 76
28 433
28 434
28 436
28 185000
29 158
29 159
29 160
29 162
29 185001
30 9
30 10
30 11
30 13
30 163
31 5
31 20
31 99
31 131
31 132
31 133
31 165
31 166
32 3
32 5
32 20
32 32317
32 32319
32 185002
33 71
33 76
33 190
33 191
33 185003
seqId 541
1 5
1 20
1 82
1 83
1 84
1 115
1 763
1 3948
1 185004
2 5
2 84
2 90
2 91
2 92
2 93
2 702
2 63087
2 185005
3 660
3 19069
3 19070
3 19072
3 185006
4 660
4 1622
4 1623
4 1625
4 185007
5 10
5 378
5 379
5 381
5 185008
6 3
6 5
6 20
6 1650
6 3499
6 185009
7 9
7 10
7 24
7 26
7 27
7 185010
8 90
8 443
8 56719
8 146255
8 185012
9 99
9 131
9 132
9 133
9 195
9 237
9 185013
10 4
10 195
10 202
10 22623
10 54010
10 185014
11 3
11 4
11 195
11 5859
11 14468
11 185015
12 4
12 90
12 122
12 195
12 708
12 713
12 19582
12 59963
12 185016
13 10
13 146
13 147
13 149
13 185017
14 90
14 443
14 54376
14 54378
14 185018
15 5
15 20
15 99
15 131
15 132
15 133
15 166
15 185019
16 3
16 5
16 20
16 2723
16 2725
16 185020
17 27
17 944
17 945
17 1463
17 3308
17 185021
18 4
18 5
18 99
18 133
18 175
18 176
18 178
18 185022
19 3
19 4
19 5
19 15
19 17
19 185023
20 5
20 20
20 90
20 122
20 708
20 713
20 10796
20 36031
20 185024
21 10
21 1605
21 1606
21 1608
21 185025
22 99
22 133
22 175
22 176
22 195
22 234
22 185026
23 3
23 4
23 195
23 22957
23 22959
23 185027
24 4
24 195
24 202
24 21185
24 21187
24 185028
25 243
25 244
25 245
25 247
25 185029
26 99
26 133
26 175
26 176
26 195
26 234
26 185030
27 3
27 20
27 195
27 7393
27 36855
27 185031
28 20
28 90
28 122
28 195
28 340
28 708
28 713
28 107131
28 185033
28 185034
29 10
29 283
29 284
29 286
29 185035
30 5
30 20
30 99
30 131
30 132
30 133
30 166
30 185036
31 3
31 5
31 20
31 32317
31 32319
31 185037
32 71
32 76
32 190
32 191
32 185038
seqId 542
1 3
1 20
1 195
1 340
1 4862
1 39097
1 185039
seqId 543
1 5
1 20
1 82
1 83
1 84
1 115
1 763
1 3948
1 185040
2 5
2 84
2 90
2 91
2 93
2 121
2 1274
2 1276
2 185041
3 9
3 10
3 26
3 27
3 1539
3 185042
4 3
4 5
4 20
4 7120
4 7122
4 185043
5 99
5 133
5 175
5 176
5 195
5 234
5 74457
6 3
6 20
6 195
6 4862
6 4864
6 185044
7 10
7 1387
7 1388
7 1390
7 185045
8 99
8 133
8 175
8 176
8 195
8 234
8 185046
9 3
9 4
9 195
9 347
9 349
9 185047
10 4
10 195
10 202
10 340
10 3414
10 16682
10 185048
11 75
11 76
11 77
11 79
11 185049
12 90
12 91
12 93
12 121
12 195
12 4941
12 7795
12 7799
12 71574
12 185050
13 944
13 945
13 946
13 948
13 185051
14 5
14 20
14 99
14 131
14 132
14 133
14 166
14 185052
15 3
15 5
15 20
15 4862
15 9651
15 185053
16 10
16 1605
16 1606
16 1608
16 185054
17 5
17 27
17 99
17 131
17 132
17 133
17 135
17 185055
18 3
18 4
18 5
18 597
18 599
18 185056
19 67
19 601
19 603
19 1197
19 185057
20 51
20 195
20 2686
20 15391
20 185058
21 243
21 244
21 245
21 247
21 185059
22 4
22 5
22 99
22 131
22 132
22 133
22 152
22 185060
23 3
23 4
23 5
23 174606
23 174608
23 185061
24 67
24 72
24 6363
24 135196
24 140864
24 140865
24 185062
25 5
25 84
25 91
25 93
25 121
25 703
25 707
25 956
25 185063
26 660
26 13091
26 13092
26 13094
26 185064
27 5
27 20
27 90
27 122
27 708
27 713
27 3433
27 80311
27 185065
28 10
28 828
28 829
28 831
28 185066
29 99
29 133
29 175
29 176
29 195
29 234
29 185067
30 3
30 20
30 195
30 2034
30 3403
30 185068
31 158
31 159
31 160
31 162
31 185069
32 9
32 10
32 11
32 13
32 163
33 5
33 20
33 99
33 131
33 132
33 133
33 165
33 166
34 5
34 20
34 202
34 38807
34 38809
34 185070
35 5
35 20
35 67
35 37445
35 135367
35 171893
35 185071
36 76
36 342
36 343
36 345
36 185072
37 660
37 6695
37 6696
37 6698
37 185073
38 67
38 174157
38 174159
38 174797
38 185074
39 67
39 407
39 174800
39 174801
39 174803
39 185075
40 71
40 76
40 190
40 191
40 185076
seqId 544
1 27
1 42
1 99
1 133
1 175
1 176
1 195
1 185077
2 20
2 195
2 202
2 2294
2 3837
2 185078
3 3
3 20
3 195
3 10402
3 10404
3 185079
4 84
4 91
4 93
4 121
4 195
4 703
4 707
4 1858
4 185080
5 20
5 90
5 122
5 195
5 708
5 713
5 4530
5 4532
5 185081
6 10
6 1387
6 1388
6 1390
6 185082
7 99
7 131
7 132
7 133
7 195
7 237
7 185083
8 3
8 4
8 195
8 9795
8 48225
8 185084
9 4
9 195
9 202
9 340
9 3001
9 49788
9 185086
10 76
10 413
10 414
10 416
10 185087
11 3
11 5
11 20
11 9758
11 9760
11 185088
12 9
12 10
12 11
12 13
12 185089
13 67
13 601
13 603
13 1197
13 185090
14 76
14 433
14 434
14 436
14 185091
15 71
15 76
15 190
15 191
15 185092
seqId 545
1 660
1 976
1 7272
1 7274
1 185093
2 5
2 20
2 99
2 131
2 132
2 133
2 166
2 185094
3 5
3 20
3 67
3 458
3 1692
3 3213
3 69867
3 167933
3 185095
4 5
4 84
4 91
4 93
4 121
4 702
4 703
4 705
4 185096
5 5
5 20
5 90
5 122
5 708
5 769
5 2832
5 5688
5 185097
6 4
6 5
6 99
6 133
6 175
6 176
6 178
6 185098
7 3
7 4
7 5
7 6862
7 6864
7 185099
8 9
8 10
8 24
8 26
8 27
8 185100
9 3
9 4
9 195
9 1395
9 1397
9 185101
10 10
10 126
10 127
10 129
10 185102
11 76
11 137
11 138
11 140
11 185103
12 3
12 20
12 195
12 340
12 15396
12 145101
12 185105
13 243
13 244
13 245
13 247
13 185106
14 3
14 4
14 5
14 78230
14 78232
14 185107
15 4
15 5
15 202
15 302
15 304
15 185108
16 76
16 185
16 186
16 188
16 185109
17 10
17 283
17 284
17 286
17 185110
18 5
18 20
18 99
18 131
18 132
18 133
18 166
18 185111
19 3
19 5
19 20
19 4345
19 4347
19 185112
20 9
20 10
20 11
20 13
20 185113
21 5
21 99
21 115
21 773
21 774
21 775
21 776
21 778
21 185114
22 3
22 5
22 20
22 2863
22 2865
22 185115
23 5
23 20
23 202
23 5335
23 8517
23 185116
24 10
24 109
24 110
24 112
24 185117
25 3
25 5
25 20
25 8779
25 8781
25 185118
26 51
26 195
26 4167
26 4169
26 185119
27 717
27 718
27 719
27 721
27 109042
28 10
28 146
28 147
28 149
28 722
29 5
29 20
29 99
29 131
29 132
29 133
29 165
29 166
30 5
30 20
30 67
30 63555
30 185121
30 185122
30 185123
31 71
31 76
31 190
31 191
31 185124
seqId 546
1 10
1 109
1 876
1 878
1 185125
2 5
2 20
2 202
2 4294
2 58878
2 185126
3 3
3 5
3 20
3 1905
3 1907
3 185127
4 76
4 342
4 343
4 345
4 185128
5 82
5 83
5 115
5 195
5 4940
5 4941
5 28267
5 185129
6 90
6 91
6 93
6 121
6 195
6 4941
6 7795
6 7799
6 71574
6 185130
7 72
7 660
7 28422
7 33655
7 33656
7 33658
7 185131
8 99
8 131
8 132
8 133
8 195
8 237
8 185132
9 3
9 20
9 195
9 4862
9 4864
9 185133
10 230
10 231
10 232
10 234
10 185134
11 9
11 10
11 11
11 13
11 163
12 99
12 131
12 132
12 133
12 195
12 236
12 237
13 3
13 20
13 195
13 2034
13 3403
13 185135
14 158
14 159
14 160
14 162
14 185136
15 9
15 10
15 11
15 13
15 163
16 5
16 20
16 99
16 131
16 132
16 133
16 165
16 166
17 5
17 20
17 202
17 38807
17 38809
17 185137
18 5
18 20
18 67
18 37445
18 135367
18 171893
18 185138
19 10
19 1387
19 1388
19 1390
19 185139
20 26
20 27
20 99
20 133
20 175
20 176
20 195
20 185140
21 4
21 195
21 202
21 2294
21 3837
21 185141
22 3
22 4
22 195
22 642
22 644
22 185142
23 75
23 76
23 77
23 79
23 185143
seqId 547
1 67
1 452
1 15151
1 15152
1 185144
2 67
2 48669
2 175594
2 175595
2 175597
2 185145
3 5
3 84
3 91
3 93
3 121
3 703
3 707
3 956
3 185146
4 3
4 5
4 20
4 2034
4 2036
4 185147
5 5
5 20
5 90
5 122
5 708
5 713
5 3372
5 6990
5 23580
6 158
6 159
6 160
6 162
6 74587
7 9
7 10
7 11
7 13
7 163
8 5
8 20
8 99
8 131
8 132
8 133
8 165
8 166
9 5
9 20
9 36
9 67
9 5933
9 18530
9 185149
9 185150
9 185151
10 76
10 413
10 414
10 416
10 185152
11 3
11 5
11 20
11 217
11 219
11 185153
12 9
12 10
12 24
12 26
12 27
12 185154
13 3
13 4
13 195
13 1395
13 1397
13 185155
14 10
14 109
14 110
14 112
14 185156
15 3
15 4
15 195
15 313
15 6526
15 185157
16 4
16 195
16 202
16 322
16 324
16 185158
17 158
17 159
17 160
17 162
17 185159
18 9
18 10
18 11
18 13
18 163
19 5
19 20
19 99
19 131
19 132
19 133
19 165
19 166
20 3
20 5
20 20
20 168724
20 168726
20 185160
21 76
21 342
21 343
21 345
21 185161
22 64
22 67
22 47596
22 47605
22 47606
22 47608
22 185162
23 76
23 433
23 434
23 436
23 185163
24 71
24 76
24 190
24 191
24 185164
seqId 548
1 4
1 5
1 82
1 83
1 84
1 115
1 763
1 4750
1 185165
2 5
2 84
2 90
2 91
2 93
2 121
2 4338
2 4740
2 185166
3 10
3 146
3 147
3 149
3 185167
4 4
4 5
4 99
4 133
4 175
4 176
4 178
4 23600
5 4
5 5
5 202
5 795
5 8936
5 185168
6 3
6 4
6 5
6 15
6 17
6 185169
7 4
7 5
7 202
7 3386
7 6768
7 185170
8 90
8 121
8 122
8 4379
8 4381
8 185171
9 10
9 126
9 127
9 129
9 185172
10 99
10 131
10 132
10 133
10 195
10 237
10 185173
11 3
11 4
11 195
11 3615
11 35716
11 185174
12 9
12 10
12 11
12 13
12 185175
13 27
13 82
13 84
13 114
13 115
13 116
13 118
13 185176
14 90
14 443
14 12304
14 185178
14 185179
15 243
15 244
15 245
15 247
15 185180
16 9
16 10
16 11
16 13
16 23616
17 90
17 443
17 165258
17 185182
17 185183
18 99
18 131
18 132
18 133
18 195
18 237
18 185184
19 3
19 20
19 195
19 13036
19 13038
19 185185
20 2822
20 2823
20 2824
20 2826
20 185186
21 10
21 146
21 147
21 149
21 722
22 99
22 131
22 132
22 133
22 195
22 236
22 237
23 3
23 4
23 195
23 19680
23 19682
23 185187
24 9
24 10
24 11
24 13
24 185188
25 4
25 5
25 99
25 131
25 132
25 133
25 152
25 185189
26 3
26 4
26 5
26 3162
26 5832
26 185190
27 76
27 342
27 343
27 345
27 185191
28 9
28 10
28 11
28 13
28 185192
29 4
29 5
29 99
29 131
29 132
29 133
29 152
29 185193
30 3
30 4
30 5
30 4447
30 4449
30 185194
31 158
31 159
31 160
31 162
31 185195
32 9
32 10
32 11
32 13
32 163
33 5
33 20
33 99
33 131
33 132
33 133
33 165
33 166
34 5
34 20
34 202
34 1718
34 57849
34 185196
35 3
35 5
35 20
35 15215
35 65093
35 131674
35 185197
36 10
36 146
36 147
36 149
36 185198
37 5
37 27
37 99
37 131
37 132
37 133
37 135
37 185199
38 3
38 4
38 5
38 3576
38 3578
38 146508
39 4
39 5
39 202
39 140235
39 144993
39 185200
40 76
40 342
40 343
40 345
40 185201
41 3
41 5
41 20
41 429
41 431
41 185202
42 5
42 20
42 90
42 122
42 708
42 713
42 9726
42 9728
42 185203
43 10
43 828
43 829
43 831
43 185204
44 67
44 185206
44 185207
44 185208
44 185209
45 42
45 67
45 4559
45 43005
45 185211
45 185212
45 185213
46 76
46 413
46 414
46 416
46 185214
47 67
47 185216
47 185217
47 185218
47 185219
48 76
48 433
48 434
48 436
48 185220
49 76
49 342
49 343
49 345
49 185221
50 67
50 12519
50 12520
50 12522
50 185222
51 67
51 9565
51 51513
51 185224
51 185225
51 185226
52 76
52 413
52 414
52 416
52 185227
53 3
53 4
53 5
53 597
53 599
53 185228
54 4
54 5
54 202
54 48429
54 48431
54 185229
55 9
55 10
55 11
55 13
55 185230
56 67
56 72
56 72
56 402
56 48437
56 111432
56 185232
56 185233
56 185234
57 76
57 433
57 434
57 436
57 185235
58 243
58 244
58 245
58 247
58 185236
59 67
59 138388
59 138389
59 138391
59 185237
60 67
60 1047
60 69765
60 69766
60 69768
60 185238
61 76
61 413
61 414
61 416
61 185239
62 67
62 34231
62 56095
62 91664
62 91665
62 185240
63 76
63 433
63 434
63 436
63 185241
64 71
64 76
64 190
64 191
64 185242
seqId 549
1 4
1 5
1 82
1 83
1 84
1 115
1 763
1 4750
1 185243
2 5
2 84
2 91
2 93
2 121
2 703
2 707
2 956
2 185244
3 660
3 1622
3 1623
3 1625
3 185245
4 4
4 5
4 90
4 122
4 708
4 713
4 3372
4 24510
4 185246
5 10
5 146
5 147
5 149
5 185247
6 4
6 5
6 99
6 133
6 175
6 176
6 178
6 74667
7 3
7 4
7 5
7 7388
7 27055
7 185248
8 10
8 126
8 127
8 129
8 185249
9 99
9 131
9 132
9 133
9 195
9 237
9 185250
10 3
10 20
10 195
10 340
10 185252
10 185253
10 185254
11 243
11 244
11 245
11 247
11 185255
12 3
12 20
12 195
12 340
12 55169
12 102517
12 130136
12 185257
12 185258
13 2822
13 2823
13 2824
13 2826
13 185259
14 10
14 146
14 147
14 149
14 722
15 99
15 131
15 132
15 133
15 195
15 236
15 237
16 3
16 4
16 195
16 3576
16 178114
16 185260
17 4
17 5
17 202
17 168118
17 168120
17 185261
18 243
18 244
18 245
18 247
18 185262
19 4
19 5
19 202
19 140235
19 144993
19 185263
20 76
20 342
20 343
20 345
20 185264
21 82
21 758
21 759
21 761
21 185265
22 5
22 84
22 90
22 91
22 93
22 121
22 3372
22 6654
22 146552
23 5
23 20
23 99
23 131
23 132
23 133
23 166
23 185266
24 5
24 20
24 36
24 67
24 1692
24 37859
24 47596
24 78493
24 185268
24 185269
25 76
25 342
25 343
25 345
25 185270
26 5
26 20
26 99
26 131
26 132
26 133
26 166
26 185271
27 5
27 20
27 67
27 5618
27 90868
27 91510
27 185273
27 185274
28 243
28 244
28 245
28 247
28 185275
29 5
29 20
29 99
29 131
29 132
29 133
29 166
29 185276
30 5
30 20
30 36
30 67
30 38300
30 185278
30 185279
30 185280
31 71
31 76
31 190
31 191
31 185281
seqId 550
1 67
1 174157
1 174159
1 174797
1 185282
2 67
2 407
2 174800
2 174801
2 174803
2 185283
3 5
3 72
3 84
3 90
3 91
3 93
3 121
3 5390
3 32018
3 51964
3 185284
4 5
4 20
4 99
4 133
4 175
4 176
4 1316
4 185285
5 3
5 5
5 20
5 2863
5 2865
5 185286
6 10
6 126
6 127
6 129
6 185287
7 5
7 27
7 99
7 131
7 132
7 133
7 135
7 185288
8 3
8 4
8 5
8 14686
8 14688
8 185289
9 9
9 10
9 11
9 13
9 185290
10 67
10 601
10 603
10 1197
10 185291
11 10
11 146
11 147
11 149
11 185292
12 5
12 27
12 99
12 131
12 132
12 133
12 135
12 185293
13 5
13 67
13 5978
13 47596
13 75755
13 175147
13 185294
14 71
14 76
14 190
14 191
14 185295
seqId 551
1 67
1 16435
1 16436
1 16438
1 185296
2 67
2 20904
2 114603
2 178134
2 178135
2 185297
3 5
3 84
3 91
3 93
3 121
3 703
3 707
3 956
3 185298
4 3
4 5
4 20
4 2034
4 2036
4 185299
5 158
5 159
5 160
5 162
5 185300
6 9
6 10
6 11
6 13
6 163
7 5
7 20
7 99
7 131
7 132
7 133
7 165
7 166
8 3
8 5
8 20
8 13609
8 13611
8 185301
9 9
9 10
9 11
9 13
9 185302
10 3
10 4
10 15
10 195
10 4121
10 185303
11 67
11 48317
11 48318
11 48320
11 48321
11 185304
12 90
12 443
12 923
12 1587
12 185306
12 185307
13 10
13 283
13 284
13 286
13 185308
14 5
14 20
14 99
14 131
14 132
14 133
14 166
14 185309
15 3
15 5
15 20
15 48321
15 48328
15 185311
15 185312
15 185313
16 10
16 1387
16 1388
16 1390
16 185314
17 67
17 96
17 10985
17 67777
17 185316
17 185317
17 185318
18 67
18 2901
18 11594
18 52856
18 142139
18 185320
18 185321
18 185322
19 76
19 413
19 414
19 416
19 185323
20 67
20 71
20 1258
20 50786
20 139265
20 185324
21 67
21 605
21 607
21 1199
21 185325
22 76
22 342
22 343
22 345
22 185326
23 67
23 37401
23 63469
23 178971
23 178972
23 185327
24 76
24 433
24 434
24 436
24 185328
25 76
25 342
25 343
25 345
25 185329
26 67
26 138953
26 138954
26 138956
26 185330
27 67
27 52180
27 138187
27 142139
27 185332
27 185333
27 185334
28 76
28 413
28 414
28 416
28 185335
29 67
29 71
29 1258
29 50786
29 139265
29 185336
30 67
30 158165
30 158166
30 158168
30 185337
31 76
31 433
31 434
31 436
31 185338
32 76
32 342
32 343
32 345
32 185339
33 67
33 836
33 11556
33 11557
33 185340
34 67
34 185342
34 185343
34 185344
34 185345
35 67
35 185347
35 185348
35 185349
35 185350
35 185351
36 76
36 413
36 414
36 416
36 185352
37 67
37 71
37 1258
37 50786
37 139265
37 185353
38 67
38 143429
38 143430
38 143432
38 185354
39 76
39 433
39 434
39 436
39 185355
40 243
40 244
40 245
40 247
40 74733
41 67
41 1024
41 1026
41 62219
41 185356
42 67
42 5358
42 7291
42 92389
42 185358
42 185359
42 185360
43 76
43 413
43 414
43 416
43 185361
44 67
44 41961
44 41962
44 41964
44 185362
45 76
45 433
45 434
45 436
45 185363
46 71
46 76
46 190
46 191
46 185364
seqId 552
1 67
1 128840
1 128841
1 128843
1 185365
2 67
2 75484
2 75485
2 75487
2 75488
2 185366
3 5
3 84
3 90
3 91
3 93
3 121
3 4338
3 4740
3 23730
4 10
4 1010
4 1011
4 1013
4 185367
5 67
5 452
5 15151
5 15152
5 185368
6 67
6 48669
6 175594
6 175595
6 175597
6 185369
7 717
7 718
7 719
7 721
7 185370
8 10
8 146
8 147
8 149
8 722
9 5
9 20
9 99
9 131
9 132
9 133
9 165
9 166
10 3
10 5
10 20
10 429
10 431
10 185371
11 10
11 126
11 127
11 129
11 185372
12 99
12 131
12 132
12 133
12 195
12 237
12 185373
13 3
13 20
13 195
13 340
13 185252
13 185254
13 185374
14 243
14 244
14 245
14 247
14 185375
15 3
15 20
15 195
15 340
15 55169
15 102517
15 130136
15 185257
15 185376
16 2822
16 2823
16 2824
16 2826
16 185377
17 10
17 146
17 147
17 149
17 722
18 99
18 131
18 132
18 133
18 195
18 236
18 237
19 3
19 4
19 195
19 3576
19 178114
19 185378
20 4
20 5
20 202
20 168118
20 168120
20 185379
21 243
21 244
21 245
21 247
21 109268
22 4
22 5
22 202
22 140235
22 144993
22 185380
23 71
23 76
23 190
23 191
23 185381
seqId 553
1 4
1 5
1 82
1 83
1 84
1 115
1 763
1 4750
1 185382
2 5
2 84
2 91
2 93
2 121
2 703
2 707
2 956
2 185383
3 10
3 109
3 112
3 1539
3 185384
4 660
4 4185
4 4186
4 4188
4 185385
5 4
5 5
5 90
5 122
5 708
5 713
5 9250
5 31862
5 185386
6 10
6 283
6 284
6 286
6 185387
7 5
7 20
7 99
7 131
7 132
7 133
7 166
7 185388
8 3
8 5
8 20
8 429
8 431
8 185389
9 67
9 5929
9 5930
9 5932
9 5933
9 185390
10 67
10 340
10 43213
10 70810
10 97960
10 118241
10 185392
10 185393
10 185394
11 76
11 413
11 414
11 416
11 185395
12 5
12 20
12 90
12 122
12 708
12 713
12 4379
12 5722
12 185396
13 10
13 828
13 829
13 831
13 185397
14 67
14 87658
14 87659
14 87661
14 185398
15 67
15 185400
15 185401
15 185402
15 185403
16 76
16 433
16 434
16 436
16 185404
17 10
17 126
17 127
17 129
17 185405
18 4
18 5
18 99
18 131
18 132
18 133
18 152
18 185406
19 3
19 4
19 5
19 13212
19 13214
19 185407
20 243
20 244
20 245
20 247
20 185408
21 5
21 27
21 99
21 131
21 132
21 133
21 135
21 185409
22 3
22 4
22 5
22 98158
22 98160
22 185410
23 230
23 231
23 232
23 234
23 185411
24 9
24 10
24 11
24 13
24 163
25 99
25 131
25 132
25 133
25 195
25 236
25 237
26 3
26 20
26 195
26 43423
26 43425
26 185412
27 20
27 195
27 202
27 340
27 161178
27 161180
27 185414
28 230
28 231
28 232
28 234
28 109325
29 9
29 10
29 11
29 13
29 163
30 99
30 131
30 132
30 133
30 195
30 236
30 237
31 3
31 20
31 195
31 23221
31 23223
31 185415
32 20
32 90
32 122
32 195
32 708
32 713
32 68447
32 102638
32 185416
33 10
33 283
33 284
33 286
33 185417
34 5
34 99
34 115
34 773
34 775
34 776
34 2192
34 3593
34 185418
35 3
35 5
35 19
35 20
35 105
35 109331
36 67
36 5933
36 32572
36 32573
36 32575
36 185419
37 71
37 76
37 190
37 191
37 185420
seqId 554
1 4
1 5
1 82
1 83
1 84
1 115
1 763
1 4750
1 185421
2 5
2 84
2 90
2 91
2 93
2 121
2 54496
2 66923
2 185422
3 660
3 1622
3 1623
3 1625
3 185423
4 717
4 718
4 719
4 721
4 185424
5 10
5 146
5 147
5 149
5 722
6 5
6 20
6 99
6 131
6 132
6 133
6 165
6 166
7 3
7 5
7 20
7 429
7 431
7 185425
8 67
8 6746
8 31833
8 111213
8 179610
8 179611
8 185426
9 76
9 413
9 414
9 416
9 185427
10 3
10 4
10 5
10 18168
10 18422
10 185428
11 4
11 5
11 202
11 12971
11 12973
11 185429
12 9
12 10
12 11
12 13
12 185430
13 4
13 5
13 99
13 131
13 132
13 133
13 152
13 185431
14 4
14 5
14 202
14 784
14 786
14 185432
15 3
15 4
15 5
15 18168
15 18422
15 185433
16 9
16 10
16 11
16 13
16 74805
17 5
17 27
17 99
17 131
17 132
17 133
17 135
17 185434
18 3
18 4
18 5
18 18160
18 179626
18 185435
19 9
19 10
19 11
19 13
19 185436
20 67
20 41061
20 41062
20 41064
20 185437
21 243
21 244
21 245
21 247
21 185438
22 9
22 10
22 24
22 26
22 27
22 185439
23 67
23 1026
23 57393
23 185441
23 185442
23 185443
23 185444
24 76
24 433
24 434
24 436
24 185445
25 243
25 244
25 245
25 247
25 185446
26 5
26 84
26 90
26 91
26 93
26 121
26 702
26 705
26 185447
27 85
27 99
27 195
27 638
27 640
27 185448
28 3
28 20
28 195
28 429
28 4265
28 185449
29 10
29 109
29 110
29 112
29 185450
30 3
30 4
30 5
30 4107
30 4109
30 185451
31 10
31 1387
31 1388
31 1390
31 185452
32 5
32 27
32 99
32 131
32 132
32 133
32 135
32 185453
33 3
33 5
33 20
33 2320
33 2322
33 109377
34 9
34 10
34 24
34 26
34 27
34 185454
35 3
35 4
35 5
35 14686
35 14688
35 185455
36 4
36 5
36 202
36 168724
36 178047
36 185456
37 158
37 159
37 160
37 162
37 185457
38 9
38 10
38 11
38 13
38 163
39 5
39 20
39 99
39 131
39 132
39 133
39 165
39 166
40 5
40 20
40 67
40 206
40 699
40 90868
40 185459
40 185460
41 71
41 76
41 190
41 191
41 185461
seqId 555
1 67
1 136357
1 136358
1 136360
1 185462
2 67
2 967
2 158385
2 174286
2 174287
2 174289
2 185463
3 5
3 84
3 91
3 93
3 121
3 703
3 707
3 956
3 185464
4 3
4 5
4 20
4 10402
4 41855
4 185465
5 5
5 20
5 90
5 122
5 708
5 713
5 3372
5 6990
5 185466
6 717
6 718
6 719
6 721
6 185467
7 10
7 146
7 147
7 149
7 722
8 5
8 20
8 99
8 131
8 132
8 133
8 165
8 166
9 5
9 20
9 67
9 268
9 37859
9 94692
9 138125
9 185469
9 185470
10 76
10 413
10 414
10 416
10 185471
11 3
11 5
11 20
11 217
11 219
11 185472
12 9
12 10
12 24
12 26
12 27
12 185473
13 3
13 4
13 195
13 1395
13 1397
13 185474
14 4
14 195
14 202
14 340
14 175288
14 178821
14 185476
15 76
15 342
15 343
15 345
15 185477
16 4
16 195
16 202
16 2787
16 74853
16 175279
16 182218
17 76
17 342
17 343
17 345
17 23857
18 4
18 195
18 202
18 35035
18 185479
18 185480
18 185481
18 185482
19 243
19 244
19 245
19 247
19 185483
20 4
20 195
20 202
20 1648
20 3515
20 85396
20 151509
20 185485
20 185486
21 76
21 342
21 343
21 345
21 185487
22 64
22 67
22 72
22 72
22 1047
22 47596
22 47608
22 57691
22 58984
22 102744
22 111218
22 185489
22 185490
22 185491
23 9
23 10
23 11
23 13
23 185492
24 67
24 3042
24 3043
24 3045
24 185493
25 76
25 433
25 434
25 436
25 185494
seqId 556
1 67
1 20691
1 20692
1 20694
1 185495
2 67
2 310
2 74143
2 178459
2 178460
2 178462
2 185496
3 5
3 84
3 91
3 93
3 121
3 703
3 707
3 956
3 185497
4 3
4 5
4 20
4 2034
4 2036
4 185498
5 158
5 159
5 160
5 162
5 185499
6 9
6 10
6 11
6 13
6 163
7 5
7 20
7 99
7 131
7 132
7 133
7 165
7 166
8 5
8 20
8 67
8 11564
8 154958
8 185501
8 185502
9 76
9 413
9 414
9 416
9 185503
10 3
10 5
10 20
10 13609
10 16116
10 185504
11 9
11 10
11 11
11 13
11 185505
12 3
12 4
12 15
12 195
12 4121
12 185506
13 4
13 195
13 202
13 340
13 623
13 625
13 626
13 185507
14 10
14 126
14 127
14 129
14 185508
15 5
15 27
15 99
15 131
15 132
15 133
15 135
15 185509
16 3
16 4
16 5
16 14686
16 14688
16 185510
17 158
17 159
17 160
17 162
17 185511
18 9
18 10
18 11
18 13
18 163
19 5
19 20
19 99
19 131
19 132
19 133
19 165
19 166
20 3
20 5
20 20
20 129092
20 131033
20 185512
21 76
21 342
21 343
21 345
21 185513
22 64
22 67
22 72
22 5980
22 47596
22 47596
22 47608
22 185515
22 185516
22 185517
23 1458
23 2717
23 4052
23 4054
23 185518
24 67
24 603
24 33199
24 185520
24 185521
24 185522
25 76
25 433
25 434
25 436
25 185523
26 71
26 76
26 190
26 191
26 185524
seqId 557
1 5
1 20
1 82
1 83
1 84
1 115
1 763
1 3948
1 185525
2 5
2 84
2 90
2 91
2 93
2 121
2 4338
2 4740
2 185526
3 10
3 109
3 112
3 1539
3 185527
4 660
4 4185
4 4186
4 4188
4 185528
5 717
5 718
5 719
5 721
5 185529
6 10
6 146
6 147
6 149
6 722
7 5
7 20
7 99
7 131
7 132
7 133
7 165
7 166
8 3
8 5
8 20
8 429
8 431
8 185530
9 67
9 142393
9 185532
9 185533
9 185534
9 185535
10 76
10 413
10 414
10 416
10 185536
11 3
11 5
11 20
11 1728
11 42737
11 96148
11 104864
11 179828
11 185538
12 10
12 378
12 379
12 381
12 185539
13 5
13 27
13 99
13 131
13 132
13 133
13 135
13 185540
14 3
14 4
14 5
14 1395
14 6007
14 185541
15 230
15 231
15 232
15 234
15 185542
16 9
16 10
16 11
16 13
16 163
17 99
17 131
17 132
17 133
17 195
17 236
17 237
18 3
18 4
18 195
18 340
18 496
18 33143
18 185544
18 185545
18 185546
18 185547
19 76
19 342
19 343
19 345
19 185548
20 158
20 159
20 160
20 162
20 23912
21 9
21 10
21 11
21 13
21 163
22 5
22 20
22 99
22 131
22 132
22 133
22 165
22 166
23 3
23 5
23 20
23 4434
23 4436
23 185549
24 67
24 1104
24 151545
24 185551
24 185552
24 185553
25 9
25 10
25 11
25 13
25 185554
26 5
26 27
26 99
26 131
26 132
26 133
26 135
26 185555
27 3
27 4
27 5
27 597
27 13641
27 185556
28 9
28 10
28 11
28 13
28 185557
29 67
29 70336
29 70337
29 70339
29 185558
30 76
30 433
30 434
30 436
30 23925
31 82
31 758
31 759
31 761
31 185559
32 5
32 84
32 90
32 91
32 93
32 121
32 40114
32 185561
32 185562
33 10
33 146
33 147
33 149
33 185563
34 4
34 5
34 99
34 133
34 175
34 176
34 178
34 185564
35 3
35 4
35 5
35 108024
35 108026
35 185566
36 4
36 5
36 90
36 122
36 708
36 713
36 1410
36 22567
36 23933
37 158
37 159
37 160
37 162
37 23934
38 9
38 10
38 11
38 13
38 163
39 5
39 20
39 99
39 131
39 132
39 133
39 165
39 166
40 3
40 5
40 20
40 42737
40 42739
40 185567
41 5
41 20
41 90
41 122
41 708
41 713
41 33672
41 132646
41 185568
42 10
42 283
42 284
42 286
42 185569
43 99
43 131
43 132
43 133
43 195
43 237
43 185570
44 3
44 20
44 195
44 340
44 5018
44 5020
44 185571
45 5
45 20
45 202
45 128214
45 128215
45 185573
45 185574
46 76
46 342
46 343
46 345
46 23948
47 5
47 20
47 202
47 13322
47 13324
47 185575
48 243
48 244
48 245
48 247
48 185576
49 5
49 20
49 202
49 185578
49 185579
49 185580
50 10
50 378
50 379
50 381
50 185581
51 5
51 27
51 99
51 131
51 132
51 133
51 135
51 185582
52 3
52 4
52 5
52 1395
52 5941
52 185583
53 9
53 10
53 11
53 13
53 185584
54 4
54 5
54 99
54 131
54 132
54 133
54 152
54 109483
55 3
55 4
55 5
55 8050
55 8052
55 185585
56 4
56 5
56 90
56 122
56 708
56 713
56 103478
56 103480
56 185586
57 10
57 283
57 284
57 286
57 185587
58 4
58 5
58 99
58 131
58 132
58 133
58 152
58 185588
59 4
59 5
59 202
59 12237
59 12322
59 185589
60 3
60 4
60 5
60 11291
60 11293
60 185590
61 71
61 76
61 190
61 191
61 185591
seqId 558
1 67
1 17618
1 17619
1 17621
1 185592
2 67
2 15222
2 15223
2 15225
2 185593
3 5
3 84
3 90
3 91
3 93
3 121
3 28383
3 32690
3 185594
4 5
4 20
4 99
4 133
4 175
4 176
4 1316
4 185595
5 3
5 5
5 20
5 2863
5 2865
5 185596
6 10
6 146
6 147
6 149
6 185597
7 5
7 27
7 99
7 131
7 132
7 133
7 135
7 185598
8 5
8 67
8 72
8 10653
8 38351
8 156745
8 175581
8 185599
9 10
9 126
9 127
9 129
9 185600
10 4
10 5
10 99
10 131
10 132
10 133
10 152
10 185601
11 3
11 4
11 5
11 78230
11 78232
11 185602
12 4
12 5
12 202
12 168724
12 178047
12 185603
13 76
13 413
13 414
13 416
13 185604
14 5
14 20
14 72
14 202
14 1104
14 1104
14 5528
14 15065
14 62808
14 112889
14 176068
14 185605
15 3
15 20
15 195
15 16951
15 131943
15 185606
16 76
16 433
16 434
16 436
16 185607
17 71
17 76
17 190
17 191
17 185608
seqId 559
1 3
1 4
1 195
1 1701
1 4815
1 5528
1 32734
1 185609
seqId 560
1 3
1 4
1 5
1 1701
1 19706
1 185610
2 51
2 52
2 680
2 1993
2 185611
3 75
3 76
3 77
3 79
3 185612
4 3
4 4
4 5
4 14834
4 32740
4 185613
5 9
5 10
5 11
5 13
5 185614
6 3
6 4
6 5
6 3154
6 17710
6 185615
7 4
7 5
7 202
7 7992
7 20221
7 185616
seqId 561
1 4
1 5
1 99
1 928
1 929
1 185618
1 185619
2 3
2 4
2 5
2 32746
2 32748
2 185620
3 9
3 10
3 11
3 13
3 185621
4 4
4 5
4 99
4 131
4 132
4 133
4 152
4 185622
5 3
5 4
5 5
5 14834
5 32753
5 185623
6 9
6 10
6 11
6 13
6 185624
7 3
7 4
7 5
7 3154
7 17710
7 185625
8 27
8 660
8 661
8 910
8 912
8 185626
9 5
9 84
9 91
9 93
9 121
9 702
9 703
9 705
9 185627
10 5
10 20
10 122
10 703
10 707
10 708
10 710
10 185628
11 4
11 5
11 90
11 122
11 708
11 713
11 32757
11 32759
11 185629
12 10
12 71
12 721
12 25047
12 32761
12 32762
12 185630
13 4
13 5
13 99
13 131
13 132
13 133
13 152
13 185631
14 3
14 4
14 5
14 71
14 373
14 376
14 1299
14 185632
15 9
15 10
15 24
15 26
15 27
15 185633
16 2
16 3
16 4
16 5
16 181
16 185634
17 9
17 10
17 11
17 13
17 185635
18 3
18 4
18 5
18 15
18 17
18 185636
19 10
19 109
19 110
19 112
19 185637
20 3
20 5
20 20
20 724
20 726
20 185638
21 9
21 10
21 11
21 13
21 185639
22 3
22 5
22 20
22 384
22 386
22 185640
23 71
23 76
23 190
23 191
23 185641
seqId 562
1 3
1 4
1 5
1 1701
1 19706
1 185642
2 51
2 52
2 2054
2 2056
2 185643
3 75
3 76
3 77
3 79
3 185644
4 3
4 20
4 195
4 340
4 24887
4 32793
4 185645
5 76
5 342
5 343
5 345
5 185646
6 3
6 4
6 195
6 31920
6 32797
6 185647
seqId 563
1 4
1 5
1 99
1 133
1 175
1 176
1 5129
1 185648
2 3
2 4
2 5
2 539
2 18239
2 185649
3 230
3 231
3 232
3 234
3 185650
4 9
4 10
4 11
4 13
4 163
5 99
5 131
5 132
5 133
5 195
5 236
5 237
6 3
6 20
6 195
6 24887
6 26865
6 185651
7 243
7 244
7 245
7 247
7 75045
8 99
8 133
8 175
8 176
8 195
8 234
8 185652
9 3
9 4
9 195
9 31920
9 32797
9 185653
10 20
10 90
10 122
10 195
10 708
10 713
10 33672
10 33674
10 185654
11 10
11 828
11 829
11 831
11 185655
12 5
12 27
12 99
12 131
12 132
12 133
12 135
12 185656
13 2
13 3
13 4
13 5
13 181
13 185657
14 9
14 10
14 11
14 13
14 185658
15 3
15 4
15 5
15 15
15 17
15 185659
16 5
16 84
16 91
16 92
16 93
16 703
16 707
16 16563
16 185660
17 4
17 5
17 90
17 122
17 708
17 713
17 24087
17 32782
17 32784
18 717
18 718
18 719
18 721
18 24088
19 10
19 146
19 147
19 149
19 722
20 5
20 20
20 99
20 131
20 132
20 133
20 165
20 166
21 3
21 5
21 19
21 20
21 105
21 185661
22 71
22 76
22 190
22 191
22 185662
seqId 564
1 3
1 4
1 5
1 1701
1 19706
1 185663
2 51
2 52
2 1705
2 1707
2 185664
3 75
3 76
3 77
3 79
3 185665
4 3
4 5
4 20
4 1689
4 1691
4 1692
4 1693
4 185666
5 5
5 20
5 202
5 1695
5 1697
5 185667
seqId 565
1 4
1 5
1 99
1 133
1 175
1 176
1 5129
1 185668
2 3
2 4
2 5
2 682
2 10854
2 185669
3 4
3 5
3 202
3 9578
3 32816
3 32818
3 185670
4 158
4 159
4 160
4 162
4 185671
5 9
5 10
5 11
5 13
5 163
6 5
6 20
6 99
6 131
6 132
6 133
6 165
6 166
7 3
7 5
7 20
7 13025
7 30421
7 185672
8 9
8 10
8 24
8 26
8 27
8 185673
9 3
9 4
9 5
9 2608
9 4490
9 185674
10 9
10 10
10 11
10 13
10 185675
11 5
11 27
11 99
11 131
11 132
11 133
11 135
11 185676
12 2
12 3
12 4
12 5
12 181
12 185677
13 9
13 10
13 11
13 13
13 185678
14 3
14 4
14 5
14 15
14 17
14 185679
15 5
15 84
15 91
15 92
15 93
15 703
15 707
15 16563
15 185680
16 4
16 5
16 90
16 122
16 708
16 713
16 32782
16 32784
16 185681
17 717
17 718
17 719
17 721
17 185682
18 10
18 146
18 147
18 149
18 722
19 5
19 20
19 99
19 131
19 132
19 133
19 165
19 166
20 3
20 5
20 19
20 20
20 105
20 109585
21 71
21 76
21 190
21 191
21 185683
seqId 566
1 3
1 4
1 5
1 1701
1 19706
1 185684
2 51
2 52
2 1427
2 1962
2 185685
3 75
3 76
3 77
3 79
3 185686
4 3
4 4
4 5
4 19693
4 19695
4 185687
5 230
5 231
5 232
5 234
5 185688
6 9
6 10
6 11
6 13
6 163
7 99
7 131
7 132
7 133
7 195
7 236
7 237
8 3
8 20
8 195
8 9675
8 9677
8 185689
9 243
9 244
9 245
9 247
9 185690
10 230
10 231
10 232
10 234
10 185691
11 9
11 10
11 11
11 13
11 163
12 99
12 131
12 132
12 133
12 195
12 236
12 237
13 3
13 4
13 195
13 897
13 3520
13 185692
14 9
14 10
14 11
14 13
14 185693
15 3
15 4
15 5
15 15
15 17
15 185694
seqId 567
1 5
1 20
1 99
1 131
1 132
1 133
1 967
1 185695
2 3
2 5
2 20
2 32869
2 32871
2 185696
3 5
3 20
3 90
3 122
3 708
3 713
3 29073
3 164260
3 185697
4 5
4 84
4 90
4 91
4 93
4 121
4 3482
4 35076
4 185698
5 4
5 5
5 99
5 131
5 132
5 133
5 152
5 185699
6 3
6 4
6 5
6 4228
6 13593
6 185700
7 10
7 146
7 149
7 1539
7 185701
8 4
8 5
8 99
8 131
8 132
8 133
8 152
8 185702
9 3
9 4
9 5
9 3725
9 3727
9 185703
10 479
10 660
10 122865
10 185705
10 185706
10 185707
11 243
11 244
11 245
11 247
11 185708
12 479
12 660
12 185710
12 185711
12 185712
12 185713
13 71
13 76
13 190
13 191
13 185714
