seqId 1
1 2
1 3
1 4
1 5
1 6
1 7
2 9
2 10
2 11
2 12
2 13
3 3
3 4
3 5
3 15
3 16
3 17
seqId 2
1 3
1 5
1 19
1 20
1 21
1 22
2 9
2 10
2 24
2 25
2 26
2 27
3 3
3 4
3 5
3 29
3 30
3 31
3 32
seqId 3
1 3
1 4
1 5
1 34
1 35
1 36
1 37
1 38
2 9
2 10
2 27
2 40
2 41
2 42
3 3
3 4
3 5
3 44
3 45
3 46
3 47
3 48
4 50
4 51
4 52
4 53
4 54
seqId 4
1 3
1 4
1 5
1 56
1 57
1 58
1 59
2 3
2 61
2 62
2 63
2 64
seqId 5
1 3
1 4
1 194
1 195
1 197
1 198
1 199
1 719168
2 4
2 195
2 201
2 202
2 204
2 205
2 206
2 207
2 719169
seqId 6
1 3
1 5
1 20
1 209
1 211
1 119863
2 9
2 10
2 11
2 13
2 119864
3 5
3 27
3 99
3 131
3 132
3 133
3 135
3 119865
4 2
4 3
4 4
4 5
4 181
4 119866
5 75
5 76
5 77
5 79
5 119867
6 67
6 55291
6 55292
6 55294
6 167925
7 51
7 195
7 14053
7 167927
7 167928
7 167929
seqId 7
1 3
1 5
1 20
1 258
1 260
1 261
1 262
1 835576
2 75
2 76
2 77
2 79
2 167931
3 67
3 458
3 1692
3 3213
3 69867
3 167933
3 167934
3 167935
seqId 8
1 3
1 5
1 20
1 272
1 274
1 167936
2 243
2 244
2 245
2 247
2 167937
3 3
3 5
3 20
3 72
3 277
3 279
3 280
3 281
3 167938
4 10
4 283
4 284
4 286
4 167939
5 4
5 5
5 99
5 131
5 132
5 133
5 152
5 33046
6 3
6 4
6 5
6 289
6 291
6 167940
7 158
7 159
7 160
7 162
7 167941
8 9
8 10
8 11
8 13
8 163
9 5
9 20
9 99
9 131
9 132
9 133
9 165
9 166
10 5
10 20
10 67
10 294
10 296
10 297
10 298
10 775277
11 75
11 76
11 77
11 79
11 167943
12 67
12 167945
12 167946
12 167947
12 167948
13 51
13 195
13 2151
13 2153
13 167949
14 3
14 20
14 195
14 340
14 5018
14 129804
14 167950
15 20
15 195
15 202
15 36111
15 69954
15 167951
16 243
16 244
16 245
16 247
16 167952
17 20
17 195
17 202
17 21185
17 54136
17 167953
seqId 9
1 3
1 4
1 5
1 71
1 373
1 375
1 376
1 835577
2 10
2 378
2 379
2 381
2 167955
3 5
3 20
3 99
3 131
3 132
3 133
3 166
3 167956
4 3
4 5
4 20
4 384
4 386
4 167957
5 10
5 109
5 110
5 112
5 167958
6 3
6 5
6 20
6 389
6 391
6 835578
7 75
7 76
7 77
7 79
7 167960
8 67
8 111332
8 167962
8 167963
8 167964
8 167965
9 67
9 167967
9 167968
9 167969
9 167970
9 167971
9 167972
seqId 10
1 3
1 4
1 5
1 71
1 373
1 375
1 376
1 167973
2 76
2 413
2 414
2 416
2 167974
3 244
3 418
3 419
3 421
3 167975
4 158
4 159
4 160
4 162
4 167976
5 9
5 10
5 11
5 13
5 163
6 5
6 20
6 99
6 131
6 132
6 133
6 165
6 166
7 3
7 5
7 20
7 424
7 426
7 167977
8 9
8 10
8 11
8 13
8 33092
9 3
9 5
9 20
9 429
9 431
9 167978
10 76
10 433
10 434
10 436
10 33098
11 10
11 378
11 379
11 381
11 167979
12 5
12 20
12 99
12 131
12 132
12 133
12 166
12 167980
13 3
13 5
13 20
13 384
13 386
13 167981
14 10
14 146
14 147
14 149
14 167982
15 90
15 442
15 443
15 445
15 835579
16 75
16 76
16 77
16 79
16 167984
17 67
17 70
17 8740
17 102468
17 167986
17 167987
17 167988
17 167989
18 67
18 310
18 9577
18 167991
18 167992
18 167993
18 167994
18 167995
seqId 11
1 3
1 5
1 20
1 465
1 467
1 167996
2 9
2 10
2 11
2 13
2 167997
3 3
3 4
3 5
3 470
3 472
3 185786
4 75
4 76
4 77
4 79
4 167999
seqId 12
1 3
1 5
1 20
1 475
1 477
1 478
1 479
1 168000
2 10
2 146
2 147
2 149
2 168001
3 5
3 27
3 99
3 131
3 132
3 133
3 135
3 168002
4 3
4 5
4 20
4 483
4 485
4 168003
5 76
5 499
5 500
5 502
5 168004
6 3
6 4
6 5
6 492
6 494
6 495
6 496
6 497
6 168005
7 2717
7 45536
7 45537
7 45539
7 168006
8 3
8 4
8 5
8 504
8 506
8 168007
9 508
9 509
9 510
9 512
9 168008
10 509
10 514
10 515
10 517
10 518
10 519
10 168009
11 76
11 499
11 500
11 502
11 168010
seqId 13
1 3
1 20
1 195
1 340
1 522
1 524
1 525
1 168011
2 243
2 244
2 245
2 247
2 168012
3 3
3 20
3 195
3 528
3 530
3 168013
4 9
4 10
4 11
4 13
4 168014
5 3
5 5
5 20
5 533
5 535
5 536
5 835580
6 75
6 76
6 77
6 79
6 119947
seqId 14
1 3
1 4
1 5
1 539
1 541
1 168016
2 230
2 231
2 232
2 234
2 168017
3 9
3 10
3 11
3 13
3 163
4 99
4 131
4 132
4 133
4 195
4 236
4 237
5 3
5 20
5 195
5 522
5 545
5 168018
6 243
6 244
6 245
6 247
6 168019
7 3
7 20
7 195
7 528
7 530
7 168020
8 4
8 195
8 202
8 340
8 549
8 551
8 168021
9 9
9 10
9 11
9 13
9 168022
10 5
10 27
10 99
10 131
10 132
10 133
10 135
10 168023
11 2
11 3
11 4
11 5
11 181
11 168024
12 9
12 10
12 11
12 13
12 168025
13 3
13 4
13 5
13 15
13 17
13 168026
14 10
14 378
14 379
14 380
14 381
15 5
15 20
15 99
15 131
15 132
15 133
15 166
15 382
16 3
16 5
16 20
16 384
16 385
16 386
17 10
17 109
17 110
17 112
17 387
18 3
18 5
18 20
18 389
18 390
18 391
19 243
19 244
19 245
19 247
19 168027
20 10
20 378
20 379
20 381
20 168028
21 5
21 20
21 99
21 131
21 132
21 133
21 166
21 128310
22 5
22 20
22 202
22 566
22 568
22 168029
23 3
23 5
23 20
23 384
23 386
23 168030
24 76
24 413
24 414
24 416
24 168031
25 3
25 4
25 195
25 340
25 549
25 551
25 168032
26 76
26 433
26 434
26 436
26 168033
27 71
27 76
27 190
27 191
27 168034
seqId 15
1 3
1 5
1 20
1 384
1 576
1 168035
2 10
2 109
2 110
2 112
2 168036
3 3
3 5
3 20
3 389
3 391
3 835581
4 75
4 76
4 77
4 79
4 835582
5 76
5 581
5 582
5 584
5 835583
6 5
6 20
6 202
6 566
6 587
6 588
6 835584
7 3
7 5
7 20
7 384
7 386
7 835585
8 75
8 76
8 77
8 79
8 835586
seqId 16
1 76
1 592
1 593
1 595
1 128335
2 3
2 4
2 5
2 597
2 599
2 835587
3 5
3 20
3 67
3 601
3 603
3 835588
4 5
4 20
4 67
4 605
4 607
4 835589
5 67
5 581
5 582
5 584
5 835590
6 76
6 592
6 593
6 595
6 835591
7 3
7 4
7 5
7 597
7 599
7 835592
8 5
8 20
8 67
8 601
8 603
8 835593
9 5
9 20
9 67
9 605
9 607
9 835594
seqId 17
1 76
1 592
1 593
1 595
1 835595
2 76
2 25774
2 25775
2 25777
2 719259
seqId 18
1 67
1 581
1 582
1 584
1 835596
2 76
2 592
2 593
2 595
2 835597
3 3
3 4
3 5
3 597
3 599
3 835598
4 5
4 20
4 67
4 601
4 603
4 835599
5 51
5 52
5 2686
5 15391
5 835600
6 20
6 67
6 72
6 72
6 135191
6 135194
6 135195
6 135196
6 835601
seqId 19
1 76
1 592
1 593
1 595
1 835602
2 76
2 25774
2 25775
2 25777
2 300371
3 509
3 581
3 582
3 584
3 835603
4 76
4 595
4 25777
4 91551
4 91552
4 835604
seqId 20
1 76
1 592
1 593
1 595
1 119995
2 76
2 25774
2 25775
2 25777
2 407896
3 509
3 581
3 582
3 584
3 835605
4 76
4 595
4 25777
4 91551
4 91552
4 835606
seqId 21
1 3
1 5
1 20
1 614
1 616
1 128355
2 9
2 10
2 11
2 13
2 835607
3 5
3 27
3 99
3 131
3 132
3 133
3 135
3 835608
4 3
4 4
4 5
4 44
4 621
4 835609
5 5
5 202
5 623
5 625
5 626
5 835610
6 9
6 10
6 11
6 13
6 835611
7 5
7 27
7 99
7 131
7 132
7 133
7 135
7 835612
8 2
8 3
8 4
8 5
8 181
8 835613
9 9
9 10
9 11
9 13
9 33240
10 3
10 4
10 5
10 15
10 17
10 835614
11 76
11 413
11 414
11 416
11 397863
12 244
12 418
12 419
12 421
12 835615
13 9
13 10
13 24
13 26
13 27
13 835616
14 4
14 5
14 99
14 133
14 175
14 176
14 178
14 835617
15 244
15 418
15 419
15 421
15 835618
16 85
16 99
16 195
16 638
16 640
16 835619
17 3
17 4
17 195
17 642
17 644
17 835620
18 4
18 195
18 202
18 646
18 648
18 835621
19 76
19 433
19 434
19 436
19 835622
20 75
20 76
20 77
20 79
20 835623
seqId 22
1 652
1 653
1 654
1 656
1 835624
2 76
2 499
2 500
2 502
2 835625
3 659
3 660
3 661
3 663
3 835626
4 51
4 195
4 18749
4 45457
4 835627
seqId 23
1 3
1 5
1 19
1 20
1 42
1 667
1 668
1 835628
2 9
2 10
2 27
2 40
2 42
2 324018
3 3
3 4
3 5
3 29
3 48
3 672
3 673
3 674
3 675
3 835629
seqId 24
1 3
1 72
1 677
1 678
1 680
1 835630
2 3
2 4
2 5
2 682
2 684
2 835631
3 9
3 10
3 11
3 13
3 835632
4 5
4 27
4 99
4 131
4 132
4 133
4 135
4 835633
5 2
5 3
5 4
5 5
5 181
5 835634
seqId 25
1 3
1 4
1 5
1 689
1 691
1 835635
seqId 26
1 3
1 5
1 20
1 693
1 695
1 835636
2 76
2 342
2 343
2 345
2 835637
3 3
3 4
3 5
3 1151
3 55481
3 835638
4 9
4 10
4 11
4 13
4 493516
5 5
5 27
5 99
5 131
5 132
5 133
5 135
5 749182
6 2
6 3
6 4
6 5
6 181
6 835639
seqId 27
1 5
1 27
1 99
1 131
1 132
1 133
1 699
1 835640
2 5
2 67
2 55291
2 55294
2 835641
3 51
3 195
3 14053
3 167927
3 167929
3 835642
4 76
4 2265
4 2266
4 2268
4 835643
5 67
5 458
5 1692
5 3213
5 69867
5 167933
5 167934
5 835644
6 5
6 84
6 91
6 93
6 121
6 702
6 703
6 705
6 835645
7 5
7 20
7 122
7 703
7 707
7 708
7 710
7 835646
8 4
8 5
8 90
8 122
8 708
8 712
8 713
8 715
8 835647
9 10
9 146
9 147
9 149
9 835648
10 67
10 605
10 607
10 1199
10 835649
11 10
11 109
11 110
11 112
11 835650
12 51
12 195
12 168102
12 168104
12 835651
13 10
13 828
13 829
13 831
13 524925
14 67
14 55991
14 55993
14 57226
14 835652
15 36
15 67
15 26497
15 168108
15 168109
15 168111
15 835653
16 76
16 342
16 343
16 345
16 835654
17 660
17 918
17 919
17 921
17 835655
18 3
18 5
18 20
18 1980
18 2182
18 835656
19 9
19 10
19 24
19 26
19 27
19 835657
20 3
20 4
20 5
20 14686
20 14688
20 835658
21 4
21 5
21 202
21 168118
21 168120
21 835659
22 10
22 146
22 147
22 149
22 33329
23 5
23 27
23 99
23 131
23 132
23 133
23 135
23 835660
24 3
24 4
24 5
24 597
24 13641
24 835661
25 71
25 76
25 190
25 191
25 835662
seqId 28
1 4
1 5
1 90
1 122
1 708
1 713
1 3722
1 6565
1 52423
1 835663
2 10
2 4919
2 4920
2 4922
2 835664
3 5
3 27
3 99
3 131
3 132
3 133
3 135
3 835665
4 3
4 4
4 5
4 14686
4 14688
4 835666
5 4
5 5
5 202
5 851
5 78915
5 78917
5 835667
6 9
6 10
6 11
6 13
6 397916
7 5
7 27
7 99
7 131
7 132
7 133
7 135
7 493545
8 5
8 67
8 147612
8 168135
8 835668
9 76
9 342
9 343
9 345
9 460115
10 4
10 5
10 82
10 83
10 84
10 115
10 763
10 1264
10 835669
11 5
11 84
11 90
11 91
11 93
11 702
11 914
11 2233
11 835670
12 10
12 378
12 379
12 381
12 497618
13 3
13 4
13 5
13 168142
13 168144
13 835671
14 9
14 10
14 11
14 13
14 835672
15 90
15 443
15 45067
15 168148
15 835673
16 99
16 133
16 175
16 176
16 195
16 234
16 835674
17 3
17 20
17 195
17 28129
17 168151
17 168153
17 168154
17 835675
18 243
18 244
18 245
18 247
18 835676
19 99
19 133
19 175
19 176
19 195
19 234
19 835677
20 3
20 20
20 195
20 28129
20 131874
20 131876
20 835678
21 90
21 121
21 122
21 31304
21 37431
21 835679
22 10
22 126
22 127
22 129
22 835680
23 4
23 5
23 99
23 131
23 132
23 133
23 152
23 835681
24 3
24 4
24 5
24 1913
24 1915
24 835682
25 4
25 5
25 90
25 122
25 708
25 713
25 16673
25 129647
25 835683
26 10
26 1605
26 1606
26 1608
26 835684
27 51
27 195
27 12117
27 111379
27 168163
27 835685
28 243
28 244
28 245
28 247
28 343585
29 51
29 195
29 168165
29 168166
29 835686
30 71
30 76
30 190
30 191
30 835687
seqId 29
1 4
1 5
1 98
1 99
1 100
1 4105
1 735797
2 3
2 4
2 5
2 46763
2 46765
2 835688
3 4
3 5
3 202
3 22258
3 22260
3 835689
4 9
4 10
4 11
4 13
4 835690
5 5
5 27
5 99
5 131
5 132
5 133
5 135
5 835691
6 3
6 4
6 5
6 1573
6 1575
6 835692
7 9
7 10
7 11
7 13
7 168174
8 5
8 27
8 99
8 131
8 132
8 133
8 135
8 835693
9 5
9 67
9 55291
9 55294
9 128477
10 5
10 84
10 91
10 93
10 121
10 702
10 703
10 705
10 300480
11 660
11 2586
11 2587
11 2589
11 835694
12 5
12 20
12 122
12 703
12 707
12 708
12 710
12 835695
13 4
13 5
13 90
13 122
13 708
13 713
13 17921
13 17923
13 835696
14 244
14 8978
14 8979
14 8981
14 835697
15 4
15 5
15 82
15 83
15 84
15 115
15 763
15 1264
15 835698
16 5
16 84
16 90
16 91
16 93
16 121
16 2333
16 2335
16 835699
17 5
17 20
17 99
17 133
17 175
17 176
17 1316
17 120114
18 3
18 5
18 20
18 19820
18 19822
18 120115
19 5
19 20
19 202
19 55060
19 55062
19 835700
20 10
20 1605
20 1606
20 1608
20 835701
21 99
21 131
21 132
21 133
21 195
21 237
21 812664
22 3
22 4
22 195
22 1913
22 78733
22 835702
23 243
23 244
23 245
23 247
23 835703
24 5
24 84
24 90
24 91
24 93
24 121
24 9589
24 115149
24 835704
25 10
25 3987
25 6141
25 6142
25 835705
26 5
26 27
26 99
26 131
26 132
26 133
26 135
26 381150
27 3
27 4
27 5
27 103348
27 103350
27 835706
28 4
28 5
28 202
28 402
28 168192
28 168194
28 168195
28 835707
29 9
29 10
29 24
29 26
29 27
29 835708
30 4
30 5
30 99
30 133
30 175
30 176
30 178
30 835709
31 3
31 4
31 5
31 41925
31 41927
31 835710
32 4
32 5
32 202
32 5825
32 5827
32 835711
33 660
33 3261
33 3262
33 3264
33 835712
34 9
34 10
34 11
34 13
34 128507
35 51
35 195
35 168204
35 168206
35 835713
36 76
36 342
36 343
36 345
36 55597
37 20
37 82
37 84
37 98
37 100
37 102
37 185997
38 82
38 758
38 759
38 761
38 835714
39 5
39 84
39 90
39 91
39 93
39 121
39 2333
39 2335
39 835715
40 9
40 10
40 24
40 26
40 27
40 186002
41 90
41 443
41 1587
41 107131
41 168214
41 835716
42 4
42 5
42 99
42 131
42 132
42 133
42 152
42 835717
43 3
43 4
43 5
43 4737
43 128691
43 147049
43 835718
44 10
44 283
44 284
44 286
44 835719
45 4
45 5
45 99
45 131
45 132
45 133
45 152
45 835720
46 4
46 5
46 202
46 12237
46 12322
46 835721
47 3
47 4
47 5
47 11291
47 11293
47 835722
48 4
48 5
48 202
48 168118
48 168120
48 497693
49 76
49 342
49 343
49 345
49 497694
50 945
50 1010
50 1011
50 1013
50 835723
51 5
51 20
51 82
51 83
51 84
51 115
51 166
51 763
51 91738
52 84
52 90
52 91
52 93
52 195
52 914
52 4766
52 168225
52 835724
53 158
53 159
53 160
53 162
53 55621
54 9
54 10
54 13
54 163
54 1539
55 5
55 20
55 99
55 131
55 132
55 133
55 165
55 166
56 3
56 5
56 20
56 1493
56 1495
56 835725
57 99
57 131
57 132
57 133
57 195
57 237
57 835726
58 3
58 20
58 195
58 381
58 17097
58 22332
58 40279
58 168230
58 835727
59 20
59 72
59 195
59 202
59 1587
59 3681
59 168233
59 168235
59 168236
59 835728
60 9
60 10
60 11
60 13
60 812701
61 76
61 137
61 138
61 140
61 835729
62 5
62 27
62 99
62 131
62 132
62 133
62 135
62 835730
63 5
63 20
63 202
63 36111
63 168242
63 835731
64 3
64 5
64 20
64 7633
64 168245
64 835732
65 76
65 185
65 186
65 188
65 835733
66 71
66 76
66 190
66 191
66 835734
seqId 30
1 10
1 283
1 3640
1 3642
1 835735
2 5
2 20
2 98
2 99
2 100
2 102
2 935
3 3
3 5
3 20
3 4345
3 4347
3 835736
4 5
4 20
4 202
4 168252
4 168254
4 835737
5 5
5 20
5 202
5 15492
5 15494
5 128544
6 9
6 10
6 11
6 13
6 835738
7 3
7 4
7 195
7 4107
7 20236
7 835739
8 4
8 195
8 202
8 693
8 39275
8 835740
9 76
9 342
9 343
9 345
9 835741
10 4
10 5
10 99
10 133
10 175
10 176
10 178
10 835742
11 3
11 4
11 5
11 8943
11 32404
11 835743
12 717
12 718
12 719
12 721
12 835744
13 10
13 146
13 147
13 149
13 722
14 5
14 20
14 99
14 131
14 132
14 133
14 165
14 166
15 3
15 5
15 20
15 5018
15 5020
15 668102
16 5
16 20
16 202
16 168265
16 168267
16 835745
17 27
17 82
17 84
17 114
17 115
17 116
17 118
17 835746
18 5
18 84
18 91
18 93
18 121
18 703
18 707
18 956
18 835747
19 4
19 5
19 90
19 122
19 708
19 769
19 12294
19 98994
19 835748
20 244
20 19444
20 19445
20 19447
20 835749
21 4
21 5
21 90
21 122
21 708
21 713
21 1104
21 2315
21 27745
21 835750
22 10
22 1387
22 1388
22 1390
22 128563
23 5
23 27
23 99
23 131
23 132
23 133
23 135
23 835751
24 3
24 4
24 5
24 26193
24 26195
24 835752
25 9
25 10
25 24
25 26
25 27
25 398047
26 67
26 16899
26 16900
26 16902
26 835753
27 67
27 340
27 38010
27 87681
27 168281
27 168282
27 835754
28 10
28 283
28 284
28 286
28 835755
29 99
29 131
29 132
29 133
29 195
29 237
29 835756
30 3
30 4
30 195
30 729
30 731
30 120192
31 51
31 195
31 89250
31 89252
31 835757
32 76
32 342
32 343
32 345
32 835758
33 244
33 19444
33 19445
33 19447
33 835759
34 9
34 10
34 11
34 13
34 45757
35 67
35 137634
35 168291
35 168292
35 835760
36 67
36 72
36 11624
36 14294
36 30530
36 49447
36 168295
36 168296
36 835761
37 10
37 109
37 110
37 112
37 835762
38 51
38 195
38 69430
38 69432
38 168300
39 10
39 378
39 379
39 381
39 668116
40 90
40 443
40 1064
40 8149
40 835763
41 4
41 5
41 99
41 115
41 773
41 774
41 775
41 776
41 3330
41 835764
42 3
42 4
42 5
42 9391
42 9393
42 835765
43 76
43 342
43 343
43 345
43 835766
44 660
44 5049
44 5050
44 5052
44 835767
45 9
45 10
45 24
45 26
45 27
45 835768
46 67
46 1038
46 1039
46 1041
46 835769
47 67
47 3351
47 16138
47 120004
47 168310
47 168311
47 835770
48 158
48 159
48 160
48 162
48 835771
49 9
49 10
49 11
49 13
49 163
50 5
50 20
50 99
50 131
50 132
50 133
50 165
50 166
51 5
51 20
51 67
51 168315
51 168317
51 835772
52 4
52 5
52 90
52 122
52 708
52 713
52 24434
52 26462
52 835773
53 10
53 109
53 110
53 112
53 186068
54 51
54 195
54 4167
54 4169
54 33541
55 10
55 126
55 127
55 129
55 33542
56 5
56 20
56 99
56 131
56 132
56 133
56 166
56 120212
57 3
57 5
57 20
57 1126
57 1128
57 120213
58 158
58 159
58 160
58 162
58 835774
59 9
59 10
59 11
59 13
59 163
60 5
60 20
60 99
60 131
60 132
60 133
60 165
60 166
61 3
61 5
61 20
61 2244
61 2246
61 835775
62 76
62 342
62 343
62 345
62 835776
63 5
63 20
63 90
63 122
63 708
63 769
63 1334
63 84654
63 835777
64 10
64 109
64 110
64 112
64 497753
65 3
65 4
65 5
65 2019
65 2021
65 835778
66 71
66 76
66 190
66 191
66 835779
seqId 31
1 3
1 4
1 5
1 1587
1 33143
1 38837
1 43780
1 835780
2 230
2 231
2 232
2 234
2 835781
3 9
3 10
3 11
3 13
3 163
4 99
4 131
4 132
4 133
4 195
4 236
4 237
5 3
5 20
5 195
5 2601
5 2603
5 835782
6 243
6 244
6 245
6 247
6 835783
7 3
7 4
7 5
7 43780
7 43782
7 835784
8 230
8 231
8 232
8 234
8 493665
9 9
9 10
9 11
9 13
9 163
10 99
10 131
10 132
10 133
10 195
10 236
10 237
11 3
11 20
11 195
11 340
11 5018
11 5020
11 835785
12 84
12 90
12 91
12 93
12 121
12 195
12 10385
12 10387
12 835786
13 660
13 19069
13 19070
13 19072
13 835787
14 4
14 5
14 99
14 133
14 175
14 176
14 178
14 33567
15 2
15 3
15 4
15 5
15 181
15 835788
16 4
16 5
16 90
16 122
16 708
16 713
16 6786
16 9800
16 835789
17 10
17 828
17 831
17 1539
17 835790
18 660
18 2210
18 2211
18 2213
18 835791
19 660
19 1622
19 1623
19 1625
19 835792
20 10
20 126
20 127
20 129
20 835793
21 5
21 20
21 99
21 131
21 132
21 133
21 166
21 835794
22 5
22 20
22 202
22 7021
22 83040
22 835795
23 5
23 20
23 67
23 168349
23 168351
23 835796
24 3
24 2548
24 9789
24 9791
24 835797
25 10
25 146
25 147
25 149
25 835798
26 99
26 115
26 195
26 773
26 774
26 775
26 776
26 3400
26 835799
27 3
27 20
27 195
27 10402
27 10404
27 835800
28 90
28 121
28 122
28 31304
28 37431
28 835801
29 10
29 126
29 127
29 129
29 835802
30 5
30 27
30 99
30 131
30 132
30 133
30 135
30 835803
31 5
31 67
31 74958
31 74960
31 835804
32 158
32 159
32 160
32 162
32 835805
33 9
33 10
33 11
33 13
33 163
34 5
34 20
34 99
34 131
34 132
34 133
34 165
34 166
35 3
35 5
35 20
35 66043
35 119563
35 835806
36 71
36 76
36 190
36 191
36 835807
seqId 32
1 3
1 4
1 5
1 310
1 495
1 496
1 497
1 1536
1 835808
2 9
2 10
2 11
2 13
2 835809
3 5
3 27
3 99
3 131
3 132
3 133
3 135
3 352176
4 2
4 3
4 4
4 5
4 181
4 352177
5 76
5 413
5 414
5 416
5 835810
6 3
6 4
6 195
6 642
6 644
6 835811
7 244
7 418
7 419
7 421
7 835812
8 3
8 20
8 195
8 1684
8 1686
8 835813
9 76
9 433
9 434
9 436
9 835814
seqId 33
1 5
1 27
1 99
1 131
1 132
1 133
1 699
1 835815
2 5
2 67
2 55291
2 55294
2 835816
3 51
3 195
3 14053
3 167927
3 167929
3 835817
4 76
4 2265
4 2266
4 2268
4 128676
5 67
5 458
5 1692
5 3213
5 69867
5 167933
5 167934
5 835818
6 5
6 84
6 90
6 91
6 93
6 121
6 1509
6 16289
6 835819
7 4
7 5
7 99
7 133
7 175
7 176
7 178
7 835820
8 3
8 4
8 5
8 642
8 23331
8 835821
9 4
9 5
9 202
9 168380
9 168382
9 835822
10 76
10 342
10 343
10 345
10 55799
11 10
11 2408
11 2410
11 10221
11 422884
12 3
12 4
12 195
12 340
12 14297
12 68692
12 168386
12 168388
12 835823
13 71
13 76
13 190
13 191
13 835824
seqId 34
1 99
1 115
1 195
1 773
1 774
1 775
1 776
1 14703
1 835825
2 3
2 20
2 195
2 1548
2 1715
2 835826
3 20
3 195
3 202
3 133125
3 168393
3 835827
4 660
4 976
4 979
4 1458
4 835828
5 944
5 945
5 946
5 948
5 91899
6 4
6 5
6 99
6 131
6 132
6 133
6 152
6 835829
7 3
7 4
7 5
7 33297
7 33299
7 835830
8 158
8 159
8 160
8 162
8 598384
9 9
9 10
9 11
9 13
9 163
10 5
10 20
10 99
10 131
10 132
10 133
10 165
10 166
11 3
11 5
11 20
11 4434
11 4436
11 835831
12 84
12 90
12 91
12 93
12 121
12 195
12 4651
12 168402
12 835832
13 4
13 5
13 98
13 99
13 100
13 1927
13 835833
14 3
14 4
14 5
14 4779
14 12778
14 835834
15 4
15 5
15 202
15 38508
15 100159
15 100629
15 168406
15 835835
16 82
16 758
16 759
16 761
16 352218
17 660
17 661
17 910
17 1234
17 33659
18 5
18 84
18 90
18 91
18 93
18 121
18 12341
18 168410
18 835836
19 660
19 661
19 1240
19 1242
19 45890
20 3
20 4
20 5
20 4737
20 7538
20 31396
20 168412
20 835837
21 76
21 342
21 343
21 345
21 55832
22 945
22 1010
22 1011
22 1013
22 835838
23 82
23 83
23 84
23 109
23 112
23 115
23 835839
24 84
24 90
24 91
24 93
24 121
24 195
24 5326
24 5328
24 300671
25 99
25 115
25 195
25 773
25 774
25 775
25 776
25 3400
25 835840
26 3
26 20
26 195
26 2320
26 16794
26 835841
27 71
27 76
27 190
27 191
27 835842
seqId 35
1 3
1 5
1 20
1 1709
1 1711
1 835843
2 230
2 231
2 232
2 234
2 835844
3 9
3 10
3 11
3 13
3 163
4 99
4 131
4 132
4 133
4 195
4 236
4 237
5 3
5 20
5 195
5 1548
5 1715
5 835845
6 243
6 244
6 245
6 247
6 360322
7 3
7 20
7 195
7 1718
7 1720
7 835846
8 9
8 10
8 11
8 13
8 422920
9 5
9 27
9 99
9 131
9 132
9 133
9 135
9 835847
10 2
10 3
10 4
10 5
10 181
10 835848
seqId 36
1 5
1 27
1 99
1 131
1 132
1 133
1 699
1 835849
2 5
2 67
2 55291
2 55294
2 835850
3 51
3 195
3 14053
3 167927
3 167929
3 835851
4 76
4 2265
4 2266
4 2268
4 835852
5 67
5 458
5 1692
5 3213
5 69867
5 167933
5 167934
5 835853
6 27
6 660
6 661
6 910
6 912
6 835854
7 5
7 84
7 91
7 93
7 121
7 702
7 703
7 705
7 33696
8 660
8 661
8 1240
8 1242
8 835855
9 5
9 20
9 90
9 122
9 708
9 769
9 11691
9 46225
9 728315
10 5
10 26
10 27
10 99
10 133
10 175
10 176
10 835856
11 3
11 4
11 5
11 1784
11 10502
11 835857
12 9
12 10
12 11
12 13
12 835858
13 99
13 115
13 195
13 773
13 774
13 775
13 776
13 3400
13 835859
14 3
14 20
14 195
14 1548
14 1715
14 835860
15 9
15 10
15 24
15 26
15 27
15 360335
16 3
16 20
16 195
16 340
16 27157
16 73299
16 835861
17 3
17 20
17 195
17 10402
17 39102
17 80180
17 835862
18 71
18 76
18 190
18 191
18 835863
seqId 37
1 4
1 5
1 99
1 131
1 132
1 133
1 811
1 835864
2 3
2 4
2 5
2 32381
2 32383
2 835865
3 67
3 5933
3 32572
3 32573
3 32575
3 835866
4 1458
4 2717
4 4052
4 4054
4 835867
5 659
5 660
5 661
5 2274
5 835868
6 67
6 5933
6 32572
6 32573
6 32575
6 835869
7 5
7 84
7 90
7 91
7 93
7 121
7 5640
7 18000
7 835870
8 4
8 5
8 202
8 2674
8 2676
8 835871
9 660
9 1622
9 1623
9 1625
9 835872
10 10
10 1387
10 1388
10 1390
10 835873
11 51
11 195
11 1705
11 1707
11 45938
12 67
12 195
12 9490
12 47543
12 47546
12 835874
13 67
13 5933
13 32572
13 32573
13 32575
13 835875
14 71
14 76
14 190
14 191
14 835876
seqId 38
1 10
1 109
1 876
1 878
1 835877
2 3
2 4
2 5
2 2732
2 2734
2 525169
3 5
3 20
3 99
3 131
3 132
3 133
3 166
3 835878
4 3
4 5
4 20
4 1832
4 1834
4 460374
5 9
5 10
5 11
5 13
5 598435
6 3
6 20
6 195
6 1806
6 1808
6 1809
6 1810
6 835879
7 20
7 90
7 122
7 195
7 708
7 713
7 4258
7 35322
7 835880
8 5
8 84
8 91
8 93
8 121
8 702
8 703
8 705
8 749452
9 660
9 6560
9 10036
9 10038
9 719562
10 5
10 20
10 90
10 122
10 708
10 769
10 168469
10 168471
10 835881
11 76
11 342
11 343
11 345
11 398213
12 9
12 10
12 11
12 13
12 408234
13 4
13 5
13 99
13 131
13 132
13 133
13 152
13 186200
14 3
14 4
14 5
14 70020
14 70022
14 835882
15 71
15 76
15 190
15 191
15 460383
seqId 39
1 5
1 20
1 82
1 84
1 100
1 6672
1 6674
1 381312
2 5
2 84
2 90
2 91
2 93
2 121
2 57969
2 168478
2 835883
3 9
3 10
3 24
3 26
3 27
3 812858
4 4
4 5
4 99
4 133
4 175
4 176
4 178
4 186204
5 3
5 4
5 5
5 5469
5 5471
5 186205
6 9
6 10
6 11
6 13
6 45966
7 4
7 5
7 99
7 131
7 132
7 133
7 152
7 1391
8 4
8 5
8 202
8 22623
8 22625
8 835884
9 3
9 4
9 5
9 8293
9 8295
9 668277
10 158
10 159
10 160
10 162
10 835885
11 9
11 10
11 11
11 13
11 163
12 5
12 20
12 99
12 131
12 132
12 133
12 165
12 166
13 3
13 5
13 20
13 1832
13 1834
13 835886
14 230
14 231
14 232
14 234
14 835887
15 9
15 10
15 11
15 13
15 163
16 99
16 131
16 132
16 133
16 195
16 236
16 237
17 3
17 4
17 195
17 8684
17 11723
17 11725
17 27550
17 835888
18 76
18 413
18 414
18 416
18 608069
19 51
19 195
19 11455
19 16959
19 835889
20 660
20 2136
20 2137
20 2139
20 736035
21 158
21 159
21 160
21 162
21 835890
22 9
22 10
22 11
22 13
22 163
23 5
23 20
23 99
23 131
23 132
23 133
23 165
23 166
24 5
24 20
24 202
24 1666
24 1668
24 835891
25 3
25 5
25 20
25 384
25 386
25 835892
26 76
26 342
26 343
26 345
26 719585
27 51
27 195
27 14081
27 14083
27 408253
28 660
28 2136
28 2137
28 2139
28 835893
29 158
29 159
29 160
29 162
29 598467
30 9
30 10
30 11
30 13
30 163
31 5
31 20
31 99
31 131
31 132
31 133
31 165
31 166
32 3
32 5
32 20
32 2244
32 2246
32 835894
33 76
33 433
33 434
33 436
33 55924
34 76
34 342
34 343
34 345
34 381318
35 9
35 10
35 24
35 26
35 27
35 835895
36 4
36 5
36 202
36 2294
36 2296
36 835896
37 3
37 4
37 5
37 5469
37 5471
37 352307
38 9
38 10
38 11
38 13
38 33778
39 5
39 27
39 99
39 131
39 132
39 133
39 135
39 33779
40 4
40 5
40 202
40 168506
40 168508
40 835897
41 3
41 4
41 5
41 3199
41 5132
41 608083
42 9
42 10
42 11
42 13
42 835898
43 3
43 4
43 5
43 168511
43 168512
43 835899
44 230
44 231
44 232
44 234
44 835900
45 9
45 10
45 11
45 13
45 163
46 99
46 131
46 132
46 133
46 195
46 236
46 237
47 3
47 20
47 195
47 4258
47 35322
47 835901
48 660
48 30522
48 30523
48 30525
48 835902
49 20
49 195
49 202
49 36111
49 69954
49 460405
50 4
50 5
50 90
50 122
50 708
50 713
50 3686
50 3765
50 835903
51 10
51 828
51 829
51 831
51 835904
52 5
52 27
52 99
52 131
52 132
52 133
52 135
52 835905
53 5
53 67
53 5981
53 56315
53 835906
54 76
54 342
54 343
54 345
54 835907
55 660
55 5049
55 5050
55 5052
55 835908
56 9
56 10
56 24
56 26
56 27
56 835909
57 4
57 5
57 99
57 133
57 175
57 176
57 178
57 835910
58 4
58 5
58 202
58 1589
58 36390
58 835911
59 3
59 4
59 5
59 18624
59 18672
59 835912
60 10
60 146
60 147
60 149
60 835913
61 90
61 443
61 36918
61 168529
61 835914
62 99
62 133
62 175
62 176
62 195
62 234
62 835915
63 3
63 20
63 195
63 7149
63 7151
63 835916
64 20
64 90
64 122
64 195
64 708
64 713
64 3969
64 29632
64 835917
65 2822
65 2823
65 2824
65 2826
65 835918
66 10
66 146
66 147
66 149
66 722
67 99
67 131
67 132
67 133
67 195
67 236
67 237
68 3
68 4
68 195
68 63172
68 168535
68 835919
69 9
69 10
69 11
69 13
69 835920
70 4
70 5
70 99
70 131
70 132
70 133
70 152
70 423010
71 3
71 4
71 5
71 64902
71 64904
71 835921
72 230
72 231
72 232
72 234
72 835922
73 9
73 10
73 11
73 13
73 163
74 99
74 131
74 132
74 133
74 195
74 236
74 237
75 3
75 20
75 195
75 1126
75 1977
75 835923
76 10
76 283
76 284
76 286
76 835924
77 5
77 27
77 99
77 131
77 132
77 133
77 135
77 835925
78 3
78 4
78 5
78 597
78 599
78 835926
79 243
79 244
79 245
79 247
79 92053
80 195
80 202
80 340
80 168545
80 168547
80 835927
81 10
81 19644
81 19645
81 19647
81 835928
82 4
82 5
82 99
82 131
82 132
82 133
82 152
82 835929
83 3
83 4
83 5
83 15116
83 15118
83 835930
84 660
84 2509
84 2510
84 2512
84 835931
85 4
85 5
85 202
85 168553
85 168555
85 835932
86 158
86 159
86 160
86 162
86 92063
87 9
87 10
87 11
87 13
87 163
88 5
88 20
88 99
88 131
88 132
88 133
88 165
88 166
89 3
89 5
89 20
89 168558
89 168560
89 835933
90 5
90 20
90 26
90 202
90 4904
90 10364
90 10365
90 835934
91 76
91 342
91 343
91 345
91 300788
92 660
92 6695
92 6696
92 6698
92 835935
93 10
93 283
93 284
93 286
93 835936
94 4
94 5
94 99
94 131
94 132
94 133
94 152
94 493816
95 3
95 4
95 5
95 2196
95 2649
95 835937
96 4
96 5
96 202
96 5627
96 19546
96 835938
97 71
97 76
97 190
97 191
97 835939
seqId 40
1 3
1 4
1 5
1 3199
1 3201
1 835940
2 5
2 202
2 302
2 304
2 835941
seqId 41
1 5
1 27
1 99
1 131
1 132
1 133
1 699
1 186291
2 5
2 67
2 55291
2 55294
2 835942
3 51
3 195
3 14053
3 167927
3 167929
3 835943
4 27
4 82
4 84
4 114
4 115
4 116
4 118
4 835944
5 5
5 84
5 90
5 91
5 93
5 121
5 4258
5 4469
5 835945
6 10
6 283
6 284
6 286
6 360437
7 4
7 5
7 99
7 133
7 175
7 176
7 178
7 835946
8 3
8 4
8 5
8 22458
8 22460
8 835947
9 4
9 5
9 202
9 327
9 329
9 835948
10 243
10 244
10 245
10 247
10 352395
11 4
11 5
11 202
11 168252
11 168254
11 835949
12 660
12 3768
12 3769
12 3771
12 835950
13 4
13 5
13 90
13 122
13 708
13 713
13 23260
13 23262
13 835951
14 71
14 76
14 190
14 191
14 128912
seqId 42
1 4
1 5
1 82
1 83
1 84
1 115
1 763
1 4750
1 497947
2 5
2 84
2 91
2 93
2 121
2 703
2 707
2 956
2 835952
3 4
3 5
3 82
3 84
3 85
3 175
3 178
3 835953
4 230
4 231
4 232
4 234
4 835954
5 9
5 10
5 11
5 13
5 163
6 99
6 131
6 132
6 133
6 195
6 236
6 237
7 4
7 195
7 202
7 24914
7 24916
7 835955
8 2
8 3
8 4
8 195
8 4286
8 398308
9 9
9 10
9 11
9 13
9 398309
10 3
10 4
10 5
10 15
10 17
10 343920
11 10
11 109
11 110
11 112
11 835956
12 67
12 3042
12 3043
12 3045
12 835957
13 10
13 146
13 147
13 149
13 835958
14 90
14 443
14 45067
14 168148
14 736126
15 20
15 195
15 202
15 28129
15 168151
15 168153
15 168154
15 835959
16 243
16 244
16 245
16 247
16 835960
17 20
17 195
17 202
17 28129
17 131874
17 131876
17 835961
18 76
18 413
18 414
18 416
18 835962
19 660
19 2347
19 2348
19 2350
19 835963
20 4
20 195
20 202
20 340
20 127112
20 127114
20 423064
21 84
21 91
21 93
21 121
21 195
21 703
21 707
21 1858
21 835964
22 99
22 131
22 132
22 133
22 195
22 237
22 835965
23 3
23 4
23 195
23 642
23 644
23 598563
24 90
24 121
24 122
24 8855
24 8857
24 493850
25 99
25 133
25 175
25 176
25 195
25 234
25 120472
26 3
26 20
26 195
26 2221
26 3410
26 835966
27 9
27 10
27 24
27 26
27 27
27 835967
28 4
28 5
28 99
28 133
28 175
28 176
28 178
28 835968
29 4
29 5
29 202
29 3106
29 26492
29 736137
30 3
30 4
30 5
30 1913
30 1915
30 749555
31 244
31 418
31 419
31 421
31 497973
32 10
32 146
32 147
32 149
32 408366
33 5
33 27
33 99
33 131
33 132
33 133
33 135
33 835969
34 3
34 5
34 20
34 168616
34 168618
34 835970
35 230
35 231
35 232
35 234
35 835971
36 9
36 10
36 11
36 13
36 163
37 99
37 131
37 132
37 133
37 195
37 236
37 237
38 51
38 195
38 10375
38 10377
38 668392
39 3
39 4
39 195
39 1913
39 78733
39 398331
40 9
40 10
40 11
40 13
40 835972
41 5
41 27
41 99
41 131
41 132
41 133
41 135
41 835973
42 3
42 4
42 5
42 14686
42 14688
42 835974
43 76
43 433
43 434
43 436
43 835975
44 76
44 342
44 343
44 345
44 835976
45 82
45 758
45 759
45 761
45 835977
46 660
46 2347
46 2348
46 2350
46 835978
47 5
47 84
47 91
47 93
47 121
47 703
47 707
47 956
47 497985
48 10
48 283
48 284
48 286
48 835979
49 4
49 5
49 99
49 133
49 175
49 176
49 178
49 835980
50 3
50 4
50 5
50 72
50 30410
50 30971
50 168633
50 835981
51 4
51 5
51 202
51 27855
51 27857
51 835982
52 90
52 121
52 122
52 31427
52 168637
52 168639
52 835983
53 4
53 5
53 99
53 131
53 132
53 133
53 152
53 835984
54 4
54 5
54 202
54 42822
54 42824
54 835985
55 4
55 5
55 67
55 5959
55 5962
55 835986
56 76
56 342
56 343
56 345
56 423099
57 5
57 20
57 99
57 131
57 132
57 133
57 166
57 423100
58 3
58 5
58 20
58 5018
58 5020
58 719729
59 5
59 20
59 202
59 168265
59 168267
59 324504
60 243
60 244
60 245
60 247
60 668408
61 5
61 27
61 99
61 131
61 132
61 133
61 135
61 835987
62 3
62 5
62 20
62 33358
62 35385
62 728484
63 5
63 20
63 72
63 202
63 39148
63 127322
63 147769
63 835988
64 71
64 76
64 190
64 191
64 33941
seqId 43
1 5
1 20
1 99
1 131
1 132
1 133
1 967
1 775769
2 5
2 20
2 67
2 458
2 1692
2 3213
2 69867
2 167933
2 835989
3 5
3 84
3 90
3 91
3 93
3 121
3 115478
3 168657
3 835990
4 10
4 828
4 831
4 1539
4 324511
5 660
5 2210
5 2211
5 2213
5 835991
6 5
6 99
6 115
6 773
6 774
6 775
6 776
6 778
6 835992
7 3
7 5
7 20
7 41849
7 41851
7 835993
8 5
8 20
8 202
8 22806
8 155994
8 168663
8 835994
9 82
9 758
9 759
9 761
9 835995
10 5
10 20
10 82
10 83
10 84
10 115
10 763
10 765
10 835996
11 5
11 84
11 90
11 91
11 93
11 121
11 18265
11 18267
11 835997
12 4
12 5
12 99
12 133
12 175
12 176
12 178
12 324521
13 4
13 5
13 202
13 7021
13 7023
13 835998
14 3
14 4
14 5
14 64972
14 64974
14 835999
15 76
15 342
15 343
15 345
15 836000
16 10
16 2408
16 2410
16 10221
16 836001
17 660
17 10230
17 10231
17 10233
17 836002
18 90
18 443
18 168676
18 168678
18 408413
19 10
19 146
19 147
19 149
19 92211
20 99
20 115
20 195
20 773
20 774
20 775
20 776
20 3400
20 92212
21 3
21 20
21 195
21 2034
21 3403
21 836003
22 9
22 10
22 11
22 13
22 836004
23 20
23 195
23 202
23 28004
23 33777
23 40265
23 40267
23 836005
24 3
24 20
24 195
24 10660
24 10662
24 836006
25 10
25 1387
25 1388
25 1390
25 836007
26 3
26 20
26 195
26 129092
26 129094
26 836008
27 76
27 342
27 343
27 345
27 836009
28 3
28 20
28 195
28 340
28 168689
28 168691
28 836010
29 76
29 342
29 343
29 345
29 736199
30 3
30 20
30 195
30 85401
30 145771
30 154346
30 836011
31 76
31 342
31 343
31 345
31 836012
32 3
32 20
32 195
32 23221
32 23223
32 836013
33 9
33 10
33 11
33 13
33 719780
34 5
34 27
34 99
34 131
34 132
34 133
34 135
34 214806
35 3
35 5
35 20
35 24023
35 35863
35 598625
36 243
36 244
36 245
36 247
36 836014
37 3
37 20
37 195
37 23221
37 23223
37 836015
38 158
38 159
38 160
38 162
38 129046
39 9
39 10
39 11
39 13
39 163
40 5
40 20
40 99
40 131
40 132
40 133
40 165
40 166
41 3
41 5
41 20
41 222
41 224
41 836016
42 71
42 76
42 190
42 191
42 728529
seqId 44
1 99
1 131
1 132
1 133
1 195
1 1220
1 728530
2 3
2 20
2 195
2 2320
2 16794
2 836017
3 27
3 82
3 759
3 944
3 1463
3 836018
4 4
4 5
4 82
4 83
4 84
4 115
4 763
4 1264
4 836019
5 5
5 84
5 91
5 93
5 121
5 702
5 703
5 705
5 836020
6 20
6 90
6 122
6 195
6 340
6 708
6 769
6 23260
6 168708
6 836021
7 10
7 378
7 379
7 381
7 836022
8 5
8 20
8 99
8 131
8 132
8 133
8 166
8 836023
9 5
9 20
9 202
9 1666
9 1668
9 525395
10 3
10 5
10 20
10 384
10 386
10 836024
11 84
11 91
11 93
11 195
11 703
11 707
11 914
11 1829
11 836025
12 75
12 76
12 77
12 79
12 836026
seqId 45
1 76
1 592
1 593
1 595
1 836027
2 76
2 137
2 138
2 140
2 836028
3 3
3 4
3 36
3 195
3 27550
3 119104
3 119106
3 836029
4 76
4 342
4 343
4 345
4 324564
5 3
5 4
5 195
5 5859
5 14468
5 836030
6 243
6 244
6 245
6 247
6 34026
7 3
7 4
7 5
7 14686
7 14688
7 836031
8 4
8 5
8 202
8 322
8 22672
8 836032
9 158
9 159
9 160
9 162
9 836033
10 9
10 10
10 11
10 13
10 163
11 5
11 20
11 99
11 131
11 132
11 133
11 165
11 166
12 3
12 5
12 20
12 168724
12 168726
12 836034
13 76
13 185
13 186
13 188
13 836035
seqId 46
1 76
1 592
1 593
1 595
1 836036
2 76
2 137
2 138
2 140
2 408451
3 3
3 20
3 195
3 340
3 2081
3 48543
3 836037
4 243
4 244
4 245
4 247
4 836038
5 3
5 20
5 195
5 340
5 12336
5 15959
5 836039
6 76
6 185
6 186
6 188
6 836040
seqId 47
1 76
1 592
1 593
1 595
1 836041
2 76
2 137
2 138
2 140
2 836042
3 3
3 4
3 195
3 32860
3 168739
3 836043
4 195
4 202
4 7906
4 36380
4 836044
5 76
5 185
5 186
5 188
5 836045
seqId 48
1 76
1 592
1 593
1 595
1 836046
2 76
2 137
2 138
2 140
2 398442
3 3
3 4
3 5
3 8050
3 81391
3 836047
4 76
4 342
4 343
4 345
4 423182
5 3
5 4
5 5
5 3199
5 5132
5 836048
6 243
6 244
6 245
6 247
6 608296
7 3
7 4
7 195
7 5512
7 5514
7 408466
8 4
8 195
8 202
8 2923
8 13478
8 836049
9 717
9 718
9 719
9 721
9 608301
10 10
10 146
10 147
10 149
10 722
11 5
11 20
11 99
11 131
11 132
11 133
11 165
11 166
12 3
12 5
12 20
12 2601
12 2603
12 836050
13 230
13 231
13 232
13 234
13 398454
14 9
14 10
14 11
14 13
14 163
15 99
15 131
15 132
15 133
15 195
15 236
15 237
16 3
16 4
16 195
16 340
16 23042
16 34205
16 836051
17 76
17 185
17 186
17 188
17 836052
seqId 49
1 76
1 592
1 593
1 595
1 836053
2 76
2 137
2 138
2 140
2 301024
3 3
3 20
3 195
3 340
3 13609
3 16116
3 836054
4 243
4 244
4 245
4 247
4 1945
5 3
5 20
5 195
5 33272
5 33274
5 836055
6 76
6 185
6 186
6 188
6 836056
seqId 50
1 5
1 20
1 82
1 84
1 85
1 1310
1 28058
1 836057
2 5
2 84
2 91
2 93
2 121
2 702
2 703
2 705
2 836058
3 5
3 20
3 90
3 122
3 708
3 768
3 769
3 771
3 836059
4 3
4 5
4 20
4 1905
4 1907
4 836060
5 10
5 146
5 147
5 149
5 493969
6 99
6 133
6 175
6 176
6 195
6 234
6 493970
7 3
7 20
7 195
7 1320
7 3384
7 836061
8 660
8 1796
8 1797
8 1799
8 408480
9 20
9 195
9 202
9 6690
9 9994
9 120626
10 944
10 945
10 946
10 948
10 836062
11 20
11 195
11 202
11 3386
11 3388
11 836063
12 71
12 76
12 190
12 191
12 836064
seqId 51
1 99
1 131
1 132
1 133
1 195
1 1220
1 836065
2 3
2 20
2 195
2 2034
2 3403
2 608322
3 9
3 10
3 11
3 13
3 301054
4 5
4 27
4 99
4 131
4 132
4 133
4 135
4 301055
5 5
5 67
5 55291
5 55294
5 836066
6 84
6 90
6 91
6 93
6 195
6 914
6 9969
6 40231
6 168779
6 168781
6 836067
7 660
7 3607
7 3608
7 3610
7 836068
8 10
8 146
8 147
8 149
8 186503
9 85
9 99
9 195
9 638
9 640
9 301060
10 3
10 20
10 195
10 2320
10 16794
10 836069
11 71
11 76
11 190
11 191
11 836070
seqId 52
1 5
1 99
1 115
1 773
1 775
1 776
1 2192
1 24360
1 836071
2 3
2 5
2 20
2 1832
2 1834
2 719853
3 5
3 84
3 91
3 93
3 702
3 703
3 914
3 2233
3 836072
4 5
4 20
4 122
4 703
4 707
4 708
4 710
4 301065
5 660
5 3823
5 3824
5 3826
5 836073
6 162
6 660
6 39164
6 168793
6 168794
6 836074
7 5
7 20
7 90
7 122
7 708
7 713
7 168797
7 168798
7 836075
8 10
8 283
8 284
8 286
8 836076
9 5
9 20
9 99
9 131
9 132
9 133
9 166
9 324627
10 3
10 5
10 20
10 2723
10 2725
10 608341
11 67
11 1026
11 3228
11 3229
11 3231
11 3232
11 836077
12 5
12 20
12 202
12 2244
12 2246
12 836078
13 10
13 378
13 379
13 381
13 836079
14 82
14 758
14 759
14 761
14 836080
15 5
15 27
15 99
15 131
15 132
15 133
15 135
15 836081
16 3
16 5
16 20
16 54297
16 54299
16 408512
17 5
17 20
17 202
17 2359
17 8352
17 836082
18 5
18 84
18 90
18 91
18 93
18 914
18 3584
18 20264
18 150932
18 836083
19 10
19 109
19 110
19 112
19 836084
20 3
20 4
20 5
20 49696
20 49698
20 836085
21 4
21 5
21 99
21 133
21 175
21 176
21 178
21 836086
22 3
22 4
22 5
22 147434
22 168814
22 168816
22 836087
23 9
23 10
23 11
23 13
23 836088
24 3
24 20
24 195
24 429
24 4265
24 836089
25 20
25 195
25 202
25 6690
25 9994
25 836090
26 479
26 660
26 5827
26 168821
26 168822
26 836091
27 20
27 90
27 122
27 195
27 708
27 713
27 4530
27 4532
27 836092
28 71
28 76
28 190
28 191
28 836093
seqId 53
1 5
1 27
1 99
1 131
1 132
1 133
1 699
1 168828
2 5
2 67
2 55291
2 55294
2 836094
3 27
3 82
3 84
3 114
3 115
3 116
3 118
3 836095
4 5
4 84
4 91
4 93
4 121
4 703
4 707
4 956
4 668523
5 4
5 5
5 90
5 122
5 708
5 769
5 33058
5 123360
5 668524
6 10
6 7340
6 9033
6 9035
6 836096
7 51
7 195
7 1851
7 1853
7 836097
8 10
8 146
8 147
8 149
8 498153
9 90
9 443
9 2101
9 168835
9 836098
10 717
10 718
10 719
10 721
10 46346
11 10
11 146
11 149
11 722
11 1539
12 5
12 20
12 99
12 131
12 132
12 133
12 165
12 166
13 3
13 5
13 20
13 31629
13 31631
13 836099
14 4
14 5
14 99
14 131
14 132
14 133
14 152
14 423269
15 3
15 4
15 5
15 66415
15 66417
15 836100
16 9
16 10
16 11
16 13
16 352629
17 99
17 115
17 195
17 773
17 774
17 775
17 776
17 3400
17 129181
18 3
18 20
18 195
18 2320
18 16794
18 168843
19 660
19 1377
19 6485
19 6487
19 836101
20 10
20 109
20 110
20 112
20 423276
21 90
21 121
21 122
21 21513
21 126746
21 836102
22 660
22 31346
22 31347
22 31349
22 836103
23 99
23 131
23 132
23 133
23 195
23 237
23 120706
24 3
24 4
24 195
24 2818
24 2820
24 836104
25 4
25 195
25 202
25 5335
25 93080
25 836105
26 71
26 76
26 190
26 191
26 836106
seqId 54
1 244
1 1249
1 2068
1 2070
1 168852
2 4
2 5
2 82
2 83
2 84
2 115
2 763
2 1264
2 92456
3 82
3 84
3 114
3 115
3 116
3 1361
3 736330
4 5
4 84
4 90
4 91
4 93
4 121
4 28061
4 168856
4 836107
5 10
5 146
5 147
5 149
5 836108
6 90
6 443
6 99388
6 168860
6 813171
7 10
7 283
7 284
7 286
7 836109
8 5
8 20
8 99
8 133
8 175
8 176
8 1316
8 344132
9 3
9 5
9 20
9 8981
9 115817
9 168864
9 836110
10 5
10 20
10 202
10 3386
10 10488
10 836111
11 230
11 231
11 232
11 234
11 836112
12 9
12 10
12 11
12 13
12 163
13 99
13 131
13 132
13 133
13 195
13 236
13 237
14 3
14 20
14 72
14 195
14 340
14 1227
14 1229
14 1230
14 1231
14 836113
15 82
15 759
15 2852
15 2854
15 168870
16 4
16 5
16 82
16 83
16 84
16 115
16 763
16 1264
16 836114
17 5
17 84
17 90
17 91
17 93
17 121
17 4180
17 34509
17 836115
18 90
18 443
18 17921
18 24970
18 836116
19 4
19 5
19 99
19 131
19 132
19 133
19 152
19 836117
20 3
20 4
20 5
20 74689
20 74691
20 836118
21 4
21 5
21 202
21 6690
21 30986
21 836119
22 243
22 244
22 245
22 247
22 736347
23 90
23 443
23 26703
23 26705
23 836120
24 4
24 5
24 99
24 131
24 132
24 133
24 152
24 34212
25 3
25 4
25 5
25 4298
25 4300
25 836121
26 4
26 5
26 202
26 10427
26 168882
26 836122
27 71
27 76
27 190
27 191
27 836123
seqId 55
1 99
1 131
1 132
1 133
1 195
1 1220
1 836124
2 3
2 4
2 195
2 3154
2 12349
2 836125
3 243
3 244
3 245
3 247
3 2199
4 3
4 20
4 195
4 1650
4 4819
4 34218
5 9
5 10
5 11
5 13
5 129234
6 5
6 27
6 99
6 131
6 132
6 133
6 135
6 836126
7 5
7 67
7 55291
7 55294
7 836127
8 51
8 195
8 14053
8 167927
8 167929
8 836128
9 84
9 90
9 91
9 93
9 121
9 195
9 40758
9 40760
9 836129
10 10
10 146
10 147
10 149
10 836130
11 5
11 99
11 115
11 773
11 774
11 775
11 776
11 778
11 836131
12 3
12 4
12 5
12 168893
12 168895
12 836132
13 9
13 10
13 24
13 26
13 27
13 836133
14 3
14 4
14 5
14 642
14 23331
14 836134
15 9
15 10
15 24
15 26
15 27
15 836135
16 3
16 5
16 20
16 1019
16 25531
16 836136
17 75
17 76
17 77
17 79
17 836137
18 90
18 443
18 9141
18 10481
18 836138
19 5
19 20
19 99
19 131
19 132
19 133
19 166
19 836139
20 3
20 5
20 20
20 1320
20 1322
20 836140
21 5
21 20
21 202
21 3386
21 10488
21 836141
22 10
22 2408
22 2410
22 10221
22 836142
23 90
23 443
23 38146
23 80105
23 168907
23 168909
23 168910
23 836143
24 4
24 5
24 99
24 131
24 132
24 133
24 152
24 92525
25 3
25 4
25 5
25 15
25 17
25 836144
26 4
26 5
26 202
26 6690
26 30986
26 836145
27 76
27 342
27 343
27 345
27 836146
28 82
28 758
28 759
28 761
28 836147
29 5
29 84
29 90
29 91
29 93
29 121
29 1495
29 28166
29 668596
30 5
30 20
30 99
30 133
30 175
30 176
30 1316
30 836148
31 3
31 5
31 20
31 131238
31 168919
31 186665
32 5
32 20
32 202
32 4011
32 4013
32 186666
33 9
33 10
33 11
33 13
33 186667
34 5
34 27
34 99
34 131
34 132
34 133
34 135
34 836149
35 3
35 4
35 5
35 897
35 899
35 836150
36 158
36 159
36 160
36 162
36 352702
37 9
37 10
37 11
37 13
37 163
38 5
38 20
38 99
38 131
38 132
38 133
38 165
38 166
39 3
39 5
39 20
39 10402
39 41855
39 836151
40 10
40 109
40 110
40 112
40 836152
41 3
41 4
41 5
41 14686
41 14688
41 836153
42 76
42 1267
42 1268
42 1270
42 836154
seqId 56
1 90
1 443
1 1488
1 57815
1 836155
2 243
2 244
2 245
2 247
2 836156
3 90
3 443
3 2514
3 12362
3 836157
4 99
4 131
4 132
4 133
4 195
4 237
4 836158
5 3
5 20
5 195
5 340
5 2297
5 18684
5 38526
5 168934
5 168936
6 243
6 244
6 245
6 247
6 360792
7 99
7 131
7 132
7 133
7 195
7 237
7 836159
8 3
8 20
8 195
8 1806
8 1808
8 1809
8 1810
8 836160
9 10
9 109
9 110
9 112
9 668610
10 82
10 83
10 84
10 115
10 195
10 1824
10 3593
10 836161
11 90
11 121
11 122
11 768
11 113943
11 836162
12 99
12 131
12 132
12 133
12 195
12 237
12 668611
13 3
13 20
13 195
13 1718
13 1720
13 836163
14 20
14 195
14 202
14 1527
14 45176
14 836164
15 243
15 244
15 245
15 247
15 836165
16 20
16 195
16 202
16 16827
16 163906
16 836166
17 9
17 10
17 11
17 13
17 215082
18 90
18 443
18 3686
18 3688
18 398638
19 10
19 146
19 147
19 149
19 423361
20 660
20 3768
20 3769
20 3771
20 836167
21 99
21 115
21 195
21 773
21 775
21 776
21 2192
21 2194
21 836168
22 3
22 4
22 15
22 195
22 4121
22 836169
23 76
23 342
23 343
23 345
23 775973
24 10
24 27
24 1113
24 1114
24 1116
24 836170
25 717
25 718
25 719
25 721
25 836171
26 10
26 146
26 147
26 149
26 722
27 5
27 20
27 99
27 131
27 132
27 133
27 165
27 166
28 3
28 5
28 20
28 2336
28 137578
28 137580
29 9
29 10
29 11
29 13
29 2337
30 4
30 5
30 99
30 131
30 132
30 133
30 152
30 836172
31 3
31 4
31 5
31 8842
31 9174
31 836173
32 230
32 231
32 232
32 234
32 344221
33 9
33 10
33 11
33 13
33 163
34 99
34 131
34 132
34 133
34 195
34 236
34 237
35 3
35 4
35 195
35 340
35 10248
35 10250
35 836174
36 71
36 76
36 190
36 191
36 836175
seqId 57
1 5
1 27
1 99
1 131
1 132
1 133
1 699
1 836176
2 5
2 67
2 55291
2 55294
2 836177
3 5
3 84
3 91
3 93
3 121
3 703
3 707
3 956
3 836178
4 660
4 7237
4 10032
4 10034
4 836179
5 4
5 5
5 202
5 168968
5 168970
5 836180
6 9
6 10
6 11
6 13
6 46539
7 3
7 4
7 5
7 114748
7 114750
7 836181
8 4
8 5
8 202
8 302
8 304
8 836182
9 243
9 244
9 245
9 247
9 836183
10 9
10 10
10 24
10 26
10 27
10 836184
11 3
11 4
11 5
11 14523
11 14525
11 836185
12 4
12 5
12 90
12 122
12 708
12 713
12 1104
12 7382
12 133014
12 836186
13 76
13 342
13 343
13 345
13 836187
14 9
14 10
14 26
14 27
14 2548
14 836188
15 82
15 759
15 5284
15 5286
15 56569
16 99
16 131
16 132
16 133
16 195
16 237
16 56570
17 3
17 4
17 195
17 6862
17 14459
17 836189
18 9
18 10
18 11
18 13
18 408668
19 3
19 4
19 5
19 29374
19 29376
19 836190
20 27
20 82
20 759
20 944
20 1463
20 836191
21 4
21 5
21 82
21 83
21 84
21 115
21 763
21 1264
21 836192
22 5
22 84
22 90
22 91
22 93
22 121
22 2832
22 11345
22 836193
23 10
23 146
23 147
23 149
23 836194
24 5
24 27
24 99
24 131
24 132
24 133
24 135
24 836195
25 3
25 5
25 20
25 1029
25 1031
25 836196
26 76
26 342
26 343
26 345
26 344246
27 3
27 4
27 5
27 7295
27 7297
27 836197
28 10
28 378
28 379
28 381
28 836198
29 99
29 131
29 132
29 133
29 195
29 237
29 836199
30 20
30 195
30 202
30 795
30 2446
30 836200
31 3
31 20
31 195
31 2034
31 3403
31 836201
32 20
32 195
32 202
32 24418
32 24420
32 836202
33 243
33 244
33 245
33 247
33 2399
34 3
34 20
34 195
34 1806
34 1808
34 1809
34 1810
34 836203
35 9
35 10
35 11
35 13
35 719998
36 82
36 84
36 114
36 115
36 116
36 1361
36 776026
37 90
37 443
37 3482
37 7519
37 836204
38 76
38 342
38 343
38 345
38 836205
39 9
39 10
39 26
39 27
39 2548
39 836206
40 82
40 759
40 5284
40 5286
40 215140
41 4
41 5
41 99
41 131
41 132
41 133
41 152
41 836207
42 3
42 4
42 5
42 6862
42 6864
42 301263
43 9
43 10
43 11
43 13
43 301264
44 3
44 4
44 5
44 142157
44 142159
44 836208
45 27
45 82
45 759
45 944
45 1463
45 836209
46 4
46 5
46 82
46 83
46 84
46 115
46 763
46 1264
46 169010
47 5
47 84
47 90
47 91
47 93
47 121
47 3777
47 4766
47 352779
48 9
48 10
48 24
48 26
48 27
48 836210
49 3
49 5
49 20
49 33425
49 33427
49 836211
50 90
50 443
50 1587
50 169014
50 169016
50 836212
51 10
51 1387
51 1388
51 1390
51 56624
52 4
52 5
52 99
52 131
52 132
52 133
52 152
52 56626
53 4
53 5
53 202
53 9960
53 19296
53 836213
54 3
54 4
54 5
54 10683
54 10685
54 836214
55 158
55 159
55 160
55 162
55 836215
56 9
56 10
56 11
56 13
56 163
57 5
57 20
57 99
57 131
57 132
57 133
57 165
57 166
58 3
58 5
58 20
58 2863
58 2865
58 494176
59 5
59 20
59 202
59 5335
59 8517
59 836216
60 76
60 342
60 343
60 345
60 836217
61 243
61 244
61 245
61 247
61 836218
62 27
62 944
62 945
62 1463
62 3308
62 836219
63 4
63 5
63 82
63 83
63 84
63 115
63 763
63 1264
63 836220
64 5
64 84
64 90
64 91
64 93
64 121
64 1104
64 169028
64 169030
64 836221
65 10
65 109
65 110
65 112
65 836222
66 99
66 133
66 175
66 176
66 195
66 234
66 836223
67 3
67 20
67 195
67 169033
67 169035
67 494185
68 20
68 90
68 122
68 195
68 708
68 713
68 10167
68 77589
68 398698
69 9
69 10
69 24
69 26
69 27
69 34406
70 3
70 4
70 5
70 14686
70 14688
70 836224
71 76
71 413
71 414
71 416
71 836225
72 67
72 340
72 587
72 83565
72 169040
72 169041
72 836226
73 76
73 342
73 343
73 345
73 836227
74 67
74 159776
74 159777
74 159779
74 836228
75 76
75 342
75 343
75 345
75 736483
76 67
76 169047
76 169048
76 169050
76 836229
77 71
77 509
77 25601
77 25602
77 25604
77 836230
78 76
78 433
78 434
78 436
78 836231
79 76
79 342
79 343
79 345
79 46619
80 20
80 195
80 202
80 22623
80 169056
80 836232
81 10
81 146
81 147
81 149
81 498318
82 90
82 443
82 4766
82 5065
82 836233
83 76
83 413
83 414
83 416
83 836234
84 509
84 16983
84 41632
84 169059
84 494194
85 76
85 433
85 434
85 436
85 836235
86 90
86 443
86 103597
86 103599
86 836236
87 2822
87 2823
87 2824
87 2826
87 836237
88 10
88 146
88 147
88 149
88 722
89 99
89 131
89 132
89 133
89 195
89 236
89 237
90 3
90 20
90 195
90 1806
90 1808
90 1809
90 1810
90 836238
91 243
91 244
91 245
91 247
91 836239
92 3
92 20
92 195
92 340
92 18684
92 38526
92 168934
92 168936
92 836240
93 71
93 76
93 190
93 191
93 836241
seqId 58
1 4
1 5
1 99
1 131
1 132
1 133
1 811
1 776067
2 3
2 4
2 5
2 4228
2 13593
2 836242
3 9
3 10
3 11
3 13
3 836243
4 3
4 20
4 195
4 340
4 12336
4 15959
4 836244
5 20
5 195
5 202
5 340
5 169072
5 169074
5 836245
6 76
6 413
6 414
6 416
6 836246
7 82
7 83
7 84
7 115
7 2548
7 5729
7 5731
7 129421
8 20
8 90
8 122
8 708
8 713
8 16673
8 16675
8 836247
9 5
9 27
9 99
9 131
9 132
9 133
9 135
9 46644
10 3
10 4
10 5
10 18168
10 18422
10 836248
11 9
11 10
11 11
11 13
11 836249
12 3
12 20
12 195
12 32869
12 92004
12 836250
13 76
13 433
13 434
13 436
13 836251
14 10
14 1010
14 1011
14 1013
14 836252
15 4
15 5
15 99
15 131
15 132
15 133
15 152
15 92723
16 3
16 4
16 5
16 78230
16 78232
16 836253
17 10
17 146
17 147
17 149
17 836254
18 3
18 4
18 5
18 7144
18 7146
18 836255
19 9
19 10
19 11
19 13
19 836256
20 3
20 20
20 195
20 5627
20 40014
20 56693
21 20
21 195
21 202
21 1951
21 18077
21 836257
22 660
22 976
22 979
22 1458
22 836258
23 944
23 945
23 946
23 948
23 608537
24 4
24 5
24 99
24 131
24 132
24 133
24 152
24 92730
25 3
25 4
25 5
25 4900
25 4902
25 836259
26 10
26 146
26 147
26 149
26 2577
27 243
27 244
27 245
27 247
27 836260
28 10
28 828
28 829
28 831
28 836261
29 4
29 5
29 99
29 131
29 132
29 133
29 152
29 836262
30 3
30 4
30 5
30 15
30 17
30 836263
31 84
31 90
31 91
31 93
31 121
31 195
31 35046
31 36150
31 836264
32 10
32 283
32 284
32 286
32 56706
33 99
33 131
33 132
33 133
33 195
33 237
33 836265
34 3
34 4
34 195
34 1542
34 24622
34 836266
35 9
35 10
35 24
35 26
35 27
35 836267
36 443
36 703
36 707
36 2086
36 836268
37 9
37 10
37 11
37 13
37 836269
38 5
38 27
38 99
38 131
38 132
38 133
38 135
38 836270
39 3
39 5
39 20
39 55291
39 55294
39 836271
40 76
40 342
40 343
40 345
40 186833
41 20
41 82
41 84
41 98
41 100
41 102
41 598911
42 82
42 758
42 759
42 761
42 344328
43 27
43 660
43 661
43 910
43 912
43 836272
44 5
44 84
44 90
44 91
44 93
44 121
44 702
44 705
44 836273
45 5
45 20
45 82
45 929
45 169108
45 169110
45 736517
46 660
46 661
46 944
46 948
46 301342
47 9
47 10
47 11
47 13
47 2605
48 660
48 7237
48 10032
48 10034
48 836274
49 5
49 20
49 202
49 169114
49 169116
49 836275
50 71
50 76
50 190
50 191
50 749992
seqId 59
1 99
1 131
1 132
1 133
1 195
1 1220
1 836276
2 76
2 137
2 138
2 140
2 836277
3 3
3 4
3 195
3 38566
3 38568
3 836278
4 76
4 185
4 186
4 188
4 836279
5 4
5 90
5 122
5 195
5 340
5 708
5 713
5 20465
5 20467
5 836280
6 76
6 342
6 343
6 345
6 836281
7 10
7 378
7 379
7 381
7 836282
8 660
8 17966
8 17967
8 17969
8 836283
9 944
9 945
9 946
9 948
9 460922
10 5
10 20
10 99
10 131
10 132
10 133
10 166
10 836284
11 3
11 5
11 20
11 33623
11 68297
11 836285
12 5
12 84
12 93
12 121
12 703
12 707
12 2699
12 4415
12 836286
13 5
13 20
13 90
13 122
13 708
13 713
13 169130
13 169132
13 836287
14 76
14 342
14 343
14 345
14 836288
15 84
15 90
15 91
15 93
15 121
15 195
15 3906
15 27162
15 836289
16 10
16 828
16 829
16 831
16 668716
17 4
17 5
17 99
17 131
17 132
17 133
17 152
17 360938
18 3
18 4
18 5
18 34306
18 34308
18 836290
19 9
19 10
19 24
19 26
19 27
19 836291
20 5
20 20
20 99
20 133
20 175
20 176
20 1316
20 92766
21 3
21 5
21 20
21 429
21 431
21 836292
22 5
22 20
22 202
22 5335
22 8517
22 836293
23 10
23 146
23 147
23 149
23 56752
24 4
24 5
24 202
24 1377
24 12034
24 836294
25 5
25 27
25 99
25 131
25 132
25 133
25 135
25 836295
26 5
26 67
26 55291
26 55294
26 836296
27 243
27 244
27 245
27 247
27 836297
28 5
28 20
28 90
28 122
28 708
28 713
28 18684
28 41068
28 43609
28 124327
28 836298
29 10
29 828
29 829
29 831
29 836299
30 5
30 20
30 99
30 133
30 175
30 176
30 1316
30 56758
31 3
31 5
31 20
31 2863
31 2865
31 836300
32 5
32 20
32 202
32 10523
32 10525
32 836301
33 76
33 342
33 343
33 345
33 836302
34 5
34 20
34 99
34 131
34 132
34 133
34 166
34 608573
35 3
35 5
35 20
35 14940
35 14942
35 836303
36 9
36 10
36 11
36 13
36 360953
37 3
37 20
37 195
37 340
37 2887
37 2889
37 836304
38 243
38 244
38 245
38 247
38 836305
39 9
39 10
39 11
39 13
39 776115
40 3
40 4
40 195
40 6862
40 14459
40 836306
41 9
41 10
41 24
41 26
41 27
41 836307
42 3
42 4
42 5
42 1395
42 5941
42 836308
43 20
43 195
43 202
43 5335
43 5564
43 836309
44 244
44 418
44 419
44 421
44 836310
45 10
45 146
45 147
45 149
45 836311
46 82
46 84
46 85
46 195
46 638
46 640
46 836312
47 76
47 342
47 343
47 345
47 301385
48 4
48 5
48 99
48 131
48 132
48 133
48 152
48 836313
49 3
49 4
49 5
49 5331
49 5333
49 836314
50 10
50 146
50 147
50 149
50 836315
51 85
51 99
51 195
51 13851
51 13853
51 836316
52 3
52 20
52 195
52 5458
52 5460
52 498394
53 10
53 146
53 147
53 149
53 836317
54 3
54 5
54 20
54 429
54 431
54 494269
55 20
55 195
55 202
55 646
55 648
55 836318
56 76
56 413
56 414
56 416
56 836319
57 67
57 1258
57 57345
57 57346
57 57348
57 836320
58 76
58 342
58 343
58 345
58 836321
59 67
59 52779
59 72014
59 82591
59 82592
59 836322
60 76
60 433
60 434
60 436
60 836323
61 76
61 342
61 343
61 345
61 2726
62 5
62 20
62 99
62 131
62 132
62 133
62 166
62 423522
63 3
63 5
63 20
63 145985
63 145987
63 186896
64 9
64 10
64 11
64 13
64 34566
65 3
65 5
65 20
65 2790
65 2792
65 836324
66 660
66 7237
66 10032
66 10034
66 836325
67 5
67 20
67 90
67 122
67 708
67 713
67 1363
67 72457
67 668750
68 243
68 244
68 245
68 247
68 598961
69 5
69 20
69 202
69 169180
69 169182
69 836326
70 99
70 133
70 175
70 176
70 195
70 234
70 2745
71 3
71 20
71 195
71 5458
71 5460
71 836327
72 10
72 146
72 147
72 149
72 836328
73 3
73 5
73 20
73 429
73 431
73 836329
74 9
74 10
74 11
74 13
74 598967
75 5
75 27
75 99
75 131
75 132
75 133
75 135
75 720116
76 5
76 67
76 5929
76 5932
76 5933
76 836330
77 244
77 418
77 419
77 421
77 836331
78 9
78 10
78 11
78 13
78 2757
79 5
79 27
79 99
79 131
79 132
79 133
79 135
79 836332
80 5
80 64
80 67
80 38761
80 38764
80 836333
81 121
81 122
81 702
81 703
81 2506
81 836334
82 5
82 20
82 26
82 90
82 96
82 122
82 708
82 769
82 14727
82 169194
82 169196
82 836335
83 99
83 131
83 132
83 133
83 195
83 237
83 836336
84 3
84 20
84 195
84 2034
84 3403
84 836337
85 9
85 10
85 24
85 26
85 27
85 836338
86 4
86 5
86 99
86 133
86 175
86 176
86 178
86 352925
87 4
87 5
87 67
87 55291
87 55294
87 836339
88 10
88 828
88 831
88 1539
88 186921
89 660
89 2210
89 2211
89 2213
89 598978
90 4
90 5
90 90
90 122
90 708
90 713
90 28112
90 50970
90 836340
91 9
91 10
91 11
91 13
91 836341
92 5
92 20
92 85
92 99
92 1377
92 6487
92 836342
93 3
93 5
93 20
93 9702
93 44909
93 836343
94 5
94 20
94 202
94 1449
94 9927
94 836344
95 76
95 413
95 414
95 416
95 836345
96 244
96 517
96 10253
96 10254
96 720132
97 67
97 3206
97 49941
97 169212
97 169213
97 836346
98 76
98 342
98 343
98 345
98 46787
99 244
99 517
99 10253
99 10254
99 460982
100 67
100 460
100 3206
100 169218
100 169219
100 836347
101 76
101 342
101 343
101 345
101 836348
102 244
102 517
102 10253
102 10254
102 836349
103 3
103 5
103 20
103 56136
103 113887
103 398826
104 76
104 433
104 434
104 436
104 398828
105 76
105 342
105 343
105 345
105 398829
106 9
106 10
106 11
106 13
106 398830
107 90
107 443
107 9486
107 32711
107 32713
107 836350
108 717
108 718
108 719
108 721
108 352945
109 10
109 146
109 147
109 149
109 722
110 5
110 20
110 99
110 131
110 132
110 133
110 165
110 166
111 3
111 5
111 20
111 12983
111 12985
111 352946
112 9
112 10
112 24
112 26
112 27
112 836351
113 90
113 443
113 1587
113 169230
113 169232
113 836352
114 10
114 109
114 112
114 1539
114 836353
115 5
115 20
115 202
115 3828
115 169235
115 169236
116 5
116 99
116 115
116 773
116 775
116 776
116 2192
116 3593
116 836354
117 3
117 4
117 5
117 35089
117 35091
117 836355
118 71
118 76
118 190
118 191
118 836356
seqId 60
1 10
1 109
1 876
1 878
1 836357
2 3
2 4
2 5
2 2732
2 2734
2 836358
3 76
3 342
3 343
3 345
3 525798
4 10
4 283
4 284
4 286
4 836359
5 5
5 20
5 99
5 131
5 132
5 133
5 166
5 736584
6 3
6 5
6 20
6 4345
6 4347
6 836360
7 158
7 159
7 160
7 162
7 460998
8 9
8 10
8 11
8 13
8 163
9 5
9 20
9 99
9 131
9 132
9 133
9 165
9 166
10 5
10 20
10 67
10 4796
10 17548
10 62563
10 836361
11 51
11 195
11 1705
11 1707
11 836362
12 76
12 342
12 343
12 345
12 836363
13 5
13 27
13 99
13 131
13 132
13 133
13 135
13 46812
14 5
14 67
14 55291
14 55294
14 836364
15 5
15 84
15 91
15 93
15 121
15 702
15 703
15 705
15 56928
16 5
16 20
16 90
16 122
16 708
16 769
16 29073
16 164260
16 750110
17 4
17 5
17 99
17 133
17 175
17 176
17 178
17 836365
18 3
18 4
18 5
18 11475
18 11477
18 836366
19 717
19 718
19 719
19 721
19 836367
20 10
20 146
20 147
20 149
20 722
21 5
21 20
21 99
21 131
21 132
21 133
21 165
21 166
22 3
22 5
22 20
22 429
22 431
22 836368
23 5
23 20
23 202
23 1773
23 31090
23 836369
24 5
24 20
24 90
24 122
24 708
24 713
24 4379
24 5722
24 776181
25 10
25 828
25 829
25 831
25 836370
26 4
26 5
26 99
26 131
26 132
26 133
26 152
26 129566
27 4
27 5
27 67
27 52779
27 72014
27 82591
27 836371
28 76
28 342
28 343
28 345
28 836372
29 3
29 5
29 20
29 429
29 431
29 836373
30 660
30 169264
30 169265
30 169267
30 494325
31 659
31 660
31 661
31 2274
31 836374
32 5
32 20
32 90
32 122
32 708
32 713
32 3884
32 3886
32 836375
33 71
33 76
33 190
33 191
33 836376
seqId 61
1 10
1 2408
1 33985
1 33987
1 836377
2 90
2 443
2 7553
2 169274
2 836378
3 660
3 169276
3 169277
3 169279
3 836379
4 5
4 20
4 99
4 131
4 132
4 133
4 166
4 836380
5 3
5 5
5 20
5 87000
5 87002
5 121125
6 10
6 146
6 147
6 149
6 408929
7 4
7 5
7 99
7 131
7 132
7 133
7 152
7 408930
8 4
8 5
8 202
8 169285
8 169287
8 836381
9 3
9 4
9 5
9 63646
9 63648
9 836382
10 9
10 10
10 11
10 13
10 494338
11 67
11 130231
11 130233
11 169289
11 836383
12 9
12 10
12 24
12 26
12 27
12 836384
13 67
13 70218
13 70219
13 70221
13 836385
14 76
14 342
14 343
14 345
14 325013
15 5
15 20
15 99
15 131
15 132
15 133
15 166
15 408941
16 5
16 20
16 67
16 458
16 1692
16 3213
16 69867
16 167933
16 836386
17 27
17 660
17 661
17 910
17 912
17 836387
18 5
18 84
18 90
18 91
18 93
18 121
18 4180
18 34509
18 408946
19 660
19 661
19 1240
19 1242
19 836388
20 90
20 443
20 923
20 27297
20 381902
21 10
21 283
21 284
21 286
21 836389
22 99
22 133
22 175
22 176
22 195
22 234
22 836390
23 3
23 20
23 195
23 5458
23 5460
23 836391
24 9
24 10
24 24
24 26
24 27
24 836392
25 3
25 4
25 5
25 10713
25 10715
25 836393
26 20
26 195
26 202
26 340
26 169306
26 169308
26 836394
27 71
27 76
27 190
27 191
27 836395
seqId 62
1 5
1 20
1 99
1 131
1 132
1 133
1 967
1 344469
2 3
2 5
2 20
2 41849
2 41851
2 836396
3 5
3 20
3 202
3 3001
3 3343
3 599046
4 243
4 244
4 245
4 247
4 301475
5 5
5 20
5 202
5 2923
5 2925
5 836397
6 27
6 660
6 661
6 910
6 912
6 836398
7 5
7 84
7 91
7 93
7 121
7 703
7 707
7 956
7 408965
8 660
8 661
8 1240
8 1242
8 836399
9 660
9 1796
9 1797
9 1799
9 836400
10 5
10 27
10 99
10 131
10 132
10 133
10 135
10 836401
11 3
11 4
11 5
11 239
11 50259
11 836402
12 9
12 10
12 11
12 13
12 498479
13 5
13 27
13 99
13 131
13 132
13 133
13 135
13 187015
14 5
14 67
14 55291
14 55294
14 836403
15 10
15 283
15 284
15 286
15 836404
16 4
16 5
16 99
16 115
16 773
16 774
16 775
16 776
16 3330
16 836405
17 3
17 4
17 5
17 169325
17 169327
17 836406
18 944
18 945
18 946
18 948
18 728943
19 9
19 10
19 11
19 13
19 836407
20 99
20 115
20 195
20 773
20 774
20 775
20 776
20 3400
20 215376
21 3
21 4
21 195
21 340
21 33143
21 36321
21 169332
21 836408
22 4
22 195
22 202
22 340
22 168968
22 168970
22 750167
23 9
23 10
23 11
23 13
23 129625
24 90
24 443
24 5450
24 8909
24 608676
25 2822
25 2823
25 2824
25 2826
25 836409
26 10
26 146
26 147
26 149
26 722
27 99
27 131
27 132
27 133
27 195
27 236
27 237
28 3
28 4
28 195
28 340
28 26519
28 26521
28 34718
29 4
29 195
29 202
29 302
29 1655
29 836410
30 4
30 195
30 202
30 14709
30 14711
30 836411
31 82
31 758
31 759
31 761
31 599067
32 84
32 90
32 91
32 93
32 121
32 195
32 755
32 43032
32 43034
32 836412
33 9
33 10
33 11
33 13
33 836413
34 4
34 5
34 99
34 131
34 132
34 133
34 152
34 599069
35 4
35 5
35 67
35 3042
35 3045
35 836414
36 243
36 244
36 245
36 247
36 423638
37 158
37 159
37 160
37 162
37 599071
38 9
38 10
38 11
38 13
38 163
39 5
39 20
39 99
39 131
39 132
39 133
39 165
39 166
40 3
40 5
40 20
40 5018
40 5020
40 836415
41 76
41 342
41 343
41 345
41 2994
42 3
42 4
42 195
42 340
42 33143
42 36321
42 169332
42 836416
43 4
43 195
43 202
43 1666
43 28037
43 836417
44 10
44 126
44 127
44 129
44 836418
45 99
45 131
45 132
45 133
45 195
45 237
45 836419
46 3
46 20
46 195
46 17780
46 27594
46 836420
47 9
47 10
47 11
47 13
47 836421
48 3
48 20
48 195
48 10402
48 10404
48 836422
49 20
49 195
49 202
49 2923
49 14156
49 836423
50 71
50 76
50 190
50 191
50 836424
seqId 63
1 244
1 1249
1 2068
1 2070
1 34742
2 5
2 27
2 99
2 131
2 132
2 133
2 135
2 836425
3 3
3 4
3 5
3 169360
3 169362
3 498509
4 5
4 84
4 90
4 91
4 93
4 121
4 8207
4 10030
4 494408
5 10
5 146
5 147
5 149
5 836426
6 90
6 443
6 2787
6 13152
6 41069
6 169366
6 836427
7 5
7 20
7 99
7 133
7 175
7 176
7 1316
7 215414
8 5
8 20
8 202
8 1589
8 23961
8 836428
9 3
9 5
9 20
9 77722
9 77724
9 836429
10 9
10 10
10 24
10 26
10 27
10 836430
11 3
11 4
11 5
11 1573
11 1575
11 836431
12 4
12 5
12 202
12 2964
12 51830
12 836432
13 243
13 244
13 245
13 247
13 836433
14 9
14 10
14 11
14 13
14 836434
15 3
15 4
15 5
15 7721
15 7723
15 836435
16 4
16 5
16 202
16 169377
16 169379
16 836436
17 71
17 76
17 190
17 191
17 836437
seqId 64
1 99
1 131
1 132
1 133
1 195
1 1220
1 836438
2 3
2 4
2 195
2 897
2 3520
2 836439
3 9
3 10
3 11
3 13
3 498519
4 5
4 27
4 99
4 131
4 132
4 133
4 135
4 836440
5 2
5 3
5 4
5 5
5 181
5 836441
6 9
6 10
6 11
6 13
6 836442
7 3
7 4
7 5
7 15
7 17
7 836443
8 82
8 84
8 114
8 115
8 116
8 1361
8 836444
9 84
9 90
9 91
9 93
9 121
9 195
9 755
9 4483
9 23817
9 836445
10 10
10 828
10 829
10 831
10 187082
11 4
11 5
11 99
11 133
11 175
11 176
11 178
11 344538
12 660
12 7237
12 10032
12 10034
12 325117
13 4
13 5
13 202
13 169393
13 169395
13 836446
14 3
14 4
14 5
14 4228
14 13593
14 836447
15 4
15 5
15 202
15 302
15 304
15 836448
16 76
16 413
16 414
16 416
16 608746
17 90
17 443
17 25415
17 33649
17 836449
18 99
18 131
18 132
18 133
18 195
18 237
18 836450
19 3
19 4
19 195
19 1742
19 13218
19 836451
20 158
20 159
20 160
20 162
20 409031
21 9
21 10
21 11
21 13
21 163
22 5
22 20
22 99
22 131
22 132
22 133
22 165
22 166
23 5
23 20
23 202
23 1666
23 1668
23 836452
24 3
24 5
24 20
24 384
24 386
24 836453
25 76
25 433
25 434
25 436
25 836454
26 76
26 342
26 343
26 345
26 836455
27 4
27 5
27 202
27 6690
27 30986
27 836456
28 244
28 418
28 419
28 421
28 836457
29 4
29 5
29 202
29 3386
29 6768
29 836458
30 76
30 342
30 343
30 345
30 361134
31 9
31 10
31 11
31 13
31 301568
32 20
32 85
32 99
32 195
32 1951
32 18077
32 215461
33 3
33 20
33 195
33 340
33 167838
33 167840
33 398966
34 243
34 244
34 245
34 247
34 836459
35 10
35 109
35 110
35 112
35 46978
36 3
36 4
36 5
36 813
36 815
36 729010
37 9
37 10
37 11
37 13
37 836460
38 20
38 85
38 99
38 195
38 1951
38 18077
38 813554
39 3
39 20
39 195
39 5627
39 40014
39 836461
40 76
40 1267
40 1268
40 1270
40 423705
41 10
41 828
41 829
41 831
41 836462
42 4
42 5
42 99
42 133
42 175
42 176
42 178
42 836463
43 4
43 5
43 202
43 15583
43 15585
43 836464
44 3
44 4
44 5
44 7803
44 7805
44 836465
45 9
45 10
45 11
45 13
45 344571
46 99
46 115
46 195
46 773
46 774
46 775
46 776
46 3400
46 361148
47 3
47 20
47 195
47 2034
47 3403
47 836466
48 10
48 146
48 147
48 149
48 836467
49 99
49 133
49 175
49 176
49 195
49 234
49 461134
50 3
50 4
50 195
50 2828
50 2830
50 836468
51 4
51 195
51 202
51 302
51 1655
51 836469
52 4
52 90
52 122
52 195
52 340
52 708
52 713
52 11173
52 66856
52 836470
53 244
53 418
53 419
53 421
53 836471
54 659
54 660
54 661
54 2274
54 325162
55 10
55 828
55 829
55 831
55 836472
56 20
56 82
56 84
56 115
56 195
56 1262
56 1824
56 11772
56 836473
57 76
57 342
57 343
57 345
57 836474
58 10
58 109
58 110
58 112
58 423720
59 67
59 3042
59 3043
59 3045
59 836475
60 243
60 244
60 245
60 247
60 215493
61 10
61 146
61 147
61 149
61 344585
62 5
62 27
62 99
62 131
62 132
62 133
62 135
62 325171
63 3
63 5
63 20
63 13830
63 14171
63 836476
64 76
64 1267
64 1268
64 1270
64 836477
65 10
65 828
65 829
65 831
65 836478
66 4
66 5
66 99
66 131
66 132
66 133
66 152
66 301601
67 3
67 4
67 5
67 7803
67 7805
67 836479
68 9
68 10
68 11
68 13
68 344589
69 20
69 82
69 84
69 85
69 195
69 1589
69 2970
69 836480
70 230
70 231
70 232
70 234
70 836481
71 9
71 10
71 11
71 13
71 163
72 99
72 131
72 132
72 133
72 195
72 236
72 237
73 3
73 20
73 195
73 2034
73 3403
73 836482
74 10
74 146
74 147
74 149
74 836483
75 99
75 133
75 175
75 176
75 195
75 234
75 121312
76 3
76 20
76 195
76 10672
76 17040
76 836484
77 9
77 10
77 11
77 13
77 461154
78 3
78 4
78 15
78 195
78 4121
78 836485
79 20
79 195
79 202
79 3001
79 7424
79 836486
80 243
80 244
80 245
80 247
80 720294
81 20
81 195
81 202
81 2923
81 14156
81 836487
82 76
82 1267
82 1268
82 1270
82 836488
83 10
83 828
83 829
83 831
83 409077
84 4
84 5
84 99
84 131
84 132
84 133
84 152
84 720297
85 3
85 4
85 5
85 7803
85 7805
85 836489
86 10
86 146
86 147
86 149
86 836490
87 99
87 133
87 175
87 176
87 195
87 234
87 836491
88 3
88 4
88 195
88 9881
88 34477
88 836492
89 9
89 10
89 11
89 13
89 325197
90 3
90 4
90 5
90 13389
90 13391
90 325198
91 158
91 159
91 160
91 162
91 836493
92 9
92 10
92 11
92 13
92 163
93 5
93 20
93 99
93 131
93 132
93 133
93 165
93 166
94 3
94 5
94 20
94 12336
94 15959
94 836494
95 76
95 413
95 414
95 416
95 57359
96 3
96 20
96 195
96 36979
96 97470
96 836495
97 76
97 342
97 343
97 345
97 344611
98 3
98 20
98 195
98 5661
98 9041
98 836496
99 82
99 83
99 115
99 195
99 595
99 7796
99 9043
99 9045
99 836497
100 20
100 195
100 202
100 693
100 39275
100 836498
101 76
101 342
101 343
101 345
101 187157
102 3
102 4
102 195
102 1970
102 1972
102 836499
103 76
103 342
103 343
103 345
103 836500
104 3
104 4
104 195
104 41432
104 169476
104 836501
105 76
105 25774
105 25775
105 25777
105 836502
106 76
106 433
106 434
106 436
106 498591
107 10
107 109
107 110
107 112
107 729053
108 3
108 4
108 5
108 813
108 815
108 813610
109 9
109 10
109 11
109 13
109 813611
110 20
110 85
110 99
110 195
110 1951
110 18077
110 836503
111 3
111 20
111 195
111 340
111 169483
111 169485
111 836504
112 76
112 342
112 343
112 345
112 129791
113 82
113 83
113 84
113 115
113 2548
113 5729
113 5731
113 836505
114 20
114 90
114 122
114 708
114 713
114 16673
114 16675
114 34923
115 99
115 131
115 132
115 133
115 195
115 237
115 836506
116 3
116 20
116 195
116 51638
116 51640
116 836507
117 9
117 10
117 11
117 13
117 399042
118 4
118 5
118 99
118 131
118 132
118 133
118 152
118 121352
119 3
119 4
119 5
119 20844
119 52591
119 836508
120 9
120 10
120 24
120 26
120 27
120 836509
121 67
121 169496
121 169497
121 169499
121 836510
122 4
122 5
122 202
122 124305
122 169502
122 836511
123 71
123 76
123 190
123 191
123 498603
seqId 65
1 4
1 82
1 84
1 85
1 195
1 1589
1 31729
1 836512
2 230
2 231
2 232
2 234
2 836513
3 9
3 10
3 11
3 13
3 163
4 99
4 131
4 132
4 133
4 195
4 236
4 237
5 3
5 4
5 195
5 2828
5 2830
5 836514
6 4
6 195
6 202
6 302
6 1655
6 836515
7 9
7 10
7 11
7 13
7 836516
8 5
8 27
8 99
8 131
8 132
8 133
8 135
8 836517
9 5
9 67
9 55291
9 55294
9 836518
10 76
10 342
10 343
10 345
10 836519
11 660
11 6695
11 6696
11 6698
11 836520
12 99
12 115
12 195
12 773
12 774
12 775
12 776
12 3400
12 836521
13 3
13 20
13 195
13 2863
13 10735
13 836522
14 20
14 195
14 202
14 5335
14 5564
14 836523
15 76
15 342
15 343
15 345
15 836524
16 84
16 91
16 93
16 121
16 195
16 702
16 703
16 1062
16 836525
17 5
17 20
17 122
17 703
17 707
17 708
17 710
17 836526
18 4
18 90
18 122
18 195
18 340
18 708
18 713
18 110144
18 110146
18 301666
19 243
19 244
19 245
19 247
19 836527
20 4
20 90
20 122
20 195
20 708
20 713
20 1345
20 22505
20 836528
21 10
21 109
21 110
21 112
21 353212
22 3
22 4
22 5
22 3239
22 3241
22 836529
23 10
23 126
23 127
23 129
23 836530
24 5
24 99
24 115
24 773
24 774
24 775
24 776
24 778
24 836531
25 3
25 5
25 20
25 9758
25 9760
25 169527
26 244
26 1249
26 1250
26 1252
26 836532
27 4
27 5
27 99
27 131
27 132
27 133
27 152
27 836533
28 3
28 4
28 5
28 8229
28 12263
28 215578
29 27
29 660
29 661
29 910
29 912
29 836534
30 5
30 84
30 91
30 93
30 121
30 703
30 707
30 956
30 836535
31 660
31 661
31 1240
31 1242
31 836536
32 4
32 5
32 202
32 3899
32 3901
32 836537
33 76
33 342
33 343
33 345
33 57480
34 660
34 24070
34 24072
34 47114
34 169534
35 9
35 10
35 11
35 13
35 47115
36 3
36 5
36 20
36 2985
36 2987
36 836538
37 5
37 20
37 202
37 23315
37 23317
37 836539
38 71
38 76
38 190
38 191
38 836540
seqId 66
1 4
1 5
1 99
1 131
1 132
1 133
1 811
1 129859
2 3
2 4
2 5
2 33368
2 33370
2 836541
3 9
3 10
3 11
3 13
3 836542
4 5
4 27
4 99
4 131
4 132
4 133
4 135
4 836543
5 5
5 67
5 55291
5 55294
5 836544
6 51
6 195
6 14053
6 167927
6 167929
6 836545
7 660
7 661
7 910
7 1234
7 353234
8 4
8 5
8 82
8 83
8 84
8 115
8 152
8 763
8 836546
9 5
9 84
9 90
9 91
9 93
9 121
9 4845
9 4847
9 57502
10 660
10 661
10 12396
10 12398
10 93151
11 10
11 146
11 147
11 149
11 669019
12 82
12 84
12 114
12 115
12 116
12 1361
12 608953
13 90
13 443
13 65951
13 169552
13 836547
14 9
14 10
14 11
14 13
14 121409
15 76
15 137
15 138
15 140
15 836548
16 3
16 4
16 5
16 4884
16 4886
16 836549
17 76
17 185
17 186
17 188
17 836550
18 717
18 718
18 719
18 721
18 836551
19 10
19 146
19 147
19 149
19 722
20 5
20 20
20 99
20 131
20 132
20 133
20 165
20 166
21 3
21 5
21 20
21 18025
21 18027
21 121414
22 5
22 20
22 202
22 37128
22 169561
22 836552
23 158
23 159
23 160
23 162
23 187224
24 9
24 10
24 11
24 13
24 163
25 5
25 20
25 99
25 131
25 132
25 133
25 165
25 166
26 3
26 5
26 20
26 1866
26 1868
26 836553
27 71
27 76
27 190
27 191
27 836554
seqId 67
1 10
1 109
1 876
1 878
1 3397
2 3
2 4
2 5
2 2732
2 2734
2 836555
3 76
3 342
3 343
3 345
3 836556
4 99
4 115
4 195
4 773
4 774
4 775
4 776
4 3400
4 836557
5 3
5 20
5 195
5 2034
5 3403
5 836558
6 27
6 82
6 84
6 114
6 115
6 116
6 118
6 836559
7 84
7 90
7 91
7 93
7 121
7 195
7 1384
7 1845
7 4710
7 169571
7 169573
7 836560
8 76
8 342
8 343
8 345
8 47146
9 10
9 146
9 147
9 149
9 35013
10 3
10 5
10 20
10 7837
10 7839
10 836561
11 5
11 20
11 202
11 6690
11 6692
11 836562
12 76
12 342
12 343
12 345
12 813686
13 10
13 146
13 147
13 149
13 382321
14 90
14 443
14 8835
14 83712
14 836563
15 99
15 115
15 195
15 773
15 775
15 776
15 2192
15 2194
15 836564
16 3
16 20
16 195
16 1320
16 3384
16 353255
17 243
17 244
17 245
17 247
17 353256
18 3
18 4
18 15
18 195
18 4121
18 836565
19 10
19 109
19 110
19 112
19 836566
20 82
20 83
20 84
20 115
20 195
20 237
20 1824
20 47158
21 121
21 122
21 703
21 4766
21 15714
21 836567
22 90
22 443
22 11691
22 14741
22 836568
23 10
23 828
23 831
23 1539
23 836569
24 3
24 5
24 20
24 6890
24 6892
24 399105
25 717
25 718
25 719
25 721
25 836570
26 10
26 146
26 147
26 149
26 722
27 5
27 20
27 99
27 131
27 132
27 133
27 165
27 166
28 3
28 5
28 20
28 34150
28 34152
28 47165
29 9
29 10
29 11
29 13
29 47167
30 4
30 5
30 99
30 131
30 132
30 133
30 152
30 836571
31 3
31 4
31 5
31 169595
31 169597
31 836572
32 9
32 10
32 11
32 13
32 836573
33 4
33 5
33 99
33 131
33 132
33 133
33 152
33 836574
34 3
34 4
34 5
34 313
34 120068
34 836575
35 244
35 418
35 419
35 421
35 836576
36 9
36 10
36 11
36 13
36 836577
37 3
37 4
37 195
37 6862
37 14459
37 836578
38 4
38 90
38 122
38 195
38 340
38 708
38 713
38 789
38 4136
38 836579
39 76
39 342
39 343
39 345
39 382347
40 10
40 1010
40 1011
40 1013
40 836580
41 4
41 82
41 84
41 100
41 195
41 4680
41 4682
41 836581
42 82
42 758
42 759
42 761
42 836582
43 84
43 90
43 91
43 93
43 121
43 195
43 7704
43 58022
43 836583
44 5
44 20
44 99
44 131
44 132
44 133
44 166
44 399117
45 3
45 5
45 20
45 74070
45 74072
45 836584
46 71
46 76
46 190
46 191
46 836585
seqId 68
1 5
1 20
1 99
1 929
1 53413
1 53415
1 836586
2 5
2 20
2 202
2 7021
2 19588
2 836587
3 3
3 5
3 20
3 169612
3 169614
3 836588
4 5
4 20
4 202
4 693
4 33899
4 836589
5 660
5 661
5 910
5 1234
5 35066
6 82
6 84
6 114
6 115
6 116
6 1361
6 836590
7 5
7 84
7 90
7 91
7 93
7 121
7 7785
7 46773
7 750355
8 10
8 2408
8 2410
8 10221
8 836591
9 944
9 945
9 946
9 948
9 720430
10 85
10 99
10 195
10 638
10 640
10 836592
11 3
11 20
11 195
11 2034
11 3403
11 836593
12 9
12 10
12 11
12 13
12 129937
13 5
13 27
13 99
13 131
13 132
13 133
13 135
13 169625
14 5
14 67
14 55291
14 55294
14 836594
15 27
15 660
15 661
15 910
15 912
15 187276
16 82
16 83
16 84
16 115
16 5729
16 5731
16 494669
17 84
17 90
17 93
17 121
17 195
17 755
17 4415
17 169628
17 169629
17 836595
18 90
18 443
18 4379
18 47166
18 836596
19 99
19 131
19 132
19 133
19 195
19 237
19 836597
20 3
20 4
20 195
20 169633
20 169635
20 836598
21 158
21 159
21 160
21 162
21 599280
22 9
22 10
22 11
22 13
22 163
23 5
23 20
23 99
23 131
23 132
23 133
23 165
23 166
24 5
24 20
24 67
24 458
24 1692
24 3213
24 69867
24 167933
24 836599
25 76
25 413
25 414
25 416
25 836600
26 67
26 169639
26 169640
26 169642
26 836601
27 76
27 342
27 343
27 345
27 813728
28 3
28 5
28 20
28 5498
28 5500
28 836602
29 158
29 159
29 160
29 162
29 836603
30 9
30 10
30 11
30 13
30 163
31 5
31 20
31 99
31 131
31 132
31 133
31 165
31 166
32 3
32 5
32 20
32 5018
32 5020
32 836604
33 5
33 20
33 202
33 34785
33 36313
33 836605
34 76
34 342
34 343
34 345
34 35096
35 71
35 509
35 25601
35 25602
35 25604
35 215705
36 76
36 433
36 434
36 436
36 353311
37 71
37 76
37 190
37 191
37 836606
seqId 69
1 5
1 27
1 99
1 131
1 132
1 133
1 699
1 836607
2 3
2 5
2 20
2 2558
2 2560
2 121495
3 9
3 10
3 11
3 13
3 836608
4 5
4 27
4 99
4 131
4 132
4 133
4 135
4 836609
5 5
5 67
5 55291
5 55294
5 836610
6 51
6 195
6 14053
6 167927
6 167929
6 836611
7 10
7 146
7 147
7 149
7 494686
8 4
8 5
8 99
8 131
8 132
8 133
8 152
8 836612
9 3
9 4
9 5
9 51823
9 51825
9 836613
10 4
10 5
10 202
10 6881
10 10515
10 836614
11 5
11 84
11 90
11 91
11 93
11 121
11 13580
11 13582
11 836615
12 660
12 2643
12 2644
12 2646
12 836616
13 10
13 109
13 110
13 112
13 382396
14 5
14 27
14 99
14 131
14 132
14 133
14 135
14 836617
15 3
15 5
15 20
15 8688
15 8690
15 836618
16 660
16 77557
16 77558
16 77560
16 836619
17 5
17 20
17 202
17 10069
17 10071
17 47241
18 9
18 10
18 11
18 13
18 836620
19 99
19 115
19 195
19 773
19 774
19 775
19 776
19 3400
19 836621
20 3
20 4
20 195
20 2828
20 2830
20 836622
21 4
21 195
21 202
21 302
21 1655
21 836623
22 5
22 20
22 90
22 122
22 708
22 713
22 12304
22 69211
22 836624
23 2822
23 2823
23 2824
23 2826
23 344772
24 10
24 146
24 147
24 149
24 722
25 99
25 131
25 132
25 133
25 195
25 236
25 237
26 3
26 20
26 195
26 1806
26 1808
26 1809
26 1810
26 836625
27 243
27 244
27 245
27 247
27 93277
28 3
28 20
28 195
28 340
28 18684
28 38526
28 168934
28 168936
28 836626
29 9
29 10
29 11
29 13
29 836627
30 5
30 27
30 99
30 131
30 132
30 133
30 135
30 836628
31 3
31 4
31 5
31 597
31 599
31 836629
seqId 70
1 51
1 52
1 2054
1 2056
1 836630
2 76
2 592
2 593
2 595
2 836631
3 3
3 4
3 5
3 682
3 684
3 836632
4 9
4 10
4 11
4 13
4 836633
5 5
5 27
5 99
5 131
5 132
5 133
5 135
5 836634
6 3
6 5
6 20
6 4311
6 14516
6 836635
7 3
7 4
7 5
7 15
7 17
7 836636
8 9
8 10
8 11
8 13
8 836637
9 5
9 27
9 99
9 131
9 132
9 133
9 135
9 836638
10 2
10 3
10 4
10 5
10 181
10 836639
seqId 71
1 5
1 27
1 99
1 131
1 132
1 133
1 699
1 836640
2 5
2 67
2 55291
2 55294
2 836641
3 51
3 195
3 14053
3 167927
3 167929
3 836642
4 5
4 84
4 90
4 91
4 93
4 121
4 40231
4 167037
4 168779
4 836643
5 10
5 146
5 147
5 149
5 836644
6 5
6 27
6 99
6 131
6 132
6 133
6 135
6 382426
7 5
7 67
7 5981
7 56315
7 836645
8 51
8 195
8 1707
8 169696
8 169698
8 609063
9 10
9 146
9 147
9 149
9 836646
10 4
10 5
10 82
10 759
10 1432
10 1434
10 836647
11 5
11 99
11 115
11 773
11 774
11 775
11 776
11 778
11 836648
12 3
12 4
12 5
12 81592
12 81594
12 836649
13 5
13 84
13 90
13 91
13 93
13 121
13 442
13 2283
13 423923
14 9
14 10
14 24
14 26
14 27
14 836650
15 443
15 703
15 707
15 2086
15 836651
16 4
16 5
16 90
16 122
16 708
16 713
16 135962
16 169708
16 836652
17 71
17 76
17 190
17 191
17 836653
seqId 72
1 945
1 2473
1 4518
1 4520
1 836654
2 4
2 5
2 82
2 83
2 84
2 115
2 763
2 1264
2 836655
3 27
3 660
3 661
3 910
3 912
3 836656
4 5
4 84
4 91
4 93
4 121
4 702
4 703
4 705
4 836657
5 660
5 661
5 1240
5 1242
5 729226
6 660
6 2509
6 2510
6 2512
6 836658
7 5
7 20
7 90
7 122
7 708
7 769
7 3482
7 3484
7 836659
8 99
8 133
8 175
8 176
8 195
8 234
8 836660
9 3
9 20
9 195
9 11274
9 11276
9 187348
10 10
10 146
10 147
10 149
10 836661
11 4
11 5
11 99
11 131
11 132
11 133
11 152
11 121565
12 3
12 4
12 5
12 14557
12 62086
12 836662
13 4
13 5
13 90
13 122
13 708
13 713
13 789
13 4136
13 836663
14 9
14 10
14 24
14 26
14 27
14 609099
15 3
15 4
15 5
15 61782
15 61784
15 836664
16 230
16 231
16 232
16 234
16 836665
17 9
17 10
17 11
17 13
17 163
18 99
18 131
18 132
18 133
18 195
18 236
18 237
19 3
19 4
19 195
19 340
19 3181
19 3183
19 836666
20 4
20 195
20 202
20 340
20 4904
20 4906
20 836667
21 4
21 90
21 122
21 195
21 708
21 713
21 2787
21 169728
21 169730
21 169731
21 836668
22 67
22 1258
22 57345
22 57346
22 57348
22 836669
23 76
23 342
23 343
23 345
23 836670
24 4
24 5
24 82
24 84
24 115
24 763
24 1264
24 836671
25 5
25 84
25 91
25 93
25 121
25 703
25 707
25 956
25 836672
26 4
26 5
26 90
26 122
26 708
26 713
26 2163
26 12129
26 836673
27 10
27 146
27 147
27 149
27 836674
28 4
28 5
28 99
28 131
28 132
28 133
28 152
28 836675
29 4
29 5
29 67
29 5583
29 5585
29 5586
29 836676
30 10
30 146
30 149
30 2548
30 836677
31 3
31 5
31 20
31 38959
31 38961
31 836678
32 99
32 133
32 175
32 176
32 195
32 234
32 130053
33 3
33 20
33 195
33 429
33 4265
33 836679
34 20
34 90
34 122
34 195
34 708
34 713
34 3686
34 9599
34 836680
35 10
35 109
35 112
35 1539
35 836681
36 3
36 5
36 20
36 5335
36 8517
36 361411
37 10
37 828
37 829
37 831
37 836682
38 99
38 133
38 175
38 176
38 195
38 234
38 836683
39 3
39 20
39 195
39 23221
39 23223
39 836684
40 9
40 10
40 11
40 13
40 836685
41 5
41 20
41 67
41 605
41 607
41 836686
42 243
42 244
42 245
42 247
42 836687
43 99
43 195
43 773
43 776
43 2194
43 836688
44 3
44 195
44 2217
44 8955
44 836689
45 9
45 10
45 11
45 13
45 3684
46 5
46 20
46 67
46 72
46 6363
46 135196
46 140864
46 836690
47 76
47 413
47 414
47 416
47 836691
48 3
48 5
48 20
48 5458
48 49802
48 836692
49 10
49 1010
49 1011
49 1013
49 836693
50 9
50 10
50 24
50 26
50 27
50 836694
51 3
51 5
51 20
51 169759
51 169761
51 836695
52 76
52 1267
52 1268
52 1270
52 93358
seqId 73
1 10
1 378
1 3871
1 3873
1 93359
2 4
2 5
2 99
2 133
2 175
2 176
2 178
2 93360
3 3
3 4
3 5
3 14686
3 14688
3 836696
4 4
4 5
4 90
4 122
4 708
4 713
4 111815
4 111964
4 836697
5 9
5 10
5 11
5 13
5 3711
6 5
6 99
6 131
6 132
6 133
6 135
6 171
6 836698
7 5
7 67
7 74958
7 74960
7 836699
8 158
8 159
8 160
8 162
8 836700
9 9
9 10
9 11
9 13
9 163
10 5
10 20
10 99
10 131
10 132
10 133
10 165
10 166
11 3
11 5
11 20
11 66043
11 119563
11 836701
12 71
12 76
12 190
12 191
12 836702
seqId 74
1 3
1 4
1 195
1 340
1 22751
1 50290
1 142250
1 836703
2 4
2 195
2 202
2 3199
2 4859
2 836704
3 76
3 342
3 343
3 345
3 669188
4 4
4 195
4 202
4 168724
4 169779
4 836705
5 243
5 244
5 245
5 247
5 836706
6 4
6 195
6 202
6 8705
6 37392
6 836707
7 10
7 283
7 284
7 286
7 836708
8 5
8 99
8 131
8 132
8 133
8 135
8 171
8 836709
9 3
9 5
9 20
9 33358
9 35385
9 423978
10 5
10 20
10 202
10 169785
10 169787
10 836710
11 10
11 146
11 147
11 149
11 836711
12 5
12 99
12 131
12 132
12 133
12 135
12 171
12 836712
13 3
13 4
13 5
13 3576
13 3578
13 609147
14 4
14 5
14 202
14 140235
14 144993
14 836713
15 76
15 342
15 343
15 345
15 836714
16 5
16 20
16 202
16 15065
16 131933
16 131935
16 836715
17 76
17 592
17 593
17 595
17 836716
18 5
18 20
18 202
18 15065
18 131938
18 131940
18 836717
19 3
19 20
19 195
19 16951
19 131943
19 361452
20 76
20 433
20 434
20 436
20 836718
21 71
21 76
21 190
21 191
21 353454
seqId 75
1 4
1 5
1 82
1 83
1 84
1 115
1 763
1 4750
1 836719
2 5
2 84
2 91
2 93
2 121
2 703
2 707
2 956
2 836720
3 10
3 378
3 381
3 1539
3 836721
4 5
4 27
4 99
4 131
4 132
4 133
4 135
4 836722
5 3
5 5
5 20
5 26552
5 26554
5 836723
6 3
6 5
6 20
6 2034
6 2036
6 836724
7 5
7 20
7 90
7 122
7 708
7 713
7 3372
7 6990
7 187421
8 717
8 718
8 719
8 721
8 669208
9 10
9 146
9 147
9 149
9 722
10 5
10 20
10 99
10 131
10 132
10 133
10 165
10 166
11 5
11 20
11 67
11 52779
11 72014
11 82591
11 836725
12 20
12 90
12 122
12 195
12 340
12 708
12 713
12 3906
12 82598
12 836726
13 10
13 283
13 284
13 286
13 836727
14 5
14 20
14 99
14 131
14 132
14 133
14 166
14 736995
15 3
15 5
15 20
15 1666
15 1668
15 836728
16 82
16 759
16 2852
16 2854
16 836729
17 5
17 27
17 99
17 131
17 132
17 133
17 135
17 836730
18 3
18 4
18 5
18 24335
18 34594
18 836731
19 660
19 7237
19 10032
19 10034
19 720586
20 4
20 5
20 90
20 122
20 708
20 713
20 3541
20 79566
20 361470
21 76
21 137
21 138
21 140
21 836732
22 509
22 5376
22 5627
22 5629
22 836733
23 509
23 5376
23 17764
23 75405
23 75407
23 599435
24 76
24 185
24 186
24 188
24 836734
25 27
25 660
25 661
25 910
25 912
25 836735
26 5
26 84
26 90
26 91
26 93
26 121
26 169819
26 169821
26 836736
27 660
27 661
27 1240
27 1242
27 836737
28 479
28 660
28 125844
28 169824
28 169825
28 836738
29 5
29 20
29 99
29 131
29 132
29 133
29 166
29 344915
30 3
30 5
30 20
30 41849
30 41851
30 836739
31 9
31 10
31 11
31 13
31 836740
32 5
32 27
32 99
32 131
32 132
32 133
32 135
32 836741
33 2
33 3
33 4
33 5
33 181
33 836742
34 76
34 342
34 343
34 345
34 836743
35 4
35 5
35 90
35 122
35 708
35 713
35 7785
35 8295
35 836744
36 10
36 146
36 147
36 149
36 526246
37 5
37 27
37 99
37 131
37 132
37 133
37 135
37 836745
38 3
38 5
38 20
38 41411
38 93980
38 836746
39 10
39 169838
39 169839
39 169841
39 836747
40 3
40 4
40 5
40 25373
40 25375
40 836748
41 10
41 162
41 94309
41 169844
41 169845
41 836749
42 67
42 52779
42 72014
42 82591
42 82592
42 836750
43 717
43 718
43 719
43 721
43 836751
44 10
44 146
44 147
44 149
44 722
45 5
45 20
45 99
45 131
45 132
45 133
45 165
45 166
46 3
46 5
46 20
46 6840
46 6842
46 836752
47 9
47 10
47 11
47 13
47 526253
48 3
48 20
48 195
48 340
48 54743
48 54745
48 54746
48 836753
49 76
49 342
49 343
49 345
49 836754
50 3
50 20
50 195
50 340
50 23234
50 23236
50 494884
51 243
51 244
51 245
51 247
51 836755
52 20
52 195
52 202
52 2294
52 3837
52 836756
53 3
53 20
53 195
53 2221
53 3410
53 361498
54 9
54 10
54 11
54 13
54 729317
55 3
55 4
55 195
55 313
55 6526
55 836757
56 4
56 195
56 202
56 322
56 324
56 836758
57 71
57 76
57 190
57 191
57 169858
seqId 76
1 5
1 20
1 82
1 83
1 84
1 115
1 763
1 3948
1 399320
2 82
2 83
2 84
2 115
2 5729
2 5731
2 836759
3 5
3 84
3 91
3 93
3 121
3 702
3 703
3 705
3 344939
4 5
4 20
4 90
4 122
4 702
4 708
4 769
4 1903
4 3865
5 660
5 2305
5 2306
5 2308
5 3866
6 4
6 5
6 99
6 133
6 175
6 176
6 178
6 836760
7 3
7 4
7 5
7 169863
7 169864
7 836761
8 82
8 759
8 944
8 948
8 836762
9 5
9 27
9 99
9 131
9 132
9 133
9 135
9 836763
10 5
10 67
10 55291
10 55294
10 836764
11 5
11 84
11 91
11 93
11 121
11 702
11 703
11 705
11 187473
12 5
12 20
12 90
12 122
12 708
12 769
12 47017
12 169871
12 424049
13 90
13 443
13 41115
13 169874
13 836765
14 660
14 2136
14 2137
14 2139
14 836766
15 158
15 159
15 160
15 162
15 836767
16 9
16 10
16 11
16 13
16 163
17 5
17 20
17 99
17 131
17 132
17 133
17 165
17 166
18 5
18 20
18 202
18 1666
18 1668
18 424053
19 3
19 5
19 20
19 384
19 386
19 836768
20 71
20 76
20 190
20 191
20 836769
seqId 77
1 51
1 195
1 1501
1 6279
1 836770
2 3
2 4
2 195
2 11475
2 11807
2 836771
3 10
3 126
3 127
3 129
3 187486
4 99
4 131
4 132
4 133
4 195
4 237
4 187487
5 3
5 20
5 195
5 1684
5 1686
5 836772
6 9
6 10
6 11
6 13
6 836773
7 4
7 5
7 99
7 131
7 132
7 133
7 152
7 836774
8 3
8 4
8 5
8 78230
8 78232
8 836775
9 230
9 231
9 232
9 234
9 836776
10 9
10 10
10 11
10 13
10 163
11 99
11 131
11 132
11 133
11 195
11 236
11 237
12 3
12 20
12 195
12 340
12 12336
12 15959
12 669263
13 76
13 413
13 414
13 416
13 836777
14 51
14 72
14 195
14 1853
14 112130
14 169890
14 836778
15 76
15 433
15 434
15 436
15 836779
16 244
16 19444
16 19445
16 19447
16 836780
17 9
17 10
17 11
17 13
17 121721
18 4
18 5
18 99
18 131
18 132
18 133
18 152
18 130253
19 3
19 4
19 5
19 38982
19 38984
19 836781
20 230
20 231
20 232
20 234
20 836782
21 9
21 10
21 11
21 13
21 163
22 99
22 131
22 132
22 133
22 195
22 236
22 237
23 3
23 20
23 195
23 3906
23 71194
23 836783
24 20
24 195
24 202
24 26382
24 107349
24 836784
25 76
25 413
25 414
25 416
25 836785
26 51
26 72
26 195
26 4169
26 93475
26 169902
26 836786
27 76
27 433
27 434
27 436
27 325668
28 84
28 91
28 93
28 121
28 195
28 702
28 703
28 1062
28 494926
29 5
29 20
29 90
29 122
29 708
29 769
29 2333
29 7738
29 836787
30 5
30 20
30 99
30 133
30 175
30 176
30 1316
30 399360
31 3
31 5
31 20
31 28122
31 28124
31 836788
32 10
32 1387
32 1388
32 1390
32 836789
33 4
33 5
33 99
33 133
33 175
33 176
33 178
33 836790
34 3
34 4
34 5
34 4779
34 12778
34 836791
35 90
35 121
35 122
35 702
35 2506
35 836792
36 3
36 4
36 5
36 21656
36 21658
36 836793
37 76
37 342
37 343
37 345
37 836794
38 945
38 2473
38 2474
38 2476
38 409412
39 4
39 5
39 82
39 83
39 84
39 115
39 763
39 1264
39 836795
40 5
40 84
40 90
40 91
40 93
40 121
40 39316
40 169917
40 836796
41 76
41 342
41 343
41 345
41 836797
42 10
42 146
42 147
42 149
42 836798
43 90
43 443
43 1488
43 57815
43 836799
44 660
44 5049
44 5050
44 5052
44 836800
45 660
45 11739
45 11740
45 11742
45 836801
46 10
46 109
46 110
46 112
46 187519
47 5
47 99
47 115
47 773
47 774
47 775
47 776
47 778
47 750544
48 3
48 5
48 20
48 1325
48 1327
48 361550
49 5
49 27
49 99
49 131
49 132
49 133
49 135
49 399386
50 2
50 3
50 4
50 5
50 181
50 836802
51 82
51 758
51 759
51 761
51 836803
52 5
52 84
52 90
52 91
52 92
52 93
52 1648
52 120619
52 169931
52 836804
53 10
53 146
53 147
53 149
53 461501
54 5
54 27
54 99
54 131
54 132
54 133
54 135
54 836805
55 5
55 67
55 55291
55 55294
55 836806
56 51
56 195
56 14053
56 167927
56 167929
56 836807
57 71
57 76
57 190
57 191
57 836808
seqId 78
1 5
1 27
1 99
1 131
1 132
1 133
1 699
1 836809
2 5
2 67
2 55291
2 55294
2 836810
3 5
3 84
3 91
3 93
3 703
3 707
3 914
3 916
3 836811
4 3
4 4
4 5
4 6046
4 6048
4 836812
5 4
5 5
5 202
5 1104
5 14792
5 37550
5 836813
6 158
6 159
6 160
6 162
6 424101
7 9
7 10
7 11
7 13
7 163
8 5
8 20
8 99
8 131
8 132
8 133
8 165
8 166
9 3
9 5
9 20
9 429
9 431
9 47511
10 67
10 4796
10 17548
10 62563
10 62564
10 836814
11 51
11 195
11 1705
11 1707
11 836815
12 71
12 76
12 190
12 191
12 353563
seqId 79
1 99
1 131
1 132
1 133
1 195
1 1220
1 836816
2 51
2 195
2 1501
2 1503
2 836817
3 3
3 20
3 195
3 4862
3 4864
3 836818
4 10
4 109
4 110
4 112
4 836819
5 3
5 5
5 20
5 646
5 25589
5 836820
6 76
6 413
6 414
6 416
6 836821
7 67
7 52779
7 72014
7 82591
7 82592
7 836822
8 243
8 244
8 245
8 247
8 93541
9 67
9 5583
9 5585
9 5586
9 135171
9 836823
10 76
10 433
10 434
10 436
10 836824
11 84
11 91
11 93
11 121
11 195
11 702
11 703
11 1062
11 836825
12 5
12 20
12 90
12 122
12 708
12 769
12 48635
12 116561
12 836826
13 10
13 146
13 147
13 149
13 836827
14 5
14 27
14 99
14 131
14 132
14 133
14 135
14 836828
15 5
15 67
15 55291
15 55294
15 836829
16 85
16 99
16 195
16 13851
16 13853
16 836830
17 3
17 20
17 195
17 2778
17 8080
17 836831
18 20
18 195
18 202
18 7169
18 7171
18 836832
19 243
19 244
19 245
19 247
19 836833
20 20
20 195
20 202
20 340
20 169967
20 169969
20 836834
21 660
21 7237
21 10032
21 10034
21 169971
22 660
22 3768
22 3769
22 3771
22 361581
23 20
23 90
23 122
23 195
23 442
23 708
23 769
23 169974
23 836835
24 10
24 378
24 379
24 381
24 325737
25 90
25 443
25 1587
25 35515
25 169977
25 169978
26 5
26 20
26 99
26 133
26 175
26 176
26 1316
26 836836
27 3
27 5
27 20
27 47573
27 47575
27 836837
28 5
28 20
28 202
28 11147
28 11149
28 836838
29 660
29 3823
29 3824
29 3826
29 836839
30 5
30 20
30 90
30 122
30 708
30 713
30 1363
30 72457
30 836840
31 243
31 244
31 245
31 247
31 836841
32 660
32 2310
32 2311
32 2313
32 187563
33 10
33 109
33 110
33 112
33 47561
34 3
34 5
34 20
34 169988
34 169990
34 836842
35 10
35 7340
35 9033
35 9035
35 836843
36 4
36 5
36 98
36 99
36 100
36 1927
36 836844
37 3
37 4
37 5
37 729
37 4454
37 836845
38 51
38 195
38 1879
38 1881
38 836846
39 71
39 76
39 190
39 191
39 599558
seqId 80
1 5
1 20
1 99
1 929
1 53413
1 53415
1 836847
2 3
2 5
2 20
2 2558
2 2560
2 836848
3 5
3 20
3 202
3 1449
3 9927
3 836849
4 244
4 517
4 10253
4 10254
4 121815
5 5
5 20
5 202
5 18773
5 18775
5 836850
6 27
6 660
6 661
6 910
6 912
6 836851
7 82
7 83
7 84
7 109
7 112
7 115
7 170002
8 5
8 84
8 91
8 93
8 121
8 702
8 703
8 705
8 836852
9 10
9 109
9 110
9 112
9 836853
10 3
10 4
10 5
10 2732
10 2734
10 836854
11 5
11 20
11 90
11 122
11 708
11 769
11 18530
11 35983
11 137197
11 836855
12 71
12 76
12 190
12 191
12 836856
seqId 81
1 10
1 283
1 3640
1 3642
1 461551
2 5
2 20
2 99
2 131
2 132
2 133
2 166
2 325769
3 3
3 5
3 20
3 4784
3 45671
3 325770
4 67
4 307
4 308
4 310
4 311
4 836857
5 76
5 342
5 343
5 345
5 345057
6 5
6 99
6 115
6 773
6 774
6 775
6 776
6 778
6 836858
7 3
7 5
7 20
7 951
7 953
7 836859
8 9
8 10
8 11
8 13
8 836860
9 3
9 4
9 5
9 15
9 17
9 836861
10 5
10 84
10 91
10 93
10 121
10 703
10 707
10 956
10 836862
11 660
11 3252
11 3253
11 3255
11 836863
12 5
12 27
12 99
12 131
12 132
12 133
12 135
12 836864
13 3
13 4
13 5
13 14686
13 14688
13 836865
14 76
14 342
14 343
14 345
14 361617
15 99
15 115
15 195
15 773
15 774
15 775
15 776
15 3400
15 729437
16 3
16 20
16 195
16 1650
16 4819
16 836866
17 4
17 5
17 99
17 131
17 132
17 133
17 152
17 121833
18 3
18 4
18 5
18 34518
18 34520
18 836867
19 230
19 231
19 232
19 234
19 836868
20 9
20 10
20 11
20 13
20 163
21 99
21 131
21 132
21 133
21 195
21 236
21 237
22 3
22 20
22 195
22 340
22 5018
22 5020
22 836869
23 20
23 195
23 202
23 36111
23 69954
23 345075
24 243
24 244
24 245
24 247
24 609333
25 230
25 231
25 232
25 234
25 526366
26 9
26 10
26 11
26 13
26 163
27 99
27 131
27 132
27 133
27 195
27 236
27 237
28 3
28 20
28 195
28 2723
28 3278
28 836870
29 90
29 121
29 122
29 1274
29 4670
29 836871
30 10
30 1605
30 1606
30 1608
30 836872
31 20
31 82
31 84
31 115
31 195
31 1262
31 1824
31 11772
31 836873
32 76
32 342
32 343
32 345
32 836874
33 3
33 4
33 5
33 34518
33 34520
33 836875
34 4
34 5
34 90
34 122
34 708
34 713
34 1345
34 4853
34 353630
35 717
35 718
35 719
35 721
35 216075
36 10
36 146
36 147
36 149
36 722
37 5
37 20
37 99
37 131
37 132
37 133
37 165
37 166
38 3
38 5
38 20
38 14392
38 14394
38 836876
39 9
39 10
39 11
39 13
39 302196
40 4
40 5
40 82
40 84
40 100
40 4680
40 7233
40 836877
41 158
41 159
41 160
41 162
41 836878
42 9
42 10
42 11
42 13
42 163
43 5
43 20
43 99
43 131
43 132
43 133
43 165
43 166
44 3
44 5
44 20
44 5018
44 5020
44 836879
45 5
45 20
45 202
45 21185
45 41254
45 836880
46 76
46 342
46 343
46 345
46 526378
47 3
47 5
47 20
47 21305
47 170036
47 836881
48 660
48 3768
48 3769
48 3771
48 170038
49 660
49 2347
49 2348
49 2350
49 836882
50 27
50 944
50 945
50 1463
50 3308
50 836883
51 5
51 20
51 81
51 82
51 83
51 84
51 85
51 87
51 836884
52 660
52 661
52 910
52 1234
52 836885
53 5
53 20
53 82
53 83
53 84
53 115
53 166
53 763
53 737163
54 5
54 84
54 90
54 91
54 93
54 121
54 23744
54 30039
54 836886
55 230
55 231
55 232
55 234
55 58180
56 9
56 10
56 11
56 13
56 163
57 99
57 131
57 132
57 133
57 195
57 236
57 237
58 3
58 4
58 195
58 1913
58 78733
58 836887
59 4
59 195
59 202
59 340
59 170045
59 170047
59 836888
60 71
60 76
60 190
60 191
60 609364
seqId 82
1 5
1 27
1 99
1 131
1 132
1 133
1 699
1 836889
2 3
2 5
2 20
2 1650
2 3499
2 836890
3 5
3 84
3 91
3 93
3 121
3 703
3 707
3 956
3 836891
4 660
4 1622
4 1623
4 1625
4 836892
5 9
5 10
5 11
5 13
5 836893
6 90
6 443
6 9952
6 9954
6 836894
7 13
7 99
7 133
7 175
7 176
7 195
7 836895
8 20
8 195
8 202
8 10398
8 10400
8 836896
9 3
9 20
9 195
9 10402
9 10404
9 836897
10 20
10 195
10 202
10 95473
10 170058
10 836898
11 9
11 10
11 24
11 26
11 27
11 836899
12 4
12 5
12 99
12 133
12 175
12 176
12 178
12 836900
13 3
13 4
13 5
13 5469
13 5471
13 836901
14 9
14 10
14 11
14 13
14 302220
15 90
15 443
15 1064
15 8149
15 836902
16 5
16 20
16 99
16 131
16 132
16 133
16 166
16 382719
17 3
17 5
17 20
17 170066
17 170068
17 836903
18 10
18 283
18 284
18 286
18 729488
19 5
19 27
19 99
19 131
19 132
19 133
19 135
19 345111
20 3
20 4
20 5
20 597
20 599
20 836904
21 243
21 244
21 245
21 247
21 836905
22 4
22 195
22 202
22 27620
22 27622
22 836906
23 9
23 10
23 24
23 26
23 27
23 836907
24 4
24 5
24 202
24 2294
24 2296
24 836908
25 3
25 4
25 5
25 5469
25 5471
25 836909
26 9
26 10
26 24
26 26
26 27
26 35650
27 90
27 443
27 2990
27 34548
27 35651
28 99
28 115
28 195
28 773
28 775
28 776
28 2192
28 2194
28 836910
29 3
29 4
29 195
29 3846
29 3848
29 836911
30 4
30 195
30 202
30 340
30 4904
30 4906
30 836912
31 10
31 146
31 147
31 149
31 836913
32 99
32 133
32 175
32 176
32 195
32 234
32 836914
33 3
33 20
33 195
33 2943
33 36731
33 836915
34 20
34 72
34 195
34 202
34 340
34 5024
34 51142
34 170084
34 836916
35 82
35 759
35 5284
35 5286
35 47713
36 5
36 27
36 99
36 131
36 132
36 133
36 135
36 836917
37 3
37 4
37 5
37 36392
37 36394
37 836918
38 76
38 342
38 343
38 345
38 609408
39 5
39 27
39 99
39 131
39 132
39 133
39 135
39 836919
40 3
40 4
40 5
40 38630
40 38632
40 836920
41 76
41 342
41 343
41 345
41 121905
42 4
42 5
42 99
42 131
42 132
42 133
42 152
42 121906
43 3
43 4
43 5
43 30555
43 30557
43 720782
44 9
44 10
44 11
44 13
44 836921
45 90
45 443
45 7291
45 43215
45 170097
45 170099
45 836922
46 243
46 244
46 245
46 247
46 345134
47 9
47 10
47 24
47 26
47 27
47 836923
48 90
48 443
48 3446
48 3448
48 836924
49 84
49 91
49 93
49 121
49 195
49 703
49 707
49 1858
49 836925
50 4
50 90
50 122
50 195
50 340
50 708
50 713
50 31811
50 170104
50 836926
51 244
51 19890
51 19891
51 19893
51 836927
52 4
52 90
52 122
52 195
52 708
52 713
52 4561
52 7537
52 170107
52 170109
52 836928
53 10
53 146
53 147
53 149
53 345142
54 5
54 99
54 115
54 773
54 775
54 776
54 2192
54 3593
54 187676
55 4
55 5
55 202
55 8913
55 8915
55 609427
56 3
56 4
56 5
56 13716
56 13718
56 836929
57 71
57 76
57 190
57 191
57 836930
seqId 83
1 660
1 2547
1 2548
1 2550
1 836931
2 717
2 718
2 719
2 721
2 599646
3 10
3 146
3 147
3 149
3 722
4 5
4 20
4 99
4 131
4 132
4 133
4 165
4 166
5 3
5 5
5 20
5 9146
5 9148
5 836932
6 76
6 342
6 343
6 345
6 170119
7 5
7 20
7 82
7 83
7 84
7 115
7 763
7 1002
7 58279
8 5
8 84
8 91
8 93
8 121
8 702
8 703
8 705
8 47748
9 5
9 20
9 90
9 122
9 708
9 769
9 48635
9 116561
9 499064
10 10
10 146
10 147
10 149
10 499065
11 5
11 27
11 99
11 131
11 132
11 133
11 135
11 836933
12 2
12 3
12 4
12 5
12 181
12 836934
13 9
13 10
13 24
13 26
13 27
13 526430
14 90
14 443
14 1488
14 57815
14 121926
15 85
15 99
15 195
15 13851
15 13853
15 836935
16 3
16 20
16 195
16 10402
16 10404
16 836936
17 20
17 195
17 202
17 13830
17 13832
17 325882
18 76
18 413
18 414
18 416
18 836937
19 67
19 39411
19 39413
19 74972
19 836938
20 76
20 342
20 343
20 345
20 836939
21 67
21 58769
21 58770
21 58772
21 836940
22 76
22 433
22 434
22 436
22 737279
23 10
23 378
23 379
23 381
23 836941
24 85
24 99
24 195
24 638
24 640
24 836942
25 3
25 20
25 195
25 8773
25 8775
25 836943
26 71
26 76
26 190
26 191
26 461677
seqId 84
1 244
1 1249
1 2068
1 2070
1 836944
2 5
2 20
2 27
2 82
2 84
2 98
2 100
2 2487
2 353743
3 5
3 84
3 91
3 93
3 121
3 703
3 707
3 956
3 836945
4 4
4 5
4 99
4 131
4 132
4 133
4 152
4 836946
5 3
5 4
5 5
5 25430
5 25432
5 526441
6 9
6 10
6 11
6 13
6 836947
7 3
7 20
7 195
7 7111
7 7113
7 836948
8 20
8 195
8 202
8 6690
8 9994
8 836949
9 660
9 1539
9 2347
9 2350
9 353751
10 944
10 945
10 946
10 948
10 836950
11 9
11 10
11 11
11 13
11 93754
12 5
12 27
12 99
12 131
12 132
12 133
12 135
12 836951
13 3
13 4
13 5
13 4804
13 33065
13 836952
14 4
14 5
14 202
14 3386
14 6768
14 836953
15 71
15 76
15 190
15 191
15 93757
seqId 85
1 5
1 20
1 82
1 83
1 84
1 115
1 763
1 3948
1 382793
2 82
2 83
2 84
2 109
2 112
2 115
2 121956
3 5
3 84
3 90
3 91
3 93
3 121
3 3830
3 28470
3 121957
4 99
4 133
4 175
4 176
4 195
4 234
4 836954
5 67
5 195
5 55291
5 55294
5 361743
6 10
6 1010
6 1011
6 1013
6 836955
7 99
7 133
7 175
7 176
7 195
7 234
7 121959
8 3
8 20
8 195
8 340
8 170157
8 170159
8 836956
9 158
9 159
9 160
9 162
9 609472
10 9
10 10
10 11
10 13
10 163
11 5
11 20
11 99
11 131
11 132
11 133
11 165
11 166
12 5
12 20
12 202
12 1718
12 57849
12 836957
13 3
13 5
13 20
13 15215
13 65093
13 131674
13 836958
14 75
14 76
14 77
14 79
14 836959
15 5
15 99
15 115
15 773
15 775
15 776
15 2192
15 3593
15 836960
16 3
16 5
16 20
16 136587
16 136589
16 836961
17 243
17 244
17 245
17 247
17 187716
18 5
18 99
18 115
18 773
18 775
18 776
18 2192
18 3593
18 836962
19 3
19 5
19 20
19 170169
19 170171
19 836963
20 84
20 90
20 91
20 93
20 121
20 195
20 77634
20 83503
20 836964
21 9
21 10
21 11
21 13
21 836965
22 20
22 82
22 84
22 100
22 195
22 4680
22 6827
22 836966
23 230
23 231
23 232
23 234
23 302328
24 9
24 10
24 11
24 13
24 163
25 99
25 131
25 132
25 133
25 195
25 236
25 237
26 3
26 20
26 195
26 340
26 170176
26 170178
26 836967
27 82
27 758
27 759
27 761
27 729574
28 82
28 83
28 84
28 115
28 5729
28 5731
28 836968
29 84
29 90
29 91
29 93
29 121
29 195
29 755
29 170181
29 170183
29 836969
30 10
30 146
30 147
30 149
30 836970
31 5
31 20
31 99
31 133
31 175
31 176
31 1316
31 382814
32 3
32 5
32 20
32 26552
32 26554
32 836971
33 71
33 509
33 5178
33 16138
33 95651
33 836972
seqId 86
1 51
1 52
1 1705
1 1707
1 836973
2 76
2 592
2 593
2 595
2 836974
3 3
3 20
3 195
3 9675
3 14622
3 836975
4 243
4 244
4 245
4 247
4 836976
5 3
5 4
5 195
5 897
5 3520
5 836977
6 9
6 10
6 11
6 13
6 836978
7 3
7 4
7 5
7 15
7 17
7 836979
seqId 87
1 76
1 413
1 414
1 416
1 836980
2 10
2 378
2 379
2 381
2 130690
3 5
3 27
3 99
3 131
3 132
3 133
3 135
3 836981
4 2
4 3
4 4
4 5
4 181
4 836982
5 244
5 19444
5 19445
5 19447
5 836983
6 10
6 828
6 829
6 831
6 836984
7 3
7 4
7 5
7 642
7 23331
7 836985
8 244
8 418
8 419
8 421
8 836986
9 3
9 5
9 20
9 1684
9 13711
9 836987
10 76
10 433
10 434
10 436
10 836988
seqId 88
1 3
1 5
1 20
1 4038
1 4040
1 836989
2 5
2 202
2 302
2 304
2 836990
seqId 89
1 5
1 27
1 99
1 131
1 132
1 133
1 699
1 836991
2 3
2 4
2 5
2 897
2 899
2 669505
3 4
3 5
3 202
3 302
3 304
3 836992
4 9
4 10
4 11
4 13
4 599705
5 5
5 27
5 99
5 131
5 132
5 133
5 135
5 836993
6 5
6 67
6 55291
6 55294
6 836994
7 10
7 27969
7 27970
7 27972
7 836995
8 5
8 20
8 99
8 131
8 132
8 133
8 166
8 302367
9 3
9 5
9 20
9 384
9 386
9 836996
10 82
10 758
10 759
10 761
10 836997
11 27
11 82
11 84
11 114
11 115
11 116
11 118
11 4402
12 5
12 84
12 90
12 91
12 93
12 121
12 4405
12 22166
12 46137
13 27
13 660
13 661
13 910
13 912
13 836998
14 5
14 84
14 91
14 93
14 121
14 702
14 703
14 705
14 382850
15 5
15 20
15 90
15 122
15 708
15 769
15 3541
15 3543
15 836999
16 4
16 5
16 99
16 928
16 929
16 16523
16 837000
17 3
17 4
17 5
17 170220
17 170222
17 325955
18 10
18 828
18 829
18 831
18 302379
19 3
19 5
19 20
19 2723
19 2725
19 837001
20 717
20 718
20 719
20 721
20 837002
21 10
21 146
21 147
21 149
21 722
22 5
22 20
22 99
22 131
22 132
22 133
22 165
22 166
23 5
23 20
23 202
23 2244
23 2246
23 837003
24 3
24 5
24 20
24 384
24 386
24 837004
25 76
25 342
25 343
25 345
25 187761
26 660
26 3768
26 3769
26 3771
26 837005
27 717
27 718
27 719
27 721
27 382863
28 10
28 146
28 149
28 722
28 1539
29 5
29 20
29 99
29 131
29 132
29 133
29 165
29 166
30 3
30 5
30 20
30 31629
30 31631
30 837006
31 71
31 76
31 190
31 191
31 837007
seqId 90
1 4
1 5
1 82
1 83
1 84
1 115
1 763
1 4750
1 837008
2 82
2 84
2 114
2 115
2 116
2 1361
2 399668
3 5
3 84
3 90
3 91
3 93
3 121
3 35811
3 54798
3 54800
4 10
4 109
4 110
4 112
4 4438
5 51
5 195
5 1368
5 1370
5 837009
6 3
6 20
6 195
6 3394
6 41173
6 750746
7 90
7 121
7 122
7 4288
7 33390
7 837010
8 4
8 5
8 99
8 131
8 132
8 133
8 152
8 599730
9 3
9 4
9 5
9 51823
9 51825
9 837011
10 9
10 10
10 11
10 13
10 382879
11 5
11 27
11 99
11 131
11 132
11 133
11 135
11 382880
12 5
12 67
12 58541
12 58543
12 837012
13 9
13 10
13 11
13 13
13 47892
14 3
14 4
14 5
14 34668
14 36123
14 837013
15 4
15 5
15 202
15 1104
15 169180
15 169182
15 837014
16 75
16 76
16 77
16 79
16 837015
seqId 91
1 76
1 592
1 593
1 595
1 837016
2 9
2 10
2 24
2 26
2 27
2 837017
3 4
3 5
3 99
3 133
3 175
3 176
3 178
3 837018
4 3
4 4
4 5
4 5469
4 5471
4 837019
5 76
5 342
5 343
5 345
5 837020
6 5
6 27
6 99
6 131
6 132
6 133
6 135
6 837021
7 3
7 4
7 5
7 897
7 899
7 837022
8 121
8 122
8 702
8 703
8 2506
8 814193
9 5
9 20
9 90
9 122
9 708
9 9250
9 25965
9 837023
10 5
10 27
10 99
10 131
10 132
10 133
10 135
10 47901
11 3
11 5
11 20
11 3394
11 3396
11 837024
12 230
12 231
12 232
12 234
12 837025
13 9
13 10
13 11
13 13
13 163
14 99
14 131
14 132
14 133
14 195
14 236
14 237
15 3
15 20
15 195
15 2034
15 3403
15 495173
16 76
16 1267
16 1268
16 1270
16 837026
seqId 92
1 76
1 592
1 593
1 595
1 495176
2 660
2 818
2 819
2 821
2 837027
3 76
3 342
3 343
3 345
3 122051
4 5
4 27
4 99
4 131
4 132
4 133
4 135
4 837028
5 3
5 4
5 5
5 897
5 899
5 837029
6 121
6 122
6 702
6 703
6 2506
6 837030
7 5
7 20
7 90
7 122
7 708
7 4288
7 4290
7 461765
8 82
8 84
8 85
8 195
8 638
8 640
8 58500
9 230
9 231
9 232
9 234
9 837031
10 9
10 10
10 11
10 13
10 163
11 99
11 131
11 132
11 133
11 195
11 236
11 237
12 3
12 20
12 195
12 2034
12 3403
12 837032
13 76
13 1267
13 1268
13 1270
13 837033
seqId 93
1 76
1 592
1 593
1 595
1 216315
2 244
2 19444
2 19445
2 19447
2 837034
3 5
3 27
3 99
3 131
3 132
3 133
3 135
3 837035
4 3
4 4
4 5
4 897
4 899
4 837036
5 9
5 10
5 11
5 13
5 361842
6 3
6 20
6 195
6 2034
6 3403
6 837037
7 20
7 195
7 202
7 6690
7 9994
7 837038
8 10
8 109
8 110
8 112
8 461774
9 3
9 5
9 20
9 4862
9 9651
9 837039
10 10
10 1387
10 1388
10 1390
10 837040
11 26
11 27
11 99
11 133
11 175
11 176
11 195
11 837041
12 4
12 195
12 202
12 2294
12 3837
12 837042
13 2
13 3
13 4
13 195
13 4286
13 837043
14 76
14 342
14 343
14 345
14 58520
15 195
15 202
15 646
15 648
15 58521
16 244
16 418
16 419
16 421
16 326021
17 195
17 202
17 8082
17 8084
17 837044
18 76
18 1267
18 1268
18 1270
18 837045
seqId 94
1 76
1 592
1 593
1 595
1 837046
2 660
2 5049
2 5050
2 5052
2 837047
3 5
3 27
3 99
3 131
3 132
3 133
3 135
3 837048
4 3
4 4
4 5
4 897
4 899
4 35890
5 4
5 5
5 202
5 6690
5 30986
5 837049
6 244
6 1249
6 1250
6 1252
6 837050
7 10
7 109
7 110
7 112
7 58530
8 3
8 5
8 20
8 2723
8 2725
8 837051
9 10
9 1387
9 1388
9 1390
9 130796
10 99
10 131
10 132
10 133
10 195
10 237
10 837052
11 3
11 4
11 195
11 2359
11 2361
11 837053
12 4
12 90
12 122
12 195
12 340
12 708
12 713
12 64882
12 64884
12 837054
13 71
13 76
13 190
13 191
13 837055
seqId 95
1 3
1 4
1 195
1 1742
1 1744
1 837056
2 4
2 195
2 202
2 15437
2 15439
2 837057
seqId 96
1 98
1 99
1 100
1 195
1 8870
1 382944
2 3
2 4
2 195
2 1742
2 13218
2 837058
3 4
3 90
3 122
3 195
3 708
3 713
3 15439
3 62898
3 837059
4 84
4 90
4 91
4 93
4 121
4 195
4 7704
4 58022
4 837060
5 4
5 5
5 99
5 131
5 132
5 133
5 152
5 130812
6 3
6 4
6 5
6 124626
6 124628
6 837061
7 9
7 10
7 11
7 13
7 35910
8 4
8 5
8 99
8 131
8 132
8 133
8 152
8 93914
9 3
9 4
9 5
9 4228
9 13593
9 814235
10 243
10 244
10 245
10 247
10 4573
11 99
11 133
11 175
11 176
11 195
11 234
11 837062
12 3
12 4
12 195
12 897
12 3520
12 837063
13 9
13 10
13 11
13 13
13 837064
14 5
14 27
14 99
14 131
14 132
14 133
14 135
14 837065
15 2
15 3
15 4
15 5
15 181
15 837066
16 9
16 10
16 11
16 13
16 599790
17 3
17 4
17 5
17 15
17 17
17 837067
18 71
18 76
18 190
18 191
18 837068
seqId 97
1 90
1 443
1 25415
1 34486
1 837069
2 5
2 20
2 99
2 131
2 132
2 133
2 166
2 302479
3 3
3 5
3 20
3 1731
3 15444
3 837070
4 67
4 1735
4 1736
4 1738
4 837071
5 76
5 137
5 138
5 140
5 837072
6 3
6 4
6 195
6 1742
6 1744
6 837073
7 158
7 159
7 160
7 162
7 837074
8 9
8 10
8 11
8 13
8 163
9 5
9 20
9 99
9 131
9 132
9 133
9 165
9 166
10 3
10 5
10 20
10 384
10 386
10 837075
11 10
11 109
11 110
11 112
11 837076
12 3
12 5
12 20
12 389
12 391
12 837077
13 76
13 185
13 186
13 188
13 837078
14 76
14 342
14 343
14 345
14 122115
15 3
15 5
15 20
15 1709
15 14619
15 599803
16 51
16 195
16 10375
16 10377
16 837079
17 5
17 20
17 90
17 122
17 708
17 713
17 5400
17 5402
17 837080
18 76
18 137
18 138
18 140
18 837081
19 3
19 20
19 195
19 9675
19 14622
19 837082
20 243
20 244
20 245
20 247
20 837083
21 3
21 4
21 195
21 897
21 3520
21 837084
22 9
22 10
22 11
22 13
22 837085
23 4
23 5
23 99
23 131
23 132
23 133
23 152
23 837086
24 3
24 4
24 5
24 15
24 17
24 837087
25 76
25 2265
25 2266
25 2268
25 837088
26 3
26 4
26 195
26 1742
26 1744
26 837089
27 4
27 195
27 202
27 15437
27 15439
27 837090
28 76
28 185
28 186
28 188
28 837091
29 71
29 76
29 190
29 191
29 837092
seqId 98
1 99
1 131
1 132
1 133
1 195
1 1220
1 837093
2 4
2 195
2 202
2 3501
2 10383
2 837094
3 3
3 4
3 195
3 41391
3 102304
3 837095
4 4
4 90
4 122
4 195
4 340
4 708
4 713
4 65495
4 170347
4 837096
5 10
5 828
5 829
5 831
5 93964
6 98
6 99
6 100
6 195
6 2073
6 837097
7 3
7 4
7 195
7 1742
7 13218
7 837098
8 84
8 91
8 93
8 121
8 195
8 703
8 707
8 1858
8 837099
9 5
9 27
9 99
9 131
9 132
9 133
9 135
9 837100
10 3
10 4
10 5
10 93675
10 93677
10 837101
11 9
11 10
11 11
11 13
11 837102
12 4
12 5
12 99
12 131
12 132
12 133
12 152
12 499264
13 3
13 4
13 5
13 4228
13 13593
13 837103
14 243
14 244
14 245
14 247
14 409801
15 4
15 5
15 99
15 131
15 132
15 133
15 152
15 4654
16 3
16 4
16 5
16 4657
16 35277
16 35279
17 9
17 10
17 11
17 13
17 837104
18 4
18 5
18 72
18 82
18 84
18 100
18 6825
18 6828
18 7233
18 837105
19 76
19 342
19 343
19 345
19 837106
20 3
20 4
20 5
20 35277
20 35279
20 837107
21 9
21 10
21 11
21 13
21 837108
22 3
22 20
22 195
22 6812
22 12232
22 837109
23 243
23 244
23 245
23 247
23 837110
24 9
24 10
24 11
24 13
24 837111
25 3
25 20
25 195
25 5945
25 98973
25 837112
26 9
26 10
26 11
26 13
26 326118
27 3
27 20
27 195
27 1320
27 3384
27 837113
28 76
28 342
28 343
28 345
28 837114
29 660
29 976
29 979
29 1458
29 837115
30 944
30 945
30 946
30 948
30 837116
31 4
31 5
31 99
31 131
31 132
31 133
31 152
31 302528
32 3
32 4
32 5
32 35277
32 35279
32 837117
33 9
33 10
33 11
33 13
33 837118
34 3
34 20
34 195
34 170376
34 170378
34 837119
35 76
35 342
35 343
35 345
35 526618
36 945
36 7958
36 20878
36 20880
36 837120
37 99
37 131
37 132
37 133
37 195
37 237
37 837121
38 3
38 20
38 195
38 1806
38 1808
38 1809
38 1810
38 837122
39 243
39 244
39 245
39 247
39 383007
40 20
40 195
40 202
40 28847
40 31390
40 837123
41 3
41 20
41 195
41 340
41 11811
41 11813
41 814298
42 84
42 90
42 91
42 93
42 121
42 195
42 755
42 9303
42 45859
42 837124
43 660
43 6797
43 6799
43 21870
43 837125
44 76
44 413
44 414
44 416
44 837126
45 4
45 5
45 51
45 175
45 178
45 837127
46 3
46 4
46 5
46 170391
46 170393
46 837128
47 9
47 10
47 11
47 13
47 737479
48 3
48 20
48 195
48 7626
48 7628
48 837129
49 76
49 433
49 434
49 436
49 837130
50 76
50 342
50 343
50 345
50 837131
51 10
51 1387
51 1388
51 1390
51 837132
52 5
52 20
52 99
52 131
52 132
52 133
52 166
52 837133
53 3
53 5
53 20
53 2985
53 2987
53 837134
54 9
54 10
54 11
54 13
54 814304
55 5
55 27
55 99
55 131
55 132
55 133
55 135
55 837135
56 5
56 67
56 55291
56 55294
56 837136
57 76
57 342
57 343
57 345
57 216446
58 82
58 83
58 84
58 115
58 2548
58 5729
58 5731
58 461893
59 20
59 90
59 122
59 708
59 713
59 16673
59 16675
59 837137
60 10
60 146
60 147
60 149
60 837138
61 4
61 5
61 99
61 131
61 132
61 133
61 152
61 837139
62 3
62 4
62 5
62 8842
62 9174
62 837140
63 230
63 231
63 232
63 234
63 837141
64 9
64 10
64 11
64 13
64 163
65 99
65 131
65 132
65 133
65 195
65 236
65 237
66 3
66 4
66 195
66 340
66 10248
66 10250
66 837142
67 243
67 244
67 245
67 247
67 526643
68 230
68 231
68 232
68 234
68 837143
69 9
69 10
69 11
69 13
69 163
70 99
70 131
70 132
70 133
70 195
70 236
70 237
71 3
71 20
71 195
71 340
71 2887
71 2889
71 837144
72 20
72 195
72 202
72 7185
72 18153
72 837145
73 9
73 10
73 11
73 13
73 326158
74 5
74 27
74 99
74 131
74 132
74 133
74 135
74 837146
75 3
75 4
75 5
75 897
75 899
75 837147
76 230
76 231
76 232
76 234
76 837148
77 9
77 10
77 11
77 13
77 163
78 99
78 131
78 132
78 133
78 195
78 236
78 237
79 3
79 20
79 195
79 1806
79 1808
79 1809
79 1810
79 837149
80 243
80 244
80 245
80 247
80 187946
81 20
81 195
81 202
81 28847
81 31390
81 187947
82 3
82 20
82 195
82 340
82 11811
82 11813
82 837150
83 71
83 76
83 190
83 191
83 837151
seqId 99
1 10
1 828
1 1336
1 1539
1 837152
2 660
2 2210
2 2211
2 2213
2 837153
3 76
3 342
3 343
3 345
3 36036
4 5
4 20
4 82
4 83
4 84
4 115
4 763
4 1002
4 48092
5 5
5 84
5 90
5 91
5 93
5 121
5 22686
5 22688
5 609672
6 660
6 1622
6 1623
6 1625
6 609674
7 4
7 5
7 99
7 133
7 175
7 176
7 178
7 837154
8 4
8 5
8 202
8 7021
8 7023
8 837155
9 3
9 4
9 5
9 30555
9 30557
9 837156
10 10
10 146
10 147
10 149
10 729774
11 90
11 443
11 2832
11 10563
11 837157
12 99
12 133
12 175
12 176
12 195
12 234
12 837158
13 3
13 20
13 195
13 340
13 2887
13 2889
13 837159
14 243
14 244
14 245
14 247
14 837160
15 3
15 4
15 195
15 6862
15 14459
15 837161
16 9
16 10
16 24
16 26
16 27
16 837162
17 3
17 4
17 5
17 1395
17 5941
17 837163
18 76
18 342
18 343
18 345
18 837164
19 10
19 146
19 147
19 149
19 837165
20 4
20 85
20 99
20 195
20 1951
20 1953
20 837166
21 3
21 4
21 195
21 340
21 14965
21 14967
21 837167
22 75
22 76
22 77
22 79
22 362069
23 10
23 109
23 110
23 112
23 58709
24 3
24 4
24 5
24 1554
24 1556
24 837168
25 51
25 195
25 11257
25 11259
25 837169
26 10
26 828
26 829
26 831
26 187976
27 3
27 5
27 20
27 6913
27 20565
27 837170
28 76
28 342
28 343
28 345
28 669712
29 82
29 759
29 2852
29 2854
29 837171
30 4
30 5
30 99
30 131
30 132
30 133
30 152
30 122248
31 3
31 4
31 5
31 23315
31 23317
31 837172
32 5
32 84
32 90
32 91
32 93
32 121
32 30461
32 30551
32 837173
33 660
33 4238
33 4239
33 4241
33 837174
34 76
34 342
34 343
34 345
34 526683
35 5
35 84
35 90
35 91
35 93
35 121
35 12628
35 12630
35 837175
36 5
36 20
36 82
36 83
36 84
36 115
36 595
36 763
36 1186
36 409889
37 5
37 20
37 82
37 83
37 84
37 115
37 166
37 763
37 187990
38 90
38 443
38 152702
38 170459
38 837176
39 76
39 342
39 343
39 345
39 837177
40 10
40 126
40 127
40 129
40 837178
41 99
41 133
41 175
41 176
41 195
41 234
41 837179
42 3
42 20
42 72
42 195
42 340
42 1227
42 1229
42 1230
42 1231
42 837180
43 20
43 90
43 122
43 195
43 340
43 708
43 713
43 170464
43 170466
43 837181
44 9
44 10
44 24
44 26
44 27
44 837182
45 3
45 5
45 20
45 2558
45 2560
45 837183
46 5
46 20
46 202
46 23315
46 23317
46 837184
47 71
47 76
47 190
47 191
47 737543
seqId 100
1 10
1 146
1 35562
1 35564
1 383075
2 5
2 20
2 98
2 99
2 100
2 3961
2 216508
3 3
3 5
3 20
3 3963
3 3965
3 837185
4 76
4 342
4 343
4 345
4 345493
5 4
5 5
5 99
5 131
5 132
5 133
5 152
5 345494
6 3
6 4
6 5
6 170476
6 170478
6 837186
7 9
7 10
7 11
7 13
7 837187
8 3
8 4
8 5
8 2938
8 2940
8 837188
9 5
9 84
9 91
9 93
9 121
9 703
9 707
9 956
9 409906
10 4
10 5
10 202
10 28702
10 170483
10 837189
11 10
11 1387
11 1388
11 1390
11 495364
12 99
12 133
12 175
12 176
12 195
12 234
12 326237
13 3
13 20
13 195
13 55291
13 55294
13 326238
14 9
14 10
14 24
14 26
14 27
14 837190
15 3
15 4
15 195
15 597
15 31151
15 837191
16 4
16 195
16 202
16 124305
16 124307
16 599923
17 4
17 90
17 122
17 195
17 340
17 708
17 713
17 24220
17 65487
17 599924
18 9
18 10
18 11
18 13
18 216525
19 3
19 20
19 195
19 1718
19 1720
19 837192
20 660
20 60318
20 107196
20 107198
20 729816
21 660
21 2347
21 2348
21 2350
21 721083
22 20
22 195
22 202
22 340
22 2664
22 2666
22 837193
23 76
23 342
23 343
23 345
23 399908
24 27
24 72
24 72
24 244
24 2487
24 25043
24 25046
24 25047
24 25048
24 170495
24 837194
25 10
25 109
25 110
25 112
25 216532
26 3
26 4
26 5
26 64972
26 64974
26 837195
27 10
27 1387
27 1388
27 1390
27 526712
28 99
28 131
28 132
28 133
28 195
28 237
28 837196
29 3
29 4
29 195
29 3781
29 15598
29 837197
30 9
30 10
30 24
30 26
30 27
30 837198
31 76
31 137
31 138
31 140
31 837199
32 3
32 4
32 5
32 29914
32 29916
32 837200
33 76
33 185
33 186
33 188
33 122315
34 340
34 625
34 660
34 67190
34 89539
34 89540
34 89542
34 837201
35 4
35 90
35 122
35 195
35 708
35 713
35 102069
35 170508
35 170510
35 837202
36 10
36 828
36 829
36 831
36 4916
37 5
37 27
37 99
37 131
37 132
37 133
37 135
37 837203
38 3
38 5
38 20
38 522
38 939
38 837204
39 71
39 76
39 190
39 191
39 837205
seqId 101
1 10
1 146
1 35562
1 35564
1 837206
2 4
2 5
2 98
2 99
2 100
2 1927
2 837207
3 3
3 4
3 5
3 897
3 899
3 599943
4 9
4 10
4 11
4 13
4 94139
5 3
5 4
5 195
5 13471
5 13492
5 837208
6 4
6 195
6 202
6 302
6 1655
6 122329
7 27
7 82
7 84
7 114
7 115
7 116
7 118
7 837209
8 5
8 84
8 90
8 91
8 93
8 121
8 17531
8 21077
8 837210
9 4
9 5
9 99
9 133
9 175
9 176
9 178
9 399940
10 4
10 5
10 202
10 1466
10 1468
10 837211
11 3
11 4
11 5
11 897
11 899
11 777057
12 9
12 10
12 24
12 26
12 27
12 837212
13 3
13 4
13 5
13 18168
13 18422
13 837213
14 9
14 10
14 24
14 26
14 27
14 837214
15 3
15 20
15 195
15 9159
15 9161
15 837215
16 76
16 342
16 343
16 345
16 499420
17 9
17 10
17 11
17 13
17 499421
18 3
18 4
18 5
18 813
18 815
18 837216
19 9
19 10
19 24
19 26
19 27
19 837217
20 3
20 20
20 195
20 9469
20 9471
20 837218
21 243
21 244
21 245
21 247
21 837219
22 9
22 10
22 11
22 13
22 837220
23 3
23 4
23 5
23 7803
23 7805
23 837221
24 10
24 146
24 147
24 149
24 837222
25 99
25 133
25 175
25 176
25 195
25 234
25 837223
26 3
26 20
26 195
26 340
26 2887
26 2889
26 837224
27 244
27 418
27 419
27 421
27 58830
28 99
28 133
28 175
28 176
28 195
28 234
28 188072
29 3
29 4
29 195
29 8842
29 8844
29 837225
30 4
30 195
30 202
30 3386
30 3523
30 837226
31 76
31 342
31 343
31 345
31 609763
32 10
32 2408
32 2410
32 10221
32 837227
33 944
33 945
33 946
33 948
33 837228
34 5
34 20
34 82
34 84
34 100
34 6672
34 28729
34 837229
35 27
35 660
35 661
35 910
35 912
35 837230
36 5
36 84
36 90
36 93
36 121
36 4415
36 170547
36 170549
36 837231
37 4
37 5
37 99
37 131
37 132
37 133
37 152
37 526749
38 3
38 4
38 5
38 74689
38 74691
38 424594
39 4
39 5
39 202
39 6690
39 30986
39 837232
40 76
40 342
40 343
40 345
40 837233
41 4
41 5
41 90
41 122
41 708
41 713
41 2101
41 123186
41 837234
42 10
42 828
42 829
42 831
42 837235
43 4
43 5
43 99
43 131
43 132
43 133
43 152
43 326311
44 3
44 4
44 5
44 15523
44 15525
44 837236
45 9
45 10
45 24
45 26
45 27
45 383175
46 3
46 20
46 195
46 9469
46 9471
46 837237
47 20
47 195
47 202
47 2553
47 24170
47 837238
48 10
48 146
48 147
48 149
48 837239
49 90
49 443
49 1345
49 9933
49 837240
50 717
50 718
50 719
50 721
50 302736
51 10
51 146
51 147
51 149
51 722
52 5
52 20
52 99
52 131
52 132
52 133
52 165
52 166
53 3
53 5
53 20
53 3063
53 170563
53 837241
54 230
54 231
54 232
54 234
54 837242
55 9
55 10
55 11
55 13
55 163
56 99
56 131
56 132
56 133
56 195
56 236
56 237
57 3
57 20
57 195
57 2034
57 3403
57 837243
58 9
58 10
58 11
58 13
58 837244
59 5
59 27
59 99
59 131
59 132
59 133
59 135
59 94188
60 5
60 67
60 55291
60 55294
60 837245
61 71
61 76
61 190
61 191
61 837246
seqId 102
1 3
1 4
1 5
1 19693
1 19695
1 837247
2 230
2 231
2 232
2 234
2 837248
3 9
3 10
3 11
3 13
3 163
4 99
4 131
4 132
4 133
4 195
4 236
4 237
5 3
5 20
5 195
5 9675
5 9677
5 837249
6 243
6 244
6 245
6 247
6 837250
7 230
7 231
7 232
7 234
7 837251
8 9
8 10
8 11
8 13
8 163
9 99
9 131
9 132
9 133
9 195
9 236
9 237
10 3
10 4
10 195
10 897
10 3520
10 609787
11 9
11 10
11 11
11 13
11 609788
12 3
12 4
12 5
12 15
12 17
12 837252
seqId 103
1 90
1 443
1 25415
1 34486
1 777104
2 4
2 5
2 99
2 131
2 132
2 133
2 152
2 777105
3 76
3 137
3 138
3 140
3 837253
4 3
4 4
4 5
4 19693
4 19695
4 837254
5 230
5 231
5 232
5 234
5 837255
6 9
6 10
6 11
6 13
6 163
7 99
7 131
7 132
7 133
7 195
7 236
7 237
8 3
8 20
8 195
8 9675
8 9677
8 837256
9 243
9 244
9 245
9 247
9 837257
10 230
10 231
10 232
10 234
10 837258
11 9
11 10
11 11
11 13
11 163
12 99
12 131
12 132
12 133
12 195
12 236
12 237
13 3
13 4
13 195
13 897
13 3520
13 837259
14 76
14 185
14 186
14 188
14 837260
15 10
15 109
15 110
15 112
15 495448
16 3
16 4
16 5
16 1701
16 1703
16 837261
17 51
17 195
17 1427
17 1962
17 400016
18 71
18 76
18 190
18 191
18 837262
seqId 104
1 5
1 20
1 99
1 131
1 132
1 133
1 967
1 5066
2 3
2 5
2 20
2 1731
2 15444
2 837263
3 5
3 84
3 90
3 91
3 93
3 121
3 170097
3 170099
3 170594
3 837264
4 99
4 131
4 132
4 133
4 195
4 237
4 837265
5 3
5 4
5 195
5 1742
5 13218
5 837266
6 4
6 195
6 202
6 18241
6 170598
6 837267
7 243
7 244
7 245
7 247
7 751018
8 99
8 131
8 132
8 133
8 195
8 237
8 216630
9 3
9 4
9 195
9 1742
9 13218
9 837268
10 4
10 90
10 122
10 195
10 340
10 708
10 713
10 3884
10 21788
10 837269
11 660
11 2347
11 2348
11 2350
11 837270
12 660
12 24347
12 24348
12 24350
12 837271
13 10
13 828
13 829
13 831
13 837272
14 5
14 27
14 99
14 131
14 132
14 133
14 135
14 326372
15 5
15 67
15 55291
15 55294
15 837273
16 51
16 195
16 14053
16 167927
16 167929
16 837274
17 71
17 76
17 190
17 191
17 721161
seqId 105
1 10
1 109
1 878
1 1539
1 383228
2 3
2 5
2 20
2 170611
2 170613
2 837275
3 76
3 342
3 343
3 345
3 737706
4 99
4 131
4 132
4 133
4 195
4 237
4 837276
5 3
5 20
5 195
5 9675
5 9677
5 837277
6 243
6 244
6 245
6 247
6 837278
7 99
7 133
7 175
7 176
7 195
7 234
7 837279
8 3
8 4
8 195
8 897
8 3520
8 837280
9 27
9 82
9 759
9 944
9 1463
9 837281
10 4
10 5
10 82
10 83
10 84
10 115
10 763
10 1264
10 170622
11 5
11 84
11 90
11 91
11 93
11 121
11 4832
11 9364
11 837282
12 99
12 131
12 132
12 133
12 195
12 237
12 837283
13 660
13 2347
13 2348
13 2350
13 837284
14 20
14 195
14 202
14 340
14 19972
14 74707
14 837285
15 10
15 378
15 379
15 381
15 837286
16 99
16 131
16 132
16 133
16 195
16 237
16 777130
17 3
17 4
17 195
17 165226
17 170630
17 837287
18 5
18 51
18 680
18 1993
18 837288
19 76
19 413
19 414
19 416
19 837289
20 3
20 20
20 195
20 79926
20 85729
20 170634
20 837290
21 1458
21 2717
21 4052
21 4054
21 216663
22 3
22 4
22 195
22 340
22 9329
22 18509
22 837291
23 76
23 433
23 434
23 436
23 170641
24 76
24 342
24 343
24 345
24 600033
25 51
25 195
25 2054
25 2056
25 362315
26 76
26 413
26 414
26 416
26 837292
27 3
27 20
27 195
27 340
27 9469
27 48248
27 837293
28 76
28 433
28 434
28 436
28 170643
29 243
29 244
29 245
29 247
29 383258
30 51
30 195
30 1705
30 1707
30 400058
31 76
31 413
31 414
31 416
31 837294
32 3
32 20
32 195
32 340
32 2887
32 14153
32 837295
33 76
33 342
33 343
33 345
33 837296
34 3
34 5
34 20
34 14182
34 14184
34 837297
35 76
35 342
35 343
35 345
35 837298
36 3
36 20
36 195
36 2863
36 10735
36 837299
37 9
37 10
37 11
37 13
37 837300
38 3
38 4
38 5
38 15
38 17
38 837301
39 76
39 433
39 434
39 436
39 354207
40 71
40 76
40 190
40 191
40 94262
seqId 106
1 10
1 378
1 3871
1 3873
1 837302
2 99
2 131
2 132
2 133
2 195
2 237
2 609844
3 4
3 195
3 202
3 2294
3 3837
3 837303
4 3
4 4
4 195
4 165226
4 170630
4 837304
5 76
5 342
5 343
5 345
5 837305
6 5
6 20
6 99
6 131
6 132
6 133
6 166
6 837306
7 3
7 5
7 20
7 614
7 4760
7 837307
8 5
8 84
8 91
8 93
8 121
8 702
8 703
8 705
8 36322
9 5
9 20
9 122
9 703
9 707
9 708
9 710
9 751047
10 5
10 20
10 90
10 122
10 708
10 713
10 3777
10 4766
10 837308
11 9
11 10
11 11
11 13
11 600046
12 5
12 27
12 99
12 131
12 132
12 133
12 135
12 737745
13 3
13 4
13 5
13 512
13 15106
13 23992
13 23994
13 837309
14 71
14 76
14 190
14 191
14 837310
seqId 107
1 99
1 133
1 176
1 195
1 13851
1 170667
1 837311
2 3
2 20
2 195
2 9520
2 9522
2 837312
3 84
3 90
3 91
3 93
3 121
3 195
3 755
3 41781
3 41783
3 837313
4 9
4 10
4 11
4 13
4 36342
5 4
5 5
5 99
5 131
5 132
5 133
5 152
5 814517
6 3
6 4
6 5
6 19693
6 32850
6 837314
7 4
7 5
7 90
7 122
7 708
7 713
7 12294
7 98994
7 837315
8 75
8 76
8 77
8 79
8 837316
seqId 108
1 76
1 592
1 593
1 595
1 302844
2 99
2 131
2 132
2 133
2 195
2 237
2 400091
3 3
3 20
3 195
3 9675
3 9677
3 837317
4 243
4 244
4 245
4 247
4 58991
5 3
5 4
5 195
5 897
5 3520
5 837318
6 84
6 90
6 91
6 93
6 121
6 195
6 40758
6 40760
6 837319
7 660
7 47634
7 47635
7 47637
7 837320
8 2822
8 2823
8 2824
8 2826
8 837321
9 10
9 146
9 147
9 149
9 722
10 99
10 131
10 132
10 133
10 195
10 236
10 237
11 3
11 20
11 195
11 2320
11 16794
11 837322
12 9
12 10
12 11
12 13
12 362349
13 5
13 27
13 99
13 131
13 132
13 133
13 135
13 837323
14 5
14 67
14 55291
14 55294
14 837324
15 243
15 244
15 245
15 247
15 400104
16 82
16 84
16 114
16 115
16 116
16 1361
16 721223
17 84
17 90
17 91
17 93
17 121
17 195
17 15631
17 44717
17 60593
17 837325
18 660
18 3823
18 3824
18 3826
18 837326
19 479
19 660
19 170691
19 170692
19 170694
19 837327
20 10
20 1605
20 1606
20 1608
20 837328
21 20
21 82
21 84
21 115
21 195
21 1262
21 1824
21 11772
21 837329
22 76
22 1267
22 1268
22 1270
22 837330
seqId 109
1 76
1 592
1 593
1 595
1 837331
2 99
2 131
2 132
2 133
2 195
2 237
2 837332
3 3
3 20
3 195
3 340
3 170699
3 170701
3 837333
4 20
4 195
4 202
4 1777
4 19363
4 19381
4 19382
4 837334
5 230
5 231
5 232
5 234
5 499565
6 9
6 10
6 11
6 13
6 163
7 99
7 131
7 132
7 133
7 195
7 236
7 237
8 3
8 20
8 195
8 2004
8 11847
8 600077
9 84
9 91
9 93
9 121
9 195
9 703
9 707
9 1858
9 170706
10 660
10 7237
10 10032
10 10034
10 837335
11 660
11 10581
11 10582
11 10584
11 837336
12 99
12 133
12 175
12 176
12 195
12 234
12 837337
13 3
13 4
13 195
13 9329
13 9331
13 59044
14 9
14 10
14 11
14 13
14 837338
15 5
15 20
15 202
15 7365
15 21213
15 216734
16 3
16 5
16 20
16 6686
16 6688
16 837339
17 76
17 342
17 343
17 345
17 777191
18 4
18 195
18 202
18 3001
18 5088
18 837340
19 243
19 244
19 245
19 247
19 326474
20 4
20 195
20 202
20 2923
20 13478
20 837341
21 76
21 1267
21 1268
21 1270
21 837342
seqId 110
1 76
1 592
1 593
1 595
1 837343
2 99
2 131
2 132
2 133
2 195
2 237
2 837344
3 3
3 20
3 195
3 9469
3 9471
3 837345
4 20
4 195
4 202
4 2553
4 24170
4 837346
5 84
5 90
5 91
5 93
5 121
5 195
5 40758
5 40760
5 837347
6 10
6 146
6 147
6 149
6 302901
7 13
7 99
7 133
7 175
7 176
7 195
7 495546
8 20
8 195
8 202
8 14709
8 14711
8 837348
9 3
9 20
9 195
9 5945
9 98973
9 362385
10 9
10 10
10 24
10 26
10 27
10 837349
11 3
11 4
11 5
11 6471
11 6473
11 837350
12 4
12 5
12 202
12 693
12 33899
12 837351
13 76
13 342
13 343
13 345
13 837352
14 9
14 10
14 11
14 13
14 730008
15 4
15 5
15 99
15 131
15 132
15 133
15 152
15 131241
16 3
16 4
16 5
16 170732
16 170734
16 837353
17 10
17 146
17 147
17 149
17 837354
18 4
18 5
18 99
18 131
18 132
18 133
18 152
18 837355
19 3
19 4
19 5
19 13599
19 13601
19 837356
20 4
20 5
20 202
20 2359
20 8352
20 837357
21 10
21 109
21 110
21 112
21 837358
22 90
22 121
22 122
22 3906
22 43732
22 326503
23 10
23 828
23 829
23 831
23 837359
24 99
24 133
24 175
24 176
24 195
24 234
24 837360
25 3
25 20
25 195
25 9469
25 9471
25 837361
26 20
26 195
26 202
26 340
26 14576
26 14578
26 837362
27 243
27 244
27 245
27 247
27 737833
28 99
28 133
28 175
28 176
28 195
28 234
28 526911
29 3
29 20
29 195
29 98386
29 98388
29 837363
30 9
30 10
30 11
30 13
30 777222
31 3
31 4
31 5
31 78230
31 78232
31 837364
32 76
32 342
32 343
32 345
32 48600
33 99
33 133
33 175
33 176
33 195
33 234
33 5296
34 3
34 4
34 195
34 340
34 133079
34 133081
34 837365
35 9
35 10
35 11
35 13
35 499610
36 3
36 5
36 20
36 18568
36 78265
36 837366
37 660
37 976
37 979
37 1458
37 837367
38 944
38 945
38 946
38 948
38 59106
39 99
39 133
39 175
39 176
39 195
39 234
39 383354
40 3
40 4
40 195
40 8842
40 8844
40 837368
41 4
41 90
41 122
41 195
41 708
41 713
41 4530
41 9217
41 837369
42 2822
42 2823
42 2824
42 2826
42 326522
43 10
43 146
43 147
43 149
43 722
44 99
44 131
44 132
44 133
44 195
44 236
44 237
45 3
45 20
45 195
45 12619
45 12621
45 837370
46 9
46 10
46 11
46 13
46 730028
47 3
47 5
47 20
47 2094
47 2096
47 837371
48 158
48 159
48 160
48 162
48 410190
49 9
49 10
49 11
49 13
49 163
50 5
50 20
50 99
50 131
50 132
50 133
50 165
50 166
51 3
51 5
51 20
51 94928
51 167401
51 730032
52 76
52 1267
52 1268
52 1270
52 837372
seqId 111
1 76
1 592
1 593
1 595
1 837373
2 99
2 131
2 132
2 133
2 195
2 237
2 837374
3 3
3 20
3 195
3 9675
3 9677
3 837375
4 243
4 244
4 245
4 247
4 837376
5 3
5 4
5 195
5 897
5 3520
5 837377
6 90
6 121
6 122
6 4288
6 33390
6 837378
7 10
7 1010
7 1011
7 1013
7 837379
8 3
8 20
8 195
8 170772
8 170774
8 837380
9 51
9 195
9 1501
9 1503
9 837381
10 244
10 418
10 419
10 421
10 837382
11 85
11 99
11 195
11 638
11 640
11 345759
12 3
12 20
12 195
12 2034
12 3403
12 499638
13 9
13 10
13 11
13 13
13 837383
14 5
14 27
14 99
14 131
14 132
14 133
14 135
14 837384
15 5
15 67
15 55291
15 55294
15 837385
16 84
16 91
16 93
16 121
16 195
16 703
16 707
16 1858
16 669946
17 10
17 109
17 110
17 112
17 669947
18 3
18 5
18 20
18 1832
18 1834
18 837386
19 5
19 20
19 202
19 19972
19 74707
19 837387
20 76
20 342
20 343
20 345
20 837388
21 3
21 4
21 5
21 23500
21 23502
21 837389
22 9
22 10
22 24
22 26
22 27
22 837390
23 4
23 5
23 99
23 133
23 175
23 176
23 178
23 609965
24 3
24 4
24 5
24 30555
24 30557
24 837391
25 76
25 342
25 343
25 345
25 499654
26 660
26 6560
26 10036
26 10038
26 837392
27 4
27 5
27 90
27 122
27 708
27 713
27 17829
27 25496
27 837393
28 10
28 7340
28 9033
28 9035
28 837394
29 5
29 20
29 99
29 131
29 132
29 133
29 166
29 326567
30 5
30 20
30 202
30 2244
30 2246
30 326568
31 3
31 5
31 20
31 384
31 386
31 814637
32 76
32 342
32 343
32 345
32 410222
33 10
33 146
33 147
33 149
33 122635
34 90
34 443
34 31304
34 31306
34 837395
35 10
35 109
35 112
35 1539
35 122638
36 5
36 20
36 202
36 5335
36 8517
36 837396
37 76
37 342
37 343
37 345
37 837397
38 5
38 27
38 99
38 131
38 132
38 133
38 135
38 837398
39 3
39 4
39 5
39 36053
39 36055
39 837399
40 4
40 5
40 90
40 122
40 708
40 713
40 22166
40 170806
40 837400
41 9
41 10
41 11
41 13
41 499668
42 4
42 5
42 98
42 99
42 100
42 1927
42 837401
43 3
43 4
43 5
43 24335
43 34594
43 721315
44 4
44 5
44 202
44 3386
44 6768
44 837402
45 121
45 122
45 703
45 707
45 1107
45 837403
46 4
46 5
46 99
46 131
46 132
46 133
46 152
46 131312
47 3
47 4
47 5
47 8293
47 8295
47 837404
48 76
48 342
48 343
48 345
48 837405
49 660
49 9231
49 9232
49 9234
49 499674
50 4
50 5
50 90
50 122
50 708
50 713
50 13132
50 13134
50 837406
51 9
51 10
51 11
51 13
51 721321
52 3
52 4
52 5
52 8842
52 9174
52 837407
53 76
53 413
53 414
53 416
53 837408
54 4
54 5
54 99
54 131
54 132
54 133
54 811
54 188366
55 3
55 4
55 5
55 83483
55 83485
55 837409
56 76
56 433
56 434
56 436
56 837410
57 76
57 342
57 343
57 345
57 837411
58 9
58 10
58 24
58 26
58 27
58 837412
59 5
59 20
59 99
59 133
59 175
59 176
59 1316
59 751183
60 3
60 5
60 20
60 2863
60 2865
60 837413
61 9
61 10
61 24
61 26
61 27
61 837414
62 3
62 4
62 5
62 642
62 23331
62 837415
63 5
63 20
63 202
63 10523
63 10525
63 48764
64 10
64 7340
64 9033
64 9035
64 814661
65 51
65 195
65 8426
65 8428
65 837416
66 76
66 342
66 343
66 345
66 837417
67 10
67 146
67 147
67 149
67 5445
68 82
68 2906
68 41486
68 41488
68 170832
69 5
69 20
69 27
69 81
69 82
69 83
69 84
69 85
69 135
69 13403
69 170833
70 5
70 84
70 90
70 91
70 93
70 121
70 2081
70 2426
70 669985
71 90
71 443
71 17531
71 25104
71 837418
72 4
72 5
72 99
72 131
72 132
72 133
72 152
72 837419
73 3
73 4
73 5
73 122677
73 139158
73 139160
74 76
74 137
74 138
74 140
74 837420
75 3
75 4
75 5
75 14686
75 49719
75 837421
76 4
76 5
76 202
76 39232
76 39234
76 837422
77 9
77 10
77 11
77 13
77 837423
78 4
78 5
78 99
78 131
78 132
78 133
78 152
78 837424
79 4
79 5
79 67
79 3042
79 3045
79 837425
80 76
80 185
80 186
80 188
80 777308
81 121
81 122
81 702
81 703
81 2506
81 737920
82 5
82 20
82 90
82 122
82 708
82 769
82 8855
82 51624
82 837426
83 4
83 5
83 99
83 133
83 175
83 176
83 178
83 837427
84 4
84 5
84 202
84 22623
84 22625
84 837428
85 3
85 4
85 5
85 6046
85 6048
85 837429
86 9
86 10
86 11
86 13
86 383475
87 5
87 27
87 99
87 131
87 132
87 133
87 135
87 837430
88 3
88 4
88 5
88 642
88 23331
88 751213
89 243
89 244
89 245
89 247
89 188394
90 5
90 20
90 90
90 122
90 708
90 713
90 768
90 771
90 837431
91 4
91 5
91 99
91 131
91 132
91 133
91 152
91 36602
92 3
92 4
92 5
92 24668
92 24670
92 837432
93 660
93 1622
93 1623
93 1625
93 837433
94 10
94 146
94 147
94 149
94 837434
95 99
95 133
95 175
95 176
95 195
95 234
95 94555
96 3
96 20
96 195
96 1806
96 1808
96 1809
96 1810
96 499710
97 76
97 1267
97 1268
97 1270
97 837435
seqId 112
1 76
1 592
1 593
1 595
1 59239
2 99
2 131
2 132
2 133
2 195
2 237
2 59240
3 3
3 20
3 195
3 9675
3 9677
3 837436
4 243
4 244
4 245
4 247
4 188406
5 3
5 4
5 195
5 897
5 3520
5 837437
6 84
6 90
6 91
6 93
6 121
6 195
6 5326
6 5328
6 94563
7 660
7 2509
7 2510
7 2512
7 837438
8 9
8 10
8 11
8 13
8 48817
9 20
9 195
9 202
9 77494
9 170870
9 837439
10 3
10 20
10 195
10 4862
10 4864
10 837440
11 10
11 1387
11 1388
11 1390
11 837441
12 99
12 133
12 175
12 176
12 195
12 234
12 837442
13 3
13 4
13 195
13 597
13 31151
13 837443
14 4
14 195
14 202
14 34022
14 34024
14 128216
14 837444
15 76
15 413
15 414
15 416
15 837445
16 82
16 759
16 2852
16 2854
16 837446
17 67
17 601
17 603
17 1197
17 837447
18 51
18 52
18 2686
18 15391
18 837448
19 76
19 433
19 434
19 436
19 383500
20 243
20 244
20 245
20 247
20 383501
21 4
21 195
21 202
21 340
21 170881
21 170883
21 837449
22 76
22 342
22 343
22 345
22 837450
23 9
23 10
23 24
23 26
23 27
23 837451
24 4
24 5
24 99
24 133
24 175
24 176
24 178
24 354444
25 4
25 5
25 202
25 26513
25 26515
25 326640
26 3
26 4
26 5
26 8943
26 32404
26 837452
27 4
27 5
27 202
27 2923
27 5110
27 837453
28 71
28 76
28 190
28 191
28 837454
seqId 113
1 4
1 5
1 99
1 131
1 132
1 133
1 811
1 216934
2 3
2 4
2 5
2 24542
2 24544
2 837455
3 230
3 231
3 232
3 234
3 837456
4 9
4 10
4 11
4 13
4 163
5 99
5 131
5 132
5 133
5 195
5 236
5 237
6 3
6 20
6 195
6 340
6 2887
6 2889
6 837457
7 243
7 244
7 245
7 247
7 94592
8 3
8 4
8 195
8 6862
8 14459
8 730126
9 9
9 10
9 24
9 26
9 27
9 410318
10 3
10 4
10 5
10 1395
10 5941
10 837458
11 20
11 90
11 122
11 195
11 708
11 713
11 2832
11 9060
11 837459
12 84
12 90
12 91
12 93
12 121
12 195
12 755
12 2163
12 7359
12 837460
13 99
13 133
13 175
13 176
13 195
13 234
13 837461
14 3
14 20
14 195
14 2217
14 8955
14 837462
15 20
15 195
15 202
15 13830
15 13832
15 837463
16 76
16 342
16 343
16 345
16 216951
17 27
17 82
17 84
17 114
17 115
17 116
17 118
17 837464
18 84
18 90
18 91
18 93
18 121
18 195
18 4258
18 23888
18 837465
19 660
19 9231
19 9232
19 9234
19 837466
20 10
20 283
20 284
20 286
20 837467
21 99
21 133
21 175
21 176
21 195
21 234
21 495718
22 3
22 20
22 195
22 429
22 4265
22 216959
23 9
23 10
23 11
23 13
23 188459
24 3
24 4
24 15
24 195
24 4121
24 837468
25 20
25 195
25 202
25 2923
25 14156
25 837469
26 243
26 244
26 245
26 247
26 837470
27 99
27 133
27 175
27 176
27 195
27 234
27 837471
28 3
28 20
28 195
28 10672
28 17040
28 362565
29 9
29 10
29 24
29 26
29 27
29 837472
30 3
30 4
30 195
30 347
30 349
30 837473
31 4
31 90
31 122
31 195
31 708
31 713
31 1159
31 39857
31 837474
32 660
32 17567
32 17568
32 17570
32 837475
33 9
33 10
33 11
33 13
33 410340
34 67
34 3042
34 3043
34 3045
34 837476
35 76
35 413
35 414
35 416
35 837477
36 67
36 48412
36 170925
36 170926
36 837478
37 9
37 11
37 13
37 67
37 837479
38 67
38 9507
38 42856
38 49754
38 147088
38 170930
38 170931
38 837480
39 76
39 342
39 343
39 345
39 170938
40 64
40 67
40 1259
40 170935
40 170936
40 837481
41 76
41 342
41 343
41 345
41 837482
42 67
42 3206
42 47596
42 170940
42 170941
42 170943
42 837483
43 76
43 25774
43 25775
43 25777
43 837484
44 76
44 433
44 434
44 436
44 362577
45 76
45 1267
45 1268
45 1270
45 837485
seqId 114
1 99
1 131
1 132
1 133
1 195
1 237
1 362579
2 3
2 4
2 195
2 11475
2 11807
2 837486
3 10
3 146
3 147
3 149
3 837487
4 99
4 133
4 175
4 176
4 195
4 234
4 837488
5 3
5 20
5 195
5 9469
5 9471
5 837489
6 20
6 195
6 202
6 1777
6 38016
6 54438
6 170951
6 837490
7 84
7 91
7 93
7 121
7 195
7 703
7 707
7 1858
7 527071
8 4
8 195
8 202
8 1666
8 28037
8 837491
9 76
9 342
9 343
9 345
9 670074
10 9
10 10
10 13
10 1539
10 216986
11 660
11 2310
11 2311
11 2313
11 670075
12 944
12 945
12 946
12 948
12 837492
13 99
13 131
13 132
13 133
13 195
13 237
13 730169
14 3
14 4
14 195
14 8842
14 8844
14 837493
15 10
15 109
15 110
15 112
15 837494
16 3
16 4
16 5
16 18201
16 18203
16 837495
17 4
17 5
17 202
17 13830
17 18206
17 837496
18 76
18 1267
18 1268
18 1270
18 837497
seqId 115
1 76
1 592
1 593
1 595
1 837498
2 99
2 131
2 132
2 133
2 195
2 237
2 499788
3 3
3 20
3 195
3 2034
3 3403
3 837499
4 9
4 10
4 11
4 13
4 345904
5 5
5 27
5 99
5 131
5 132
5 133
5 135
5 837500
6 5
6 67
6 55291
6 55294
6 837501
7 84
7 90
7 91
7 93
7 121
7 195
7 12400
7 41094
7 837502
8 4
8 5
8 99
8 133
8 175
8 176
8 178
8 837503
9 3
9 4
9 5
9 5469
9 5471
9 837504
10 4
10 5
10 202
10 91752
10 91754
10 837505
11 9
11 10
11 11
11 13
11 837506
12 99
12 195
12 773
12 776
12 2194
12 837507
13 3
13 4
13 15
13 195
13 4121
13 837508
14 10
14 283
14 284
14 286
14 837509
15 5
15 20
15 99
15 131
15 132
15 133
15 166
15 5676
16 3
16 5
16 20
16 4345
16 4347
16 837510
17 9
17 10
17 24
17 26
17 27
17 837511
18 3
18 4
18 195
18 9881
18 34477
18 837512
19 72
19 195
19 202
19 30410
19 48274
19 170983
19 837513
20 195
20 202
20 340
20 22806
20 54437
20 61639
20 837514
21 76
21 342
21 343
21 345
21 837515
22 10
22 1387
22 1388
22 1390
22 188532
23 99
23 133
23 175
23 176
23 195
23 234
23 410398
24 3
24 20
24 195
24 129092
24 129094
24 837516
25 660
25 6695
25 6696
25 6698
25 837517
26 76
26 342
26 343
26 345
26 610118
27 20
27 82
27 84
27 98
27 100
27 102
27 837518
28 82
28 758
28 759
28 761
28 5696
29 5
29 84
29 90
29 91
29 93
29 121
29 4945
29 5697
29 76998
30 4
30 5
30 99
30 131
30 132
30 133
30 152
30 5698
31 3
31 4
31 5
31 497
31 35017
31 170997
31 170999
31 837519
32 5
32 202
32 10504
32 10506
32 354546
33 10
33 1605
33 1606
33 1608
33 122822
34 4
34 5
34 202
34 3303
34 3305
34 837520
35 3
35 4
35 5
35 1573
35 1575
35 837521
36 4
36 5
36 202
36 838
36 23221
36 106942
36 837522
37 243
37 244
37 245
37 247
37 837523
38 3
38 4
38 5
38 8943
38 32404
38 837524
39 10
39 146
39 147
39 149
39 837525
40 26
40 27
40 99
40 133
40 175
40 176
40 195
40 837526
41 4
41 195
41 202
41 2294
41 3837
41 837527
42 3
42 4
42 195
42 13569
42 13571
42 837528
43 76
43 1267
43 1268
43 1270
43 5718
seqId 116
1 10
1 1539
1 2408
1 2410
1 837529
2 3
2 5
2 20
2 2412
2 2414
2 837530
3 5
3 84
3 90
3 91
3 92
3 93
3 3360
3 89718
3 837531
4 5
4 20
4 72
4 81
4 82
4 83
4 84
4 85
4 595
4 7291
4 13403
4 837532
5 90
5 443
5 17829
5 17831
5 122840
6 99
6 131
6 132
6 133
6 195
6 237
6 122841
7 3
7 4
7 195
7 340
7 5256
7 5258
7 837533
8 10
8 1387
8 1388
8 1390
8 837534
9 26
9 27
9 99
9 133
9 175
9 176
9 195
9 425002
10 4
10 195
10 202
10 2294
10 3837
10 362641
11 3
11 4
11 195
11 58541
11 58543
11 495805
12 4
12 195
12 202
12 792
12 912
12 1845
12 2787
12 46721
12 46723
12 837535
13 76
13 342
13 343
13 345
13 59420
14 10
14 109
14 110
14 112
14 5744
15 3
15 5
15 20
15 222
15 224
15 837536
16 76
16 342
16 343
16 345
16 837537
17 10
17 109
17 110
17 112
17 751328
18 3
18 4
18 5
18 14686
18 14688
18 837538
19 9
19 10
19 11
19 13
19 5748
20 5
20 27
20 99
20 131
20 132
20 133
20 135
20 837539
21 3
21 5
21 20
21 24023
21 35863
21 400470
22 660
22 6695
22 6696
22 6698
22 837540
23 76
23 342
23 343
23 345
23 837541
24 244
24 1249
24 1250
24 1252
24 837542
25 10
25 109
25 110
25 112
25 837543
26 5
26 20
26 98
26 99
26 100
26 102
26 495812
27 3
27 5
27 20
27 272
27 894
27 837544
28 76
28 342
28 343
28 345
28 49056
29 99
29 131
29 132
29 133
29 195
29 237
29 837545
30 3
30 20
30 195
30 171038
30 171040
30 837546
31 84
31 91
31 93
31 121
31 195
31 703
31 707
31 1858
31 837547
32 20
32 195
32 202
32 340
32 3828
32 169235
32 837548
33 27
33 118
33 945
33 2473
33 12602
33 837549
34 20
34 82
34 84
34 115
34 195
34 1824
34 1826
34 59443
35 660
35 661
35 910
35 1234
35 326807
36 84
36 91
36 93
36 121
36 195
36 703
36 707
36 1858
36 837550
37 20
37 90
37 122
37 195
37 708
37 5290
37 100665
37 777473
38 76
38 1267
38 1268
38 1270
38 837551
seqId 117
1 76
1 592
1 593
1 595
1 36856
2 4
2 5
2 99
2 131
2 132
2 133
2 152
2 188588
3 3
3 4
3 5
3 13389
3 13391
3 400486
4 230
4 231
4 232
4 234
4 36860
5 9
5 10
5 11
5 13
5 163
6 99
6 131
6 132
6 133
6 195
6 236
6 237
7 3
7 20
7 195
7 21902
7 21904
7 837552
8 9
8 10
8 11
8 13
8 837553
9 4
9 5
9 99
9 131
9 132
9 133
9 152
9 837554
10 3
10 4
10 5
10 15
10 17
10 837555
11 10
11 4919
11 4920
11 4922
11 837556
12 99
12 131
12 132
12 133
12 195
12 237
12 837557
13 3
13 20
13 195
13 5627
13 40014
13 837558
14 659
14 660
14 661
14 2274
14 610160
15 20
15 90
15 122
15 195
15 340
15 708
15 713
15 11175
15 30844
15 837559
16 5
16 84
16 91
16 93
16 121
16 703
16 707
16 956
16 527139
17 5
17 20
17 99
17 133
17 175
17 176
17 1316
17 217083
18 3
18 5
18 20
18 131238
18 168919
18 837560
19 659
19 660
19 661
19 2274
19 425035
20 5
20 202
20 101233
20 101235
20 837561
21 230
21 231
21 232
21 234
21 837562
22 9
22 10
22 11
22 13
22 163
23 99
23 131
23 132
23 133
23 195
23 236
23 237
24 3
24 4
24 195
24 22957
24 22959
24 837563
25 230
25 231
25 232
25 234
25 188610
26 9
26 10
26 11
26 13
26 163
27 99
27 131
27 132
27 133
27 195
27 236
27 237
28 3
28 20
28 195
28 2034
28 3403
28 837564
29 9
29 10
29 11
29 13
29 303246
30 5
30 27
30 99
30 131
30 132
30 133
30 135
30 217093
31 5
31 67
31 55291
31 55294
31 837565
32 71
32 76
32 190
32 191
32 837566
seqId 118
1 5
1 27
1 99
1 131
1 132
1 133
1 699
1 837567
2 3
2 4
2 5
2 81592
2 81594
2 837568
3 10
3 146
3 147
3 149
3 837569
4 20
4 85
4 99
4 195
4 1951
4 18077
4 49103
5 3
5 20
5 195
5 10295
5 10297
5 837570
6 9
6 10
6 11
6 13
6 837571
7 3
7 4
7 5
7 154
7 156
7 837572
8 9
8 10
8 11
8 13
8 837573
9 3
9 4
9 195
9 9329
9 9331
9 837574
10 4
10 195
10 202
10 1466
10 1789
10 837575
11 5
11 84
11 90
11 91
11 93
11 121
11 2101
11 2103
11 721527
12 5
12 20
12 99
12 133
12 175
12 176
12 1316
12 837576
13 3
13 5
13 20
13 9584
13 9586
13 837577
14 9
14 10
14 11
14 13
14 837578
15 3
15 4
15 5
15 42984
15 42986
15 837579
16 158
16 159
16 160
16 162
16 383688
17 9
17 10
17 11
17 13
17 163
18 5
18 20
18 99
18 131
18 132
18 133
18 165
18 166
19 3
19 5
19 20
19 12336
19 15959
19 837580
20 82
20 759
20 2852
20 2854
20 837581
21 5
21 84
21 90
21 91
21 93
21 121
21 5326
21 30076
21 837582
22 660
22 1622
22 1623
22 1625
22 837583
23 99
23 131
23 132
23 133
23 195
23 237
23 837584
24 3
24 4
24 195
24 13887
24 51280
24 837585
25 4
25 195
25 202
25 340
25 98284
25 98286
25 499893
26 9
26 10
26 11
26 13
26 303272
27 85
27 99
27 195
27 638
27 640
27 837586
28 3
28 20
28 195
28 2034
28 3403
28 59511
29 9
29 10
29 11
29 13
29 837587
30 5
30 27
30 99
30 131
30 132
30 133
30 135
30 837588
31 5
31 67
31 55291
31 55294
31 837589
32 243
32 244
32 245
32 247
32 837590
33 5
33 27
33 99
33 131
33 132
33 133
33 135
33 837591
34 3
34 4
34 5
34 897
34 899
34 837592
35 9
35 10
35 11
35 13
35 362714
36 20
36 82
36 84
36 85
36 195
36 1589
36 2970
36 462462
37 10
37 283
37 284
37 286
37 837593
38 5
38 20
38 99
38 131
38 132
38 133
38 166
38 59518
39 3
39 5
39 20
39 272
39 894
39 837594
40 158
40 159
40 160
40 162
40 777535
41 9
41 10
41 11
41 13
41 163
42 5
42 20
42 99
42 131
42 132
42 133
42 165
42 166
43 3
43 5
43 20
43 2947
43 2949
43 837595
44 71
44 76
44 190
44 191
44 837596
seqId 119
1 3
1 20
1 195
1 340
1 3775
1 4045
1 383714
2 20
2 195
2 202
2 340
2 4047
2 4049
2 837597
seqId 120
1 5
1 27
1 99
1 131
1 132
1 133
1 699
1 5897
2 3
2 4
2 5
2 171116
2 171118
2 837598
3 9
3 10
3 24
3 26
3 27
3 837599
4 5
4 20
4 99
4 133
4 175
4 176
4 1316
4 837600
5 3
5 5
5 20
5 2863
5 2865
5 837601
6 5
6 20
6 202
6 5335
6 8517
6 837602
7 10
7 283
7 284
7 286
7 837603
8 4
8 5
8 99
8 131
8 132
8 133
8 152
8 837604
9 3
9 4
9 5
9 11291
9 11293
9 837605
10 76
10 342
10 343
10 345
10 837606
11 10
11 1387
11 1388
11 1390
11 837607
12 3
12 5
12 20
12 475
12 25021
12 837608
13 5
13 20
13 202
13 24371
13 24372
13 72514
13 171128
13 837609
14 158
14 159
14 160
14 162
14 837610
15 9
15 10
15 11
15 13
15 163
16 5
16 20
16 99
16 131
16 132
16 133
16 165
16 166
17 3
17 5
17 20
17 1684
17 13711
17 837611
18 5
18 20
18 90
18 122
18 708
18 713
18 21928
18 171134
18 837612
19 5
19 84
19 91
19 93
19 121
19 702
19 703
19 705
19 721573
20 479
20 660
20 63027
20 63028
20 63030
20 837613
21 5
21 20
21 90
21 122
21 708
21 769
21 8415
21 8417
21 837614
22 10
22 146
22 147
22 149
22 499921
23 76
23 137
23 138
23 140
23 400576
24 90
24 443
24 4766
24 5065
24 837615
25 3
25 4
25 5
25 642
25 23331
25 837616
26 76
26 185
26 186
26 188
26 814893
27 10
27 1605
27 1606
27 1608
27 837617
28 3
28 20
28 195
28 24418
28 24420
28 837618
29 121
29 122
29 702
29 703
29 2506
29 837619
30 10
30 146
30 149
30 1539
30 495901
31 660
31 19655
31 19656
31 19658
31 837620
32 660
32 17010
32 17011
32 17013
32 171148
33 20
33 82
33 84
33 85
33 195
33 1377
33 5238
33 171149
34 5
34 20
34 90
34 122
34 708
34 769
34 32078
34 32080
34 837621
35 5
35 20
35 99
35 131
35 132
35 133
35 166
35 326910
36 3
36 5
36 20
36 24116
36 24118
36 837622
37 76
37 342
37 343
37 345
37 837623
38 243
38 244
38 245
38 247
38 462496
39 10
39 1605
39 1606
39 1608
39 837624
40 3
40 20
40 195
40 24418
40 24420
40 837625
41 243
41 244
41 245
41 247
41 814902
42 3
42 20
42 195
42 1806
42 1808
42 1809
42 1810
42 837626
43 10
43 378
43 379
43 381
43 837627
44 82
44 758
44 759
44 761
44 499940
45 5
45 20
45 82
45 83
45 84
45 115
45 763
45 1002
45 837628
46 27
46 82
46 84
46 114
46 115
46 116
46 118
46 837629
47 5
47 84
47 90
47 91
47 93
47 121
47 1815
47 2122
47 837630
48 660
48 2305
48 2306
48 2308
48 837631
49 9
49 10
49 24
49 26
49 27
49 837632
50 4
50 5
50 99
50 133
50 175
50 176
50 178
50 837633
51 3
51 4
51 5
51 4779
51 12778
51 837634
52 4
52 5
52 202
52 1104
52 125006
52 125008
52 410556
53 10
53 2408
53 2410
53 10221
53 171168
54 443
54 703
54 707
54 2086
54 37023
55 4
55 5
55 202
55 625
55 30531
55 48608
55 156250
55 171170
55 837635
56 71
56 76
56 190
56 191
56 837636
seqId 121
1 5
1 20
1 99
1 131
1 132
1 133
1 967
1 837637
2 3
2 5
2 20
2 2863
2 2865
2 837638
3 5
3 84
3 91
3 93
3 121
3 702
3 703
3 705
3 837639
4 5
4 20
4 90
4 122
4 708
4 769
4 30901
4 171178
4 837640
5 5
5 27
5 99
5 131
5 132
5 133
5 135
5 410566
6 5
6 67
6 55291
6 55294
6 837641
7 10
7 146
7 147
7 149
7 6016
8 4
8 5
8 99
8 133
8 175
8 176
8 178
8 425140
9 3
9 4
9 5
9 3691
9 3693
9 837642
10 4
10 5
10 202
10 5335
10 5337
10 837643
11 243
11 244
11 245
11 247
11 499951
12 4
12 5
12 202
12 33765
12 33767
12 837644
13 76
13 342
13 343
13 345
13 837645
14 90
14 121
14 122
14 97300
14 171188
14 837646
15 99
15 131
15 132
15 133
15 195
15 237
15 837647
16 3
16 20
16 195
16 2601
16 2603
16 837648
17 243
17 244
17 245
17 247
17 94945
18 99
18 131
18 132
18 133
18 195
18 237
18 837649
19 3
19 20
19 195
19 33358
19 34347
19 837650
20 660
20 1377
20 6485
20 6487
20 837651
21 10
21 109
21 110
21 112
21 462528
22 90
22 121
22 122
22 18077
22 40016
22 171197
22 837652
23 99
23 131
23 132
23 133
23 195
23 237
23 837653
24 3
24 20
24 195
24 10801
24 14877
24 837654
25 243
25 244
25 245
25 247
25 410591
26 99
26 131
26 132
26 133
26 195
26 237
26 425160
27 3
27 4
27 195
27 33173
27 33175
27 837655
28 71
28 76
28 190
28 191
28 837656
seqId 122
1 5
1 20
1 90
1 122
1 708
1 713
1 6786
1 171205
1 837657
2 660
2 1622
2 1623
2 1625
2 410597
3 10
3 146
3 147
3 149
3 837658
4 99
4 133
4 175
4 176
4 195
4 234
4 814937
5 3
5 20
5 195
5 10402
5 10404
5 837659
6 20
6 195
6 202
6 6251
6 8958
6 837660
7 76
7 342
7 343
7 345
7 837661
8 5
8 20
8 99
8 131
8 132
8 133
8 166
8 721639
9 3
9 5
9 20
9 2863
9 2865
9 837662
10 5
10 20
10 202
10 5335
10 8517
10 837663
11 5
11 84
11 91
11 93
11 121
11 702
11 703
11 705
11 131736
12 9
12 10
12 13
12 1539
12 346181
13 3
13 5
13 20
13 6936
13 6938
13 837664
14 5
14 20
14 90
14 122
14 708
14 769
14 1064
14 1066
14 837665
15 10
15 109
15 110
15 112
15 837666
16 51
16 195
16 4167
16 4169
16 837667
17 4
17 5
17 99
17 133
17 175
17 176
17 178
17 425174
18 4
18 5
18 202
18 795
18 8936
18 837668
19 3
19 4
19 5
19 6763
19 6765
19 837669
20 10
20 109
20 110
20 112
20 837670
21 90
21 121
21 122
21 3372
21 35776
21 610292
22 99
22 131
22 132
22 133
22 195
22 237
22 499993
23 3
23 20
23 195
23 2034
23 3403
23 837671
24 158
24 159
24 160
24 162
24 751474
25 9
25 10
25 11
25 13
25 163
26 5
26 20
26 99
26 131
26 132
26 133
26 165
26 166
27 5
27 20
27 67
27 458
27 1692
27 3213
27 69867
27 167933
27 837672
28 243
28 244
28 245
28 247
28 425184
29 99
29 131
29 132
29 133
29 195
29 237
29 425185
30 3
30 195
30 2217
30 8955
30 837673
31 9
31 10
31 11
31 13
31 362838
32 67
32 601
32 603
32 1197
32 837674
33 51
33 195
33 2686
33 15391
33 837675
34 10
34 109
34 110
34 112
34 217256
35 3
35 4
35 5
35 14583
35 171236
35 837676
36 9
36 10
36 11
36 13
36 837677
37 82
37 83
37 84
37 115
37 195
37 237
37 1824
37 837678
38 90
38 443
38 2257
38 2259
38 837679
39 71
39 76
39 190
39 191
39 814967
seqId 123
1 5
1 20
1 99
1 131
1 132
1 133
1 967
1 837680
2 3
2 5
2 20
2 2863
2 2865
2 837681
3 5
3 20
3 202
3 5335
3 8517
3 837682
4 5
4 84
4 91
4 93
4 121
4 702
4 703
4 705
4 837683
5 660
5 19069
5 19070
5 19072
5 837684
6 5
6 20
6 90
6 122
6 708
6 769
6 47669
6 123072
6 130947
7 10
7 146
7 149
7 1539
7 837685
8 4
8 5
8 99
8 131
8 132
8 133
8 152
8 131785
9 3
9 4
9 5
9 3725
9 3727
9 837686
10 10
10 146
10 147
10 149
10 837687
11 4
11 5
11 99
11 131
11 132
11 133
11 152
11 362850
12 3
12 4
12 5
12 2613
12 2615
12 837688
13 4
13 5
13 202
13 646
13 25589
13 837689
14 9
14 10
14 11
14 13
14 837690
15 5
15 27
15 99
15 131
15 132
15 133
15 135
15 837691
16 2
16 3
16 4
16 5
16 181
16 837692
17 243
17 244
17 245
17 247
17 171256
18 10
18 146
18 147
18 149
18 49395
19 4
19 5
19 99
19 131
19 132
19 133
19 152
19 837693
20 3
20 4
20 5
20 4900
20 4902
20 837694
21 10
21 146
21 147
21 149
21 354791
22 4
22 5
22 99
22 131
22 132
22 133
22 152
22 354792
23 3
23 4
23 5
23 15
23 17
23 837695
24 4
24 5
24 90
24 122
24 708
24 713
24 19582
24 49402
24 171261
25 2822
25 2823
25 2824
25 2826
25 837696
26 10
26 146
26 147
26 149
26 722
27 99
27 131
27 132
27 133
27 195
27 236
27 237
28 3
28 20
28 195
28 340
28 18684
28 38526
28 168934
28 168936
28 837697
29 243
29 244
29 245
29 247
29 462578
30 3
30 20
30 195
30 1806
30 1808
30 1809
30 1810
30 837698
31 71
31 76
31 190
31 191
31 837699
seqId 124
1 4
1 5
1 99
1 131
1 132
1 133
1 811
1 751508
2 3
2 4
2 5
2 13471
2 14643
2 837700
3 9
3 10
3 11
3 13
3 837701
4 3
4 5
4 20
4 7511
4 7513
4 837702
5 51
5 195
5 4167
5 4169
5 837703
6 10
6 146
6 147
6 149
6 327014
7 3
7 5
7 20
7 31708
7 31710
7 837704
8 9
8 10
8 11
8 13
8 837705
9 5
9 27
9 99
9 131
9 132
9 133
9 135
9 837706
10 3
10 4
10 5
10 14686
10 49422
10 49719
11 4
11 5
11 202
11 39232
11 39234
11 837707
12 9
12 10
12 11
12 13
12 837708
13 4
13 5
13 99
13 131
13 132
13 133
13 152
13 837709
14 4
14 5
14 67
14 3042
14 3045
14 837710
15 5
15 84
15 91
15 93
15 121
15 702
15 703
15 705
15 837711
16 9
16 10
16 13
16 1539
16 837712
17 660
17 2310
17 2311
17 2313
17 837713
18 5
18 20
18 90
18 122
18 708
18 769
18 2333
18 7738
18 303463
19 4
19 5
19 99
19 133
19 175
19 176
19 178
19 217306
20 3
20 4
20 5
20 3691
20 3693
20 837714
21 4
21 5
21 202
21 5335
21 5337
21 610347
22 244
22 1249
22 1250
22 1252
22 837715
23 9
23 10
23 24
23 26
23 27
23 188826
24 3
24 5
24 20
24 3696
24 3698
24 837716
25 5
25 20
25 99
25 133
25 175
25 176
25 1316
25 1539
25 6178
26 3
26 19655
26 19656
26 19658
26 837717
27 5
27 20
27 202
27 2075
27 113136
27 610350
28 9
28 10
28 11
28 13
28 837718
29 20
29 82
29 84
29 98
29 100
29 102
29 837719
30 82
30 758
30 759
30 761
30 354820
31 5
31 84
31 90
31 91
31 93
31 121
31 3884
31 171295
31 837720
32 479
32 660
32 33427
32 171297
32 171298
32 837721
33 99
33 131
33 132
33 133
33 195
33 237
33 815023
34 3
34 20
34 195
34 10402
34 10404
34 837722
35 75
35 76
35 77
35 79
35 837723
36 5
36 27
36 99
36 131
36 132
36 133
36 135
36 837724
37 3
37 4
37 5
37 17766
37 140930
37 171304
37 837725
38 71
38 76
38 190
38 191
38 837726
seqId 125
1 4
1 5
1 82
1 83
1 84
1 115
1 763
1 4750
1 837727
2 5
2 84
2 91
2 93
2 121
2 702
2 703
2 705
2 815028
3 5
3 20
3 122
3 703
3 707
3 708
3 710
3 95054
4 5
4 27
4 99
4 131
4 132
4 133
4 135
4 837728
5 3
5 4
5 5
5 7295
5 7297
5 837729
6 9
6 10
6 11
6 13
6 730457
7 90
7 443
7 3969
7 3971
7 837730
8 99
8 133
8 175
8 176
8 195
8 234
8 610365
9 3
9 4
9 195
9 340
9 58935
9 58937
9 837731
10 660
10 7237
10 10032
10 10034
10 837732
11 4
11 195
11 202
11 2075
11 2771
11 837733
12 9
12 10
12 24
12 26
12 27
12 721740
13 3
13 4
13 5
13 6471
13 6473
13 837734
14 9
14 10
14 11
14 13
14 837735
15 5
15 27
15 99
15 131
15 132
15 133
15 135
15 837736
16 3
16 4
16 5
16 14686
16 14688
16 837737
17 660
17 976
17 979
17 1458
17 837738
18 944
18 945
18 946
18 948
18 837739
19 9
19 10
19 11
19 13
19 217349
20 90
20 443
20 3718
20 12280
20 610374
21 660
21 3261
21 3262
21 3264
21 837740
22 230
22 231
22 232
22 234
22 837741
23 9
23 10
23 11
23 13
23 163
24 99
24 131
24 132
24 133
24 195
24 236
24 237
25 3
25 4
25 195
25 340
25 14965
25 14967
25 837742
26 4
26 195
26 202
26 693
26 39275
26 837743
27 4
27 195
27 202
27 43863
27 171332
27 837744
28 76
28 342
28 343
28 345
28 837745
29 158
29 159
29 160
29 162
29 837746
30 9
30 10
30 11
30 13
30 163
31 5
31 20
31 99
31 131
31 132
31 133
31 165
31 166
32 3
32 5
32 20
32 1341
32 6599
32 837747
33 717
33 718
33 719
33 721
33 610384
34 10
34 146
34 147
34 149
34 722
35 5
35 20
35 99
35 131
35 132
35 133
35 165
35 166
36 3
36 5
36 20
36 39232
36 171338
36 837748
37 71
37 76
37 190
37 191
37 837749
seqId 126
1 5
1 20
1 99
1 131
1 132
1 133
1 967
1 37249
2 3
2 5
2 20
2 429
2 431
2 837750
3 3
3 5
3 20
3 5458
3 49802
3 837751
4 244
4 1010
4 1011
4 1013
4 500096
5 9
5 10
5 24
5 26
5 27
5 837752
6 3
6 5
6 20
6 169759
6 169761
6 383934
7 5
7 20
7 90
7 122
7 708
7 713
7 102863
7 135280
7 837753
8 660
8 16882
8 16883
8 16885
8 837754
9 10
9 828
9 829
9 831
9 837755
10 4
10 5
10 99
10 133
10 175
10 176
10 178
10 410731
11 4
11 5
11 67
11 74353
11 74356
11 670428
12 9
12 10
12 11
12 13
12 777733
13 67
13 605
13 607
13 1199
13 837756
14 243
14 244
14 245
14 247
14 837757
15 4
15 5
15 99
15 133
15 175
15 176
15 178
15 815060
16 5
16 82
16 84
16 85
16 2294
16 2296
16 346352
17 9
17 10
17 11
17 13
17 670431
18 67
18 72
18 6363
18 135196
18 140864
18 140865
18 837758
19 10
19 283
19 284
19 286
19 837759
20 5
20 20
20 99
20 131
20 132
20 133
20 166
20 362962
21 3
21 5
21 20
21 4345
21 4347
21 346357
22 9
22 10
22 11
22 13
22 59789
23 4
23 5
23 99
23 131
23 132
23 133
23 152
23 837760
24 4
24 5
24 67
24 93047
24 93049
24 93050
24 837761
25 5
25 84
25 90
25 91
25 93
25 121
25 1509
25 16289
25 303550
26 5
26 20
26 99
26 133
26 175
26 176
26 1316
26 410742
27 5
27 20
27 202
27 9960
27 32945
27 837762
28 3
28 5
28 20
28 3775
28 3777
28 837763
29 90
29 121
29 122
29 3541
29 4049
29 123200
30 10
30 109
30 110
30 112
30 527412
31 5
31 20
31 82
31 84
31 100
31 10142
31 78570
31 837764
32 27
32 82
32 759
32 944
32 1463
32 837765
33 5
33 20
33 82
33 83
33 84
33 115
33 763
33 1002
33 37305
34 5
34 84
34 91
34 93
34 121
34 702
34 703
34 705
34 837766
35 5
35 20
35 90
35 122
35 708
35 769
35 19858
35 19860
35 837767
36 10
36 109
36 110
36 112
36 49576
37 5
37 85
37 99
37 13851
37 49577
37 160015
38 3
38 4
38 5
38 17932
38 17934
38 425311
39 243
39 244
39 245
39 247
39 59806
40 5
40 20
40 90
40 122
40 708
40 713
40 36172
40 95120
40 109821
41 10
41 279
41 11672
41 11673
41 837768
42 5
42 20
42 99
42 133
42 175
42 176
42 1316
42 837769
43 3
43 5
43 20
43 11297
43 18838
43 837770
44 5
44 20
44 202
44 12901
44 34080
44 354923
45 5
45 27
45 99
45 131
45 132
45 133
45 135
45 837771
46 3
46 4
46 5
46 9881
46 9883
46 95124
47 4
47 5
47 90
47 122
47 431
47 708
47 713
47 3722
47 31162
47 837772
48 9
48 10
48 11
48 13
48 59817
49 3
49 4
49 5
49 492
49 44426
49 837773
50 9
50 10
50 11
50 13
50 37328
51 5
51 27
51 99
51 131
51 132
51 133
51 135
51 837774
52 5
52 67
52 55291
52 55294
52 837775
53 51
53 195
53 14053
53 167927
53 167929
53 837776
54 10
54 146
54 147
54 149
54 837777
55 4
55 5
55 99
55 131
55 132
55 133
55 152
55 496072
56 3
56 4
56 5
56 19923
56 19925
56 837778
57 158
57 159
57 160
57 162
57 600624
58 9
58 10
58 11
58 13
58 163
59 5
59 20
59 99
59 131
59 132
59 133
59 165
59 166
60 3
60 5
60 20
60 43329
60 43331
60 346414
61 9
61 10
61 24
61 26
61 27
61 738365
62 5
62 20
62 99
62 133
62 175
62 176
62 1316
62 327123
63 5
63 20
63 202
63 1589
63 23961
63 837779
64 3
64 5
64 20
64 1832
64 1834
64 462697
65 9
65 10
65 11
65 13
65 425328
66 3
66 20
66 195
66 2034
66 3403
66 462698
67 9
67 10
67 11
67 13
67 610426
68 5
68 27
68 99
68 131
68 132
68 133
68 135
68 837780
69 5
69 67
69 55291
69 55294
69 837781
70 51
70 195
70 14053
70 171406
70 171408
70 837782
71 9
71 10
71 11
71 13
71 131987
72 67
72 601
72 603
72 1197
72 837783
73 51
73 195
73 2686
73 15391
73 837784
74 67
74 72
74 6363
74 135196
74 140864
74 140865
74 837785
75 71
75 76
75 190
75 191
75 217432
seqId 127
1 3
1 5
1 20
1 21902
1 171416
1 837786
2 9
2 10
2 24
2 26
2 27
2 837787
3 3
3 20
3 195
3 2972
3 2974
3 837788
4 20
4 90
4 122
4 195
4 340
4 708
4 769
4 171419
4 171420
4 837789
5 717
5 718
5 719
5 721
5 462709
6 10
6 146
6 147
6 149
6 722
7 5
7 20
7 99
7 131
7 132
7 133
7 165
7 166
8 3
8 5
8 20
8 56527
8 56529
8 354961
9 9
9 10
9 24
9 26
9 27
9 837790
10 3
10 4
10 5
10 14686
10 14688
10 837791
11 9
11 10
11 11
11 13
11 837792
12 4
12 5
12 98
12 99
12 100
12 1927
12 837793
13 3
13 4
13 5
13 597
13 13641
13 837794
14 4
14 5
14 90
14 122
14 708
14 713
14 4530
14 14537
14 837795
15 10
15 146
15 147
15 149
15 837796
16 4
16 5
16 82
16 84
16 100
16 4680
16 7233
16 837797
17 9
17 10
17 11
17 13
17 837798
18 67
18 605
18 607
18 1199
18 837799
19 10
19 828
19 829
19 831
19 346443
20 4
20 5
20 99
20 133
20 175
20 176
20 178
20 837800
21 4
21 5
21 67
21 93047
21 93049
21 93050
21 837801
22 76
22 342
22 343
22 345
22 363029
23 5
23 20
23 99
23 131
23 132
23 133
23 166
23 400854
24 3
24 5
24 20
24 9968
24 11087
24 837802
25 9
25 10
25 11
25 13
25 132023
26 85
26 99
26 195
26 638
26 640
26 837803
27 3
27 20
27 195
27 23221
27 23223
27 837804
28 20
28 195
28 202
28 28129
28 168151
28 168153
28 168154
28 410795
29 243
29 244
29 245
29 247
29 132031
30 20
30 195
30 202
30 28129
30 131874
30 131876
30 837805
31 9
31 10
31 11
31 13
31 837806
32 67
32 601
32 603
32 1197
32 837807
33 51
33 195
33 2686
33 15391
33 837808
34 9
34 10
34 11
34 13
34 123268
35 90
35 443
35 4766
35 5065
35 837809
36 3
36 4
36 5
36 642
36 23331
36 837810
37 10
37 1387
37 1388
37 1390
37 171445
38 20
38 82
38 84
38 100
38 195
38 4680
38 6827
38 837811
39 9
39 10
39 11
39 13
39 837812
40 67
40 605
40 607
40 1199
40 837813
41 5
41 84
41 91
41 93
41 121
41 702
41 703
41 705
41 462731
42 5
42 20
42 90
42 122
42 708
42 769
42 30901
42 171178
42 363055
43 98
43 99
43 100
43 195
43 2073
43 670517
44 20
44 195
44 202
44 9960
44 9962
44 837814
45 10
45 146
45 147
45 149
45 837815
46 90
46 443
46 1587
46 16983
46 97413
46 97414
46 837816
47 5
47 99
47 115
47 773
47 775
47 776
47 2192
47 3593
47 837817
48 3
48 5
48 20
48 429
48 431
48 837818
49 76
49 342
49 343
49 345
49 670523
50 10
50 146
50 147
50 149
50 188997
51 90
51 443
51 11164
51 31435
51 837819
52 13
52 99
52 133
52 175
52 176
52 195
52 837820
53 20
53 195
53 202
53 795
53 2446
53 837821
54 3
54 20
54 195
54 2320
54 16794
54 837822
55 243
55 244
55 245
55 247
55 6389
56 10
56 146
56 147
56 149
56 837823
57 90
57 443
57 16983
57 27915
57 30971
57 44222
57 837824
58 5
58 99
58 115
58 773
58 775
58 776
58 2192
58 3593
58 837825
59 3
59 4
59 5
59 4779
59 12778
59 837826
60 71
60 76
60 190
60 191
60 462746
seqId 128
1 660
1 976
1 7272
1 7274
1 837827
2 5
2 20
2 99
2 133
2 175
2 176
2 1316
2 500210
3 3
3 5
3 20
3 171471
3 171473
3 837828
4 5
4 20
4 202
4 36191
4 171475
4 171477
4 837829
5 121
5 122
5 702
5 703
5 2506
5 837830
6 5
6 20
6 90
6 122
6 708
6 769
6 38586
6 93146
6 837831
7 5
7 27
7 99
7 131
7 132
7 133
7 135
7 171481
8 5
8 67
8 55291
8 55294
8 171482
9 9
9 10
9 24
9 26
9 27
9 837832
10 5
10 20
10 99
10 133
10 175
10 176
10 1316
10 462754
11 5
11 20
11 202
11 2294
11 2296
11 837833
12 3
12 5
12 20
12 522
12 939
12 837834
13 5
13 84
13 91
13 93
13 121
13 702
13 703
13 705
13 837835
14 5
14 20
14 72
14 82
14 83
14 84
14 115
14 595
14 763
14 1186
14 7291
14 303664
15 5
15 20
15 90
15 122
15 708
15 769
15 20384
15 49832
15 89188
15 837836
16 5
16 27
16 99
16 131
16 132
16 133
16 135
16 837837
17 5
17 67
17 55291
17 55294
17 837838
18 51
18 195
18 14053
18 167927
18 167929
18 171492
19 660
19 1305
19 1306
19 1308
19 837839
20 4
20 5
20 90
20 122
20 708
20 713
20 1104
20 171494
20 171496
20 837840
21 2822
21 2823
21 2824
21 2826
21 837841
22 10
22 146
22 147
22 149
22 722
23 99
23 131
23 132
23 133
23 195
23 236
23 237
24 3
24 20
24 195
24 429
24 4265
24 837842
25 20
25 195
25 202
25 340
25 9212
25 26026
25 837843
26 20
26 26
26 72
26 195
26 202
26 1845
26 9772
26 11542
26 36280
26 46723
26 171501
26 171503
26 837844
27 71
27 76
27 190
27 191
27 527520
seqId 129
1 9
1 10
1 1886
1 20009
1 527521
2 4
2 5
2 98
2 99
2 100
2 1927
2 837845
3 3
3 4
3 5
3 40976
3 40978
3 837846
4 4
4 5
4 202
4 795
4 8936
4 837847
5 4
5 5
5 90
5 122
5 708
5 713
5 1345
5 4853
5 217530
6 717
6 718
6 719
6 721
6 49797
7 10
7 146
7 147
7 149
7 722
8 5
8 20
8 99
8 131
8 132
8 133
8 165
8 166
9 3
9 5
9 20
9 14392
9 14394
9 837848
10 9
10 10
10 11
10 13
10 837849
11 5
11 27
11 99
11 131
11 132
11 133
11 135
11 837850
12 3
12 4
12 5
12 5821
12 5823
12 837851
13 4
13 5
13 202
13 3386
13 6768
13 837852
14 660
14 661
14 910
14 1234
14 400933
15 5
15 84
15 90
15 91
15 93
15 121
15 2081
15 2426
15 496172
16 90
16 442
16 443
16 445
16 837853
17 660
17 661
17 944
17 948
17 837854
18 158
18 159
18 160
18 162
18 837855
19 9
19 10
19 11
19 13
19 163
20 5
20 20
20 99
20 131
20 132
20 133
20 165
20 166
21 3
21 5
21 20
21 22623
21 34456
21 837856
22 71
22 76
22 190
22 191
22 837857
seqId 130
1 51
1 52
1 1427
1 1962
1 496176
2 76
2 592
2 593
2 595
2 837858
3 3
3 4
3 5
3 2608
3 2610
3 837859
4 243
4 244
4 245
4 247
4 837860
5 3
5 4
5 5
5 2613
5 2615
5 837861
6 9
6 10
6 11
6 13
6 837862
7 5
7 27
7 99
7 131
7 132
7 133
7 135
7 837863
8 2
8 3
8 4
8 5
8 181
8 837864
9 244
9 418
9 419
9 421
9 400945
10 9
10 10
10 11
10 13
10 777867
11 5
11 27
11 99
11 131
11 132
11 133
11 135
11 837865
12 3
12 4
12 5
12 642
12 23331
12 837866
13 660
13 2473
13 2474
13 2476
13 59964
14 5
14 20
14 202
14 43863
14 53223
14 837867
seqId 131
1 3
1 4
1 195
1 1742
1 1744
1 837868
2 4
2 195
2 202
2 15437
2 15439
2 837869
seqId 132
1 90
1 443
1 25415
1 34486
1 837870
2 3
2 5
2 20
2 1731
2 15444
2 837871
3 67
3 1735
3 1736
3 1738
3 837872
4 76
4 137
4 138
4 140
4 837873
5 3
5 4
5 195
5 1742
5 1744
5 837874
6 158
6 159
6 160
6 162
6 496195
7 9
7 10
7 11
7 13
7 163
8 5
8 20
8 99
8 131
8 132
8 133
8 165
8 166
9 3
9 5
9 20
9 384
9 386
9 721897
10 10
10 109
10 110
10 112
10 721898
11 3
11 5
11 20
11 389
11 391
11 721899
12 76
12 185
12 186
12 188
12 837875
13 76
13 342
13 343
13 345
13 123347
14 3
14 5
14 20
14 1709
14 14619
14 837876
15 5
15 20
15 90
15 122
15 708
15 713
15 5400
15 5402
15 777879
16 76
16 137
16 138
16 140
16 837877
17 3
17 4
17 5
17 13599
17 24167
17 837878
18 20
18 195
18 202
18 2553
18 24170
18 837879
19 2
19 3
19 4
19 5
19 181
19 837880
20 76
20 185
20 186
20 188
20 837881
21 71
21 76
21 190
21 191
21 837882
seqId 133
1 3
1 5
1 20
1 1186
1 4796
1 23193
1 24176
1 837883
2 76
2 342
2 343
2 345
2 95283
3 3
3 4
3 5
3 24179
3 24181
3 837884
4 76
4 342
4 343
4 345
4 346622
5 3
5 4
5 5
5 2608
5 4490
5 837885
6 9
6 10
6 11
6 13
6 837886
7 5
7 27
7 99
7 131
7 132
7 133
7 135
7 837887
8 2
8 3
8 4
8 5
8 181
8 837888
seqId 134
1 10
1 109
1 876
1 878
1 837889
2 4
2 5
2 99
2 131
2 132
2 133
2 152
2 527577
3 3
3 4
3 5
3 4550
3 8014
3 837890
4 76
4 342
4 343
4 345
4 837891
5 99
5 131
5 132
5 133
5 195
5 237
5 837892
6 3
6 4
6 195
6 12036
6 171572
6 355100
7 27
7 660
7 661
7 910
7 912
7 837893
8 84
8 91
8 93
8 121
8 195
8 702
8 703
8 1062
8 837894
9 660
9 661
9 1240
9 1242
9 303745
10 5
10 20
10 90
10 122
10 708
10 769
10 89742
10 89744
10 837895
11 10
11 27969
11 27970
11 27972
11 837896
12 5
12 20
12 99
12 131
12 132
12 133
12 166
12 837897
13 5
13 20
13 202
13 1666
13 1668
13 837898
14 3
14 5
14 20
14 384
14 386
14 837899
15 76
15 342
15 343
15 345
15 6555
16 4
16 82
16 83
16 84
16 115
16 195
16 1824
16 3621
16 837900
17 84
17 91
17 93
17 121
17 195
17 703
17 707
17 1858
17 837901
18 4
18 90
18 122
18 195
18 708
18 713
18 2787
18 124666
18 154629
18 837902
19 9
19 10
19 24
19 26
19 27
19 837903
20 5
20 20
20 99
20 133
20 175
20 176
20 1316
20 95313
21 3
21 5
21 20
21 10226
21 171588
21 171589
21 837904
22 5
22 20
22 202
22 51651
22 125110
22 837905
23 5
23 20
23 90
23 122
23 708
23 713
23 2333
23 7738
23 730693
24 10
24 828
24 829
24 831
24 837906
25 4
25 5
25 99
25 131
25 132
25 133
25 152
25 363221
26 3
26 4
26 5
26 39832
26 39834
26 837907
27 4
27 5
27 202
27 133125
27 133127
27 837908
28 9
28 10
28 11
28 13
28 171598
29 5
29 27
29 99
29 131
29 132
29 133
29 135
29 600771
30 3
30 5
30 6573
30 55291
30 55294
31 243
31 244
31 245
31 247
31 837909
32 9
32 10
32 24
32 26
32 27
32 837910
33 4
33 5
33 99
33 133
33 175
33 176
33 178
33 837911
34 3
34 4
34 5
34 1104
34 31427
34 171603
34 171605
34 837912
35 82
35 758
35 759
35 761
35 95329
36 5
36 84
36 90
36 91
36 93
36 121
36 824
36 24311
36 837913
37 4
37 5
37 99
37 133
37 175
37 176
37 178
37 425501
38 3
38 4
38 5
38 32381
38 32383
38 837914
39 4
39 5
39 202
39 171611
39 171613
39 837915
40 230
40 231
40 232
40 234
40 6584
41 9
41 10
41 11
41 13
41 163
42 99
42 131
42 132
42 133
42 195
42 236
42 237
43 3
43 20
43 195
43 340
43 68692
43 171616
43 171618
43 837916
44 76
44 342
44 343
44 345
44 837917
45 10
45 126
45 127
45 129
45 837918
46 3
46 5
46 20
46 429
46 431
46 837919
47 71
47 76
47 190
47 191
47 837920
seqId 135
1 5
1 27
1 99
1 131
1 132
1 133
1 699
1 837921
2 3
2 4
2 5
2 1701
2 1703
2 837922
3 51
3 195
3 1705
3 1707
3 217623
4 5
4 84
4 90
4 91
4 93
4 121
4 32818
4 170594
4 171627
4 837923
5 5
5 20
5 99
5 131
5 132
5 133
5 166
5 837924
6 3
6 5
6 20
6 24881
6 24883
6 837925
7 9
7 10
7 11
7 13
7 500325
8 5
8 27
8 99
8 131
8 132
8 133
8 135
8 837926
9 2
9 3
9 4
9 5
9 181
9 837927
10 75
10 76
10 77
10 79
10 837928
11 3
11 4
11 5
11 4737
11 4963
11 113112
11 837929
12 76
12 342
12 343
12 345
12 132188
13 3
13 4
13 5
13 171638
13 171640
13 837930
14 76
14 342
14 343
14 345
14 496258
15 3
15 4
15 5
15 10197
15 10199
15 837931
16 5
16 20
16 82
16 83
16 84
16 115
16 166
16 763
16 355158
17 84
17 90
17 91
17 93
17 121
17 195
17 10385
17 10387
17 837932
18 76
18 342
18 343
18 345
18 837933
19 717
19 718
19 719
19 721
19 37627
20 10
20 146
20 147
20 149
20 722
21 5
21 20
21 99
21 131
21 132
21 133
21 165
21 166
22 3
22 5
22 20
22 12014
22 12016
22 837934
23 9
23 10
23 11
23 13
23 837935
24 4
24 5
24 99
24 131
24 132
24 133
24 152
24 217648
25 3
25 4
25 5
25 33297
25 33299
25 837936
26 71
26 76
26 190
26 191
26 837937
seqId 136
1 90
1 443
1 25415
1 34486
1 837938
2 660
2 1622
2 1623
2 1625
2 837939
3 4
3 5
3 99
3 131
3 132
3 133
3 152
3 189146
4 3
4 4
4 5
4 539
4 18239
4 837940
5 230
5 231
5 232
5 234
5 837941
6 9
6 10
6 11
6 13
6 163
7 99
7 131
7 132
7 133
7 195
7 236
7 237
8 3
8 20
8 195
8 24887
8 26865
8 837942
9 10
9 109
9 110
9 112
9 751795
10 3
10 4
10 5
10 1701
10 1703
10 777944
11 51
11 195
11 2054
11 2056
11 837943
seqId 137
1 3
1 4
1 5
1 1336
1 4737
1 26335
1 837944
seqId 138
1 99
1 131
1 132
1 133
1 195
1 1220
1 837945
2 3
2 20
2 195
2 50335
2 171664
2 837946
3 84
3 90
3 91
3 93
3 121
3 195
3 73690
3 171667
3 730739
4 9
4 10
4 24
4 26
4 27
4 837947
5 20
5 72
5 82
5 84
5 115
5 116
5 195
5 1262
5 11772
5 171670
5 171672
5 303837
6 75
6 76
6 77
6 79
6 837948
7 10
7 2408
7 2410
7 10221
7 837949
8 3
8 5
8 20
8 39897
8 39899
8 837950
9 9
9 10
9 11
9 13
9 837951
10 3
10 5
10 20
10 13358
10 28067
10 837952
11 76
11 342
11 343
11 345
11 363298
12 4
12 5
12 99
12 131
12 132
12 133
12 152
12 363299
13 3
13 4
13 5
13 831
13 4737
13 26335
13 837953
14 5
14 84
14 91
14 93
14 121
14 703
14 707
14 956
14 189166
15 4
15 5
15 90
15 122
15 708
15 713
15 11744
15 171681
15 837954
16 244
16 418
16 419
16 421
16 60097
17 4
17 5
17 90
17 122
17 708
17 713
17 1104
17 171684
17 171686
17 837955
18 10
18 283
18 284
18 286
18 171688
19 20
19 195
19 202
19 1377
19 5238
19 837956
20 99
20 131
20 132
20 133
20 195
20 237
20 837957
21 3
21 20
21 195
21 272
21 6282
21 837958
22 76
22 342
22 343
22 345
22 500364
23 99
23 131
23 132
23 133
23 195
23 237
23 837959
24 51
24 195
24 1501
24 1503
24 837960
25 20
25 195
25 202
25 28847
25 31390
25 837961
26 3
26 20
26 195
26 340
26 2094
26 2096
26 837962
27 20
27 195
27 202
27 1777
27 49469
27 136939
27 171696
27 837963
28 5
28 27
28 82
28 83
28 84
28 115
28 135
28 763
28 837964
29 84
29 90
29 91
29 93
29 121
29 195
29 755
29 2101
29 2103
29 837965
30 9
30 10
30 13
30 1539
30 37681
31 660
31 2310
31 2311
31 2313
31 837966
32 944
32 945
32 946
32 948
32 738628
33 4
33 5
33 99
33 131
33 132
33 133
33 152
33 37687
34 3
34 4
34 5
34 32381
34 32383
34 837967
35 4
35 5
35 202
35 1773
35 26635
35 303860
36 230
36 231
36 232
36 234
36 837968
37 9
37 10
37 11
37 13
37 163
38 99
38 131
38 132
38 133
38 195
38 236
38 237
39 3
39 4
39 195
39 14397
39 14399
39 37713
40 243
40 244
40 245
40 247
40 384288
41 230
41 231
41 232
41 234
41 837969
42 9
42 10
42 11
42 13
42 163
43 99
43 131
43 132
43 133
43 195
43 236
43 237
44 3
44 20
44 195
44 26371
44 26373
44 837970
45 10
45 283
45 284
45 286
45 837971
46 5
46 27
46 99
46 131
46 132
46 133
46 135
46 189197
47 5
47 67
47 55291
47 55294
47 837972
48 71
48 76
48 190
48 191
48 6717
seqId 139
1 4
1 5
1 99
1 133
1 175
1 176
1 5129
1 777985
2 4
2 5
2 202
2 3106
2 26492
2 496318
3 3
3 4
3 5
3 12036
3 12038
3 837973
4 10
4 146
4 147
4 149
4 363351
5 90
5 443
5 41115
5 169874
5 837974
6 10
6 1539
6 2408
6 2410
6 837975
7 3
7 5
7 20
7 2412
7 2414
7 837976
8 5
8 84
8 91
8 93
8 121
8 703
8 707
8 956
8 837977
9 4
9 5
9 99
9 131
9 132
9 133
9 152
9 217726
10 3
10 4
10 5
10 813
10 815
10 837978
11 9
11 10
11 11
11 13
11 425590
12 5
12 27
12 99
12 131
12 132
12 133
12 135
12 837979
13 5
13 67
13 55291
13 55294
13 837980
14 76
14 342
14 343
14 345
14 837981
15 4
15 5
15 202
15 24046
15 24048
15 837982
16 660
16 2136
16 2137
16 2139
16 837983
17 158
17 159
17 160
17 162
17 95456
18 9
18 10
18 11
18 13
18 163
19 5
19 20
19 99
19 131
19 132
19 133
19 165
19 166
20 5
20 20
20 202
20 2244
20 2246
20 837984
21 3
21 5
21 20
21 384
21 386
21 401117
22 244
22 1249
22 1250
22 1252
22 837985
23 660
23 22707
23 22708
23 22710
23 837986
24 4
24 5
24 202
24 171733
24 171735
24 837987
25 10
25 27969
25 27970
25 27972
25 303896
26 99
26 131
26 132
26 133
26 195
26 237
26 303897
27 51
27 195
27 11257
27 11259
27 837988
28 3
28 4
28 195
28 729
28 731
28 837989
29 4
29 90
29 122
29 195
29 708
29 713
29 3906
29 3908
29 837990
30 71
30 76
30 190
30 191
30 837991
seqId 140
1 90
1 93
1 121
1 195
1 340
1 4063
1 4941
1 5889
1 49446
1 73548
1 837992
2 10
2 828
2 831
2 1539
2 189227
3 660
3 2210
3 2211
3 2213
3 837993
4 27
4 944
4 945
4 1463
4 3308
4 837994
5 5
5 20
5 99
5 133
5 175
5 176
5 1316
5 132298
6 3
6 5
6 20
6 29708
6 29710
6 738676
7 5
7 84
7 91
7 93
7 121
7 702
7 703
7 705
7 837995
8 5
8 20
8 122
8 703
8 707
8 708
8 710
8 837996
9 5
9 20
9 90
9 122
9 708
9 713
9 3777
9 4766
9 171751
10 10
10 378
10 379
10 381
10 60170
11 90
11 443
11 21159
11 21161
11 837997
12 5
12 20
12 99
12 131
12 132
12 133
12 166
12 837998
13 3
13 5
13 20
13 2863
13 2865
13 837999
14 5
14 20
14 202
14 5335
14 8517
14 838000
15 243
15 244
15 245
15 247
15 751871
16 99
16 131
16 132
16 133
16 195
16 237
16 425626
17 3
17 4
17 195
17 8989
17 8991
17 610676
18 9
18 10
18 11
18 13
18 610677
19 3
19 5
19 20
19 4434
19 4436
19 838001
20 10
20 146
20 147
20 149
20 838002
21 99
21 133
21 175
21 176
21 195
21 234
21 838003
22 3
22 4
22 195
22 11387
22 11389
22 838004
23 4
23 195
23 202
23 78191
23 171766
23 838005
24 10
24 1387
24 1388
24 1390
24 838006
25 99
25 133
25 175
25 176
25 195
25 234
25 6789
26 3
26 4
26 195
26 6905
26 6907
26 838007
27 4
27 195
27 202
27 340
27 86510
27 86512
27 838008
28 82
28 758
28 759
28 761
28 189253
29 27
29 82
29 84
29 114
29 115
29 116
29 118
29 838009
30 84
30 90
30 91
30 93
30 121
30 195
30 17979
30 37910
30 37912
30 838010
31 443
31 703
31 707
31 2086
31 838011
32 660
32 12080
32 12081
32 12083
32 838012
33 4
33 195
33 202
33 340
33 86517
33 86519
33 838013
34 71
34 76
34 190
34 191
34 838014
seqId 141
1 3
1 4
1 5
1 4737
1 26574
1 26576
1 355270
2 5
2 202
2 302
2 304
2 838015
seqId 142
1 5
1 27
1 99
1 131
1 132
1 133
1 699
1 411059
2 5
2 67
2 55291
2 55294
2 838016
3 5
3 84
3 91
3 93
3 121
3 703
3 707
3 956
3 838017
4 4
4 5
4 90
4 122
4 708
4 713
4 9952
4 123113
4 838018
5 9
5 10
5 24
5 26
5 27
5 838019
6 3
6 20
6 72
6 195
6 340
6 1227
6 1229
6 1230
6 1231
6 838020
7 20
7 195
7 202
7 340
7 26596
7 26598
7 838021
8 243
8 244
8 245
8 247
8 838022
9 20
9 195
9 202
9 26010
9 53178
9 838023
10 27
10 82
10 84
10 114
10 115
10 116
10 118
10 838024
11 90
11 121
11 122
11 755
11 79110
11 171791
11 838025
12 9
12 10
12 11
12 13
12 838026
13 90
13 443
13 24284
13 171794
13 838027
14 2822
14 2823
14 2824
14 2826
14 37843
15 10
15 146
15 147
15 149
15 722
16 99
16 131
16 132
16 133
16 195
16 236
16 237
17 3
17 20
17 195
17 7149
17 7151
17 838028
18 99
18 131
18 132
18 133
18 195
18 237
18 838029
19 3
19 4
19 195
19 13716
19 21248
19 838030
20 9
20 10
20 11
20 13
20 355288
21 3
21 4
21 5
21 4737
21 54768
21 54770
21 838031
22 4
22 5
22 202
22 16827
22 16829
22 838032
23 82
23 758
23 759
23 761
23 815370
24 82
24 83
24 84
24 115
24 195
24 237
24 1824
24 838033
25 84
25 90
25 91
25 93
25 121
25 195
25 755
25 28383
25 32690
25 838034
26 71
26 76
26 190
26 191
26 838035
seqId 143
1 4
1 5
1 82
1 83
1 84
1 115
1 763
1 4750
1 838036
2 5
2 84
2 90
2 91
2 93
2 121
2 2081
2 2426
2 838037
3 76
3 342
3 343
3 345
3 838038
4 717
4 718
4 719
4 721
4 838039
5 10
5 146
5 147
5 149
5 722
6 5
6 20
6 99
6 131
6 132
6 133
6 165
6 166
7 3
7 5
7 20
7 10700
7 29791
7 838040
8 76
8 342
8 343
8 345
8 838041
9 90
9 443
9 26002
9 26004
9 838042
10 717
10 718
10 719
10 721
10 600912
11 10
11 146
11 147
11 149
11 722
12 5
12 20
12 99
12 131
12 132
12 133
12 165
12 166
13 3
13 5
13 20
13 25629
13 65934
13 838043
14 9
14 10
14 11
14 13
14 838044
15 3
15 4
15 5
15 171816
15 171818
15 838045
16 9
16 10
16 11
16 13
16 722102
17 3
17 5
17 20
17 26678
17 26680
17 838046
18 20
18 90
18 122
18 708
18 713
18 17975
18 40687
18 838047
19 10
19 828
19 829
19 831
19 838048
20 5
20 27
20 99
20 131
20 132
20 133
20 135
20 838049
21 5
21 67
21 1256
21 1258
21 1259
21 838050
22 67
22 310
22 87527
22 130695
22 130696
22 838051
23 71
23 76
23 190
23 191
23 838052
seqId 144
1 3
1 4
1 5
1 8694
1 26853
1 838053
2 243
2 244
2 245
2 247
2 838054
3 3
3 4
3 5
3 4002
3 4004
3 838055
4 71
4 76
4 190
4 191
4 838056
seqId 145
1 5
1 20
1 82
1 929
1 169108
1 171832
1 363492
2 10
2 146
2 147
2 149
2 6916
3 90
3 443
3 2979
3 2981
3 838057
4 10
4 283
4 284
4 286
4 838058
5 5
5 20
5 98
5 99
5 100
5 102
5 838059
6 3
6 5
6 20
6 272
6 894
6 327533
7 71
7 76
7 190
7 191
7 838060
seqId 146
1 2
1 3
1 4
1 5
1 7
1 838061
2 9
2 10
2 11
2 13
2 838062
3 3
3 4
3 5
3 15
3 17
3 838063
seqId 147
1 3
1 5
1 19
1 20
1 22
1 132400
2 9
2 10
2 24
2 26
2 27
2 838064
3 3
3 4
3 5
3 29
3 31
3 32
3 838065
seqId 148
1 5
1 20
1 81
1 82
1 83
1 84
1 85
1 2423
1 838066
2 5
2 84
2 90
2 91
2 93
2 121
2 29073
2 171846
2 500492
3 660
3 30602
3 30603
3 30605
3 838067
4 5
4 20
4 99
4 133
4 175
4 176
4 1316
4 600936
5 3
5 5
5 20
5 10939
5 10941
5 838068
6 158
6 159
6 160
6 162
6 838069
7 9
7 10
7 11
7 13
7 163
8 5
8 20
8 99
8 131
8 132
8 133
8 165
8 166
9 3
9 5
9 19
9 20
9 105
9 838070
10 9
10 10
10 24
10 26
10 27
10 838071
11 3
11 4
11 5
11 29
11 31
11 32
11 838072
12 9
12 10
12 11
12 13
12 60286
13 5
13 27
13 99
13 131
13 132
13 133
13 135
13 670825
14 5
14 67
14 55291
14 55294
14 838073
15 51
15 195
15 14053
15 171406
15 171408
15 838074
16 76
16 413
16 414
16 416
16 838075
17 3
17 4
17 5
17 14686
17 49719
17 838076
18 230
18 231
18 232
18 234
18 838077
19 9
19 10
19 11
19 13
19 163
20 99
20 131
20 132
20 133
20 195
20 236
20 237
21 3
21 20
21 195
21 340
21 2081
21 48543
21 838078
22 76
22 342
22 343
22 345
22 838079
23 3
23 20
23 195
23 340
23 12336
23 55581
23 838080
24 76
24 342
24 343
24 345
24 838081
25 243
25 244
25 245
25 247
25 838082
26 3
26 4
26 195
26 340
26 7178
26 18652
26 838083
27 76
27 433
27 434
27 436
27 838084
28 76
28 342
28 343
28 345
28 838085
29 90
29 121
29 122
29 4651
29 171871
29 838086
30 99
30 131
30 132
30 133
30 195
30 237
30 527815
31 3
31 4
31 195
31 1542
31 24622
31 838087
32 9
32 10
32 11
32 13
32 123659
33 4
33 5
33 99
33 131
33 132
33 133
33 152
33 838088
34 3
34 4
34 5
34 492
34 44426
34 838089
35 4
35 5
35 90
35 122
35 708
35 713
35 57599
35 79477
35 838090
36 76
36 342
36 343
36 345
36 838091
37 243
37 244
37 245
37 247
37 500510
38 5
38 20
38 99
38 133
38 175
38 176
38 1316
38 838092
39 3
39 5
39 20
39 4038
39 15485
39 838093
40 9
40 10
40 11
40 13
40 838094
41 5
41 27
41 99
41 131
41 132
41 133
41 135
41 838095
42 3
42 4
42 5
42 897
42 899
42 838096
43 230
43 231
43 232
43 234
43 95597
44 9
44 10
44 11
44 13
44 163
45 99
45 131
45 132
45 133
45 195
45 236
45 237
46 3
46 195
46 2217
46 8955
46 838097
47 20
47 90
47 122
47 195
47 708
47 713
47 58812
47 171888
47 838098
48 10
48 146
48 147
48 149
48 123688
49 90
49 443
49 2257
49 2259
49 838099
50 5
50 20
50 99
50 131
50 132
50 133
50 166
50 496455
51 5
51 20
51 67
51 37445
51 135367
51 171893
51 838100
52 71
52 76
52 190
52 191
52 171897
seqId 149
1 5
1 20
1 81
1 82
1 83
1 84
1 85
1 2423
1 722157
2 82
2 83
2 84
2 115
2 5729
2 5731
2 838101
3 5
3 84
3 91
3 93
3 121
3 702
3 703
3 705
3 327581
4 5
4 20
4 90
4 122
4 708
4 769
4 32782
4 91210
4 838102
5 4
5 5
5 99
5 133
5 175
5 176
5 178
5 838103
6 3
6 4
6 5
6 92205
6 92207
6 838104
7 9
7 10
7 11
7 13
7 838105
8 5
8 27
8 99
8 131
8 132
8 133
8 135
8 838106
9 76
9 137
9 138
9 140
9 838107
10 3
10 4
10 5
10 1701
10 1703
10 838108
11 51
11 195
11 1427
11 1962
11 838109
12 76
12 185
12 186
12 188
12 7013
13 158
13 159
13 160
13 162
13 7014
14 9
14 10
14 11
14 13
14 163
15 5
15 20
15 99
15 131
15 132
15 133
15 165
15 166
16 3
16 5
16 20
16 4038
16 15485
16 838110
17 9
17 10
17 11
17 13
17 60332
18 5
18 27
18 99
18 131
18 132
18 133
18 135
18 838111
19 5
19 67
19 55291
19 55294
19 738805
20 4
20 5
20 90
20 122
20 708
20 713
20 32157
20 97881
20 838112
21 2822
21 2823
21 2824
21 2826
21 600978
22 10
22 146
22 147
22 149
22 722
23 99
23 131
23 132
23 133
23 195
23 236
23 237
24 3
24 4
24 195
24 4228
24 4230
24 838113
25 9
25 10
25 11
25 13
25 838114
26 98
26 99
26 100
26 195
26 2073
26 738810
27 3
27 20
27 195
27 2217
27 8955
27 838115
28 71
28 76
28 190
28 191
28 838116
seqId 150
1 3
1 4
1 5
1 34
1 36
1 37
1 38
1 838117
2 9
2 10
2 27
2 40
2 42
2 838118
3 3
3 4
3 5
3 44
3 46
3 47
3 48
3 838119
4 50
4 51
4 52
4 54
4 838120
seqId 151
1 3
1 4
1 5
1 56
1 58
1 59
1 838121
2 3
2 61
2 62
2 64
2 838122
seqId 152
1 3
1 4
1 194
1 195
1 197
1 198
1 199
1 838123
2 4
2 195
2 201
2 202
2 204
2 205
2 206
2 207
2 838124
seqId 153
1 3
1 5
1 20
1 209
1 211
1 838125
2 9
2 10
2 11
2 13
2 304071
3 5
3 27
3 99
3 131
3 132
3 133
3 135
3 838126
4 2
4 3
4 4
4 5
4 181
4 838127
5 75
5 76
5 77
5 79
5 838128
6 3
6 4
6 5
6 14686
6 49719
6 838129
7 230
7 231
7 232
7 234
7 838130
8 9
8 10
8 11
8 13
8 163
9 99
9 131
9 132
9 133
9 195
9 236
9 237
10 3
10 20
10 195
10 2081
10 36474
10 838131
11 76
11 342
11 343
11 345
11 838132
12 3
12 20
12 195
12 340
12 12336
12 15959
12 363607
13 243
13 244
13 245
13 247
13 363608
14 3
14 4
14 195
14 7178
14 7180
14 838133
seqId 154
1 3
1 5
1 20
1 258
1 260
1 261
1 262
1 838134
2 75
2 76
2 77
2 79
2 838135
seqId 155
1 3
1 5
1 20
1 272
1 274
1 838136
2 243
2 244
2 245
2 247
2 601007
3 3
3 5
3 20
3 72
3 277
3 279
3 280
3 281
3 838137
4 10
4 283
4 284
4 286
4 363625
5 4
5 5
5 99
5 131
5 132
5 133
5 152
5 38032
6 3
6 4
6 5
6 289
6 291
6 838138
7 158
7 159
7 160
7 162
7 327639
8 9
8 10
8 11
8 13
8 163
9 5
9 20
9 99
9 131
9 132
9 133
9 165
9 166
10 5
10 20
10 67
10 294
10 296
10 297
10 298
10 838139
11 75
11 76
11 77
11 79
11 838140
seqId 156
1 3
1 4
1 5
1 71
1 373
1 375
1 376
1 838141
2 10
2 378
2 379
2 381
2 838142
3 5
3 20
3 99
3 131
3 132
3 133
3 166
3 838143
4 3
4 5
4 20
4 384
4 386
4 838144
5 10
5 109
5 110
5 112
5 38048
6 3
6 5
6 20
6 389
6 391
6 838145
7 75
7 76
7 77
7 79
7 838146
8 67
8 17618
8 17619
8 17621
8 838147
9 67
9 4398
9 48274
9 72995
9 171956
9 171957
9 838148
seqId 157
1 3
1 5
1 20
1 465
1 467
1 327655
2 9
2 10
2 11
2 13
2 838149
3 3
3 4
3 5
3 470
3 472
3 838150
4 75
4 76
4 77
4 79
4 838151
seqId 158
1 3
1 5
1 20
1 475
1 477
1 478
1 479
1 838152
2 10
2 146
2 147
2 149
2 304105
3 5
3 27
3 99
3 131
3 132
3 133
3 135
3 838153
4 3
4 5
4 20
4 483
4 485
4 838154
5 76
5 499
5 500
5 502
5 838155
6 3
6 4
6 5
6 492
6 494
6 495
6 496
6 497
6 838156
7 67
7 18749
7 45457
7 45458
7 838157
8 3
8 4
8 5
8 504
8 506
8 838158
9 508
9 509
9 510
9 512
9 838159
10 509
10 514
10 515
10 517
10 518
10 519
10 838160
11 76
11 499
11 500
11 502
11 838161
seqId 159
1 3
1 20
1 195
1 340
1 522
1 524
1 525
1 838162
2 243
2 244
2 245
2 247
2 7125
3 3
3 20
3 195
3 528
3 530
3 132540
4 9
4 10
4 11
4 13
4 838163
5 3
5 5
5 20
5 533
5 535
5 536
5 838164
6 75
6 76
6 77
6 79
6 838165
seqId 160
1 3
1 4
1 5
1 539
1 541
1 327686
2 230
2 231
2 232
2 234
2 722222
3 9
3 10
3 11
3 13
3 163
4 99
4 131
4 132
4 133
4 195
4 236
4 237
5 3
5 20
5 195
5 522
5 545
5 838166
6 243
6 244
6 245
6 247
6 838167
7 3
7 20
7 195
7 528
7 530
7 838168
8 4
8 195
8 202
8 340
8 549
8 551
8 838169
9 9
9 10
9 11
9 13
9 815497
10 5
10 27
10 99
10 131
10 132
10 133
10 135
10 838170
11 2
11 3
11 4
11 5
11 181
11 838171
12 9
12 10
12 11
12 13
12 670961
13 3
13 4
13 5
13 15
13 17
13 838172
14 10
14 378
14 379
14 381
14 838173
15 5
15 20
15 99
15 131
15 132
15 133
15 166
15 838174
16 3
16 5
16 20
16 384
16 386
16 838175
17 10
17 109
17 110
17 112
17 838176
18 3
18 5
18 20
18 389
18 391
18 50489
19 243
19 244
19 245
19 247
19 189493
20 10
20 378
20 379
20 381
20 601059
21 5
21 20
21 99
21 131
21 132
21 133
21 166
21 496545
22 5
22 20
22 202
22 566
22 568
22 838177
23 3
23 5
23 20
23 384
23 386
23 7166
24 76
24 413
24 414
24 416
24 838178
25 3
25 4
25 195
25 340
25 549
25 551
25 838179
26 76
26 433
26 434
26 436
26 60446
27 71
27 76
27 190
27 191
27 838180
seqId 161
1 3
1 5
1 20
1 384
1 576
1 838181
2 10
2 109
2 110
2 112
2 838182
3 3
3 5
3 20
3 389
3 391
3 838183
4 75
4 76
4 77
4 79
4 838184
5 76
5 581
5 582
5 584
5 838185
6 5
6 20
6 202
6 566
6 587
6 588
6 838186
7 3
7 5
7 20
7 384
7 386
7 500610
8 75
8 76
8 77
8 79
8 838187
seqId 162
1 76
1 592
1 593
1 595
1 838188
2 3
2 4
2 5
2 597
2 599
2 838189
3 5
3 20
3 67
3 601
3 603
3 838190
4 51
4 52
4 2686
4 15391
4 838191
5 67
5 72
5 72
5 135191
5 135192
5 135194
5 135195
5 135196
5 838192
seqId 163
1 76
1 592
1 593
1 595
1 838193
2 3
2 4
2 5
2 597
2 599
2 838194
3 5
3 20
3 67
3 601
3 603
3 838195
4 5
4 20
4 67
4 605
4 607
4 838196
seqId 164
1 76
1 592
1 593
1 595
1 132605
2 3
2 4
2 5
2 597
2 599
2 838197
3 5
3 20
3 67
3 601
3 603
3 838198
4 51
4 52
4 2686
4 15391
4 838199
5 67
5 72
5 72
5 135191
5 135192
5 135194
5 135195
5 135196
5 838200
seqId 165
1 3
1 5
1 20
1 614
1 616
1 838201
2 9
2 10
2 11
2 13
2 123872
3 5
3 27
3 99
3 131
3 132
3 133
3 135
3 218036
4 3
4 4
4 5
4 44
4 621
4 838202
5 5
5 202
5 623
5 625
5 626
5 838203
6 9
6 10
6 11
6 13
6 838204
7 5
7 27
7 99
7 131
7 132
7 133
7 135
7 838205
8 2
8 3
8 4
8 5
8 181
8 838206
9 9
9 10
9 11
9 13
9 218042
10 3
10 4
10 5
10 15
10 17
10 500634
11 76
11 413
11 414
11 416
11 500635
12 244
12 418
12 419
12 421
12 500636
13 9
13 10
13 24
13 26
13 27
13 838207
14 4
14 5
14 99
14 133
14 175
14 176
14 178
14 60499
15 244
15 418
15 419
15 421
15 500638
16 85
16 99
16 195
16 638
16 640
16 500639
17 3
17 4
17 195
17 642
17 644
17 838208
18 4
18 195
18 202
18 646
18 648
18 838209
19 76
19 433
19 434
19 436
19 838210
20 75
20 76
20 77
20 79
20 838211
seqId 166
1 652
1 653
1 654
1 656
1 838212
2 76
2 499
2 500
2 502
2 838213
3 659
3 660
3 661
3 663
3 838214
seqId 167
1 51
1 52
1 680
1 1993
1 838215
2 71
2 76
2 190
2 191
2 327765
seqId 168
1 99
1 131
1 132
1 133
1 195
1 1220
1 401417
2 3
2 4
2 195
2 1542
2 24622
2 401418
3 9
3 10
3 24
3 26
3 27
3 738935
4 4
4 5
4 99
4 133
4 175
4 176
4 178
4 838216
5 3
5 4
5 5
5 492
5 44426
5 838217
seqId 169
1 10
1 283
1 3640
1 3642
1 838218
2 4
2 5
2 99
2 115
2 773
2 774
2 775
2 776
2 3330
2 50581
3 3
3 4
3 5
3 4779
3 12778
3 838219
4 4
4 5
4 202
4 17683
4 40254
4 838220
5 76
5 342
5 343
5 345
5 838221
6 5
6 27
6 99
6 131
6 132
6 133
6 135
6 838222
7 5
7 67
7 55291
7 55294
7 838223
8 51
8 195
8 14053
8 171406
8 171408
8 838224
9 5
9 84
9 90
9 91
9 93
9 121
9 35983
9 35985
9 838225
10 9
10 10
10 24
10 26
10 27
10 601122
11 4
11 5
11 99
11 133
11 175
11 176
11 178
11 838226
12 3
12 4
12 5
12 91927
12 91929
12 838227
13 4
13 5
13 90
13 122
13 708
13 713
13 3563
13 22559
13 838228
14 660
14 2136
14 2137
14 2139
14 838229
15 158
15 159
15 160
15 162
15 838230
16 9
16 10
16 11
16 13
16 163
17 5
17 20
17 99
17 131
17 132
17 133
17 165
17 166
18 3
18 5
18 20
18 384
18 386
18 189588
19 51
19 72
19 195
19 58989
19 172066
19 172068
19 838231
20 10
20 1605
20 1606
20 1608
20 838232
21 5
21 20
21 99
21 131
21 132
21 133
21 166
21 838233
22 3
22 5
22 20
22 217
22 219
22 838234
23 9
23 10
23 11
23 13
23 838235
24 3
24 4
24 15
24 195
24 340
24 5937
24 838236
25 4
25 195
25 202
25 340
25 693
25 695
25 838237
26 76
26 413
26 414
26 416
26 838238
27 660
27 1305
27 1306
27 1308
27 838239
28 5
28 20
28 90
28 122
28 708
28 713
28 172079
28 172081
28 838240
29 67
29 55291
29 55292
29 55294
29 838241
30 51
30 195
30 14053
30 171406
30 171408
30 838242
31 76
31 433
31 434
31 436
31 838243
32 243
32 244
32 245
32 247
32 347121
33 4
33 5
33 99
33 131
33 132
33 133
33 152
33 838244
34 4
34 5
34 202
34 10398
34 172089
34 838245
35 3
35 4
35 5
35 642
35 63756
35 838246
36 3
36 4
36 5
36 14686
36 49719
36 838247
37 4
37 5
37 202
37 16827
37 16829
37 838248
38 76
38 413
38 414
38 416
38 838249
39 67
39 111229
39 111231
39 120157
39 838250
40 51
40 195
40 1561
40 172096
40 172098
40 838251
41 76
41 433
41 434
41 436
41 838252
42 71
42 76
42 190
42 191
42 838253
seqId 170
1 10
1 27969
1 47790
1 47792
1 838254
2 5
2 20
2 99
2 131
2 132
2 133
2 166
2 132689
3 3
3 5
3 20
3 384
3 386
3 838255
4 51
4 72
4 195
4 52466
4 55726
4 172105
4 838256
5 76
5 342
5 343
5 345
5 838257
6 244
6 19444
6 19445
6 19447
6 304246
7 10
7 109
7 110
7 112
7 838258
8 51
8 195
8 1851
8 1853
8 838259
9 76
9 342
9 343
9 345
9 838260
10 5
10 27
10 99
10 131
10 132
10 133
10 135
10 838261
11 2
11 3
11 4
11 5
11 181
11 189621
12 27
12 82
12 84
12 114
12 115
12 116
12 118
12 838262
13 5
13 84
13 91
13 93
13 121
13 703
13 707
13 956
13 838263
14 4
14 5
14 90
14 122
14 708
14 769
14 4190
14 53926
14 838264
15 10
15 828
15 829
15 831
15 95869
16 5
16 27
16 99
16 131
16 132
16 133
16 135
16 838265
17 3
17 4
17 5
17 14523
17 14525
17 838266
18 9
18 10
18 11
18 13
18 838267
19 20
19 195
19 202
19 795
19 2446
19 838268
20 3
20 20
20 195
20 2034
20 3403
20 838269
21 76
21 342
21 343
21 345
21 838270
22 3
22 20
22 72
22 195
22 340
22 1227
22 1229
22 1230
22 1231
22 838271
23 9
23 10
23 11
23 13
23 327853
24 5
24 27
24 99
24 131
24 132
24 133
24 135
24 838272
25 3
25 4
25 5
25 597
25 599
25 838273
26 67
26 601
26 603
26 1197
26 838274
27 51
27 195
27 2686
27 15391
27 838275
28 660
28 661
28 910
28 1234
28 838276
29 90
29 121
29 122
29 1236
29 3852
29 838277
30 660
30 661
30 1240
30 1242
30 838278
31 99
31 133
31 175
31 176
31 195
31 234
31 838279
32 3
32 4
32 195
32 52141
32 87960
32 838280
33 51
33 72
33 195
33 10864
33 135341
33 147935
33 838281
34 158
34 159
34 160
34 162
34 463266
35 9
35 10
35 11
35 13
35 163
36 5
36 20
36 99
36 131
36 132
36 133
36 165
36 166
37 5
37 20
37 36
37 67
37 11361
37 11363
37 838282
38 76
38 342
38 343
38 345
38 838283
39 244
39 1249
39 1250
39 1252
39 838284
40 20
40 90
40 122
40 195
40 340
40 708
40 713
40 923
40 925
40 838285
41 10
41 283
41 284
41 286
41 838286
42 99
42 133
42 175
42 176
42 195
42 234
42 838287
43 3
43 4
43 15
43 195
43 4121
43 218132
44 4
44 195
44 202
44 693
44 39275
44 611025
45 4
45 90
45 122
45 195
45 708
45 713
45 3686
45 5120
45 838288
46 10
46 3221
46 53306
46 53308
46 838289
47 4
47 5
47 99
47 133
47 175
47 176
47 178
47 838290
48 3
48 4
48 5
48 11107
48 11109
48 838291
49 4
49 5
49 202
49 5335
49 5337
49 838292
50 71
50 76
50 190
50 191
50 838293
seqId 171
1 4
1 5
1 82
1 83
1 84
1 115
1 763
1 4750
1 838294
2 5
2 84
2 91
2 93
2 121
2 702
2 703
2 705
2 838295
3 5
3 20
3 122
3 703
3 707
3 708
3 710
3 838296
4 4
4 5
4 90
4 122
4 708
4 713
4 31757
4 31759
4 838297
5 10
5 109
5 110
5 112
5 815621
6 51
6 195
6 1851
6 1853
6 355671
7 10
7 378
7 379
7 381
7 838298
8 5
8 20
8 99
8 131
8 132
8 133
8 166
8 60641
9 3
9 5
9 20
9 24371
9 24372
9 46130
9 46132
9 838299
10 76
10 413
10 414
10 416
10 838300
11 5
11 20
11 90
11 122
11 708
11 769
11 981
11 983
11 838301
12 5
12 20
12 202
12 761
12 4399
12 8684
12 24369
12 24371
12 24372
12 384755
13 76
13 433
13 434
13 436
13 384756
14 51
14 72
14 195
14 4164
14 93475
14 172161
14 838302
15 71
15 76
15 190
15 191
15 731166
seqId 172
1 4
1 5
1 99
1 115
1 773
1 774
1 775
1 776
1 72995
1 739027
2 3
2 4
2 5
2 3154
2 17710
2 739028
3 5
3 84
3 91
3 93
3 121
3 703
3 707
3 956
3 189679
4 9
4 10
4 11
4 13
4 355682
5 90
5 443
5 8415
5 28349
5 838303
6 717
6 718
6 719
6 721
6 838304
7 10
7 146
7 147
7 149
7 722
8 5
8 20
8 99
8 131
8 132
8 133
8 165
8 166
9 3
9 5
9 20
9 16848
9 16850
9 838305
10 9
10 10
10 11
10 13
10 601205
11 4
11 5
11 99
11 131
11 132
11 133
11 152
11 838306
12 3
12 4
12 5
12 4094
12 12255
12 838307
13 4
13 5
13 202
13 693
13 33899
13 838308
14 76
14 342
14 343
14 345
14 731175
15 10
15 283
15 284
15 286
15 838309
16 4
16 5
16 99
16 133
16 175
16 176
16 178
16 838310
17 3
17 4
17 5
17 4107
17 4109
17 838311
18 4
18 5
18 202
18 54437
18 112033
18 149382
18 172180
18 815643
19 76
19 413
19 414
19 416
19 838312
20 9
20 10
20 11
20 13
20 363880
21 5
21 27
21 99
21 131
21 132
21 133
21 135
21 838313
22 5
22 67
22 172186
22 172188
22 838314
23 10
23 146
23 147
23 149
23 218174
24 4
24 5
24 99
24 131
24 132
24 133
24 152
24 731182
25 3
25 4
25 5
25 1913
25 1915
25 95952
26 4
26 5
26 202
26 21185
26 78431
26 838315
27 76
27 433
27 434
27 436
27 838316
28 76
28 342
28 343
28 345
28 838317
29 243
29 244
29 245
29 247
29 838318
30 10
30 828
30 829
30 831
30 838319
31 99
31 133
31 175
31 176
31 195
31 234
31 722402
32 3
32 4
32 15
32 195
32 4121
32 722404
33 4
33 195
33 202
33 340
33 105379
33 105381
33 838320
34 90
34 121
34 122
34 4379
34 4381
34 838321
35 10
35 126
35 127
35 129
35 7489
36 99
36 133
36 175
36 176
36 195
36 234
36 189712
37 3
37 4
37 195
37 128926
37 172205
37 752427
38 4
38 195
38 202
38 8705
38 37392
38 838322
39 4
39 195
39 202
39 1951
39 1953
39 838323
40 75
40 76
40 77
40 79
40 838324
41 67
41 3042
41 3043
41 3045
41 838325
42 76
42 342
42 343
42 345
42 739066
43 67
43 5959
43 5960
43 5962
43 838326
44 76
44 342
44 343
44 345
44 50801
45 3
45 5
45 20
45 5018
45 5020
45 838327
46 5
46 20
46 202
46 35537
46 35539
46 838328
47 244
47 1249
47 1250
47 1252
47 838329
48 660
48 1622
48 1623
48 1625
48 838330
49 67
49 72
49 172218
49 172219
49 172221
49 172222
49 838331
50 71
50 76
50 190
50 191
50 189726
seqId 173
1 4
1 5
1 98
1 99
1 100
1 4105
1 124066
2 2
2 3
2 4
2 5
2 181
2 838332
3 5
3 84
3 90
3 91
3 93
3 121
3 1488
3 17865
3 838333
4 76
4 342
4 343
4 345
4 778400
5 10
5 4185
5 4186
5 4188
5 838334
6 4
6 5
6 99
6 133
6 175
6 176
6 178
6 7528
7 3
7 4
7 5
7 5469
7 5471
7 838335
8 230
8 231
8 232
8 234
8 838336
9 9
9 10
9 11
9 13
9 163
10 99
10 131
10 132
10 133
10 195
10 236
10 237
11 3
11 20
11 72
11 195
11 340
11 1227
11 1229
11 1230
11 1231
11 838337
12 158
12 159
12 160
12 162
12 838338
13 9
13 10
13 11
13 13
13 163
14 5
14 20
14 99
14 131
14 132
14 133
14 165
14 166
15 3
15 5
15 20
15 56527
15 56529
15 838339
16 9
16 10
16 24
16 26
16 27
16 838340
17 3
17 4
17 5
17 14686
17 14688
17 838341
18 76
18 413
18 414
18 416
18 838342
19 51
19 195
19 14418
19 14420
19 363947
20 3
20 20
20 72
20 195
20 340
20 1227
20 1229
20 1230
20 1231
20 838343
21 82
21 759
21 2852
21 2854
21 463358
22 51
22 195
22 2151
22 2153
22 838344
23 67
23 195
23 47536
23 47539
23 838345
24 243
24 244
24 245
24 247
24 838346
25 51
25 195
25 14489
25 14491
25 838347
26 67
26 195
26 9490
26 47543
26 47546
26 838348
27 76
27 433
27 434
27 436
27 838349
28 76
28 342
28 343
28 345
28 838350
29 5
29 20
29 99
29 133
29 175
29 176
29 1316
29 838351
30 3
30 5
30 20
30 13609
30 13611
30 838352
31 9
31 10
31 24
31 26
31 27
31 838353
32 3
32 20
32 72
32 195
32 340
32 1227
32 1229
32 1230
32 1231
32 838354
33 20
33 195
33 202
33 7185
33 18153
33 838355
34 158
34 159
34 160
34 162
34 838356
35 9
35 10
35 11
35 13
35 163
36 5
36 20
36 99
36 131
36 132
36 133
36 165
36 166
37 3
37 5
37 20
37 56527
37 56529
37 838357
38 9
38 10
38 24
38 26
38 27
38 838358
39 3
39 5
39 20
39 14350
39 14352
39 838359
40 660
40 976
40 979
40 1458
40 838360
41 944
41 945
41 946
41 948
41 815701
42 51
42 195
42 1501
42 1503
42 611117
43 3
43 20
43 72
43 195
43 340
43 1227
43 1229
43 1230
43 1231
43 838361
44 158
44 159
44 160
44 162
44 731242
45 9
45 10
45 11
45 13
45 163
46 5
46 20
46 99
46 131
46 132
46 133
46 165
46 166
47 3
47 5
47 20
47 56527
47 56529
47 838362
48 9
48 10
48 11
48 13
48 328009
49 3
49 4
49 195
49 172261
49 172263
49 838363
50 76
50 342
50 343
50 345
50 218245
51 3
51 20
51 195
51 2221
51 3410
51 838364
52 9
52 10
52 24
52 26
52 27
52 838365
53 3
53 4
53 5
53 14686
53 14688
53 838366
54 230
54 231
54 232
54 234
54 838367
55 9
55 10
55 11
55 13
55 163
56 99
56 131
56 132
56 133
56 195
56 236
56 237
57 3
57 4
57 195
57 313
57 6526
57 838368
58 76
58 342
58 343
58 345
58 838369
59 5
59 20
59 99
59 133
59 175
59 176
59 1316
59 355810
60 3
60 5
60 20
60 7608
60 47536
60 47539
61 9
61 10
61 24
61 26
61 27
61 778443
62 3
62 4
62 5
62 30801
62 30803
62 838370
63 71
63 76
63 190
63 191
63 60771
seqId 174
1 5
1 27
1 99
1 131
1 132
1 133
1 699
1 838371
2 2
2 3
2 4
2 5
2 181
2 328038
3 5
3 84
3 90
3 91
3 93
3 914
3 22882
3 128511
3 838372
4 10
4 109
4 110
4 112
4 347283
5 51
5 195
5 1095
5 1097
5 496787
6 51
6 195
6 46307
6 46309
6 304426
7 3
7 20
7 195
7 2034
7 3403
7 838373
8 20
8 195
8 202
8 24418
8 24420
8 838374
9 10
9 109
9 110
9 112
9 838375
10 3
10 4
10 5
10 897
10 899
10 838376
11 243
11 244
11 245
11 247
11 722485
12 51
12 195
12 1501
12 1503
12 722486
13 3
13 20
13 195
13 340
13 2042
13 2044
13 838377
14 71
14 76
14 190
14 191
14 838378
seqId 175
1 4
1 5
1 82
1 83
1 84
1 115
1 763
1 4750
1 838379
2 82
2 83
2 84
2 109
2 112
2 115
2 838380
3 5
3 84
3 90
3 91
3 93
3 121
3 10697
3 22882
3 838381
4 51
4 195
4 1860
4 1862
4 132935
5 10
5 109
5 110
5 112
5 463416
6 3
6 5
6 20
6 1875
6 1877
6 838382
7 51
7 195
7 1879
7 1881
7 838383
8 71
8 76
8 190
8 191
8 500847
seqId 176
1 4
1 5
1 98
1 99
1 100
1 4105
1 838384
2 3
2 4
2 5
2 172297
2 172299
2 838385
3 27
3 82
3 84
3 114
3 115
3 116
3 118
3 838386
4 5
4 84
4 90
4 91
4 93
4 121
4 4651
4 4753
4 838387
5 10
5 828
5 829
5 831
5 132941
6 85
6 99
6 195
6 13851
6 13853
6 838388
7 3
7 20
7 195
7 340
7 1942
7 1944
7 60797
8 659
8 660
8 661
8 2274
8 364022
9 20
9 90
9 122
9 195
9 708
9 713
9 46370
9 92452
9 838389
10 244
10 1249
10 1250
10 1252
10 838390
11 660
11 1566
11 1567
11 1569
11 838391
12 10
12 828
12 829
12 831
12 838392
13 5
13 27
13 99
13 131
13 132
13 133
13 135
13 838393
14 3
14 4
14 5
14 1784
14 10502
14 838394
15 158
15 159
15 160
15 162
15 838395
16 9
16 10
16 11
16 13
16 163
17 5
17 20
17 99
17 131
17 132
17 133
17 165
17 166
18 3
18 5
18 20
18 3533
18 3535
18 838396
19 9
19 10
19 11
19 13
19 401679
20 5
20 27
20 99
20 131
20 132
20 133
20 135
20 838397
21 2
21 3
21 4
21 5
21 181
21 838398
22 71
22 76
22 190
22 191
22 838399
seqId 177
1 3
1 4
1 195
1 340
1 1957
1 172320
1 838400
2 243
2 244
2 245
2 247
2 304457
3 3
3 4
3 195
3 2049
3 2051
3 838401
4 84
4 91
4 93
4 121
4 195
4 702
4 703
4 1062
4 611176
5 660
5 53318
5 53319
5 53321
5 838402
6 5
6 20
6 90
6 122
6 708
6 769
6 29837
6 172327
6 838403
7 4
7 5
7 99
7 133
7 175
7 176
7 178
7 838404
8 3
8 4
8 5
8 34872
8 34874
8 838405
9 158
9 159
9 160
9 162
9 838406
10 9
10 10
10 11
10 13
10 163
11 5
11 20
11 99
11 131
11 132
11 133
11 165
11 166
12 3
12 5
12 20
12 1832
12 1834
12 838407
13 9
13 10
13 11
13 13
13 304471
14 3
14 20
14 195
14 2217
14 8955
14 838408
15 20
15 195
15 202
15 28129
15 46410
15 112669
15 131888
15 838409
16 76
16 413
16 414
16 416
16 426108
17 3
17 20
17 195
17 2034
17 3403
17 752566
18 9
18 10
18 11
18 13
18 838410
19 4
19 5
19 99
19 131
19 132
19 133
19 152
19 838411
20 4
20 5
20 202
20 45802
20 139089
20 172339
20 838412
21 3
21 4
21 5
21 52141
21 52143
21 838413
22 158
22 159
22 160
22 162
22 528296
23 9
23 10
23 11
23 13
23 163
24 5
24 20
24 99
24 131
24 132
24 133
24 165
24 166
25 5
25 20
25 36
25 67
25 11361
25 11363
25 838414
26 243
26 244
26 245
26 247
26 838415
27 158
27 159
27 160
27 162
27 124195
28 9
28 10
28 11
28 13
28 163
29 5
29 20
29 99
29 131
29 132
29 133
29 165
29 166
30 3
30 5
30 20
30 56527
30 56529
30 838416
31 9
31 10
31 24
31 26
31 27
31 838417
32 3
32 5
32 20
32 14350
32 14352
32 838418
33 76
33 433
33 434
33 436
33 838419
34 76
34 342
34 343
34 345
34 838420
35 5
35 20
35 99
35 131
35 132
35 133
35 166
35 364054
36 3
36 5
36 20
36 56527
36 56529
36 838421
37 9
37 10
37 24
37 26
37 27
37 838422
38 3
38 5
38 20
38 14350
38 14352
38 838423
39 76
39 342
39 343
39 345
39 496856
40 90
40 121
40 122
40 172355
40 172357
40 364059
41 10
41 378
41 379
41 381
41 838424
42 99
42 133
42 175
42 176
42 195
42 234
42 838425
43 3
43 4
43 195
43 1542
43 24622
43 838426
44 9
44 10
44 24
44 26
44 27
44 411555
45 3
45 4
45 5
45 2608
45 4490
45 528315
46 4
46 5
46 202
46 646
46 25589
46 838427
47 944
47 945
47 946
47 948
47 838428
48 20
48 195
48 202
48 1377
48 5238
48 731318
49 99
49 131
49 132
49 133
49 195
49 237
49 731319
50 3
50 20
50 195
50 795
50 2446
50 838429
51 20
51 90
51 122
51 195
51 340
51 708
51 713
51 12430
51 12432
51 838430
52 10
52 109
52 110
52 112
52 838431
53 5
53 99
53 115
53 773
53 774
53 775
53 776
53 778
53 838432
54 3
54 5
54 20
54 1325
54 1327
54 401730
55 84
55 93
55 121
55 195
55 703
55 707
55 4415
55 25065
55 838433
56 3
56 20
56 195
56 2034
56 3403
56 838434
57 9
57 10
57 11
57 13
57 96167
58 5
58 27
58 99
58 131
58 132
58 133
58 135
58 601363
59 5
59 67
59 55291
59 55294
59 838435
60 51
60 195
60 14053
60 23537
60 141720
60 838436
61 5
61 20
61 90
61 122
61 708
61 713
61 33141
61 104336
61 172378
61 838437
62 71
62 76
62 190
62 191
62 838438
seqId 178
1 4
1 5
1 99
1 131
1 132
1 133
1 811
1 838439
2 3
2 4
2 5
2 504
2 14984
2 838440
3 9
3 10
3 11
3 13
3 838441
4 51
4 195
4 1501
4 1503
4 838442
5 3
5 20
5 195
5 6030
5 6032
5 838443
6 4
6 90
6 122
6 195
6 708
6 713
6 3595
6 30277
6 838444
7 10
7 828
7 829
7 831
7 463513
8 67
8 601
8 603
8 1197
8 838445
9 51
9 195
9 2686
9 15391
9 838446
10 76
10 342
10 343
10 345
10 731338
11 4
11 90
11 122
11 195
11 340
11 708
11 713
11 24220
11 65487
11 838447
12 9
12 10
12 24
12 26
12 27
12 838448
13 4
13 5
13 99
13 133
13 175
13 176
13 178
13 838449
14 4
14 5
14 202
14 7021
14 7023
14 838450
15 3
15 4
15 5
15 27389
15 27391
15 838451
16 76
16 342
16 343
16 345
16 411586
17 5
17 84
17 91
17 93
17 121
17 702
17 703
17 705
17 426162
18 5
18 20
18 90
18 122
18 708
18 769
18 29837
18 172327
18 838452
19 85
19 99
19 195
19 638
19 640
19 838453
20 3
20 20
20 195
20 340
20 1942
20 1944
20 838454
21 71
21 76
21 190
21 191
21 838455
seqId 179
1 4
1 5
1 99
1 131
1 132
1 133
1 811
1 838456
2 3
2 4
2 5
2 504
2 14984
2 838457
3 9
3 10
3 11
3 13
3 411593
4 5
4 27
4 99
4 131
4 132
4 133
4 135
4 838458
5 5
5 67
5 6030
5 6032
5 838459
6 67
6 57331
6 57332
6 57334
6 57335
6 838460
7 76
7 413
7 414
7 416
7 838461
8 3
8 5
8 20
8 4434
8 55490
8 838462
9 9
9 10
9 24
9 26
9 27
9 838463
10 3
10 4
10 195
10 340
10 1395
10 80744
10 838464
11 9
11 10
11 11
11 13
11 838465
12 3
12 5
12 20
12 5945
12 36594
12 838466
13 243
13 244
13 245
13 247
13 838467
14 9
14 10
14 11
14 13
14 838468
15 3
15 4
15 5
15 149612
15 172416
15 172418
15 838469
16 76
16 433
16 434
16 436
16 838470
17 5
17 84
17 91
17 93
17 121
17 702
17 703
17 705
17 838471
18 5
18 20
18 90
18 122
18 708
18 769
18 29837
18 172327
18 364102
19 10
19 3889
19 3891
19 9630
19 838472
20 51
20 195
20 4162
20 4164
20 328184
21 5
21 20
21 99
21 131
21 132
21 133
21 166
21 364104
22 3
22 5
22 20
22 1942
22 1944
22 355961
23 9
23 10
23 11
23 13
23 355962
24 5
24 27
24 99
24 131
24 132
24 133
24 135
24 838473
25 2
25 3
25 4
25 5
25 181
25 838474
26 9
26 10
26 11
26 13
26 838475
27 51
27 195
27 1501
27 1503
27 838476
28 3
28 20
28 195
28 2217
28 8955
28 838477
29 20
29 195
29 202
29 2221
29 3410
29 838478
30 158
30 159
30 160
30 162
30 411617
31 9
31 10
31 11
31 13
31 163
32 5
32 20
32 99
32 131
32 132
32 133
32 165
32 166
33 3
33 5
33 20
33 5945
33 36594
33 838479
34 71
34 76
34 190
34 191
34 838480
seqId 180
1 4
1 5
1 99
1 131
1 132
1 133
1 811
1 815848
2 3
2 4
2 5
2 504
2 14984
2 838481
3 9
3 10
3 11
3 13
3 838482
4 5
4 27
4 99
4 131
4 132
4 133
4 135
4 838483
5 5
5 67
5 6030
5 6032
5 838484
6 67
6 3206
6 47596
6 172438
6 172439
6 172441
6 838485
7 76
7 413
7 414
7 416
7 838486
8 3
8 5
8 20
8 5498
8 5500
8 838487
9 9
9 10
9 24
9 26
9 27
9 838488
10 3
10 4
10 5
10 14686
10 49719
10 838489
11 158
11 159
11 160
11 162
11 838490
12 9
12 10
12 11
12 13
12 163
13 5
13 20
13 99
13 131
13 132
13 133
13 165
13 166
14 3
14 5
14 20
14 2601
14 172449
14 838491
15 5
15 20
15 202
15 1666
15 91911
15 838492
16 76
16 433
16 434
16 436
16 838493
17 5
17 84
17 91
17 93
17 121
17 702
17 703
17 705
17 496948
18 5
18 20
18 90
18 122
18 708
18 769
18 29837
18 172327
18 838494
19 5
19 20
19 99
19 131
19 132
19 133
19 166
19 838495
20 3
20 5
20 20
20 1942
20 1944
20 838496
21 9
21 10
21 11
21 13
21 7830
22 5
22 27
22 99
22 131
22 132
22 133
22 135
22 838497
23 2
23 3
23 4
23 5
23 181
23 838498
24 76
24 342
24 343
24 345
24 838499
25 10
25 109
25 110
25 112
25 838500
26 3
26 5
26 20
26 389
26 391
26 671344
27 9
27 10
27 11
27 13
27 611316
28 3
28 5
28 20
28 384
28 386
28 838501
29 76
29 413
29 414
29 416
29 838502
30 10
30 109
30 110
30 112
30 401821
31 3
31 5
31 20
31 1132
31 1134
31 838503
32 51
32 195
32 4167
32 4169
32 838504
33 76
33 433
33 434
33 436
33 838505
34 76
34 342
34 343
34 345
34 426224
35 9
35 10
35 11
35 13
35 838506
36 67
36 72
36 836
36 56935
36 56936
36 56938
36 838507
37 67
37 72
37 857
37 56856
37 172472
37 172473
37 172475
37 172476
37 838508
38 243
38 244
38 245
38 247
38 96262
39 5
39 27
39 99
39 131
39 132
39 133
39 135
39 838509
40 3
40 4
40 5
40 24804
40 24806
40 838510
41 10
41 146
41 147
41 149
41 838511
42 5
42 27
42 99
42 131
42 132
42 133
42 135
42 838512
43 5
43 67
43 3206
43 47596
43 172438
43 172441
43 838513
44 9
44 10
44 11
44 13
44 731401
45 4
45 5
45 99
45 131
45 132
45 133
45 152
45 838514
46 3
46 4
46 5
46 2217
46 2219
46 838515
47 4
47 5
47 90
47 122
47 708
47 713
47 1104
47 12430
47 12432
47 838516
48 10
48 109
48 110
48 112
48 838517
49 51
49 195
49 4167
49 4169
49 838518
50 10
50 109
50 110
50 112
50 60965
51 3
51 5
51 20
51 65312
51 65314
51 838519
52 9
52 10
52 11
52 13
52 838520
53 67
53 56907
53 56908
53 56910
53 838521
54 67
54 10986
54 16138
54 16909
54 61056
54 133831
54 172491
54 172492
54 838522
55 76
55 413
55 414
55 416
55 7878
56 82
56 758
56 759
56 761
56 838523
57 5
57 84
57 90
57 91
57 93
57 121
57 1495
57 28166
57 172497
58 660
58 2547
58 2548
58 4275
58 838524
59 10
59 146
59 147
59 149
59 739313
60 4
60 5
60 82
60 84
60 115
60 763
60 1262
60 1264
60 838525
61 3
61 5
61 20
61 2034
61 2036
61 838526
62 9
62 10
62 11
62 13
62 426248
63 5
63 27
63 99
63 131
63 132
63 133
63 135
63 838527
64 2
64 3
64 4
64 5
64 7
64 838528
65 10
65 109
65 112
65 2548
65 838529
66 660
66 1796
66 1797
66 1799
66 815889
67 27
67 944
67 945
67 1463
67 3308
67 838530
68 3
68 5
68 20
68 2042
68 2044
68 838531
69 76
69 433
69 434
69 436
69 838532
70 71
70 76
70 190
70 191
70 60987
seqId 181
1 10
1 109
1 878
1 1539
1 838533
2 660
2 4185
2 4186
2 4188
2 838534
3 76
3 342
3 343
3 345
3 671385
4 5
4 20
4 99
4 133
4 175
4 176
4 1316
4 401849
5 3
5 5
5 20
5 1126
5 1128
5 838535
6 9
6 10
6 11
6 13
6 528422
7 3
7 5
7 20
7 1965
7 2062
7 838536
8 9
8 10
8 11
8 13
8 96302
9 3
9 4
9 195
9 1970
9 1972
9 838537
10 5
10 20
10 90
10 122
10 708
10 713
10 3067
10 3069
10 838538
11 10
11 146
11 147
11 149
11 752717
12 5
12 27
12 99
12 131
12 132
12 133
12 135
12 838539
13 5
13 67
13 55291
13 55294
13 838540
14 51
14 195
14 14053
14 171406
14 171408
14 838541
15 76
15 342
15 343
15 345
15 61000
16 10
16 2518
16 2519
16 2521
16 172525
17 443
17 702
17 703
17 10559
17 838542
18 5
18 20
18 122
18 703
18 707
18 708
18 710
18 51192
19 76
19 137
19 138
19 140
19 411685
20 5
20 20
20 90
20 122
20 708
20 713
20 18530
20 84826
20 130645
20 838543
21 76
21 185
21 186
21 188
21 838544
22 10
22 828
22 829
22 831
22 133153
23 99
23 131
23 132
23 133
23 195
23 237
23 328278
24 3
24 4
24 195
24 6950
24 6952
24 838545
25 76
25 342
25 343
25 345
25 218495
26 5
26 84
26 91
26 93
26 121
26 702
26 703
26 705
26 838546
27 5
27 20
27 122
27 703
27 707
27 708
27 710
27 838547
28 660
28 40549
28 40550
28 40552
28 838548
29 5
29 20
29 90
29 122
29 708
29 713
29 3067
29 3069
29 838549
30 10
30 146
30 147
30 149
30 347505
31 5
31 27
31 99
31 131
31 132
31 133
31 135
31 838550
32 5
32 67
32 3206
32 47596
32 172438
32 172441
32 838551
33 9
33 10
33 11
33 13
33 385074
34 3
34 4
34 5
34 34668
34 36123
34 752734
35 10
35 146
35 147
35 149
35 304644
36 90
36 443
36 2081
36 29574
36 426277
37 443
37 703
37 707
37 2086
37 838552
38 20
38 90
38 122
38 708
38 713
38 1345
38 1347
38 838553
39 717
39 718
39 719
39 721
39 601474
40 10
40 146
40 147
40 149
40 722
41 5
41 20
41 99
41 131
41 132
41 133
41 165
41 166
42 3
42 5
42 20
42 12619
42 12621
42 124360
43 10
43 109
43 110
43 112
43 124361
44 51
44 195
44 4167
44 4169
44 838554
45 71
45 76
45 190
45 191
45 838555
seqId 182
1 5
1 20
1 99
1 131
1 132
1 133
1 967
1 838556
2 3
2 5
2 20
2 429
2 431
2 838557
3 5
3 20
3 90
3 122
3 708
3 713
3 14715
3 33742
3 838558
4 10
4 109
4 110
4 112
4 385084
5 51
5 72
5 195
5 1097
5 108244
5 140567
5 838559
6 5
6 84
6 91
6 93
6 703
6 707
6 914
6 916
6 838560
7 5
7 20
7 90
7 122
7 708
7 713
7 2832
7 5688
7 838561
8 9
8 10
8 11
8 13
8 497048
9 4
9 5
9 99
9 131
9 132
9 133
9 152
9 133188
10 3
10 4
10 5
10 34668
10 36123
10 838562
11 4
11 5
11 202
11 27270
11 64023
11 838563
12 75
12 76
12 77
12 79
12 838564
seqId 183
1 71
1 509
1 3204
1 3206
1 24193
1 601488
2 3
2 4
2 5
2 14686
2 49719
2 838565
3 158
3 159
3 160
3 162
3 497053
4 9
4 10
4 11
4 13
4 163
5 5
5 20
5 99
5 131
5 132
5 133
5 165
5 166
6 3
6 5
6 20
6 3199
6 5132
6 838566
7 243
7 244
7 245
7 247
7 528466
8 99
8 133
8 175
8 176
8 195
8 234
8 528467
9 3
9 20
9 195
9 2081
9 36474
9 838567
seqId 184
1 10
1 146
1 1024
1 1026
1 838568
2 71
2 76
2 190
2 191
2 328341
3 3
3 20
3 195
3 340
3 33358
3 33360
3 838569
4 230
4 231
4 232
4 234
4 838570
5 9
5 10
5 11
5 13
5 163
6 99
6 131
6 132
6 133
6 195
6 236
6 237
7 3
7 20
7 195
7 2081
7 36474
7 838571
8 76
8 342
8 343
8 345
8 347569
9 3
9 20
9 195
9 340
9 148341
9 148343
9 838572
10 230
10 231
10 232
10 234
10 838573
11 9
11 10
11 11
11 13
11 163
12 99
12 131
12 132
12 133
12 195
12 236
12 237
13 3
13 20
13 195
13 2081
13 36474
13 838574
seqId 185
1 71
1 407
1 509
1 18660
1 18661
1 838575
2 3
2 20
2 195
2 340
2 494
2 48646
2 172579
2 838576
3 243
3 244
3 245
3 247
3 838577
4 3
4 4
4 195
4 10184
4 10186
4 838578
5 158
5 159
5 160
5 162
5 838579
6 9
6 10
6 11
6 13
6 163
7 5
7 20
7 99
7 131
7 132
7 133
7 165
7 166
8 3
8 5
8 20
8 3199
8 5132
8 838580
seqId 186
1 36
1 71
1 509
1 5178
1 18488
1 838581
2 5
2 20
2 99
2 131
2 132
2 133
2 967
2 838582
3 5
3 20
3 67
3 36594
3 172586
3 838583
4 10
4 109
4 110
4 112
4 838584
5 3
5 4
5 5
5 14686
5 49719
5 838585
seqId 187
1 51
1 195
1 4790
1 4792
1 838586
2 71
2 76
2 190
2 191
2 61115
seqId 188
1 3
1 20
1 195
1 340
1 12336
1 55581
1 364265
2 243
2 244
2 245
2 247
2 38882
3 3
3 4
3 195
3 7178
3 7180
3 838587
seqId 189
1 71
1 509
1 1026
1 7997
1 18413
1 18414
2 3
2 4
2 5
2 14686
2 49719
2 838588
3 230
3 231
3 232
3 234
3 528496
4 9
4 10
4 11
4 13
4 163
5 99
5 131
5 132
5 133
5 195
5 236
5 237
6 3
6 4
6 195
6 313
6 6526
6 528497
7 243
7 244
7 245
7 247
7 739441
8 230
8 231
8 232
8 234
8 838589
9 9
9 10
9 11
9 13
9 163
10 99
10 131
10 132
10 133
10 195
10 236
10 237
11 3
11 4
11 195
11 18773
11 20364
11 838590
seqId 190
1 71
1 407
1 509
1 18660
1 18661
1 838591
2 3
2 4
2 5
2 14686
2 49719
2 838592
3 4
3 5
3 202
3 16827
3 16829
3 838593
seqId 191
1 36
1 71
1 509
1 18488
1 18489
1 838594
2 3
2 4
2 5
2 22751
2 50290
2 142250
2 838595
3 230
3 231
3 232
3 234
3 838596
4 9
4 10
4 11
4 13
4 163
5 99
5 131
5 132
5 133
5 195
5 236
5 237
6 3
6 4
6 195
6 3419
6 3421
6 838597
7 243
7 244
7 245
7 247
7 426339
8 230
8 231
8 232
8 234
8 611437
9 9
9 10
9 11
9 13
9 163
10 99
10 131
10 132
10 133
10 195
10 236
10 237
11 3
11 4
11 195
11 8050
11 33365
11 838598
seqId 192
1 51
1 195
1 26052
1 26054
1 838599
2 71
2 76
2 190
2 191
2 8036
seqId 193
1 5
1 20
1 99
1 133
1 175
1 176
1 9647
1 328398
2 3
2 5
2 20
2 2320
2 2322
2 838600
3 5
3 20
3 202
3 4736
3 33765
3 838601
4 243
4 244
4 245
4 247
4 838602
5 5
5 20
5 202
5 15231
5 54358
5 108916
5 838603
6 75
6 76
6 77
6 79
6 838604
7 99
7 131
7 132
7 133
7 195
7 237
7 838605
8 3
8 20
8 195
8 37928
8 60441
8 838606
9 20
9 195
9 202
9 3199
9 4859
9 838607
10 158
10 159
10 160
10 162
10 838608
11 9
11 10
11 11
11 13
11 163
12 5
12 20
12 99
12 131
12 132
12 133
12 165
12 166
13 3
13 5
13 20
13 32317
13 32319
13 838609
seqId 194
1 5
1 20
1 98
1 99
1 100
1 8099
1 501092
2 5
2 20
2 202
2 15304
2 15306
2 838610
3 3
3 5
3 20
3 2320
3 2322
3 722746
4 5
4 84
4 90
4 91
4 93
4 914
4 4067
4 14730
4 43101
4 838611
5 660
5 1566
5 1567
5 1569
5 838612
6 10
6 146
6 147
6 149
6 51319
7 90
7 443
7 1488
7 57815
7 838613
8 99
8 131
8 132
8 133
8 195
8 237
8 838614
9 3
9 4
9 195
9 6862
9 14459
9 838615
10 4
10 195
10 202
10 3386
10 3523
10 838616
11 230
11 231
11 232
11 234
11 838617
12 9
12 10
12 11
12 13
12 163
13 99
13 131
13 132
13 133
13 195
13 236
13 237
14 3
14 20
14 195
14 1806
14 1808
14 1809
14 1810
14 838618
15 244
15 418
15 419
15 421
15 401958
16 20
16 85
16 99
16 195
16 1951
16 18077
16 838619
17 20
17 195
17 202
17 2294
17 3837
17 838620
18 3
18 20
18 195
18 429
18 4265
18 501102
19 20
19 195
19 202
19 3386
19 3388
19 838621
20 20
20 195
20 202
20 1777
20 33142
20 33765
20 54437
20 838622
21 71
21 76
21 190
21 191
21 838623
seqId 195
1 10
1 3889
1 61190
1 87031
1 87033
2 5
2 20
2 99
2 131
2 132
2 133
2 166
2 364315
3 3
3 5
3 20
3 724
3 726
3 838624
4 9
4 10
4 11
4 13
4 838625
5 5
5 27
5 99
5 131
5 132
5 133
5 135
5 731534
6 3
6 4
6 5
6 729
6 4454
6 838626
7 51
7 195
7 4162
7 4164
7 838627
8 4
8 5
8 99
8 131
8 132
8 133
8 152
8 190208
9 3
9 4
9 5
9 504
9 14984
9 838628
10 9
10 10
10 11
10 13
10 8094
11 5
11 27
11 99
11 131
11 132
11 133
11 135
11 838629
12 5
12 67
12 6030
12 6032
12 838630
13 67
13 57331
13 57332
13 57334
13 57335
13 838631
14 5
14 84
14 91
14 93
14 121
14 702
14 703
14 705
14 838632
15 5
15 20
15 90
15 122
15 708
15 769
15 172655
15 172657
15 752870
16 9
16 10
16 11
16 13
16 752871
17 4
17 5
17 99
17 115
17 773
17 774
17 775
17 776
17 3330
17 601576
18 3
18 4
18 5
18 172659
18 172661
18 838633
19 243
19 244
19 245
19 247
19 611476
20 9
20 10
20 11
20 13
20 218613
21 99
21 115
21 195
21 773
21 774
21 775
21 776
21 3400
21 385187
22 3
22 20
22 195
22 1548
22 1715
22 838634
23 5
23 20
23 99
23 131
23 132
23 133
23 166
23 838635
24 3
24 5
24 20
24 72
24 279
24 172668
24 172670
24 838636
25 76
25 137
25 138
25 140
25 671502
26 5
26 20
26 99
26 131
26 132
26 133
26 166
26 38986
27 3
27 5
27 20
27 5945
27 5947
27 838637
28 10
28 109
28 110
28 112
28 463743
29 3
29 4
29 5
29 14686
29 14688
29 838638
30 76
30 185
30 186
30 188
30 838639
31 71
31 76
31 190
31 191
31 838640
seqId 196
1 5
1 20
1 99
1 131
1 132
1 133
1 967
1 838641
2 3
2 5
2 20
2 1942
2 1944
2 838642
3 10
3 4919
3 4920
3 4922
3 838643
4 26
4 27
4 99
4 133
4 175
4 176
4 195
4 731551
5 4
5 195
5 202
5 2294
5 3837
5 133312
6 3
6 4
6 195
6 347
6 349
6 385196
7 9
7 10
7 11
7 13
7 838644
8 85
8 99
8 195
8 638
8 640
8 838645
9 3
9 20
9 195
9 2034
9 3403
9 838646
10 20
10 195
10 202
10 8973
10 47719
10 838647
11 717
11 718
11 719
11 721
11 401997
12 10
12 146
12 147
12 149
12 722
13 5
13 20
13 99
13 131
13 132
13 133
13 165
13 166
14 3
14 5
14 20
14 1325
14 1327
14 328468
15 9
15 10
15 11
15 13
15 778755
16 5
16 27
16 99
16 131
16 132
16 133
16 135
16 838648
17 3
17 5
17 20
17 2320
17 2322
17 838649
18 76
18 137
18 138
18 140
18 51390
19 3
19 4
19 5
19 14686
19 14688
19 61237
20 4
20 5
20 202
20 16827
20 16829
20 838650
21 76
21 185
21 186
21 188
21 838651
22 5
22 84
22 90
22 91
22 93
22 914
22 51625
22 77227
22 77229
22 838652
23 660
23 1513
23 1514
23 1516
23 356189
24 5
24 20
24 98
24 99
24 100
24 102
24 838653
25 3
25 5
25 20
25 72
25 279
25 172668
25 172670
25 838654
26 76
26 413
26 414
26 416
26 838655
27 3
27 5
27 20
27 46291
27 46293
27 838656
28 9
28 10
28 24
28 26
28 27
28 838657
29 67
29 94427
29 161803
29 161804
29 838658
30 67
30 16138
30 50053
30 50345
30 50346
30 50348
30 838659
31 10
31 146
31 147
31 149
31 124529
32 5
32 27
32 99
32 131
32 132
32 133
32 135
32 838660
33 3
33 5
33 20
33 5498
33 5500
33 838661
34 5
34 20
34 202
34 6881
34 48305
34 838662
35 5
35 20
35 202
35 1403
35 172709
35 838663
36 9
36 10
36 11
36 13
36 838664
37 67
37 46066
37 46067
37 46069
37 838665
38 76
38 342
38 343
38 345
38 838666
39 3
39 4
39 5
39 24715
39 24717
39 838667
40 9
40 10
40 24
40 26
40 27
40 838668
41 64
41 67
41 71
41 53047
41 53048
41 838669
42 9
42 10
42 11
42 13
42 838670
43 67
43 172718
43 172719
43 172721
43 838671
44 10
44 146
44 147
44 149
44 347791
45 36
45 67
45 72
45 1845
45 9577
45 26497
45 56968
45 56974
45 72985
45 72986
45 838672
46 76
46 433
46 434
46 436
46 838673
47 71
47 76
47 190
47 191
47 385239
seqId 197
1 5
1 20
1 82
1 83
1 84
1 115
1 763
1 3948
1 838674
2 5
2 84
2 91
2 93
2 121
2 702
2 703
2 705
2 838675
3 660
3 19069
3 19070
3 19072
3 838676
4 5
4 20
4 90
4 122
4 708
4 769
4 12628
4 65074
4 838677
5 90
5 96
5 443
5 1587
5 7537
5 172730
5 172732
5 838678
6 5
6 99
6 115
6 773
6 776
6 2192
6 28103
6 28105
6 838679
7 3
7 5
7 20
7 429
7 431
7 838680
8 76
8 413
8 414
8 416
8 838681
9 5
9 20
9 99
9 131
9 132
9 133
9 166
9 838682
10 3
10 5
10 20
10 429
10 431
10 838683
11 5
11 20
11 90
11 122
11 708
11 713
11 2125
11 172740
11 838684
12 10
12 109
12 110
12 112
12 838685
13 3
13 5
13 20
13 2202
13 2204
13 838686
14 51
14 195
14 4162
14 4164
14 838687
15 5
15 84
15 91
15 93
15 121
15 703
15 707
15 956
15 838688
16 5
16 20
16 90
16 122
16 708
16 713
16 26940
16 65017
16 838689
17 72
17 660
17 28422
17 33655
17 33656
17 33658
17 838690
18 76
18 433
18 434
18 436
18 838691
19 71
19 76
19 190
19 191
19 838692
seqId 198
1 10
1 3889
1 87031
1 87033
1 838693
2 5
2 20
2 98
2 99
2 100
2 102
2 497252
3 3
3 5
3 20
3 34150
3 34152
3 838694
4 660
4 1513
4 1514
4 1516
4 838695
5 76
5 342
5 343
5 345
5 364419
6 5
6 20
6 82
6 83
6 84
6 115
6 763
6 1002
6 838696
7 5
7 84
7 90
7 91
7 93
7 914
7 28145
7 172754
7 172755
7 172756
7 838697
8 944
8 945
8 946
8 948
8 838698
9 4
9 5
9 99
9 131
9 132
9 133
9 152
9 356232
10 3
10 4
10 5
10 33489
10 33491
10 838699
11 9
11 10
11 11
11 13
11 838700
12 5
12 27
12 99
12 131
12 132
12 133
12 135
12 528653
13 3
13 5
13 20
13 5498
13 5500
13 838701
14 9
14 10
14 24
14 26
14 27
14 838702
15 3
15 4
15 5
15 14686
15 49719
15 838703
16 158
16 159
16 160
16 162
16 838704
17 9
17 10
17 11
17 13
17 163
18 5
18 20
18 99
18 131
18 132
18 133
18 165
18 166
19 3
19 5
19 20
19 2601
19 172449
19 838705
20 5
20 20
20 202
20 1666
20 91911
20 838706
21 10
21 109
21 110
21 112
21 838707
22 4
22 5
22 99
22 133
22 175
22 176
22 178
22 838708
23 4
23 5
23 67
23 6030
23 6032
23 838709
24 243
24 244
24 245
24 247
24 838710
25 5
25 99
25 115
25 773
25 774
25 775
25 776
25 778
25 838711
26 3
26 4
26 5
26 172773
26 172775
26 838712
27 10
27 146
27 147
27 149
27 838713
28 67
28 601
28 603
28 1197
28 838714
29 51
29 195
29 2686
29 15391
29 838715
30 5
30 84
30 90
30 91
30 93
30 914
30 3360
30 3362
30 778814
31 660
31 1513
31 1514
31 1516
31 838716
32 90
32 443
32 9069
32 9071
32 838717
33 20
33 82
33 84
33 85
33 195
33 1589
33 2970
33 838718
34 230
34 231
34 232
34 234
34 838719
35 9
35 10
35 11
35 13
35 163
36 99
36 131
36 132
36 133
36 195
36 236
36 237
37 3
37 20
37 195
37 2217
37 8955
37 838720
38 20
38 96
38 195
38 202
38 14293
38 28129
38 31427
38 41296
38 172786
38 838721
39 76
39 413
39 414
39 416
39 838722
40 9
40 10
40 13
40 1539
40 838723
41 3
41 5
41 20
41 3775
41 3777
41 347842
42 67
42 72
42 836
42 56935
42 56936
42 56938
42 838724
43 67
43 72
43 857
43 56856
43 172472
43 172473
43 172475
43 172476
43 838725
44 5
44 84
44 91
44 93
44 121
44 702
44 703
44 705
44 739594
45 5
45 20
45 90
45 122
45 708
45 769
45 2235
45 2237
45 838726
46 5
46 27
46 99
46 131
46 132
46 133
46 135
46 838727
47 2
47 3
47 4
47 5
47 181
47 838728
48 10
48 3889
48 3891
48 9630
48 51587
49 3
49 5
49 20
49 1132
49 1134
49 838729
50 51
50 195
50 5342
50 5344
50 838730
51 76
51 433
51 434
51 436
51 838731
52 71
52 76
52 190
52 191
52 51593
seqId 199
1 4
1 5
1 99
1 131
1 132
1 133
1 811
1 838732
2 3
2 4
2 5
2 7999
2 8001
2 838733
3 9
3 10
3 11
3 13
3 838734
4 3
4 4
4 5
4 17809
4 17811
4 838735
5 230
5 231
5 232
5 234
5 838736
6 9
6 10
6 11
6 13
6 163
7 99
7 131
7 132
7 133
7 195
7 236
7 237
8 3
8 4
8 195
8 16756
8 33576
8 838737
9 10
9 146
9 147
9 149
9 838738
10 5
10 27
10 99
10 131
10 132
10 133
10 135
10 838739
11 3
11 4
11 5
11 4406
11 24330
11 838740
12 717
12 718
12 719
12 721
12 838741
13 10
13 146
13 147
13 149
13 722
14 5
14 20
14 99
14 131
14 132
14 133
14 165
14 166
15 3
15 5
15 20
15 1325
15 1327
15 838742
16 9
16 10
16 11
16 13
16 838743
17 5
17 27
17 99
17 131
17 132
17 133
17 135
17 838744
18 3
18 4
18 5
18 597
18 599
18 838745
19 67
19 601
19 603
19 1197
19 838746
20 51
20 195
20 2686
20 15391
20 838747
21 243
21 244
21 245
21 247
21 838748
22 660
22 7237
22 10032
22 10034
22 671607
23 660
23 68936
23 98130
23 98132
23 838749
24 9
24 10
24 11
24 13
24 838750
25 5
25 27
25 99
25 131
25 132
25 133
25 135
25 838751
26 3
26 4
26 5
26 34872
26 34874
26 838752
27 230
27 231
27 232
27 234
27 838753
28 9
28 10
28 11
28 13
28 163
29 99
29 131
29 132
29 133
29 195
29 236
29 237
30 3
30 20
30 195
30 1548
30 1715
30 838754
31 27
31 82
31 759
31 944
31 1463
31 838755
32 4
32 5
32 82
32 83
32 84
32 115
32 763
32 1264
32 722905
33 5
33 84
33 90
33 91
33 93
33 914
33 3584
33 29837
33 172828
33 838756
34 76
34 342
34 343
34 345
34 364481
35 5
35 84
35 91
35 93
35 121
35 702
35 703
35 705
35 838757
36 5
36 20
36 90
36 122
36 708
36 769
36 3744
36 3746
36 838758
37 4
37 5
37 99
37 133
37 175
37 176
37 178
37 124648
38 4
38 5
38 202
38 3954
38 3956
38 838759
39 3
39 4
39 5
39 70913
39 70915
39 328598
40 10
40 109
40 110
40 112
40 218779
41 3
41 4
41 5
41 4249
41 4251
41 838760
42 243
42 244
42 245
42 247
42 51645
43 4
43 5
43 99
43 131
43 132
43 133
43 152
43 497331
44 3
44 4
44 5
44 4851
44 4853
44 838761
45 10
45 109
45 110
45 112
45 601694
46 3
46 4
46 5
46 4406
46 24330
46 838762
47 9
47 10
47 24
47 26
47 27
47 838763
48 4
48 5
48 99
48 133
48 175
48 176
48 178
48 838764
49 3
49 4
49 5
49 3691
49 3693
49 838765
50 9
50 10
50 11
50 13
50 838766
51 3
51 5
51 20
51 10370
51 10372
51 356322
52 10
52 126
52 127
52 129
52 838767
53 5
53 27
53 99
53 131
53 132
53 133
53 135
53 402143
54 3
54 4
54 5
54 2608
54 4490
54 838768
55 9
55 10
55 11
55 13
55 304944
56 4
56 5
56 99
56 131
56 132
56 133
56 152
56 838769
57 3
57 4
57 5
57 15
57 17
57 838770
58 10
58 109
58 110
58 112
58 838771
59 3
59 4
59 5
59 14686
59 14688
59 412007
60 10
60 146
60 147
60 149
60 838772
61 67
61 601
61 603
61 1197
61 838773
62 51
62 195
62 2686
62 15391
62 838774
63 243
63 244
63 245
63 247
63 39226
64 5
64 27
64 99
64 131
64 132
64 133
64 135
64 838775
65 3
65 4
65 5
65 35689
65 35691
65 838776
66 230
66 231
66 232
66 234
66 838777
67 9
67 10
67 11
67 13
67 163
68 99
68 131
68 132
68 133
68 195
68 236
68 237
69 3
69 20
69 195
69 23221
69 23223
69 124674
70 9
70 10
70 11
70 13
70 124675
71 67
71 601
71 603
71 1197
71 838778
72 51
72 195
72 2686
72 15391
72 838779
73 10
73 283
73 284
73 286
73 601711
74 5
74 20
74 99
74 131
74 132
74 133
74 166
74 838780
75 3
75 5
75 20
75 3338
75 3340
75 838781
76 9
76 10
76 11
76 13
76 753078
77 4
77 5
77 99
77 131
77 132
77 133
77 152
77 838782
78 3
78 4
78 5
78 15
78 17
78 838783
79 4
79 5
79 202
79 693
79 33899
79 838784
80 10
80 146
80 147
80 149
80 838785
81 67
81 601
81 603
81 1197
81 838786
82 243
82 244
82 245
82 247
82 838787
83 10
83 109
83 110
83 112
83 133493
84 67
84 3042
84 3043
84 3045
84 838788
85 71
85 76
85 190
85 191
85 838789
seqId 200
1 99
1 131
1 132
1 133
1 195
1 1220
1 838790
2 20
2 195
2 202
2 784
2 17696
2 838791
3 3
3 20
3 195
3 2601
3 2603
3 838792
4 9
4 10
4 11
4 13
4 385353
5 4
5 5
5 98
5 99
5 100
5 1927
5 838793
6 3
6 4
6 5
6 3691
6 3693
6 463907
7 10
7 109
7 110
7 112
7 838794
8 3
8 4
8 5
8 646
8 25589
8 838795
9 84
9 91
9 93
9 121
9 195
9 702
9 703
9 1062
9 364523
10 5
10 20
10 122
10 703
10 707
10 708
10 710
10 385357
11 99
11 131
11 132
11 133
11 195
11 237
11 347934
12 3
12 20
12 195
12 27270
12 32369
12 838796
13 75
13 76
13 77
13 79
13 838797
seqId 201
1 76
1 592
1 593
1 595
1 838798
2 3
2 4
2 5
2 6862
2 6864
2 838799
3 9
3 10
3 11
3 13
3 838800
4 3
4 5
4 20
4 1320
4 1322
4 601732
5 5
5 20
5 202
5 646
5 25589
5 838801
6 5
6 20
6 99
6 131
6 132
6 133
6 166
6 838802
7 51
7 52
7 14425
7 140963
7 172888
7 172890
7 838803
8 76
8 342
8 343
8 345
8 838804
9 90
9 121
9 122
9 6204
9 75175
9 838805
10 10
10 146
10 147
10 149
10 124717
11 5
11 20
11 99
11 133
11 175
11 176
11 1316
11 838806
12 3
12 5
12 20
12 90569
12 90571
12 838807
13 230
13 231
13 232
13 234
13 838808
14 9
14 10
14 11
14 13
14 163
15 99
15 131
15 132
15 133
15 195
15 236
15 237
16 3
16 20
16 195
16 2320
16 16794
16 528781
17 10
17 378
17 379
17 381
17 838809
18 90
18 443
18 7785
18 41290
18 838810
19 3
19 5
19 20
19 10695
19 10697
19 838811
20 9
20 10
20 11
20 13
20 96712
21 4
21 5
21 99
21 131
21 132
21 133
21 152
21 402194
22 3
22 4
22 5
22 172902
22 172903
22 838812
23 9
23 10
23 11
23 13
23 778908
24 5
24 27
24 99
24 131
24 132
24 133
24 135
24 838813
25 3
25 5
25 20
25 2320
25 2322
25 838814
26 76
26 137
26 138
26 140
26 528794
27 5
27 20
27 99
27 131
27 132
27 133
27 967
27 838815
28 3
28 5
28 20
28 5945
28 36594
28 838816
29 10
29 109
29 110
29 112
29 838817
30 3
30 4
30 5
30 14686
30 49719
30 838818
31 76
31 185
31 186
31 188
31 501327
32 243
32 244
32 245
32 247
32 356400
33 9
33 10
33 11
33 13
33 753118
34 5
34 27
34 99
34 131
34 132
34 133
34 135
34 838819
35 3
35 4
35 5
35 1784
35 10502
35 501330
36 4
36 5
36 202
36 3954
36 3956
36 402205
37 9
37 10
37 11
37 13
37 739741
38 5
38 27
38 99
38 131
38 132
38 133
38 135
38 838820
39 3
39 5
39 20
39 2320
39 2322
39 385388
40 76
40 137
40 138
40 140
40 838821
41 3
41 4
41 5
41 14686
41 49719
41 838822
42 4
42 5
42 202
42 16827
42 16829
42 838823
43 76
43 185
43 186
43 188
43 8402
44 76
44 413
44 414
44 416
44 838824
45 90
45 443
45 25415
45 33649
45 347968
46 3
46 4
46 5
46 4539
46 4542
46 838825
47 76
47 433
47 434
47 436
47 412080
48 76
48 1267
48 1268
48 1270
48 838826
seqId 202
1 76
1 592
1 593
1 595
1 838827
2 3
2 2548
2 6896
2 6898
2 838828
3 717
3 718
3 719
3 721
3 39321
4 10
4 146
4 147
4 149
4 722
5 5
5 20
5 99
5 131
5 132
5 133
5 165
5 166
6 3
6 5
6 20
6 84824
6 84826
6 838829
7 9
7 10
7 11
7 13
7 356418
8 51
8 52
8 1501
8 1503
8 838830
9 3
9 20
9 195
9 1126
9 1977
9 838831
10 9
10 10
10 24
10 26
10 27
10 838832
11 3
11 4
11 5
11 14686
11 14688
11 838833
12 4
12 5
12 202
12 21185
12 78431
12 838834
13 76
13 342
13 343
13 345
13 838835
14 3
14 4
14 5
14 3691
14 3693
14 838836
15 10
15 126
15 127
15 129
15 838837
16 4
16 5
16 99
16 131
16 132
16 133
16 152
16 731761
17 3
17 4
17 5
17 27599
17 62043
17 838838
18 9
18 10
18 24
18 26
18 27
18 838839
19 4
19 5
19 99
19 133
19 175
19 176
19 178
19 426603
20 3
20 4
20 5
20 70913
20 70915
20 816211
21 10
21 109
21 110
21 112
21 96770
22 3
22 4
22 5
22 4249
22 4251
22 838840
23 158
23 159
23 160
23 162
23 838841
24 9
24 10
24 11
24 13
24 163
25 5
25 20
25 99
25 131
25 132
25 133
25 165
25 166
26 3
26 5
26 20
26 34139
26 34140
26 838842
27 9
27 10
27 11
27 13
27 328719
28 5
28 27
28 99
28 131
28 132
28 133
28 135
28 838843
29 5
29 67
29 55291
29 55294
29 838844
30 660
30 2136
30 2137
30 2139
30 838845
31 9
31 10
31 24
31 26
31 27
31 838846
32 4
32 5
32 99
32 133
32 175
32 176
32 178
32 838847
33 3
33 4
33 5
33 8989
33 24580
33 838848
34 158
34 159
34 160
34 162
34 305059
35 9
35 10
35 11
35 13
35 163
36 5
36 20
36 99
36 131
36 132
36 133
36 165
36 166
37 3
37 5
37 20
37 11030
37 52023
37 838849
38 9
38 10
38 11
38 13
38 39351
39 3
39 5
39 20
39 4434
39 4436
39 838850
40 76
40 413
40 414
40 416
40 838851
41 82
41 758
41 759
41 761
41 838852
42 5
42 84
42 90
42 91
42 93
42 121
42 45067
42 45069
42 838853
43 5
43 27
43 99
43 131
43 132
43 133
43 135
43 838854
44 3
44 5
44 20
44 3394
44 3396
44 838855
45 230
45 231
45 232
45 234
45 838856
46 9
46 10
46 11
46 13
46 163
47 99
47 131
47 132
47 133
47 195
47 236
47 237
48 3
48 20
48 72
48 195
48 340
48 1227
48 1229
48 1230
48 1231
48 838857
49 20
49 195
49 202
49 24418
49 24420
49 838858
50 76
50 433
50 434
50 436
50 838859
51 5
51 20
51 99
51 131
51 132
51 133
51 166
51 51804
52 3
52 52
52 11455
52 112130
52 172968
52 172970
52 838860
53 76
53 1267
53 1268
53 1270
53 838861
seqId 203
1 76
1 592
1 593
1 595
1 356462
2 4
2 5
2 202
2 795
2 8936
2 838862
3 3
3 4
3 5
3 8989
3 24580
3 838863
4 5
4 20
4 99
4 131
4 132
4 133
4 166
4 39381
5 3
5 52
5 1427
5 138246
5 172977
5 172979
5 838864
6 76
6 342
6 343
6 345
6 219094
7 10
7 146
7 147
7 149
7 838865
8 5
8 27
8 99
8 131
8 132
8 133
8 135
8 838866
9 3
9 4
9 5
9 12440
9 12442
9 328748
10 9
10 10
10 11
10 13
10 838867
11 4
11 5
11 82
11 759
11 1432
11 1434
11 838868
12 5
12 20
12 99
12 133
12 175
12 176
12 1316
12 501381
13 3
13 5
13 20
13 56623
13 56625
13 838869
14 5
14 20
14 202
14 78900
14 172989
14 838870
15 5
15 84
15 91
15 93
15 121
15 702
15 703
15 705
15 838871
16 5
16 20
16 90
16 122
16 708
16 94082
16 172993
16 838872
17 4
17 5
17 99
17 131
17 132
17 133
17 152
17 838873
18 3
18 4
18 5
18 1082
18 1084
18 838874
19 9
19 10
19 11
19 13
19 8492
20 5
20 27
20 99
20 131
20 132
20 133
20 135
20 838875
21 5
21 67
21 55291
21 55294
21 838876
22 10
22 146
22 147
22 149
22 838877
23 90
23 443
23 9250
23 40900
23 838878
24 99
24 133
24 175
24 176
24 195
24 234
24 838879
25 3
25 4
25 195
25 5349
25 7661
25 838880
26 10
26 1387
26 1388
26 1390
26 838881
27 99
27 131
27 132
27 133
27 195
27 237
27 838882
28 3
28 4
28 195
28 340
28 813
28 815
28 838883
29 9
29 10
29 11
29 13
29 124828
30 5
30 27
30 99
30 131
30 132
30 133
30 135
30 838884
31 5
31 67
31 6030
31 6032
31 838885
32 67
32 3213
32 38010
32 48974
32 173009
32 173010
32 173012
32 838886
33 243
33 244
33 245
33 247
33 671742
34 9
34 10
34 11
34 13
34 838887
35 5
35 27
35 99
35 131
35 132
35 133
35 135
35 838888
36 5
36 67
36 55291
36 55294
36 838889
37 51
37 52
37 14053
37 167927
37 167929
37 838890
38 67
38 458
38 1692
38 3213
38 69867
38 167933
38 167934
38 838891
39 10
39 378
39 379
39 381
39 739821
40 90
40 443
40 35819
40 47099
40 838892
41 5
41 27
41 99
41 131
41 132
41 133
41 135
41 838893
42 3
42 4
42 5
42 24687
42 24689
42 838894
43 9
43 10
43 24
43 26
43 27
43 838895
44 4
44 5
44 99
44 133
44 175
44 176
44 178
44 671748
45 3
45 4
45 5
45 65059
45 65061
45 838896
46 4
46 5
46 202
46 173025
46 173027
46 838897
47 9
47 10
47 11
47 13
47 611790
48 4
48 5
48 99
48 131
48 132
48 133
48 152
48 328787
49 3
49 4
49 5
49 15
49 17
49 51853
50 10
50 109
50 110
50 112
50 385492
51 3
51 4
51 5
51 14686
51 14688
51 838898
52 4
52 5
52 202
52 36111
52 52482
52 838899
53 76
53 342
53 343
53 345
53 838900
54 4
54 5
54 202
54 168118
54 168120
54 838901
55 243
55 244
55 245
55 247
55 402302
56 5
56 202
56 140235
56 144993
56 838902
57 71
57 76
57 190
57 191
57 838903
seqId 204
1 99
1 133
1 175
1 176
1 195
1 5187
1 838904
2 3
2 4
2 195
2 8989
2 8991
2 838905
3 84
3 91
3 93
3 121
3 195
3 702
3 703
3 1062
3 838906
4 5
4 20
4 90
4 122
4 702
4 708
4 769
4 1903
4 723069
5 3
5 5
5 20
5 1905
5 1907
5 838907
6 660
6 818
6 819
6 821
6 838908
7 10
7 146
7 147
7 149
7 838909
8 4
8 85
8 99
8 195
8 1951
8 1953
8 838910
9 3
9 4
9 195
9 340
9 14965
9 14967
9 838911
10 76
10 342
10 343
10 345
10 412181
11 9
11 10
11 24
11 26
11 27
11 838912
12 4
12 5
12 99
12 133
12 175
12 176
12 178
12 838913
13 3
13 4
13 5
13 5469
13 5471
13 838914
14 10
14 1387
14 1388
14 1390
14 838915
15 4
15 5
15 99
15 131
15 132
15 133
15 152
15 501442
16 3
16 4
16 5
16 813
16 815
16 838916
17 243
17 244
17 245
17 247
17 838917
18 230
18 231
18 232
18 234
18 601859
19 9
19 10
19 11
19 13
19 163
20 99
20 131
20 132
20 133
20 195
20 236
20 237
21 3
21 195
21 2217
21 8955
21 838918
22 9
22 10
22 24
22 26
22 27
22 412191
23 67
23 3213
23 38010
23 48974
23 173009
23 173010
23 173012
23 838919
24 76
24 413
24 414
24 416
24 838920
25 3
25 4
25 5
25 80018
25 80020
25 838921
26 9
26 10
26 11
26 13
26 838922
27 36
27 67
27 71
27 18488
27 18489
27 838923
28 67
28 4398
28 48274
28 72995
28 171956
28 171957
28 838924
29 660
29 2136
29 2137
29 2139
29 838925
30 9
30 10
30 11
30 13
30 528934
31 4
31 5
31 99
31 131
31 132
31 133
31 152
31 124878
32 3
32 4
32 5
32 8989
32 24580
32 838926
33 230
33 231
33 232
33 234
33 838927
34 9
34 10
34 11
34 13
34 163
35 99
35 131
35 132
35 133
35 195
35 236
35 237
36 3
36 20
36 195
36 26010
36 53178
36 838928
37 9
37 10
37 24
37 26
37 27
37 838929
38 3
38 4
38 195
38 642
38 644
38 348093
39 4
39 195
39 202
39 646
39 648
39 838930
40 9
40 10
40 24
40 26
40 27
40 838931
41 67
41 3213
41 38010
41 48974
41 173009
41 173010
41 173012
41 838932
42 5
42 20
42 99
42 131
42 132
42 133
42 166
42 8580
43 5
43 51
43 2686
43 112078
43 173074
43 173076
43 838933
44 76
44 342
44 343
44 345
44 838934
45 3
45 5
45 20
45 11368
45 173080
45 838935
46 230
46 231
46 232
46 234
46 838936
47 9
47 10
47 11
47 13
47 163
48 99
48 131
48 132
48 133
48 195
48 236
48 237
49 3
49 20
49 195
49 340
49 1810
49 17978
49 46661
49 173083
49 838937
50 243
50 244
50 245
50 247
50 402340
51 3
51 20
51 195
51 28129
51 168151
51 168153
51 168154
51 838938
52 20
52 90
52 122
52 195
52 708
52 713
52 37175
52 45074
52 838939
53 10
53 1387
53 1388
53 1390
53 838940
54 9
54 10
54 11
54 13
54 838941
55 67
55 71
55 173091
55 173092
55 173094
55 838942
56 67
56 64219
56 173096
56 173097
56 173099
56 838943
57 76
57 342
57 343
57 345
57 838944
58 3
58 5
58 20
58 1299
58 10243
58 838945
59 9
59 10
59 24
59 26
59 27
59 838946
60 67
60 3213
60 38010
60 48974
60 173009
60 173010
60 173012
60 838947
61 76
61 342
61 343
61 345
61 838948
62 10
62 283
62 284
62 286
62 838949
63 99
63 131
63 132
63 133
63 195
63 237
63 838950
64 3
64 20
64 195
64 1341
64 1343
64 838951
65 9
65 10
65 11
65 13
65 61666
66 67
66 601
66 603
66 1197
66 838952
67 51
67 195
67 2686
67 15391
67 838953
68 76
68 342
68 343
68 345
68 838954
69 5
69 20
69 99
69 131
69 132
69 133
69 166
69 305196
70 5
70 51
70 11455
70 112078
70 173112
70 173114
70 838955
71 76
71 433
71 434
71 436
71 838956
72 76
72 342
72 343
72 345
72 133736
73 10
73 1387
73 1388
73 1390
73 838957
74 99
74 131
74 132
74 133
74 195
74 237
74 838958
75 3
75 20
75 195
75 2217
75 8955
75 838959
76 158
76 159
76 160
76 162
76 838960
77 9
77 10
77 11
77 13
77 163
78 5
78 20
78 99
78 131
78 132
78 133
78 165
78 166
79 5
79 20
79 67
79 458
79 1692
79 3213
79 69867
79 167933
79 838961
80 76
80 413
80 414
80 416
80 838962
81 51
81 195
81 2686
81 112078
81 173074
81 173076
81 838963
82 76
82 433
82 434
82 436
82 190723
83 76
83 342
83 343
83 345
83 739900
84 10
84 1387
84 1388
84 1390
84 838964
85 99
85 131
85 132
85 133
85 195
85 237
85 838965
86 3
86 20
86 71
86 71
86 195
86 340
86 1104
86 52939
86 173129
86 838966
87 9
87 10
87 11
87 13
87 838967
88 67
88 601
88 603
88 1197
88 838968
89 51
89 195
89 2686
89 15391
89 838969
90 243
90 244
90 245
90 247
90 528985
91 67
91 601
91 603
91 1197
91 838970
92 67
92 605
92 607
92 1199
92 838971
93 76
93 25774
93 25775
93 25777
93 838972
94 5
94 27
94 99
94 131
94 132
94 133
94 135
94 838973
95 3
95 5
95 20
95 12575
95 12577
95 838974
96 9
96 10
96 11
96 13
96 838975
97 5
97 27
97 99
97 131
97 132
97 133
97 135
97 838976
98 5
98 67
98 55291
98 55294
98 838977
99 121
99 122
99 703
99 707
99 1107
99 838978
100 5
100 27
100 99
100 131
100 132
100 133
100 135
100 838979
101 5
101 20
101 82
101 84
101 85
101 175
101 1316
101 838980
102 230
102 231
102 232
102 234
102 838981
103 9
103 10
103 11
103 13
103 163
104 99
104 131
104 132
104 133
104 195
104 236
104 237
105 3
105 20
105 195
105 3118
105 10103
105 838982
106 10
106 146
106 147
106 149
106 838983
107 5
107 27
107 99
107 131
107 132
107 133
107 135
107 838984
108 3
108 5
108 20
108 3696
108 3698
108 838985
109 158
109 159
109 160
109 162
109 838986
110 9
110 10
110 11
110 13
110 163
111 5
111 20
111 99
111 131
111 132
111 133
111 165
111 166
112 3
112 5
112 20
112 11297
112 18838
112 723129
113 9
113 10
113 11
113 13
113 723130
114 5
114 85
114 99
114 10078
114 10080
114 838987
115 3
115 4
115 5
115 8989
115 24580
115 838988
116 71
116 76
116 190
116 191
116 838989
seqId 205
1 5
1 20
1 99
1 133
1 175
1 176
1 9647
1 838990
2 3
2 5
2 20
2 34150
2 34152
2 838991
3 5
3 20
3 202
3 1466
3 18974
3 838992
4 5
4 84
4 91
4 93
4 121
4 702
4 703
4 705
4 671834
5 5
5 20
5 122
5 703
5 707
5 708
5 710
5 838993
6 5
6 27
6 99
6 131
6 132
6 133
6 135
6 838994
7 3
7 4
7 5
7 12071
7 12073
7 838995
8 9
8 10
8 11
8 13
8 838996
9 4
9 5
9 99
9 131
9 132
9 133
9 152
9 838997
10 3
10 4
10 5
10 1082
10 1084
10 838998
11 9
11 10
11 11
11 13
11 838999
12 5
12 27
12 99
12 131
12 132
12 133
12 135
12 839000
13 5
13 67
13 55291
13 55294
13 839001
14 10
14 828
14 829
14 831
14 839002
15 4
15 5
15 99
15 131
15 132
15 133
15 152
15 839003
16 3
16 4
16 5
16 14557
16 14559
16 839004
17 3
17 4
17 5
17 15
17 5937
17 839005
18 9
18 10
18 11
18 13
18 839006
19 5
19 27
19 99
19 131
19 132
19 133
19 135
19 839007
20 3
20 4
20 5
20 597
20 599
20 839008
21 67
21 601
21 603
21 1197
21 839009
22 51
22 195
22 2686
22 15391
22 839010
23 5
23 20
23 99
23 131
23 132
23 133
23 166
23 816362
24 5
24 51
24 1871
24 1873
24 133793
25 3
25 5
25 20
25 1875
25 1877
25 839011
26 51
26 195
26 5342
26 5344
26 839012
27 71
27 76
27 190
27 191
27 464118
seqId 206
1 4
1 5
1 98
1 99
1 100
1 4105
1 97008
2 3
2 4
2 5
2 14557
2 62086
2 839013
3 5
3 84
3 91
3 93
3 121
3 702
3 703
3 705
3 356648
4 5
4 20
4 90
4 122
4 708
4 769
4 11082
4 11084
4 39603
5 5
5 20
5 99
5 133
5 175
5 176
5 1316
5 8697
6 3
6 5
6 20
6 56623
6 56625
6 190791
7 5
7 20
7 202
7 12901
7 34080
7 839014
8 717
8 718
8 719
8 721
8 601950
9 10
9 146
9 147
9 149
9 722
10 5
10 20
10 99
10 131
10 132
10 133
10 165
10 166
11 3
11 5
11 20
11 429
11 431
11 601951
12 82
12 758
12 759
12 761
12 839015
13 5
13 20
13 82
13 83
13 84
13 115
13 763
13 765
13 839016
14 5
14 84
14 91
14 93
14 703
14 707
14 914
14 916
14 839017
15 20
15 90
15 122
15 708
15 713
15 21792
15 21794
15 839018
16 76
16 342
16 343
16 345
16 364885
17 90
17 121
17 122
17 162027
17 173194
17 839019
18 51
18 195
18 1501
18 1503
18 839020
19 3
19 20
19 195
19 8459
19 173198
19 839021
20 20
20 90
20 122
20 195
20 708
20 713
20 3372
20 5735
20 839022
21 75
21 76
21 77
21 79
21 348200
22 3
22 4
22 5
22 504
22 14984
22 839023
23 9
23 10
23 24
23 26
23 27
23 839024
24 4
24 5
24 99
24 133
24 175
24 176
24 178
24 839025
25 4
25 5
25 202
25 795
25 8936
25 839026
26 3
26 4
26 5
26 642
26 23331
26 839027
27 9
27 10
27 24
27 26
27 27
27 839028
28 3
28 5
28 20
28 1019
28 25531
28 839029
29 5
29 20
29 202
29 29679
29 29681
29 839030
30 3
30 5
30 20
30 6634
30 6636
30 839031
31 67
31 601
31 603
31 1197
31 839032
32 51
32 195
32 2686
32 15391
32 839033
33 1458
33 2717
33 4052
33 4054
33 839034
34 67
34 601
34 603
34 1197
34 839035
35 67
35 605
35 607
35 1199
35 839036
36 90
36 121
36 122
36 45067
36 76743
36 839037
37 3
37 20
37 195
37 28129
37 168151
37 168153
37 168154
37 839038
38 243
38 244
38 245
38 247
38 97042
39 3
39 20
39 195
39 28129
39 131874
39 131876
39 839039
40 76
40 413
40 414
40 416
40 839040
41 76
41 137
41 138
41 140
41 839041
42 67
42 37445
42 135367
42 171893
42 173220
42 839042
43 76
43 185
43 186
43 188
43 839043
44 76
44 433
44 434
44 436
44 364916
45 76
45 1267
45 1268
45 1270
45 364917
seqId 207
1 3
1 4
1 5
1 37227
1 37229
1 839044
2 9
2 10
2 11
2 13
2 839045
3 67
3 601
3 603
3 1197
3 839046
4 51
4 195
4 2686
4 15391
4 723198
5 10
5 19283
5 19284
5 19286
5 839047
6 99
6 131
6 132
6 133
6 195
6 237
6 839048
7 3
7 4
7 195
7 340
7 549
7 551
7 839049
8 9
8 10
8 24
8 26
8 27
8 839050
9 67
9 3213
9 38010
9 48974
9 173009
9 173010
9 173012
9 839051
10 76
10 342
10 343
10 345
10 839052
11 90
11 121
11 122
11 2333
11 15757
11 426828
12 10
12 146
12 147
12 149
12 839053
13 67
13 3213
13 38010
13 48974
13 173009
13 173010
13 173012
13 839054
14 9
14 10
14 24
14 26
14 27
14 839055
15 90
15 443
15 1488
15 57815
15 839056
16 99
16 131
16 132
16 133
16 195
16 237
16 839057
17 3
17 20
17 195
17 340
17 1810
17 17978
17 46661
17 173083
17 839058
18 9
18 10
18 11
18 13
18 839059
19 5
19 27
19 99
19 131
19 132
19 133
19 135
19 529061
20 5
20 67
20 55291
20 55294
20 839060
21 660
21 976
21 979
21 1458
21 839061
22 27
22 944
22 945
22 1463
22 3308
22 839062
23 4
23 5
23 99
23 133
23 175
23 176
23 178
23 723219
24 3
24 4
24 5
24 6046
24 6048
24 839063
25 230
25 231
25 232
25 234
25 839064
26 9
26 10
26 11
26 13
26 163
27 99
27 131
27 132
27 133
27 195
27 236
27 237
28 3
28 20
28 195
28 28129
28 168151
28 168153
28 168154
28 839065
29 71
29 76
29 190
29 191
29 839066
seqId 208
1 99
1 133
1 175
1 176
1 195
1 5187
1 125037
2 3
2 4
2 195
2 10638
2 10640
2 839067
3 4
3 195
3 202
3 340
3 31190
3 31192
3 839068
4 84
4 91
4 93
4 195
4 702
4 703
4 914
4 9244
4 839069
5 5
5 20
5 90
5 122
5 708
5 769
5 2333
5 7738
5 839070
6 9
6 10
6 24
6 26
6 27
6 839071
7 90
7 443
7 6211
7 43489
7 839072
8 944
8 945
8 946
8 948
8 125046
9 10
9 19283
9 19284
9 19286
9 839073
10 99
10 131
10 132
10 133
10 195
10 237
10 839074
11 3
11 20
11 195
11 2034
11 3403
11 839075
12 9
12 10
12 11
12 13
12 402489
13 5
13 27
13 99
13 131
13 132
13 133
13 135
13 402490
14 5
14 67
14 55291
14 55294
14 839076
15 20
15 82
15 84
15 85
15 195
15 1589
15 2970
15 426852
16 84
16 90
16 93
16 121
16 195
16 2257
16 4621
16 84275
16 100562
16 839077
17 5
17 27
17 99
17 131
17 132
17 133
17 135
17 839078
18 5
18 67
18 3206
18 6032
18 173266
18 839079
19 296
19 509
19 5178
19 172441
19 173269
19 839080
20 76
20 342
20 343
20 345
20 839081
21 26
21 27
21 99
21 133
21 175
21 176
21 195
21 839082
22 82
22 84
22 85
22 195
22 2294
22 3837
22 839083
23 5
23 27
23 99
23 131
23 132
23 133
23 135
23 779166
24 5
24 67
24 4815
24 47596
24 141901
24 141903
24 839084
25 76
25 342
25 343
25 345
25 732014
26 244
26 418
26 419
26 421
26 740042
27 660
27 5049
27 5050
27 5052
27 839085
28 5
28 27
28 99
28 131
28 132
28 133
28 135
28 839086
29 5
29 67
29 55291
29 55294
29 839087
30 67
30 33141
30 104336
30 173281
30 173282
30 839088
31 71
31 76
31 190
31 191
31 839089
seqId 209
1 10
1 2518
1 67874
1 67876
1 173286
2 4
2 5
2 98
2 99
2 100
2 1927
2 839090
3 3
3 4
3 5
3 28222
3 28224
3 839091
4 76
4 342
4 343
4 345
4 839092
5 99
5 131
5 132
5 133
5 195
5 237
5 305345
6 3
6 4
6 195
6 10638
6 10640
6 839093
7 82
7 84
7 114
7 115
7 116
7 1361
7 412374
8 84
8 91
8 93
8 121
8 195
8 703
8 707
8 1858
8 839094
9 660
9 19069
9 19070
9 19072
9 125076
10 4
10 90
10 122
10 195
10 340
10 708
10 769
10 5094
10 5096
10 839095
11 76
11 342
11 343
11 345
11 190922
12 9
12 10
12 24
12 26
12 27
12 839096
13 4
13 5
13 99
13 133
13 175
13 176
13 178
13 385689
14 3
14 4
14 5
14 5469
14 5471
14 839097
15 10
15 1387
15 1388
15 1390
15 839098
16 5
16 20
16 99
16 131
16 132
16 133
16 166
16 839099
17 5
17 20
17 67
17 41961
17 41964
17 839100
18 76
18 413
18 414
18 416
18 740066
19 3
19 4
19 5
19 63337
19 63339
19 839101
20 67
20 851
20 37787
20 173304
20 173305
20 753423
21 9
21 10
21 11
21 13
21 839102
22 67
22 3042
22 3043
22 3045
22 839103
23 5
23 20
23 99
23 131
23 132
23 133
23 166
23 839104
24 5
24 51
24 11455
24 112078
24 173311
24 173313
24 839105
25 76
25 342
25 343
25 345
25 464228
26 67
26 311
26 75398
26 173316
26 173317
26 839106
27 10
27 109
27 110
27 112
27 133950
28 3
28 5
28 20
28 1875
28 1877
28 348283
29 51
29 195
29 4167
29 4169
29 839107
30 76
30 433
30 434
30 436
30 839108
31 243
31 244
31 245
31 247
31 602050
32 10
32 283
32 284
32 286
32 839109
33 5
33 20
33 99
33 131
33 132
33 133
33 166
33 839110
34 3
34 5
34 20
34 4345
34 4347
34 839111
35 9
35 10
35 11
35 13
35 839112
36 5
36 27
36 99
36 131
36 132
36 133
36 135
36 839113
37 3
37 4
37 5
37 44
37 621
37 839114
38 67
38 296
38 3232
38 9813
38 19452
38 32984
38 839115
39 9
39 10
39 24
39 26
39 27
39 839116
40 67
40 3213
40 38010
40 48974
40 173009
40 173010
40 173012
40 839117
41 76
41 413
41 414
41 416
41 839118
42 3
42 4
42 5
42 56
42 32993
42 839119
43 42
43 509
43 5178
43 32995
43 839120
44 76
44 433
44 434
44 436
44 839121
45 76
45 342
45 343
45 345
45 779201
46 9
46 10
46 24
46 26
46 27
46 839122
47 4
47 5
47 202
47 2294
47 2296
47 839123
48 3
48 4
48 5
48 5469
48 5471
48 839124
49 10
49 1387
49 1388
49 1390
49 839125
50 99
50 131
50 132
50 133
50 195
50 237
50 839126
51 3
51 195
51 2217
51 8955
51 753444
52 158
52 159
52 160
52 162
52 219582
53 9
53 10
53 11
53 13
53 163
54 5
54 20
54 99
54 131
54 132
54 133
54 165
54 166
55 5
55 20
55 67
55 458
55 1692
55 3213
55 69867
55 167933
55 839127
56 10
56 378
56 379
56 381
56 839128
57 90
57 443
57 3100
57 68740
57 839129
58 99
58 131
58 132
58 133
58 195
58 237
58 305392
59 3
59 20
59 195
59 43492
59 43494
59 839130
60 158
60 159
60 160
60 162
60 125114
61 9
61 10
61 11
61 13
61 163
62 5
62 20
62 99
62 131
62 132
62 133
62 165
62 166
63 3
63 5
63 20
63 429
63 431
63 839131
64 158
64 159
64 160
64 162
64 8895
65 9
65 10
65 11
65 13
65 163
66 5
66 20
66 99
66 131
66 132
66 133
66 165
66 166
67 5
67 20
67 67
67 37445
67 135367
67 171893
67 839132
68 76
68 413
68 414
68 416
68 740113
69 51
69 195
69 2714
69 9438
69 173114
69 173352
69 839133
70 76
70 433
70 434
70 436
70 779213
71 71
71 76
71 190
71 191
71 839134
seqId 210
1 5
1 20
1 81
1 82
1 83
1 84
1 85
1 2423
1 839135
2 5
2 84
2 90
2 91
2 93
2 121
2 19261
2 173359
2 839136
3 660
3 30602
3 30603
3 30605
3 839137
4 99
4 131
4 132
4 133
4 195
4 237
4 839138
5 3
5 4
5 195
5 3691
5 6873
5 839139
6 4
6 195
6 202
6 21923
6 165299
6 723298
7 82
7 758
7 759
7 761
7 839140
8 84
8 91
8 93
8 121
8 195
8 702
8 703
8 1062
8 329098
9 5
9 20
9 90
9 122
9 708
9 769
9 6204
9 6206
9 839141
10 10
10 146
10 147
10 149
10 839142
11 5
11 20
11 98
11 99
11 100
11 102
11 839143
12 3
12 5
12 20
12 429
12 431
12 839144
13 9
13 10
13 11
13 13
13 464266
14 3
14 4
14 5
14 492
14 44426
14 839145
15 71
15 76
15 190
15 191
15 839146
seqId 211
1 4
1 5
1 99
1 131
1 132
1 133
1 811
1 39828
2 3
2 4
2 5
2 15
2 17
2 839147
3 4
3 5
3 202
3 693
3 33899
3 839148
4 4
4 5
4 202
4 13322
4 31197
4 839149
5 76
5 342
5 343
5 345
5 412435
6 27
6 82
6 759
6 944
6 1463
6 839150
7 5
7 20
7 81
7 82
7 83
7 84
7 85
7 87
7 52200
8 5
8 20
8 82
8 83
8 84
8 115
8 166
8 763
8 839151
9 5
9 84
9 90
9 91
9 93
9 121
9 2433
9 2435
9 839152
10 244
10 418
10 419
10 421
10 52202
11 27
11 82
11 84
11 114
11 115
11 116
11 118
11 52203
12 82
12 83
12 84
12 109
12 112
12 115
12 839153
13 5
13 84
13 90
13 91
13 93
13 121
13 26531
13 173385
13 173387
13 839154
14 76
14 342
14 343
14 345
14 839155
15 5
15 84
15 91
15 93
15 121
15 703
15 707
15 956
15 426946
16 4
16 5
16 90
16 122
16 708
16 713
16 1676
16 1678
16 839156
17 10
17 109
17 110
17 112
17 732095
18 3
18 4
18 5
18 2196
18 2649
18 839157
19 230
19 231
19 232
19 234
19 839158
20 9
20 10
20 11
20 13
20 163
21 99
21 131
21 132
21 133
21 195
21 236
21 237
22 4
22 195
22 202
22 7021
22 38246
22 839159
23 3
23 4
23 195
23 1913
23 78733
23 839160
24 9
24 10
24 11
24 13
24 612054
25 5
25 27
25 99
25 131
25 132
25 133
25 135
25 839161
26 3
26 4
26 5
26 14686
26 14688
26 839162
27 71
27 76
27 190
27 191
27 412448
seqId 212
1 4
1 5
1 82
1 83
1 84
1 115
1 763
1 4750
1 839163
2 5
2 84
2 91
2 93
2 121
2 703
2 707
2 956
2 61971
3 4
3 5
3 90
3 122
3 708
3 713
3 1104
3 15631
3 60593
3 839164
4 10
4 1605
4 1606
4 1608
4 839165
5 13
5 99
5 133
5 175
5 176
5 195
5 839166
6 4
6 195
6 202
6 7021
6 38246
6 839167
7 243
7 244
7 245
7 247
7 8968
8 4
8 195
8 202
8 33713
8 173408
8 839168
9 67
9 195
9 6030
9 6032
9 779246
10 10
10 146
10 147
10 149
10 839169
11 4
11 5
11 202
11 3303
11 3305
11 839170
12 3
12 4
12 5
12 7721
12 7723
12 839171
13 76
13 413
13 414
13 416
13 839172
14 3
14 5
14 20
14 508
14 512
14 501731
15 75
15 76
15 77
15 79
15 839173
16 51
16 195
16 1427
16 1962
16 173418
17 67
17 195
17 6030
17 6032
17 329137
18 10
18 146
18 147
18 149
18 839174
19 67
19 601
19 603
19 1197
19 839175
20 10
20 378
20 379
20 381
20 839176
21 5
21 27
21 99
21 131
21 132
21 133
21 135
21 365080
22 5
22 67
22 172186
22 172188
22 839177
23 75
23 76
23 77
23 79
23 125178
24 67
24 3213
24 38010
24 48974
24 173009
24 173010
24 173012
24 839178
25 76
25 342
25 343
25 345
25 753518
26 67
26 1026
26 75426
26 104864
26 173427
26 173428
26 839179
27 76
27 342
27 343
27 345
27 125181
28 67
28 52423
28 136606
28 173431
28 839180
29 243
29 244
29 245
29 247
29 839181
30 67
30 173435
30 173436
30 173438
30 839182
31 76
31 342
31 343
31 345
31 839183
32 67
32 5932
32 38897
32 58308
32 173440
32 173441
32 839184
33 76
33 433
33 434
33 436
33 839185
34 243
34 244
34 245
34 247
34 61997
35 230
35 231
35 232
35 234
35 672013
36 9
36 10
36 11
36 13
36 163
37 99
37 131
37 132
37 133
37 195
37 236
37 237
38 3
38 20
38 195
38 55291
38 55294
38 839186
39 82
39 758
39 759
39 761
39 329151
40 10
40 283
40 284
40 286
40 329152
41 5
41 20
41 99
41 133
41 175
41 176
41 1316
41 348389
42 5
42 20
42 202
42 6111
42 6113
42 839187
43 3
43 5
43 20
43 3533
43 3535
43 839188
44 84
44 90
44 91
44 93
44 121
44 195
44 63865
44 99452
44 839189
45 5
45 99
45 115
45 773
45 775
45 776
45 2192
45 3593
45 839190
46 3
46 4
46 5
46 1542
46 1544
46 839191
47 9
47 10
47 24
47 26
47 27
47 672021
48 443
48 703
48 707
48 2086
48 839192
49 9
49 10
49 11
49 13
49 839193
50 5
50 99
50 115
50 773
50 775
50 776
50 2192
50 3593
50 839194
51 660
51 7237
51 10032
51 10034
51 356867
52 4
52 5
52 202
52 3303
52 3305
52 839195
53 3
53 4
53 5
53 64972
53 64974
53 839196
54 76
54 342
54 343
54 345
54 365109
55 4
55 5
55 202
55 124244
55 124246
55 839197
56 244
56 418
56 419
56 421
56 839198
57 4
57 5
57 202
57 2359
57 8352
57 839199
58 71
58 76
58 190
58 191
58 839200
seqId 213
1 84
1 90
1 91
1 93
1 121
1 195
1 4766
1 173469
1 839201
2 3
2 4
2 5
2 24000
2 66498
2 839202
3 99
3 131
3 132
3 133
3 195
3 237
3 723360
4 3
4 4
4 195
4 642
4 644
4 839203
5 9
5 10
5 24
5 26
5 27
5 839204
6 3
6 5
6 20
6 1019
6 25531
6 839205
7 82
7 758
7 759
7 761
7 97266
8 84
8 90
8 91
8 93
8 121
8 195
8 702
8 1062
8 839206
9 3
9 4
9 5
9 21656
9 21658
9 839207
10 10
10 146
10 147
10 149
10 839208
11 90
11 443
11 1488
11 39923
11 57815
12 5
12 27
12 99
12 131
12 132
12 133
12 135
12 839209
13 3
13 5
13 20
13 3394
13 3396
13 839210
14 230
14 231
14 232
14 234
14 97274
15 9
15 10
15 11
15 13
15 163
16 99
16 131
16 132
16 133
16 195
16 236
16 237
17 3
17 20
17 72
17 195
17 340
17 1227
17 1229
17 1230
17 1231
17 839211
18 9
18 10
18 24
18 26
18 27
18 839212
19 5
19 20
19 99
19 133
19 175
19 176
19 1316
19 191107
20 3
20 5
20 20
20 56527
20 56529
20 412513
21 9
21 10
21 24
21 26
21 27
21 839213
22 3
22 5
22 20
22 13108
22 29558
22 839214
23 76
23 342
23 343
23 345
23 529274
24 20
24 82
24 84
24 98
24 100
24 102
24 219700
25 82
25 758
25 759
25 761
25 173492
26 27
26 660
26 661
26 910
26 912
26 839215
27 5
27 84
27 91
27 93
27 121
27 703
27 707
27 956
27 97285
28 660
28 661
28 1240
28 1242
28 839216
29 5
29 20
29 99
29 131
29 132
29 133
29 166
29 602155
30 3
30 5
30 20
30 10622
30 10624
30 839217
31 10
31 146
31 147
31 149
31 839218
32 67
32 601
32 603
32 1197
32 839219
33 51
33 195
33 2686
33 15391
33 839220
34 82
34 759
34 5284
34 5286
34 839221
35 5
35 27
35 99
35 131
35 132
35 133
35 135
35 412520
36 5
36 67
36 55291
36 55294
36 839222
37 51
37 195
37 14053
37 171406
37 171408
37 839223
38 5
38 84
38 91
38 93
38 121
38 702
38 703
38 705
38 732214
39 5
39 20
39 90
39 122
39 708
39 769
39 5390
39 10652
39 13981
39 42189
39 52779
39 839224
40 10
40 3889
40 3891
40 9630
40 839225
41 5
41 99
41 115
41 773
41 774
41 775
41 776
41 778
41 839226
42 3
42 4
42 5
42 25373
42 25375
42 62058
43 10
43 1387
43 1388
43 1390
43 356913
44 5
44 27
44 99
44 131
44 132
44 133
44 135
44 356914
45 5
45 67
45 4815
45 47596
45 141901
45 141903
45 839227
46 71
46 76
46 190
46 191
46 740226
seqId 214
1 244
1 15230
1 22529
1 119331
1 740227
2 98
2 99
2 100
2 195
2 2073
2 740228
3 3
3 4
3 195
3 642
3 644
3 839228
4 84
4 91
4 93
4 121
4 195
4 703
4 707
4 1858
4 305518
5 660
5 12080
5 12081
5 12083
5 62067
6 4
6 90
6 122
6 195
6 708
6 713
6 2787
6 27470
6 173519
6 191135
7 660
7 2368
7 2369
7 2371
7 839229
8 10
8 828
8 829
8 831
8 839230
9 5
9 99
9 115
9 773
9 775
9 776
9 2192
9 3593
9 839231
10 3
10 5
10 20
10 2438
10 2440
10 839232
11 9
11 10
11 11
11 13
11 125269
12 3
12 4
12 5
12 64972
12 64974
12 839233
13 243
13 244
13 245
13 247
13 672077
14 10
14 828
14 829
14 831
14 97315
15 5
15 99
15 115
15 773
15 775
15 776
15 2192
15 3593
15 97316
16 3
16 4
16 5
16 20129
16 20131
16 839234
17 10
17 146
17 147
17 149
17 839235
18 90
18 443
18 3433
18 3435
18 191155
19 99
19 131
19 132
19 133
19 195
19 237
19 839236
20 3
20 20
20 195
20 1718
20 1720
20 839237
21 20
21 195
21 202
21 3954
21 35317
21 839238
22 10
22 378
22 379
22 381
22 402709
23 90
23 443
23 1345
23 9933
23 839239
24 10
24 109
24 110
24 112
24 219742
25 3
25 4
25 5
25 4406
25 24330
25 839240
26 5
26 20
26 99
26 133
26 175
26 176
26 1316
26 839241
27 3
27 5
27 20
27 429
27 431
27 839242
28 67
28 5929
28 5930
28 5932
28 5933
28 839243
29 76
29 342
29 343
29 345
29 464400
30 244
30 418
30 419
30 421
30 412551
31 660
31 2310
31 2311
31 2313
31 839244
32 4
32 5
32 99
32 133
32 175
32 176
32 178
32 839245
33 4
33 5
33 202
33 13290
33 13292
33 839246
34 3
34 4
34 5
34 17398
34 137589
34 839247
35 71
35 76
35 190
35 191
35 52358
seqId 215
1 10
1 283
1 3640
1 3642
1 402718
2 5
2 20
2 99
2 133
2 175
2 176
2 1316
2 839248
3 3
3 5
3 20
3 3533
3 3535
3 839249
4 9
4 10
4 13
4 1539
4 219754
5 660
5 2347
5 2348
5 2350
5 839250
6 10
6 109
6 110
6 112
6 839251
7 660
7 2347
7 2348
7 2350
7 839252
8 5
8 20
8 202
8 23347
8 23349
8 839253
9 76
9 342
9 343
9 345
9 839254
10 5
10 20
10 82
10 83
10 84
10 115
10 763
10 1002
10 385886
11 5
11 84
11 91
11 93
11 121
11 703
11 707
11 956
11 839255
12 5
12 20
12 202
12 173558
12 173560
12 839256
13 10
13 378
13 379
13 381
13 779352
14 5
14 27
14 99
14 131
14 132
14 133
14 135
14 839257
15 3
15 4
15 5
15 597
15 599
15 839258
16 67
16 601
16 603
16 1197
16 839259
17 51
17 195
17 2686
17 15391
17 839260
18 82
18 759
18 944
18 948
18 740282
19 5
19 27
19 99
19 131
19 132
19 133
19 135
19 839261
20 3
20 5
20 20
20 3394
20 3396
20 839262
21 9
21 10
21 11
21 13
21 839263
22 99
22 115
22 195
22 773
22 774
22 775
22 776
22 3400
22 839264
23 3
23 20
23 72
23 195
23 340
23 1227
23 1229
23 1230
23 1231
23 839265
24 76
24 342
24 343
24 345
24 839266
25 82
25 83
25 84
25 115
25 2548
25 5729
25 5731
25 191202
26 20
26 90
26 122
26 708
26 713
26 16673
26 16675
26 839267
27 99
27 131
27 132
27 133
27 195
27 237
27 816605
28 3
28 20
28 195
28 23221
28 23223
28 839268
29 20
29 195
29 202
29 2221
29 3410
29 839269
30 230
30 231
30 232
30 234
30 816607
31 9
31 10
31 11
31 13
31 163
32 99
32 131
32 132
32 133
32 195
32 236
32 237
33 3
33 4
33 195
33 1913
33 78733
33 97373
34 4
34 5
34 202
34 173580
34 173582
34 839270
35 76
35 342
35 343
35 345
35 839271
36 4
36 5
36 202
36 168118
36 168120
36 839272
37 243
37 244
37 245
37 247
37 427112
38 4
38 5
38 202
38 140235
38 144993
38 839273
39 76
39 342
39 343
39 345
39 602224
40 5
40 84
40 90
40 93
40 121
40 702
40 4415
40 4763
40 839274
41 4
41 5
41 99
41 131
41 132
41 133
41 152
41 97380
42 3
42 4
42 5
42 27599
42 62043
42 97381
43 9
43 10
43 11
43 13
43 602228
44 90
44 443
44 1345
44 9933
44 839275
45 10
45 109
45 110
45 112
45 97384
46 3
46 4
46 5
46 4406
46 24330
46 839276
47 230
47 231
47 232
47 234
47 612177
48 9
48 10
48 11
48 13
48 163
49 99
49 131
49 132
49 133
49 195
49 236
49 237
50 3
50 20
50 195
50 429
50 4265
50 839277
51 20
51 195
51 202
51 29034
51 29036
51 839278
52 76
52 342
52 343
52 345
52 839279
53 243
53 244
53 245
53 247
53 40048
54 4
54 5
54 98
54 99
54 100
54 1927
54 125353
55 3
55 4
55 5
55 27599
55 62043
55 839280
56 660
56 661
56 910
56 1234
56 839281
57 5
57 84
57 90
57 91
57 93
57 121
57 2081
57 2426
57 839282
58 82
58 83
58 84
58 115
58 195
58 1824
58 3593
58 839283
59 443
59 703
59 707
59 2086
59 839284
60 4
60 5
60 90
60 122
60 708
60 713
60 27603
60 173607
60 839285
61 660
61 661
61 944
61 948
61 839286
62 10
62 283
62 284
62 286
62 839287
63 5
63 20
63 99
63 131
63 132
63 133
63 166
63 839288
64 3
64 5
64 20
64 4345
64 4347
64 839289
65 9
65 10
65 24
65 26
65 27
65 839290
66 4
66 5
66 99
66 133
66 175
66 176
66 178
66 839291
67 4
67 5
67 67
67 6030
67 6032
67 839292
68 244
68 418
68 419
68 421
68 402773
69 10
69 283
69 284
69 286
69 753661
70 5
70 20
70 82
70 84
70 100
70 4680
70 7814
70 385944
71 9
71 10
71 24
71 26
71 27
71 839293
72 4
72 5
72 99
72 133
72 175
72 176
72 178
72 839294
73 3
73 4
73 5
73 55291
73 55294
73 134270
74 660
74 7237
74 10032
74 10034
74 839295
75 4
75 5
75 202
75 96223
75 96225
75 839296
76 71
76 76
76 190
76 191
76 52467
seqId 216
1 5
1 20
1 99
1 131
1 132
1 133
1 967
1 839297
2 5
2 20
2 202
2 795
2 797
2 839298
3 3
3 5
3 20
3 3533
3 3535
3 839299
4 9
4 10
4 11
4 13
4 839300
5 4
5 5
5 99
5 131
5 132
5 133
5 152
5 740328
6 4
6 5
6 67
6 5583
6 5585
6 5586
6 839301
7 67
7 72
7 603
7 8737
7 8738
7 8740
7 8741
7 8742
7 839302
8 5
8 84
8 90
8 91
8 93
8 121
8 10715
8 27603
8 839303
9 2822
9 2823
9 2824
9 2826
9 839304
10 10
10 146
10 147
10 149
10 722
11 99
11 131
11 132
11 133
11 195
11 236
11 237
12 3
12 20
12 195
12 340
12 1810
12 17978
12 46661
12 173083
12 839305
13 76
13 342
13 343
13 345
13 839306
14 3
14 20
14 195
14 28129
14 168151
14 168153
14 168154
14 839307
15 243
15 244
15 245
15 247
15 839308
16 3
16 20
16 195
16 28129
16 131874
16 131876
16 839309
17 9
17 10
17 11
17 13
17 52489
18 5
18 27
18 99
18 131
18 132
18 133
18 135
18 839310
19 5
19 67
19 55291
19 55294
19 839311
20 51
20 195
20 14053
20 171406
20 171408
20 839312
21 5
21 27
21 99
21 131
21 132
21 133
21 135
21 839313
22 3
22 4
22 5
22 17302
22 77832
22 839314
23 9
23 10
23 24
23 26
23 27
23 839315
24 90
24 443
24 22310
24 22312
24 839316
25 99
25 115
25 195
25 773
25 775
25 776
25 2192
25 2194
25 839317
26 3
26 4
26 195
26 5512
26 5514
26 839318
27 10
27 1387
27 1388
27 1390
27 839319
28 99
28 115
28 195
28 773
28 775
28 776
28 2192
28 2194
28 839320
29 3
29 20
29 195
29 2217
29 8955
29 839321
30 9
30 10
30 11
30 13
30 839322
31 67
31 601
31 603
31 1197
31 839323
32 67
32 605
32 607
32 1199
32 839324
33 76
33 342
33 343
33 345
33 839325
34 20
34 72
34 82
34 84
34 115
34 116
34 195
34 1262
34 11772
34 97441
34 171670
34 171672
35 20
35 90
35 122
35 195
35 708
35 713
35 15631
35 173655
35 816666
36 10
36 1605
36 1606
36 1608
36 839326
37 5
37 27
37 99
37 131
37 132
37 133
37 135
37 839327
38 5
38 67
38 6030
38 6032
38 839328
39 76
39 137
39 138
39 140
39 839329
40 3
40 4
40 5
40 81925
40 173662
40 839330
41 243
41 244
41 245
41 247
41 839331
42 3
42 4
42 195
42 313
42 315
42 839332
43 9
43 10
43 11
43 13
43 839333
44 5
44 27
44 99
44 131
44 132
44 133
44 135
44 839334
45 5
45 67
45 172186
45 172188
45 839335
46 76
46 185
46 186
46 188
46 839336
47 76
47 413
47 414
47 416
47 839337
48 67
48 601
48 603
48 1197
48 839338
49 51
49 195
49 173672
49 173674
49 839339
50 67
50 601
50 603
50 1197
50 839340
51 67
51 605
51 607
51 1199
51 839341
52 1458
52 2717
52 4052
52 4054
52 839342
53 67
53 41961
53 41962
53 41964
53 839343
54 76
54 433
54 434
54 436
54 839344
55 243
55 244
55 245
55 247
55 219871
56 5
56 27
56 99
56 131
56 132
56 133
56 135
56 839345
57 5
57 67
57 55291
57 55294
57 839346
58 76
58 137
58 138
58 140
58 839347
59 3
59 5
59 20
59 217
59 219
59 839348
60 9
60 10
60 24
60 26
60 27
60 839349
61 3
61 4
61 5
61 14686
61 49719
61 839350
62 4
62 5
62 202
62 322
62 55521
62 839351
63 243
63 244
63 245
63 247
63 839352
64 4
64 5
64 202
64 851
64 8705
64 173690
64 839353
65 9
65 10
65 11
65 13
65 839354
66 5
66 27
66 99
66 131
66 132
66 133
66 135
66 839355
67 5
67 67
67 147612
67 168135
67 839356
68 76
68 185
68 186
68 188
68 839357
69 71
69 76
69 190
69 191
69 839358
seqId 217
1 5
1 20
1 99
1 133
1 175
1 176
1 9647
1 357080
2 5
2 20
2 202
2 1589
2 23961
2 529452
3 3
3 5
3 20
3 1832
3 1834
3 529453
4 9
4 10
4 11
4 13
4 529454
5 3
5 20
5 195
5 10402
5 10404
5 839359
6 230
6 231
6 232
6 234
6 839360
7 9
7 10
7 11
7 13
7 163
8 99
8 131
8 132
8 133
8 195
8 236
8 237
9 51
9 195
9 1368
9 1370
9 839361
10 3
10 4
10 195
10 642
10 644
10 839362
11 4
11 90
11 122
11 195
11 708
11 713
11 7704
11 34968
11 839363
12 84
12 90
12 91
12 93
12 121
12 195
12 702
12 1062
12 529463
13 660
13 1305
13 1306
13 1308
13 839364
14 5
14 27
14 99
14 131
14 132
14 133
14 135
14 839365
15 3
15 4
15 5
15 89016
15 89018
15 839366
16 9
16 10
16 11
16 13
16 839367
17 90
17 443
17 31304
17 31306
17 529467
18 660
18 3394
18 3396
18 62524
18 839368
19 76
19 342
19 343
19 345
19 305741
20 9
20 10
20 24
20 26
20 27
20 839369
21 90
21 443
21 2832
21 10563
21 602316
22 99
22 133
22 175
22 176
22 195
22 234
22 839370
23 3
23 20
23 195
23 2863
23 10735
23 839371
24 20
24 195
24 202
24 5335
24 5564
24 839372
25 76
25 342
25 343
25 345
25 97501
26 71
26 509
26 25601
26 25602
26 25604
26 839373
seqId 218
1 99
1 133
1 175
1 176
1 195
1 5187
1 839374
2 20
2 195
2 202
2 784
2 17696
2 839375
3 3
3 20
3 195
3 7111
3 7113
3 839376
4 20
4 195
4 202
4 28004
4 33777
4 40265
4 40267
4 839377
5 84
5 91
5 93
5 121
5 195
5 702
5 703
5 1062
5 839378
6 5
6 20
6 90
6 122
6 708
6 769
6 2333
6 7738
6 839379
7 9
7 10
7 11
7 13
7 329410
8 90
8 443
8 6804
8 44868
8 365507
9 5
9 20
9 99
9 133
9 175
9 176
9 1316
9 329415
10 3
10 5
10 20
10 429
10 431
10 839380
11 9
11 10
11 11
11 13
11 9414
12 3
12 4
12 5
12 30890
12 30892
12 30893
12 839381
13 90
13 121
13 122
13 3372
13 35776
13 839382
14 9
14 10
14 24
14 26
14 27
14 839383
15 4
15 5
15 99
15 133
15 175
15 176
15 178
15 839384
16 3
16 4
16 5
16 5469
16 5471
16 839385
17 76
17 342
17 343
17 345
17 839386
18 4
18 5
18 99
18 131
18 132
18 133
18 152
18 839387
19 3
19 4
19 5
19 4851
19 4853
19 839388
20 10
20 109
20 110
20 112
20 612294
21 3
21 4
21 5
21 4420
21 4422
21 839389
22 9
22 10
22 24
22 26
22 27
22 839390
23 4
23 5
23 99
23 133
23 175
23 176
23 178
23 839391
24 3
24 4
24 5
24 72
24 1384
24 5390
24 7291
24 13452
24 32430
24 839392
25 9
25 10
25 11
25 13
25 52623
26 67
26 601
26 603
26 1197
26 839393
27 51
27 195
27 2686
27 15391
27 839394
28 10
28 126
28 127
28 129
28 125493
29 5
29 27
29 99
29 131
29 132
29 133
29 135
29 839395
30 5
30 67
30 6030
30 6032
30 839396
31 67
31 3213
31 38010
31 48974
31 173009
31 173010
31 173012
31 839397
32 76
32 342
32 343
32 345
32 219932
33 82
33 758
33 759
33 761
33 305781
34 5
34 84
34 90
34 91
34 92
34 93
34 702
34 62352
34 63087
35 10
35 1539
35 3889
35 3891
35 62353
36 660
36 2136
36 2137
36 2139
36 672268
37 3
37 4
37 5
37 21656
37 21658
37 412711
38 10
38 146
38 147
38 149
38 839398
39 90
39 443
39 1488
39 52635
39 57815
40 20
40 195
40 202
40 1377
40 5238
40 839399
41 99
41 131
41 132
41 133
41 195
41 237
41 839400
42 3
42 20
42 195
42 340
42 1810
42 17978
42 46661
42 173083
42 839401
43 9
43 10
43 11
43 13
43 839402
44 67
44 601
44 603
44 1197
44 839403
45 51
45 195
45 2686
45 15391
45 839404
46 76
46 342
46 343
46 345
46 839405
47 660
47 976
47 979
47 1458
47 839406
48 27
48 944
48 945
48 1463
48 3308
48 839407
49 5
49 20
49 99
49 133
49 175
49 176
49 1316
49 412721
50 5
50 20
50 202
50 1589
50 23961
50 839408
51 3
51 5
51 20
51 1832
51 1834
51 839409
52 9
52 10
52 11
52 13
52 40215
53 3
53 20
53 195
53 28129
53 168151
53 168153
53 168154
53 839410
54 76
54 413
54 414
54 416
54 839411
55 3
55 20
55 195
55 2221
55 3410
55 839412
56 158
56 159
56 160
56 162
56 839413
57 9
57 10
57 11
57 13
57 163
58 5
58 20
58 99
58 131
58 132
58 133
58 165
58 166
59 5
59 20
59 202
59 21213
59 173772
59 839414
60 5
60 20
60 202
60 1718
60 57849
60 839415
61 3
61 5
61 20
61 15215
61 65093
61 131674
61 839416
62 243
62 244
62 245
62 247
62 97561
63 3
63 20
63 195
63 173777
63 173779
63 839417
64 244
64 418
64 419
64 421
64 839418
65 3
65 20
65 195
65 2221
65 3410
65 839419
66 9
66 10
66 24
66 26
66 27
66 125535
67 3
67 4
67 5
67 14686
67 14688
67 839420
68 230
68 231
68 232
68 234
68 839421
69 9
69 10
69 11
69 13
69 163
70 99
70 131
70 132
70 133
70 195
70 236
70 237
71 3
71 4
71 195
71 18773
71 20364
71 839422
72 76
72 433
72 434
72 436
72 329473
73 9
73 10
73 24
73 26
73 27
73 839423
74 4
74 5
74 202
74 2294
74 2296
74 740480
75 3
75 4
75 5
75 5469
75 5471
75 839424
76 4
76 5
76 99
76 131
76 132
76 133
76 152
76 329476
77 3
77 4
77 5
77 504
77 14984
77 839425
78 9
78 10
78 24
78 26
78 27
78 839426
79 4
79 5
79 99
79 133
79 175
79 176
79 178
79 219974
80 4
80 5
80 202
80 795
80 8936
80 839427
81 3
81 4
81 5
81 55291
81 55294
81 402940
82 76
82 413
82 414
82 416
82 839428
83 76
83 137
83 138
83 140
83 732441
84 67
84 37445
84 135367
84 171893
84 173220
84 839429
85 76
85 185
85 186
85 188
85 839430
86 76
86 433
86 434
86 436
86 329485
87 82
87 758
87 759
87 761
87 839431
88 5
88 84
88 93
88 121
88 703
88 707
88 4621
88 28096
88 839432
89 4
89 5
89 99
89 133
89 175
89 176
89 178
89 839433
90 4
90 5
90 67
90 55291
90 55294
90 305845
91 4
91 5
91 202
91 29679
91 29681
91 839434
92 3
92 5
92 20
92 6634
92 6636
92 839435
93 67
93 601
93 603
93 1197
93 839436
94 51
94 195
94 2686
94 15391
94 839437
95 1458
95 2717
95 4052
95 4054
95 839438
96 67
96 601
96 603
96 1197
96 839439
97 67
97 605
97 607
97 1199
97 839440
98 243
98 244
98 245
98 247
98 9549
99 82
99 758
99 759
99 761
99 740493
100 5
100 84
100 90
100 93
100 121
100 4067
100 4621
100 45067
100 168148
100 839441
101 99
101 131
101 132
101 133
101 195
101 237
101 839442
102 3
102 20
102 195
102 28129
102 131874
102 131876
102 839443
103 243
103 244
103 245
103 247
103 365591
104 99
104 131
104 132
104 133
104 195
104 237
104 839444
105 3
105 20
105 195
105 28129
105 134476
105 168151
105 168153
105 168154
106 9
106 10
106 11
106 13
106 839445
107 5
107 27
107 99
107 131
107 132
107 133
107 135
107 839446
108 5
108 20
108 202
108 17683
108 47027
108 839447
109 5
109 20
109 67
109 458
109 1692
109 3213
109 69867
109 167933
109 839448
110 660
110 976
110 979
110 1458
110 839449
111 944
111 945
111 946
111 948
111 839450
112 99
112 131
112 132
112 133
112 195
112 237
112 839451
113 3
113 20
113 195
113 28129
113 131874
113 131876
113 839452
114 243
114 244
114 245
114 247
114 97614
115 4
115 5
115 99
115 133
115 175
115 176
115 178
115 839453
116 3
116 4
116 5
116 6046
116 6048
116 839454
117 230
117 231
117 232
117 234
117 839455
118 9
118 10
118 11
118 13
118 163
119 99
119 131
119 132
119 133
119 195
119 236
119 237
120 3
120 20
120 195
120 28129
120 168151
120 168153
120 168154
120 839456
121 76
121 413
121 414
121 416
121 52738
122 3
122 20
122 195
122 2221
122 3410
122 839457
123 158
123 159
123 160
123 162
123 672338
124 9
124 10
124 11
124 13
124 163
125 5
125 20
125 99
125 131
125 132
125 133
125 165
125 166
126 5
126 20
126 202
126 1718
126 57849
126 839458
127 3
127 5
127 20
127 15215
127 65093
127 131674
127 839459
128 5
128 20
128 202
128 173833
128 173835
128 839460
129 76
129 433
129 434
129 436
129 220017
130 9
130 10
130 11
130 13
130 839461
131 5
131 27
131 99
131 131
131 132
131 133
131 135
131 839462
132 5
132 67
132 55291
132 55294
132 839463
133 51
133 195
133 14053
133 171406
133 171408
133 839464
134 71
134 76
134 190
134 191
134 839465
seqId 219
1 4
1 5
1 99
1 131
1 132
1 133
1 811
1 839466
2 4
2 5
2 202
2 795
2 8936
2 839467
3 4
3 5
3 67
3 55291
3 55294
3 839468
4 5
4 84
4 90
4 91
4 93
4 121
4 29681
4 104638
4 839469
5 3
5 5
5 20
5 6634
5 6636
5 839470
6 82
6 758
6 759
6 761
6 839471
7 5
7 84
7 91
7 92
7 93
7 703
7 707
7 16563
7 839472
8 4
8 5
8 90
8 122
8 708
8 712
8 713
8 715
8 40323
9 10
9 146
9 149
9 1539
9 464661
10 90
10 443
10 1334
10 8849
10 357213
11 158
11 159
11 160
11 162
11 97645
12 9
12 10
12 11
12 13
12 163
13 5
13 20
13 99
13 131
13 132
13 133
13 165
13 166
14 5
14 20
14 67
14 458
14 1692
14 3213
14 69867
14 167933
14 839473
15 243
15 244
15 245
15 247
15 839474
16 9
16 10
16 11
16 13
16 839475
17 5
17 27
17 99
17 131
17 132
17 133
17 135
17 839476
18 5
18 67
18 55291
18 55294
18 839477
19 51
19 195
19 14053
19 171406
19 171408
19 839478
20 76
20 413
20 414
20 416
20 839479
21 67
21 37445
21 135367
21 171893
21 173220
21 839480
22 76
22 433
22 434
22 436
22 839481
23 76
23 342
23 343
23 345
23 839482
24 5
24 84
24 91
24 92
24 93
24 703
24 707
24 16563
24 427344
25 4
25 5
25 202
25 3303
25 3305
25 839483
26 9
26 10
26 24
26 26
26 27
26 839484
27 4
27 5
27 51
27 175
27 178
27 839485
28 3
28 4
28 5
28 13876
28 13878
28 839486
29 9
29 10
29 11
29 13
29 602442
30 3
30 20
30 195
30 2034
30 3403
30 839487
31 71
31 76
31 190
31 191
31 839488
seqId 220
1 4
1 5
1 82
1 83
1 84
1 115
1 763
1 4750
1 839489
2 5
2 84
2 90
2 91
2 92
2 93
2 96
2 115660
2 115662
2 839490
3 4
3 5
3 99
3 131
3 132
3 133
3 152
3 839491
4 3
4 4
4 5
4 1913
4 1915
4 839492
5 5
5 20
5 72
5 202
5 1104
5 1104
5 15065
5 49846
5 112889
5 155350
5 173872
5 839493
6 3
6 20
6 118
6 195
6 26534
6 839494
7 71
7 76
7 190
7 191
7 62502
seqId 221
1 4
1 5
1 99
1 133
1 175
1 176
1 5129
1 839495
2 4
2 5
2 202
2 6111
2 151303
2 464681
3 3
3 4
3 5
3 24032
3 24034
3 839496
4 4
4 5
4 202
4 168252
4 168254
4 839497
5 5
5 84
5 91
5 93
5 121
5 703
5 707
5 956
5 134534
6 10
6 146
6 149
6 1539
6 740559
7 4
7 5
7 99
7 131
7 132
7 133
7 152
7 386203
8 3
8 4
8 5
8 3725
8 3727
8 839498
9 5
9 20
9 99
9 133
9 175
9 176
9 1316
9 52871
10 3
10 5
10 20
10 116670
10 116672
10 839499
11 9
11 10
11 11
11 13
11 403019
12 3
12 4
12 5
12 64972
12 64974
12 839500
13 243
13 244
13 245
13 247
13 348754
14 4
14 5
14 99
14 133
14 175
14 176
14 178
14 839501
15 3
15 4
15 5
15 8152
15 9005
15 220076
16 9
16 10
16 24
16 26
16 27
16 839502
17 3
17 4
17 5
17 46763
17 46765
17 839503
18 76
18 342
18 343
18 345
18 464693
19 4
19 5
19 99
19 131
19 132
19 133
19 152
19 40373
20 4
20 5
20 202
20 795
20 8936
20 839504
21 3
21 4
21 5
21 642
21 23331
21 348759
22 5
22 84
22 90
22 93
22 121
22 702
22 4621
22 124723
22 348760
23 660
23 976
23 977
23 979
23 173897
24 4
24 5
24 202
24 1377
24 12034
24 839505
25 4
25 5
25 99
25 115
25 773
25 774
25 775
25 776
25 3330
25 220084
26 3
26 4
26 5
26 4420
26 4422
26 839506
27 717
27 718
27 719
27 721
27 753860
28 10
28 146
28 147
28 149
28 722
29 5
29 20
29 99
29 131
29 132
29 133
29 165
29 166
30 3
30 5
30 20
30 1325
30 1327
30 839507
31 158
31 159
31 160
31 162
31 839508
32 9
32 10
32 11
32 13
32 163
33 5
33 20
33 99
33 131
33 132
33 133
33 165
33 166
34 3
34 5
34 20
34 5018
34 5020
34 839509
35 9
35 10
35 11
35 13
35 386218
36 4
36 5
36 99
36 131
36 132
36 133
36 152
36 52896
37 3
37 4
37 5
37 15
37 17
37 839510
38 10
38 109
38 110
38 112
38 357258
39 3
39 4
39 5
39 14686
39 14688
39 839511
40 4
40 5
40 202
40 168118
40 168120
40 839512
41 243
41 244
41 245
41 247
41 365689
42 4
42 5
42 202
42 140235
42 144993
42 839513
43 71
43 76
43 190
43 191
43 357262
seqId 222
1 5
1 27
1 99
1 131
1 132
1 133
1 699
1 839514
2 3
2 5
2 20
2 7259
2 7261
2 839515
3 5
3 20
3 202
3 302
3 304
3 839516
4 158
4 159
4 160
4 162
4 52909
5 9
5 10
5 11
5 13
5 163
6 5
6 20
6 99
6 131
6 132
6 133
6 165
6 166
7 3
7 5
7 20
7 429
7 431
7 839517
8 660
8 661
8 910
8 1234
8 52911
9 5
9 84
9 90
9 91
9 93
9 121
9 3777
9 4766
9 839518
10 660
10 661
10 1240
10 1242
10 220097
11 5
11 13
11 99
11 133
11 175
11 176
11 220098
12 3
12 5
12 20
12 2412
12 2414
12 839519
13 76
13 413
13 414
13 416
13 191542
14 5
14 20
14 99
14 131
14 132
14 133
14 166
14 740589
15 3
15 5
15 20
15 3118
15 3120
15 839520
16 51
16 195
16 4934
16 4936
16 839521
17 5
17 84
17 91
17 93
17 121
17 703
17 707
17 956
17 839522
18 660
18 4238
18 4239
18 4241
18 839523
19 5
19 20
19 90
19 122
19 708
19 713
19 4243
19 8467
19 839524
20 10
20 146
20 147
20 149
20 839525
21 5
21 27
21 99
21 131
21 132
21 133
21 135
21 839526
22 3
22 4
22 5
22 512
22 11667
22 58712
22 58714
22 839527
23 158
23 159
23 160
23 162
23 134585
24 9
24 10
24 11
24 13
24 163
25 5
25 20
25 99
25 131
25 132
25 133
25 165
25 166
26 3
26 5
26 20
26 429
26 431
26 612450
27 5
27 20
27 202
27 302
27 304
27 839528
28 76
28 433
28 434
28 436
28 839529
29 76
29 342
29 343
29 345
29 839530
30 243
30 244
30 245
30 247
30 403072
31 4
31 5
31 99
31 115
31 773
31 774
31 775
31 776
31 3330
31 839531
32 3
32 4
32 5
32 22519
32 22521
32 839532
33 27
33 660
33 661
33 910
33 912
33 839533
34 5
34 84
34 90
34 93
34 121
34 4067
34 4621
34 53867
34 67304
34 839534
35 660
35 661
35 1240
35 1242
35 40420
36 10
36 828
36 831
36 1539
36 839535
37 660
37 2210
37 2211
37 2213
37 839536
38 99
38 131
38 132
38 133
38 195
38 237
38 329637
39 3
39 20
39 195
39 2034
39 3403
39 839537
40 158
40 159
40 160
40 162
40 464735
41 9
41 10
41 11
41 13
41 163
42 5
42 20
42 99
42 131
42 132
42 133
42 165
42 166
43 3
43 5
43 20
43 56527
43 56529
43 839538
44 9
44 10
44 24
44 26
44 27
44 612461
45 3
45 4
45 5
45 14686
45 14688
45 839539
46 9
46 10
46 11
46 13
46 464738
47 90
47 443
47 28710
47 29094
47 839540
48 10
48 146
48 147
48 149
48 40429
49 90
49 443
49 31304
49 31306
49 839541
50 660
50 3394
50 3396
50 62524
50 839542
51 243
51 244
51 245
51 247
51 403091
52 10
52 146
52 147
52 149
52 839543
53 90
53 443
53 3686
53 3688
53 672444
54 3
54 5
54 20
54 3394
54 3396
54 839544
55 99
55 133
55 175
55 176
55 195
55 234
55 839545
56 3
56 20
56 195
56 429
56 4265
56 839546
57 20
57 195
57 202
57 340
57 54437
57 112033
57 149382
57 172180
57 839547
58 27
58 118
58 945
58 2473
58 12602
58 839548
59 20
59 82
59 83
59 84
59 115
59 195
59 1824
59 1826
59 672449
60 5
60 20
60 82
60 83
60 84
60 115
60 166
60 763
60 9822
61 84
61 90
61 91
61 93
61 121
61 195
61 9966
61 29966
61 839549
62 76
62 342
62 343
62 345
62 464754
63 945
63 7958
63 20878
63 20880
63 464755
64 99
64 131
64 132
64 133
64 195
64 237
64 403104
65 3
65 4
65 195
65 340
65 5256
65 5258
65 839550
66 10
66 1605
66 1606
66 1608
66 839551
67 3
67 20
67 195
67 4434
67 14602
67 839552
68 84
68 91
68 93
68 121
68 195
68 703
68 707
68 1858
68 839553
69 10
69 828
69 831
69 1539
69 839554
70 660
70 2210
70 2211
70 2213
70 839555
71 4
71 90
71 122
71 195
71 708
71 713
71 2787
71 37601
71 129442
71 839556
72 71
72 76
72 190
72 191
72 839557
seqId 223
1 5
1 20
1 98
1 99
1 100
1 8099
1 839558
2 3
2 5
2 20
2 429
2 431
2 839559
3 27
3 82
3 84
3 114
3 115
3 116
3 118
3 9843
4 5
4 84
4 90
4 91
4 93
4 121
4 4258
4 4469
4 386307
5 5
5 20
5 82
5 84
5 115
5 763
5 765
5 1262
5 9846
6 660
6 1622
6 1623
6 1625
6 386308
7 10
7 283
7 284
7 286
7 839560
8 4
8 5
8 99
8 131
8 132
8 133
8 152
8 839561
9 3
9 4
9 5
9 16756
9 16758
9 839562
10 9
10 10
10 11
10 13
10 839563
11 4
11 5
11 99
11 131
11 132
11 133
11 152
11 839564
12 4
12 5
12 67
12 5583
12 5585
12 5586
12 839565
13 67
13 601
13 603
13 1197
13 839566
14 67
14 340
14 23042
14 34203
14 34205
14 839567
15 243
15 244
15 245
15 247
15 839568
16 99
16 133
16 175
16 176
16 195
16 234
16 839569
17 20
17 195
17 202
17 38807
17 144827
17 839570
18 3
18 20
18 195
18 429
18 4265
18 40479
19 20
19 90
19 122
19 195
19 708
19 713
19 4379
19 25478
19 839571
20 10
20 828
20 829
20 831
20 9866
21 4
21 5
21 98
21 99
21 100
21 1927
21 839572
22 4
22 5
22 67
22 5583
22 5585
22 5586
22 839573
23 71
23 76
23 190
23 191
23 839574
seqId 224
1 99
1 131
1 132
1 133
1 195
1 1220
1 839575
2 3
2 20
2 195
2 2217
2 8955
2 839576
3 660
3 26477
3 26478
3 26480
3 839577
4 3
4 20
4 195
4 2034
4 3403
4 839578
5 9
5 10
5 11
5 13
5 839579
6 5
6 27
6 99
6 131
6 132
6 133
6 135
6 839580
7 5
7 67
7 55291
7 55294
7 839581
8 51
8 195
8 14053
8 171406
8 171408
8 839582
9 243
9 244
9 245
9 247
9 357355
10 82
10 758
10 759
10 761
10 839583
11 660
11 661
11 910
11 1234
11 403139
12 84
12 90
12 91
12 92
12 93
12 195
12 2257
12 13153
12 16983
12 49770
12 174007
12 839584
13 244
13 517
13 10253
13 10254
13 839585
14 67
14 3213
14 38010
14 48974
14 173009
14 173010
14 173012
14 839586
15 244
15 517
15 10253
15 10254
15 839587
16 67
16 37445
16 135367
16 171893
16 173220
16 839588
17 84
17 91
17 93
17 121
17 195
17 702
17 703
17 1062
17 839589
18 9
18 10
18 26
18 27
18 1539
18 125755
19 660
19 3557
19 3559
19 23175
19 839590
20 243
20 244
20 245
20 247
20 839591
21 660
21 1305
21 1306
21 1308
21 403147
22 5
22 20
22 90
22 122
22 708
22 769
22 16502
22 21103
22 403148
23 9
23 10
23 11
23 13
23 464805
24 90
24 443
24 2257
24 2259
24 839592
25 26
25 27
25 99
25 133
25 175
25 176
25 195
25 839593
26 4
26 195
26 202
26 2294
26 3837
26 839594
27 3
27 4
27 195
27 642
27 644
27 839595
28 76
28 413
28 414
28 416
28 839596
29 67
29 4815
29 47596
29 141901
29 141903
29 174023
29 839597
30 76
30 342
30 343
30 345
30 174027
31 67
31 3206
31 47596
31 172438
31 172439
31 172441
31 839598
32 76
32 342
32 343
32 345
32 839599
33 3
33 5
33 20
33 33141
33 104336
33 174028
33 839600
34 76
34 433
34 434
34 436
34 839601
35 71
35 76
35 190
35 191
35 839602
seqId 225
1 5
1 20
1 99
1 133
1 175
1 176
1 9647
1 9913
2 3
2 5
2 20
2 12983
2 12985
2 839603
3 5
3 84
3 90
3 91
3 93
3 121
3 3360
3 5608
3 839604
4 660
4 9011
4 9012
4 9014
4 839605
5 443
5 703
5 707
5 2086
5 839606
6 20
6 90
6 122
6 708
6 713
6 1064
6 1066
6 839607
7 10
7 109
7 110
7 112
7 839608
8 3
8 5
8 20
8 10695
8 10697
8 220222
9 10
9 109
9 110
9 112
9 125777
10 4
10 5
10 85
10 99
10 1377
10 12034
10 839609
11 3
11 4
11 5
11 174043
11 174045
11 839610
12 75
12 76
12 77
12 79
12 839611
13 4
13 5
13 99
13 131
13 132
13 133
13 152
13 839612
14 3
14 4
14 5
14 9853
14 9855
14 357390
15 10
15 146
15 147
15 149
15 839613
16 67
16 601
16 603
16 1197
16 839614
17 51
17 195
17 2686
17 15391
17 839615
18 9
18 10
18 24
18 26
18 27
18 839616
19 4
19 5
19 99
19 133
19 175
19 176
19 178
19 839617
20 4
20 5
20 67
20 6030
20 6032
20 839618
21 76
21 413
21 414
21 416
21 839619
22 67
22 4815
22 47596
22 141901
22 141903
22 174023
22 839620
23 76
23 433
23 434
23 436
23 839621
24 4
24 5
24 202
24 27620
24 27860
24 839622
25 9
25 10
25 24
25 26
25 27
25 839623
26 90
26 443
26 9069
26 9071
26 464830
27 99
27 133
27 175
27 176
27 195
27 234
27 839624
28 3
28 20
28 195
28 2217
28 8955
28 839625
29 20
29 195
29 202
29 28129
29 131874
29 131876
29 839626
30 9
30 10
30 11
30 13
30 839627
31 67
31 601
31 603
31 1197
31 839628
32 51
32 195
32 2686
32 15391
32 839629
33 2822
33 2823
33 2824
33 2826
33 125798
34 10
34 146
34 147
34 149
34 722
35 99
35 131
35 132
35 133
35 195
35 236
35 237
36 3
36 20
36 195
36 174069
36 174071
36 839630
37 158
37 159
37 160
37 162
37 502258
38 9
38 10
38 11
38 13
38 163
39 5
39 20
39 99
39 131
39 132
39 133
39 165
39 166
40 5
40 20
40 67
40 37445
40 135367
40 171893
40 839631
41 5
41 84
41 90
41 93
41 121
41 2081
41 4621
41 10555
41 839632
42 10
42 146
42 149
42 1539
42 529778
43 5
43 20
43 202
43 795
43 797
43 839633
44 90
44 443
44 3744
44 174079
44 839634
45 4
45 5
45 99
45 133
45 175
45 176
45 178
45 612576
46 3
46 4
46 5
46 16756
46 16758
46 740718
47 4
47 5
47 202
47 3515
47 13931
47 174083
47 174085
47 839635
48 243
48 244
48 245
48 247
48 839636
49 90
49 443
49 1345
49 9933
49 839637
50 10
50 109
50 110
50 112
50 839638
51 3
51 5
51 20
51 174090
51 174092
51 839639
52 5
52 27
52 99
52 131
52 132
52 133
52 135
52 602623
53 3
53 5
53 20
53 29331
53 29333
53 602624
54 10
54 1605
54 1606
54 1608
54 306122
55 99
55 131
55 132
55 133
55 195
55 237
55 839640
56 3
56 20
56 195
56 522
56 545
56 839641
57 717
57 718
57 719
57 721
57 9988
58 10
58 146
58 147
58 149
58 722
59 5
59 20
59 99
59 131
59 132
59 133
59 165
59 166
60 3
60 5
60 20
60 1325
60 1327
60 839642
61 9
61 10
61 11
61 13
61 839643
62 4
62 5
62 98
62 99
62 100
62 1927
62 839644
63 4
63 5
63 202
63 38807
63 135535
63 529800
64 3
64 4
64 5
64 642
64 23331
64 839645
65 71
65 76
65 190
65 191
65 839646
seqId 226
1 4
1 5
1 99
1 131
1 132
1 133
1 811
1 529802
2 3
2 4
2 5
2 64972
2 64974
2 839647
3 158
3 159
3 160
3 162
3 839648
4 9
4 10
4 11
4 13
4 163
5 5
5 20
5 99
5 131
5 132
5 133
5 165
5 166
6 3
6 5
6 20
6 429
6 431
6 839649
7 243
7 244
7 245
7 247
7 348950
8 5
8 20
8 99
8 131
8 132
8 133
8 166
8 97921
9 3
9 5
9 20
9 2985
9 2987
9 839650
10 230
10 231
10 232
10 234
10 839651
11 9
11 10
11 11
11 13
11 163
12 99
12 131
12 132
12 133
12 195
12 236
12 237
13 3
13 20
13 195
13 522
13 545
13 839652
14 84
14 90
14 91
14 93
14 121
14 195
14 3360
14 23413
14 839653
15 90
15 443
15 2333
15 3366
15 839654
16 9
16 10
16 11
16 13
16 839655
17 90
17 443
17 32157
17 32159
17 839656
18 244
18 418
18 419
18 421
18 386413
19 9
19 10
19 24
19 26
19 27
19 839657
20 90
20 443
20 174117
20 174119
20 839658
21 5
21 20
21 98
21 99
21 100
21 102
21 839659
22 3
22 5
22 20
22 12983
22 12985
22 839660
23 71
23 76
23 190
23 191
23 839661
seqId 227
1 51
1 52
1 2054
1 2056
1 365923
2 71
2 76
2 190
2 191
2 816979
seqId 228
1 3
1 5
1 20
1 4038
1 4040
1 348969
2 5
2 20
2 202
2 302
2 304
2 839662
3 230
3 231
3 232
3 234
3 839663
4 9
4 10
4 11
4 13
4 163
5 99
5 131
5 132
5 133
5 195
5 236
5 237
6 20
6 195
6 202
6 38807
6 144827
6 839664
7 3
7 20
7 195
7 2034
7 3403
7 839665
8 158
8 159
8 160
8 162
8 839666
9 9
9 10
9 11
9 13
9 163
10 5
10 20
10 99
10 131
10 132
10 133
10 165
10 166
11 5
11 20
11 67
11 37445
11 135367
11 171893
11 839667
12 20
12 195
12 202
12 7185
12 18153
12 839668
13 9
13 10
13 11
13 13
13 357461
14 5
14 27
14 99
14 131
14 132
14 133
14 135
14 839669
15 5
15 67
15 55291
15 55294
15 839670
16 51
16 195
16 14053
16 171406
16 171408
16 839671
seqId 229
1 5
1 20
1 98
1 99
1 100
1 8099
1 306161
2 3
2 5
2 20
2 4038
2 15485
2 839672
3 5
3 20
3 202
3 302
3 304
3 839673
4 5
4 84
4 90
4 91
4 93
4 121
4 7704
4 30340
4 839674
5 75
5 76
5 77
5 79
5 839675
seqId 230
1 76
1 592
1 593
1 595
1 839676
2 4
2 5
2 67
2 452
2 15151
2 839677
3 67
3 22578
3 48213
3 174143
3 174144
3 174146
3 839678
4 76
4 413
4 414
4 416
4 839679
5 67
5 9490
5 47543
5 47544
5 47546
5 839680
6 76
6 342
6 343
6 345
6 839681
7 3
7 4
7 5
7 14686
7 49719
7 839682
8 5
8 202
8 140235
8 174153
8 839683
9 76
9 433
9 434
9 436
9 839684
seqId 231
1 76
1 592
1 593
1 595
1 464900
2 5
2 20
2 67
2 174157
2 174159
2 839685
3 67
3 407
3 174161
3 174162
3 174164
3 839686
4 76
4 413
4 414
4 416
4 10083
5 67
5 9490
5 47543
5 47544
5 47546
5 839687
6 76
6 342
6 343
6 345
6 464903
7 3
7 4
7 5
7 14686
7 49719
7 839688
8 4
8 5
8 202
8 1104
8 105318
8 168118
8 174171
8 174172
8 839689
9 76
9 433
9 434
9 436
9 839690
seqId 232
1 76
1 592
1 593
1 595
1 612638
2 5
2 20
2 67
2 174176
2 174178
2 839691
3 36
3 67
3 120146
3 174180
3 174181
3 174183
3 174184
3 839692
4 76
4 342
4 343
4 345
4 839693
5 76
5 413
5 414
5 416
5 839694
6 67
6 9490
6 47543
6 47544
6 47546
6 839695
7 76
7 342
7 343
7 345
7 839696
8 3
8 4
8 5
8 14686
8 49719
8 839697
9 4
9 5
9 202
9 1104
9 105318
9 168118
9 174171
9 174172
9 839698
10 76
10 433
10 434
10 436
10 839699
seqId 233
1 76
1 592
1 593
1 595
1 839700
2 5
2 20
2 67
2 174176
2 174178
2 839701
3 67
3 18319
3 174195
3 174196
3 174198
3 174199
3 839702
4 76
4 413
4 414
4 416
4 839703
5 67
5 47536
5 47537
5 47539
5 839704
6 76
6 342
6 343
6 345
6 839705
7 244
7 19444
7 19445
7 19447
7 839706
8 67
8 4586
8 64167
8 64169
8 174203
8 839707
9 10
9 146
9 149
9 1539
9 839708
10 90
10 443
10 1334
10 8849
10 839709
11 9
11 10
11 11
11 13
11 10111
12 3
12 5
12 20
12 1875
12 1877
12 839710
13 3
13 5
13 20
13 2202
13 2204
13 839711
14 51
14 52
14 4167
14 4169
14 839712
15 76
15 342
15 343
15 345
15 839713
16 3
16 4
16 5
16 14686
16 49719
16 839714
17 5
17 202
17 140235
17 174153
17 839715
18 76
18 433
18 434
18 436
18 839716
seqId 234
1 76
1 592
1 593
1 595
1 98009
2 67
2 72
2 51485
2 51486
2 51488
2 51489
2 839717
3 42
3 67
3 24197
3 174217
3 174218
3 174220
3 839718
4 76
4 413
4 414
4 416
4 839719
5 3
5 47536
5 47537
5 47539
5 839720
6 76
6 342
6 343
6 345
6 839721
7 3
7 4
7 5
7 14686
7 49719
7 839722
8 5
8 202
8 140235
8 174153
8 839723
9 76
9 433
9 434
9 436
9 839724
seqId 235
1 76
1 592
1 593
1 595
1 839725
2 5
2 20
2 67
2 136357
2 136360
2 839726
3 67
3 699
3 67597
3 124251
3 174229
3 174230
3 174232
3 839727
4 76
4 413
4 414
4 416
4 839728
5 67
5 9490
5 47543
5 47544
5 47546
5 839729
6 76
6 342
6 343
6 345
6 839730
7 3
7 4
7 5
7 14686
7 49719
7 839731
8 5
8 202
8 140235
8 174153
8 839732
9 76
9 433
9 434
9 436
9 839733
seqId 236
1 5
1 20
1 99
1 131
1 132
1 133
1 967
1 98034
2 3
2 5
2 20
2 429
2 431
2 839734
3 9
3 10
3 11
3 13
3 502363
4 5
4 27
4 99
4 131
4 132
4 133
4 135
4 839735
5 5
5 67
5 55291
5 55294
5 839736
6 76
6 342
6 343
6 345
6 612683
7 5
7 20
7 90
7 122
7 708
7 713
7 16983
7 97413
7 97414
7 839737
8 10
8 109
8 110
8 112
8 10152
9 3
9 5
9 20
9 2202
9 2204
9 839738
10 51
10 195
10 4162
10 4164
10 839739
11 76
11 342
11 343
11 345
11 839740
12 82
12 84
12 114
12 115
12 116
12 1361
12 839741
13 5
13 84
13 90
13 91
13 93
13 914
13 4067
13 4148
13 174253
13 839742
14 10
14 109
14 110
14 112
14 839743
15 51
15 195
15 1501
15 1503
15 839744
16 3
16 20
16 195
16 2320
16 16794
16 839745
17 20
17 195
17 202
17 3501
17 23034
17 839746
18 243
18 244
18 245
18 247
18 349064
19 5
19 20
19 99
19 133
19 175
19 176
19 1316
19 839747
20 3
20 5
20 20
20 2320
20 2322
20 602712
21 5
21 20
21 202
21 4736
21 33765
21 839748
22 5
22 20
22 202
22 15231
22 54358
22 108916
22 839749
23 75
23 76
23 77
23 79
23 839750
seqId 237
1 71
1 509
1 3204
1 3206
1 24193
1 191940
2 3
2 4
2 5
2 14686
2 49719
2 839751
3 158
3 159
3 160
3 162
3 98055
4 9
4 10
4 11
4 13
4 163
5 5
5 20
5 99
5 131
5 132
5 133
5 165
5 166
6 3
6 5
6 20
6 3199
6 5132
6 839752
7 243
7 244
7 245
7 247
7 732856
8 230
8 231
8 232
8 234
8 839753
9 9
9 10
9 11
9 13
9 163
10 99
10 131
10 132
10 133
10 195
10 236
10 237
11 3
11 20
11 195
11 2081
11 36474
11 839754
12 76
12 413
12 414
12 416
12 839755
13 67
13 71
13 407
13 18660
13 18661
13 839756
14 67
14 967
14 142509
14 142510
14 839757
15 67
15 24371
15 57211
15 174272
15 174273
15 839758
16 76
16 342
16 343
16 345
16 779912
17 67
17 71
17 71
17 72
17 1026
17 4586
17 138233
17 138234
17 839759
18 67
18 5422
18 49269
18 174278
18 174279
18 174281
18 174282
18 839760
19 76
19 342
19 343
19 345
19 839761
20 67
20 71
20 407
20 18660
20 18661
20 839762
21 67
21 967
21 158385
21 174286
21 174287
21 174289
21 839763
22 76
22 433
22 434
22 436
22 839764
seqId 238
1 71
1 509
1 1026
1 18413
1 18414
1 839765
2 3
2 20
2 195
2 340
2 33358
2 33360
2 839766
3 230
3 231
3 232
3 234
3 839767
4 9
4 10
4 11
4 13
4 163
5 99
5 131
5 132
5 133
5 195
5 236
5 237
6 3
6 20
6 195
6 2081
6 36474
6 839768
7 76
7 342
7 343
7 345
7 839769
8 3
8 20
8 195
8 340
8 148341
8 148343
8 839770
9 230
9 231
9 232
9 234
9 329952
10 9
10 10
10 11
10 13
10 163
11 99
11 131
11 132
11 133
11 195
11 236
11 237
12 3
12 20
12 195
12 2081
12 36474
12 839771
13 76
13 413
13 414
13 416
13 839772
14 67
14 71
14 407
14 18660
14 18661
14 839773
15 67
15 967
15 142509
15 142510
15 839774
16 67
16 24371
16 57211
16 174272
16 174273
16 839775
17 76
17 37695
17 37696
17 37698
17 839776
18 3
18 4
18 5
18 6046
18 6048
18 839777
19 10
19 146
19 147
19 149
19 839778
20 4
20 5
20 99
20 131
20 132
20 133
20 152
20 839779
21 3
21 4
21 5
21 2019
21 2021
21 839780
22 10
22 109
22 110
22 112
22 672641
23 3
23 5
23 20
23 1875
23 1877
23 220436
24 51
24 195
24 4167
24 4169
24 839781
25 76
25 37706
25 37707
25 37709
25 612726
26 76
26 342
26 343
26 345
26 839782
27 67
27 71
27 71
27 72
27 1026
27 4586
27 138233
27 138234
27 839783
28 67
28 5422
28 49269
28 174278
28 174279
28 174281
28 174282
28 839784
29 76
29 342
29 343
29 345
29 839785
30 67
30 71
30 407
30 18660
30 18661
30 839786
31 67
31 967
31 158385
31 174286
31 174287
31 174289
31 839787
32 76
32 433
32 434
32 436
32 839788
33 71
33 76
33 190
33 191
33 839789
seqId 239
1 67
1 71
1 407
1 18660
1 18661
1 839790
2 3
2 20
2 195
2 340
2 494
2 48646
2 172579
2 839791
3 243
3 244
3 245
3 247
3 839792
4 3
4 4
4 195
4 10184
4 10186
4 839793
5 158
5 159
5 160
5 162
5 839794
6 9
6 10
6 11
6 13
6 163
7 5
7 20
7 99
7 131
7 132
7 133
7 165
7 166
8 3
8 5
8 20
8 3199
8 5132
8 839795
9 76
9 413
9 414
9 416
9 839796
10 3
10 5
10 20
10 71
10 9488
10 9490
10 839797
11 67
11 71
11 1026
11 18413
11 18414
11 839798
12 67
12 72
12 857
12 56856
12 172472
12 172473
12 172475
12 172476
12 839799
13 76
13 1267
13 1268
13 1270
13 403341
14 4
14 5
14 90
14 122
14 708
14 713
14 46370
14 46372
14 98117
15 10
15 7340
15 9033
15 9035
15 839800
16 3
16 5
16 20
16 2202
16 2204
16 754142
17 51
17 195
17 4167
17 4169
17 839801
18 10
18 828
18 829
18 831
18 10268
19 67
19 71
19 1725
19 1726
19 1728
19 839802
20 67
20 12747
20 174336
20 174337
20 174339
20 839803
21 76
21 433
21 434
21 436
21 839804
seqId 240
1 51
1 71
1 195
1 4792
1 174342
1 839805
2 3
2 20
2 195
2 340
2 12336
2 55581
2 839806
3 243
3 244
3 245
3 247
3 839807
4 3
4 4
4 195
4 7178
4 7180
4 839808
5 76
5 413
5 414
5 416
5 839809
6 36
6 67
6 71
6 18488
6 18489
6 839810
7 67
7 96
7 174350
7 174351
7 174353
7 839811
8 76
8 433
8 434
8 436
8 839812
seqId 241
1 71
1 509
1 1026
1 10281
1 18413
1 18414
2 3
2 4
2 5
2 14686
2 49719
2 839813
3 230
3 231
3 232
3 234
3 839814
4 9
4 10
4 11
4 13
4 163
5 99
5 131
5 132
5 133
5 195
5 236
5 237
6 3
6 4
6 195
6 313
6 6526
6 839815
7 243
7 244
7 245
7 247
7 839816
8 230
8 231
8 232
8 234
8 529968
9 9
9 10
9 11
9 13
9 163
10 99
10 131
10 132
10 133
10 195
10 236
10 237
11 3
11 4
11 195
11 18773
11 20364
11 839817
12 76
12 413
12 414
12 416
12 839818
13 36
13 67
13 71
13 18488
13 18489
13 839819
14 67
14 96
14 174350
14 174351
14 174353
14 839820
15 76
15 433
15 434
15 436
15 839821
seqId 242
1 71
1 407
1 509
1 18660
1 18661
1 839822
2 3
2 20
2 195
2 340
2 4913
2 135297
2 839823
3 20
3 195
3 202
3 8705
3 8707
3 839824
4 76
4 342
4 343
4 345
4 839825
5 3
5 4
5 5
5 42984
5 42986
5 839826
6 230
6 231
6 232
6 234
6 839827
7 9
7 10
7 11
7 13
7 163
8 99
8 131
8 132
8 133
8 195
8 236
8 237
9 3
9 20
9 195
9 7626
9 7628
9 839828
10 243
10 244
10 245
10 247
10 40788
11 230
11 231
11 232
11 234
11 839829
12 9
12 10
12 11
12 13
12 163
13 99
13 131
13 132
13 133
13 195
13 236
13 237
14 3
14 20
14 195
14 340
14 12336
14 15959
14 839830
15 71
15 76
15 190
15 191
15 839831
seqId 243
1 76
1 413
1 414
1 416
1 839832
2 67
2 71
2 71
2 72
2 9179
2 9577
2 174379
2 174380
2 839833
3 67
3 1186
3 49510
3 58458
3 174383
3 174384
3 839834
4 76
4 433
4 434
4 436
4 839835
seqId 244
1 36
1 71
1 509
1 18488
1 18489
1 63103
2 3
2 4
2 5
2 22751
2 50290
2 142250
2 839836
3 230
3 231
3 232
3 234
3 220501
4 9
4 10
4 11
4 13
4 163
5 99
5 131
5 132
5 133
5 195
5 236
5 237
6 3
6 4
6 195
6 3419
6 3421
6 839837
7 243
7 244
7 245
7 247
7 839838
8 230
8 231
8 232
8 234
8 220505
9 9
9 10
9 11
9 13
9 163
10 99
10 131
10 132
10 133
10 195
10 236
10 237
11 3
11 20
11 195
11 340
11 3768
11 3771
11 724023
12 76
12 413
12 414
12 416
12 839839
13 36
13 67
13 71
13 18488
13 18489
13 839840
14 67
14 147452
14 162716
14 174395
14 174396
14 839841
15 76
15 433
15 434
15 436
15 839842
seqId 245
1 51
1 195
1 26052
1 26054
1 839843
2 71
2 76
2 190
2 191
2 724027
seqId 246
1 5
1 20
1 99
1 133
1 175
1 176
1 9647
1 732947
2 3
2 5
2 20
2 2320
2 2322
2 839844
3 5
3 20
3 202
3 4736
3 33765
3 839845
4 243
4 244
4 245
4 247
4 839846
5 5
5 20
5 202
5 15231
5 54358
5 108916
5 839847
6 75
6 76
6 77
6 79
6 839848
7 99
7 131
7 132
7 133
7 195
7 237
7 839849
8 3
8 20
8 195
8 37928
8 60441
8 839850
9 20
9 195
9 202
9 3199
9 4859
9 839851
10 158
10 159
10 160
10 162
10 403390
11 9
11 10
11 11
11 13
11 163
12 5
12 20
12 99
12 131
12 132
12 133
12 165
12 166
13 3
13 5
13 20
13 32317
13 32319
13 839852
14 76
14 413
14 414
14 416
14 839853
15 67
15 71
15 71
15 72
15 1026
15 4586
15 138233
15 138234
15 839854
16 67
16 5422
16 49269
16 174278
16 174279
16 174281
16 174282
16 839855
17 76
17 342
17 343
17 345
17 126061
18 36
18 67
18 71
18 18488
18 18489
18 839856
19 67
19 4398
19 48274
19 72995
19 171956
19 171957
19 839857
20 76
20 433
20 434
20 436
20 839858
seqId 247
1 5
1 20
1 98
1 99
1 100
1 8099
1 349179
2 5
2 20
2 202
2 15304
2 15306
2 839859
3 3
3 5
3 20
3 2320
3 2322
3 839860
4 5
4 84
4 90
4 91
4 93
4 914
4 4067
4 14730
4 43101
4 839861
5 660
5 1566
5 1567
5 1569
5 839862
6 10
6 146
6 147
6 149
6 465081
7 90
7 443
7 1488
7 57815
7 839863
8 99
8 131
8 132
8 133
8 195
8 237
8 839864
9 3
9 4
9 195
9 6862
9 14459
9 839865
10 4
10 195
10 202
10 3386
10 3523
10 839866
11 230
11 231
11 232
11 234
11 839867
12 9
12 10
12 11
12 13
12 163
13 99
13 131
13 132
13 133
13 195
13 236
13 237
14 3
14 20
14 195
14 1806
14 1808
14 1809
14 1810
14 839868
15 244
15 418
15 419
15 421
15 98211
16 20
16 85
16 99
16 195
16 1951
16 18077
16 839869
17 20
17 195
17 202
17 2294
17 3837
17 839870
18 3
18 20
18 195
18 429
18 4265
18 839871
19 20
19 195
19 202
19 3386
19 3388
19 839872
20 20
20 195
20 202
20 1777
20 33142
20 33765
20 54437
20 839873
21 71
21 76
21 190
21 191
21 839874
seqId 248
1 5
1 20
1 27
1 36
1 82
1 84
1 98
1 100
1 839875
2 5
2 84
2 91
2 93
2 121
2 703
2 707
2 956
2 427785
3 717
3 718
3 719
3 721
3 530027
4 10
4 146
4 147
4 149
4 722
5 5
5 20
5 99
5 131
5 132
5 133
5 165
5 166
6 3
6 5
6 20
6 1325
6 1327
6 839876
7 9
7 10
7 11
7 13
7 839877
8 98
8 99
8 100
8 195
8 2073
8 98224
9 3
9 20
9 195
9 2320
9 16794
9 839878
10 944
10 945
10 946
10 948
10 174442
11 27
11 82
11 84
11 114
11 115
11 116
11 118
11 192096
12 5
12 84
12 91
12 93
12 121
12 703
12 707
12 956
12 839879
13 4
13 5
13 90
13 122
13 708
13 769
13 23821
13 23823
13 839880
14 5
14 27
14 99
14 131
14 132
14 133
14 135
14 839881
15 3
15 4
15 5
15 897
15 899
15 839882
16 230
16 231
16 232
16 234
16 839883
17 9
17 10
17 11
17 13
17 163
18 99
18 131
18 132
18 133
18 195
18 236
18 237
19 20
19 195
19 202
19 38807
19 144827
19 839884
20 3
20 20
20 195
20 2034
20 3403
20 502502
21 158
21 159
21 160
21 162
21 839885
22 9
22 10
22 11
22 13
22 163
23 5
23 20
23 99
23 131
23 132
23 133
23 165
23 166
24 5
24 20
24 67
24 37445
24 174451
24 174453
24 839886
seqId 249
1 3
1 5
1 20
1 1026
1 1104
1 9565
1 28544
1 427796
2 71
2 509
2 3204
2 3206
2 24193
2 366181
3 3
3 4
3 5
3 14686
3 49719
3 839887
4 158
4 159
4 160
4 162
4 135033
5 9
5 10
5 11
5 13
5 163
6 5
6 20
6 99
6 131
6 132
6 133
6 165
6 166
7 3
7 5
7 20
7 3199
7 5132
7 839888
8 243
8 244
8 245
8 247
8 357683
9 230
9 231
9 232
9 234
9 403438
10 9
10 10
10 11
10 13
10 163
11 99
11 131
11 132
11 133
11 195
11 236
11 237
12 3
12 20
12 195
12 2081
12 36474
12 839889
seqId 250
1 67
1 17546
1 17548
1 174460
1 839890
2 71
2 76
2 190
2 191
2 839891
seqId 251
1 3
1 20
1 195
1 340
1 33358
1 33360
1 386641
2 230
2 231
2 232
2 234
2 839892
3 9
3 10
3 11
3 13
3 163
4 99
4 131
4 132
4 133
4 195
4 236
4 237
5 3
5 20
5 195
5 2081
5 36474
5 839893
6 76
6 342
6 343
6 345
6 839894
7 3
7 20
7 195
7 340
7 148341
7 148343
7 839895
8 230
8 231
8 232
8 234
8 98253
9 9
9 10
9 11
9 13
9 163
10 99
10 131
10 132
10 133
10 195
10 236
10 237
11 3
11 20
11 195
11 2081
11 36474
11 839896
seqId 252
1 5
1 20
1 98
1 99
1 100
1 4215
1 839897
2 3
2 5
2 20
2 2320
2 2322
2 174473
3 27
3 82
3 84
3 114
3 115
3 116
3 118
3 839898
4 5
4 84
4 91
4 93
4 121
4 703
4 707
4 956
4 10452
5 5
5 20
5 90
5 122
5 708
5 768
5 769
5 771
5 839899
6 10
6 378
6 379
6 381
6 754238
7 3
7 5
7 20
7 1650
7 3499
7 839900
8 9
8 10
8 11
8 13
8 740961
9 90
9 443
9 3686
9 3688
9 839901
10 4
10 5
10 99
10 133
10 175
10 176
10 178
10 817202
11 3
11 4
11 5
11 3691
11 3693
11 839902
12 4
12 5
12 202
12 1773
12 26635
12 839903
13 10
13 126
13 127
13 129
13 63213
14 99
14 131
14 132
14 133
14 195
14 237
14 839904
15 3
15 20
15 195
15 5228
15 5230
15 174485
16 10
16 1605
16 1606
16 1608
16 839905
17 5
17 27
17 99
17 131
17 132
17 133
17 135
17 839906
18 3
18 4
18 5
18 36053
18 36055
18 839907
19 230
19 231
19 232
19 234
19 839908
20 9
20 10
20 11
20 13
20 163
21 99
21 131
21 132
21 133
21 195
21 236
21 237
22 3
22 20
22 195
22 2081
22 36474
22 839909
23 243
23 244
23 245
23 247
23 839910
24 5
24 99
24 115
24 773
24 775
24 776
24 2192
24 3593
24 839911
25 3
25 4
25 5
25 2532
25 2534
25 839912
26 10
26 283
26 284
26 286
26 839913
27 5
27 27
27 99
27 131
27 132
27 133
27 135
27 839914
28 3
28 5
28 20
28 33358
28 35385
28 839915
29 76
29 342
29 343
29 345
29 839916
30 243
30 244
30 245
30 247
30 780050
31 10
31 109
31 112
31 1539
31 98282
32 3
32 5
32 20
32 1601
32 1603
32 839917
33 10
33 126
33 127
33 129
33 839918
34 4
34 5
34 99
34 131
34 132
34 133
34 152
34 839919
35 3
35 4
35 5
35 4249
35 4251
35 740983
36 230
36 231
36 232
36 234
36 839920
37 9
37 10
37 11
37 13
37 163
38 99
38 131
38 132
38 133
38 195
38 236
38 237
39 3
39 4
39 195
39 13797
39 39179
39 839921
40 158
40 159
40 160
40 162
40 839922
41 9
41 10
41 11
41 13
41 163
42 5
42 20
42 99
42 131
42 132
42 133
42 165
42 166
43 3
43 5
43 20
43 2081
43 29574
43 839923
44 76
44 2265
44 2266
44 2268
44 839924
45 4
45 195
45 202
45 340
45 141810
45 174510
45 839925
46 76
46 342
46 343
46 345
46 839926
47 4
47 195
47 202
47 340
47 102299
47 174513
47 174515
47 839927
48 76
48 342
48 343
48 345
48 839928
49 4
49 195
49 202
49 340
49 37265
49 149385
49 839929
50 243
50 244
50 245
50 247
50 427849
51 4
51 195
51 202
51 340
51 35841
51 35843
51 839930
52 76
52 2265
52 2266
52 2268
52 754266
53 243
53 244
53 245
53 247
53 839931
54 9
54 10
54 11
54 13
54 839932
55 5
55 99
55 115
55 773
55 775
55 776
55 2192
55 3593
55 53514
56 3
56 4
56 5
56 4851
56 4853
56 839933
57 10
57 109
57 110
57 112
57 386693
58 3
58 4
58 5
58 4406
58 24330
58 839934
59 717
59 718
59 719
59 721
59 839935
60 10
60 146
60 147
60 149
60 722
61 5
61 20
61 99
61 131
61 132
61 133
61 165
61 166
62 3
62 5
62 20
62 1325
62 1327
62 220634
63 9
63 10
63 24
63 26
63 27
63 839936
64 3
64 20
64 195
64 33358
64 34347
64 839937
65 660
65 3768
65 3769
65 3771
65 63248
66 20
66 90
66 122
66 195
66 708
66 713
66 2125
66 174533
66 839938
67 71
67 76
67 190
67 191
67 839939
seqId 253
1 98
1 99
1 100
1 195
1 8870
1 839940
2 3
2 4
2 195
2 21181
2 21183
2 839941
3 84
3 91
3 93
3 121
3 195
3 702
3 703
3 1062
3 839942
4 5
4 20
4 122
4 703
4 707
4 708
4 710
4 839943
5 4
5 90
5 122
5 195
5 708
5 713
5 21928
5 174540
5 839944
6 717
6 718
6 719
6 721
6 386704
7 10
7 146
7 147
7 149
7 722
8 5
8 20
8 99
8 131
8 132
8 133
8 165
8 166
9 3
9 5
9 20
9 1325
9 1327
9 839945
10 158
10 159
10 160
10 162
10 403508
11 9
11 10
11 11
11 13
11 163
12 5
12 20
12 99
12 131
12 132
12 133
12 165
12 166
13 3
13 5
13 20
13 2863
13 2865
13 839946
14 9
14 10
14 24
14 26
14 27
14 839947
15 3
15 4
15 5
15 14686
15 14688
15 839948
16 4
16 5
16 202
16 168118
16 168120
16 366274
17 243
17 244
17 245
17 247
17 754283
18 4
18 5
18 202
18 140235
18 144993
18 839949
19 9
19 10
19 11
19 13
19 839950
20 5
20 27
20 99
20 131
20 132
20 133
20 135
20 839951
21 5
21 67
21 55291
21 55294
21 839952
22 51
22 195
22 14053
22 171406
22 171408
22 839953
23 76
23 342
23 343
23 345
23 135121
24 5
24 20
24 72
24 90
24 122
24 708
24 713
24 5390
24 113792
24 113794
24 839954
25 660
25 6695
25 6696
25 6698
25 192199
26 10
26 828
26 829
26 831
26 192200
27 67
27 174176
27 174178
27 174555
27 839955
28 67
28 17607
28 162105
28 174558
28 174559
28 839956
29 243
29 244
29 245
29 247
29 839957
30 67
30 72
30 51485
30 51486
30 51488
30 51489
30 839958
31 67
31 1186
31 49510
31 58458
31 174383
31 174384
31 839959
32 71
32 76
32 190
32 191
32 10590
seqId 254
1 5
1 20
1 98
1 99
1 100
1 8099
1 10591
2 3
2 5
2 20
2 2863
2 2865
2 839960
3 5
3 20
3 202
3 906
3 20054
3 174567
3 174569
3 839961
4 76
4 342
4 343
4 345
4 839962
5 5
5 20
5 90
5 122
5 708
5 713
5 3372
5 6990
5 839963
6 10
6 146
6 147
6 149
6 602946
7 5
7 27
7 99
7 131
7 132
7 133
7 135
7 839964
8 3
8 4
8 5
8 2608
8 4490
8 839965
9 4
9 5
9 202
9 9212
9 9214
9 220690
10 9
10 10
10 11
10 13
10 126217
11 3
11 4
11 195
11 6862
11 14459
11 839966
12 9
12 10
12 24
12 26
12 27
12 839967
13 3
13 4
13 195
13 1395
13 1397
13 839968
14 76
14 342
14 343
14 345
14 839969
15 5
15 84
15 90
15 91
15 93
15 121
15 3372
15 6654
15 839970
16 9
16 10
16 11
16 13
16 839971
17 3
17 4
17 5
17 34668
17 36123
17 839972
18 4
18 5
18 202
18 6269
18 10569
18 839973
19 76
19 342
19 343
19 345
19 672829
20 20
20 195
20 202
20 1377
20 5238
20 839974
21 99
21 131
21 132
21 133
21 195
21 237
21 672830
22 3
22 20
22 195
22 6913
22 6915
22 839975
23 76
23 342
23 343
23 345
23 839976
24 3
24 20
24 195
24 28129
24 168151
24 168153
24 168154
24 839977
25 243
25 244
25 245
25 247
25 754311
26 20
26 195
26 202
26 28129
26 131874
26 131876
26 839978
27 158
27 159
27 160
27 162
27 413405
28 9
28 10
28 11
28 13
28 163
29 5
29 20
29 99
29 131
29 132
29 133
29 165
29 166
30 3
30 5
30 20
30 4434
30 4436
30 839979
31 660
31 3261
31 3262
31 3264
31 839980
32 9
32 10
32 24
32 26
32 27
32 839981
33 4
33 5
33 99
33 133
33 175
33 176
33 178
33 330234
34 3
34 4
34 5
34 3691
34 3693
34 839982
35 4
35 5
35 202
35 5335
35 5337
35 839983
36 10
36 126
36 127
36 129
36 754322
37 5
37 20
37 99
37 131
37 132
37 133
37 166
37 839984
38 3
38 5
38 20
38 3199
38 5132
38 839985
39 71
39 76
39 190
39 191
39 403561
seqId 255
1 10
1 109
1 876
1 878
1 839986
2 3
2 5
2 20
2 5228
2 15262
2 839987
3 10
3 1387
3 1388
3 1390
3 839988
4 4
4 5
4 99
4 131
4 132
4 133
4 152
4 403564
5 3
5 4
5 5
5 174606
5 174608
5 839989
6 9
6 10
6 11
6 13
6 839990
7 67
7 72
7 6363
7 135196
7 140864
7 140865
7 839991
8 76
8 342
8 343
8 345
8 672848
9 5
9 20
9 81
9 82
9 83
9 84
9 85
9 87
9 839992
10 82
10 83
10 84
10 115
10 5729
10 5731
10 839993
11 5
11 84
11 91
11 93
11 121
11 702
11 703
11 705
11 741061
12 660
12 1377
12 6485
12 6487
12 839994
13 9
13 10
13 26
13 27
13 1539
13 839995
14 3
14 5
14 20
14 7120
14 7122
14 839996
15 5
15 20
15 90
15 122
15 708
15 769
15 31304
15 58651
15 839997
16 10
16 126
16 127
16 129
16 98421
17 4
17 5
17 99
17 131
17 132
17 133
17 152
17 839998
18 3
18 4
18 5
18 52510
18 52512
18 403576
19 230
19 231
19 232
19 234
19 839999
20 9
20 10
20 11
20 13
20 163
21 99
21 131
21 132
21 133
21 195
21 236
21 237
22 3
22 20
22 195
22 174622
22 174624
22 840000
23 76
23 342
23 343
23 345
23 840001
24 3
24 5
24 20
24 1684
24 13711
24 840002
25 82
25 758
25 759
25 761
25 10681
26 5
26 84
26 91
26 93
26 121
26 702
26 703
26 705
26 840003
27 5
27 20
27 90
27 122
27 708
27 769
27 4845
27 4847
27 840004
28 10
28 146
28 147
28 149
28 840005
29 5
29 27
29 99
29 131
29 132
29 133
29 135
29 840006
30 3
30 4
30 5
30 2608
30 4490
30 840007
31 9
31 10
31 24
31 26
31 27
31 840008
32 4
32 5
32 99
32 133
32 175
32 176
32 178
32 840009
33 3
33 4
33 5
33 6862
33 6864
33 840010
34 9
34 10
34 24
34 26
34 27
34 840011
35 3
35 4
35 195
35 1395
35 1397
35 840012
36 717
36 718
36 719
36 721
36 366359
37 10
37 146
37 147
37 149
37 722
38 5
38 20
38 99
38 131
38 132
38 133
38 165
38 166
39 3
39 5
39 20
39 15396
39 145101
39 840013
40 9
40 10
40 24
40 26
40 27
40 840014
41 3
41 5
41 20
41 35863
41 57314
41 840015
42 243
42 244
42 245
42 247
42 840016
43 9
43 10
43 24
43 26
43 27
43 840017
44 3
44 4
44 5
44 14686
44 49719
44 840018
45 9
45 10
45 11
45 13
45 840019
46 67
46 72
46 6363
46 135196
46 140864
46 140865
46 840020
47 10
47 109
47 110
47 112
47 357847
48 3
48 5
48 20
48 1875
48 1877
48 840021
49 51
49 195
49 1851
49 1853
49 840022
50 244
50 19444
50 19445
50 19447
50 840023
51 10
51 146
51 147
51 149
51 603012
52 4
52 5
52 99
52 131
52 132
52 133
52 152
52 840024
53 3
53 4
53 5
53 8842
53 9174
53 840025
54 9
54 10
54 24
54 26
54 27
54 349388
55 5
55 20
55 99
55 133
55 175
55 176
55 1316
55 41123
56 3
56 5
56 20
56 9469
56 10946
56 220754
57 5
57 20
57 202
57 3386
57 10488
57 840026
58 5
58 20
58 90
58 122
58 708
58 713
58 10347
58 12699
58 840027
59 10
59 828
59 829
59 831
59 840028
60 67
60 71
60 9179
60 9494
60 18718
60 840029
61 67
61 17607
61 162105
61 174558
61 174559
61 840030
62 243
62 244
62 245
62 247
62 840031
63 67
63 71
63 71
63 72
63 1026
63 4586
63 138233
63 138234
63 840032
64 67
64 5422
64 49269
64 174278
64 174279
64 174281
64 174282
64 840033
65 10
65 109
65 110
65 112
65 349400
66 51
66 195
66 4167
66 4169
66 840034
67 76
67 342
67 343
67 345
67 41134
68 6151
68 6152
68 6153
68 6155
68 840035
69 10
69 146
69 147
69 149
69 722
70 5
70 20
70 82
70 759
70 1432
70 6157
70 6158
71 84
71 91
71 93
71 121
71 195
71 702
71 703
71 1062
71 502695
72 5
72 20
72 90
72 122
72 708
72 769
72 8415
72 8417
72 840036
73 660
73 6695
73 6696
73 6698
73 840037
74 51
74 195
74 1368
74 1370
74 840038
75 3
75 20
75 195
75 340
75 11811
75 11813
75 840039
76 243
76 244
76 245
76 247
76 840040
77 4
77 5
77 99
77 133
77 175
77 176
77 178
77 840041
78 3
78 4
78 5
78 62629
78 174675
78 840042
79 9
79 10
79 11
79 13
79 840043
80 67
80 31939
80 31940
80 31942
80 840044
81 20
81 90
81 122
81 195
81 708
81 713
81 9952
81 27190
81 63398
82 10
82 146
82 147
82 149
82 174682
83 5
83 27
83 99
83 131
83 132
83 133
83 135
83 840045
84 5
84 67
84 55291
84 55294
84 840046
85 71
85 76
85 190
85 191
85 386825
seqId 256
1 99
1 131
1 132
1 133
1 195
1 1220
1 840047
2 3
2 4
2 195
2 729
2 731
2 840048
3 4
3 195
3 202
3 27270
3 60972
3 840049
4 76
4 342
4 343
4 345
4 135253
5 5
5 20
5 99
5 131
5 132
5 133
5 166
5 465292
6 3
6 5
6 20
6 2863
6 2865
6 840050
7 5
7 84
7 91
7 93
7 121
7 702
7 703
7 705
7 780183
8 5
8 20
8 90
8 122
8 708
8 769
8 5094
8 15904
8 840051
9 99
9 115
9 195
9 773
9 774
9 775
9 776
9 3400
9 530234
10 3
10 20
10 195
10 1320
10 3384
10 135261
11 10
11 126
11 127
11 129
11 174694
12 76
12 137
12 138
12 140
12 840052
13 99
13 131
13 132
13 133
13 195
13 1220
13 192326
14 3
14 20
14 195
14 33358
14 34347
14 840053
15 158
15 159
15 160
15 162
15 613007
16 9
16 10
16 11
16 13
16 163
17 5
17 20
17 99
17 131
17 132
17 133
17 165
17 166
18 3
18 5
18 20
18 2081
18 29574
18 840054
19 5
19 20
19 202
19 145013
19 174700
19 840055
20 243
20 244
20 245
20 247
20 733168
21 5
21 20
21 202
21 174703
21 174705
21 840056
22 76
22 413
22 414
22 416
22 840057
23 51
23 195
23 1853
23 57380
23 57382
23 840058
24 76
24 433
24 434
24 436
24 840059
25 76
25 342
25 343
25 345
25 840060
26 76
26 137
26 138
26 140
26 41177
27 5
27 27
27 99
27 131
27 132
27 133
27 699
27 741130
28 3
28 4
28 5
28 14686
28 14688
28 840061
29 4
29 5
29 202
29 3199
29 5132
29 530247
30 4
30 5
30 90
30 122
30 708
30 713
30 1104
30 97975
30 97977
30 840062
31 76
31 185
31 186
31 188
31 330377
32 76
32 413
32 414
32 416
32 840063
33 51
33 195
33 4164
33 57091
33 57093
33 840064
34 76
34 342
34 343
34 345
34 840065
35 10
35 1387
35 1388
35 1390
35 840066
36 4
36 5
36 99
36 133
36 175
36 176
36 178
36 840067
37 3
37 4
37 5
37 6862
37 6864
37 840068
38 9
38 10
38 24
38 26
38 27
38 840069
39 3
39 4
39 195
39 1395
39 1397
39 840070
40 10
40 109
40 110
40 112
40 840071
41 3
41 5
41 20
41 1875
41 1877
41 840072
42 51
42 195
42 5922
42 5924
42 840073
43 76
43 433
43 434
43 436
43 840074
44 76
44 342
44 343
44 345
44 98529
45 76
45 137
45 138
45 140
45 53717
46 5
46 20
46 99
46 131
46 132
46 133
46 967
46 840075
47 3
47 5
47 20
47 2081
47 29574
47 840076
48 9
48 10
48 11
48 13
48 840077
49 5
49 27
49 99
49 131
49 132
49 133
49 135
49 840078
50 3
50 4
50 5
50 35292
50 35294
50 840079
51 76
51 185
51 186
51 188
51 840080
52 76
52 413
52 414
52 416
52 840081
53 51
53 195
53 5924
53 57146
53 57148
53 840082
54 76
54 433
54 434
54 436
54 840083
55 243
55 244
55 245
55 247
55 840084
56 76
56 137
56 138
56 140
56 840085
57 3
57 5
57 20
57 2081
57 48543
57 840086
58 76
58 342
58 343
58 345
58 840087
59 3
59 4
59 195
59 35292
59 35311
59 840088
60 243
60 244
60 245
60 247
60 840089
61 3
61 4
61 195
61 13797
61 39179
61 840090
62 76
62 185
62 186
62 188
62 840091
63 76
63 413
63 414
63 416
63 840092
64 51
64 195
64 5344
64 57176
64 57178
64 840093
65 76
65 433
65 434
65 436
65 840094
66 76
66 1267
66 1268
66 1270
66 840095
seqId 257
1 51
1 195
1 2526
1 2528
1 840096
2 3
2 20
2 195
2 2034
2 3403
2 840097
3 20
3 195
3 202
3 24418
3 24420
3 840098
4 9
4 10
4 11
4 13
4 840099
5 5
5 27
5 99
5 131
5 132
5 133
5 135
5 840100
6 5
6 67
6 55291
6 55294
6 840101
7 243
7 244
7 245
7 247
7 63454
8 85
8 99
8 195
8 638
8 640
8 840102
9 3
9 20
9 195
9 1806
9 1808
9 1809
9 1810
9 840103
10 82
10 83
10 84
10 115
10 5729
10 5731
10 366456
11 84
11 91
11 93
11 121
11 195
11 702
11 703
11 1062
11 840104
12 5
12 20
12 90
12 122
12 708
12 769
12 3482
12 3484
12 840105
13 99
13 115
13 195
13 773
13 775
13 776
13 2192
13 2194
13 840106
14 3
14 4
14 15
14 195
14 4121
14 840107
15 71
15 76
15 190
15 191
15 840108
seqId 258
1 5
1 20
1 99
1 133
1 175
1 176
1 9647
1 220854
2 5
2 20
2 202
2 2294
2 2296
2 174765
3 3
3 5
3 20
3 8459
3 8461
3 428061
4 99
4 133
4 175
4 176
4 195
4 234
4 672945
5 3
5 4
5 15
5 195
5 4121
5 840109
6 10
6 126
6 127
6 129
6 840110
7 99
7 131
7 132
7 133
7 195
7 237
7 306696
8 3
8 20
8 195
8 33358
8 34347
8 840111
9 230
9 231
9 232
9 234
9 840112
10 9
10 10
10 11
10 13
10 163
11 99
11 131
11 132
11 133
11 195
11 236
11 237
12 3
12 20
12 195
12 2081
12 36474
12 840113
13 5
13 84
13 90
13 91
13 93
13 121
13 4379
13 9977
13 817440
14 10
14 126
14 127
14 129
14 840114
15 4
15 5
15 99
15 131
15 132
15 133
15 152
15 386908
16 3
16 4
16 5
16 38988
16 38990
16 840115
17 243
17 244
17 245
17 247
17 840116
18 5
18 27
18 99
18 131
18 132
18 133
18 135
18 840117
19 3
19 5
19 20
19 33358
19 35385
19 724287
20 5
20 20
20 202
20 35387
20 35389
20 840118
21 10
21 283
21 284
21 286
21 780243
22 5
22 99
22 115
22 773
22 775
22 776
22 2192
22 3593
22 840119
23 3
23 4
23 5
23 6763
23 6765
23 840120
24 4
24 5
24 202
24 322
24 22672
24 840121
25 243
25 244
25 245
25 247
25 10923
26 4
26 5
26 202
26 3199
26 5132
26 840122
27 71
27 76
27 190
27 191
27 840123
seqId 259
1 5
1 20
1 27
1 36
1 82
1 84
1 98
1 100
1 349489
2 5
2 84
2 91
2 93
2 121
2 703
2 707
2 956
2 357982
3 660
3 2643
3 2644
3 2646
3 840124
4 10
4 283
4 284
4 286
4 724306
5 5
5 20
5 98
5 99
5 100
5 102
5 403717
6 3
6 5
6 20
6 4345
6 4347
6 403718
7 944
7 945
7 946
7 948
7 840125
8 27
8 82
8 84
8 114
8 115
8 116
8 118
8 840126
9 84
9 90
9 91
9 93
9 121
9 195
9 4258
9 23888
9 840127
10 99
10 131
10 132
10 133
10 195
10 237
10 306726
11 3
11 4
11 15
11 195
11 4121
11 840128
12 9
12 10
12 11
12 13
12 41283
13 67
13 174157
13 174159
13 174797
13 840129
14 67
14 407
14 174800
14 174801
14 174803
14 840130
15 71
15 76
15 190
15 191
15 840131
seqId 260
1 10
1 7340
1 7341
1 7343
1 840132
2 51
2 195
2 20059
2 20061
2 840133
3 76
3 342
3 343
3 345
3 817473
4 5
4 20
4 82
4 83
4 84
4 115
4 763
4 1002
4 220892
5 5
5 72
5 84
5 90
5 91
5 93
5 121
5 5390
5 113792
5 174811
5 840134
6 10
6 146
6 147
6 149
6 840135
7 5
7 27
7 99
7 131
7 132
7 133
7 135
7 840136
8 3
8 5
8 20
8 5498
8 5500
8 840137
9 9
9 10
9 11
9 13
9 840138
10 3
10 4
10 5
10 15
10 5937
10 840139
11 243
11 244
11 245
11 247
11 98646
12 9
12 10
12 24
12 26
12 27
12 840140
13 3
13 4
13 5
13 14686
13 49719
13 840141
14 230
14 231
14 232
14 234
14 840142
15 9
15 10
15 11
15 13
15 163
16 99
16 131
16 132
16 133
16 195
16 236
16 237
17 3
17 20
17 195
17 340
17 7626
17 147262
17 840143
18 5
18 20
18 99
18 133
18 175
18 176
18 1316
18 126431
19 3
19 5
19 20
19 2863
19 2865
19 840144
20 10
20 126
20 127
20 129
20 840145
21 5
21 99
21 131
21 132
21 133
21 135
21 171
21 840146
22 3
22 4
22 5
22 14686
22 14688
22 98655
23 9
23 10
23 11
23 13
23 98656
24 67
24 601
24 603
24 1197
24 840147
25 717
25 718
25 719
25 721
25 840148
26 10
26 146
26 147
26 149
26 722
27 5
27 20
27 99
27 131
27 132
27 133
27 165
27 166
28 5
28 20
28 202
28 1718
28 57849
28 840149
29 3
29 5
29 20
29 65093
29 165778
29 840150
30 76
30 342
30 343
30 345
30 840151
31 10
31 126
31 127
31 129
31 840152
32 99
32 133
32 175
32 176
32 195
32 234
32 741213
33 3
33 20
33 195
33 1684
33 1686
33 840153
34 9
34 10
34 26
34 169
34 171
34 840154
35 3
35 4
35 5
35 14686
35 14688
35 530341
36 4
36 5
36 72
36 72
36 202
36 1104
36 6756
36 34377
36 109038
36 174837
36 840155
37 76
37 413
37 414
37 416
37 840156
38 3
38 5
38 20
38 71
38 71
38 71
38 72
38 72
38 72
38 340
38 518
38 1587
38 7291
38 7759
38 8684
38 9486
38 9768
38 9771
38 9774
38 9774
38 9775
38 9775
38 9775
38 9777
38 9809
38 14073
38 22788
38 38010
38 114603
38 164074
38 174841
38 174843
38 174844
38 174845
38 840157
seqId 261
1 5
1 20
1 98
1 99
1 100
1 8099
1 840158
2 3
2 5
2 20
2 2863
2 2865
2 840159
3 5
3 84
3 91
3 93
3 121
3 702
3 703
3 705
3 840160
4 660
4 6695
4 6696
4 6698
4 840161
5 5
5 20
5 90
5 122
5 708
5 769
5 29073
5 164260
5 840162
6 4
6 5
6 99
6 131
6 132
6 133
6 152
6 840163
7 3
7 4
7 5
7 4550
7 8014
7 840164
8 10
8 109
8 110
8 112
8 840165
9 51
9 195
9 5922
9 5924
9 840166
10 9
10 10
10 24
10 26
10 27
10 840167
11 5
11 20
11 99
11 133
11 175
11 176
11 1316
11 840168
12 3
12 5
12 19
12 20
12 105
12 840169
13 10
13 283
13 284
13 286
13 840170
14 4
14 5
14 99
14 131
14 132
14 133
14 152
14 840171
15 3
15 4
15 5
15 9329
15 9660
15 840172
16 4
16 195
16 202
16 791
16 9490
16 22976
16 168118
16 174859
16 840173
17 71
17 76
17 190
17 191
17 840174
seqId 262
1 4
1 5
1 99
1 131
1 132
1 133
1 811
1 724364
2 3
2 4
2 5
2 7803
2 7805
2 840175
3 9
3 10
3 11
3 13
3 840176
4 67
4 174157
4 174159
4 174797
4 840177
5 67
5 407
5 174800
5 174801
5 174803
5 840178
6 717
6 718
6 719
6 721
6 41361
7 10
7 146
7 147
7 149
7 722
8 5
8 20
8 99
8 131
8 132
8 133
8 165
8 166
9 3
9 5
9 20
9 10672
9 10674
9 840179
10 67
10 5929
10 5930
10 5932
10 5933
10 840180
11 67
11 24729
11 104469
11 174869
11 174870
11 840181
12 76
12 413
12 414
12 416
12 840182
13 3
13 4
13 5
13 22402
13 22404
13 840183
14 4
14 5
14 72
14 202
14 4559
14 17096
14 24371
14 108394
14 136994
14 174875
14 840184
15 10
15 109
15 110
15 112
15 386998
16 3
16 4
16 5
16 3239
16 3241
16 386999
17 158
17 159
17 160
17 162
17 428153
18 9
18 10
18 11
18 13
18 163
19 5
19 20
19 99
19 131
19 132
19 133
19 165
19 166
20 5
20 20
20 67
20 601
20 603
20 840185
21 5
21 20
21 202
21 36111
21 36113
21 840186
22 76
22 433
22 434
22 436
22 840187
23 27
23 82
23 84
23 114
23 115
23 116
23 118
23 840188
24 5
24 84
24 91
24 93
24 121
24 703
24 707
24 956
24 754499
25 4
25 5
25 90
25 122
25 708
25 769
25 4222
25 9849
25 840189
26 10
26 828
26 829
26 831
26 840190
27 4
27 5
27 99
27 131
27 132
27 133
27 152
27 840191
28 3
28 4
28 5
28 8842
28 9174
28 840192
29 9
29 10
29 24
29 26
29 27
29 840193
30 5
30 20
30 99
30 133
30 175
30 176
30 1316
30 387009
31 5
31 20
31 202
31 1466
31 18974
31 840194
32 3
32 5
32 20
32 9469
32 10946
32 840195
33 5
33 20
33 202
33 3386
33 10488
33 840196
34 10
34 109
34 110
34 112
34 840197
35 51
35 195
35 1851
35 1853
35 840198
36 71
36 76
36 190
36 191
36 840199
seqId 263
1 99
1 115
1 195
1 773
1 774
1 775
1 776
1 14703
1 840200
2 3
2 4
2 15
2 195
2 4121
2 840201
3 4
3 195
3 202
3 7602
3 7604
3 840202
4 717
4 718
4 719
4 721
4 840203
5 10
5 146
5 147
5 149
5 722
6 5
6 20
6 99
6 131
6 132
6 133
6 165
6 166
7 3
7 5
7 20
7 105847
7 105849
7 840204
8 9
8 10
8 11
8 13
8 840205
9 4
9 5
9 99
9 131
9 132
9 133
9 152
9 53920
10 3
10 4
10 5
10 174903
10 174905
10 840206
11 10
11 283
11 284
11 286
11 840207
12 5
12 20
12 99
12 131
12 132
12 133
12 166
12 840208
13 3
13 5
13 20
13 13358
13 28067
13 840209
14 5
14 20
14 202
14 35387
14 35389
14 840210
15 9
15 10
15 11
15 13
15 840211
16 67
16 601
16 603
16 1197
16 840212
17 76
17 342
17 343
17 345
17 733312
18 660
18 1796
18 1797
18 1799
18 840213
19 158
19 159
19 160
19 162
19 840214
20 9
20 10
20 11
20 13
20 163
21 5
21 20
21 99
21 131
21 132
21 133
21 165
21 166
22 3
22 5
22 20
22 3118
22 3120
22 840215
23 9
23 10
23 11
23 13
23 754515
24 3
24 4
24 5
24 3123
24 3125
24 53934
25 5
25 20
25 202
25 254
25 256
25 840216
26 944
26 945
26 946
26 948
26 41436
27 5
27 20
27 202
27 322
27 36035
27 840217
28 243
28 244
28 245
28 247
28 366622
29 5
29 20
29 202
29 3199
29 5132
29 840218
30 76
30 342
30 343
30 345
30 754523
31 84
31 91
31 93
31 121
31 195
31 702
31 703
31 1062
31 840219
32 5
32 20
32 90
32 122
32 708
32 768
32 769
32 771
32 840220
33 3
33 5
33 20
33 1905
33 1907
33 840221
34 10
34 146
34 147
34 149
34 840222
35 5
35 27
35 99
35 131
35 132
35 133
35 135
35 840223
36 3
36 4
36 5
36 2608
36 4490
36 840224
37 9
37 10
37 24
37 26
37 27
37 840225
38 4
38 5
38 99
38 133
38 175
38 176
38 178
38 840226
39 3
39 4
39 5
39 41432
39 41434
39 840227
40 76
40 413
40 414
40 416
40 840228
41 5
41 20
41 99
41 131
41 132
41 133
41 967
41 840229
42 3
42 5
42 20
42 22657
42 22659
42 840230
43 230
43 231
43 232
43 234
43 840231
44 9
44 10
44 11
44 13
44 163
45 99
45 131
45 132
45 133
45 195
45 236
45 237
46 3
46 20
46 195
46 340
46 21447
46 174938
46 840232
47 76
47 342
47 343
47 345
47 840233
48 51
48 195
48 4167
48 4169
48 840234
49 76
49 433
49 434
49 436
49 840235
50 76
50 342
50 343
50 345
50 840236
51 244
51 1249
51 1250
51 1252
51 840237
52 660
52 1622
52 1623
52 1625
52 724432
53 10
53 146
53 147
53 149
53 840238
54 4
54 5
54 99
54 131
54 132
54 133
54 152
54 840239
55 3
55 4
55 5
55 8842
55 9174
55 840240
56 9
56 10
56 11
56 13
56 840241
57 85
57 99
57 195
57 638
57 640
57 840242
58 3
58 20
58 195
58 9469
58 9471
58 840243
59 20
59 195
59 202
59 3386
59 3388
59 126555
60 76
60 413
60 414
60 416
60 840244
61 5
61 20
61 99
61 131
61 132
61 133
61 967
61 840245
62 5
62 20
62 67
62 601
62 603
62 840246
63 158
63 159
63 160
63 162
63 840247
64 9
64 10
64 11
64 13
64 163
65 5
65 20
65 99
65 131
65 132
65 133
65 165
65 166
66 5
66 20
66 202
66 1718
66 57849
66 840248
67 3
67 5
67 20
67 15215
67 65093
67 131674
67 840249
68 76
68 342
68 343
68 345
68 840250
69 51
69 195
69 4162
69 4164
69 840251
70 76
70 1267
70 1268
70 1270
70 840252
71 67
71 601
71 603
71 1197
71 840253
72 76
72 342
72 343
72 345
72 840254
73 3
73 4
73 5
73 38988
73 38990
73 840255
74 9
74 10
74 11
74 13
74 840256
75 3
75 4
75 5
75 17016
75 18984
75 174965
76 76
76 342
76 343
76 345
76 403865
77 51
77 195
77 4167
77 4169
77 840257
78 76
78 433
78 434
78 436
78 840258
79 71
79 76
79 190
79 191
79 840259
seqId 264
1 67
1 174157
1 174159
1 174797
1 840260
2 67
2 407
2 174800
2 174801
2 174803
2 840261
3 5
3 84
3 91
3 93
3 121
3 703
3 707
3 956
3 840262
4 660
4 1513
4 1514
4 1516
4 840263
5 10
5 146
5 147
5 149
5 613223
6 5
6 27
6 99
6 131
6 132
6 133
6 135
6 840264
7 3
7 4
7 5
7 740
7 742
7 840265
8 76
8 342
8 343
8 345
8 840266
9 10
9 1387
9 1388
9 1390
9 741341
10 67
10 174176
10 174178
10 174555
10 840267
11 67
11 6985
11 48761
11 174978
11 174979
11 174981
11 840268
12 243
12 244
12 245
12 247
12 840269
13 67
13 17618
13 17619
13 17621
13 840270
14 67
14 96
14 174350
14 174351
14 174353
14 840271
15 76
15 342
15 343
15 345
15 358144
16 9
16 10
16 24
16 26
16 27
16 840272
17 5
17 20
17 99
17 133
17 175
17 176
17 1316
17 840273
18 3
18 5
18 20
18 429
18 431
18 840274
19 9
19 10
19 11
19 13
19 502919
20 3
20 4
20 5
20 174991
20 174993
20 840275
21 4
21 5
21 202
21 12971
21 12973
21 840276
22 71
22 76
22 190
22 191
22 840277
seqId 265
1 3
1 2548
1 6896
1 73607
1 840278
2 10
2 146
2 147
2 149
2 840279
3 51
3 195
3 1501
3 1503
3 840280
4 3
4 4
4 195
4 6862
4 14459
4 840281
5 9
5 10
5 24
5 26
5 27
5 306913
6 3
6 4
6 195
6 1395
6 1397
6 840282
7 10
7 126
7 127
7 129
7 135598
8 99
8 131
8 132
8 133
8 195
8 237
8 817660
9 3
9 4
9 195
9 2773
9 2775
9 840283
10 243
10 244
10 245
10 247
10 673101
11 5
11 99
11 131
11 132
11 133
11 135
11 171
11 840284
12 3
12 4
12 5
12 14686
12 14688
12 840285
13 9
13 10
13 11
13 13
13 126602
14 67
14 72
14 6363
14 135196
14 140864
14 140865
14 840286
15 10
15 109
15 110
15 112
15 428247
16 51
16 72
16 195
16 52466
16 175010
16 175012
16 840287
17 76
17 342
17 343
17 345
17 221081
18 5
18 20
18 99
18 133
18 175
18 176
18 1316
18 530474
19 3
19 5
19 20
19 1320
19 1322
19 840288
20 5
20 20
20 202
20 3386
20 10488
20 840289
21 9
21 10
21 26
21 169
21 171
21 840290
22 3
22 4
22 5
22 18168
22 18422
22 840291
23 158
23 159
23 160
23 162
23 306929
24 9
24 10
24 11
24 13
24 163
25 5
25 20
25 99
25 131
25 132
25 133
25 165
25 166
26 3
26 5
26 20
26 70793
26 175021
26 840292
27 5
27 20
27 202
27 37563
27 175024
27 840293
28 9
28 10
28 11
28 13
28 840294
29 67
29 72
29 6363
29 135196
29 140864
29 140865
29 840295
30 76
30 413
30 414
30 416
30 603312
31 3
31 4
31 5
31 28222
31 28224
31 330673
32 75
32 76
32 77
32 79
32 175033
33 51
33 195
33 11455
33 80493
33 175031
33 840296
34 76
34 433
34 434
34 436
34 41545
35 5
35 84
35 91
35 93
35 121
35 702
35 703
35 705
35 840297
36 5
36 20
36 122
36 703
36 707
36 708
36 710
36 840298
37 5
37 20
37 90
37 122
37 708
37 713
37 9250
37 25965
37 840299
38 10
38 1387
38 1388
38 1390
38 840300
39 99
39 131
39 132
39 133
39 195
39 237
39 840301
40 3
40 20
40 195
40 7149
40 7151
40 840302
41 9
41 10
41 11
41 13
41 358191
42 3
42 4
42 5
42 94879
42 102614
42 175042
42 840303
43 9
43 10
43 11
43 13
43 175046
44 509
44 699
44 5178
44 33199
44 145838
44 840304
45 243
45 244
45 245
45 247
45 840305
46 368
46 509
46 5178
46 9490
46 175048
46 840306
47 71
47 76
47 190
47 191
47 840307
seqId 266
1 4
1 5
1 99
1 131
1 132
1 133
1 811
1 98883
2 3
2 4
2 5
2 70020
2 70022
2 840308
3 158
3 159
3 160
3 162
3 840309
4 9
4 10
4 11
4 13
4 163
5 5
5 20
5 99
5 131
5 132
5 133
5 165
5 166
6 3
6 5
6 20
6 32869
6 32871
6 840310
7 5
7 84
7 91
7 93
7 121
7 702
7 703
7 705
7 63767
8 5
8 20
8 122
8 703
8 707
8 708
8 710
8 840311
9 4
9 5
9 90
9 122
9 708
9 713
9 1104
9 54437
9 104336
9 172378
9 840312
10 76
10 413
10 414
10 416
10 840313
11 660
11 77612
11 77613
11 77615
11 840314
12 51
12 195
12 1203
12 1205
12 840315
13 3
13 4
13 195
13 11303
13 11431
13 11433
14 9
14 10
14 11
14 13
14 502963
15 3
15 4
15 5
15 174991
15 174993
15 840316
16 76
16 433
16 434
16 436
16 840317
17 71
17 76
17 190
17 191
17 465609
seqId 267
1 5
1 20
1 99
1 133
1 175
1 176
1 9647
1 465610
2 3
2 5
2 20
2 429
2 431
2 840318
3 9
3 10
3 24
3 26
3 27
3 840319
4 3
4 4
4 5
4 18168
4 18422
4 840320
5 10
5 109
5 110
5 112
5 840321
6 3
6 4
6 5
6 3239
6 3241
6 840322
7 5
7 84
7 91
7 93
7 121
7 703
7 707
7 956
7 840323
8 10
8 109
8 110
8 112
8 840324
9 3
9 5
9 20
9 389
9 391
9 840325
10 9
10 10
10 11
10 13
10 840326
11 3
11 4
11 5
11 10638
11 10812
11 840327
12 76
12 342
12 343
12 345
12 840328
13 10
13 283
13 284
13 286
13 840329
14 5
14 20
14 99
14 131
14 132
14 133
14 166
14 63793
15 3
15 5
15 20
15 4345
15 4347
15 840330
16 158
16 159
16 160
16 162
16 306973
17 9
17 10
17 11
17 13
17 163
18 5
18 20
18 99
18 131
18 132
18 133
18 165
18 166
19 3
19 5
19 20
19 10672
19 10674
19 840331
20 76
20 137
20 138
20 140
20 840332
21 3
21 4
21 195
21 340
21 65399
21 175076
21 840333
22 9
22 10
22 11
22 13
22 840334
23 5
23 27
23 99
23 131
23 132
23 133
23 135
23 840335
24 3
24 4
24 5
24 175080
24 175082
24 840336
25 9
25 10
25 11
25 13
25 840337
26 67
26 72
26 6363
26 135196
26 140864
26 140865
26 840338
27 76
27 185
27 186
27 188
27 840339
28 76
28 342
28 343
28 345
28 840340
29 5
29 20
29 90
29 122
29 708
29 713
29 4845
29 4847
29 840341
30 10
30 828
30 829
30 831
30 428294
31 67
31 31157
31 31159
31 57124
31 840342
32 67
32 12747
32 12822
32 48407
32 175091
32 175092
32 175094
32 840343
33 76
33 413
33 414
33 416
33 840344
34 3
34 4
34 5
34 2997
34 34126
34 840345
35 4
35 5
35 202
35 3001
35 49788
35 840346
36 230
36 231
36 232
36 234
36 840347
37 9
37 10
37 11
37 13
37 163
38 99
38 131
38 132
38 133
38 195
38 236
38 237
39 3
39 4
39 195
39 340
39 65399
39 175076
39 840348
40 76
40 433
40 434
40 436
40 840349
41 71
41 76
41 190
41 191
41 840350
seqId 268
1 99
1 131
1 132
1 133
1 195
1 1220
1 840351
2 3
2 20
2 195
2 1320
2 3384
2 840352
3 20
3 90
3 122
3 195
3 708
3 713
3 3686
3 9599
3 840353
4 717
4 718
4 719
4 721
4 840354
5 10
5 146
5 147
5 149
5 722
6 5
6 20
6 99
6 131
6 132
6 133
6 165
6 166
7 3
7 5
7 20
7 1325
7 1327
7 840355
8 9
8 10
8 11
8 13
8 840356
9 5
9 20
9 98
9 99
9 100
9 102
9 530536
10 3
10 5
10 20
10 72
10 279
10 172668
10 172670
10 603364
11 84
11 90
11 91
11 93
11 121
11 195
11 7254
11 175109
11 366758
12 660
12 19069
12 19070
12 19072
12 366759
13 5
13 27
13 99
13 131
13 132
13 133
13 135
13 840357
14 3
14 5
14 20
14 23151
14 23153
14 349775
15 230
15 231
15 232
15 234
15 135699
16 9
16 10
16 11
16 13
16 163
17 99
17 131
17 132
17 133
17 195
17 236
17 237
18 3
18 20
18 195
18 10402
18 10404
18 840358
19 158
19 159
19 160
19 162
19 840359
20 9
20 10
20 11
20 13
20 163
21 5
21 20
21 99
21 131
21 132
21 133
21 165
21 166
22 5
22 20
22 202
22 38807
22 38809
22 840360
23 5
23 20
23 67
23 37445
23 135367
23 171893
23 840361
24 10
24 283
24 284
24 286
24 840362
25 5
25 20
25 99
25 131
25 132
25 133
25 166
25 733482
26 3
26 5
26 20
26 34626
26 37417
26 840363
27 5
27 20
27 26
27 202
27 340
27 11542
27 91705
27 171503
27 175119
27 840364
28 243
28 244
28 245
28 247
28 41654
29 5
29 20
29 202
29 21447
29 108927
29 840365
30 76
30 342
30 343
30 345
30 126699
31 82
31 758
31 759
31 761
31 840366
32 5
32 84
32 91
32 93
32 121
32 703
32 707
32 956
32 840367
33 660
33 60479
33 60480
33 60482
33 840368
34 9
34 10
34 24
34 26
34 27
34 840369
35 90
35 443
35 92104
35 175130
35 840370
36 4
36 5
36 99
36 133
36 175
36 176
36 178
36 387175
37 3
37 4
37 5
37 8943
37 32404
37 840371
38 230
38 231
38 232
38 234
38 673185
39 9
39 10
39 11
39 13
39 163
40 99
40 131
40 132
40 133
40 195
40 236
40 237
41 3
41 4
41 195
41 21181
41 21183
41 840372
42 243
42 244
42 245
42 247
42 387179
43 82
43 758
43 759
43 761
43 840373
44 5
44 84
44 90
44 91
44 93
44 121
44 9141
44 94553
44 840374
45 5
45 27
45 99
45 131
45 132
45 133
45 135
45 840375
46 3
46 5
46 20
46 522
46 939
46 840376
47 9
47 10
47 11
47 13
47 330779
48 3
48 20
48 195
48 5228
48 5230
48 63866
49 10
49 1387
49 1388
49 1390
49 840377
50 4
50 85
50 99
50 195
50 1951
50 1953
50 603396
51 3
51 4
51 195
51 347
51 349
51 840378
52 9
52 10
52 11
52 13
52 54141
53 3
53 4
53 5
53 15
53 17
53 840379
54 76
54 413
54 414
54 416
54 840380
55 67
55 5978
55 47596
55 75755
55 175147
55 175148
55 840381
56 76
56 342
56 343
56 345
56 733514
57 67
57 31833
57 37859
57 175152
57 175153
57 840382
58 76
58 433
58 434
58 436
58 840383
59 71
59 76
59 190
59 191
59 840384
seqId 269
1 10
1 828
1 1336
1 1539
1 840385
2 660
2 2210
2 2211
2 2213
2 840386
3 76
3 342
3 343
3 345
3 840387
4 5
4 27
4 99
4 131
4 132
4 133
4 135
4 840388
5 4
5 5
5 202
5 1466
5 1468
5 840389
6 3
6 4
6 5
6 897
6 899
6 840390
7 4
7 5
7 202
7 19363
7 19365
7 840391
8 4
8 5
8 90
8 122
8 708
8 713
8 3563
8 22559
8 840392
9 10
9 828
9 829
9 831
9 840393
10 67
10 174176
10 174178
10 174555
10 840394
11 67
11 17607
11 162105
11 174558
11 174559
11 840395
12 5
12 84
12 90
12 91
12 93
12 121
12 8415
12 26981
12 840396
13 10
13 146
13 147
13 149
13 840397
14 90
14 443
14 21513
14 21515
14 840398
15 4
15 5
15 99
15 131
15 132
15 133
15 152
15 221224
16 3
16 4
16 5
16 7721
16 7723
16 221225
17 230
17 231
17 232
17 234
17 840399
18 9
18 10
18 11
18 13
18 163
19 99
19 131
19 132
19 133
19 195
19 236
19 237
20 3
20 20
20 195
20 2034
20 3403
20 840400
21 9
21 10
21 11
21 13
21 366821
22 5
22 27
22 99
22 131
22 132
22 133
22 135
22 840401
23 2
23 3
23 4
23 5
23 181
23 840402
24 243
24 244
24 245
24 247
24 11487
25 9
25 10
25 11
25 13
25 63902
26 99
26 115
26 195
26 773
26 775
26 776
26 2192
26 2194
26 840403
27 3
27 20
27 195
27 1806
27 1808
27 1809
27 1810
27 840404
28 76
28 413
28 414
28 416
28 840405
29 3
29 4
29 5
29 19388
29 20837
29 840406
30 64
30 67
30 116691
30 151811
30 175182
30 175183
30 840407
31 76
31 342
31 343
31 345
31 63911
32 3
32 5
32 20
32 951
32 37953
32 840408
33 67
33 32196
33 118763
33 175188
33 175189
33 840409
34 76
34 1267
34 1268
34 1270
34 741527
35 3
35 20
35 195
35 340
35 5018
35 129804
35 840410
36 20
36 195
36 202
36 340
36 36111
36 168242
36 840411
37 76
37 342
37 343
37 345
37 366836
38 67
38 26224
38 50699
38 175197
38 175198
38 840412
39 76
39 433
39 434
39 436
39 840413
40 71
40 76
40 190
40 191
40 840414
seqId 270
1 67
1 71
1 147631
1 175203
1 175204
1 840415
seqId 271
1 3
1 20
1 195
1 340
1 494
1 48646
1 172579
1 840416
2 243
2 244
2 245
2 247
2 387225
3 3
3 4
3 195
3 10184
3 10186
3 840417
4 158
4 159
4 160
4 162
4 840418
5 9
5 10
5 11
5 13
5 163
6 5
6 20
6 99
6 131
6 132
6 133
6 165
6 166
7 3
7 5
7 20
7 3199
7 5132
7 840419
seqId 272
1 5
1 20
1 99
1 131
1 132
1 133
1 967
1 754698
2 3
2 5
2 20
2 72
2 279
2 172668
2 172670
2 358332
3 3
3 20
3 195
3 340
3 494
3 48646
3 172579
3 840420
4 243
4 244
4 245
4 247
4 840421
5 3
5 4
5 195
5 10184
5 10186
5 840422
6 158
6 159
6 160
6 162
6 840423
7 9
7 10
7 11
7 13
7 163
8 5
8 20
8 99
8 131
8 132
8 133
8 165
8 166
9 3
9 5
9 20
9 3199
9 5132
9 840424
10 5
10 84
10 90
10 91
10 93
10 121
10 10527
10 41845
10 840425
11 5
11 20
11 99
11 131
11 132
11 133
11 166
11 840426
12 76
12 137
12 138
12 140
12 840427
13 3
13 5
13 20
13 3199
13 5132
13 840428
14 76
14 185
14 186
14 188
14 840429
15 10
15 283
15 284
15 286
15 780562
16 4
16 195
16 202
16 1377
16 1379
16 840430
17 99
17 115
17 195
17 773
17 774
17 775
17 776
17 3400
17 41778
18 3
18 4
18 195
18 6763
18 18041
18 840431
19 76
19 342
19 343
19 345
19 307142
20 90
20 121
20 122
20 1316
20 106443
20 153225
20 840432
21 3
21 4
21 5
21 33173
21 33763
21 840433
22 4
22 5
22 202
22 105379
22 105381
22 840434
23 243
23 244
23 245
23 247
23 330860
24 3
24 4
24 5
24 4107
24 4109
24 840435
25 4
25 5
25 202
25 340
25 10649
25 10651
25 10652
25 10653
25 10654
25 840436
26 71
26 76
26 190
26 191
26 840437
seqId 273
1 4
1 5
1 99
1 131
1 132
1 133
1 811
1 840438
2 3
2 4
2 5
2 4249
2 4251
2 840439
3 230
3 231
3 232
3 234
3 840440
4 9
4 10
4 11
4 13
4 163
5 99
5 131
5 132
5 133
5 195
5 236
5 237
6 3
6 20
6 195
6 5228
6 5230
6 175239
7 10
7 1605
7 1606
7 1608
7 387258
8 3
8 4
8 195
8 340
8 1573
8 1575
8 840441
9 76
9 342
9 343
9 345
9 840442
10 3
10 4
10 195
10 340
10 81592
10 81594
10 840443
11 243
11 244
11 245
11 247
11 221272
12 3
12 20
12 195
12 2081
12 36474
12 840444
13 5
13 84
13 91
13 93
13 121
13 703
13 707
13 956
13 349888
14 4
14 5
14 90
14 122
14 708
14 713
14 1104
14 35819
14 35870
14 840445
15 10
15 146
15 149
15 2548
15 840446
16 3
16 5
16 20
16 38959
16 38961
16 603484
17 85
17 99
17 195
17 638
17 640
17 54239
18 3
18 4
18 195
18 33173
18 33175
18 840447
19 71
19 76
19 190
19 191
19 221282
seqId 274
1 4
1 5
1 99
1 131
1 132
1 133
1 811
1 780588
2 3
2 4
2 5
2 4249
2 4251
2 673268
3 230
3 231
3 232
3 234
3 673269
4 9
4 10
4 11
4 13
4 163
5 99
5 131
5 132
5 133
5 195
5 236
5 237
6 3
6 4
6 195
6 340
6 1573
6 1575
6 840448
7 76
7 342
7 343
7 345
7 41816
8 10
8 1605
8 1606
8 1608
8 358382
9 3
9 4
9 195
9 340
9 175260
9 175262
9 840449
10 76
10 342
10 343
10 345
10 11668
11 3
11 4
11 5
11 44971
11 44973
11 840450
12 243
12 244
12 245
12 247
12 840451
13 3
13 5
13 20
13 59550
13 59552
13 840452
14 5
14 84
14 91
14 93
14 121
14 703
14 707
14 956
14 840453
15 4
15 5
15 90
15 122
15 708
15 713
15 1104
15 32374
15 44380
15 840454
16 10
16 828
16 829
16 831
16 840455
17 67
17 136357
17 136358
17 136360
17 840456
18 67
18 967
18 158385
18 174286
18 174287
18 174289
18 840457
19 76
19 342
19 343
19 345
19 733618
20 10
20 146
20 147
20 149
20 741619
21 3
21 5
21 20
21 31708
21 31710
21 754750
22 9
22 10
22 11
22 13
22 192893
23 5
23 27
23 99
23 131
23 132
23 133
23 135
23 840458
24 3
24 5
24 20
24 145028
24 145182
24 840459
25 5
25 20
25 202
25 175277
25 175279
25 840460
26 76
26 413
26 414
26 416
26 840461
27 76
27 137
27 138
27 140
27 840462
28 27
28 82
28 944
28 2906
28 15403
28 840463
29 5
29 84
29 91
29 93
29 121
29 703
29 707
29 956
29 840464
30 5
30 20
30 82
30 84
30 98
30 100
30 595
30 9769
30 840465
31 27
31 944
31 945
31 1463
31 3308
31 840466
32 5
32 20
32 99
32 133
32 175
32 176
32 1316
32 503129
33 3
33 5
33 20
33 175288
33 175290
33 840467
34 76
34 413
34 414
34 416
34 840468
35 67
35 175293
35 175294
35 175296
35 840469
36 76
36 342
36 343
36 345
36 817904
37 67
37 175299
37 175300
37 175302
37 840470
38 76
38 342
38 343
38 345
38 221309
39 5
39 20
39 202
39 15065
39 130808
39 130810
39 349923
40 3
40 5
40 20
40 16951
40 16953
40 840471
41 76
41 433
41 434
41 436
41 840472
42 76
42 2911
42 2912
42 2914
42 840473
43 76
43 185
43 186
43 188
43 840474
44 76
44 342
44 343
44 345
44 840475
45 509
45 5376
45 62655
45 62657
45 840476
46 509
46 5376
46 134017
46 134019
46 840477
47 509
47 5376
47 13945
47 13947
47 840478
48 509
48 5376
48 47215
48 151516
48 175314
48 175316
48 840479
49 509
49 2787
49 5376
49 50774
49 85728
49 136387
49 840480
50 76
50 37695
50 37696
50 37698
50 840481
51 509
51 2423
51 3831
51 5376
51 8740
51 175320
51 840482
52 76
52 37706
52 37707
52 37709
52 840483
53 76
53 342
53 343
53 345
53 840484
54 51
54 195
54 1851
54 1853
54 840485
55 76
55 433
55 434
55 436
55 404129
56 71
56 76
56 190
56 191
56 733635
seqId 275
1 67
1 136357
1 136358
1 136360
1 840486
2 67
2 967
2 158385
2 174286
2 174287
2 174289
2 840487
3 5
3 84
3 91
3 93
3 121
3 702
3 703
3 705
3 840488
4 660
4 1513
4 1514
4 1516
4 840489
5 5
5 20
5 90
5 122
5 708
5 769
5 80810
5 80812
5 840490
6 76
6 342
6 343
6 345
6 192917
7 10
7 1387
7 1388
7 1390
7 840491
8 67
8 20691
8 20692
8 20694
8 840492
9 67
9 49286
9 49287
9 49289
9 840493
10 76
10 413
10 414
10 416
10 221334
11 67
11 72
11 123680
11 129816
11 129817
11 129819
11 840494
12 3
12 4
12 5
12 597
12 599
12 840495
13 76
13 433
13 434
13 436
13 840496
14 76
14 342
14 343
14 345
14 840497
15 5
15 20
15 99
15 133
15 175
15 176
15 1316
15 840498
16 3
16 5
16 20
16 70793
16 70795
16 840499
17 5
17 20
17 202
17 3386
17 10488
17 840500
18 5
18 20
18 90
18 122
18 708
18 713
18 5400
18 5402
18 840501
19 3
19 4
19 5
19 3465
19 175346
19 175348
19 840502
20 4
20 5
20 202
20 1104
20 175277
20 175279
20 840503
21 9
21 10
21 11
21 13
21 840504
22 5
22 99
22 131
22 132
22 133
22 135
22 171
22 840505
23 5
23 67
23 175293
23 175296
23 840506
24 76
24 413
24 414
24 416
24 840507
25 51
25 195
25 14053
25 94789
25 175356
25 840508
26 76
26 433
26 434
26 436
26 840509
27 71
27 76
27 190
27 191
27 840510
seqId 276
1 3
1 5
1 20
1 72
1 48974
1 175360
1 175362
1 175363
1 840511
2 76
2 342
2 343
2 345
2 387331
3 3
3 20
3 195
3 20035
3 28632
3 840512
4 76
4 342
4 343
4 345
4 387333
5 3
5 20
5 195
5 340
5 17803
5 175368
5 840513
6 71
6 76
6 190
6 191
6 840514
seqId 277
1 5
1 20
1 90
1 122
1 708
1 769
1 1336
1 3840
1 28004
1 840515
2 10
2 61206
2 61207
2 61209
2 840516
3 67
3 407
3 175375
3 175376
3 175378
3 840517
4 10
4 109
4 110
4 112
4 840518
5 51
5 195
5 1851
5 1853
5 840519
6 76
6 342
6 343
6 345
6 840520
7 5
7 20
7 98
7 99
7 100
7 3961
7 840521
8 3
8 5
8 20
8 9469
8 10946
8 840522
9 10
9 109
9 110
9 112
9 530709
10 3
10 5
10 20
10 13322
10 13324
10 840523
11 243
11 244
11 245
11 247
11 840524
12 10
12 109
12 110
12 112
12 54335
13 3
13 5
13 20
13 14350
13 14352
13 840525
14 5
14 84
14 90
14 91
14 93
14 121
14 11204
14 11206
14 840526
15 99
15 131
15 132
15 133
15 195
15 237
15 41903
16 3
16 4
16 195
16 11475
16 11807
16 840527
17 9
17 10
17 11
17 13
17 741690
18 3
18 20
18 195
18 10402
18 10404
18 840528
19 90
19 121
19 122
19 31304
19 37431
19 840529
20 10
20 109
20 110
20 112
20 11794
21 67
21 3042
21 3043
21 3045
21 840530
22 244
22 1249
22 1250
22 1252
22 840531
23 660
23 1622
23 1623
23 1625
23 840532
24 10
24 109
24 110
24 112
24 840533
25 67
25 49391
25 49392
25 49394
25 840534
26 76
26 342
26 343
26 345
26 840535
27 10
27 109
27 110
27 112
27 840536
28 67
28 175400
28 175401
28 175403
28 840537
29 76
29 342
29 343
29 345
29 840538
30 10
30 109
30 110
30 112
30 41920
31 67
31 162849
31 162850
31 162852
31 840539
32 244
32 418
32 419
32 421
32 307315
33 2822
33 2823
33 2824
33 2826
33 840540
34 10
34 146
34 147
34 149
34 722
35 99
35 131
35 132
35 133
35 195
35 236
35 237
36 67
36 72
36 195
36 22053
36 22055
36 22056
36 840541
37 71
37 76
37 190
37 191
37 41928
seqId 278
1 10
1 283
1 3640
1 3642
1 221394
2 5
2 20
2 99
2 131
2 132
2 133
2 166
2 840542
3 5
3 20
3 202
3 12237
3 12239
3 840543
4 3
4 5
4 20
4 18132
4 60668
4 840544
5 82
5 171
5 759
5 944
5 1463
5 840545
6 5
6 20
6 82
6 83
6 84
6 115
6 763
6 1002
6 840546
7 82
7 83
7 84
7 115
7 5729
7 5731
7 54370
8 5
8 84
8 91
8 93
8 121
8 702
8 703
8 705
8 11823
9 5
9 20
9 90
9 122
9 708
9 769
9 103478
9 103885
9 358470
10 76
10 413
10 414
10 416
10 840547
11 67
11 48317
11 48318
11 48320
11 48321
11 840548
seqId 279
1 4
1 5
1 99
1 131
1 132
1 133
1 811
1 99243
2 3
2 4
2 5
2 3199
2 5132
2 840549
3 4
3 5
3 202
3 1104
3 18684
3 80665
3 175423
3 175425
3 840550
4 9
4 10
4 11
4 13
4 840551
5 67
5 92366
5 175428
5 175429
5 175431
5 840552
6 67
6 175433
6 175434
6 175436
6 840553
7 76
7 433
7 434
7 436
7 840554
8 76
8 342
8 343
8 345
8 741723
9 67
9 71
9 407
9 18660
9 18661
9 840555
10 67
10 967
10 158385
10 174286
10 174287
10 174289
10 840556
11 5
11 84
11 91
11 93
11 121
11 702
11 703
11 705
11 840557
12 5
12 20
12 90
12 122
12 708
12 769
12 3979
12 14312
12 840558
13 4
13 5
13 99
13 131
13 132
13 133
13 152
13 530742
14 3
14 4
14 5
14 4249
14 4251
14 840559
15 230
15 231
15 232
15 234
15 754840
16 9
16 10
16 11
16 13
16 163
17 99
17 131
17 132
17 133
17 195
17 236
17 237
18 3
18 20
18 195
18 340
18 175446
18 175447
18 840560
19 9
19 10
19 11
19 13
19 11848
20 3
20 20
20 195
20 175449
20 175450
20 840561
21 9
21 10
21 11
21 13
21 840562
22 3
22 4
22 5
22 49472
22 50428
22 840563
23 10
23 828
23 829
23 831
23 358488
24 5
24 99
24 131
24 132
24 133
24 135
24 171
24 54398
25 3
25 4
25 5
25 54399
25 145105
25 175456
26 4
26 5
26 202
26 1104
26 175277
26 175279
26 840564
27 71
27 76
27 190
27 191
27 840565
seqId 280
1 3
1 5
1 20
1 2221
1 175461
1 840566
2 9
2 10
2 24
2 26
2 27
2 840567
3 3
3 4
3 5
3 14686
3 14688
3 840568
4 4
4 5
4 202
4 1104
4 175277
4 175279
4 840569
5 76
5 342
5 343
5 345
5 840570
6 67
6 136357
6 136358
6 136360
6 840571
7 67
7 967
7 158385
7 174286
7 174287
7 174289
7 840572
8 5
8 84
8 91
8 93
8 121
8 702
8 703
8 705
8 603607
9 5
9 20
9 72
9 90
9 122
9 708
9 769
9 5390
9 18530
9 21424
9 32018
9 840573
10 5
10 20
10 99
10 131
10 132
10 133
10 166
10 613518
11 3
11 5
11 20
11 2863
11 2865
11 840574
12 67
12 48317
12 48318
12 48320
12 48321
12 840575
13 3
13 4
13 5
13 14686
13 49719
13 840576
14 158
14 159
14 160
14 162
14 840577
15 9
15 10
15 11
15 13
15 163
16 5
16 20
16 99
16 131
16 132
16 133
16 165
16 166
17 5
17 20
17 67
17 72
17 57849
17 172222
17 175475
17 840578
18 243
18 244
18 245
18 247
18 193056
19 158
19 159
19 160
19 162
19 99289
20 9
20 10
20 11
20 13
20 163
21 5
21 20
21 99
21 131
21 132
21 133
21 165
21 166
22 3
22 5
22 20
22 5018
22 5020
22 840579
23 5
23 20
23 202
23 175481
23 175483
23 840580
24 5
24 20
24 202
24 140235
24 144993
24 840581
25 243
25 244
25 245
25 247
25 840582
26 5
26 20
26 202
26 41254
26 48321
26 48328
26 175487
26 840583
27 76
27 342
27 343
27 345
27 465921
28 10
28 1387
28 1388
28 1390
28 840584
29 67
29 31157
29 31159
29 57124
29 840585
30 67
30 92654
30 175493
30 175494
30 175496
30 840586
31 76
31 413
31 414
31 416
31 840587
32 67
32 603
32 13751
32 175499
32 175500
32 840588
33 76
33 433
33 434
33 436
33 840589
34 76
34 342
34 343
34 345
34 840590
35 67
35 17618
35 17619
35 17621
35 840591
36 67
36 72
36 96
36 1416
36 5918
36 24371
36 48274
36 52855
36 175506
36 175507
36 840592
37 76
37 413
37 414
37 416
37 840593
38 67
38 197
38 462
38 69867
38 143738
38 143739
38 840594
39 76
39 433
39 434
39 436
39 840595
40 76
40 342
40 343
40 345
40 840596
41 67
41 72
41 452
41 865
41 866
41 175514
41 175515
41 840597
42 67
42 175518
42 175519
42 175521
42 840598
43 76
43 413
43 414
43 416
43 840599
44 67
44 603
44 175524
44 175525
44 175527
44 840600
45 76
45 433
45 434
45 436
45 840601
46 76
46 342
46 343
46 345
46 840602
47 67
47 128586
47 128587
47 128589
47 840603
48 67
48 1186
48 6985
48 152070
48 175532
48 175533
48 840604
49 76
49 413
49 414
49 416
49 840605
50 67
50 197
50 462
50 69867
50 143738
50 143739
50 840606
51 76
51 433
51 434
51 436
51 840607
52 10
52 109
52 110
52 112
52 127028
53 51
53 72
53 195
53 1097
53 108244
53 140567
53 840608
54 243
54 244
54 245
54 247
54 840609
55 51
55 72
55 195
55 1853
55 140961
55 140963
55 840610
56 10
56 146
56 147
56 149
56 54461
57 5
57 99
57 131
57 132
57 133
57 135
57 171
57 840611
58 5
58 64
58 67
58 47596
58 47605
58 47608
58 840612
59 76
59 342
59 343
59 345
59 404262
60 10
60 109
60 110
60 112
60 99318
61 51
61 195
61 141124
61 141126
61 840613
62 243
62 244
62 245
62 247
62 840614
63 51
63 195
63 96638
63 96640
63 840615
64 10
64 146
64 147
64 149
64 840616
65 5
65 99
65 131
65 132
65 133
65 135
65 171
65 840617
66 5
66 67
66 38351
66 75606
66 840618
67 67
67 10653
67 150986
67 150987
67 150989
67 840619
68 71
68 76
68 190
68 191
68 127039
seqId 281
1 9
1 10
1 1886
1 20009
1 127040
2 3
2 5
2 20
2 6686
2 6688
2 840620
3 67
3 335
3 9490
3 31973
3 120155
3 840621
4 76
4 342
4 343
4 345
4 840622
5 5
5 20
5 98
5 99
5 100
5 102
5 840623
6 3
6 5
6 20
6 2863
6 2865
6 840624
7 5
7 84
7 91
7 93
7 703
7 707
7 914
7 916
7 64267
8 5
8 20
8 90
8 122
8 708
8 713
8 6786
8 48711
8 840625
9 2822
9 2823
9 2824
9 2826
9 840626
10 10
10 146
10 147
10 149
10 722
11 99
11 131
11 132
11 133
11 195
11 236
11 237
12 3
12 20
12 195
12 7149
12 7151
12 840627
13 9
13 10
13 11
13 13
13 136041
14 67
14 601
14 603
14 1197
14 840628
15 51
15 195
15 1427
15 1962
15 840629
16 76
16 342
16 343
16 345
16 64272
17 67
17 601
17 603
17 1197
17 840630
18 51
18 195
18 2712
18 2714
18 840631
19 76
19 342
19 343
19 345
19 840632
20 67
20 601
20 603
20 1197
20 840633
21 51
21 195
21 2686
21 15391
21 840634
22 76
22 342
22 343
22 345
22 840635
23 9
23 10
23 11
23 13
23 530816
24 5
24 27
24 99
24 131
24 132
24 133
24 135
24 840636
25 5
25 67
25 197
25 462
25 69867
25 143738
25 840637
26 243
26 244
26 245
26 247
26 840638
27 9
27 10
27 11
27 13
27 428619
28 5
28 27
28 99
28 131
28 132
28 133
28 135
28 840639
29 5
29 67
29 72
29 10653
29 38351
29 156745
29 175581
29 840640
30 71
30 76
30 190
30 191
30 840641
seqId 282
1 99
1 131
1 132
1 133
1 195
1 1220
1 840642
2 3
2 20
2 195
2 13036
2 13038
2 840643
3 84
3 91
3 93
3 121
3 195
3 703
3 707
3 1858
3 840644
4 717
4 718
4 719
4 721
4 350081
5 10
5 146
5 147
5 149
5 722
6 5
6 20
6 99
6 131
6 132
6 133
6 165
6 166
7 3
7 5
7 20
7 8760
7 8762
7 840645
8 230
8 231
8 232
8 234
8 840646
9 9
9 10
9 11
9 13
9 163
10 99
10 131
10 132
10 133
10 195
10 236
10 237
11 3
11 4
11 195
11 3268
11 11866
11 840647
12 9
12 10
12 24
12 26
12 27
12 387497
13 67
13 452
13 15151
13 15152
13 840648
14 67
14 48669
14 175594
14 175595
14 175597
14 840649
15 82
15 758
15 759
15 761
15 840650
16 5
16 84
16 90
16 91
16 93
16 121
16 98217
16 175601
16 840651
17 5
17 20
17 99
17 131
17 132
17 133
17 166
17 64295
18 3
18 5
18 20
18 31623
18 31625
18 840652
19 9
19 10
19 11
19 13
19 840653
20 3
20 4
20 5
20 31374
20 31376
20 840654
21 230
21 231
21 232
21 234
21 840655
22 9
22 10
22 11
22 13
22 163
23 99
23 131
23 132
23 133
23 195
23 236
23 237
24 3
24 20
24 195
24 175607
24 175609
24 840656
25 9
25 10
25 24
25 26
25 27
25 840657
26 3
26 4
26 5
26 175612
26 175614
26 840658
27 10
27 109
27 110
27 112
27 11999
28 3
28 4
28 5
28 19680
28 122097
28 840659
29 76
29 342
29 343
29 345
29 840660
30 10
30 109
30 112
30 1539
30 840661
31 3
31 5
31 20
31 142038
31 142040
31 840662
32 244
32 418
32 419
32 421
32 136072
33 10
33 109
33 110
33 112
33 741855
34 3
34 5
34 20
34 175622
34 175624
34 754908
35 9
35 10
35 11
35 13
35 42090
36 4
36 5
36 99
36 131
36 132
36 133
36 152
36 613605
37 3
37 4
37 5
37 3162
37 5832
37 840663
38 4
38 5
38 202
38 2964
38 51830
38 840664
39 10
39 283
39 284
39 286
39 840665
40 4
40 5
40 99
40 131
40 132
40 133
40 152
40 840666
41 4
41 5
41 67
41 3042
41 3045
41 840667
42 9
42 10
42 24
42 26
42 27
42 840668
43 5
43 20
43 202
43 36111
43 168242
43 840669
44 3
44 5
44 20
44 7633
44 7635
44 840670
45 76
45 413
45 414
45 416
45 840671
46 76
46 137
46 138
46 140
46 840672
47 10
47 1605
47 12979
47 63154
47 840673
48 3
48 4
48 5
48 497
48 35017
48 170997
48 170999
48 840674
49 243
49 244
49 245
49 247
49 840675
50 3
50 5
50 20
50 36464
50 36466
50 503346
51 75
51 76
51 77
51 79
51 613620
52 5
52 20
52 99
52 131
52 132
52 133
52 166
52 840676
53 3
53 5
53 20
53 31623
53 31625
53 127097
54 158
54 159
54 160
54 162
54 127098
55 9
55 10
55 11
55 13
55 163
56 5
56 20
56 99
56 131
56 132
56 133
56 165
56 166
57 3
57 5
57 20
57 175644
57 175646
57 840677
58 5
58 20
58 202
58 48429
58 48431
58 840678
59 10
59 283
59 284
59 286
59 840679
60 4
60 5
60 99
60 131
60 132
60 133
60 152
60 840680
61 3
61 4
61 5
61 30361
61 30363
61 840681
62 230
62 231
62 232
62 234
62 780794
63 9
63 10
63 11
63 13
63 163
64 99
64 131
64 132
64 133
64 195
64 236
64 237
65 3
65 20
65 195
65 340
65 175653
65 175655
65 840682
66 76
66 413
66 414
66 416
66 840683
67 67
67 3042
67 3043
67 3045
67 840684
68 76
68 342
68 343
68 345
68 840685
69 5
69 20
69 72
69 202
69 1104
69 15065
69 49846
69 131935
69 155350
69 175660
69 840686
70 3
70 20
70 195
70 16951
70 131943
70 840687
71 76
71 433
71 434
71 436
71 840688
72 76
72 185
72 186
72 188
72 64342
73 76
73 342
73 343
73 345
73 840689
74 3
74 5
74 20
74 2887
74 14153
74 840690
75 3
75 5
75 20
75 36464
75 48974
75 148991
75 175669
75 840691
76 243
76 244
76 245
76 247
76 840692
77 3
77 4
77 5
77 119109
77 146630
77 840693
78 76
78 342
78 343
78 345
78 818122
79 67
79 70336
79 70337
79 70339
79 840694
80 76
80 342
80 343
80 345
80 840695
81 51
81 195
81 5342
81 5344
81 840696
82 76
82 433
82 434
82 436
82 840697
83 71
83 76
83 190
83 191
83 54577
seqId 283
1 4
1 5
1 99
1 133
1 175
1 176
1 5129
1 193201
2 3
2 4
2 5
2 5256
2 5258
2 840698
3 4
3 5
3 202
3 5232
3 31311
3 840699
4 243
4 244
4 245
4 247
4 99416
5 4
5 5
5 90
5 122
5 708
5 713
5 1385
5 43218
5 43220
5 840700
6 10
6 1605
6 1606
6 1608
6 840701
7 5
7 27
7 99
7 131
7 132
7 133
7 135
7 840702
8 5
8 67
8 55291
8 55294
8 840703
9 51
9 195
9 14053
9 171406
9 171408
9 840704
10 243
10 244
10 245
10 247
10 331192
11 5
11 20
11 99
11 131
11 132
11 133
11 166
11 99422
12 5
12 20
12 67
12 458
12 1692
12 3213
12 69867
12 167933
12 840705
13 5
13 84
13 91
13 93
13 121
13 702
13 703
13 705
13 331194
14 5
14 20
14 90
14 122
14 708
14 769
14 10744
14 65708
14 840706
15 10
15 1387
15 1388
15 1390
15 54592
16 4
16 5
16 99
16 131
16 132
16 133
16 152
16 840707
17 3
17 4
17 5
17 4851
17 4853
17 404359
18 10
18 109
18 110
18 112
18 404360
19 3
19 4
19 5
19 4406
19 12103
19 24330
20 158
20 159
20 160
20 162
20 42166
21 9
21 10
21 11
21 13
21 163
22 5
22 20
22 99
22 131
22 132
22 133
22 165
22 166
23 3
23 5
23 20
23 10672
23 10674
23 840708
24 67
24 5458
24 49802
24 175699
24 840709
25 945
25 1010
25 1011
25 1013
25 840710
26 9
26 10
26 24
26 26
26 27
26 840711
27 67
27 340
27 175703
27 175704
27 175706
27 840712
28 76
28 342
28 343
28 345
28 840713
29 3
29 5
29 20
29 62611
29 62613
29 840714
30 230
30 231
30 232
30 234
30 673516
31 9
31 10
31 11
31 13
31 163
32 99
32 131
32 132
32 133
32 195
32 236
32 237
33 3
33 20
33 195
33 340
33 5458
33 49802
33 840715
34 10
34 146
34 147
34 149
34 840716
35 3
35 20
35 195
35 340
35 429
35 23585
35 840717
36 9
36 10
36 11
36 13
36 840718
37 5
37 27
37 99
37 131
37 132
37 133
37 135
37 840719
38 3
38 4
38 5
38 597
38 599
38 840720
39 67
39 601
39 603
39 1197
39 840721
40 67
40 340
40 23042
40 34203
40 34205
40 840722
41 76
41 342
41 343
41 345
41 840723
42 5
42 20
42 90
42 122
42 708
42 713
42 4379
42 5722
42 840724
43 10
43 828
43 829
43 831
43 603746
44 67
44 71
44 1026
44 18413
44 18414
44 840725
45 67
45 48669
45 175594
45 175595
45 175597
45 840726
46 10
46 378
46 379
46 381
46 840727
47 5
47 27
47 99
47 131
47 132
47 133
47 135
47 673529
48 5
48 67
48 55291
48 55294
48 840728
49 51
49 195
49 14053
49 171406
49 171408
49 840729
50 71
50 76
50 190
50 191
50 840730
seqId 284
1 5
1 20
1 98
1 99
1 100
1 8099
1 466093
2 3
2 5
2 20
2 429
2 431
2 840731
3 5
3 84
3 91
3 93
3 121
3 702
3 703
3 705
3 840732
4 5
4 20
4 90
4 122
4 708
4 768
4 769
4 771
4 840733
5 3
5 5
5 20
5 1905
5 1907
5 840734
6 10
6 146
6 147
6 149
6 414328
7 99
7 133
7 175
7 176
7 195
7 234
7 350174
8 3
8 20
8 195
8 2863
8 10735
8 840735
9 20
9 195
9 202
9 6269
9 6271
9 840736
10 9
10 10
10 11
10 13
10 818167
11 51
11 195
11 4162
11 4164
11 840737
12 10
12 146
12 147
12 149
12 175741
13 51
13 195
13 4167
13 4169
13 840738
14 76
14 342
14 343
14 345
14 840739
15 660
15 976
15 979
15 1458
15 840740
16 27
16 944
16 945
16 1463
16 3308
16 840741
17 10
17 146
17 147
17 149
17 136173
18 51
18 195
18 1501
18 1503
18 193269
19 3
19 4
19 195
19 6862
19 14459
19 818171
20 9
20 10
20 24
20 26
20 27
20 54635
21 3
21 4
21 195
21 1395
21 1397
21 840742
22 76
22 413
22 414
22 416
22 840743
23 3
23 5
23 20
23 7511
23 7513
23 840744
24 51
24 195
24 5922
24 5924
24 307581
25 243
25 244
25 245
25 247
25 840745
26 3
26 5
26 20
26 7511
26 7513
26 840746
27 51
27 195
27 5342
27 5344
27 840747
28 76
28 433
28 434
28 436
28 840748
29 76
29 1267
29 1268
29 1270
29 331240
seqId 285
1 5
1 20
1 99
1 133
1 175
1 176
1 1316
1 754986
2 3
2 5
2 20
2 175759
2 175761
2 840749
3 9
3 10
3 11
3 13
3 331242
4 3
4 4
4 15
4 195
4 4121
4 331243
5 10
5 126
5 127
5 129
5 99478
6 3
6 4
6 195
6 340
6 24687
6 151811
6 175767
6 175768
6 840750
7 5
7 84
7 91
7 93
7 121
7 702
7 703
7 705
7 840751
8 5
8 20
8 90
8 122
8 708
8 769
8 7370
8 8272
8 840752
9 5
9 20
9 99
9 133
9 175
9 176
9 1316
9 840753
10 3
10 5
10 20
10 18990
10 22108
10 840754
11 9
11 10
11 24
11 26
11 27
11 350204
12 67
12 75398
12 105497
12 175774
12 175775
12 840755
13 243
13 244
13 245
13 247
13 840756
14 4
14 5
14 99
14 133
14 175
14 176
14 178
14 840757
15 3
15 4
15 5
15 8842
15 9174
15 840758
16 5
16 84
16 91
16 93
16 121
16 703
16 707
16 956
16 840759
17 10
17 109
17 110
17 112
17 193297
18 3
18 5
18 20
18 389
18 391
18 840760
19 9
19 10
19 11
19 13
19 331261
20 3
20 4
20 5
20 10539
20 10541
20 840761
21 71
21 76
21 190
21 191
21 840762
seqId 286
1 5
1 20
1 99
1 133
1 175
1 176
1 9647
1 307613
2 5
2 20
2 202
2 15064
2 15067
2 840763
3 3
3 5
3 20
3 465
3 40514
3 840764
4 9
4 10
4 24
4 26
4 27
4 387650
5 3
5 4
5 5
5 33173
5 33763
5 840765
6 76
6 342
6 343
6 345
6 387653
7 10
7 378
7 379
7 381
7 840766
8 67
8 452
8 15151
8 15152
8 840767
9 67
9 48669
9 175594
9 175595
9 175597
9 840768
10 76
10 342
10 343
10 345
10 733912
11 5
11 84
11 91
11 93
11 121
11 702
11 703
11 705
11 840769
12 5
12 20
12 90
12 122
12 708
12 769
12 10652
12 13580
12 13981
12 42855
12 840770
13 10
13 146
13 147
13 149
13 503449
14 90
14 443
14 35819
14 47099
14 840771
15 99
15 131
15 132
15 133
15 195
15 237
15 307621
16 3
16 20
16 195
16 2723
16 3278
16 840772
17 10
17 1605
17 1606
17 1608
17 840773
18 3
18 4
18 5
18 8050
18 8052
18 840774
19 243
19 244
19 245
19 247
19 331280
20 3
20 4
20 5
20 3199
20 5132
20 840775
21 76
21 342
21 343
21 345
21 136227
22 10
22 109
22 110
22 112
22 840776
23 90
23 121
23 122
23 4338
23 45320
23 840777
24 717
24 718
24 719
24 721
24 404443
25 10
25 146
25 147
25 149
25 722
26 5
26 20
26 99
26 131
26 132
26 133
26 165
26 166
27 3
27 5
27 20
27 8459
27 8461
27 840778
28 76
28 137
28 138
28 140
28 840779
29 67
29 3042
29 3043
29 3045
29 840780
30 76
30 185
30 186
30 188
30 840781
31 9
31 10
31 11
31 13
31 193334
32 5
32 27
32 99
32 131
32 132
32 133
32 135
32 840782
33 3
33 4
33 5
33 7388
33 27055
33 840783
34 4
34 5
34 202
34 3386
34 6768
34 840784
35 4
35 5
35 90
35 122
35 708
35 713
35 3686
35 3765
35 840785
36 10
36 828
36 829
36 831
36 840786
37 5
37 20
37 99
37 131
37 132
37 133
37 166
37 307639
38 3
38 5
38 20
38 217
38 219
38 840787
39 9
39 10
39 24
39 26
39 27
39 840788
40 3
40 4
40 5
40 5804
40 10827
40 30801
40 35034
40 840789
41 4
41 5
41 202
41 477
41 175822
41 175824
41 175825
41 840790
42 4
42 5
42 202
42 1403
42 49907
42 840791
43 76
43 413
43 414
43 416
43 840792
44 64
44 67
44 47596
44 47605
44 47606
44 47608
44 840793
45 76
45 433
45 434
45 436
45 42286
46 10
46 126
46 127
46 129
46 673608
47 4
47 5
47 99
47 131
47 132
47 133
47 152
47 673609
48 3
48 4
48 5
48 13389
48 13391
48 840794
49 243
49 244
49 245
49 247
49 64496
50 4
50 5
50 99
50 131
50 132
50 133
50 152
50 840795
51 3
51 4
51 5
51 80018
51 80020
51 840796
52 230
52 231
52 232
52 234
52 840797
53 9
53 10
53 11
53 13
53 163
54 99
54 131
54 132
54 133
54 195
54 236
54 237
55 3
55 4
55 195
55 93140
55 116691
55 175837
55 840798
56 230
56 231
56 232
56 234
56 840799
57 9
57 10
57 11
57 13
57 163
58 99
58 131
58 132
58 133
58 195
58 236
58 237
59 3
59 4
59 195
59 340
59 175841
59 175843
59 175844
59 840800
60 76
60 342
60 343
60 345
60 742056
61 3
61 4
61 5
61 5859
61 24599
61 840801
62 717
62 718
62 719
62 721
62 414432
63 10
63 146
63 147
63 149
63 722
64 5
64 20
64 99
64 131
64 132
64 133
64 165
64 166
65 3
65 5
65 20
65 33570
65 33572
65 840802
66 158
66 159
66 160
66 162
66 840803
67 9
67 10
67 11
67 13
67 163
68 5
68 20
68 99
68 131
68 132
68 133
68 165
68 166
69 3
69 5
69 20
69 3199
69 5132
69 840804
70 243
70 244
70 245
70 247
70 603836
71 158
71 159
71 160
71 162
71 840805
72 9
72 10
72 11
72 13
72 163
73 5
73 20
73 99
73 131
73 132
73 133
73 165
73 166
74 3
74 5
74 20
74 168724
74 168726
74 840806
75 71
75 76
75 190
75 191
75 840807
seqId 287
1 3
1 5
1 20
1 1026
1 1104
1 9565
1 28544
1 414440
2 51
2 195
2 4790
2 4792
2 840808
3 71
3 76
3 190
3 191
3 840809
seqId 288
1 3
1 20
1 195
1 340
1 12336
1 55581
1 840810
2 243
2 244
2 245
2 247
2 127286
3 3
3 4
3 195
3 7178
3 7180
3 840811
seqId 289
1 67
1 4792
1 17718
1 175857
1 175858
1 840812
2 71
2 76
2 190
2 191
2 840813
seqId 290
1 3
1 4
1 5
1 14686
1 49719
1 840814
2 230
2 231
2 232
2 234
2 331328
3 9
3 10
3 11
3 13
3 163
4 99
4 131
4 132
4 133
4 195
4 236
4 237
5 3
5 4
5 195
5 313
5 6526
5 840815
6 243
6 244
6 245
6 247
6 840816
7 230
7 231
7 232
7 234
7 818268
8 9
8 10
8 11
8 13
8 163
9 99
9 131
9 132
9 133
9 195
9 236
9 237
10 3
10 4
10 195
10 18773
10 20364
10 840817
seqId 291
1 5
1 20
1 98
1 99
1 100
1 8099
1 840818
2 3
2 5
2 20
2 72
2 279
2 172668
2 172670
2 840819
3 5
3 84
3 90
3 91
3 93
3 121
3 1488
3 17865
3 840820
4 10
4 109
4 112
4 1539
4 221737
5 3
5 5
5 20
5 1601
5 1603
5 840821
6 99
6 131
6 132
6 133
6 195
6 237
6 221740
7 3
7 20
7 195
7 1320
7 3384
7 840822
8 9
8 10
8 11
8 13
8 840823
9 67
9 174176
9 174178
9 174555
9 840824
10 67
10 6985
10 48761
10 174978
10 174979
10 174981
10 840825
11 76
11 342
11 343
11 345
11 840826
12 3
12 5
12 20
12 2221
12 2223
12 840827
13 9
13 10
13 24
13 26
13 27
13 840828
14 3
14 4
14 5
14 14686
14 14688
14 840829
15 9
15 10
15 11
15 13
15 54773
16 4
16 5
16 99
16 131
16 132
16 133
16 152
16 840830
17 3
17 4
17 5
17 175881
17 175883
17 840831
18 243
18 244
18 245
18 247
18 840832
19 230
19 231
19 232
19 234
19 840833
20 9
20 10
20 11
20 13
20 163
21 99
21 131
21 132
21 133
21 195
21 236
21 237
22 3
22 4
22 195
22 5512
22 5514
22 840834
23 10
23 1605
23 1606
23 1608
23 12352
24 3
24 5
24 20
24 12336
24 15959
24 404516
25 5
25 20
25 202
25 96170
25 96172
25 404517
26 5
26 20
26 202
26 34785
26 36313
26 840835
27 243
27 244
27 245
27 247
27 840836
28 3
28 5
28 20
28 12336
28 15959
28 840837
29 5
29 20
29 202
29 96170
29 96172
29 673652
30 5
30 20
30 202
30 147610
30 175896
30 840838
31 76
31 342
31 343
31 345
31 840839
32 945
32 1010
32 1011
32 1013
32 840840
33 82
33 83
33 84
33 109
33 112
33 115
33 127328
34 5
34 84
34 90
34 91
34 93
34 121
34 5326
34 30076
34 840841
35 4
35 5
35 99
35 115
35 773
35 774
35 775
35 776
35 3330
35 531009
36 3
36 4
36 5
36 10248
36 10250
36 840842
37 76
37 342
37 343
37 345
37 358811
38 660
38 29942
38 29943
38 29945
38 840843
39 4
39 5
39 90
39 122
39 708
39 713
39 9303
39 18389
39 840844
40 76
40 413
40 414
40 416
40 840845
41 67
41 1026
41 39453
41 175907
41 175908
41 175910
41 840846
42 243
42 244
42 245
42 247
42 840847
43 4
43 5
43 99
43 131
43 132
43 133
43 152
43 840848
44 3
44 4
44 5
44 175881
44 175883
44 840849
45 10
45 109
45 110
45 112
45 603888
46 67
46 49391
46 49392
46 49394
46 840850
47 71
47 76
47 190
47 191
47 221776
seqId 292
1 5
1 20
1 99
1 131
1 132
1 133
1 967
1 840851
2 5
2 20
2 67
2 161571
2 161574
2 840852
3 10
3 283
3 284
3 286
3 840853
4 99
4 131
4 132
4 133
4 195
4 237
4 840854
5 3
5 4
5 195
5 597
5 31151
5 840855
6 76
6 413
6 414
6 416
6 840856
7 51
7 195
7 77619
7 106040
7 175922
7 175924
7 840857
8 76
8 433
8 434
8 436
8 840858
9 76
9 342
9 343
9 345
9 358834
10 67
10 601
10 603
10 1197
10 840859
11 76
11 342
11 343
11 345
11 840860
12 67
12 18530
12 155057
12 155058
12 155060
12 840861
13 67
13 155062
13 155063
13 155065
13 840862
14 76
14 342
14 343
14 345
14 175933
15 51
15 195
15 4167
15 4169
15 840863
16 76
16 342
16 343
16 345
16 840864
17 51
17 195
17 2153
17 175935
17 175937
17 840865
18 3
18 4
18 195
18 11431
18 11433
18 840866
19 76
19 433
19 434
19 436
19 221791
20 71
20 76
20 190
20 191
20 840867
seqId 293
1 5
1 27
1 99
1 131
1 132
1 133
1 699
1 840868
2 3
2 5
2 20
2 9469
2 10946
2 840869
3 3
3 4
3 5
3 313
3 120068
3 840870
4 243
4 244
4 245
4 247
4 840871
5 3
5 4
5 5
5 18773
5 18775
5 840872
6 717
6 718
6 719
6 721
6 428862
7 10
7 146
7 147
7 149
7 722
8 5
8 20
8 99
8 131
8 132
8 133
8 165
8 166
9 5
9 20
9 202
9 1718
9 57849
9 840873
10 3
10 5
10 20
10 15215
10 65093
10 131674
10 840874
11 76
11 413
11 414
11 416
11 840875
12 5
12 20
12 72
12 202
12 1104
12 5528
12 15065
12 62808
12 175951
12 175953
12 840876
13 3
13 5
13 20
13 16951
13 16953
13 840877
14 76
14 433
14 434
14 436
14 840878
15 660
15 29942
15 29943
15 29945
15 840879
16 5
16 20
16 90
16 122
16 708
16 769
16 3840
16 70005
16 840880
17 76
17 413
17 414
17 416
17 840881
18 67
18 72
18 6363
18 135196
18 140864
18 140865
18 840882
19 76
19 342
19 343
19 345
19 428872
20 67
20 4796
20 175962
20 175963
20 175965
20 840883
21 76
21 342
21 343
21 345
21 175967
22 51
22 195
22 4167
22 4169
22 840884
23 76
23 433
23 434
23 436
23 404562
24 243
24 244
24 245
24 247
24 175970
25 27
25 82
25 759
25 944
25 1463
25 840885
26 5
26 20
26 82
26 83
26 84
26 115
26 763
26 1002
26 12443
27 5
27 84
27 91
27 93
27 121
27 702
27 703
27 705
27 840886
28 5
28 20
28 90
28 122
28 708
28 769
28 5390
28 14297
28 18530
28 70056
28 71108
28 603922
29 10
29 1387
29 1388
29 1390
29 840887
30 36
30 67
30 71
30 18488
30 18489
30 840888
31 67
31 96
31 174350
31 174351
31 174353
31 840889
32 76
32 413
32 414
32 416
32 840890
33 67
33 601
33 603
33 1197
33 840891
34 51
34 195
34 2686
34 15391
34 840892
35 76
35 433
35 434
35 436
35 840893
36 243
36 244
36 245
36 247
36 221814
37 67
37 70
37 71
37 64117
37 64118
37 840894
38 67
38 72
38 12747
38 115890
38 137360
38 175983
38 175984
38 175986
38 840895
39 76
39 413
39 414
39 416
39 840896
40 67
40 119124
40 119126
40 119127
40 175988
40 840897
41 76
41 433
41 434
41 436
41 840898
42 76
42 342
42 343
42 345
42 840899
43 243
43 244
43 245
43 247
43 725109
44 6151
44 6152
44 6153
44 6155
44 725110
45 10
45 146
45 147
45 149
45 722
46 5
46 20
46 82
46 759
46 1432
46 6157
46 6158
47 5
47 84
47 91
47 93
47 121
47 702
47 703
47 705
47 840900
48 5
48 20
48 90
48 122
48 708
48 769
48 4338
48 4340
48 840901
49 67
49 138439
49 138440
49 138442
49 840902
50 67
50 857
50 48314
50 175998
50 175999
50 840903
51 76
51 342
51 343
51 345
51 414594
52 5
52 84
52 90
52 91
52 93
52 121
52 9903
52 10728
52 840904
53 5
53 20
53 99
53 133
53 175
53 176
53 1316
53 840905
54 3
54 5
54 20
54 19820
54 19822
54 840906
55 5
55 20
55 202
55 3272
55 21854
55 840907
56 10
56 1605
56 1606
56 1608
56 840908
57 3
57 4
57 5
57 14686
57 14688
57 840909
58 243
58 244
58 245
58 247
58 840910
59 3
59 4
59 5
59 81925
59 81927
59 840911
60 230
60 231
60 232
60 234
60 840912
61 9
61 10
61 11
61 13
61 163
62 99
62 131
62 132
62 133
62 195
62 236
62 237
63 3
63 4
63 195
63 18773
63 20364
63 840913
64 243
64 244
64 245
64 247
64 127414
65 3
65 4
65 5
65 14686
65 14688
65 673711
66 243
66 244
66 245
66 247
66 466299
67 3
67 4
67 5
67 59102
67 59104
67 840914
68 230
68 231
68 232
68 234
68 531074
69 9
69 10
69 11
69 13
69 163
70 99
70 131
70 132
70 133
70 195
70 236
70 237
71 3
71 4
71 195
71 313
71 6526
71 840915
72 71
72 76
72 190
72 191
72 840916
seqId 294
1 5
1 20
1 82
1 83
1 84
1 115
1 763
1 3948
1 603949
2 5
2 84
2 90
2 91
2 93
2 121
2 10715
2 27603
2 840917
3 4
3 5
3 99
3 133
3 175
3 176
3 178
3 734045
4 3
4 4
4 5
4 13599
4 13601
4 367460
5 230
5 231
5 232
5 234
5 367461
6 9
6 10
6 11
6 13
6 163
7 99
7 131
7 132
7 133
7 195
7 236
7 237
8 3
8 4
8 15
8 195
8 4121
8 840918
9 4
9 90
9 122
9 195
9 340
9 708
9 713
9 4845
9 25202
9 840919
10 10
10 109
10 112
10 1539
10 840920
11 3
11 5
11 20
11 5335
11 8517
11 840921
12 10
12 828
12 829
12 831
12 840922
13 85
13 99
13 195
13 638
13 640
13 840923
14 3
14 20
14 195
14 2034
14 3403
14 840924
15 9
15 10
15 11
15 13
15 840925
16 5
16 99
16 131
16 132
16 133
16 135
16 171
16 840926
17 5
17 67
17 55291
17 55294
17 840927
18 51
18 195
18 14053
18 171406
18 171408
18 840928
19 10
19 283
19 284
19 286
19 840929
20 5
20 20
20 99
20 131
20 132
20 133
20 166
20 840930
21 3
21 5
21 20
21 4345
21 4347
21 840931
22 9
22 10
22 26
22 169
22 171
22 840932
23 5
23 20
23 99
23 133
23 175
23 176
23 1316
23 307821
24 3
24 5
24 20
24 2887
24 2889
24 840933
25 76
25 413
25 414
25 416
25 840934
26 67
26 72
26 6363
26 135196
26 140864
26 140865
26 840935
27 76
27 342
27 343
27 345
27 176038
28 51
28 195
28 8426
28 8428
28 840936
29 76
29 342
29 343
29 345
29 840937
30 3
30 5
30 20
30 2887
30 2889
30 840938
31 5
31 20
31 202
31 2923
31 2925
31 840939
32 5
32 20
32 90
32 122
32 708
32 713
32 2832
32 5688
32 840940
33 10
33 828
33 829
33 831
33 818384
34 5
34 99
34 131
34 132
34 133
34 135
34 171
34 818385
35 5
35 67
35 55291
35 55294
35 840941
36 51
36 195
36 14053
36 171406
36 171408
36 840942
37 243
37 244
37 245
37 247
37 64750
38 5
38 99
38 131
38 132
38 133
38 135
38 171
38 840943
39 5
39 67
39 119124
39 119126
39 119127
39 840944
40 76
40 433
40 434
40 436
40 840945
41 76
41 342
41 343
41 345
41 603981
42 9
42 10
42 26
42 169
42 171
42 428934
43 4
43 5
43 99
43 133
43 175
43 176
43 178
43 613878
44 3
44 4
44 5
44 6862
44 6864
44 840946
45 9
45 10
45 26
45 169
45 171
45 840947
46 3
46 4
46 195
46 1395
46 1397
46 840948
47 90
47 443
47 2125
47 176057
47 840949
48 243
48 244
48 245
48 247
48 428940
49 90
49 443
49 4656
49 4658
49 840950
50 4
50 5
50 99
50 131
50 132
50 133
50 152
50 358928
51 3
51 4
51 5
51 6713
51 6715
51 840951
52 76
52 342
52 343
52 345
52 840952
53 10
53 1605
53 1606
53 1608
53 840953
54 3
54 4
54 195
54 313
54 6526
54 840954
55 243
55 244
55 245
55 247
55 99756
56 3
56 4
56 195
56 18773
56 20364
56 840955
57 76
57 413
57 414
57 416
57 840956
58 5
58 20
58 72
58 202
58 1104
58 1104
58 5528
58 15065
58 62808
58 112889
58 176068
58 466351
59 3
59 5
59 20
59 16951
59 16953
59 404644
60 76
60 433
60 434
60 436
60 840957
61 76
61 342
61 343
61 345
61 350458
62 67
62 72
62 6363
62 135196
62 140864
62 140865
62 840958
63 76
63 342
63 343
63 345
63 840959
64 51
64 195
64 1851
64 1853
64 840960
65 243
65 244
65 245
65 247
65 136570
66 99
66 133
66 175
66 176
66 195
66 234
66 840961
67 3
67 4
67 195
67 10683
67 62014
67 840962
68 158
68 159
68 160
68 162
68 307869
69 9
69 10
69 11
69 13
69 163
70 5
70 20
70 99
70 131
70 132
70 133
70 165
70 166
71 3
71 20
71 195
71 2863
71 10735
71 840963
72 3
72 4
72 5
72 18773
72 134355
72 840964
73 243
73 244
73 245
73 247
73 840965
74 3
74 4
74 5
74 313
74 5251
74 840966
75 158
75 159
75 160
75 162
75 840967
76 9
76 10
76 11
76 13
76 163
77 5
77 20
77 99
77 131
77 132
77 133
77 165
77 166
78 5
78 20
78 202
78 1718
78 57849
78 840968
79 3
79 5
79 20
79 15215
79 65093
79 131674
79 840969
80 10
80 146
80 147
80 149
80 840970
81 4
81 5
81 99
81 131
81 132
81 133
81 152
81 840971
82 4
82 5
82 67
82 131667
82 131669
82 840972
83 71
83 76
83 190
83 191
83 466367
seqId 295
1 3
1 20
1 195
1 13296
1 134041
1 840973
2 76
2 342
2 343
2 345
2 840974
3 3
3 4
3 195
3 5859
3 14468
3 404658
4 243
4 244
4 245
4 247
4 840975
5 3
5 20
5 195
5 340
5 12336
5 15959
5 840976
6 27
6 82
6 759
6 944
6 1463
6 840977
7 5
7 20
7 82
7 83
7 84
7 115
7 763
7 1002
7 840978
8 5
8 72
8 84
8 90
8 91
8 93
8 121
8 5390
8 113792
8 174811
8 358960
9 10
9 7340
9 9033
9 9035
9 840979
10 51
10 195
10 5342
10 5344
10 840980
11 10
11 146
11 147
11 149
11 404666
12 5
12 27
12 99
12 131
12 132
12 133
12 135
12 840981
13 5
13 67
13 38351
13 75606
13 840982
14 67
14 10653
14 150986
14 150987
14 150989
14 840983
15 76
15 342
15 343
15 345
15 840984
16 82
16 758
16 759
16 761
16 404669
17 5
17 84
17 90
17 91
17 93
17 121
17 3777
17 4766
17 840985
18 3
18 4
18 5
18 6896
18 6898
18 840986
19 717
19 718
19 719
19 721
19 840987
20 10
20 146
20 147
20 149
20 722
21 5
21 20
21 99
21 131
21 132
21 133
21 165
21 166
22 3
22 5
22 20
22 1493
22 1495
22 840988
23 10
23 146
23 147
23 149
23 307911
24 5
24 20
24 99
24 133
24 175
24 176
24 1316
24 64815
25 3
25 5
25 20
25 2863
25 2865
25 840989
26 5
26 20
26 72
26 90
26 122
26 708
26 713
26 5390
26 113792
26 113794
26 531155
27 660
27 1513
27 1514
27 1516
27 840990
28 10
28 828
28 829
28 831
28 840991
29 67
29 71
29 9179
29 9494
29 18718
29 840992
30 67
30 6985
30 48761
30 174978
30 174979
30 174981
30 840993
31 243
31 244
31 245
31 247
31 840994
32 67
32 70
32 71
32 64117
32 64118
32 840995
33 67
33 72
33 12747
33 115890
33 137360
33 175983
33 175984
33 175986
33 840996
34 10
34 126
34 127
34 129
34 840997
35 76
35 137
35 138
35 140
35 388011
36 5
36 27
36 99
36 131
36 132
36 133
36 699
36 388014
37 3
37 4
37 5
37 497
37 104722
37 104724
37 613934
38 4
38 5
38 202
38 302
38 304
38 840998
39 717
39 718
39 719
39 721
39 54987
40 10
40 146
40 147
40 149
40 722
41 5
41 20
41 99
41 131
41 132
41 133
41 165
41 166
42 5
42 20
42 202
42 1718
42 57849
42 840999
43 3
43 5
43 20
43 15215
43 65093
43 131674
43 841000
44 75
44 76
44 77
44 79
44 841001
45 3
45 4
45 5
45 59102
45 59104
45 841002
46 4
46 5
46 202
46 5273
46 176128
46 841003
47 76
47 342
47 343
47 345
47 54995
48 3
48 4
48 5
48 175881
48 175883
48 841004
49 76
49 342
49 343
49 345
49 307942
50 3
50 4
50 195
50 313
50 6526
50 841005
51 67
51 48317
51 48318
51 48320
51 48321
51 841006
52 4
52 195
52 202
52 340
52 48321
52 48328
52 176135
52 176137
52 841007
53 76
53 185
53 186
53 188
53 193688
54 76
54 413
54 414
54 416
54 466407
55 51
55 72
55 195
55 1097
55 112078
55 176141
55 841008
56 76
56 433
56 434
56 436
56 841009
57 71
57 76
57 190
57 191
57 841010
seqId 296
1 67
1 174176
1 174178
1 174555
1 841011
2 67
2 6985
2 48761
2 174978
2 174979
2 174981
2 841012
3 5
3 84
3 91
3 93
3 121
3 702
3 703
3 705
3 531189
4 660
4 1513
4 1514
4 1516
4 841013
5 5
5 20
5 90
5 122
5 708
5 769
5 4338
5 4340
5 841014
6 10
6 109
6 110
6 112
6 136648
7 51
7 195
7 5922
7 5924
7 841015
8 76
8 342
8 343
8 345
8 841016
9 717
9 718
9 719
9 721
9 841017
10 10
10 146
10 147
10 149
10 722
11 5
11 20
11 99
11 131
11 132
11 133
11 165
11 166
12 3
12 5
12 20
12 2887
12 2889
12 841018
13 9
13 10
13 11
13 13
13 841019
14 5
14 27
14 99
14 131
14 132
14 133
14 135
14 841020
15 5
15 67
15 55291
15 55294
15 841021
16 51
16 195
16 14053
16 171406
16 171408
16 841022
17 3
17 4
17 195
17 340
17 33143
17 41068
17 45111
17 45265
17 841023
18 158
18 159
18 160
18 162
18 55025
19 9
19 10
19 11
19 13
19 163
20 5
20 20
20 99
20 131
20 132
20 133
20 165
20 166
21 3
21 5
21 20
21 1320
21 1322
21 841024
22 5
22 20
22 202
22 14576
22 14578
22 841025
23 158
23 159
23 160
23 162
23 55029
24 9
24 10
24 11
24 13
24 163
25 5
25 20
25 99
25 131
25 132
25 133
25 165
25 166
26 5
26 20
26 202
26 1718
26 57849
26 841026
27 3
27 5
27 20
27 15215
27 65093
27 131674
27 841027
28 10
28 146
28 147
28 149
28 12705
29 5
29 99
29 131
29 132
29 133
29 135
29 171
29 841028
30 3
30 4
30 5
30 3576
30 3578
30 841029
31 4
31 5
31 202
31 21185
31 78431
31 841030
32 76
32 433
32 434
32 436
32 841031
33 71
33 76
33 190
33 191
33 12711
seqId 297
1 9
1 10
1 1886
1 20009
1 367592
2 51
2 195
2 1851
2 1853
2 841032
3 10
3 146
3 147
3 149
3 176174
4 51
4 195
4 5342
4 5344
4 841033
5 76
5 342
5 343
5 345
5 841034
6 5
6 20
6 82
6 83
6 84
6 115
6 763
6 1002
6 613968
7 5
7 84
7 90
7 91
7 93
7 121
7 713
7 5390
7 14297
7 18530
7 70056
7 71108
7 841035
8 10
8 1387
8 1388
8 1390
8 841036
9 67
9 176179
9 176180
9 176182
9 841037
10 67
10 48564
10 48566
10 52700
10 841038
11 76
11 413
11 414
11 416
11 841039
12 67
12 41961
12 41962
12 41964
12 841040
13 76
13 342
13 343
13 345
13 841041
14 3
14 5
14 20
14 217
14 219
14 841042
15 9
15 10
15 24
15 26
15 27
15 841043
16 3
16 4
16 195
16 340
16 1395
16 80744
16 841044
17 4
17 195
17 202
17 340
17 55615
17 111921
17 841045
18 9
18 10
18 11
18 13
18 841046
19 4
19 5
19 99
19 131
19 132
19 133
19 152
19 841047
20 4
20 5
20 67
20 131667
20 131669
20 841048
21 76
21 433
21 434
21 436
21 841049
22 5
22 20
22 99
22 133
22 175
22 176
22 1316
22 755229
23 5
23 20
23 202
23 1466
23 18974
23 841050
24 3
24 5
24 20
24 10672
24 10674
24 841051
25 5
25 20
25 202
25 302
25 304
25 841052
26 9
26 10
26 11
26 13
26 359041
27 5
27 99
27 131
27 132
27 133
27 135
27 171
27 99910
28 3
28 4
28 5
28 2997
28 34126
28 841053
29 4
29 5
29 202
29 13322
29 48936
29 841054
30 9
30 10
30 11
30 13
30 841055
31 67
31 49659
31 49660
31 49662
31 841056
32 5
32 20
32 90
32 122
32 708
32 713
32 5400
32 5402
32 841057
33 99
33 131
33 132
33 133
33 195
33 1220
33 841058
34 3
34 20
34 195
34 340
34 12336
34 15959
34 841059
35 20
35 195
35 202
35 340
35 176210
35 176212
35 841060
36 10
36 283
36 284
36 286
36 841061
37 99
37 131
37 132
37 133
37 195
37 237
37 841062
38 3
38 20
38 195
38 3696
38 29521
38 841063
39 20
39 195
39 202
39 340
39 176217
39 176219
39 841064
40 76
40 413
40 414
40 416
40 64926
41 67
41 49391
41 49392
41 49394
41 841065
42 76
42 342
42 343
42 345
42 614000
43 5
43 20
43 72
43 202
43 1104
43 1104
43 5528
43 15065
43 62808
43 112889
43 176068
43 841066
44 3
44 20
44 195
44 16951
44 131943
44 841067
45 76
45 433
45 434
45 436
45 841068
46 76
46 342
46 343
46 345
46 176228
47 82
47 758
47 759
47 761
47 841069
48 5
48 84
48 91
48 93
48 121
48 702
48 703
48 705
48 331639
49 5
49 20
49 90
49 122
49 708
49 768
49 769
49 771
49 841070
50 3
50 5
50 20
50 1905
50 1907
50 841071
51 10
51 146
51 147
51 149
51 466485
52 51
52 195
52 1368
52 1370
52 841072
53 3
53 4
53 195
53 6862
53 94731
53 841073
54 9
54 10
54 26
54 169
54 171
54 841074
55 3
55 4
55 195
55 1395
55 1397
55 841075
56 76
56 413
56 414
56 416
56 331649
57 67
57 49659
57 49660
57 49662
57 841076
58 76
58 342
58 343
58 345
58 841077
59 51
59 72
59 195
59 1853
59 112130
59 169890
59 841078
60 76
60 433
60 434
60 436
60 503829
61 243
61 244
61 245
61 247
61 841079
62 10
62 146
62 147
62 149
62 841080
63 5
63 20
63 99
63 133
63 175
63 176
63 1316
63 359069
64 3
64 5
64 20
64 2887
64 2889
64 841081
65 5
65 20
65 202
65 2923
65 2925
65 841082
66 76
66 413
66 414
66 416
66 841083
67 67
67 176246
67 176247
67 176249
67 841084
68 76
68 342
68 343
68 345
68 841085
69 10
69 109
69 110
69 112
69 734236
70 3
70 5
70 20
70 4862
70 9651
70 734237
71 10
71 1387
71 1388
71 1390
71 531261
72 5
72 20
72 99
72 131
72 132
72 133
72 166
72 64958
73 5
73 20
73 67
73 5933
73 176256
73 176258
73 841086
74 76
74 342
74 343
74 345
74 136787
75 51
75 195
75 5342
75 5344
75 841087
76 76
76 433
76 434
76 436
76 841088
77 71
77 76
77 190
77 191
77 841089
seqId 298
1 5
1 20
1 98
1 99
1 100
1 8099
1 841090
2 3
2 5
2 20
2 10672
2 10674
2 841091
3 5
3 20
3 202
3 24371
3 24372
3 46130
3 46132
3 841092
4 5
4 84
4 91
4 93
4 121
4 702
4 703
4 705
4 841093
5 5
5 20
5 122
5 703
5 707
5 708
5 710
5 841094
6 5
6 20
6 90
6 122
6 708
6 713
6 2514
6 2516
6 841095
7 10
7 378
7 379
7 381
7 841096
8 5
8 27
8 99
8 131
8 132
8 133
8 135
8 841097
9 3
9 5
9 20
9 4011
9 4013
9 841098
10 10
10 828
10 829
10 831
10 841099
11 5
11 27
11 99
11 131
11 132
11 133
11 135
11 841100
12 3
12 4
12 5
12 2997
12 34126
12 841101
13 4
13 5
13 202
13 13322
13 48936
13 841102
14 9
14 10
14 11
14 13
14 55140
15 67
15 49659
15 49660
15 49662
15 841103
16 76
16 413
16 414
16 416
16 841104
17 3
17 5
17 20
17 93454
17 93456
17 841105
18 5
18 20
18 202
18 2840
18 2842
18 841106
19 9
19 10
19 11
19 13
19 818534
20 4
20 5
20 99
20 131
20 132
20 133
20 152
20 127653
21 3
21 4
21 5
21 2955
21 3079
21 466524
22 75
22 76
22 77
22 79
22 193811
23 51
23 195
23 3074
23 14491
23 58272
23 841107
24 3
24 20
24 195
24 2689
24 2691
24 841108
25 76
25 433
25 434
25 436
25 841109
26 76
26 342
26 343
26 345
26 42744
27 10
27 1387
27 1388
27 1390
27 841110
28 5
28 27
28 99
28 131
28 132
28 133
28 135
28 841111
29 3
29 5
29 20
29 2558
29 2560
29 841112
30 9
30 10
30 11
30 13
30 841113
31 5
31 27
31 99
31 131
31 132
31 133
31 135
31 841114
32 5
32 67
32 55291
32 55294
32 841115
33 51
33 195
33 14053
33 171406
33 171408
33 841116
34 243
34 244
34 245
34 247
34 841117
35 9
35 10
35 11
35 13
35 42757
36 5
36 27
36 99
36 131
36 132
36 133
36 135
36 841118
37 3
37 4
37 5
37 597
37 599
37 841119
38 67
38 601
38 603
38 1197
38 841120
39 51
39 195
39 2686
39 15391
39 841121
40 76
40 413
40 414
40 416
40 841122
41 51
41 195
41 1561
41 175924
41 176304
41 841123
42 3
42 20
42 195
42 2689
42 2691
42 841124
43 76
43 433
43 434
43 436
43 841125
44 243
44 244
44 245
44 247
44 127670
45 3
45 5
45 20
45 217
45 219
45 841126
46 9
46 10
46 24
46 26
46 27
46 841127
47 3
47 4
47 195
47 340
47 1395
47 80744
47 841128
48 4
48 195
48 202
48 340
48 55615
48 111921
48 841129
49 9
49 10
49 11
49 13
49 841130
50 4
50 5
50 99
50 131
50 132
50 133
50 152
50 841131
51 4
51 5
51 67
51 131667
51 131669
51 841132
52 76
52 413
52 414
52 416
52 841133
53 51
53 195
53 880
53 882
53 841134
54 3
54 20
54 195
54 2689
54 2691
54 841135
55 76
55 433
55 434
55 436
55 841136
56 71
56 76
56 190
56 191
56 841137
seqId 299
1 660
1 2347
1 108273
1 108275
1 725342
2 660
2 29942
2 29943
2 29945
2 841138
3 76
3 342
3 343
3 345
3 841139
4 5
4 20
4 99
4 131
4 132
4 133
4 166
4 404840
5 3
5 5
5 20
5 28122
5 28124
5 841140
6 9
6 10
6 11
6 13
6 841141
7 67
7 174176
7 174178
7 174555
7 841142
8 67
8 6985
8 48761
8 174978
8 174979
8 174981
8 841143
9 10
9 1387
9 1388
9 1390
9 841144
10 99
10 131
10 132
10 133
10 195
10 237
10 841145
11 3
11 20
11 195
11 2217
11 8955
11 841146
12 158
12 159
12 160
12 162
12 503887
13 9
13 10
13 11
13 13
13 163
14 5
14 20
14 99
14 131
14 132
14 133
14 165
14 166
15 5
15 20
15 67
15 458
15 1692
15 3213
15 69867
15 167933
15 841147
16 27
16 82
16 84
16 114
16 115
16 116
16 118
16 841148
17 5
17 84
17 91
17 93
17 121
17 703
17 707
17 956
17 841149
18 5
18 20
18 90
18 122
18 708
18 769
18 4483
18 4485
18 388327
19 10
19 828
19 829
19 831
19 503893
20 5
20 27
20 99
20 131
20 132
20 133
20 135
20 841150
21 3
21 4
21 5
21 2608
21 4490
21 841151
22 10
22 109
22 110
22 112
22 841152
23 51
23 195
23 4167
23 4169
23 841153
24 76
24 342
24 343
24 345
24 841154
25 10
25 1387
25 1388
25 1390
25 841155
26 67
26 1038
26 1039
26 1041
26 841156
27 67
27 3351
27 16138
27 120004
27 168310
27 168311
27 841157
28 158
28 159
28 160
28 162
28 841158
29 9
29 10
29 11
29 13
29 163
30 5
30 20
30 99
30 131
30 132
30 133
30 165
30 166
31 5
31 20
31 67
31 168315
31 168317
31 841159
32 9
32 10
32 24
32 26
32 27
32 841160
33 4
33 5
33 99
33 133
33 175
33 176
33 178
33 841161
34 3
34 4
34 5
34 6862
34 6864
34 841162
35 9
35 10
35 24
35 26
35 27
35 841163
36 3
36 4
36 195
36 1395
36 1397
36 841164
37 10
37 146
37 147
37 149
37 841165
38 67
38 601
38 603
38 1197
38 841166
39 67
39 605
39 607
39 1199
39 841167
40 10
40 126
40 127
40 129
40 136907
41 5
41 20
41 99
41 131
41 132
41 133
41 166
41 841168
42 3
42 5
42 20
42 1684
42 13711
42 841169
43 3
43 5
43 20
43 2081
43 48543
43 841170
44 243
44 244
44 245
44 247
44 841171
45 90
45 443
45 12336
45 15959
45 841172
46 10
46 109
46 110
46 112
46 841173
47 72
47 509
47 5422
47 14296
47 99714
47 176363
47 176364
47 176366
47 841174
48 5
48 20
48 72
48 202
48 1104
48 1104
48 5528
48 15065
48 49846
48 160809
48 176368
48 841175
49 3
49 20
49 195
49 16951
49 131943
49 841176
50 71
50 76
50 190
50 191
50 841177
seqId 300
1 67
1 73
1 4792
1 176373
1 176374
1 841178
2 71
2 76
2 190
2 191
2 841179
seqId 301
1 3
1 20
1 195
1 340
1 4913
1 135297
1 841180
2 20
2 195
2 202
2 8705
2 8707
2 841181
3 76
3 342
3 343
3 345
3 388384
4 3
4 4
4 5
4 42984
4 42986
4 841182
5 230
5 231
5 232
5 234
5 841183
6 9
6 10
6 11
6 13
6 163
7 99
7 131
7 132
7 133
7 195
7 236
7 237
8 3
8 20
8 195
8 7626
8 7628
8 841184
9 243
9 244
9 245
9 247
9 841185
10 230
10 231
10 232
10 234
10 841186
11 9
11 10
11 11
11 13
11 163
12 99
12 131
12 132
12 133
12 195
12 236
12 237
13 3
13 20
13 195
13 340
13 12336
13 15959
13 841187
seqId 302
1 5
1 20
1 99
1 131
1 132
1 133
1 967
1 841188
2 3
2 5
2 20
2 1684
2 13711
2 841189
3 5
3 20
3 202
3 3244
3 7638
3 673961
4 158
4 159
4 160
4 162
4 193904
5 9
5 10
5 11
5 13
5 163
6 5
6 20
6 99
6 131
6 132
6 133
6 165
6 166
7 3
7 5
7 20
7 72
7 279
7 172668
7 172670
7 193905
8 76
8 137
8 138
8 140
8 841190
9 3
9 20
9 195
9 4913
9 12870
9 841191
10 20
10 195
10 202
10 8705
10 8707
10 673966
11 76
11 185
11 186
11 188
11 308215
12 5
12 84
12 90
12 91
12 93
12 121
12 29504
12 29506
12 841192
13 4
13 5
13 99
13 131
13 132
13 133
13 152
13 841193
14 3
14 4
14 5
14 4249
14 4251
14 841194
15 230
15 231
15 232
15 234
15 841195
16 9
16 10
16 11
16 13
16 163
17 99
17 131
17 132
17 133
17 195
17 236
17 237
18 3
18 4
18 195
18 19808
18 44358
18 841196
19 4
19 195
19 202
19 340
19 176401
19 176403
19 841197
20 243
20 244
20 245
20 247
20 359206
21 230
21 231
21 232
21 234
21 841198
22 9
22 10
22 11
22 13
22 163
23 99
23 131
23 132
23 133
23 195
23 236
23 237
24 76
24 137
24 138
24 140
24 841199
25 3
25 20
25 195
25 14583
25 39102
25 155143
25 841200
26 76
26 185
26 186
26 188
26 841201
27 9
27 10
27 11
27 13
27 604243
28 3
28 4
28 195
28 5083
28 5085
28 841202
29 76
29 342
29 343
29 345
29 841203
30 4
30 5
30 82
30 84
30 100
30 4680
30 7233
30 841204
31 9
31 10
31 11
31 13
31 100069
32 5
32 27
32 99
32 131
32 132
32 133
32 135
32 841205
33 3
33 4
33 5
33 1573
33 1575
33 841206
34 230
34 231
34 232
34 234
34 841207
35 9
35 10
35 11
35 13
35 163
36 99
36 131
36 132
36 133
36 195
36 236
36 237
37 3
37 20
37 195
37 65126
37 176418
37 176420
38 243
38 244
38 245
38 247
38 841208
39 230
39 231
39 232
39 234
39 100075
40 9
40 10
40 11
40 13
40 163
41 99
41 131
41 132
41 133
41 195
41 236
41 237
42 3
42 4
42 195
42 4249
42 26359
42 841209
43 4
43 195
43 202
43 340
43 44656
43 44658
43 841210
44 10
44 283
44 284
44 286
44 841211
45 99
45 133
45 175
45 176
45 195
45 234
45 742467
46 76
46 137
46 138
46 140
46 841212
47 3
47 20
47 195
47 340
47 5018
47 5020
47 841213
48 10
48 109
48 110
48 112
48 359218
49 3
49 4
49 5
49 97047
49 97049
49 841214
50 76
50 185
50 186
50 188
50 841215
51 76
51 342
51 343
51 345
51 841216
52 660
52 976
52 979
52 1458
52 841217
53 944
53 945
53 946
53 948
53 841218
54 4
54 5
54 82
54 84
54 100
54 4680
54 7233
54 841219
55 9
55 10
55 11
55 13
55 673988
56 4
56 5
56 99
56 131
56 132
56 133
56 152
56 841220
57 3
57 4
57 5
57 3615
57 3617
57 841221
58 82
58 759
58 2852
58 2854
58 841222
59 99
59 131
59 132
59 133
59 195
59 237
59 388464
60 3
60 4
60 195
60 3419
60 3421
60 742474
61 9
61 10
61 24
61 26
61 27
61 841223
62 5
62 20
62 99
62 133
62 175
62 176
62 1316
62 359227
63 5
63 20
63 202
63 2310
63 2313
63 755372
64 3
64 5
64 20
64 13609
64 13611
64 841224
65 82
65 84
65 114
65 115
65 116
65 1361
65 42903
66 84
66 90
66 91
66 93
66 121
66 195
66 78213
66 176448
66 841225
67 75
67 76
67 77
67 79
67 841226
68 99
68 131
68 132
68 133
68 195
68 237
68 841227
69 3
69 20
69 195
69 340
69 176451
69 176453
69 841228
70 76
70 342
70 343
70 345
70 13057
71 99
71 131
71 132
71 133
71 195
71 237
71 127802
72 3
72 20
72 195
72 340
72 176456
72 176458
72 841229
73 76
73 342
73 343
73 345
73 404930
74 99
74 131
74 132
74 133
74 195
74 237
74 222249
75 3
75 20
75 195
75 340
75 176462
75 176464
75 841230
76 660
76 976
76 979
76 1458
76 841231
77 944
77 945
77 946
77 948
77 841232
78 99
78 131
78 132
78 133
78 195
78 237
78 841233
79 3
79 20
79 195
79 65174
79 176469
79 176471
80 84
80 91
80 93
80 121
80 195
80 703
80 707
80 1858
80 841234
81 99
81 133
81 175
81 176
81 195
81 234
81 781294
82 3
82 20
82 195
82 7906
82 36380
82 841235
83 10
83 1605
83 1606
83 1608
83 841236
84 51
84 195
84 1501
84 1503
84 841237
85 3
85 4
85 195
85 8050
85 33365
85 841238
86 71
86 76
86 190
86 191
86 841239
seqId 303
1 5
1 20
1 99
1 131
1 132
1 133
1 967
1 841240
2 3
2 5
2 20
2 6818
2 6820
2 841241
3 9
3 10
3 11
3 13
3 841242
4 99
4 115
4 195
4 773
4 775
4 776
4 2192
4 2194
4 841243
5 3
5 20
5 195
5 43423
5 43425
5 841244
6 76
6 342
6 343
6 345
6 841245
7 3
7 4
7 195
7 340
7 143138
7 143140
7 841246
8 76
8 342
8 343
8 345
8 841247
9 3
9 4
9 195
9 5512
9 5514
9 841248
10 76
10 25774
10 25775
10 25777
10 466678
seqId 304
1 5
1 84
1 90
1 91
1 93
1 121
1 8415
1 26981
1 841249
2 10
2 146
2 147
2 149
2 841250
3 90
3 443
3 36172
3 78363
3 841251
4 4
4 5
4 99
4 131
4 132
4 133
4 152
4 350820
5 3
5 4
5 5
5 3707
5 3709
5 841252
6 9
6 10
6 11
6 13
6 367858
7 76
7 137
7 138
7 140
7 841253
8 3
8 20
8 195
8 4913
8 12870
8 100141
9 20
9 195
9 202
9 8705
9 8707
9 841254
10 76
10 185
10 186
10 188
10 841255
11 76
11 342
11 343
11 345
11 841256
12 82
12 759
12 944
12 948
12 742525
13 5
13 20
13 27
13 81
13 82
13 83
13 84
13 85
13 135
13 13403
13 841257
14 5
14 84
14 90
14 91
14 93
14 121
14 2081
14 2426
14 504003
15 90
15 443
15 3446
15 3448
15 841258
16 10
16 126
16 127
16 129
16 841259
17 85
17 99
17 195
17 638
17 640
17 350832
18 3
18 20
18 195
18 15008
18 60243
18 734405
19 75
19 76
19 77
19 79
19 841260
20 3
20 4
20 5
20 92508
20 128246
20 222291
21 76
21 1267
21 1268
21 1270
21 841261
seqId 305
1 3
1 4
1 5
1 3199
1 5132
1 841262
2 76
2 1267
2 1268
2 1270
2 841263
3 3
3 4
3 5
3 37345
3 45237
3 841264
4 76
4 1267
4 1268
4 1270
4 13127
5 3
5 5
5 20
5 168724
5 168726
5 841265
6 71
6 76
6 190
6 191
6 841266
seqId 306
1 99
1 131
1 132
1 133
1 195
1 1220
1 137067
2 3
2 20
2 195
2 1320
2 3384
2 137068
3 9
3 10
3 11
3 13
3 137069
4 67
4 72
4 51485
4 51486
4 51488
4 51489
4 841267
5 67
5 1186
5 49510
5 58458
5 174383
5 174384
5 841268
6 84
6 91
6 93
6 121
6 195
6 703
6 707
6 1858
6 841269
7 660
7 3662
7 3663
7 3665
7 841270
8 20
8 90
8 122
8 195
8 340
8 708
8 713
8 6565
8 6567
8 841271
9 10
9 4919
9 4920
9 4922
9 841272
10 4
10 5
10 98
10 99
10 100
10 1927
10 841273
11 3
11 4
11 5
11 3707
11 3709
11 841274
12 9
12 10
12 11
12 13
12 841275
13 3
13 20
13 195
13 4913
13 12870
13 841276
14 20
14 195
14 202
14 8705
14 8707
14 841277
15 71
15 76
15 190
15 191
15 308349
seqId 307
1 10
1 283
1 3640
1 3642
1 841278
2 5
2 20
2 99
2 131
2 132
2 133
2 166
2 841279
3 3
3 5
3 20
3 16650
3 16652
3 841280
4 9
4 10
4 11
4 13
4 841281
5 5
5 99
5 115
5 773
5 774
5 775
5 776
5 778
5 137093
6 3
6 5
6 20
6 9469
6 10946
6 504032
seqId 308
1 99
1 131
1 132
1 133
1 195
1 1220
1 841282
2 3
2 4
2 195
2 340
2 128205
2 128207
2 841283
3 9
3 10
3 11
3 13
3 466730
4 3
4 5
4 20
4 81662
4 143143
4 841284
5 71
5 76
5 190
5 191
5 466732
seqId 309
1 4
1 5
1 99
1 131
1 132
1 133
1 811
1 841285
2 3
2 4
2 5
2 147237
2 147239
2 841286
3 158
3 159
3 160
3 162
3 841287
4 9
4 10
4 11
4 13
4 163
5 5
5 20
5 99
5 131
5 132
5 133
5 165
5 166
6 3
6 5
6 20
6 5018
6 129804
6 841288
7 76
7 413
7 414
7 416
7 841289
8 5
8 20
8 202
8 1104
8 176544
8 176546
8 841290
9 76
9 342
9 343
9 345
9 604361
10 5
10 20
10 202
10 15065
10 176549
10 176551
10 841291
11 76
11 342
11 343
11 345
11 405007
12 5
12 20
12 202
12 15065
12 130808
12 130810
12 194084
13 3
13 20
13 195
13 16951
13 131943
13 841292
14 76
14 433
14 434
14 436
14 841293
15 76
15 342
15 343
15 345
15 222333
16 76
16 413
16 414
16 416
16 466741
17 51
17 195
17 55692
17 55694
17 841294
18 76
18 433
18 434
18 436
18 734441
19 76
19 342
19 343
19 345
19 841295
20 5
20 20
20 99
20 133
20 175
20 176
20 1316
20 429306
21 5
21 20
21 202
21 795
21 797
21 841296
22 3
22 5
22 20
22 70793
22 70795
22 841297
23 76
23 342
23 343
23 345
23 841298
24 3
24 4
24 5
24 14686
24 49719
24 841299
25 230
25 231
25 232
25 234
25 841300
26 9
26 10
26 11
26 13
26 163
27 99
27 131
27 132
27 133
27 195
27 236
27 237
28 3
28 4
28 195
28 340
28 128205
28 128207
28 841301
29 9
29 10
29 11
29 13
29 841302
30 3
30 5
30 20
30 81662
30 143143
30 841303
31 76
31 2265
31 2266
31 2268
31 194100
32 5
32 20
32 99
32 131
32 132
32 133
32 166
32 841304
33 5
33 20
33 202
33 15065
33 131933
33 131935
33 841305
34 3
34 5
34 20
34 16951
34 16953
34 841306
35 5
35 84
35 91
35 93
35 121
35 702
35 703
35 705
35 841307
36 5
36 20
36 90
36 122
36 708
36 769
36 3840
36 70005
36 841308
37 10
37 109
37 110
37 112
37 841309
38 51
38 195
38 1851
38 1853
38 841310
39 71
39 76
39 190
39 191
39 308394
seqId 310
1 67
1 71
1 72
1 9179
1 9577
1 176578
1 176579
1 841311
2 67
2 1186
2 49510
2 58458
2 174383
2 174384
2 841312
3 82
3 83
3 84
3 115
3 5729
3 5731
3 359344
4 5
4 84
4 90
4 91
4 93
4 121
4 3270
4 3446
4 359345
5 99
5 131
5 132
5 133
5 195
5 237
5 841313
6 20
6 195
6 202
6 3501
6 23034
6 841314
7 3
7 20
7 195
7 43423
7 43425
7 841315
8 230
8 231
8 232
8 234
8 429329
9 9
9 10
9 11
9 13
9 163
10 99
10 131
10 132
10 133
10 195
10 236
10 237
11 3
11 20
11 195
11 176469
11 176471
11 841316
12 158
12 159
12 160
12 162
12 674089
13 9
13 10
13 11
13 13
13 163
14 5
14 20
14 99
14 131
14 132
14 133
14 165
14 166
15 5
15 20
15 202
15 15065
15 131933
15 131935
15 841317
16 3
16 5
16 20
16 16951
16 16953
16 841318
17 76
17 342
17 343
17 345
17 841319
18 10
18 146
18 147
18 149
18 100235
19 3
19 4
19 5
19 7144
19 7146
19 841320
20 230
20 231
20 232
20 234
20 841321
21 9
21 10
21 11
21 13
21 163
22 99
22 131
22 132
22 133
22 195
22 236
22 237
23 3
23 20
23 195
23 340
23 5018
23 5020
23 841322
24 20
24 72
24 195
24 202
24 340
24 5024
24 176597
24 176599
24 841323
25 71
25 76
25 190
25 191
25 841324
seqId 311
1 3
1 20
1 195
1 340
1 37128
1 117714
1 841325
2 76
2 342
2 343
2 345
2 841326
3 3
3 20
3 195
3 340
3 176462
3 176464
3 841327
4 76
4 342
4 343
4 345
4 841328
5 20
5 195
5 202
5 13290
5 24043
5 841329
6 3
6 20
6 195
6 176469
6 176471
6 841330
7 76
7 342
7 343
7 345
7 100251
8 3
8 20
8 195
8 340
8 176610
8 176612
8 841331
9 244
9 418
9 419
9 421
9 137160
10 3
10 20
10 195
10 25331
10 25718
10 841332
11 230
11 231
11 232
11 234
11 818742
12 9
12 10
12 11
12 13
12 163
13 99
13 131
13 132
13 133
13 195
13 236
13 237
14 3
14 4
14 195
14 7223
14 176618
14 725529
15 9
15 10
15 11
15 13
15 43074
16 3
16 5
16 20
16 7032
16 7034
16 841333
17 84
17 91
17 93
17 121
17 195
17 703
17 707
17 1858
17 841334
18 660
18 2522
18 17966
18 17969
18 841335
19 9
19 10
19 11
19 13
19 781409
20 3
20 20
20 195
20 26010
20 53178
20 841336
21 9
21 10
21 11
21 13
21 818749
22 98
22 99
22 100
22 195
22 2073
22 43086
23 3
23 20
23 195
23 4913
23 12870
23 841337
24 82
24 758
24 759
24 761
24 841338
25 84
25 90
25 91
25 93
25 121
25 195
25 7704
25 58022
25 841339
26 20
26 195
26 202
26 1377
26 5238
26 841340
27 99
27 131
27 132
27 133
27 195
27 237
27 841341
28 3
28 20
28 195
28 23048
28 23050
28 367990
29 230
29 231
29 232
29 234
29 841342
30 9
30 10
30 11
30 13
30 163
31 99
31 131
31 132
31 133
31 195
31 236
31 237
32 3
32 4
32 195
32 143317
32 143319
32 841343
33 4
33 90
33 122
33 195
33 708
33 713
33 2787
33 4288
33 4290
33 841344
34 71
34 76
34 190
34 191
34 841345
seqId 312
1 4
1 5
1 99
1 131
1 132
1 133
1 811
1 841346
2 4
2 5
2 202
2 2310
2 2313
2 841347
3 3
3 4
3 5
3 21181
3 44341
3 841348
4 82
4 84
4 114
4 115
4 116
4 1361
4 841349
5 5
5 84
5 90
5 91
5 93
5 121
5 1159
5 67952
5 841350
6 717
6 718
6 719
6 721
6 100287
7 10
7 146
7 147
7 149
7 722
8 5
8 20
8 99
8 131
8 132
8 133
8 165
8 166
9 3
9 5
9 20
9 8760
9 8762
9 614281
10 230
10 231
10 232
10 234
10 841351
11 9
11 10
11 11
11 13
11 163
12 99
12 131
12 132
12 133
12 195
12 236
12 237
13 3
13 20
13 195
13 9469
13 9471
13 841352
14 20
14 195
14 202
14 27270
14 32369
14 388730
15 76
15 342
15 343
15 345
15 841353
16 10
16 109
16 112
16 1539
16 841354
17 3
17 5
17 20
17 1601
17 1603
17 841355
18 4
18 5
18 99
18 131
18 132
18 133
18 811
18 841356
19 3
19 4
19 5
19 176648
19 176650
19 841357
20 230
20 231
20 232
20 234
20 841358
21 9
21 10
21 11
21 13
21 163
22 99
22 131
22 132
22 133
22 195
22 236
22 237
23 67
23 195
23 9490
23 48647
23 176653
23 841359
24 76
24 342
24 343
24 345
24 194195
25 67
25 340
25 2787
25 50840
25 176657
25 176658
25 176660
25 841360
26 76
26 342
26 343
26 345
26 531551
27 51
27 195
27 5342
27 5344
27 841361
28 76
28 1267
28 1268
28 1270
28 100299
seqId 313
1 51
1 195
1 2056
1 3174
1 176665
1 368013
2 3
2 4
2 195
2 11431
2 11433
2 841362
3 76
3 342
3 343
3 345
3 359412
4 82
4 758
4 759
4 761
4 841363
5 27
5 82
5 84
5 114
5 115
5 116
5 118
5 841364
6 5
6 84
6 90
6 91
6 93
6 121
6 33058
6 33876
6 841365
7 10
7 146
7 147
7 149
7 841366
8 90
8 443
8 1345
8 9933
8 841367
9 10
9 109
9 110
9 112
9 13309
10 3
10 5
10 20
10 120372
10 120374
10 841368
11 4
11 5
11 99
11 131
11 132
11 133
11 152
11 65429
12 3
12 4
12 5
12 3199
12 5132
12 65430
13 9
13 10
13 24
13 26
13 27
13 841369
14 3
14 4
14 5
14 8943
14 32404
14 841370
15 4
15 5
15 202
15 14333
15 98664
15 841371
16 4
16 5
16 90
16 122
16 708
16 713
16 11173
16 66856
16 841372
17 10
17 828
17 829
17 831
17 841373
18 99
18 131
18 132
18 133
18 195
18 237
18 841374
19 20
19 195
19 202
19 784
19 17696
19 841375
20 3
20 20
20 195
20 340
20 176683
20 176685
20 755527
21 9
21 10
21 11
21 13
21 841376
22 4
22 5
22 98
22 99
22 100
22 1927
22 841377
23 3
23 4
23 5
23 176648
23 176650
23 841378
24 76
24 342
24 343
24 345
24 674149
25 10
25 109
25 112
25 1539
25 841379
26 3
26 5
26 20
26 1601
26 1603
26 429409
27 4
27 5
27 99
27 131
27 132
27 133
27 152
27 128027
28 3
28 4
28 5
28 1913
28 1915
28 841380
29 230
29 231
29 232
29 234
29 604466
30 9
30 10
30 11
30 13
30 163
31 99
31 131
31 132
31 133
31 195
31 236
31 237
32 76
32 137
32 138
32 140
32 405111
33 3
33 4
33 195
33 147237
33 176697
33 841381
34 76
34 185
34 186
34 188
34 222472
35 4
35 195
35 202
35 14333
35 176701
35 841382
36 90
36 121
36 122
36 40758
36 96540
36 841383
37 10
37 146
37 147
37 149
37 841384
38 5
38 99
38 115
38 773
38 776
38 2192
38 28103
38 28105
38 841385
39 5
39 20
39 202
39 15065
39 176549
39 176551
39 841386
40 3
40 5
40 20
40 16951
40 16953
40 841387
41 71
41 76
41 190
41 191
41 100343
seqId 314
1 479
1 660
1 5407
1 93182
1 176708
1 176709
1 841388
2 76
2 342
2 343
2 345
2 841389
3 5
3 20
3 27
3 82
3 84
3 98
3 100
3 2487
3 841390
4 5
4 84
4 91
4 93
4 121
4 703
4 707
4 956
4 841391
5 717
5 718
5 719
5 721
5 222483
6 10
6 146
6 147
6 149
6 722
7 5
7 20
7 99
7 131
7 132
7 133
7 165
7 166
8 3
8 5
8 20
8 389
8 391
8 504152
9 9
9 10
9 11
9 13
9 841392
10 3
10 4
10 195
10 1913
10 78733
10 841393
11 9
11 10
11 11
11 13
11 841394
12 3
12 5
12 20
12 176719
12 176721
12 841395
13 10
13 126
13 127
13 129
13 43196
14 4
14 5
14 72
14 82
14 84
14 115
14 116
14 1261
14 1262
14 1264
14 1265
14 841396
15 944
15 945
15 946
15 948
15 332056
16 4
16 5
16 99
16 131
16 132
16 133
16 152
16 841397
17 4
17 5
17 67
17 14230
17 14233
17 841398
18 5
18 84
18 91
18 93
18 121
18 703
18 707
18 956
18 128053
19 4
19 5
19 90
19 122
19 708
19 713
19 1104
19 176728
19 176730
19 841399
20 10
20 828
20 829
20 831
20 725609
21 99
21 133
21 175
21 176
21 195
21 234
21 725610
22 3
22 20
22 195
22 176469
22 176471
22 841400
23 9
23 10
23 24
23 26
23 27
23 841401
24 3
24 4
24 5
24 25373
24 25375
24 841402
25 4
25 5
25 202
25 13830
25 18206
25 841403
26 82
26 759
26 2852
26 2854
26 841404
27 4
27 5
27 82
27 83
27 84
27 115
27 763
27 1264
27 841405
28 5
28 84
28 90
28 91
28 93
28 121
28 1488
28 17865
28 841406
29 99
29 131
29 132
29 133
29 195
29 237
29 841407
30 3
30 4
30 195
30 36880
30 176742
30 841408
31 71
31 76
31 190
31 191
31 841409
seqId 315
1 10
1 146
1 1024
1 1026
1 65480
2 98
2 99
2 100
2 195
2 2073
2 841410
3 3
3 20
3 195
3 9469
3 9471
3 841411
4 84
4 90
4 91
4 93
4 121
4 195
4 442
4 4823
4 841412
5 27
5 82
5 84
5 114
5 115
5 116
5 118
5 841413
6 90
6 443
6 17531
6 25104
6 841414
7 99
7 131
7 132
7 133
7 195
7 237
7 841415
8 3
8 20
8 195
8 2004
8 11847
8 841416
9 10
9 1791
9 1792
9 1794
9 841417
10 5
10 20
10 99
10 131
10 132
10 133
10 166
10 614357
11 3
11 5
11 20
11 19603
11 19605
11 841418
12 10
12 126
12 127
12 129
12 176758
13 5
13 27
13 99
13 131
13 132
13 133
13 135
13 531614
14 3
14 4
14 5
14 176757
14 176759
14 841419
15 10
15 61206
15 61207
15 61209
15 841420
16 99
16 131
16 132
16 133
16 195
16 237
16 841421
17 3
17 20
17 195
17 33027
17 51481
17 94428
17 176763
17 841422
18 76
18 1267
18 1268
18 1270
18 332088
seqId 316
1 5
1 27
1 99
1 131
1 132
1 133
1 135
1 841423
2 3
2 4
2 5
2 16405
2 16407
2 841424
3 717
3 718
3 719
3 721
3 841425
4 10
4 146
4 147
4 149
4 722
5 5
5 20
5 99
5 131
5 132
5 133
5 165
5 166
6 3
6 5
6 20
6 176770
6 176772
6 841426
7 10
7 61206
7 61207
7 61209
7 841427
8 99
8 131
8 132
8 133
8 195
8 237
8 841428
9 3
9 20
9 195
9 340
9 176462
9 176464
9 841429
10 20
10 195
10 202
10 48429
10 176778
10 841430
11 76
11 1267
11 1268
11 1270
11 841431
12 99
12 131
12 132
12 133
12 195
12 237
12 128098
13 3
13 4
13 195
13 19879
13 26830
13 841432
14 9
14 10
14 11
14 13
14 841433
15 3
15 4
15 5
15 41366
15 176784
15 176786
15 176787
15 841434
16 243
16 244
16 245
16 247
16 137335
17 9
17 10
17 24
17 26
17 27
17 841435
18 3
18 4
18 5
18 497
18 625
18 29391
18 176791
18 841436
19 9
19 10
19 24
19 26
19 27
19 841437
20 67
20 133743
20 143567
20 143568
20 841438
21 9
21 10
21 11
21 13
21 841439
22 67
22 22796
22 149764
22 176797
22 176798
22 841440
23 10
23 283
23 284
23 286
23 604522
24 99
24 131
24 132
24 133
24 195
24 237
24 841441
25 3
25 4
25 195
25 9388
25 176802
25 176804
25 841442
26 158
26 159
26 160
26 162
26 614384
27 9
27 10
27 11
27 13
27 163
28 5
28 20
28 99
28 131
28 132
28 133
28 165
28 166
29 5
29 20
29 67
29 176806
29 176808
29 841443
30 71
30 76
30 190
30 191
30 100462
seqId 317
1 660
1 5049
1 7881
1 7883
1 841444
2 5
2 20
2 99
2 133
2 175
2 176
2 1316
2 841445
3 3
3 5
3 20
3 2004
3 2006
3 128119
4 10
4 1791
4 1792
4 1794
4 841446
5 99
5 131
5 132
5 133
5 195
5 237
5 841447
6 3
6 20
6 195
6 21902
6 21904
6 841448
7 20
7 195
7 202
7 340
7 35470
7 35472
7 841449
8 243
8 244
8 245
8 247
8 504219
9 20
9 195
9 202
9 302
9 1655
9 841450
10 158
10 159
10 160
10 162
10 841451
11 9
11 10
11 11
11 13
11 163
12 5
12 20
12 99
12 131
12 132
12 133
12 165
12 166
13 3
13 5
13 20
13 81662
13 143143
13 614396
14 660
14 3261
14 3262
14 3264
14 359523
15 158
15 159
15 160
15 162
15 415238
16 9
16 10
16 11
16 13
16 163
17 5
17 20
17 99
17 131
17 132
17 133
17 165
17 166
18 3
18 5
18 20
18 5018
18 5020
18 841452
19 9
19 10
19 11
19 13
19 841453
20 67
20 154611
20 154612
20 154614
20 841454
21 67
21 13403
21 176826
21 176827
21 176829
21 841455
22 5
22 84
22 90
22 91
22 93
22 121
22 3360
22 5608
22 841456
23 90
23 443
23 3840
23 97002
23 841457
24 10
24 109
24 110
24 112
24 841458
25 51
25 195
25 1879
25 1881
25 841459
26 71
26 76
26 190
26 191
26 841460
seqId 318
1 67
1 71
1 71
1 72
1 9179
1 9577
1 174379
1 174380
1 841461
2 67
2 1186
2 49510
2 58458
2 174383
2 174384
2 841462
3 5
3 84
3 90
3 91
3 93
3 121
3 10347
3 24773
3 841463
4 660
4 1513
4 1514
4 1516
4 841464
5 4
5 5
5 99
5 133
5 175
5 176
5 178
5 841465
6 3
6 4
6 5
6 10248
6 10250
6 841466
7 10
7 109
7 110
7 112
7 841467
8 3
8 5
8 20
8 389
8 391
8 841468
9 10
9 126
9 127
9 129
9 725683
10 99
10 131
10 132
10 133
10 195
10 237
10 405215
11 3
11 20
11 195
11 724
11 101272
11 725684
12 9
12 10
12 11
12 13
12 841469
13 4
13 5
13 99
13 131
13 132
13 133
13 152
13 531663
14 3
14 4
14 5
14 7223
14 52437
14 841470
15 4
15 5
15 202
15 13322
15 31197
15 841471
16 230
16 231
16 232
16 234
16 841472
17 9
17 10
17 11
17 13
17 163
18 99
18 131
18 132
18 133
18 195
18 236
18 237
19 3
19 4
19 195
19 340
19 142948
19 176851
19 841473
20 4
20 195
20 202
20 340
20 176853
20 176855
20 841474
21 71
21 76
21 190
21 191
21 841475
seqId 319
1 67
1 4792
1 37859
1 176858
1 176859
1 841476
2 71
2 76
2 190
2 191
2 841477
seqId 320
1 3
1 4
1 5
1 22751
1 50290
1 142250
1 841478
2 230
2 231
2 232
2 234
2 841479
3 9
3 10
3 11
3 13
3 163
4 99
4 131
4 132
4 133
4 195
4 236
4 237
5 3
5 4
5 195
5 3419
5 3421
5 841480
6 243
6 244
6 245
6 247
6 531679
7 230
7 231
7 232
7 234
7 332154
8 9
8 10
8 11
8 13
8 163
9 99
9 131
9 132
9 133
9 195
9 236
9 237
10 3
10 20
10 195
10 340
10 3768
10 3771
10 841481
seqId 321
1 10
1 146
1 1539
1 35564
1 841482
2 90
2 443
2 1334
2 8849
2 841483
3 9
3 10
3 11
3 13
3 429543
4 99
4 115
4 195
4 773
4 774
4 775
4 776
4 3400
4 841484
5 3
5 20
5 195
5 1320
5 3384
5 841485
6 10
6 126
6 127
6 129
6 841486
7 99
7 131
7 132
7 133
7 195
7 237
7 13533
8 3
8 4
8 195
8 340
8 50290
8 50292
8 841487
9 4
9 195
9 202
9 340
9 174703
9 176879
9 841488
10 243
10 244
10 245
10 247
10 405245
11 660
11 2347
11 2348
11 2350
11 222608
12 660
12 3607
12 3608
12 3610
12 841489
13 10
13 126
13 127
13 129
13 725707
14 99
14 131
14 132
14 133
14 195
14 237
14 841490
15 3
15 20
15 195
15 33358
15 34347
15 841491
16 20
16 90
16 122
16 195
16 340
16 708
16 713
16 100553
16 176886
16 176888
17 244
17 418
17 419
17 421
17 755646
18 20
18 90
18 122
18 195
18 708
18 713
18 176891
18 176893
18 176894
18 389002
19 243
19 244
19 245
19 247
19 841492
20 5
20 99
20 115
20 773
20 775
20 776
20 2192
20 3593
20 841493
21 3
21 4
21 5
21 13797
21 13799
21 841494
22 76
22 342
22 343
22 345
22 841495
23 67
23 174157
23 174159
23 174797
23 841496
24 67
24 407
24 174800
24 174801
24 174803
24 841497
25 5
25 84
25 91
25 93
25 121
25 702
25 703
25 705
25 725715
26 5
26 20
26 122
26 703
26 707
26 708
26 710
26 841498
27 5
27 20
27 90
27 122
27 708
27 713
27 4845
27 4847
27 841499
28 10
28 146
28 147
28 149
28 614445
29 90
29 443
29 4338
29 11506
29 841500
30 660
30 15804
30 15805
30 15807
30 841501
31 717
31 718
31 719
31 721
31 43388
32 10
32 146
32 147
32 149
32 722
33 5
33 20
33 99
33 131
33 132
33 133
33 165
33 166
34 3
34 5
34 20
34 10672
34 10674
34 841502
35 10
35 1104
35 76933
35 90416
35 90417
35 841503
36 99
36 131
36 132
36 133
36 195
36 237
36 841504
37 3
37 4
37 195
37 340
37 8356
37 8358
37 841505
38 5
38 20
38 90
38 122
38 708
38 713
38 28383
38 114508
38 614457
39 10
39 828
39 829
39 831
39 841506
40 67
40 176915
40 176916
40 176918
40 841507
41 67
41 147452
41 162716
41 174395
41 174396
41 841508
42 717
42 718
42 719
42 721
42 841509
43 10
43 146
43 147
43 149
43 722
44 5
44 20
44 99
44 131
44 132
44 133
44 165
44 166
45 3
45 5
45 20
45 1325
45 1327
45 841510
46 9
46 10
46 11
46 13
46 43399
47 5
47 27
47 99
47 131
47 132
47 133
47 135
47 841511
48 5
48 67
48 55291
48 55294
48 841512
49 51
49 195
49 14053
49 171406
49 171408
49 841513
50 71
50 76
50 190
50 191
50 841514
seqId 322
1 10
1 146
1 35562
1 35564
1 405281
2 5
2 27
2 99
2 131
2 132
2 133
2 135
2 504289
3 3
3 5
3 20
3 24227
3 24229
3 841515
4 158
4 159
4 160
4 162
4 841516
5 9
5 10
5 11
5 13
5 163
6 5
6 20
6 99
6 131
6 132
6 133
6 165
6 166
7 5
7 20
7 202
7 9877
7 9879
7 176930
8 3
8 5
8 20
8 951
8 953
8 841517
9 9
9 10
9 11
9 13
9 65670
10 3
10 4
10 5
10 15
10 17
10 415329
11 27
11 82
11 759
11 944
11 1463
11 841518
12 5
12 84
12 91
12 93
12 121
12 703
12 707
12 956
12 742836
13 5
13 20
13 99
13 131
13 132
13 133
13 166
13 841519
14 3
14 5
14 20
14 951
14 953
14 841520
15 230
15 231
15 232
15 234
15 308770
16 9
16 10
16 11
16 13
16 163
17 99
17 131
17 132
17 133
17 195
17 236
17 237
18 3
18 4
18 195
18 340
18 34850
18 34852
18 841521
19 76
19 342
19 343
19 345
19 841522
20 5
20 27
20 99
20 131
20 132
20 133
20 135
20 841523
21 3
21 5
21 20
21 2320
21 2322
21 194448
22 3
22 4
22 195
22 340
22 22751
22 50290
22 142250
22 841524
23 9
23 10
23 11
23 13
23 841525
24 5
24 27
24 99
24 131
24 132
24 133
24 135
24 841526
25 3
25 4
25 5
25 642
25 1016
25 841527
26 9
26 10
26 24
26 26
26 27
26 841528
27 3
27 5
27 20
27 1019
27 25531
27 841529
28 5
28 84
28 91
28 93
28 121
28 702
28 703
28 705
28 100616
29 5
29 20
29 90
29 122
29 708
29 769
29 4190
29 13413
29 841530
30 4
30 5
30 99
30 133
30 175
30 176
30 178
30 65695
31 3
31 4
31 5
31 33173
31 33763
31 841531
32 660
32 60833
32 60834
32 60836
32 841532
33 4
33 5
33 202
33 795
33 8936
33 841533
34 76
34 342
34 343
34 345
34 841534
35 82
35 758
35 759
35 761
35 841535
36 5
36 84
36 90
36 91
36 93
36 121
36 3346
36 22290
36 841536
37 5
37 20
37 99
37 131
37 132
37 133
37 166
37 13643
38 3
38 5
38 20
38 3118
38 3120
38 841537
39 9
39 10
39 11
39 13
39 194471
40 3
40 4
40 5
40 3123
40 3125
40 841538
41 230
41 231
41 232
41 234
41 531729
42 9
42 10
42 11
42 13
42 163
43 99
43 131
43 132
43 133
43 195
43 236
43 237
44 3
44 20
44 195
44 90521
44 98004
44 405314
45 10
45 283
45 284
45 286
45 841539
46 5
46 20
46 99
46 131
46 132
46 133
46 166
46 429616
47 3
47 5
47 20
47 11731
47 11733
47 429617
48 9
48 10
48 11
48 13
48 332237
49 90
49 443
49 3563
49 31168
49 841540
50 4
50 5
50 99
50 133
50 175
50 176
50 178
50 368268
51 3
51 4
51 5
51 30801
51 30803
51 841541
52 158
52 159
52 160
52 162
52 818981
53 9
53 10
53 11
53 13
53 163
54 5
54 20
54 99
54 131
54 132
54 133
54 165
54 166
55 3
55 5
55 20
55 1892
55 37252
55 405321
56 71
56 76
56 190
56 191
56 405322
seqId 323
1 51
1 195
1 10375
1 23408
1 841542
2 3
2 4
2 195
2 6862
2 14459
2 841543
3 84
3 91
3 93
3 121
3 195
3 702
3 703
3 1062
3 604649
4 5
4 20
4 122
4 703
4 707
4 708
4 710
4 13668
5 4
5 90
5 122
5 195
5 708
5 713
5 2832
5 2834
5 841544
6 10
6 283
6 284
6 286
6 841545
7 5
7 20
7 99
7 131
7 132
7 133
7 166
7 13671
8 3
8 5
8 20
8 4345
8 4347
8 841546
9 9
9 10
9 11
9 13
9 841547
10 5
10 20
10 98
10 99
10 100
10 102
10 332255
11 3
11 5
11 20
11 10672
11 10674
11 841548
12 9
12 10
12 11
12 13
12 100677
13 51
13 195
13 5922
13 5924
13 841549
14 10
14 146
14 147
14 149
14 176985
15 51
15 195
15 4167
15 4169
15 841550
16 71
16 76
16 190
16 191
16 368285
seqId 324
1 98
1 99
1 100
1 195
1 8870
1 841551
2 3
2 4
2 195
2 6862
2 14459
2 841552
3 84
3 91
3 93
3 121
3 195
3 702
3 703
3 1062
3 674350
4 5
4 20
4 90
4 122
4 708
4 769
4 2333
4 7738
4 841553
5 9
5 10
5 11
5 13
5 841554
6 90
6 443
6 1345
6 9933
6 841555
7 10
7 109
7 110
7 112
7 841556
8 3
8 4
8 5
8 4420
8 4422
8 841557
9 5
9 20
9 99
9 133
9 175
9 176
9 1316
9 531755
10 3
10 5
10 20
10 10672
10 10674
10 100687
11 9
11 10
11 11
11 13
11 100688
12 3
12 4
12 15
12 195
12 4121
12 841558
13 5
13 20
13 72
13 202
13 31324
13 39146
13 39148
13 841559
14 76
14 413
14 414
14 416
14 841560
15 10
15 109
15 110
15 112
15 781656
16 3
16 4
16 5
16 5256
16 5258
16 841561
17 10
17 1387
17 1388
17 1390
17 841562
18 5
18 27
18 99
18 131
18 132
18 133
18 135
18 841563
19 509
19 5376
19 13941
19 13943
19 841564
20 509
20 5376
20 13945
20 13947
20 841565
21 509
21 5376
21 136517
21 136519
21 136520
21 841566
22 509
22 5376
22 115643
22 136522
22 136524
22 136525
22 841567
23 76
23 342
23 343
23 345
23 841568
24 10
24 146
24 147
24 149
24 841569
25 67
25 147062
25 147063
25 147065
25 841570
26 67
26 147067
26 147068
26 147070
26 841571
27 76
27 433
27 434
27 436
27 100702
28 10
28 126
28 127
28 129
28 100703
29 5
29 20
29 98
29 99
29 100
29 102
29 674371
30 5
30 20
30 202
30 2310
30 2313
30 674372
31 3
31 5
31 20
31 1684
31 13711
31 841572
32 90
32 443
32 27424
32 177020
32 841573
33 10
33 109
33 110
33 112
33 841574
34 3
34 4
34 5
34 8356
34 177024
34 841575
35 1458
35 2717
35 4052
35 4054
35 841576
36 509
36 5376
36 156160
36 156162
36 841577
37 509
37 625
37 5376
37 10054
37 841578
38 509
38 5376
38 33188
38 38352
38 177029
38 841579
39 76
39 342
39 343
39 345
39 405368
40 5
40 20
40 99
40 133
40 175
40 176
40 1316
40 415399
41 3
41 5
41 20
41 10672
41 10674
41 841580
42 82
42 758
42 759
42 761
42 841581
43 5
43 84
43 90
43 91
43 93
43 121
43 3372
43 6654
43 137559
44 3
44 20
44 195
44 23221
44 23223
44 841582
45 76
45 342
45 343
45 345
45 841583
46 3
46 20
46 195
46 23221
46 23223
46 841584
47 158
47 159
47 160
47 162
47 351234
48 9
48 10
48 11
48 13
48 163
49 5
49 20
49 99
49 131
49 132
49 133
49 165
49 166
50 3
50 5
50 20
50 222
50 224
50 841585
51 76
51 342
51 343
51 345
51 429703
52 3
52 20
52 195
52 340
52 23234
52 23236
52 841586
53 243
53 244
53 245
53 247
53 841587
54 3
54 20
54 195
54 28129
54 177042
54 177044
54 841588
55 71
55 76
55 190
55 191
55 841589
seqId 325
1 3
1 71
1 71
1 5422
1 9768
1 9771
1 9809
1 21252
1 34780
1 38010
1 38352
1 57668
1 177047
1 177048
1 177050
1 841590
2 76
2 433
2 434
2 436
2 841591
3 71
3 76
3 190
3 191
3 841592
seqId 326
1 3
1 5
1 20
1 1026
1 1104
1 9565
1 28544
1 841593
2 51
2 195
2 26052
2 26054
2 841594
3 71
3 76
3 190
3 191
3 841595
seqId 327
1 99
1 131
1 132
1 133
1 195
1 1220
1 841596
2 3
2 20
2 195
2 37928
2 60441
2 841597
3 20
3 195
3 202
3 3199
3 4859
3 604703
4 158
4 159
4 160
4 162
4 725847
5 9
5 10
5 11
5 13
5 163
6 5
6 20
6 99
6 131
6 132
6 133
6 165
6 166
7 3
7 5
7 20
7 32317
7 32319
7 841598
seqId 328
1 660
1 177060
1 177061
1 177063
1 531805
2 2822
2 2823
2 2824
2 2826
2 100743
3 10
3 146
3 147
3 149
3 722
4 99
4 131
4 132
4 133
4 195
4 236
4 237
5 51
5 195
5 1501
5 1503
5 841599
6 20
6 195
6 202
6 2294
6 3837
6 841600
7 3
7 20
7 195
7 2320
7 16794
7 841601
8 76
8 342
8 343
8 345
8 332325
9 82
9 758
9 759
9 761
9 841602
10 84
10 90
10 91
10 93
10 121
10 195
10 755
10 2163
10 7359
10 725853
11 5
11 27
11 99
11 131
11 132
11 133
11 135
11 841603
12 3
12 5
12 20
12 3394
12 3396
12 841604
13 230
13 231
13 232
13 234
13 742944
14 9
14 10
14 11
14 13
14 163
15 99
15 131
15 132
15 133
15 195
15 236
15 237
16 3
16 20
16 195
16 1320
16 3384
16 841605
17 230
17 231
17 232
17 234
17 841606
18 9
18 10
18 11
18 13
18 163
19 99
19 131
19 132
19 133
19 195
19 236
19 237
20 3
20 20
20 195
20 2034
20 3403
20 308957
21 9
21 10
21 11
21 13
21 13820
22 5
22 27
22 99
22 131
22 132
22 133
22 135
22 65825
23 2
23 3
23 4
23 5
23 181
23 841607
24 76
24 342
24 343
24 345
24 841608
25 5
25 27
25 99
25 131
25 132
25 133
25 135
25 841609
26 3
26 5
26 20
26 2320
26 2322
26 841610
27 76
27 137
27 138
27 140
27 841611
28 3
28 20
28 195
28 37928
28 60441
28 841612
29 20
29 195
29 202
29 3199
29 4859
29 841613
30 158
30 159
30 160
30 162
30 841614
31 9
31 10
31 11
31 13
31 163
32 5
32 20
32 99
32 131
32 132
32 133
32 165
32 166
33 3
33 5
33 20
33 32317
33 32319
33 841615
34 76
34 185
34 186
34 188
34 841616
35 5
35 84
35 91
35 93
35 121
35 702
35 703
35 705
35 841617
36 5
36 20
36 122
36 703
36 707
36 708
36 710
36 43584
37 5
37 20
37 90
37 122
37 708
37 713
37 6804
37 60890
37 351282
38 10
38 378
38 379
38 381
38 841618
39 90
39 443
39 59058
39 126029
39 841619
40 660
40 22707
40 22708
40 22710
40 841620
41 99
41 131
41 132
41 133
41 195
41 237
41 841621
42 3
42 4
42 195
42 4228
42 4230
42 841622
43 243
43 244
43 245
43 247
43 504408
44 3
44 4
44 195
44 2828
44 2830
44 841623
45 4
45 195
45 202
45 302
45 1655
45 841624
46 4
46 195
46 202
46 3386
46 3523
46 841625
47 230
47 231
47 232
47 234
47 841626
48 9
48 10
48 11
48 13
48 163
49 99
49 131
49 132
49 133
49 195
49 236
49 237
50 3
50 20
50 195
50 2034
50 3403
50 841627
51 9
51 10
51 11
51 13
51 841628
52 5
52 27
52 99
52 131
52 132
52 133
52 135
52 841629
53 2
53 3
53 4
53 5
53 181
53 841630
54 243
54 244
54 245
54 247
54 734914
55 9
55 10
55 11
55 13
55 841631
56 99
56 115
56 195
56 773
56 775
56 776
56 2192
56 2194
56 841632
57 3
57 20
57 195
57 1806
57 1808
57 1809
57 1810
57 841633
58 76
58 342
58 343
58 345
58 389265
59 660
59 3319
59 3320
59 3322
59 841634
60 9
60 10
60 24
60 26
60 27
60 841635
61 90
61 443
61 27603
61 34069
61 841636
62 5
62 20
62 99
62 133
62 175
62 176
62 1316
62 841637
63 3
63 5
63 20
63 33358
63 35385
63 841638
64 5
64 20
64 202
64 7169
64 76875
64 841639
65 2822
65 2823
65 2824
65 2826
65 137652
66 10
66 146
66 147
66 149
66 722
67 99
67 131
67 132
67 133
67 195
67 236
67 237
68 3
68 20
68 195
68 19820
68 38968
68 841640
69 20
69 195
69 202
69 1777
69 33142
69 33765
69 54437
69 841641
70 76
70 342
70 343
70 345
70 841642
71 20
71 195
71 202
71 27620
71 27622
71 841643
72 9
72 10
72 11
72 13
72 781759
73 443
73 703
73 4766
73 5065
73 841644
74 90
74 443
74 15945
74 33410
74 841645
75 99
75 133
75 175
75 176
75 195
75 234
75 841646
76 3
76 4
76 195
76 21181
76 21183
76 841647
77 4
77 195
77 202
77 795
77 3439
77 841648
78 71
78 76
78 190
78 191
78 841649
seqId 329
1 5
1 20
1 82
1 83
1 84
1 115
1 763
1 3948
1 841650
2 27
2 82
2 84
2 114
2 115
2 116
2 118
2 841651
3 5
3 84
3 90
3 91
3 93
3 914
3 1815
3 140923
3 841652
4 9
4 10
4 24
4 26
4 27
4 841653
5 5
5 20
5 99
5 133
5 175
5 176
5 1316
5 194676
6 3
6 5
6 20
6 2320
6 2322
6 841654
7 660
7 2643
7 2644
7 2646
7 841655
8 5
8 20
8 202
8 4736
8 33765
8 841656
9 243
9 244
9 245
9 247
9 841657
10 5
10 20
10 202
10 15231
10 54358
10 108916
10 841658
11 71
11 76
11 190
11 191
11 841659
seqId 330
1 5
1 20
1 98
1 99
1 100
1 4215
1 841660
2 3
2 5
2 20
2 2320
2 2322
2 725907
3 5
3 84
3 91
3 93
3 121
3 703
3 707
3 956
3 841661
4 660
4 19069
4 19070
4 19072
4 841662
5 717
5 718
5 719
5 721
5 137696
6 10
6 146
6 147
6 149
6 722
7 5
7 20
7 99
7 131
7 132
7 133
7 165
7 166
8 5
8 20
8 202
8 784
8 4033
8 309052
9 3
9 5
9 20
9 7498
9 27142
9 743022
10 5
10 20
10 82
10 84
10 100
10 4680
10 7814
10 841663
11 82
11 758
11 759
11 761
11 841664
12 5
12 84
12 90
12 91
12 93
12 121
12 2333
12 2335
12 841665
13 2822
13 2823
13 2824
13 2826
13 359804
14 10
14 146
14 147
14 149
14 722
15 99
15 131
15 132
15 133
15 195
15 236
15 237
16 3
16 20
16 195
16 1806
16 1808
16 1809
16 1810
16 841666
17 9
17 10
17 11
17 13
17 841667
18 5
18 99
18 131
18 132
18 133
18 135
18 171
18 841668
19 5
19 67
19 55291
19 55294
19 841669
20 76
20 342
20 343
20 345
20 43664
21 5
21 85
21 99
21 10078
21 10080
21 841670
22 3
22 4
22 5
22 729
22 4454
22 841671
23 244
23 418
23 419
23 421
23 734978
24 660
24 94913
24 94914
24 94916
24 841672
25 76
25 342
25 343
25 345
25 137708
26 9
26 10
26 26
26 169
26 171
26 841673
27 90
27 443
27 2832
27 10563
27 841674
28 4
28 5
28 99
28 133
28 175
28 176
28 178
28 405511
29 3
29 4
29 5
29 6862
29 6864
29 841675
30 4
30 5
30 202
30 4904
30 4906
30 841676
31 10
31 126
31 127
31 129
31 841677
32 5
32 20
32 99
32 133
32 175
32 176
32 1316
32 332420
33 3
33 5
33 20
33 1684
33 13711
33 841678
34 9
34 10
34 11
34 13
34 841679
35 5
35 99
35 115
35 773
35 775
35 776
35 2192
35 3593
35 841680
36 3
36 5
36 20
36 614
36 4760
36 841681
37 71
37 76
37 190
37 191
37 841682
seqId 331
1 85
1 99
1 195
1 638
1 6239
1 841683
2 3
2 195
2 2217
2 8955
2 841684
3 76
3 342
3 343
3 345
3 725929
4 10
4 828
4 831
4 1539
4 841685
5 660
5 2210
5 2211
5 2213
5 841686
6 76
6 342
6 343
6 345
6 841687
7 84
7 91
7 93
7 121
7 195
7 702
7 703
7 1062
7 841688
8 5
8 20
8 90
8 122
8 708
8 769
8 4243
8 8467
8 841689
9 4
9 5
9 99
9 133
9 175
9 176
9 178
9 43692
10 3
10 4
10 5
10 6046
10 6048
10 841690
11 9
11 10
11 11
11 13
11 604803
12 5
12 99
12 773
12 776
12 3593
12 841691
13 3
13 4
13 5
13 897
13 899
13 841692
14 76
14 342
14 343
14 345
14 841693
15 10
15 283
15 284
15 286
15 841694
16 5
16 20
16 99
16 131
16 132
16 133
16 166
16 137735
17 3
17 5
17 20
17 4345
17 4347
17 841695
18 9
18 10
18 11
18 13
18 841696
19 5
19 99
19 773
19 776
19 3593
19 841697
20 3
20 5
20 20
20 10672
20 10674
20 368501
21 9
21 10
21 11
21 13
21 725941
22 3
22 4
22 5
22 15
22 17
22 841698
23 5
23 202
23 2742
23 16528
23 841699
24 76
24 342
24 343
24 345
24 841700
25 10
25 146
25 147
25 149
25 781827
26 4
26 5
26 99
26 133
26 175
26 176
26 178
26 841701
27 3
27 4
27 5
27 3691
27 3693
27 841702
28 10
28 126
28 127
28 129
28 841703
29 99
29 131
29 132
29 133
29 195
29 237
29 841704
30 3
30 20
30 195
30 37928
30 60441
30 841705
31 158
31 159
31 160
31 162
31 841706
32 9
32 10
32 11
32 13
32 163
33 5
33 20
33 99
33 131
33 132
33 133
33 165
33 166
34 3
34 5
34 20
34 32317
34 32319
34 841707
35 71
35 76
35 190
35 191
35 841708
seqId 332
1 10
1 7340
1 7341
1 7343
1 359849
2 51
2 195
2 4167
2 4169
2 841709
3 76
3 342
3 343
3 345
3 841710
4 5
4 27
4 99
4 131
4 132
4 133
4 135
4 841711
5 5
5 67
5 55291
5 55294
5 841712
6 51
6 195
6 14053
6 171406
6 171408
6 841713
7 243
7 244
7 245
7 247
7 819158
8 5
8 27
8 99
8 131
8 132
8 133
8 135
8 841714
9 5
9 67
9 55291
9 55294
9 841715
10 51
10 195
10 14053
10 167927
10 167929
10 389378
11 9
11 10
11 11
11 13
11 841716
12 5
12 27
12 99
12 131
12 132
12 133
12 135
12 841717
13 3
13 4
13 5
13 597
13 599
13 841718
14 67
14 601
14 603
14 1197
14 841719
15 67
15 605
15 607
15 1199
15 841720
16 76
16 413
16 414
16 416
16 841721
17 3
17 5
17 20
17 217
17 219
17 841722
18 9
18 10
18 24
18 26
18 27
18 841723
19 3
19 4
19 5
19 14686
19 49719
19 841724
20 4
20 5
20 202
20 322
20 55521
20 841725
21 243
21 244
21 245
21 247
21 841726
22 4
22 5
22 202
22 851
22 8705
22 173690
22 841727
23 9
23 10
23 11
23 13
23 841728
24 5
24 27
24 99
24 131
24 132
24 133
24 135
24 841729
25 5
25 67
25 147612
25 168135
25 841730
26 76
26 433
26 434
26 436
26 841731
27 84
27 90
27 91
27 93
27 121
27 195
27 1345
27 38039
27 841732
28 660
28 16882
28 16883
28 16885
28 841733
29 10
29 109
29 110
29 112
29 841734
30 3
30 4
30 5
30 4406
30 24330
30 841735
31 5
31 20
31 99
31 133
31 175
31 176
31 1316
31 100946
32 3
32 5
32 20
32 10672
32 10674
32 841736
33 5
33 20
33 90
33 122
33 708
33 713
33 5400
33 5402
33 841737
34 76
34 137
34 138
34 140
34 194802
35 4
35 5
35 99
35 131
35 132
35 133
35 811
35 429965
36 3
36 4
36 5
36 38982
36 38984
36 332489
37 9
37 10
37 11
37 13
37 429966
38 3
38 20
38 195
38 3906
38 71194
38 841738
39 20
39 195
39 202
39 26382
39 107349
39 841739
40 75
40 76
40 77
40 79
40 504534
41 90
41 443
41 1345
41 9933
41 841740
42 10
42 109
42 110
42 112
42 429973
43 3
43 4
43 5
43 21117
43 21119
43 841741
44 76
44 342
44 343
44 345
44 743095
45 90
45 443
45 1345
45 9933
45 841742
46 10
46 109
46 110
46 112
46 841743
47 3
47 4
47 5
47 9795
47 9797
47 841744
48 76
48 342
48 343
48 345
48 841745
49 90
49 443
49 1345
49 9933
49 841746
50 10
50 109
50 110
50 112
50 531946
51 3
51 5
51 20
51 43423
51 147271
51 405588
52 10
52 283
52 284
52 286
52 405589
53 99
53 131
53 132
53 133
53 195
53 237
53 841747
54 3
54 4
54 195
54 7178
54 7180
54 841748
55 4
55 5
55 202
55 168118
55 168120
55 841749
56 243
56 244
56 245
56 247
56 674558
57 4
57 5
57 202
57 140235
57 144993
57 841750
58 76
58 342
58 343
58 345
58 405597
59 67
59 52423
59 136606
59 173431
59 841751
60 243
60 244
60 245
60 247
60 841752
61 67
61 147612
61 168135
61 177253
61 841753
62 76
62 185
62 186
62 188
62 841754
63 71
63 76
63 190
63 191
63 368563
seqId 333
1 5
1 20
1 98
1 99
1 100
1 8099
1 841755
2 3
2 5
2 20
2 10672
2 10674
2 841756
3 5
3 20
3 202
3 906
3 50750
3 55097
3 177259
3 841757
4 76
4 413
4 414
4 416
4 841758
5 51
5 72
5 195
5 4169
5 93475
5 169902
5 841759
6 76
6 433
6 434
6 436
6 614751
7 5
7 84
7 91
7 93
7 121
7 702
7 703
7 705
7 841760
8 5
8 20
8 90
8 122
8 708
8 769
8 5568
8 5570
8 841761
9 5
9 20
9 99
9 131
9 132
9 133
9 166
9 841762
10 3
10 5
10 20
10 2985
10 2987
10 309184
11 158
11 159
11 160
11 162
11 841763
12 9
12 10
12 11
12 13
12 163
13 5
13 20
13 99
13 131
13 132
13 133
13 165
13 166
14 5
14 20
14 67
14 52779
14 72014
14 82591
14 841764
15 76
15 137
15 138
15 140
15 368573
16 99
16 131
16 132
16 133
16 195
16 1220
16 368574
17 3
17 20
17 195
17 3906
17 71194
17 841765
18 10
18 283
18 284
18 286
18 415622
19 5
19 20
19 99
19 131
19 132
19 133
19 166
19 415623
20 3
20 5
20 20
20 1666
20 1668
20 781895
21 76
21 185
21 186
21 188
21 841766
22 71
22 76
22 190
22 191
22 743125
seqId 334
1 10
1 109
1 876
1 878
1 841767
2 51
2 195
2 32987
2 32989
2 841768
3 76
3 342
3 343
3 345
3 841769
4 5
4 20
4 82
4 83
4 84
4 115
4 763
4 1002
4 841770
5 5
5 84
5 90
5 91
5 93
5 121
5 1064
5 32173
5 841771
6 4
6 5
6 99
6 131
6 132
6 133
6 152
6 841772
7 3
7 4
7 5
7 8152
7 9005
7 841773
8 9
8 10
8 24
8 26
8 27
8 351447
9 5
9 20
9 99
9 133
9 175
9 176
9 1316
9 841774
10 3
10 5
10 20
10 2863
10 2865
10 841775
11 5
11 20
11 202
11 10523
11 10525
11 841776
12 5
12 20
12 90
12 122
12 708
12 713
12 2832
12 5688
12 332540
13 479
13 660
13 125455
13 177290
13 177291
13 841777
14 10
14 146
14 147
14 149
14 430022
15 67
15 601
15 603
15 1197
15 841778
16 51
16 195
16 2686
16 15391
16 841779
17 243
17 244
17 245
17 247
17 841780
18 10
18 146
18 147
18 149
18 309217
19 67
19 601
19 603
19 1197
19 841781
20 67
20 605
20 607
20 1199
20 841782
21 243
21 244
21 245
21 247
21 368593
22 6151
22 6152
22 6153
22 6155
22 841783
23 10
23 146
23 147
23 149
23 722
24 5
24 20
24 82
24 759
24 1432
24 6157
24 6158
25 84
25 90
25 91
25 93
25 121
25 195
25 4338
25 23325
25 405638
26 230
26 231
26 232
26 234
26 405639
27 9
27 10
27 11
27 13
27 163
28 99
28 131
28 132
28 133
28 195
28 236
28 237
29 3
29 20
29 195
29 2217
29 8955
29 841784
30 9
30 10
30 11
30 13
30 841785
31 67
31 601
31 603
31 1197
31 841786
32 51
32 195
32 2686
32 14199
32 15391
33 76
33 413
33 414
33 416
33 841787
34 3
34 4
34 5
34 14174
34 27570
34 841788
35 9
35 10
35 11
35 13
35 467430
36 67
36 136357
36 136358
36 136360
36 841789
37 67
37 967
37 158385
37 174286
37 174287
37 174289
37 841790
38 10
38 126
38 127
38 129
38 841791
39 76
39 137
39 138
39 140
39 504601
40 5
40 99
40 131
40 132
40 133
40 171
40 699
40 841792
41 3
41 4
41 5
41 177315
41 177317
41 841793
42 158
42 159
42 160
42 162
42 743159
43 9
43 10
43 11
43 13
43 163
44 5
44 20
44 99
44 131
44 132
44 133
44 165
44 166
45 3
45 5
45 20
45 41194
45 59373
45 841794
46 5
46 20
46 202
46 14239
46 128685
46 177322
47 158
47 159
47 160
47 162
47 841795
48 9
48 10
48 11
48 13
48 163
49 5
49 20
49 99
49 131
49 132
49 133
49 165
49 166
50 5
50 20
50 67
50 177325
50 177327
50 841796
51 76
51 413
51 414
51 416
51 841797
52 51
52 195
52 14053
52 72422
52 177330
52 841798
53 76
53 433
53 434
53 436
53 841799
54 75
54 76
54 77
54 79
54 841800
55 158
55 159
55 160
55 162
55 66111
56 9
56 10
56 11
56 13
56 163
57 5
57 20
57 99
57 131
57 132
57 133
57 165
57 166
58 3
58 5
58 20
58 43423
58 147271
58 841801
59 10
59 146
59 147
59 149
59 194913
60 4
60 5
60 99
60 131
60 132
60 133
60 152
60 841802
61 3
61 4
61 5
61 177339
61 177341
61 841803
62 76
62 185
62 186
62 188
62 841804
63 76
63 433
63 434
63 436
63 841805
64 76
64 342
64 343
64 345
64 194917
65 67
65 601
65 603
65 1197
65 841806
66 67
66 605
66 607
66 1199
66 841807
67 76
67 342
67 343
67 345
67 841808
68 244
68 1249
68 1250
68 1252
68 841809
69 660
69 1622
69 1623
69 1625
69 66119
70 67
70 601
70 603
70 1197
70 841810
71 5
71 51
71 680
71 1993
71 841811
72 71
72 76
72 190
72 191
72 726052
seqId 335
1 4
1 5
1 99
1 131
1 132
1 133
1 811
1 743173
2 4
2 5
2 202
2 9960
2 19296
2 841812
3 3
3 4
3 5
3 10683
3 10685
3 405675
4 5
4 84
4 91
4 92
4 93
4 703
4 707
4 16563
4 841813
5 5
5 20
5 99
5 133
5 175
5 176
5 1316
5 841814
6 3
6 5
6 20
6 4157
6 10601
6 841815
7 9
7 10
7 11
7 13
7 841816
8 3
8 4
8 5
8 3691
8 3693
8 841817
9 4
9 5
9 202
9 3386
9 6768
9 43864
10 10
10 126
10 127
10 129
10 841818
11 4
11 5
11 99
11 131
11 132
11 133
11 152
11 841819
12 3
12 4
12 5
12 38982
12 38984
12 841820
13 230
13 231
13 232
13 234
13 841821
14 9
14 10
14 11
14 13
14 163
15 99
15 131
15 132
15 133
15 195
15 236
15 237
16 3
16 20
16 195
16 3906
16 71194
16 841822
17 20
17 195
17 202
17 26382
17 107349
17 841823
18 10
18 109
18 110
18 112
18 735143
19 3
19 4
19 5
19 4107
19 4109
19 841824
20 71
20 76
20 190
20 191
20 223092
seqId 336
1 660
1 976
1 7272
1 7274
1 841825
2 76
2 342
2 343
2 345
2 841826
3 5
3 20
3 98
3 99
3 100
3 102
3 43876
4 3
4 5
4 20
4 72
4 279
4 172668
4 172670
4 841827
5 76
5 137
5 138
5 140
5 467474
6 5
6 20
6 202
6 15231
6 54358
6 108916
6 841828
7 76
7 185
7 186
7 188
7 614826
8 5
8 84
8 91
8 93
8 121
8 702
8 703
8 705
8 841829
9 10
9 109
9 112
9 1539
9 841830
10 3
10 5
10 20
10 2429
10 2431
10 841831
11 5
11 20
11 90
11 122
11 708
11 769
11 170699
11 170701
11 841832
12 10
12 126
12 127
12 129
12 841833
13 13
13 99
13 133
13 175
13 176
13 195
13 841834
14 4
14 195
14 202
14 795
14 3439
14 841835
15 3
15 4
15 195
15 340
15 5256
15 5258
15 841836
16 10
16 283
16 284
16 286
16 841837
17 5
17 20
17 99
17 133
17 175
17 176
17 1316
17 194958
18 5
18 20
18 202
18 795
18 797
18 841838
19 3
19 5
19 20
19 4345
19 4347
19 841839
20 76
20 342
20 343
20 345
20 368666
21 243
21 244
21 245
21 247
21 841840
22 10
22 126
22 127
22 129
22 841841
23 5
23 20
23 99
23 133
23 175
23 176
23 1316
23 43894
24 3
24 5
24 20
24 10672
24 10674
24 841842
25 5
25 20
25 202
25 15742
25 15744
25 841843
26 10
26 378
26 379
26 381
26 841844
27 5
27 27
27 99
27 131
27 132
27 133
27 135
27 841845
28 3
28 4
28 5
28 9634
28 9636
28 368675
29 158
29 159
29 160
29 162
29 194972
30 9
30 10
30 11
30 13
30 163
31 5
31 20
31 99
31 131
31 132
31 133
31 165
31 166
32 3
32 5
32 20
32 429
32 431
32 841846
33 158
33 159
33 160
33 162
33 841847
34 9
34 10
34 11
34 13
34 163
35 5
35 20
35 99
35 131
35 132
35 133
35 165
35 166
36 5
36 20
36 202
36 38807
36 38809
36 841848
37 3
37 5
37 20
37 761
37 4399
37 8684
37 24369
37 24371
37 24372
37 841849
38 71
38 76
38 190
38 191
38 841850
seqId 337
1 3
1 4
1 5
1 4447
1 22143
1 604971
2 158
2 159
2 160
2 162
2 841851
3 9
3 10
3 11
3 13
3 163
4 5
4 20
4 99
4 131
4 132
4 133
4 165
4 166
5 3
5 5
5 20
5 4038
5 15485
5 194981
6 10
6 1791
6 1792
6 1794
6 841852
7 5
7 27
7 99
7 131
7 132
7 133
7 135
7 841853
8 5
8 67
8 55291
8 55294
8 841854
9 51
9 195
9 14053
9 171406
9 171408
9 841855
10 71
10 76
10 190
10 191
10 841856
seqId 338
1 5
1 20
1 81
1 82
1 83
1 84
1 85
1 2423
1 66201
2 5
2 84
2 90
2 91
2 93
2 121
2 43124
2 43126
2 841857
3 660
3 30602
3 30603
3 30605
3 137961
4 5
4 20
4 99
4 131
4 132
4 133
4 166
4 743223
5 3
5 5
5 20
5 29402
5 29404
5 841858
6 158
6 159
6 160
6 162
6 430112
7 9
7 10
7 11
7 13
7 163
8 5
8 20
8 99
8 131
8 132
8 133
8 165
8 166
9 3
9 5
9 19
9 20
9 105
9 841859
10 71
10 76
10 190
10 191
10 841860
seqId 339
1 51
1 52
1 4934
1 4936
1 841861
2 76
2 592
2 593
2 595
2 841862
3 3
3 4
3 5
3 3268
3 5994
3 841863
4 67
4 5978
4 6412
4 24198
4 27257
4 47596
4 94998
4 177423
4 177424
4 841864
seqId 340
1 10
1 109
1 876
1 878
1 743230
2 82
2 84
2 114
2 115
2 116
2 1361
2 841865
3 90
3 121
3 122
3 21159
3 177429
3 223156
4 10
4 283
4 284
4 286
4 841866
5 4
5 5
5 99
5 131
5 132
5 133
5 152
5 841867
6 3
6 4
6 5
6 4107
6 4109
6 841868
7 9
7 10
7 11
7 13
7 101155
8 5
8 99
8 115
8 773
8 774
8 775
8 776
8 778
8 841869
9 3
9 5
9 20
9 429
9 431
9 841870
10 5
10 20
10 202
10 302
10 304
10 756021
11 10
11 146
11 147
11 149
11 841871
12 51
12 195
12 11257
12 11259
12 841872
13 3
13 20
13 195
13 6913
13 6915
13 841873
14 76
14 342
14 343
14 345
14 841874
15 5
15 27
15 99
15 131
15 132
15 133
15 135
15 841875
16 2
16 3
16 4
16 5
16 181
16 841876
17 5
17 84
17 90
17 91
17 92
17 93
17 96
17 20210
17 106568
17 614880
18 4
18 5
18 99
18 131
18 132
18 133
18 152
18 614881
19 3
19 4
19 5
19 539
19 18239
19 614882
20 75
20 76
20 77
20 79
20 841877
seqId 341
1 76
1 592
1 593
1 595
1 819332
2 99
2 133
2 175
2 176
2 195
2 234
2 604998
3 3
3 20
3 195
3 3118
3 10103
3 841878
4 20
4 195
4 202
4 3303
4 10106
4 841879
seqId 342
1 76
1 592
1 593
1 595
1 195022
2 4
2 5
2 202
2 3303
2 3305
2 841880
3 3
3 4
3 5
3 64972
3 64974
3 841881
4 4
4 5
4 202
4 2359
4 8352
4 841882
5 76
5 342
5 343
5 345
5 14402
6 10
6 283
6 284
6 286
6 14403
7 5
7 27
7 99
7 131
7 132
7 133
7 135
7 841883
8 3
8 4
8 5
8 17178
8 17180
8 841884
9 4
9 5
9 202
9 3272
9 3274
9 841885
10 9
10 10
10 11
10 13
10 756040
11 3
11 20
11 195
11 10402
11 10404
11 841886
12 90
12 121
12 122
12 31304
12 37431
12 841887
13 10
13 126
13 127
13 129
13 532098
14 5
14 27
14 99
14 131
14 132
14 133
14 135
14 841888
15 5
15 67
15 147612
15 168135
15 841889
16 243
16 244
16 245
16 247
16 756046
17 10
17 126
17 127
17 129
17 841890
18 99
18 131
18 132
18 133
18 195
18 237
18 841891
19 3
19 20
19 195
19 340
19 5018
19 5020
19 841892
20 195
20 202
20 340
20 168265
20 168267
20 841893
21 717
21 718
21 719
21 721
21 368738
22 10
22 146
22 147
22 149
22 722
23 5
23 20
23 99
23 131
23 132
23 133
23 165
23 166
24 5
24 20
24 202
24 1718
24 57849
24 841894
25 3
25 5
25 20
25 65093
25 165778
25 841895
26 243
26 244
26 245
26 247
26 405787
27 10
27 146
27 147
27 149
27 415805
28 5
28 27
28 99
28 131
28 132
28 133
28 135
28 841896
29 3
29 4
29 5
29 3576
29 3578
29 841897
30 5
30 202
30 140235
30 144993
30 841898
seqId 343
1 72
1 76
1 14432
1 452638
1 841900
1 841901
2 3
2 4
2 5
2 46763
2 46765
2 841902
3 158
3 159
3 160
3 162
3 841903
4 9
4 10
4 11
4 13
4 163
5 5
5 20
5 99
5 131
5 132
5 133
5 165
5 166
6 3
6 5
6 20
6 41849
6 41851
6 841904
7 5
7 20
7 202
7 302
7 304
7 841905
8 75
8 76
8 77
8 79
8 841906
9 3
9 5
9 20
9 614
9 4760
9 841907
10 9
10 10
10 11
10 13
10 389660
11 5
11 27
11 99
11 131
11 132
11 133
11 135
11 841908
12 3
12 4
12 5
12 1395
12 5941
12 841909
13 4
13 5
13 202
13 27266
13 27268
13 841910
14 9
14 10
14 24
14 26
14 27
14 841911
15 4
15 5
15 99
15 133
15 175
15 176
15 178
15 841912
16 3
16 4
16 5
16 98320
16 177490
16 415824
17 4
17 5
17 202
17 64857
17 64859
17 841913
18 9
18 10
18 11
18 13
18 841914
19 5
19 27
19 99
19 131
19 132
19 133
19 135
19 605044
20 3
20 4
20 5
20 1784
20 10502
20 841915
21 230
21 231
21 232
21 234
21 841916
22 9
22 10
22 11
22 13
22 163
23 99
23 131
23 132
23 133
23 195
23 236
23 237
24 3
24 4
24 195
24 7178
24 7180
24 841917
25 9
25 10
25 11
25 13
25 415832
26 5
26 27
26 99
26 131
26 132
26 133
26 135
26 841918
27 5
27 67
27 177499
27 177501
27 841919
28 243
28 244
28 245
28 247
28 841920
29 9
29 10
29 11
29 13
29 819374
30 5
30 27
30 99
30 131
30 132
30 133
30 135
30 605051
31 5
31 67
31 147612
31 168135
31 841921
32 76
32 413
32 414
32 416
32 841922
33 10
33 1387
33 1388
33 1390
33 841923
34 99
34 115
34 195
34 773
34 774
34 775
34 776
34 3400
34 101222
35 3
35 20
35 195
35 340
35 16650
35 16652
35 841924
36 20
36 195
36 202
36 14484
36 82838
36 177512
36 841925
37 76
37 433
37 434
37 436
37 841926
38 10
38 1605
38 1606
38 1608
38 841927
39 51
39 195
39 177516
39 177518
39 195100
40 243
40 244
40 245
40 247
40 841928
41 51
41 195
41 168165
41 168166
41 841929
seqId 344
1 76
1 592
1 593
1 595
1 841930
2 660
2 2522
2 6797
2 6799
2 841931
3 9
3 10
3 11
3 13
3 674758
4 3
4 4
4 195
4 340
4 111080
4 111082
4 841932
5 243
5 244
5 245
5 247
5 138063
6 9
6 10
6 11
6 13
6 735295
7 3
7 20
7 195
7 429
7 4265
7 841933
8 20
8 195
8 202
8 5335
8 5564
8 138065
9 20
9 195
9 202
9 340
9 3681
9 32330
9 32332
9 841934
10 76
10 342
10 343
10 345
10 841935
11 9
11 10
11 26
11 171
11 2548
11 841936
12 82
12 759
12 5284
12 5286
12 605069
13 4
13 5
13 99
13 133
13 175
13 176
13 178
13 841937
14 4
14 5
14 202
14 26513
14 26515
14 841938
15 3
15 4
15 5
15 9769
15 31427
15 50775
15 75863
15 177536
15 841939
16 4
16 5
16 202
16 16827
16 16829
16 841940
seqId 345
1 76
1 592
1 593
1 595
1 841941
2 3
2 4
2 5
2 9853
2 9855
2 841942
3 9
3 10
3 11
3 13
3 735313
4 3
4 4
4 195
4 70648
4 138647
4 841943
5 195
5 202
5 24914
5 24916
5 841944
6 76
6 413
6 414
6 416
6 841945
7 3
7 4
7 5
7 14686
7 14688
7 841946
8 9
8 10
8 11
8 13
8 101281
9 4
9 5
9 99
9 131
9 132
9 133
9 152
9 309468
10 3
10 4
10 5
10 175881
10 175883
10 841947
11 76
11 342
11 343
11 345
11 841948
12 3
12 4
12 5
12 14686
12 14688
12 332842
13 230
13 231
13 232
13 234
13 841949
14 9
14 10
14 11
14 13
14 163
15 99
15 131
15 132
15 133
15 195
15 236
15 237
16 3
16 20
16 195
16 340
16 5018
16 5020
16 841950
17 195
17 202
17 340
17 168265
17 168267
17 841951
18 76
18 433
18 434
18 436
18 841952
seqId 346
1 76
1 592
1 593
1 595
1 101289
2 3
2 4
2 5
2 2532
2 2534
2 841953
3 10
3 283
3 284
3 286
3 841954
4 5
4 20
4 99
4 131
4 132
4 133
4 166
4 841955
5 67
5 52779
5 72014
5 82591
5 82592
5 841956
6 67
6 48317
6 48318
6 48320
6 48321
6 841957
seqId 347
1 99
1 131
1 132
1 133
1 195
1 1220
1 841958
2 3
2 20
2 195
2 3906
2 71194
2 841959
3 10
3 283
3 284
3 286
3 841960
4 5
4 20
4 99
4 131
4 132
4 133
4 166
4 674787
5 3
5 5
5 20
5 1668
5 48321
5 48328
5 98907
5 841961
seqId 348
1 76
1 592
1 593
1 595
1 841962
2 99
2 133
2 175
2 176
2 195
2 234
2 605098
3 3
3 20
3 195
3 3118
3 10103
3 841963
4 10
4 146
4 147
4 149
4 223320
5 90
5 443
5 8109
5 17672
5 841964
6 76
6 1267
6 1268
6 1270
6 841965
seqId 349
1 76
1 592
1 593
1 595
1 841966
2 5
2 20
2 99
2 131
2 132
2 133
2 967
2 614998
3 3
3 5
3 20
3 67060
3 67062
3 841967
4 5
4 20
4 202
4 2947
4 2949
4 841968
5 10
5 1605
5 1606
5 1608
5 605107
6 99
6 131
6 132
6 133
6 195
6 237
6 841969
7 3
7 20
7 195
7 10402
7 10404
7 841970
8 230
8 231
8 232
8 234
8 841971
9 9
9 10
9 11
9 13
9 163
10 99
10 131
10 132
10 133
10 195
10 236
10 237
11 51
11 52
11 1501
11 1503
11 430267
12 3
12 20
12 195
12 9758
12 33695
12 841972
13 76
13 342
13 343
13 345
13 841973
14 243
14 244
14 245
14 247
14 415911
15 10
15 109
15 112
15 1539
15 743440
16 5
16 20
16 202
16 1601
16 1603
16 841974
17 76
17 342
17 343
17 345
17 841975
18 10
18 1539
18 3889
18 3891
18 332877
19 660
19 2136
19 2137
19 2139
19 332878
20 944
20 945
20 946
20 948
20 841976
21 67
21 71
21 71
21 72
21 9179
21 9577
21 174379
21 174380
21 841977
22 67
22 1186
22 49510
22 58458
22 174383
22 174384
22 841978
23 5
23 84
23 91
23 92
23 93
23 702
23 703
23 63087
23 841979
24 20
24 90
24 122
24 708
24 1064
24 1066
24 841980
25 4
25 5
25 99
25 773
25 776
25 3330
25 44101
26 3
26 4
26 5
26 2019
26 2021
26 841981
27 10
27 109
27 110
27 112
27 841982
28 51
28 52
28 29812
28 29814
28 841983
29 76
29 342
29 343
29 345
29 368844
30 5
30 99
30 131
30 132
30 133
30 135
30 171
30 841984
31 3
31 4
31 5
31 26859
31 26861
31 841985
32 9
32 10
32 11
32 13
32 138146
33 3
33 20
33 47536
33 47539
33 841986
34 243
34 244
34 245
34 247
34 841987
35 9
35 10
35 11
35 13
35 841988
36 67
36 9490
36 47543
36 47544
36 47546
36 841989
37 67
37 5933
37 32572
37 32573
37 32575
37 841990
38 3
38 5
38 20
38 24951
38 38843
38 101355
39 67
39 4796
39 57668
39 177604
39 177605
39 841991
40 76
40 342
40 343
40 345
40 841992
41 5
41 84
41 90
41 91
41 92
41 93
41 3360
41 89718
41 841993
42 443
42 703
42 707
42 2086
42 841994
43 5
43 20
43 90
43 122
43 708
43 713
43 2088
43 2090
43 841995
44 717
44 718
44 719
44 721
44 726235
45 10
45 146
45 149
45 722
45 1539
46 5
46 20
46 99
46 131
46 132
46 133
46 165
46 166
47 660
47 18003
47 18004
47 18006
47 726236
48 10
48 378
48 379
48 381
48 841996
49 3
49 4
49 5
49 6046
49 6048
49 841997
50 71
50 76
50 190
50 191
50 841998
seqId 350
1 5
1 20
1 81
1 82
1 83
1 84
1 85
1 2423
1 841999
2 5
2 84
2 90
2 91
2 93
2 121
2 12418
2 177619
2 223361
3 10
3 109
3 112
3 1539
3 842000
4 3
4 5
4 20
4 1601
4 1603
4 842001
5 171
5 944
5 945
5 1461
5 1463
5 842002
6 5
6 20
6 99
6 133
6 175
6 176
6 1316
6 415940
7 3
7 5
7 20
7 1126
7 1128
7 415941
8 9
8 10
8 11
8 13
8 14615
9 3
9 5
9 20
9 14616
9 47536
9 47539
10 9
10 10
10 26
10 169
10 171
10 842003
11 3
11 4
11 5
11 14686
11 14688
11 309533
12 4
12 5
12 202
12 140235
12 144993
12 842004
13 5
13 84
13 91
13 92
13 93
13 703
13 707
13 16563
13 842005
14 20
14 90
14 122
14 708
14 713
14 1345
14 1347
14 819460
15 717
15 718
15 719
15 721
15 842006
16 10
16 146
16 147
16 149
16 722
17 5
17 20
17 99
17 131
17 132
17 133
17 165
17 166
18 3
18 5
18 20
18 12619
18 12621
18 842007
19 10
19 146
19 147
19 149
19 842008
20 67
20 4796
20 57668
20 177604
20 177605
20 842009
21 10
21 3889
21 3891
21 9630
21 842010
22 51
22 195
22 29812
22 29814
22 842011
23 76
23 342
23 343
23 345
23 605145
24 243
24 244
24 245
24 247
24 842012
25 944
25 945
25 946
25 948
25 842013
26 5
26 99
26 115
26 773
26 774
26 775
26 776
26 778
26 842014
27 3
27 5
27 20
27 533
27 535
27 536
27 842015
28 717
28 718
28 719
28 721
28 332919
29 10
29 146
29 147
29 149
29 722
30 5
30 20
30 99
30 131
30 132
30 133
30 165
30 166
31 5
31 20
31 67
31 37445
31 135367
31 171893
31 842016
32 5
32 84
32 90
32 91
32 92
32 93
32 96
32 29837
32 177644
32 842017
33 5
33 99
33 131
33 132
33 133
33 135
33 171
33 504870
34 3
34 4
34 5
34 37227
34 37229
34 842018
35 9
35 10
35 11
35 13
35 467733
36 3
36 5
36 20
36 71
36 71
36 340
36 792
36 1104
36 1808
36 1809
36 56365
36 842019
37 717
37 718
37 719
37 721
37 101394
38 10
38 146
38 147
38 149
38 722
39 5
39 20
39 99
39 131
39 132
39 133
39 165
39 166
40 5
40 20
40 67
40 37445
40 135367
40 171893
40 842020
41 71
41 76
41 190
41 191
41 842021
seqId 351
1 5
1 20
1 99
1 131
1 132
1 133
1 967
1 842022
2 3
2 5
2 20
2 533
2 535
2 536
2 842023
3 717
3 718
3 719
3 721
3 332931
4 10
4 146
4 147
4 149
4 722
5 5
5 20
5 99
5 131
5 132
5 133
5 165
5 166
6 5
6 20
6 67
6 37445
6 135367
6 171893
6 842024
7 9
7 10
7 11
7 13
7 842025
8 36
8 67
8 71
8 18488
8 18489
8 842026
9 67
9 2423
9 5422
9 106062
9 177656
9 177657
9 842027
10 76
10 413
10 414
10 416
10 842028
11 67
11 9490
11 47543
11 47544
11 47546
11 842029
12 717
12 718
12 719
12 721
12 14658
13 10
13 146
13 147
13 149
13 722
14 5
14 20
14 99
14 131
14 132
14 133
14 165
14 166
15 3
15 5
15 20
15 56527
15 56529
15 842030
16 9
16 10
16 24
16 26
16 27
16 504885
17 3
17 5
17 20
17 34785
17 36313
17 842031
18 9
18 10
18 11
18 13
18 842032
19 5
19 27
19 99
19 131
19 132
19 133
19 135
19 842033
20 3
20 4
20 5
20 597
20 599
20 842034
21 67
21 601
21 603
21 1197
21 842035
22 51
22 195
22 2686
22 15391
22 842036
23 76
23 433
23 434
23 436
23 756179
24 5
24 84
24 90
24 91
24 93
24 121
24 4945
24 76998
24 415972
25 9
25 10
25 26
25 171
25 1539
25 842037
26 660
26 2210
26 2211
26 2213
26 842038
27 944
27 945
27 946
27 948
27 309573
28 99
28 133
28 175
28 176
28 195
28 234
28 405967
29 3
29 4
29 195
29 3441
29 3443
29 842039
30 84
30 90
30 91
30 93
30 121
30 195
30 2081
30 14250
30 842040
31 443
31 703
31 707
31 2086
31 842041
32 4
32 90
32 122
32 195
32 340
32 708
32 713
32 1437
32 177680
32 842042
33 76
33 342
33 343
33 345
33 842043
34 10
34 146
34 147
34 149
34 66534
35 67
35 4796
35 57668
35 177604
35 177605
35 842044
36 76
36 342
36 343
36 345
36 842045
37 10
37 109
37 110
37 112
37 842046
38 3
38 5
38 20
38 26069
38 26071
38 842047
39 158
39 159
39 160
39 162
39 756188
40 9
40 10
40 11
40 13
40 163
41 5
41 20
41 99
41 131
41 132
41 133
41 165
41 166
42 3
42 5
42 20
42 56527
42 56529
42 842048
43 3
43 4
43 5
43 14686
43 49719
43 842049
44 71
44 76
44 190
44 191
44 842050
seqId 352
1 76
1 592
1 593
1 595
1 467774
2 5
2 20
2 82
2 84
2 115
2 763
2 1002
2 14689
3 5
3 84
3 90
3 91
3 92
3 93
3 12628
3 65298
3 842051
4 5
4 20
4 99
4 133
4 175
4 176
4 1316
4 842052
5 3
5 5
5 20
5 2894
5 2896
5 842053
6 5
6 20
6 202
6 24227
6 24229
6 842054
7 10
7 27
7 1113
7 1114
7 1116
7 842055
8 660
8 30602
8 30603
8 30605
8 842056
9 5
9 20
9 90
9 122
9 708
9 713
9 4832
9 4834
9 842057
10 5
10 20
10 202
10 177701
10 177703
10 842058
11 660
11 3319
11 3320
11 3322
11 842059
12 9
12 10
12 11
12 13
12 756200
13 660
13 3768
13 3769
13 3771
13 842060
14 90
14 443
14 1587
14 4347
14 125811
14 605194
15 5
15 20
15 99
15 131
15 132
15 133
15 166
15 223458
16 3
16 5
16 20
16 24881
16 24883
16 842061
17 9
17 10
17 24
17 26
17 27
17 842062
18 4
18 5
18 99
18 133
18 175
18 176
18 178
18 842063
19 3
19 4
19 5
19 55291
19 55294
19 782178
20 4
20 5
20 90
20 122
20 708
20 713
20 16983
20 28412
20 30971
20 44222
20 842064
21 243
21 244
21 245
21 247
21 223463
22 3
22 4
22 5
22 72
22 38016
22 119405
22 177716
22 842065
23 71
23 76
23 190
23 191
23 842066
seqId 353
1 76
1 592
1 593
1 595
1 842067
2 99
2 133
2 175
2 176
2 195
2 234
2 842068
3 3
3 4
3 195
3 27599
3 71545
3 842069
4 4
4 90
4 122
4 195
4 708
4 713
4 27603
4 27605
4 842070
5 10
5 828
5 829
5 831
5 309609
6 5
6 20
6 99
6 131
6 132
6 133
6 166
6 223475
7 3
7 5
7 20
7 3533
7 3535
7 842071
8 1458
8 2717
8 4052
8 4054
8 819516
9 5
9 27
9 99
9 131
9 132
9 133
9 135
9 842072
10 3
10 5
10 20
10 20716
10 20718
10 842073
11 10
11 283
11 284
11 286
11 842074
12 5
12 20
12 82
12 759
12 1432
12 6158
12 842075
13 4
13 5
13 82
13 84
13 115
13 763
13 1264
13 368980
14 82
14 84
14 114
14 115
14 116
14 1361
14 223483
15 5
15 84
15 90
15 91
15 93
15 121
15 1437
15 59855
15 842076
16 76
16 1267
16 1268
16 1270
16 842077
seqId 354
1 4
1 5
1 99
1 131
1 132
1 133
1 811
1 842078
2 4
2 5
2 67
2 93047
2 93049
2 93050
2 842079
3 67
3 1258
3 57345
3 57346
3 57348
3 842080
seqId 355
1 5
1 20
1 99
1 131
1 132
1 133
1 967
1 14757
2 3
2 5
2 20
2 38608
2 38610
2 842081
3 5
3 20
3 202
3 3414
3 3416
3 842082
4 10
4 146
4 147
4 149
4 333019
5 67
5 72
5 6363
5 135196
5 140864
5 140865
5 842083
6 76
6 342
6 343
6 345
6 842084
7 10
7 1387
7 1388
7 1390
7 842085
8 4
8 5
8 99
8 131
8 132
8 133
8 152
8 842086
9 3
9 4
9 5
9 174606
9 174608
9 842087
10 243
10 244
10 245
10 247
10 195351
11 5
11 20
11 99
11 131
11 132
11 133
11 166
11 66608
12 3
12 5
12 20
12 15396
12 145101
12 842088
13 9
13 10
13 26
13 169
13 171
13 842089
14 3
14 4
14 5
14 14686
14 14688
14 842090
seqId 356
1 76
1 592
1 593
1 595
1 406024
2 99
2 133
2 175
2 176
2 195
2 234
2 842091
3 3
3 20
3 195
3 12983
3 23115
3 842092
4 20
4 90
4 122
4 195
4 708
4 713
4 4530
4 4532
4 842093
5 10
5 146
5 147
5 149
5 842094
6 5
6 20
6 98
6 99
6 100
6 102
6 195367
7 3
7 5
7 20
7 3533
7 3535
7 842095
8 1458
8 2717
8 4052
8 4054
8 842096
9 5
9 20
9 98
9 99
9 100
9 3961
9 842097
10 3
10 5
10 20
10 20716
10 20718
10 842098
11 71
11 76
11 190
11 191
11 842099
seqId 357
1 76
1 592
1 593
1 595
1 842100
2 660
2 661
2 910
2 1234
2 842101
3 660
3 661
3 1240
3 1242
3 842102
4 90
4 443
4 2081
4 29574
4 842103
5 90
5 443
5 4190
5 4192
5 842104
6 99
6 195
6 773
6 776
6 28931
6 842105
7 3
7 20
7 195
7 429
7 4265
7 842106
8 76
8 342
8 343
8 345
8 138448
9 243
9 244
9 245
9 247
9 842107
10 2717
10 4052
10 4054
10 16256
10 842108
11 244
11 418
11 419
11 421
11 842109
12 660
12 661
12 910
12 1234
12 195379
13 660
13 661
13 1240
13 1242
13 842110
14 90
14 443
14 2081
14 29574
14 842111
15 90
15 443
15 9486
15 32711
15 32713
15 842112
16 2822
16 2823
16 2824
16 2826
16 842113
17 10
17 146
17 147
17 149
17 722
18 99
18 131
18 132
18 133
18 195
18 236
18 237
19 3
19 20
19 195
19 429
19 4265
19 842114
20 20
20 90
20 122
20 195
20 340
20 708
20 713
20 5533
20 8486
20 842115
21 945
21 1010
21 1011
21 1013
21 842116
22 82
22 115
22 195
22 4940
22 4941
22 28267
22 842117
23 5
23 82
23 84
23 115
23 135
23 171
23 763
23 842118
24 90
24 91
24 93
24 121
24 195
24 4180
24 4941
24 34509
24 177778
24 842119
25 76
25 342
25 343
25 345
25 14809
26 10
26 109
26 112
26 1539
26 842120
27 3
27 4
27 5
27 1542
27 1544
27 842121
28 9
28 10
28 11
28 13
28 101554
29 5
29 99
29 131
29 132
29 133
29 135
29 171
29 726351
30 3
30 4
30 5
30 26859
30 26861
30 842122
31 9
31 10
31 11
31 13
31 842123
32 3
32 5
32 20
32 2553
32 2555
32 842124
33 5
33 20
33 202
33 1449
33 9927
33 842125
34 5
34 20
34 90
34 122
34 708
34 713
34 789
34 1284
34 842126
35 660
35 24347
35 24348
35 24350
35 842127
36 10
36 146
36 147
36 149
36 842128
37 4
37 5
37 99
37 131
37 132
37 133
37 152
37 842129
38 3
38 4
38 5
38 15
38 17
38 842130
39 10
39 146
39 147
39 149
39 44305
40 5
40 20
40 67
40 605
40 607
40 842131
41 76
41 413
41 414
41 416
41 842132
42 3
42 4796
42 177796
42 177797
42 842133
43 51
43 52
43 2686
43 15391
43 842134
44 660
44 661
44 910
44 1234
44 842135
45 5
45 84
45 90
45 91
45 93
45 121
45 9966
45 28344
45 842136
46 660
46 661
46 1240
46 1242
46 177803
47 9
47 10
47 11
47 13
47 842137
48 5
48 99
48 773
48 776
48 778
48 416096
49 3
49 5
49 20
49 24951
49 38843
49 842138
50 90
50 443
50 1064
50 8149
50 842139
51 10
51 109
51 110
51 112
51 842140
52 3
52 4
52 5
52 8004
52 8006
52 14848
53 4
53 5
53 99
53 131
53 132
53 133
53 152
53 14849
54 3
54 4
54 5
54 6422
54 6424
54 842141
55 4
55 5
55 202
55 2625
55 25785
55 842142
56 158
56 159
56 160
56 162
56 842143
57 9
57 10
57 11
57 13
57 163
58 5
58 20
58 99
58 131
58 132
58 133
58 165
58 166
59 67
59 37445
59 135367
59 171893
59 173220
59 842144
60 76
60 433
60 434
60 436
60 842145
61 71
61 76
61 190
61 191
61 842146
seqId 358
1 76
1 592
1 593
1 595
1 842147
2 4
2 5
2 99
2 131
2 132
2 133
2 152
2 842148
3 3
3 4
3 5
3 177817
3 177819
3 842149
4 230
4 231
4 232
4 234
4 842150
5 9
5 10
5 11
5 13
5 163
6 99
6 131
6 132
6 133
6 195
6 236
6 237
7 3
7 4
7 195
7 38310
7 38312
7 842151
8 9
8 10
8 11
8 13
8 842152
9 3
9 5
9 20
9 38332
9 38620
9 842153
10 10
10 109
10 112
10 1539
10 842154
11 3
11 5
11 20
11 5335
11 8517
11 842155
12 10
12 1605
12 1606
12 1608
12 333131
13 99
13 131
13 132
13 133
13 195
13 237
13 842156
14 51
14 52
14 1501
14 1503
14 842157
15 3
15 20
15 195
15 9758
15 33695
15 842158
16 5
16 84
16 90
16 91
16 93
16 121
16 2081
16 2426
16 195445
17 90
17 443
17 5661
17 14876
17 31000
18 5
18 20
18 202
18 68371
18 68373
18 842159
19 4
19 5
19 99
19 131
19 132
19 133
19 152
19 842160
20 3
20 4
20 5
20 7803
20 7805
20 842161
21 9
21 10
21 11
21 13
21 842162
22 3
22 20
22 195
22 2034
22 3403
22 430504
23 82
23 758
23 759
23 761
23 842163
24 84
24 90
24 91
24 93
24 121
24 195
24 702
24 1062
24 842164
25 99
25 133
25 175
25 176
25 195
25 234
25 842165
26 3
26 4
26 195
26 8004
26 77607
26 842166
27 9
27 10
27 26
27 169
27 171
27 842167
28 3
28 5
28 20
28 13108
28 29558
28 842168
29 10
29 283
29 284
29 286
29 842169
30 5
30 20
30 99
30 133
30 175
30 176
30 1316
30 756323
31 3
31 5
31 20
31 9758
31 9760
31 726394
32 10
32 146
32 147
32 149
32 309755
33 4
33 5
33 99
33 133
33 175
33 176
33 178
33 309756
34 3
34 4
34 5
34 8989
34 24580
34 138547
35 10
35 283
35 284
35 286
35 842170
36 5
36 20
36 99
36 131
36 132
36 133
36 166
36 842171
37 3
37 5
37 20
37 4345
37 4347
37 842172
38 158
38 159
38 160
38 162
38 416138
39 9
39 10
39 11
39 13
39 163
40 5
40 20
40 99
40 131
40 132
40 133
40 165
40 166
41 67
41 37445
41 135367
41 171893
41 173220
41 842173
42 10
42 283
42 284
42 286
42 782275
43 5
43 99
43 131
43 132
43 133
43 135
43 171
43 195470
44 5
44 202
44 2294
44 2296
44 842174
45 3
45 5
45 20
45 9758
45 9760
45 842175
46 71
46 76
46 190
46 191
46 842176
seqId 359
1 51
1 52
1 2151
1 2153
1 842177
2 76
2 592
2 593
2 595
2 842178
3 3
3 5
3 20
3 429
3 23585
3 842179
4 5
4 202
4 302
4 304
4 842180
5 10
5 146
5 147
5 149
5 842181
6 51
6 52
6 11257
6 11259
6 842182
7 3
7 20
7 195
7 6913
7 6915
7 842183
seqId 360
1 10
1 378
1 3871
1 3873
1 842184
2 5
2 27
2 99
2 131
2 132
2 133
2 135
2 309772
3 2
3 3
3 4
3 5
3 181
3 842185
4 76
4 342
4 343
4 345
4 842186
5 5
5 27
5 99
5 131
5 132
5 133
5 135
5 842187
6 3
6 4
6 5
6 642
6 23331
6 842188
7 244
7 418
7 419
7 421
7 674997
8 5
8 20
8 99
8 131
8 132
8 133
8 166
8 101642
9 3
9 5
9 20
9 1684
9 13711
9 842189
10 76
10 342
10 343
10 345
10 467955
11 5
11 20
11 81
11 82
11 83
11 84
11 85
11 87
11 615244
12 5
12 84
12 90
12 91
12 92
12 93
12 96
12 3100
12 68740
12 842190
13 5
13 20
13 99
13 131
13 132
13 133
13 166
13 44395
14 3
14 5
14 20
14 13025
14 30421
14 44396
15 9
15 10
15 11
15 13
15 44397
16 3
16 4
16 5
16 1536
16 4896
16 842191
17 9
17 10
17 11
17 13
17 101651
18 5
18 27
18 99
18 131
18 132
18 133
18 135
18 842192
19 2
19 3
19 4
19 5
19 181
19 842193
20 76
20 413
20 414
20 416
20 842194
21 3
21 4
21 195
21 642
21 644
21 842195
22 1458
22 2717
22 4052
22 4054
22 842196
23 3
23 20
23 195
23 1684
23 1686
23 842197
24 76
24 433
24 434
24 436
24 842198
25 243
25 244
25 245
25 247
25 406137
26 5
26 20
26 81
26 82
26 83
26 84
26 85
26 87
26 782296
27 5
27 84
27 90
27 91
27 92
27 93
27 3482
27 177887
27 842199
28 99
28 131
28 132
28 133
28 195
28 237
28 842200
29 3
29 20
29 195
29 1548
29 1715
29 842201
30 76
30 342
30 343
30 345
30 505069
31 99
31 131
31 132
31 133
31 195
31 237
31 842202
32 3
32 4
32 195
32 24335
32 24337
32 842203
33 4
33 195
33 202
33 302
33 1655
33 842204
34 76
34 342
34 343
34 345
34 842205
35 99
35 131
35 132
35 133
35 195
35 237
35 842206
36 3
36 20
36 195
36 614
36 4760
36 842207
37 20
37 195
37 202
37 4836
37 4838
37 842208
38 76
38 342
38 343
38 345
38 782306
39 99
39 131
39 132
39 133
39 195
39 237
39 138599
40 3
40 20
40 195
40 1650
40 4819
40 782307
41 20
41 195
41 202
41 302
41 1655
41 842209
42 76
42 342
42 343
42 345
42 842210
43 99
43 131
43 132
43 133
43 195
43 237
43 842211
44 3
44 20
44 195
44 1718
44 1720
44 842212
45 10
45 146
45 147
45 149
45 842213
46 90
46 443
46 3433
46 3435
46 842214
47 10
47 378
47 379
47 381
47 195538
48 90
48 443
48 11744
48 15894
48 842215
49 98
49 99
49 100
49 195
49 2073
49 743696
50 3
50 20
50 195
50 1650
50 4819
50 842216
51 76
51 342
51 343
51 345
51 842217
52 99
52 131
52 132
52 133
52 195
52 237
52 726456
53 3
53 20
53 195
53 4862
53 4864
53 842218
54 76
54 342
54 343
54 345
54 138615
55 99
55 131
55 132
55 133
55 195
55 237
55 842219
56 4
56 195
56 202
56 795
56 3439
56 842220
57 3
57 4
57 195
57 2359
57 2361
57 842221
58 4
58 195
58 202
58 302
58 1655
58 842222
59 76
59 342
59 343
59 345
59 195555
60 76
60 25774
60 25775
60 25777
60 842223
seqId 361
1 5
1 20
1 99
1 131
1 132
1 133
1 967
1 333236
2 3
2 5
2 20
2 429
2 431
2 842224
3 5
3 84
3 91
3 93
3 121
3 703
3 707
3 956
3 842225
4 9
4 10
4 11
4 13
4 842226
5 90
5 443
5 712
5 31493
5 842227
6 4
6 5
6 99
6 133
6 175
6 176
6 178
6 782333
7 4
7 5
7 202
7 795
7 8936
7 743707
8 3
8 4
8 5
8 642
8 23331
8 842228
9 9
9 10
9 24
9 26
9 27
9 842229
10 3
10 20
10 195
10 23221
10 23223
10 842230
11 76
11 342
11 343
11 345
11 842231
12 4
12 5
12 90
12 122
12 708
12 713
12 177929
12 177931
12 842232
13 67
13 37445
13 135367
13 171893
13 173220
13 842233
14 76
14 413
14 414
14 416
14 842234
15 3
15 5
15 20
15 217
15 219
15 842235
16 9
16 10
16 24
16 26
16 27
16 842236
17 3
17 4
17 5
17 14686
17 14688
17 842237
18 230
18 231
18 232
18 234
18 842238
19 9
19 10
19 11
19 13
19 163
20 99
20 131
20 132
20 133
20 195
20 236
20 237
21 3
21 4
21 195
21 7178
21 7180
21 842239
22 4
22 195
22 202
22 791
22 9490
22 22976
22 168118
22 174859
22 842240
23 243
23 244
23 245
23 247
23 842241
24 4
24 195
24 202
24 340
24 140235
24 174153
24 842242
25 76
25 433
25 434
25 436
25 842243
26 90
26 121
26 122
26 11204
26 14950
26 842244
27 99
27 133
27 175
27 176
27 195
27 234
27 416257
28 3
28 20
28 195
28 23221
28 23223
28 842245
29 20
29 195
29 202
29 28129
29 168151
29 168153
29 168154
29 505127
30 243
30 244
30 245
30 247
30 842246
31 20
31 195
31 202
31 28129
31 131874
31 131876
31 842247
32 9
32 10
32 11
32 13
32 842248
33 67
33 601
33 603
33 1197
33 842249
34 51
34 195
34 2686
34 15391
34 842250
35 243
35 244
35 245
35 247
35 44479
36 67
36 601
36 603
36 1197
36 842251
37 67
37 605
37 607
37 1199
37 842252
38 10
38 146
38 149
38 1539
38 842253
39 90
39 443
39 1334
39 8849
39 842254
40 9
40 10
40 11
40 13
40 842255
41 4
41 195
41 202
41 3303
41 61242
41 842256
42 3
42 4
42 195
42 340
42 40976
42 40978
42 842257
43 4
43 195
43 202
43 2787
43 3681
43 32330
43 32332
43 223741
44 243
44 244
44 245
44 247
44 532560
45 9
45 10
45 24
45 26
45 27
45 842258
46 4
46 5
46 99
46 133
46 175
46 176
46 178
46 842259
47 3
47 4
47 5
47 51823
47 51825
47 842260
48 9
48 10
48 11
48 13
48 66852
49 3
49 20
49 195
49 5228
49 5230
49 605420
50 20
50 195
50 202
50 16827
50 163906
50 842261
51 243
51 244
51 245
51 247
51 390333
52 20
52 195
52 202
52 2553
52 24170
52 842262
53 71
53 76
53 190
53 191
53 842263
seqId 362
1 5
1 20
1 82
1 83
1 84
1 115
1 763
1 3948
1 819712
2 82
2 84
2 114
2 115
2 116
2 118
2 171
2 842264
3 5
3 84
3 90
3 91
3 92
3 93
3 96
3 1815
3 29773
3 842265
4 9
4 10
4 26
4 169
4 171
4 842266
5 4
5 5
5 99
5 133
5 175
5 176
5 178
5 842267
6 4
6 5
6 67
6 55291
6 55294
6 842268
7 4
7 5
7 202
7 29679
7 29681
7 675085
8 3
8 5
8 20
8 6634
8 6636
8 842269
9 10
9 146
9 147
9 149
9 842270
10 5
10 27
10 99
10 131
10 132
10 133
10 135
10 842271
11 3
11 4
11 5
11 14965
11 14967
11 782380
12 9
12 10
12 11
12 13
12 842272
13 4
13 5
13 99
13 131
13 132
13 133
13 152
13 842273
14 4
14 5
14 67
14 5583
14 5585
14 5586
14 842274
15 67
15 1258
15 57345
15 57346
15 57348
15 842275
16 71
16 76
16 190
16 191
16 369234
seqId 363
1 5
1 20
1 98
1 99
1 100
1 8099
1 842276
2 3
2 5
2 20
2 429
2 431
2 468089
3 5
3 84
3 91
3 93
3 121
3 703
3 707
3 956
3 66876
4 660
4 6560
4 10036
4 10038
4 842277
5 5
5 20
5 90
5 122
5 708
5 713
5 2514
5 2516
5 842278
6 10
6 828
6 829
6 831
6 819728
7 4
7 5
7 99
7 131
7 132
7 133
7 152
7 390359
8 4
8 5
8 67
8 5583
8 5585
8 5586
8 842279
9 75
9 76
9 77
9 79
9 842280
10 5
10 20
10 82
10 83
10 84
10 115
10 763
10 1002
10 756440
11 27
11 660
11 661
11 910
11 912
11 842281
12 5
12 84
12 90
12 91
12 93
12 121
12 1274
12 1276
12 842282
13 660
13 26477
13 26478
13 26480
13 842283
14 27
14 660
14 661
14 944
14 1463
14 842284
15 4
15 5
15 99
15 133
15 175
15 176
15 178
15 842285
16 4
16 5
16 202
16 3106
16 26492
16 842286
17 3
17 4
17 5
17 55291
17 55294
17 756446
18 10
18 283
18 284
18 286
18 615338
19 4
19 5
19 98
19 99
19 100
19 1927
19 842287
20 3
20 4
20 5
20 35567
20 35569
20 842288
21 71
21 76
21 190
21 191
21 416337
seqId 364
1 5
1 27
1 99
1 131
1 132
1 133
1 699
1 842289
2 3
2 4
2 5
2 7295
2 7297
2 416339
3 9
3 10
3 11
3 13
3 842290
4 5
4 20
4 98
4 99
4 100
4 102
4 726522
5 3
5 5
5 20
5 30187
5 30189
5 138731
6 5
6 84
6 91
6 93
6 121
6 703
6 707
6 956
6 842291
7 4
7 5
7 99
7 131
7 132
7 133
7 152
7 842292
8 3
8 4
8 5
8 492
8 44426
8 842293
9 9
9 10
9 11
9 13
9 309936
10 4
10 5
10 99
10 131
10 132
10 133
10 152
10 195654
11 3
11 4
11 5
11 15
11 17
11 842294
12 10
12 146
12 147
12 149
12 842295
13 67
13 601
13 603
13 1197
13 842296
14 51
14 195
14 2686
14 15391
14 842297
15 76
15 342
15 343
15 345
15 195660
16 82
16 758
16 759
16 761
16 842298
17 5
17 84
17 91
17 93
17 121
17 702
17 703
17 705
17 726533
18 5
18 20
18 90
18 122
18 708
18 769
18 27603
18 142378
18 842299
19 5
19 27
19 99
19 131
19 132
19 133
19 135
19 842300
20 3
20 4
20 5
20 17302
20 77832
20 842301
21 9
21 10
21 24
21 26
21 27
21 842302
22 90
22 443
22 7681
22 8684
22 8685
22 27748
22 842303
23 5
23 20
23 99
23 133
23 175
23 176
23 1316
23 842304
24 3
24 5
24 20
24 7393
24 7395
24 842305
25 5
25 20
25 202
25 5335
25 8517
25 842306
26 82
26 758
26 759
26 761
26 842307
27 27
27 82
27 84
27 114
27 115
27 116
27 118
27 675126
28 5
28 84
28 91
28 93
28 703
28 707
28 914
28 916
28 842308
29 5
29 20
29 90
29 122
29 708
29 769
29 4222
29 6678
29 842309
30 10
30 828
30 829
30 831
30 44578
31 99
31 133
31 175
31 176
31 195
31 234
31 44579
32 3
32 4
32 195
32 340
32 5256
32 5258
32 842310
33 10
33 283
33 284
33 286
33 195688
34 99
34 131
34 132
34 133
34 195
34 237
34 842311
35 3
35 4
35 195
35 729
35 731
35 842312
36 4
36 195
36 202
36 2244
36 46153
36 842313
37 76
37 342
37 343
37 345
37 15161
38 10
38 109
38 112
38 1539
38 138771
39 3
39 5
39 20
39 1601
39 1603
39 138774
40 10
40 126
40 127
40 129
40 406294
41 51
41 195
41 1501
41 1503
41 66939
42 3
42 20
42 195
42 7393
42 36855
42 842314
43 71
43 76
43 190
43 191
43 223827
seqId 365
1 9
1 10
1 27
1 42
1 1539
1 726562
2 3
2 5
2 20
2 7120
2 7122
2 675143
3 5
3 20
3 82
3 84
3 100
3 4680
3 7814
3 842315
4 9
4 10
4 11
4 13
4 406301
5 5
5 27
5 99
5 131
5 132
5 133
5 135
5 842316
6 3
6 4
6 5
6 14686
6 14688
6 842317
7 4
7 5
7 202
7 168724
7 178047
7 842318
8 75
8 76
8 77
8 79
8 842319
9 660
9 976
9 977
9 979
9 842320
10 67
10 452
10 15151
10 15152
10 842321
11 67
11 48669
11 175594
11 175595
11 175597
11 842322
12 76
12 413
12 414
12 416
12 842323
13 67
13 4796
13 57668
13 177604
13 177605
13 842324
14 76
14 433
14 434
14 436
14 842325
15 243
15 244
15 245
15 247
15 138788
16 67
16 17618
16 17619
16 17621
16 842326
17 67
17 15222
17 15223
17 15225
17 842327
18 76
18 413
18 414
18 416
18 842328
19 67
19 605
19 607
19 1199
19 842329
20 76
20 433
20 434
20 436
20 842330
21 84
21 91
21 93
21 121
21 195
21 702
21 703
21 1062
21 138794
22 5
22 20
22 90
22 122
22 708
22 769
22 2832
22 5688
22 842331
23 660
23 3394
23 3396
23 62524
23 842332
24 10
24 7340
24 9033
24 9035
24 842333
25 51
25 195
25 52464
25 52466
25 333442
26 51
26 195
26 1368
26 1370
26 842334
27 3
27 20
27 195
27 340
27 2887
27 2889
27 842335
28 9
28 10
28 24
28 26
28 27
28 842336
29 3
29 4
29 5
29 14686
29 14688
29 842337
30 4
30 5
30 202
30 168724
30 178047
30 310027
31 4
31 5
31 202
31 168118
31 168120
31 842338
32 243
32 244
32 245
32 247
32 44619
33 4
33 5
33 202
33 140235
33 144993
33 842339
34 82
34 758
34 759
34 761
34 842340
35 84
35 91
35 93
35 121
35 195
35 702
35 703
35 1062
35 842341
36 5
36 20
36 122
36 703
36 707
36 708
36 710
36 842342
37 20
37 90
37 122
37 195
37 708
37 713
37 9303
37 9305
37 842343
38 244
38 418
38 419
38 421
38 842344
39 84
39 91
39 93
39 121
39 195
39 703
39 707
39 1858
39 842345
40 10
40 109
40 110
40 112
40 842346
41 3
41 5
41 20
41 389
41 391
41 842347
42 9
42 10
42 11
42 13
42 333461
43 3
43 4
43 5
43 8842
43 9174
43 842348
44 71
44 76
44 190
44 191
44 842349
seqId 366
1 10
1 7340
1 7341
1 7343
1 842350
2 51
2 195
2 4162
2 4164
2 842351
3 76
3 342
3 343
3 345
3 369343
4 67
4 452
4 15151
4 15152
4 842352
5 67
5 48669
5 175594
5 175595
5 175597
5 842353
6 243
6 244
6 245
6 247
6 842354
7 67
7 128840
7 128841
7 128843
7 842355
8 67
8 75484
8 75485
8 75487
8 75488
8 842356
9 76
9 413
9 414
9 416
9 66996
10 67
10 605
10 607
10 1199
10 842357
11 76
11 433
11 434
11 436
11 15286
12 84
12 90
12 91
12 93
12 121
12 195
12 4710
12 5390
12 14297
12 70056
12 71108
12 842358
13 5
13 20
13 99
13 133
13 175
13 176
13 1316
13 842359
14 3
14 5
14 20
14 429
14 431
14 842360
15 5
15 20
15 90
15 122
15 708
15 713
15 5533
15 8486
15 842361
16 10
16 828
16 829
16 831
16 842362
17 4
17 5
17 99
17 131
17 132
17 133
17 152
17 430791
18 4
18 5
18 67
18 5583
18 5585
18 5586
18 842363
19 10
19 126
19 127
19 129
19 842364
20 4
20 5
20 99
20 131
20 132
20 133
20 152
20 406362
21 3
21 4
21 5
21 1998
21 2000
21 842365
22 9
22 10
22 11
22 13
22 842366
23 5
23 27
23 99
23 131
23 132
23 133
23 135
23 842367
24 3
24 5
24 20
24 5458
24 8342
24 101935
25 10
25 1010
25 1011
25 1013
25 842368
26 9
26 10
26 24
26 26
26 27
26 842369
27 3
27 5
27 20
27 169759
27 169761
27 842370
28 2822
28 2823
28 2824
28 2826
28 842371
29 10
29 146
29 147
29 149
29 722
30 99
30 131
30 132
30 133
30 195
30 236
30 237
31 3
31 4
31 195
31 3576
31 178114
31 842372
32 4
32 5
32 202
32 168118
32 168120
32 842373
33 243
33 244
33 245
33 247
33 67013
34 4
34 5
34 202
34 140235
34 144993
34 842374
35 76
35 342
35 343
35 345
35 223922
36 3
36 5
36 20
36 429
36 431
36 842375
37 82
37 758
37 759
37 761
37 842376
38 5
38 84
38 90
38 91
38 93
38 121
38 3360
38 5608
38 842377
39 90
39 443
39 6204
39 178124
39 842378
40 10
40 146
40 147
40 149
40 15323
41 4
41 5
41 99
41 131
41 132
41 133
41 152
41 842379
42 3
42 4
42 5
42 8842
42 9174
42 842380
43 9
43 10
43 24
43 26
43 27
43 842381
44 5
44 20
44 99
44 133
44 175
44 176
44 1316
44 842382
45 3
45 5
45 20
45 9469
45 10946
45 842383
46 5
46 20
46 202
46 3386
46 10488
46 842384
47 71
47 76
47 190
47 191
47 842385
seqId 367
1 67
1 16435
1 16436
1 16438
1 842386
2 67
2 20904
2 114603
2 178134
2 178135
2 842387
3 76
3 413
3 414
3 416
3 842388
4 67
4 605
4 607
4 1199
4 842389
5 76
5 433
5 434
5 436
5 756550
6 76
6 342
6 343
6 345
6 842390
7 67
7 1104
7 5836
7 178142
7 178143
7 178145
7 842391
8 67
8 310
8 57195
8 178147
8 178148
8 842392
9 76
9 413
9 414
9 416
9 842393
10 67
10 605
10 607
10 1199
10 842394
11 76
11 433
11 434
11 436
11 782520
12 243
12 244
12 245
12 247
12 842395
13 85
13 99
13 195
13 638
13 640
13 842396
14 3
14 20
14 71
14 71
14 195
14 340
14 792
14 1104
14 1808
14 1809
14 56365
14 842397
15 243
15 244
15 245
15 247
15 842398
16 20
16 195
16 202
16 10398
16 10400
16 842399
17 3
17 20
17 71
17 71
17 195
17 340
17 1104
17 11813
17 62333
17 842400
18 9
18 10
18 11
18 13
18 67043
19 67
19 605
19 607
19 1199
19 842401
20 84
20 91
20 93
20 121
20 195
20 702
20 703
20 1062
20 743910
21 5
21 20
21 90
21 122
21 708
21 769
21 4338
21 4340
21 842402
22 10
22 146
22 147
22 149
22 842403
23 98
23 99
23 100
23 195
23 2073
23 67048
24 3
24 4
24 195
24 2818
24 2820
24 842404
25 71
25 76
25 190
25 191
25 842405
seqId 368
1 67
1 452
1 15151
1 15152
1 842406
2 67
2 48669
2 175594
2 175595
2 175597
2 842407
3 243
3 244
3 245
3 247
3 842408
4 67
4 128840
4 128841
4 128843
4 842409
5 67
5 75484
5 75485
5 75487
5 75488
5 842410
6 84
6 90
6 91
6 93
6 121
6 195
6 7530
6 47725
6 842411
7 5
7 20
7 99
7 133
7 175
7 176
7 1316
7 819874
8 5
8 20
8 202
8 795
8 797
8 842412
9 3
9 5
9 20
9 429
9 431
9 842413
10 10
10 378
10 379
10 381
10 468315
11 5
11 20
11 99
11 131
11 132
11 133
11 166
11 842414
12 5
12 20
12 202
12 566
12 568
12 842415
13 3
13 5
13 20
13 384
13 386
13 842416
14 76
14 413
14 414
14 416
14 842417
15 90
15 443
15 25415
15 33649
15 842418
16 660
16 2347
16 2348
16 2350
16 842419
17 660
17 60479
17 60480
17 60482
17 842420
18 76
18 433
18 434
18 436
18 310113
19 71
19 76
19 190
19 191
19 819880
seqId 369
1 5
1 20
1 99
1 133
1 175
1 176
1 9647
1 842421
2 5
2 20
2 202
2 15064
2 15067
2 842422
3 3
3 5
3 20
3 7393
3 7395
3 842423
4 5
4 20
4 202
4 5335
4 8517
4 842424
5 9
5 10
5 11
5 13
5 842425
6 3
6 4
6 5
6 5256
6 5258
6 842426
7 5
7 84
7 91
7 93
7 121
7 703
7 707
7 956
7 842427
8 5
8 27
8 99
8 131
8 132
8 133
8 135
8 842428
9 3
9 4
9 5
9 14686
9 14688
9 842429
10 9
10 10
10 24
10 26
10 27
10 842430
11 72
11 509
11 5422
11 14296
11 99714
11 176363
11 176364
11 176366
11 842431
12 75
12 76
12 77
12 79
12 842432
13 67
13 174176
13 174178
13 174555
13 842433
14 67
14 6985
14 48761
14 174978
14 174979
14 174981
14 842434
15 76
15 413
15 414
15 416
15 842435
16 67
16 4796
16 57668
16 177604
16 177605
16 782555
17 76
17 433
17 434
17 436
17 138923
18 243
18 244
18 245
18 247
18 605613
19 67
19 1038
19 1039
19 1041
19 842436
20 67
20 3351
20 16138
20 120004
20 168310
20 168311
20 842437
21 158
21 159
21 160
21 162
21 842438
22 9
22 10
22 11
22 13
22 163
23 5
23 20
23 99
23 131
23 132
23 133
23 165
23 166
24 5
24 20
24 67
24 168315
24 168317
24 842439
25 76
25 413
25 414
25 416
25 842440
26 67
26 605
26 607
26 1199
26 842441
27 76
27 433
27 434
27 436
27 675274
28 84
28 91
28 93
28 121
28 195
28 702
28 703
28 1062
28 333587
29 5
29 20
29 90
29 122
29 708
29 769
29 2832
29 5688
29 842442
30 660
30 3394
30 3396
30 62524
30 842443
31 4
31 5
31 99
31 133
31 175
31 176
31 178
31 842444
32 3
32 4
32 5
32 6862
32 6864
32 44752
33 9
33 10
33 24
33 26
33 27
33 842445
34 3
34 4
34 195
34 1395
34 1397
34 842446
35 76
35 137
35 138
35 140
35 842447
36 3
36 5
36 20
36 2081
36 48543
36 842448
37 243
37 244
37 245
37 247
37 842449
38 90
38 443
38 12336
38 15959
38 842450
39 10
39 109
39 110
39 112
39 842451
40 67
40 72
40 5422
40 14296
40 24729
40 176366
40 178220
40 178221
40 842452
41 717
41 718
41 719
41 721
41 842453
42 10
42 146
42 147
42 149
42 722
43 5
43 20
43 99
43 131
43 132
43 133
43 165
43 166
44 5
44 20
44 72
44 202
44 1104
44 1104
44 5528
44 15065
44 49846
44 160809
44 176368
44 842454
45 3
45 5
45 20
45 16951
45 16953
45 842455
46 76
46 185
46 186
46 188
46 102054
47 10
47 109
47 110
47 112
47 842456
48 51
48 195
48 4167
48 4169
48 842457
49 76
49 342
49 343
49 345
49 842458
50 10
50 283
50 284
50 286
50 842459
51 5
51 20
51 99
51 131
51 132
51 133
51 166
51 310166
52 3
52 5
52 20
52 4345
52 4347
52 842460
53 9
53 10
53 24
53 26
53 27
53 842461
54 5
54 20
54 99
54 133
54 175
54 176
54 1316
54 842462
55 3
55 5
55 20
55 429
55 431
55 842463
56 10
56 146
56 147
56 149
56 842464
57 660
57 2347
57 2348
57 2350
57 842465
58 5
58 20
58 202
58 12237
58 12239
58 842466
59 3
59 5
59 20
59 1866
59 1868
59 842467
60 5
60 20
60 90
60 122
60 708
60 713
60 19582
60 151262
60 842468
61 10
61 146
61 147
61 149
61 842469
62 443
62 703
62 4766
62 5065
62 842470
63 90
63 443
63 149479
63 149481
63 842471
64 5
64 27
64 99
64 131
64 132
64 133
64 135
64 675302
65 3
65 4
65 5
65 14686
65 14688
65 842472
66 230
66 231
66 232
66 234
66 842473
67 9
67 10
67 11
67 13
67 163
68 99
68 131
68 132
68 133
68 195
68 236
68 237
69 3
69 20
69 195
69 340
69 12336
69 15959
69 842474
70 243
70 244
70 245
70 247
70 842475
71 5
71 27
71 99
71 131
71 132
71 133
71 135
71 842476
72 3
72 4
72 5
72 14686
72 14688
72 842477
73 4
73 5
73 202
73 3199
73 5132
73 842478
74 76
74 342
74 343
74 345
74 819933
75 660
75 3319
75 3320
75 3322
75 842479
76 9
76 10
76 11
76 13
76 842480
77 90
77 443
77 31757
77 33170
77 842481
78 5
78 27
78 99
78 131
78 132
78 133
78 135
78 842482
79 3
79 4
79 5
79 33173
79 33763
79 842483
80 10
80 283
80 284
80 286
80 842484
81 4
81 5
81 99
81 131
81 132
81 133
81 152
81 102089
82 4
82 5
82 202
82 12237
82 12322
82 726733
83 3
83 4
83 5
83 11291
83 11293
83 842485
84 9
84 10
84 11
84 13
84 310204
85 5
85 27
85 99
85 131
85 132
85 133
85 135
85 842486
86 4
86 5
86 67
86 14210
86 14213
86 842487
87 4
87 5
87 202
87 175481
87 178265
87 842488
88 71
88 76
88 190
88 191
88 842489
seqId 370
1 5
1 20
1 99
1 133
1 175
1 176
1 9647
1 842490
2 5
2 20
2 202
2 15304
2 15306
2 842491
3 3
3 5
3 20
3 7393
3 7395
3 842492
4 5
4 20
4 202
4 5335
4 8517
4 842493
5 5
5 84
5 91
5 93
5 121
5 703
5 707
5 956
5 842494
6 5
6 20
6 82
6 84
6 100
6 4680
6 7814
6 842495
7 9
7 10
7 11
7 13
7 842496
8 5
8 27
8 99
8 131
8 132
8 133
8 135
8 842497
9 3
9 4
9 5
9 14686
9 14688
9 842498
10 9
10 10
10 11
10 13
10 756647
11 4
11 5
11 99
11 131
11 132
11 133
11 152
11 842499
12 3
12 4
12 5
12 175881
12 175883
12 842500
13 76
13 342
13 343
13 345
13 675330
14 99
14 133
14 175
14 176
14 195
14 234
14 842501
15 3
15 4
15 195
15 55065
15 55067
15 842502
16 243
16 244
16 245
16 247
16 842503
17 99
17 133
17 175
17 176
17 195
17 234
17 842504
18 3
18 4
18 195
18 5859
18 14468
18 842505
19 4
19 195
19 202
19 96170
19 101123
19 842506
20 76
20 342
20 343
20 345
20 139044
21 82
21 758
21 759
21 761
21 842507
22 5
22 84
22 90
22 91
22 93
22 121
22 8855
22 13550
22 178288
23 10
23 7340
23 9033
23 9035
23 842508
24 660
24 46492
24 46493
24 46495
24 842509
25 76
25 413
25 414
25 416
25 842510
26 90
26 443
26 25415
26 33649
26 675338
27 5
27 20
27 99
27 131
27 132
27 133
27 166
27 842511
28 5
28 20
28 912
28 2717
28 2718
28 9432
28 9434
28 842512
29 5
29 20
29 202
29 8510
29 8512
29 842513
30 230
30 231
30 232
30 234
30 842514
31 9
31 10
31 11
31 13
31 163
32 99
32 131
32 132
32 133
32 195
32 236
32 237
33 3
33 20
33 195
33 9451
33 9453
33 842515
34 9
34 10
34 11
34 13
34 842516
35 3
35 4
35 15
35 195
35 4121
35 842517
36 4
36 195
36 202
36 340
36 168118
36 168120
36 842518
37 5
37 20
37 90
37 122
37 708
37 713
37 9303
37 20830
37 842519
38 10
38 109
38 110
38 112
38 15558
39 51
39 195
39 52464
39 52466
39 842520
40 10
40 126
40 127
40 129
40 842521
41 99
41 131
41 132
41 133
41 195
41 237
41 139069
42 3
42 20
42 195
42 340
42 139070
42 178306
42 178308
43 660
43 976
43 979
43 1458
43 842522
44 944
44 945
44 946
44 948
44 842523
45 3
45 4
45 5
45 313
45 120068
45 842524
46 243
46 244
46 245
46 247
46 842525
47 3
47 4
47 5
47 18773
47 18775
47 842526
48 717
48 718
48 719
48 721
48 842527
49 10
49 146
49 147
49 149
49 722
50 5
50 20
50 99
50 131
50 132
50 133
50 165
50 166
51 5
51 20
51 202
51 1718
51 57849
51 842528
52 3
52 5
52 20
52 15215
52 65093
52 131674
52 842529
53 76
53 413
53 414
53 416
53 842530
54 3
54 5
54 20
54 72
54 1104
54 14823
54 112889
54 842532
54 842533
55 5
55 20
55 202
55 15065
55 176549
55 176551
55 842534
56 3
56 5
56 20
56 16951
56 16953
56 842535
57 76
57 433
57 434
57 436
57 842536
58 76
58 342
58 343
58 345
58 842537
59 51
59 195
59 4167
59 4169
59 842538
60 76
60 433
60 434
60 436
60 431013
61 67
61 174176
61 174178
61 174555
61 842539
62 67
62 6985
62 48761
62 174978
62 174979
62 174981
62 842540
63 76
63 413
63 414
63 416
63 842541
64 67
64 4796
64 57668
64 177604
64 177605
64 842542
65 76
65 433
65 434
65 436
65 532896
66 243
66 244
66 245
66 247
66 842543
67 67
67 138439
67 138440
67 138442
67 842544
68 67
68 857
68 48314
68 175998
68 175999
68 842545
69 76
69 413
69 414
69 416
69 842546
70 67
70 605
70 607
70 1199
70 842547
71 76
71 433
71 434
71 436
71 842548
72 76
72 342
72 343
72 345
72 842549
73 243
73 244
73 245
73 247
73 842550
74 82
74 758
74 759
74 761
74 842551
75 5
75 84
75 91
75 92
75 93
75 703
75 707
75 16563
75 178346
76 10
76 146
76 149
76 1539
76 842552
77 3
77 5
77 20
77 102099
77 178345
77 842553
78 5
78 20
78 202
78 36084
78 36086
78 102164
79 5
79 20
79 99
79 133
79 175
79 176
79 1316
79 726793
80 3
80 5
80 20
80 3118
80 3120
80 842554
81 5
81 20
81 202
81 3303
81 36191
81 842555
82 9
82 10
82 11
82 13
82 842556
83 4
83 5
83 99
83 131
83 132
83 133
83 152
83 139108
84 4
84 5
84 202
84 38807
84 135535
84 842557
85 3
85 4
85 5
85 642
85 23331
85 842558
86 71
86 76
86 190
86 191
86 842559
seqId 371
1 99
1 131
1 132
1 133
1 195
1 1220
1 139114
2 51
2 195
2 1501
2 1503
2 842560
3 3
3 4
3 195
3 51823
3 95673
3 842561
4 9
4 10
4 24
4 26
4 27
4 842562
5 3
5 4
5 5
5 25373
5 25375
5 842563
6 76
6 413
6 414
6 416
6 842564
7 67
7 4796
7 57668
7 177604
7 177605
7 842565
8 243
8 244
8 245
8 247
8 468470
9 67
9 605
9 607
9 1199
9 842566
10 76
10 433
10 434
10 436
10 196104
11 84
11 90
11 91
11 93
11 121
11 195
11 702
11 1062
11 842567
12 660
12 1513
12 1514
12 1516
12 842568
13 10
13 109
13 110
13 112
13 744058
14 3
14 5
14 20
14 5292
14 44681
14 842569
15 5
15 20
15 99
15 133
15 175
15 176
15 1316
15 675387
16 5
16 20
16 202
16 3303
16 36191
16 842570
17 3
17 5
17 20
17 7259
17 7261
17 842571
18 10
18 378
18 379
18 381
18 842572
19 5
19 27
19 99
19 131
19 132
19 133
19 135
19 842573
20 3
20 4
20 5
20 14686
20 14688
20 842574
21 4
21 5
21 202
21 35387
21 36351
21 842575
22 76
22 342
22 343
22 345
22 842576
23 10
23 146
23 149
23 1539
23 842577
24 90
24 443
24 1334
24 8849
24 842578
25 9
25 10
25 24
25 26
25 27
25 842579
26 4
26 5
26 99
26 133
26 175
26 176
26 178
26 842580
27 3
27 4
27 5
27 33173
27 33763
27 842581
28 4
28 5
28 202
28 322
28 22672
28 605738
29 76
29 342
29 343
29 345
29 15639
30 10
30 1387
30 1388
30 1390
30 842582
31 67
31 174157
31 174159
31 174797
31 842583
32 67
32 407
32 174800
32 174801
32 174803
32 842584
33 76
33 413
33 414
33 416
33 842585
34 67
34 4796
34 57668
34 177604
34 177605
34 842586
35 76
35 433
35 434
35 436
35 532937
36 76
36 342
36 343
36 345
36 842587
37 67
37 16435
37 16436
37 16438
37 842588
38 67
38 20904
38 114603
38 178134
38 178135
38 842589
39 76
39 413
39 414
39 416
39 842590
40 67
40 605
40 607
40 1199
40 842591
41 76
41 433
41 434
41 436
41 44910
42 243
42 244
42 245
42 247
42 44911
43 67
43 15222
43 15223
43 15225
43 842592
44 67
44 1886
44 39484
44 178397
44 178398
44 842593
45 76
45 413
45 414
45 416
45 842594
46 67
46 605
46 607
46 1199
46 842595
47 76
47 433
47 434
47 436
47 842596
48 71
48 76
48 190
48 191
48 505474
seqId 372
1 4
1 82
1 83
1 84
1 115
1 195
1 1824
1 10471
1 842597
2 84
2 90
2 91
2 93
2 121
2 195
2 702
2 1062
2 842598
3 660
3 1513
3 1514
3 1516
3 842599
4 5
4 20
4 99
4 133
4 175
4 176
4 1316
4 842600
5 5
5 20
5 202
5 3303
5 36191
5 842601
6 3
6 5
6 20
6 7259
6 7261
6 842602
7 10
7 378
7 379
7 381
7 842603
8 5
8 27
8 99
8 131
8 132
8 133
8 135
8 842604
9 3
9 4
9 5
9 14686
9 14688
9 842605
10 9
10 10
10 11
10 13
10 15664
11 5
11 27
11 99
11 131
11 132
11 133
11 135
11 842606
12 3
12 5
12 20
12 23785
12 54281
12 842607
13 76
13 342
13 343
13 345
13 842608
14 10
14 1387
14 1388
14 1390
14 842609
15 67
15 174157
15 174159
15 174797
15 842610
16 67
16 407
16 174800
16 174801
16 174803
16 842611
17 76
17 413
17 414
17 416
17 842612
18 67
18 4796
18 57668
18 177604
18 177605
18 842613
19 76
19 433
19 434
19 436
19 842614
20 76
20 342
20 343
20 345
20 820067
21 67
21 138439
21 138440
21 138442
21 842615
22 67
22 857
22 48314
22 175998
22 175999
22 842616
23 76
23 413
23 414
23 416
23 842617
24 67
24 605
24 607
24 1199
24 842618
25 76
25 433
25 434
25 436
25 842619
26 76
26 342
26 343
26 345
26 842620
27 67
27 11514
27 11515
27 11517
27 842621
28 67
28 2423
28 5422
28 106062
28 177656
28 177657
28 842622
29 76
29 413
29 414
29 416
29 842623
30 67
30 4796
30 57668
30 177604
30 177605
30 842624
31 76
31 433
31 434
31 436
31 842625
32 76
32 342
32 343
32 345
32 390901
33 67
33 174176
33 174178
33 174555
33 842626
34 67
34 17607
34 162105
34 174558
34 174559
34 842627
35 76
35 413
35 414
35 416
35 842628
36 67
36 4796
36 57668
36 177604
36 177605
36 842629
37 76
37 433
37 434
37 436
37 842630
38 76
38 342
38 343
38 345
38 842631
39 67
39 136357
39 136358
39 136360
39 842632
40 67
40 967
40 158385
40 174286
40 174287
40 174289
40 842633
41 76
41 413
41 414
41 416
41 842634
42 67
42 4796
42 57668
42 177604
42 177605
42 842635
43 76
43 433
43 434
43 436
43 842636
44 76
44 342
44 343
44 345
44 139198
45 67
45 15222
45 15223
45 15225
45 842637
46 67
46 11542
46 49432
46 178449
46 178450
46 178452
46 842638
47 76
47 413
47 414
47 416
47 820088
48 67
48 605
48 607
48 1199
48 842639
49 76
49 433
49 434
49 436
49 842640
50 243
50 244
50 245
50 247
50 675433
51 67
51 20691
51 20692
51 20694
51 842641
52 67
52 310
52 74143
52 178459
52 178460
52 178462
52 842642
53 76
53 413
53 414
53 416
53 842643
54 67
54 605
54 607
54 1199
54 842644
55 76
55 433
55 434
55 436
55 782727
56 71
56 76
56 190
56 191
56 605789
seqId 373
1 660
1 1622
1 178468
1 178470
1 842645
2 4
2 5
2 99
2 131
2 132
2 133
2 152
2 224333
3 3
3 4
3 5
3 504
3 14984
3 842646
4 9
4 10
4 24
4 26
4 27
4 842647
5 4
5 5
5 99
5 133
5 175
5 176
5 178
5 842648
6 4
6 5
6 202
6 795
6 8936
6 842649
7 3
7 4
7 5
7 642
7 23331
7 842650
8 82
8 83
8 115
8 195
8 4940
8 4941
8 28267
8 842651
9 5
9 84
9 91
9 93
9 121
9 703
9 707
9 956
9 842652
10 4
10 5
10 90
10 122
10 708
10 769
10 28145
10 178481
10 842653
11 9
11 10
11 26
11 27
11 1539
11 842654
12 3
12 4
12 5
12 178484
12 178486
12 842655
13 10
13 1010
13 1011
13 1013
13 842656
14 4
14 5
14 99
14 133
14 175
14 176
14 178
14 605799
15 3
15 4
15 5
15 27599
15 62043
15 842657
16 9
16 10
16 11
16 13
16 102284
17 90
17 443
17 712
17 31493
17 842658
18 4
18 5
18 99
18 133
18 175
18 176
18 178
18 842659
19 3
19 4
19 5
19 3846
19 29979
19 842660
20 4
20 5
20 202
20 3272
20 3274
20 224349
21 10
21 283
21 284
21 286
21 842661
22 5
22 20
22 99
22 131
22 132
22 133
22 166
22 842662
23 3
23 5
23 20
23 3338
23 3340
23 842663
24 9
24 10
24 11
24 13
24 782749
25 4
25 5
25 99
25 131
25 132
25 133
25 152
25 842664
26 3
26 4
26 5
26 15
26 17
26 842665
27 4
27 5
27 202
27 693
27 33899
27 842666
28 4
28 5
28 202
28 13322
28 31197
28 842667
29 71
29 76
29 190
29 191
29 842668
seqId 374
1 99
1 131
1 132
1 133
1 195
1 1220
1 468559
2 3
2 20
2 195
2 2034
2 3403
2 842669
3 9
3 10
3 11
3 13
3 605815
4 4
4 5
4 99
4 131
4 132
4 133
4 152
4 842670
5 4
5 5
5 202
5 795
5 8936
5 842671
6 3
6 4
6 5
6 642
6 23331
6 842672
7 27
7 82
7 84
7 114
7 115
7 116
7 118
7 842673
8 84
8 90
8 91
8 92
8 93
8 195
8 26497
8 37175
8 37177
8 842674
9 10
9 146
9 147
9 149
9 468571
10 5
10 99
10 131
10 132
10 133
10 135
10 171
10 842675
11 3
11 4
11 5
11 14686
11 14688
11 533013
12 10
12 1605
12 1606
12 1608
12 726914
13 5
13 20
13 202
13 1104
13 15065
13 160809
13 178517
13 842676
14 243
14 244
14 245
14 247
14 842677
15 5
15 20
15 202
15 15065
15 131938
15 131940
15 842678
16 3
16 20
16 195
16 16951
16 131943
16 842679
17 76
17 342
17 343
17 345
17 369781
18 4
18 5
18 99
18 133
18 175
18 176
18 178
18 842680
19 3
19 4
19 5
19 1913
19 1915
19 842681
20 82
20 758
20 759
20 761
20 842682
21 5
21 84
21 91
21 93
21 121
21 703
21 707
21 956
21 820139
22 4
22 5
22 90
22 122
22 708
22 713
22 55644
22 178528
22 431153
23 660
23 3823
23 3824
23 3826
23 842683
24 479
24 660
24 5827
24 168821
24 168822
24 842684
25 10
25 1605
25 1606
25 1608
25 842685
26 5
26 20
26 202
26 1718
26 57849
26 842686
27 3
27 5
27 20
27 15215
27 65093
27 131674
27 842687
28 243
28 244
28 245
28 247
28 842688
29 3
29 20
29 195
29 2601
29 172449
29 842689
30 20
30 195
30 202
30 140235
30 140237
30 842690
31 243
31 244
31 245
31 247
31 842691
32 171
32 944
32 945
32 1461
32 1463
32 842692
33 5
33 20
33 82
33 83
33 84
33 115
33 763
33 1002
33 15786
34 27
34 82
34 84
34 114
34 115
34 116
34 118
34 842693
35 5
35 84
35 90
35 91
35 92
35 93
35 96
35 1815
35 29773
35 842694
36 717
36 718
36 719
36 721
36 675501
37 10
37 146
37 149
37 722
37 1539
38 5
38 20
38 99
38 131
38 132
38 133
38 165
38 166
39 3
39 5
39 20
39 31629
39 31631
39 842695
40 9
40 10
40 24
40 26
40 27
40 842696
41 90
41 443
41 3979
41 36008
41 416796
42 10
42 283
42 284
42 286
42 842697
43 4
43 5
43 99
43 131
43 132
43 133
43 152
43 615748
44 3
44 4
44 5
44 33037
44 33039
44 842698
45 9
45 10
45 11
45 13
45 102344
46 99
46 115
46 195
46 773
46 774
46 775
46 776
46 3400
46 842699
47 3
47 20
47 112
47 195
47 36717
47 178550
47 178552
47 842700
48 20
48 195
48 202
48 15798
48 36111
48 69954
49 76
49 2265
49 2266
49 2268
49 842701
50 82
50 83
50 115
50 195
50 4940
50 4941
50 28267
50 726948
51 90
51 91
51 93
51 121
51 195
51 707
51 4941
51 78416
51 310473
52 660
52 30602
52 30603
52 30605
52 842702
53 10
53 283
53 284
53 286
53 842703
54 99
54 133
54 175
54 176
54 195
54 234
54 431176
55 3
55 4
55 195
55 7178
55 7180
55 756819
56 9
56 10
56 11
56 13
56 756820
57 4
57 5
57 99
57 131
57 132
57 133
57 152
57 842704
58 3
58 4
58 5
58 28107
58 28109
58 842705
59 76
59 342
59 343
59 345
59 820176
60 10
60 283
60 284
60 286
60 842706
61 99
61 133
61 175
61 176
61 195
61 234
61 842707
62 3
62 20
62 195
62 7633
62 18680
62 842708
63 20
63 195
63 202
63 36111
63 69954
63 842709
64 9
64 10
64 11
64 13
64 842710
65 3
65 4
65 195
65 119104
65 119115
65 842711
66 76
66 342
66 343
66 345
66 842712
67 9
67 10
67 11
67 13
67 842713
68 3
68 20
68 195
68 2081
68 36474
68 842714
69 76
69 342
69 343
69 345
69 196311
70 9
70 10
70 11
70 13
70 468616
71 3
71 4
71 195
71 4228
71 4230
71 842715
72 76
72 2265
72 2266
72 2268
72 406720
73 945
73 1010
73 1011
73 1013
73 842716
74 9
74 10
74 11
74 13
74 67487
75 99
75 115
75 195
75 773
75 774
75 775
75 776
75 3400
75 431188
76 3
76 20
76 195
76 340
76 475
76 25021
76 842717
77 82
77 758
77 759
77 761
77 842718
78 82
78 83
78 84
78 109
78 112
78 115
78 820201
79 84
79 90
79 91
79 93
79 121
79 195
79 4766
79 6444
79 842719
80 99
80 131
80 132
80 133
80 195
80 237
80 675541
81 3
81 20
81 195
81 340
81 178585
81 178587
81 416835
82 9
82 10
82 11
82 13
82 842720
83 5
83 99
83 115
83 773
83 776
83 2192
83 28103
83 28105
83 842721
84 3
84 4
84 5
84 128691
84 128693
84 842722
85 71
85 76
85 190
85 191
85 139375
seqId 375
1 20
1 82
1 83
1 84
1 115
1 195
1 1824
1 9780
1 842723
2 27
2 82
2 84
2 114
2 115
2 116
2 118
2 842724
3 84
3 90
3 91
3 92
3 93
3 195
3 26497
3 37175
3 37177
3 842725
4 10
4 146
4 147
4 149
4 196333
5 99
5 133
5 175
5 176
5 195
5 234
5 820210
6 3
6 4
6 195
6 1784
6 1786
6 842726
7 4
7 195
7 202
7 340
7 42755
7 178599
7 178601
7 842727
8 82
8 758
8 759
8 761
8 842728
9 84
9 90
9 91
9 93
9 121
9 195
9 10385
9 10387
9 842729
10 5
10 27
10 99
10 131
10 132
10 133
10 135
10 842730
11 3
11 4
11 5
11 14686
11 14688
11 842731
12 9
12 10
12 11
12 13
12 842732
13 5
13 27
13 99
13 131
13 132
13 133
13 135
13 842733
14 5
14 67
14 147612
14 168135
14 842734
15 243
15 244
15 245
15 247
15 505633
16 4
16 5
16 82
16 84
16 100
16 4680
16 7233
16 505634
17 158
17 159
17 160
17 162
17 505635
18 9
18 10
18 11
18 13
18 163
19 5
19 20
19 99
19 131
19 132
19 133
19 165
19 166
20 3
20 5
20 20
20 5018
20 5020
20 842735
21 5
21 20
21 202
21 168265
21 168267
21 842736
22 75
22 76
22 77
22 79
22 842737
23 5
23 20
23 99
23 131
23 132
23 133
23 166
23 842738
24 3
24 5
24 20
24 16848
24 16850
24 842739
25 9
25 10
25 11
25 13
25 842740
26 3
26 20
26 195
26 2081
26 36474
26 842741
27 20
27 195
27 202
27 3199
27 4859
27 842742
28 20
28 195
28 202
28 33164
28 33341
28 842743
29 82
29 758
29 759
29 761
29 605919
30 27
30 82
30 84
30 114
30 115
30 116
30 118
30 842744
31 84
31 90
31 91
31 93
31 120
31 121
31 195
31 45001
31 842745
32 9
32 10
32 13
32 1539
32 842746
33 660
33 2347
33 2348
33 2350
33 842747
34 10
34 109
34 110
34 112
34 842748
35 660
35 2347
35 2348
35 2350
35 842749
36 10
36 126
36 127
36 129
36 333958
37 5
37 27
37 99
37 131
37 132
37 133
37 135
37 102441
38 3
38 5
38 20
38 103478
38 103885
38 842750
39 10
39 283
39 284
39 286
39 842751
40 99
40 115
40 195
40 773
40 775
40 776
40 2192
40 2194
40 842752
41 3
41 4
41 195
41 18773
41 20364
41 842753
42 9
42 10
42 11
42 13
42 842754
43 3
43 5
43 20
43 22657
43 22659
43 842755
44 76
44 342
44 343
44 345
44 842756
45 5
45 27
45 99
45 131
45 132
45 133
45 135
45 842757
46 3
46 4
46 5
46 154247
46 154249
46 842758
47 230
47 231
47 232
47 234
47 842759
48 9
48 10
48 11
48 13
48 163
49 99
49 131
49 132
49 133
49 195
49 236
49 237
50 3
50 20
50 195
50 26371
50 26373
50 842760
51 9
51 10
51 11
51 13
51 756883
52 3
52 4
52 5
52 119109
52 146630
52 842761
53 10
53 1010
53 1011
53 1013
53 369902
54 3
54 5
54 20
54 13609
54 13611
54 178643
55 5
55 20
55 202
55 322
55 36035
55 842762
56 5
56 20
56 90
56 122
56 708
56 713
56 4530
56 53987
56 533142
57 10
57 146
57 147
57 149
57 224495
58 5
58 27
58 99
58 131
58 132
58 133
58 135
58 842763
59 3
59 5
59 20
59 49462
59 49464
59 842764
60 76
60 342
60 343
60 345
60 416894
61 5
61 20
61 99
61 131
61 132
61 133
61 166
61 842765
62 3
62 5
62 20
62 16848
62 16850
62 842766
63 5
63 20
63 202
63 63079
63 63081
63 842767
64 243
64 244
64 245
64 247
64 842768
65 5
65 20
65 202
65 254
65 256
65 727022
66 230
66 231
66 232
66 234
66 842769
67 9
67 10
67 11
67 13
67 163
68 99
68 131
68 132
68 133
68 195
68 236
68 237
69 3
69 4
69 195
69 38988
69 41180
69 842770
70 82
70 758
70 759
70 761
70 820262
71 27
71 82
71 84
71 114
71 115
71 116
71 118
71 842771
72 84
72 90
72 91
72 93
72 121
72 195
72 60380
72 178659
72 842772
73 10
73 1010
73 1011
73 1013
73 842773
74 3
74 20
74 195
74 20480
74 41323
74 842774
75 20
75 195
75 202
75 340
75 15742
75 15744
75 842775
76 230
76 231
76 232
76 234
76 842776
77 9
77 10
77 11
77 13
77 163
78 99
78 131
78 132
78 133
78 195
78 236
78 237
79 3
79 20
79 195
79 33272
79 33274
79 842777
80 71
80 76
80 190
80 191
80 224514
seqId 376
1 4
1 5
1 99
1 131
1 132
1 133
1 811
1 102497
2 3
2 4
2 5
2 13351
2 13353
2 842778
3 10
3 1605
3 1606
3 1608
3 431306
4 98
4 99
4 100
4 195
4 2073
4 310589
5 3
5 20
5 195
5 340
5 5018
5 5020
5 842779
6 5
6 84
6 90
6 91
6 92
6 93
6 2333
6 29210
6 842780
7 9
7 10
7 11
7 13
7 505707
8 660
8 22631
8 22632
8 22634
8 820275
9 90
9 443
9 22636
9 22638
9 842781
10 99
10 115
10 195
10 773
10 775
10 776
10 2192
10 2194
10 842782
11 3
11 20
11 195
11 3118
11 10103
11 842783
12 20
12 195
12 202
12 5335
12 5564
12 842784
13 243
13 244
13 245
13 247
13 842785
14 99
14 115
14 195
14 773
14 775
14 776
14 2192
14 2194
14 842786
15 3
15 4
15 195
15 22648
15 47285
15 842787
16 4
16 195
16 202
16 20423
16 20425
16 842788
17 76
17 342
17 343
17 345
17 334034
18 9
18 10
18 11
18 13
18 842789
19 90
19 443
19 22433
19 23097
19 744309
20 660
20 1622
20 1623
20 1625
20 842790
21 10
21 27
21 1113
21 1114
21 1116
21 842791
22 10
22 146
22 147
22 149
22 842792
23 5
23 20
23 99
23 2905
23 2906
23 178689
23 505720
24 3
24 5
24 20
24 3118
24 3120
24 842793
25 99
25 115
25 195
25 773
25 775
25 776
25 2192
25 2194
25 842794
26 3
26 4
26 195
26 14686
26 110488
26 820292
27 84
27 91
27 93
27 121
27 195
27 703
27 707
27 1858
27 820293
28 4
28 195
28 202
28 340
28 31190
28 31192
28 842795
29 243
29 244
29 245
29 247
29 842796
30 660
30 2906
30 19025
30 36107
30 756929
31 4
31 82
31 83
31 84
31 115
31 195
31 1824
31 3621
31 842797
32 82
32 84
32 114
32 115
32 116
32 1361
32 196458
33 84
33 90
33 91
33 93
33 121
33 195
33 4710
33 37108
33 66129
33 178699
33 842798
34 71
34 76
34 190
34 191
34 842799
seqId 377
1 5
1 27
1 99
1 131
1 132
1 133
1 699
1 842800
2 3
2 4
2 5
2 14686
2 14688
2 842801
3 82
3 759
3 944
3 948
3 842802
4 82
4 83
4 115
4 195
4 4940
4 4941
4 28267
4 842803
5 82
5 115
5 116
5 195
5 4940
5 4941
5 28267
5 842804
6 90
6 91
6 93
6 121
6 195
6 4941
6 9903
6 78145
6 842805
7 9
7 10
7 11
7 13
7 842806
8 90
8 443
8 8415
8 28349
8 842807
9 10
9 146
9 147
9 149
9 842808
10 90
10 443
10 103478
10 163502
10 842809
11 5
11 84
11 91
11 93
11 121
11 703
11 707
11 956
11 842810
12 660
12 1622
12 1623
12 1625
12 842811
13 4
13 5
13 82
13 84
13 100
13 4680
13 7233
13 842812
14 76
14 342
14 343
14 345
14 842813
15 660
15 1539
15 3768
15 3771
15 842814
16 5
16 20
16 202
16 36084
16 36086
16 842815
17 76
17 342
17 343
17 345
17 842816
18 99
18 133
18 175
18 176
18 195
18 234
18 369972
19 3
19 4
19 195
19 340
19 50290
19 50292
19 842817
20 243
20 244
20 245
20 247
20 842818
21 99
21 133
21 175
21 176
21 195
21 234
21 842819
22 3
22 20
22 195
22 10660
22 10662
22 842820
23 10
23 1605
23 1606
23 1608
23 334085
24 98
24 99
24 100
24 195
24 2073
24 842821
25 3
25 20
25 195
25 340
25 5018
25 5020
25 842822
26 76
26 342
26 343
26 345
26 842823
27 4
27 5
27 90
27 122
27 708
27 713
27 2101
27 123186
27 842824
28 10
28 828
28 831
28 1539
28 431363
29 3
29 5
29 20
29 6890
29 6892
29 842825
30 10
30 828
30 829
30 831
30 842826
31 99
31 131
31 132
31 133
31 195
31 237
31 842827
32 3
32 20
32 195
32 1320
32 3384
32 842828
33 9
33 10
33 11
33 13
33 842829
34 67
34 174176
34 174178
34 174555
34 842830
35 67
35 6985
35 48761
35 174978
35 174979
35 174981
35 842831
36 10
36 126
36 127
36 129
36 842832
37 4
37 5
37 99
37 131
37 132
37 133
37 152
37 842833
38 3
38 4
38 5
38 80018
38 80020
38 842834
39 9
39 10
39 11
39 13
39 842835
40 4
40 5
40 99
40 131
40 132
40 133
40 152
40 842836
41 3
41 4
41 5
41 175881
41 175883
41 310666
42 4
42 5
42 202
42 34785
42 36313
42 842837
43 10
43 109
43 110
43 112
43 431374
44 67
44 49391
44 49392
44 49394
44 842838
45 71
45 76
45 190
45 191
45 842839
seqId 378
1 10
1 378
1 3871
1 3873
1 842840
2 5
2 20
2 99
2 131
2 132
2 133
2 166
2 224598
3 3
3 5
3 20
3 178749
3 178751
3 370010
4 9
4 10
4 11
4 13
4 842841
5 98
5 99
5 100
5 195
5 2073
5 16050
6 3
6 20
6 195
6 1320
6 3384
6 16051
7 82
7 758
7 759
7 761
7 842842
8 84
8 90
8 91
8 93
8 121
8 195
8 7704
8 58022
8 842843
9 5
9 27
9 99
9 131
9 132
9 133
9 135
9 417008
10 5
10 67
10 5959
10 5962
10 842844
11 76
11 342
11 343
11 345
11 406896
12 99
12 131
12 132
12 133
12 195
12 237
12 406897
13 3
13 20
13 195
13 10402
13 10404
13 842845
14 84
14 90
14 91
14 93
14 121
14 195
14 31304
14 45107
14 842846
15 10
15 8436
15 8437
15 8439
15 842847
16 5
16 20
16 82
16 84
16 85
16 1377
16 6487
16 842848
17 10
17 126
17 127
17 129
17 842849
18 99
18 133
18 175
18 176
18 195
18 234
18 842850
19 3
19 20
19 195
19 33358
19 34347
19 842851
20 20
20 195
20 202
20 13322
20 13324
20 842852
21 243
21 244
21 245
21 247
21 842853
22 10
22 283
22 284
22 286
22 842854
23 4
23 5
23 99
23 133
23 175
23 176
23 178
23 417026
24 4
24 5
24 202
24 114712
24 114714
24 842855
25 3
25 4
25 5
25 5280
25 5282
25 842856
26 20
26 195
26 202
26 13632
26 13634
26 842857
27 76
27 342
27 343
27 345
27 468811
28 244
28 1249
28 1250
28 1252
28 842858
29 5
29 27
29 99
29 131
29 132
29 133
29 135
29 842859
30 3
30 4
30 5
30 642
30 23331
30 842860
31 5
31 84
31 90
31 91
31 92
31 93
31 96
31 22882
31 22884
31 842861
32 4
32 5
32 99
32 133
32 175
32 176
32 178
32 842862
33 3
33 4
33 5
33 70648
33 70650
33 842863
34 660
34 661
34 1240
34 1242
34 842864
35 660
35 2473
35 2474
35 2476
35 406916
36 4
36 5
36 202
36 86306
36 178783
36 842865
37 10
37 283
37 284
37 286
37 842866
38 5
38 20
38 99
38 131
38 132
38 133
38 166
38 842867
39 3
39 5
39 20
39 3338
39 3340
39 842868
40 5
40 20
40 202
40 13322
40 13324
40 842869
41 76
41 342
41 343
41 345
41 842870
42 4
42 5
42 82
42 84
42 100
42 4680
42 7233
42 842871
43 9
43 10
43 11
43 13
43 756990
44 5
44 27
44 99
44 131
44 132
44 133
44 135
44 842872
45 4
45 5
45 67
45 14076
45 14078
45 842873
46 4
46 5
46 202
46 140235
46 144993
46 842874
47 76
47 413
47 414
47 416
47 842875
48 67
48 15222
48 15223
48 15225
48 842876
49 67
49 1886
49 39484
49 178397
49 178398
49 842877
50 76
50 342
50 343
50 345
50 842878
51 67
51 605
51 607
51 1199
51 842879
52 76
52 433
52 434
52 436
52 842880
53 71
53 76
53 190
53 191
53 16099
seqId 379
1 10
1 109
1 878
1 2548
1 842881
2 20
2 82
2 84
2 98
2 100
2 102
2 310719
3 82
3 758
3 759
3 761
3 842882
4 5
4 84
4 90
4 91
4 93
4 121
4 7704
4 30340
4 842883
5 5
5 20
5 99
5 131
5 132
5 133
5 166
5 334172
6 3
6 5
6 20
6 5018
6 5020
6 417054
7 5
7 20
7 202
7 168265
7 168267
7 842884
8 76
8 342
8 343
8 345
8 310724
9 99
9 131
9 132
9 133
9 195
9 237
9 842885
10 3
10 20
10 195
10 33272
10 33274
10 842886
11 84
11 91
11 93
11 121
11 195
11 703
11 707
11 1858
11 842887
12 20
12 82
12 84
12 100
12 195
12 4680
12 6827
12 842888
13 9
13 10
13 11
13 13
13 139737
14 5
14 27
14 99
14 131
14 132
14 133
14 135
14 842889
15 5
15 67
15 177499
15 177501
15 842890
16 5
16 20
16 202
16 35537
16 35539
16 842891
17 76
17 342
17 343
17 345
17 468885
18 9
18 10
18 24
18 26
18 27
18 842892
19 3
19 4
19 5
19 36053
19 36055
19 842893
20 4
20 5
20 202
20 34785
20 36313
20 842894
21 243
21 244
21 245
21 247
21 139752
22 4
22 5
22 202
22 175288
22 178821
22 842895
23 76
23 342
23 343
23 345
23 842896
24 9
24 10
24 24
24 26
24 27
24 842897
25 72
25 509
25 5422
25 14296
25 99714
25 176363
25 176364
25 176366
25 842898
26 10
26 146
26 147
26 149
26 842899
27 5
27 27
27 99
27 131
27 132
27 133
27 135
27 842900
28 5
28 67
28 175400
28 175403
28 842901
29 243
29 244
29 245
29 247
29 224686
30 717
30 718
30 719
30 721
30 842902
31 10
31 146
31 147
31 149
31 722
32 5
32 20
32 99
32 131
32 132
32 133
32 165
32 166
33 3
33 5
33 20
33 5018
33 5020
33 842903
34 5
34 20
34 202
34 175277
34 175279
34 842904
35 71
35 76
35 190
35 191
35 842905
seqId 380
1 4
1 5
1 99
1 131
1 132
1 133
1 811
1 727162
2 3
2 4
2 5
2 3691
2 3693
2 842906
3 5
3 84
3 90
3 91
3 92
3 93
3 702
3 63087
3 842907
4 99
4 133
4 175
4 176
4 195
4 234
4 842908
5 3
5 20
5 195
5 340
5 16650
5 16652
5 842909
6 20
6 195
6 202
6 340
6 54437
6 178839
6 178841
6 842910
7 76
7 413
7 414
7 416
7 842911
8 67
8 74958
8 74960
8 127317
8 842912
9 158
9 159
9 160
9 162
9 842913
10 9
10 10
10 11
10 13
10 163
11 5
11 20
11 99
11 131
11 132
11 133
11 165
11 166
12 3
12 5
12 20
12 66043
12 119563
12 842914
13 76
13 433
13 434
13 436
13 842915
14 3
14 2548
14 9789
14 9791
14 842916
15 2822
15 2823
15 2824
15 2826
15 615991
16 10
16 146
16 147
16 149
16 722
17 99
17 131
17 132
17 133
17 195
17 236
17 237
18 3
18 4
18 15
18 195
18 4121
18 842917
19 9
19 10
19 11
19 13
19 139776
20 67
20 1139
20 1140
20 1142
20 842918
21 67
21 1047
21 11613
21 178853
21 178854
21 178856
21 842919
22 76
22 413
22 414
22 416
22 842920
23 67
23 605
23 607
23 1199
23 842921
24 76
24 433
24 434
24 436
24 468979
25 10
25 126
25 127
25 129
25 842922
26 99
26 131
26 132
26 133
26 195
26 237
26 842923
27 3
27 4
27 195
27 340
27 23042
27 34205
27 842924
28 243
28 244
28 245
28 247
28 757051
29 5
29 20
29 99
29 131
29 132
29 133
29 166
29 783004
30 3
30 5
30 20
30 1892
30 37252
30 842925
31 5
31 20
31 202
31 178867
31 178869
31 842926
32 9
32 10
32 13
32 1539
32 842927
33 3
33 4
33 5
33 5469
33 5471
33 842928
34 243
34 244
34 245
34 247
34 842929
35 9
35 10
35 24
35 26
35 27
35 842930
36 5
36 82
36 84
36 85
36 2294
36 2296
36 842931
37 9
37 10
37 11
37 13
37 842932
38 5
38 27
38 99
38 131
38 132
38 133
38 135
38 842933
39 5
39 67
39 140252
39 140254
39 842934
40 76
40 342
40 343
40 345
40 842935
41 660
41 976
41 979
41 1458
41 842936
42 171
42 944
42 945
42 1461
42 1463
42 842937
43 10
43 146
43 147
43 149
43 842938
44 4
44 82
44 84
44 100
44 195
44 4680
44 4682
44 842939
45 9
45 10
45 11
45 13
45 842940
46 67
46 128840
46 128841
46 128843
46 842941
47 67
47 75484
47 75485
47 75487
47 75488
47 842942
48 76
48 413
48 414
48 416
48 842943
49 67
49 605
49 607
49 1199
49 842944
50 76
50 433
50 434
50 436
50 616018
51 10
51 126
51 127
51 129
51 842945
52 99
52 131
52 132
52 133
52 195
52 237
52 842946
53 3
53 20
53 195
53 3696
53 29521
53 842947
54 20
54 195
54 202
54 168724
54 168726
54 431496
55 10
55 109
55 110
55 112
55 842948
56 67
56 72
56 37788
56 73915
56 178894
56 178895
56 842949
57 71
57 76
57 190
57 191
57 842950
seqId 381
1 5
1 20
1 27
1 36
1 82
1 84
1 98
1 100
1 842951
2 5
2 84
2 91
2 93
2 121
2 703
2 707
2 956
2 842952
3 660
3 2305
3 2306
3 2308
3 334267
4 5
4 20
4 99
4 133
4 175
4 176
4 1316
4 606146
5 5
5 20
5 202
5 2294
5 2296
5 842953
6 3
6 5
6 20
6 7393
6 7395
6 842954
7 10
7 378
7 379
7 381
7 842955
8 90
8 443
8 40114
8 42682
8 196707
9 2822
9 2823
9 2824
9 2826
9 842956
10 10
10 146
10 147
10 149
10 722
11 99
11 131
11 132
11 133
11 195
11 236
11 237
12 3
12 4
12 195
12 1784
12 1786
12 842957
13 4
13 195
13 202
13 340
13 42755
13 178599
13 178601
13 842958
14 9
14 10
14 11
14 13
14 842959
15 3
15 4
15 195
15 7178
15 7180
15 842960
16 4
16 195
16 202
16 2075
16 2771
16 842961
17 243
17 244
17 245
17 247
17 407029
18 2822
18 2823
18 2824
18 2826
18 842962
19 10
19 146
19 147
19 149
19 722
20 99
20 131
20 132
20 133
20 195
20 236
20 237
21 3
21 4
21 195
21 340
21 50290
21 50292
21 842963
22 82
22 758
22 759
22 761
22 842964
23 84
23 90
23 91
23 93
23 121
23 195
23 755
23 31128
23 178915
23 842965
24 99
24 115
24 195
24 773
24 775
24 776
24 2192
24 2194
24 842966
25 3
25 20
25 195
25 2723
25 3278
25 842967
26 71
26 76
26 190
26 191
26 842968
seqId 382
1 5
1 20
1 99
1 131
1 132
1 133
1 967
1 842969
2 5
2 20
2 67
2 37445
2 135367
2 171893
2 842970
3 5
3 84
3 90
3 91
3 92
3 93
3 96
3 2574
3 40541
3 842971
4 10
4 283
4 284
4 286
4 616044
5 5
5 20
5 99
5 133
5 175
5 176
5 1316
5 533363
6 3
6 5
6 20
6 20716
6 20718
6 842972
7 5
7 20
7 202
7 21466
7 37170
7 842973
8 82
8 759
8 5284
8 5286
8 334304
9 76
9 342
9 343
9 345
9 842974
10 660
10 1539
10 1622
10 1625
10 842975
11 660
11 3768
11 3769
11 3771
11 842976
12 10
12 146
12 147
12 149
12 842977
13 67
13 605
13 607
13 1199
13 842978
14 27
14 944
14 945
14 1463
14 3308
14 842979
15 10
15 146
15 147
15 149
15 842980
16 67
16 601
16 603
16 1197
16 842981
17 51
17 195
17 2686
17 15391
17 842982
18 76
18 342
18 343
18 345
18 842983
19 99
19 131
19 132
19 133
19 195
19 237
19 842984
20 3
20 20
20 195
20 23221
20 23223
20 139878
21 84
21 91
21 93
21 121
21 195
21 703
21 707
21 1858
21 842985
22 20
22 26
22 90
22 122
22 195
22 340
22 708
22 713
22 98603
22 178941
22 178943
22 842986
23 10
23 283
23 284
23 286
23 842987
24 99
24 133
24 175
24 176
24 195
24 234
24 842988
25 3
25 4
25 195
25 642
25 644
25 842989
26 4
26 195
26 202
26 8631
26 8633
26 8634
26 842990
27 4
27 90
27 122
27 195
27 708
27 713
27 2832
27 2834
27 102821
28 10
28 126
28 127
28 129
28 102823
29 4
29 5
29 99
29 133
29 175
29 176
29 178
29 102824
30 3
30 4
30 5
30 11412
30 14762
30 842991
31 4
31 5
31 202
31 2359
31 8352
31 842992
32 76
32 413
32 414
32 416
32 842993
33 67
33 3213
33 48974
33 115817
33 178955
33 178956
33 842994
34 76
34 342
34 343
34 345
34 178960
35 67
35 4815
35 47596
35 141901
35 141903
35 174023
35 842995
36 76
36 342
36 343
36 345
36 842996
37 67
37 3206
37 47596
37 172438
37 172439
37 172441
37 842997
38 76
38 342
38 343
38 345
38 842998
39 67
39 3206
39 5444
39 54733
39 54734
39 842999
40 76
40 342
40 343
40 345
40 843000
41 67
41 8683
41 63536
41 178966
41 178967
41 843001
42 76
42 342
42 343
42 345
42 178975
43 67
43 37401
43 63469
43 178971
43 178972
43 843002
44 76
44 433
44 434
44 436
44 843003
45 71
45 76
45 190
45 191
45 843004
seqId 383
1 5
1 99
1 115
1 773
1 774
1 775
1 776
1 31621
1 843005
2 3
2 4
2 5
2 1573
2 1575
2 843006
3 4
3 5
3 202
3 327
3 329
3 843007
4 5
4 84
4 90
4 91
4 93
4 121
4 1509
4 16289
4 843008
5 10
5 1539
5 3889
5 3891
5 843009
6 660
6 2136
6 2137
6 2139
6 843010
7 4
7 5
7 82
7 84
7 85
7 175
7 178
7 178984
8 9
8 10
8 11
8 13
8 431568
9 99
9 115
9 195
9 773
9 774
9 775
9 776
9 3400
9 843011
10 4
10 195
10 202
10 3303
10 61242
10 843012
11 3
11 4
11 195
11 340
11 44727
11 44729
11 843013
12 71
12 76
12 190
12 191
12 178990
seqId 384
1 5
1 20
1 82
1 83
1 84
1 115
1 763
1 3948
1 178991
2 82
2 83
2 84
2 115
2 5729
2 5731
2 843014
3 5
3 84
3 90
3 91
3 93
3 121
3 702
3 705
3 469119
4 660
4 2305
4 2306
4 2308
4 334356
5 9
5 10
5 26
5 27
5 1539
5 843015
6 3
6 5
6 20
6 7120
6 7122
6 843016
7 4
7 5
7 99
7 131
7 132
7 133
7 152
7 102873
8 3
8 4
8 5
8 1579
8 1581
8 843017
9 9
9 10
9 11
9 13
9 843018
10 82
10 84
10 114
10 115
10 116
10 1361
10 820491
11 90
11 443
11 768
11 4129
11 820492
12 99
12 131
12 132
12 133
12 195
12 237
12 783093
13 3
13 20
13 195
13 1718
13 1720
13 843019
14 9
14 10
14 24
14 26
14 27
14 843020
15 90
15 443
15 3979
15 36008
15 843021
16 99
16 131
16 132
16 133
16 195
16 237
16 843022
17 3
17 4
17 195
17 7178
17 7180
17 843023
18 4
18 90
18 122
18 195
18 708
18 713
18 7704
18 34968
18 843024
19 10
19 283
19 284
19 286
19 16350
20 4
20 195
20 202
20 1377
20 1379
20 843025
21 99
21 115
21 195
21 773
21 775
21 776
21 2192
21 2194
21 843026
22 3
22 4
22 195
22 6763
22 18041
22 843027
23 76
23 342
23 343
23 345
23 843028
24 10
24 109
24 110
24 112
24 843029
25 90
25 121
25 122
25 11204
25 14950
25 843030
26 99
26 133
26 175
26 176
26 195
26 234
26 843031
27 3
27 20
27 195
27 23221
27 23223
27 843032
28 158
28 159
28 160
28 162
28 224893
29 9
29 10
29 11
29 13
29 163
30 5
30 20
30 99
30 131
30 132
30 133
30 165
30 166
31 3
31 5
31 20
31 3199
31 5132
31 843033
32 76
32 342
32 343
32 345
32 310896
33 158
33 159
33 160
33 162
33 843034
34 9
34 10
34 11
34 13
34 163
35 5
35 20
35 99
35 131
35 132
35 133
35 165
35 166
36 3
36 5
36 20
36 3775
36 3777
36 843035
37 5
37 20
37 202
37 168724
37 168726
37 843036
38 76
38 342
38 343
38 345
38 843037
39 99
39 133
39 175
39 176
39 195
39 234
39 843038
40 3
40 20
40 195
40 2221
40 3410
40 843039
41 9
41 10
41 24
41 26
41 27
41 843040
42 3
42 4
42 5
42 14686
42 14688
42 843041
43 4
43 5
43 202
43 322
43 22672
43 843042
44 76
44 342
44 343
44 345
44 783116
45 4
45 5
45 202
45 254
45 256
45 843043
46 243
46 244
46 245
46 247
46 843044
47 4
47 5
47 202
47 8705
47 130747
47 843045
48 71
48 76
48 190
48 191
48 843046
seqId 385
1 5
1 20
1 27
1 36
1 82
1 84
1 98
1 100
1 727309
2 5
2 84
2 91
2 93
2 121
2 703
2 707
2 956
2 727310
3 660
3 3768
3 3769
3 3771
3 843047
4 4
4 5
4 99
4 133
4 175
4 176
4 178
4 843048
5 3
5 4
5 5
5 33173
5 33763
5 843049
6 4
6 5
6 202
6 1773
6 26635
6 616125
7 82
7 758
7 759
7 761
7 843050
8 5
8 84
8 91
8 93
8 121
8 703
8 707
8 956
8 843051
9 4
9 5
9 90
9 122
9 708
9 713
9 14730
9 179039
9 843052
10 660
10 976
10 977
10 979
10 843053
11 71
11 76
11 190
11 191
11 843054
seqId 386
1 5
1 20
1 98
1 99
1 100
1 8099
1 469162
2 3
2 5
2 20
2 1320
2 1322
2 407129
3 5
3 20
3 202
3 327
3 329
3 843055
4 82
4 84
4 114
4 115
4 116
4 1361
4 843056
5 5
5 84
5 90
5 91
5 92
5 93
5 4766
5 90628
5 843057
6 10
6 283
6 284
6 286
6 843058
7 5
7 20
7 99
7 133
7 175
7 176
7 1316
7 407136
8 3
8 5
8 20
8 19820
8 19822
8 407137
9 5
9 20
9 202
9 2481
9 2483
9 843059
10 10
10 1387
10 1388
10 1390
10 843060
11 99
11 131
11 132
11 133
11 195
11 237
11 843061
12 3
12 4
12 195
12 313
12 6526
12 843062
13 4
13 195
13 202
13 322
13 324
13 843063
14 76
14 342
14 343
14 345
14 843064
15 10
15 109
15 112
15 1539
15 843065
16 3
16 5
16 20
16 1601
16 1603
16 843066
17 5
17 27
17 99
17 131
17 132
17 133
17 135
17 843067
18 3
18 4
18 5
18 30801
18 30803
18 843068
19 76
19 342
19 343
19 345
19 843069
20 4
20 5
20 99
20 131
20 132
20 133
20 152
20 843070
21 3
21 4
21 5
21 36230
21 36232
21 843071
22 76
22 342
22 343
22 345
22 843072
23 99
23 131
23 132
23 133
23 195
23 237
23 139994
24 3
24 4
24 195
24 1395
24 1397
24 843073
25 4
25 195
25 202
25 129092
25 129094
25 843074
26 76
26 342
26 343
26 345
26 224950
27 5
27 99
27 131
27 132
27 133
27 135
27 171
27 675896
28 3
28 4
28 5
28 14686
28 14688
28 843075
29 9
29 10
29 11
29 13
29 196884
30 5
30 99
30 131
30 132
30 133
30 135
30 171
30 843076
31 3
31 5
31 20
31 24023
31 35863
31 843077
32 76
32 342
32 343
32 345
32 843078
33 4
33 5
33 99
33 131
33 132
33 133
33 152
33 391694
34 3
34 4
34 5
34 59102
34 59104
34 843079
35 243
35 244
35 245
35 247
35 843080
36 5
36 20
36 99
36 131
36 132
36 133
36 166
36 843081
37 3
37 5
37 20
37 222
37 224
37 843082
38 76
38 342
38 343
38 345
38 16449
39 944
39 945
39 946
39 948
39 606282
40 99
40 131
40 132
40 133
40 195
40 237
40 334428
41 3
41 20
41 195
41 23221
41 23223
41 843083
42 82
42 758
42 759
42 761
42 843084
43 84
43 90
43 91
43 92
43 93
43 195
43 10330
43 26497
43 44098
43 843085
44 4
44 5
44 99
44 131
44 132
44 133
44 152
44 727349
45 4
45 5
45 202
45 795
45 8936
45 843086
46 3
46 4
46 5
46 642
46 23331
46 843087
47 84
47 90
47 91
47 92
47 93
47 195
47 3433
47 3435
47 26497
47 843088
48 10
48 283
48 284
48 286
48 843089
49 99
49 115
49 195
49 773
49 775
49 776
49 2192
49 2194
49 843090
50 3
50 20
50 195
50 1320
50 3384
50 843091
51 71
51 76
51 190
51 191
51 843092
seqId 387
1 99
1 131
1 132
1 133
1 195
1 1220
1 843093
2 3
2 20
2 195
2 10402
2 10404
2 843094
3 82
3 758
3 759
3 761
3 843095
4 84
4 90
4 91
4 93
4 121
4 195
4 31304
4 45107
4 843096
5 10
5 126
5 127
5 129
5 843097
6 5
6 20
6 99
6 131
6 132
6 133
6 166
6 196917
7 3
7 5
7 20
7 3775
7 3777
7 843098
8 5
8 20
8 202
8 168724
8 168726
8 843099
9 82
9 84
9 114
9 115
9 116
9 1361
9 843100
10 84
10 90
10 91
10 93
10 121
10 195
10 5773
10 5775
10 843101
11 99
11 133
11 175
11 176
11 195
11 234
11 843102
12 3
12 20
12 195
12 10464
12 10466
12 843103
13 9
13 10
13 11
13 13
13 843104
14 5
14 27
14 99
14 131
14 132
14 133
14 135
14 727369
15 3
15 4
15 5
15 30801
15 30803
15 843105
16 76
16 413
16 414
16 416
16 843106
17 36
17 67
17 71
17 18488
17 18489
17 843107
18 67
18 15222
18 15223
18 15225
18 843108
19 76
19 433
19 434
19 436
19 843109
20 76
20 342
20 343
20 345
20 506065
21 158
21 159
21 160
21 162
21 843110
22 9
22 10
22 11
22 13
22 163
23 5
23 20
23 99
23 131
23 132
23 133
23 165
23 166
24 3
24 5
24 20
24 222
24 224
24 843111
25 76
25 413
25 414
25 416
25 843112
26 67
26 71
26 1026
26 18413
26 18414
26 843113
27 67
27 48669
27 175594
27 175595
27 175597
27 843114
28 243
28 244
28 245
28 247
28 843115
29 36
29 67
29 71
29 18488
29 18489
29 843116
30 67
30 75484
30 75485
30 75487
30 75488
30 843117
31 76
31 433
31 434
31 436
31 196945
32 76
32 342
32 343
32 345
32 843118
33 9
33 10
33 11
33 13
33 843119
34 4
34 5
34 99
34 131
34 132
34 133
34 152
34 843120
35 3
35 4
35 5
35 59102
35 59104
35 843121
36 243
36 244
36 245
36 247
36 843122
37 9
37 10
37 11
37 13
37 843123
38 4
38 5
38 99
38 131
38 132
38 133
38 152
38 417347
39 3
39 4
39 5
39 36230
39 36232
39 843124
40 76
40 413
40 414
40 416
40 843125
41 67
41 71
41 407
41 18660
41 18661
41 843126
42 67
42 310
42 57195
42 178147
42 178148
42 843127
43 76
43 433
43 434
43 436
43 843128
44 76
44 1267
44 1268
44 1270
44 843129
seqId 388
1 67
1 70
1 71
1 64117
1 64118
1 843130
2 67
2 310
2 74143
2 178459
2 178460
2 178462
2 843131
3 5
3 84
3 90
3 91
3 93
3 121
3 3686
3 21141
3 783190
4 5
4 20
4 99
4 133
4 175
4 176
4 1316
4 783191
5 3
5 5
5 20
5 1320
5 1322
5 843132
6 5
6 20
6 202
6 623
6 625
6 626
6 843133
7 10
7 1605
7 1606
7 1608
7 843134
8 3
8 4
8 5
8 14686
8 14688
8 843135
9 243
9 244
9 245
9 247
9 843136
10 3
10 4
10 195
10 1395
10 1397
10 843137
11 4
11 195
11 202
11 129092
11 129094
11 843138
12 71
12 76
12 190
12 191
12 843139
seqId 389
1 5
1 27
1 99
1 131
1 132
1 133
1 699
1 843140
2 3
2 4
2 5
2 14686
2 14688
2 843141
3 4
3 5
3 202
3 168118
3 168120
3 417362
4 243
4 244
4 245
4 247
4 407228
5 5
5 27
5 99
5 131
5 132
5 133
5 135
5 843142
6 3
6 4
6 5
6 14686
6 14688
6 843143
7 4
7 5
7 202
7 140235
7 144993
7 843144
8 27
8 82
8 84
8 114
8 115
8 116
8 118
8 843145
9 84
9 90
9 91
9 93
9 120
9 121
9 195
9 45001
9 616220
10 10
10 126
10 127
10 129
10 225038
11 99
11 133
11 175
11 176
11 195
11 234
11 68161
12 3
12 4
12 195
12 2773
12 2775
12 843146
13 660
13 2669
13 2670
13 2672
13 843147
14 4
14 195
14 202
14 340
14 129783
14 129785
14 843148
15 243
15 244
15 245
15 247
15 616225
16 82
16 758
16 759
16 761
16 843149
17 84
17 90
17 91
17 93
17 121
17 195
17 755
17 35334
17 35336
17 103072
18 4
18 5
18 99
18 133
18 175
18 176
18 178
18 103073
19 3
19 4
19 5
19 4900
19 4902
19 843150
20 4
20 5
20 202
20 18773
20 18775
20 843151
21 4
21 5
21 202
21 1601
21 18277
21 744766
22 10
22 146
22 147
22 149
22 843152
23 4
23 5
23 99
23 131
23 132
23 133
23 152
23 311056
24 3
24 4
24 5
24 94879
24 102614
24 175042
24 843153
25 76
25 342
25 343
25 345
25 334518
26 4
26 5
26 82
26 759
26 1432
26 1434
26 843154
27 5
27 84
27 90
27 91
27 93
27 121
27 1509
27 16289
27 843155
28 5
28 20
28 99
28 133
28 175
28 176
28 1316
28 843156
29 3
29 5
29 20
29 3118
29 3120
29 843157
30 5
30 20
30 202
30 3303
30 36191
30 843158
31 9
31 10
31 11
31 13
31 843159
32 5
32 27
32 99
32 131
32 132
32 133
32 135
32 843160
33 3
33 4
33 5
33 642
33 23331
33 843161
34 76
34 342
34 343
34 345
34 843162
35 717
35 718
35 719
35 721
35 843163
36 10
36 146
36 147
36 149
36 722
37 5
37 20
37 99
37 131
37 132
37 133
37 165
37 166
38 5
38 20
38 202
38 2310
38 2313
38 843164
39 3
39 5
39 20
39 7837
39 7839
39 744791
40 944
40 945
40 946
40 948
40 431764
41 4
41 5
41 99
41 131
41 132
41 133
41 152
41 103094
42 3
42 4
42 5
42 25624
42 25626
42 843165
43 230
43 231
43 232
43 234
43 843166
44 9
44 10
44 11
44 13
44 163
45 99
45 131
45 132
45 133
45 195
45 236
45 237
46 3
46 4
46 195
46 18201
46 60610
46 843167
47 230
47 231
47 232
47 234
47 843168
48 9
48 10
48 11
48 13
48 163
49 99
49 131
49 132
49 133
49 195
49 236
49 237
50 3
50 4
50 195
50 2773
50 2775
50 843169
51 76
51 413
51 414
51 416
51 843170
52 3
52 5
52 20
52 74962
52 179188
52 843171
53 76
53 342
53 343
53 345
53 843172
54 3
54 5
54 20
54 22424
54 179192
54 843173
55 76
55 342
55 343
55 345
55 179195
56 3
56 5
56 20
56 34785
56 36313
56 843174
57 76
57 342
57 343
57 345
57 606384
58 3
58 5
58 20
58 175288
58 179198
58 469342
59 5
59 20
59 202
59 175277
59 175279
59 843175
60 76
60 342
60 343
60 345
60 370444
61 3
61 5
61 20
61 179202
61 179204
61 843176
62 76
62 25774
62 25775
62 25777
62 843177
63 76
63 433
63 434
63 436
63 391838
64 71
64 76
64 190
64 191
64 843178
seqId 390
1 5
1 27
1 99
1 131
1 132
1 133
1 699
1 843179
2 5
2 20
2 82
2 84
2 85
2 175
2 1316
2 843180
3 230
3 231
3 232
3 234
3 843181
4 9
4 10
4 11
4 13
4 163
5 99
5 131
5 132
5 133
5 195
5 236
5 237
6 3
6 20
6 195
6 3118
6 10103
6 843182
7 20
7 195
7 202
7 3303
7 10106
7 843183
8 9
8 10
8 11
8 13
8 727439
9 5
9 27
9 99
9 131
9 132
9 133
9 135
9 843184
10 3
10 4
10 5
10 897
10 899
10 843185
11 9
11 10
11 11
11 13
11 843186
12 5
12 27
12 99
12 131
12 132
12 133
12 135
12 843187
13 3
13 4
13 5
13 642
13 23331
13 843188
14 5
14 84
14 91
14 92
14 93
14 703
14 707
14 16563
14 843189
15 9
15 10
15 11
15 13
15 843190
16 90
16 443
16 1587
16 124327
16 179223
16 843191
17 4
17 5
17 98
17 99
17 100
17 1927
17 820672
18 3
18 4
18 5
18 3846
18 29979
18 843192
19 9
19 10
19 24
19 26
19 27
19 843193
20 4
20 5
20 99
20 133
20 175
20 176
20 178
20 843194
21 3
21 4
21 5
21 5469
21 5471
21 16606
22 10
22 828
22 829
22 831
22 843195
23 5
23 20
23 99
23 133
23 175
23 176
23 1316
23 431791
24 3
24 5
24 20
24 1320
24 1322
24 843196
25 9
25 10
25 24
25 26
25 27
25 843197
26 3
26 4
26 5
26 18168
26 18422
26 843198
27 9
27 10
27 11
27 13
27 843199
28 3
28 4
28 195
28 2773
28 2775
28 843200
29 76
29 342
29 343
29 345
29 843201
30 9
30 10
30 11
30 13
30 843202
31 5
31 27
31 99
31 131
31 132
31 133
31 135
31 843203
32 5
32 82
32 84
32 85
32 2294
32 2296
32 225107
33 10
33 828
33 829
33 831
33 431799
34 4
34 5
34 99
34 131
34 132
34 133
34 152
34 843204
35 3
35 4
35 5
35 4228
35 13593
35 727459
36 9
36 10
36 24
36 26
36 27
36 843205
37 3
37 20
37 195
37 21035
37 21037
37 843206
38 9
38 10
38 11
38 13
38 68249
39 3
39 4
39 195
39 1931
39 9939
39 843207
40 71
40 76
40 190
40 191
40 843208
seqId 391
1 10
1 283
1 3640
1 3642
1 843209
2 5
2 20
2 99
2 131
2 132
2 133
2 166
2 843210
3 3
3 5
3 20
3 389
3 391
3 843211
4 158
4 159
4 160
4 162
4 843212
5 9
5 10
5 11
5 13
5 163
6 5
6 20
6 99
6 131
6 132
6 133
6 165
6 166
7 5
7 20
7 202
7 566
7 568
7 843213
8 3
8 5
8 20
8 384
8 386
8 843214
9 76
9 342
9 343
9 345
9 431812
10 5
10 20
10 81
10 82
10 83
10 84
10 85
10 87
10 431813
11 5
11 84
11 90
11 91
11 93
11 121
11 16502
11 24576
11 843215
12 13
12 99
12 133
12 175
12 176
12 195
12 843216
13 4
13 195
13 202
13 1888
13 3548
13 843217
14 3
14 4
14 195
14 18168
14 18170
14 676040
15 243
15 244
15 245
15 247
15 843218
16 1458
16 2717
16 4052
16 4054
16 843219
17 244
17 418
17 419
17 421
17 16638
18 3
18 4
18 5
18 25222
18 25224
18 843220
19 9
19 10
19 11
19 13
19 68267
20 3
20 4
20 195
20 2773
20 2775
20 843221
21 75
21 76
21 77
21 79
21 417461
22 10
22 378
22 379
22 381
22 843222
23 5
23 27
23 99
23 131
23 132
23 133
23 135
23 843223
24 3
24 5
24 20
24 179202
24 179204
24 843224
25 76
25 342
25 343
25 345
25 370507
26 99
26 131
26 132
26 133
26 195
26 237
26 417464
27 67
27 195
27 340
27 14727
27 50443
27 179270
27 843225
28 72
28 509
28 3213
28 115114
28 152998
28 179273
28 179274
28 843226
29 9
29 10
29 11
29 13
29 843227
30 67
30 340
30 61071
30 152999
30 179278
30 179279
30 843228
31 76
31 342
31 343
31 345
31 843229
32 5
32 20
32 99
32 133
32 175
32 176
32 1316
32 843230
33 3
33 5
33 20
33 43423
33 147271
33 843231
34 9
34 10
34 11
34 13
34 469407
35 4
35 5
35 99
35 131
35 132
35 133
35 152
35 843232
36 3
36 4
36 5
36 141522
36 141524
36 843233
37 9
37 10
37 24
37 26
37 27
37 68284
38 67
38 179289
38 179290
38 179292
38 843234
39 67
39 134503
39 179294
39 179295
39 179297
39 843235
40 717
40 718
40 719
40 721
40 68287
41 10
41 146
41 147
41 149
41 722
42 5
42 20
42 99
42 131
42 132
42 133
42 165
42 166
43 5
43 20
43 67
43 177325
43 177327
43 843236
44 10
44 109
44 110
44 112
44 140249
45 51
45 195
45 14053
45 72422
45 177330
45 843237
46 76
46 413
46 414
46 416
46 843238
47 67
47 136357
47 136358
47 136360
47 843239
48 67
48 967
48 158385
48 174286
48 174287
48 174289
48 843240
49 76
49 433
49 434
49 436
49 843241
50 76
50 1267
50 1268
50 1270
50 197125
seqId 392
1 10
1 378
1 379
1 381
1 757345
2 5
2 27
2 99
2 131
2 132
2 133
2 135
2 843242
3 3
3 5
3 20
3 34785
3 36313
3 843243
4 76
4 342
4 343
4 345
4 843244
5 4
5 5
5 99
5 131
5 132
5 133
5 152
5 843245
6 3
6 4
6 5
6 52141
6 52143
6 843246
7 4
7 5
7 202
7 39745
7 39747
7 843247
8 9
8 10
8 24
8 26
8 27
8 843248
9 4
9 5
9 99
9 133
9 175
9 176
9 178
9 843249
10 3
10 4
10 5
10 11834
10 18383
10 225162
11 4
11 5
11 202
11 1104
11 18684
11 80665
11 175423
11 175425
11 843250
12 76
12 342
12 343
12 345
12 843251
13 5
13 20
13 99
13 131
13 132
13 133
13 166
13 225165
14 5
14 20
14 67
14 3812
14 93949
14 114603
14 141543
14 179319
14 843252
15 72
15 509
15 82641
15 99714
15 163945
15 179322
15 179323
15 843253
16 9
16 10
16 26
16 169
16 171
16 843254
17 509
17 99714
17 179327
17 179328
17 843255
18 509
18 595
18 105465
18 179331
18 179332
18 843256
19 67
19 75863
19 132812
19 179335
19 179336
19 843257
20 76
20 342
20 343
20 345
20 431861
21 82
21 758
21 759
21 761
21 843258
22 5
22 84
22 90
22 91
22 93
22 121
22 4379
22 9977
22 843259
23 10
23 126
23 127
23 129
23 843260
24 99
24 131
24 132
24 133
24 195
24 237
24 843261
25 3
25 20
25 195
25 724
25 101272
25 843262
26 158
26 159
26 160
26 162
26 843263
27 9
27 10
27 11
27 13
27 163
28 5
28 20
28 99
28 131
28 132
28 133
28 165
28 166
29 5
29 20
29 202
29 15065
29 176549
29 176551
29 843264
30 3
30 5
30 20
30 16951
30 16953
30 843265
31 10
31 109
31 110
31 112
31 843266
32 67
32 175400
32 175401
32 175403
32 843267
33 243
33 244
33 245
33 247
33 820746
34 67
34 175299
34 175300
34 175302
34 843268
35 76
35 413
35 414
35 416
35 843269
36 67
36 11514
36 11515
36 11517
36 843270
37 67
37 2423
37 5422
37 106062
37 177656
37 177657
37 843271
38 76
38 433
38 434
38 436
38 225182
39 76
39 1267
39 1268
39 1270
39 843272
seqId 393
1 10
1 378
1 379
1 381
1 843273
2 5
2 20
2 99
2 131
2 132
2 133
2 166
2 68338
3 3
3 5
3 20
3 74962
3 179188
3 757366
4 76
4 342
4 343
4 345
4 757367
5 5
5 20
5 99
5 131
5 132
5 133
5 166
5 140284
6 5
6 20
6 67
6 873
6 49315
6 175824
6 179362
6 843274
7 76
7 342
7 343
7 345
7 843275
8 5
8 27
8 99
8 131
8 132
8 133
8 135
8 843276
9 3
9 4
9 5
9 18160
9 18162
9 843277
10 4
10 5
10 202
10 96170
10 179369
10 843278
11 9
11 10
11 24
11 26
11 27
11 843279
12 67
12 84561
12 152173
12 179372
12 179373
12 179375
12 843280
13 76
13 342
13 343
13 345
13 843281
14 4
14 5
14 90
14 122
14 708
14 713
14 7643
14 162020
14 506258
15 10
15 109
15 110
15 112
15 506259
16 3
16 5
16 20
16 34785
16 36313
16 843282
17 244
17 1249
17 1250
17 1252
17 843283
18 82
18 758
18 759
18 761
18 843284
19 5
19 84
19 91
19 93
19 121
19 702
19 703
19 705
19 103222
20 5
20 20
20 90
20 122
20 708
20 769
20 11691
20 46225
20 843285
21 4
21 5
21 99
21 133
21 175
21 176
21 178
21 311226
22 3
22 4
22 5
22 50290
22 50292
22 843286
23 4
23 5
23 202
23 179387
23 179389
23 843287
24 10
24 109
24 110
24 112
24 417527
25 67
25 147612
25 168135
25 177253
25 843288
26 10
26 109
26 110
26 112
26 843289
27 3
27 5
27 20
27 179202
27 179204
27 843290
28 243
28 244
28 245
28 247
28 431904
29 10
29 109
29 110
29 112
29 431905
30 3
30 5
30 20
30 74962
30 179188
30 843291
31 76
31 1267
31 1268
31 1270
31 843292
32 10
32 378
32 379
32 381
32 843293
33 5
33 20
33 99
33 131
33 132
33 133
33 166
33 16731
34 3
34 5
34 20
34 1718
34 48150
34 843294
35 3
35 5
35 20
35 13322
35 13324
35 843295
36 76
36 342
36 343
36 345
36 843296
37 5
37 20
37 99
37 131
37 132
37 133
37 166
37 392025
38 3
38 5
38 20
38 79926
38 179405
38 843297
39 9
39 10
39 11
39 13
39 431915
40 67
40 51488
40 69760
40 69761
40 843298
41 67
41 4399
41 6078
41 61056
41 105664
41 179409
41 179410
41 843299
42 76
42 342
42 343
42 345
42 197200
43 3
43 5
43 20
43 49177
43 179415
43 843300
44 5
44 20
44 202
44 179417
44 179419
44 843301
45 9
45 10
45 11
45 13
45 334698
46 4
46 5
46 99
46 131
46 132
46 133
46 152
46 606523
47 3
47 4
47 5
47 38988
47 38990
47 843302
48 9
48 10
48 11
48 13
48 843303
49 67
49 159776
49 159777
49 159779
49 843304
50 76
50 413
50 414
50 416
50 843305
51 51
51 195
51 11455
51 57382
51 92954
51 179426
51 179428
51 843306
52 76
52 433
52 434
52 436
52 843307
53 71
53 76
53 190
53 191
53 616378
seqId 394
1 67
1 15222
1 15223
1 15225
1 843308
2 67
2 11542
2 49432
2 178449
2 178450
2 178452
2 843309
3 5
3 84
3 90
3 91
3 93
3 121
3 16502
3 24576
3 843310
4 76
4 342
4 343
4 345
4 843311
5 10
5 283
5 284
5 286
5 843312
6 5
6 20
6 99
6 131
6 132
6 133
6 166
6 843313
7 3
7 5
7 20
7 4345
7 4347
7 727571
8 9
8 10
8 11
8 13
8 843314
9 5
9 99
9 115
9 773
9 774
9 775
9 776
9 778
9 843315
10 3
10 5
10 20
10 1320
10 1322
10 843316
11 10
11 126
11 127
11 129
11 843317
12 67
12 72
12 41046
12 179442
12 179443
12 179445
12 843318
13 67
13 50542
13 179447
13 179448
13 179450
13 843319
14 76
14 413
14 414
14 416
14 843320
15 90
15 443
15 25415
15 33649
15 843321
16 660
16 2347
16 2348
16 2350
16 843322
17 5
17 20
17 202
17 65089
17 65091
17 843323
18 76
18 433
18 434
18 436
18 843324
19 9
19 10
19 11
19 13
19 334726
20 90
20 443
20 1345
20 9933
20 843325
21 10
21 146
21 147
21 149
21 616390
22 3
22 4
22 5
22 1350
22 1352
22 843326
23 158
23 159
23 160
23 162
23 676128
24 9
24 10
24 11
24 13
24 163
25 5
25 20
25 99
25 131
25 132
25 133
25 165
25 166
26 3
26 5
26 20
26 5627
26 5629
26 843327
27 76
27 342
27 343
27 345
27 843328
28 10
28 34760
28 34761
28 34763
28 843329
29 4
29 5
29 99
29 133
29 175
29 176
29 178
29 225248
30 3
30 4
30 5
30 92205
30 92207
30 843330
31 4
31 5
31 90
31 122
31 708
31 713
31 1104
31 102617
31 102619
31 843331
32 76
32 342
32 343
32 345
32 225251
33 4
33 5
33 99
33 131
33 132
33 133
33 152
33 68420
34 76
34 137
34 138
34 140
34 843332
35 3
35 4
35 5
35 19388
35 20837
35 843333
36 158
36 159
36 160
36 162
36 843334
37 9
37 10
37 11
37 13
37 163
38 5
38 20
38 99
38 131
38 132
38 133
38 165
38 166
39 5
39 20
39 67
39 1728
39 26224
39 52779
39 179473
39 843335
40 76
40 185
40 186
40 188
40 843336
41 76
41 342
41 343
41 345
41 843337
42 5
42 20
42 99
42 133
42 175
42 176
42 1316
42 843338
43 3
43 5
43 20
43 3394
43 3396
43 616404
44 9
44 10
44 11
44 13
44 16789
45 3
45 20
45 195
45 32869
45 92004
45 843339
46 20
46 90
46 122
46 195
46 708
46 713
46 28320
46 179483
46 843340
47 717
47 718
47 719
47 721
47 370642
48 10
48 146
48 147
48 149
48 722
49 5
49 20
49 99
49 131
49 132
49 133
49 165
49 166
50 3
50 5
50 20
50 56527
50 56529
50 843341
51 230
51 231
51 232
51 234
51 843342
52 9
52 10
52 11
52 13
52 163
53 99
53 131
53 132
53 133
53 195
53 236
53 237
54 3
54 20
54 195
54 340
54 179488
54 179490
54 843343
55 9
55 10
55 11
55 13
55 311296
56 4
56 5
56 99
56 131
56 132
56 133
56 152
56 179496
57 4
57 5
57 67
57 407
57 69919
57 179494
57 843344
58 243
58 244
58 245
58 247
58 843345
59 82
59 758
59 759
59 761
59 843346
60 84
60 90
60 91
60 93
60 121
60 195
60 5326
60 5328
60 843347
61 9
61 10
61 24
61 26
61 27
61 843348
62 4
62 5
62 99
62 133
62 175
62 176
62 178
62 843349
63 3
63 4
63 5
63 5859
63 24599
63 843350
64 9
64 10
64 11
64 13
64 843351
65 5
65 27
65 99
65 131
65 132
65 133
65 135
65 843352
66 3
66 4
66 5
66 14686
66 14688
66 843353
67 4
67 5
67 202
67 1341
67 34327
67 843354
68 10
68 146
68 147
68 149
68 843355
69 4
69 5
69 99
69 131
69 132
69 133
69 152
69 179509
70 3
70 4
70 5
70 4447
70 4449
70 225288
71 158
71 159
71 160
71 162
71 843356
72 9
72 10
72 11
72 13
72 163
73 5
73 20
73 99
73 131
73 132
73 133
73 165
73 166
74 5
74 20
74 202
74 15065
74 131938
74 131940
74 843357
75 3
75 5
75 20
75 16951
75 16953
75 843358
76 71
76 76
76 190
76 191
76 843359
seqId 395
1 67
1 1139
1 1140
1 1142
1 843360
2 67
2 11613
2 50699
2 179515
2 179516
2 843361
3 5
3 84
3 91
3 93
3 121
3 703
3 707
3 956
3 727611
4 5
4 20
4 90
4 122
4 708
4 713
4 9250
4 25965
4 843362
5 10
5 283
5 284
5 286
5 843363
6 5
6 27
6 99
6 131
6 132
6 133
6 135
6 843364
7 3
7 4
7 5
7 18168
7 18422
7 843365
8 230
8 231
8 232
8 234
8 843366
9 9
9 10
9 11
9 13
9 163
10 99
10 131
10 132
10 133
10 195
10 236
10 237
11 3
11 4
11 195
11 340
11 162083
11 162085
11 162086
11 843367
12 4
12 195
12 202
12 3199
12 4859
12 843368
13 158
13 159
13 160
13 162
13 197281
14 9
14 10
14 11
14 13
14 163
15 5
15 20
15 99
15 131
15 132
15 133
15 165
15 166
16 3
16 5
16 20
16 3244
16 7638
16 843369
17 67
17 49510
17 179530
17 179531
17 179533
17 179534
17 843370
18 10
18 279
18 11672
18 11673
18 676163
19 4
19 5
19 99
19 131
19 132
19 133
19 152
19 843371
20 3
20 4
20 5
20 7319
20 123823
20 843372
21 4
21 5
21 202
21 74213
21 156805
21 179538
21 179540
21 843373
22 243
22 244
22 245
22 247
22 197293
23 5
23 20
23 99
23 131
23 132
23 133
23 166
23 843374
24 5
24 20
24 67
24 179544
24 179546
24 179547
24 843375
25 71
25 76
25 190
25 191
25 843376
seqId 396
1 67
1 15222
1 15223
1 15225
1 843377
2 67
2 1886
2 39484
2 178397
2 178398
2 843378
3 5
3 84
3 91
3 93
3 121
3 703
3 707
3 956
3 843379
4 5
4 20
4 90
4 122
4 708
4 713
4 4288
4 4290
4 843380
5 10
5 283
5 284
5 286
5 68489
6 5
6 20
6 99
6 133
6 175
6 176
6 1316
6 843381
7 3
7 5
7 20
7 429
7 431
7 843382
8 5
8 20
8 202
8 3386
8 10488
8 334839
9 9
9 10
9 24
9 26
9 27
9 843383
10 3
10 4
10 5
10 18168
10 18422
10 843384
11 9
11 10
11 11
11 13
11 843385
12 3
12 4
12 195
12 2773
12 2775
12 843386
13 10
13 126
13 127
13 129
13 820863
14 5
14 27
14 99
14 131
14 132
14 133
14 135
14 843387
15 3
15 4
15 5
15 14686
15 14688
15 843388
16 4
16 5
16 202
16 254
16 256
16 843389
17 230
17 231
17 232
17 234
17 843390
18 9
18 10
18 11
18 13
18 163
19 99
19 131
19 132
19 133
19 195
19 236
19 237
20 3
20 20
20 195
20 128685
20 128687
20 843391
21 10
21 109
21 110
21 112
21 103356
22 67
22 5959
22 5960
22 5962
22 843392
23 10
23 146
23 147
23 149
23 103358
24 5
24 27
24 99
24 131
24 132
24 133
24 135
24 843393
25 3
25 4
25 5
25 3576
25 3578
25 843394
26 4
26 5
26 202
26 140235
26 144993
26 843395
27 76
27 342
27 343
27 345
27 745018
28 243
28 244
28 245
28 247
28 745019
29 67
29 71
29 407
29 18660
29 18661
29 843396
30 67
30 967
30 158385
30 174286
30 174287
30 174289
30 843397
31 10
31 283
31 284
31 286
31 843398
32 5
32 20
32 99
32 133
32 175
32 176
32 1316
32 843399
33 3
33 5
33 20
33 18724
33 57800
33 843400
34 9
34 10
34 11
34 13
34 843401
35 3
35 20
35 195
35 7626
35 7628
35 843402
36 76
36 342
36 343
36 345
36 843403
37 99
37 131
37 132
37 133
37 195
37 1220
37 843404
38 67
38 195
38 340
38 82641
38 179582
38 179584
38 843405
39 10
39 828
39 829
39 831
39 843406
40 20
40 72
40 82
40 84
40 115
40 116
40 195
40 1262
40 11772
40 171670
40 171672
40 843407
41 76
41 342
41 343
41 345
41 843408
42 82
42 758
42 759
42 761
42 843409
43 5
43 84
43 91
43 93
43 121
43 702
43 703
43 705
43 843410
44 5
44 20
44 90
44 122
44 708
44 769
44 3777
44 4766
44 843411
45 5
45 27
45 99
45 131
45 132
45 133
45 135
45 843412
46 3
46 5
46 20
46 10801
46 10803
46 843413
47 9
47 10
47 24
47 26
47 27
47 843414
48 5
48 20
48 99
48 133
48 175
48 176
48 1316
48 407523
49 3
49 5
49 20
49 384
49 386
49 843415
50 9
50 10
50 24
50 26
50 27
50 843416
51 3
51 4
51 5
51 18168
51 18422
51 843417
52 10
52 1387
52 1388
52 1390
52 843418
53 99
53 131
53 132
53 133
53 195
53 237
53 843419
54 3
54 4
54 72
54 195
54 340
54 873
54 8740
54 110076
54 157192
54 179599
54 843420
55 71
55 76
55 190
55 191
55 16930
seqId 397
1 67
1 128840
1 128841
1 128843
1 843421
2 67
2 75484
2 75485
2 75487
2 75488
2 843422
3 5
3 84
3 90
3 91
3 92
3 93
3 5094
3 30223
3 843423
4 4
4 5
4 99
4 115
4 773
4 774
4 775
4 776
4 3330
4 843424
5 3
5 4
5 5
5 5256
5 5258
5 843425
6 717
6 718
6 719
6 721
6 843426
7 10
7 146
7 147
7 149
7 722
8 5
8 20
8 99
8 131
8 132
8 133
8 165
8 166
9 3
9 5
9 20
9 429
9 431
9 843427
10 67
10 6746
10 31833
10 111213
10 179610
10 179611
10 843428
11 76
11 413
11 414
11 416
11 843429
12 3
12 4
12 5
12 524
12 18168
12 94410
12 843430
13 4
13 5
13 202
13 2947
13 5864
13 843431
14 76
14 342
14 343
14 345
14 606666
15 3
15 4
15 5
15 39562
15 49315
15 78111
15 179617
15 843432
16 243
16 244
16 245
16 247
16 843433
17 3
17 4
17 5
17 36
17 8917
17 9578
17 104481
17 843434
18 9
18 10
18 11
18 13
18 843435
19 5
19 27
19 99
19 131
19 132
19 133
19 135
19 843436
20 3
20 4
20 5
20 18160
20 179626
20 843437
21 76
21 433
21 434
21 436
21 843438
22 71
22 76
22 190
22 191
22 843439
seqId 398
1 660
1 5049
1 7881
1 7883
1 843440
2 76
2 342
2 343
2 345
2 103449
3 4
3 5
3 99
3 133
3 175
3 176
3 178
3 843441
4 3
4 4
4 5
4 11412
4 14762
4 843442
5 9
5 10
5 11
5 13
5 727682
6 3
6 4
6 195
6 1742
6 13218
6 843443
7 9
7 10
7 11
7 13
7 506432
8 51
8 195
8 3074
8 57913
8 179637
8 843444
9 3
9 20
9 195
9 1905
9 36638
9 757521
10 243
10 244
10 245
10 247
10 843445
11 3
11 4
11 195
11 28222
11 63179
11 843446
12 9
12 10
12 11
12 13
12 843447
13 5
13 27
13 99
13 131
13 132
13 133
13 135
13 843448
14 3
14 4
14 5
14 103435
14 142258
14 179645
14 179647
14 843449
15 230
15 231
15 232
15 234
15 843450
16 9
16 10
16 11
16 13
16 163
17 99
17 131
17 132
17 133
17 195
17 236
17 237
18 3
18 20
18 195
18 174622
18 174624
18 843451
19 9
19 10
19 11
19 13
19 432078
20 67
20 3042
20 3043
20 3045
20 843452
21 9
21 10
21 11
21 13
21 820918
22 51
22 195
22 77617
22 77619
22 179655
23 10
23 146
23 147
23 149
23 616505
24 51
24 195
24 168204
24 168206
24 843453
25 5
25 84
25 91
25 93
25 121
25 703
25 707
25 956
25 843454
26 10
26 109
26 110
26 112
26 843455
27 3
27 5
27 20
27 389
27 391
27 843456
28 9
28 10
28 11
28 13
28 843457
29 3
29 4
29 5
29 6070
29 6072
29 843458
30 10
30 828
30 829
30 831
30 843459
31 99
31 131
31 132
31 133
31 195
31 237
31 843460
32 3
32 20
32 195
32 37741
32 37743
32 843461
33 9
33 10
33 11
33 13
33 843462
34 67
34 71
34 407
34 18660
34 18661
34 843463
35 67
35 407
35 174800
35 174801
35 174803
35 843464
36 71
36 76
36 190
36 191
36 843465
seqId 399
1 10
1 1387
1 5431
1 5433
1 179668
2 5
2 27
2 99
2 131
2 132
2 133
2 135
2 179669
3 3
3 4
3 5
3 44916
3 44918
3 843466
4 9
4 10
4 24
4 26
4 27
4 843467
5 3
5 20
5 195
5 7149
5 7151
5 17027
6 9
6 10
6 11
6 13
6 843468
7 3
7 5
7 20
7 4925
7 4927
7 843469
8 9
8 10
8 11
8 13
8 843470
9 67
9 601
9 603
9 1197
9 843471
10 51
10 195
10 2686
10 15391
10 843472
11 76
11 342
11 343
11 345
11 843473
12 67
12 71
12 407
12 18660
12 18661
12 843474
13 67
13 407
13 174800
13 174801
13 174803
13 843475
14 5
14 84
14 91
14 93
14 121
14 702
14 703
14 705
14 225432
15 5
15 20
15 90
15 122
15 708
15 769
15 17308
15 105754
15 843476
16 10
16 283
16 284
16 286
16 843477
17 4
17 5
17 99
17 133
17 175
17 176
17 178
17 225436
18 3
18 4
18 5
18 11412
18 14762
18 68598
19 9
19 10
19 11
19 13
19 843478
20 3
20 4
20 195
20 1742
20 13218
20 843479
21 99
21 131
21 132
21 133
21 195
21 237
21 417719
22 3
22 20
22 195
22 76052
22 110063
22 843480
23 230
23 231
23 232
23 234
23 727719
24 9
24 10
24 11
24 13
24 163
25 99
25 131
25 132
25 133
25 195
25 236
25 237
26 3
26 20
26 195
26 174622
26 174624
26 843481
27 9
27 10
27 11
27 13
27 843482
28 67
28 55991
28 55993
28 57226
28 843483
29 67
29 179693
29 179694
29 179696
29 843484
30 10
30 146
30 147
30 149
30 68609
31 67
31 15205
31 15206
31 15208
31 843485
32 51
32 195
32 179700
32 179702
32 843486
33 76
33 342
33 343
33 345
33 843487
34 20
34 90
34 122
34 195
34 708
34 713
34 9303
34 9305
34 843488
35 10
35 378
35 379
35 381
35 843489
36 4
36 5
36 99
36 131
36 132
36 133
36 152
36 843490
37 3
37 4
37 5
37 6776
37 6778
37 843491
38 2822
38 2823
38 2824
38 2826
38 843492
39 10
39 146
39 147
39 149
39 722
40 99
40 131
40 132
40 133
40 195
40 236
40 237
41 5
41 20
41 202
41 15065
41 75509
41 75511
41 843493
42 243
42 244
42 245
42 247
42 843494
43 5
43 20
43 202
43 15065
43 49335
43 49337
43 432130
44 3
44 5
44 20
44 16951
44 16953
44 843495
45 244
45 1249
45 1250
45 1252
45 843496
46 82
46 758
46 759
46 761
46 757560
47 27
47 660
47 661
47 910
47 912
47 843497
48 84
48 91
48 93
48 121
48 195
48 702
48 703
48 1062
48 843498
49 660
49 661
49 179717
49 179719
49 843499
50 5
50 20
50 122
50 703
50 707
50 708
50 710
50 843500
51 20
51 90
51 122
51 195
51 340
51 708
51 713
51 11204
51 70367
51 843501
52 76
52 342
52 343
52 345
52 843502
53 244
53 517
53 10253
53 10254
53 407621
54 20
54 90
54 122
54 195
54 340
54 708
54 713
54 95900
54 160659
54 843503
55 479
55 660
55 179725
55 179726
55 179728
55 843504
56 71
56 76
56 190
56 191
56 17083
seqId 400
1 67
1 71
1 407
1 18660
1 18661
1 843505
2 67
2 407
2 174800
2 174801
2 174803
2 843506
3 5
3 84
3 90
3 91
3 93
3 121
3 95900
3 179734
3 843507
4 660
4 26477
4 26478
4 26480
4 843508
5 98
5 99
5 100
5 195
5 2073
5 843509
6 3
6 4
6 195
6 1742
6 13218
6 843510
7 10
7 378
7 379
7 381
7 843511
8 5
8 99
8 115
8 773
8 774
8 775
8 776
8 778
8 616553
9 5
9 67
9 5933
9 32572
9 32575
9 843512
10 244
10 8978
10 8979
10 8981
10 757578
11 4
11 82
11 83
11 84
11 115
11 195
11 1824
11 3621
11 370866
12 84
12 89
12 90
12 91
12 93
12 121
12 195
12 755
12 179744
12 197468
13 10
13 126
13 127
13 129
13 417756
14 4
14 5
14 99
14 131
14 132
14 133
14 152
14 843513
15 3
15 4
15 5
15 50290
15 50292
15 843514
16 9
16 10
16 11
16 13
16 843515
17 4
17 5
17 99
17 131
17 132
17 133
17 152
17 432159
18 3
18 4
18 5
18 17016
18 18984
18 843516
19 76
19 342
19 343
19 345
19 843517
20 244
20 1249
20 1250
20 1252
20 843518
21 4
21 82
21 83
21 84
21 115
21 195
21 1824
21 3621
21 843519
22 84
22 91
22 92
22 93
22 195
22 703
22 707
22 12595
22 843520
23 660
23 179754
23 179755
23 179757
23 843521
24 4
24 195
24 202
24 9785
24 9787
24 843522
25 10
25 109
25 110
25 112
25 533953
26 3
26 4
26 5
26 3239
26 3241
26 843523
27 76
27 413
27 414
27 416
27 843524
28 20
28 85
28 99
28 195
28 1589
28 2970
28 311532
29 3
29 20
29 195
29 76052
29 110063
29 843525
30 5
30 20
30 82
30 83
30 84
30 115
30 166
30 763
30 676311
31 84
31 91
31 93
31 121
31 195
31 703
31 707
31 1858
31 843526
32 660
32 1305
32 1306
32 1308
32 843527
33 10
33 126
33 127
33 129
33 843528
34 71
34 72
34 72
34 509
34 5178
34 6985
34 9768
34 9774
34 9774
34 9775
34 9777
34 9809
34 27177
34 96147
34 164074
34 164079
34 174843
34 179769
34 179771
34 179772
34 179773
34 179774
34 179775
34 843529
seqId 401
1 67
1 174157
1 174159
1 174797
1 843530
2 67
2 407
2 174800
2 174801
2 174803
2 843531
3 5
3 84
3 90
3 91
3 93
3 121
3 5094
3 43394
3 843532
4 10
4 828
4 831
4 1539
4 225520
5 660
5 2210
5 2211
5 2213
5 197506
6 5
6 85
6 99
6 10078
6 10080
6 843533
7 3
7 4
7 5
7 729
7 4454
7 843534
8 76
8 342
8 343
8 345
8 843535
9 10
9 146
9 147
9 149
9 103593
10 5
10 27
10 99
10 131
10 132
10 133
10 135
10 843536
11 3
11 4
11 5
11 7295
11 7297
11 843537
12 230
12 231
12 232
12 234
12 843538
13 9
13 10
13 11
13 13
13 163
14 99
14 131
14 132
14 133
14 195
14 236
14 237
15 3
15 20
15 195
15 389
15 391
15 843539
16 9
16 10
16 11
16 13
16 843540
17 3
17 4
17 5
17 94879
17 102614
17 175042
17 843541
18 158
18 159
18 160
18 162
18 843542
19 9
19 10
19 11
19 13
19 163
20 5
20 20
20 99
20 131
20 132
20 133
20 165
20 166
21 5
21 20
21 67
21 31939
21 31942
21 843543
22 67
22 9795
22 48225
22 179792
22 843544
23 76
23 342
23 343
23 345
23 616592
24 5
24 27
24 99
24 131
24 132
24 133
24 135
24 843545
25 3
25 4
25 5
25 18168
25 18422
25 843546
26 4
26 5
26 202
26 12971
26 12973
26 843547
27 10
27 1387
27 1388
27 1390
27 843548
28 99
28 131
28 132
28 133
28 195
28 237
28 843549
29 3
29 20
29 195
29 7149
29 7151
29 843550
30 158
30 159
30 160
30 162
30 417805
31 9
31 10
31 11
31 13
31 163
32 5
32 20
32 99
32 131
32 132
32 133
32 165
32 166
33 3
33 5
33 20
33 70793
33 175021
33 843551
34 5
34 20
34 202
34 37563
34 175024
34 843552
35 9
35 10
35 11
35 13
35 843553
36 5
36 27
36 99
36 131
36 132
36 133
36 135
36 843554
37 3
37 4
37 5
37 175080
37 175082
37 843555
38 9
38 10
38 11
38 13
38 843556
39 67
39 72
39 6363
39 135196
39 140864
39 140865
39 843557
40 76
40 342
40 343
40 345
40 843558
41 10
41 126
41 127
41 129
41 843559
42 5
42 20
42 99
42 131
42 132
42 133
42 166
42 843560
43 3
43 5
43 20
43 31126
43 31128
43 407699
44 9
44 10
44 11
44 13
44 407700
45 5
45 27
45 99
45 131
45 132
45 133
45 135
45 843561
46 3
46 4
46 5
46 2818
46 5508
46 843562
47 9
47 10
47 24
47 26
47 27
47 843563
48 67
48 31157
48 31159
48 57124
48 843564
49 67
49 12747
49 12822
49 48407
49 179816
49 179817
49 179819
49 843565
50 10
50 146
50 147
50 149
50 843566
51 5
51 27
51 99
51 131
51 132
51 133
51 135
51 843567
52 5
52 67
52 31833
52 37859
52 175152
52 843568
53 10
53 378
53 379
53 381
53 843569
54 5
54 20
54 99
54 131
54 132
54 133
54 166
54 17203
55 3
55 5
55 20
55 36
55 61056
55 179826
55 179828
55 843570
56 5
56 20
56 202
56 179830
56 179832
56 843571
57 9
57 10
57 11
57 13
57 843572
58 5
58 27
58 99
58 131
58 132
58 133
58 135
58 843573
59 3
59 4
59 5
59 175080
59 175082
59 843574
60 71
60 76
60 190
60 191
60 843575
seqId 402
1 5
1 20
1 99
1 131
1 132
1 133
1 967
1 783621
2 3
2 5
2 20
2 70793
2 175021
2 843576
3 5
3 20
3 202
3 37563
3 175024
3 843577
4 5
4 84
4 90
4 91
4 93
4 121
4 3777
4 4766
4 757648
5 5
5 20
5 99
5 131
5 132
5 133
5 166
5 843578
6 3
6 5
6 20
6 4038
6 15485
6 407717
7 230
7 231
7 232
7 234
7 843579
8 9
8 10
8 11
8 13
8 163
9 99
9 131
9 132
9 133
9 195
9 236
9 237
10 3
10 20
10 195
10 222
10 4204
10 843580
11 9
11 10
11 11
11 13
11 335148
12 5
12 27
12 99
12 131
12 132
12 133
12 135
12 821068
13 3
13 4
13 5
13 175080
13 175082
13 843581
14 10
14 109
14 110
14 112
14 843582
15 67
15 72
15 72
15 851
15 6985
15 37784
15 37785
15 37787
15 37788
15 843583
16 10
16 109
16 110
16 112
16 103690
17 51
17 195
17 11455
17 80493
17 175031
17 843584
18 76
18 1267
18 1268
18 1270
18 843585
seqId 403
1 5
1 20
1 82
1 83
1 84
1 115
1 763
1 1002
1 534035
2 27
2 82
2 84
2 114
2 115
2 116
2 118
2 843586
3 5
3 84
3 90
3 91
3 93
3 121
3 1815
3 2122
3 843587
4 9
4 10
4 11
4 13
4 727830
5 51
5 195
5 2054
5 2056
5 335158
6 20
6 195
6 202
6 179857
6 179859
6 843588
7 3
7 20
7 195
7 17232
7 18968
7 80217
8 9
8 10
8 11
8 13
8 17233
9 51
9 195
9 58290
9 132280
9 783635
10 3
10 4
10 195
10 11431
10 11433
10 783636
11 76
11 413
11 414
11 416
11 843589
12 67
12 5932
12 179866
12 179867
12 843590
13 76
13 342
13 343
13 345
13 417853
14 67
14 699
14 8740
14 179871
14 179872
14 843591
15 51
15 195
15 14491
15 129656
15 179875
15 843592
16 243
16 244
16 245
16 247
16 843593
17 51
17 195
17 14491
17 119068
17 179879
17 843594
18 76
18 433
18 434
18 436
18 843595
19 82
19 759
19 2852
19 2854
19 843596
20 82
20 83
20 115
20 195
20 4940
20 4941
20 28267
20 68766
21 91
21 93
21 121
21 195
21 702
21 703
21 4941
21 28270
21 843597
22 5
22 20
22 90
22 122
22 708
22 769
22 54437
22 104336
22 172378
22 843598
23 4
23 5
23 99
23 131
23 132
23 133
23 152
23 407738
24 3
24 4
24 5
24 70020
24 70022
24 843599
25 71
25 76
25 190
25 191
25 392499
seqId 404
1 5
1 84
1 91
1 93
1 121
1 703
1 707
1 75054
1 843600
2 4
2 5
2 90
2 122
2 708
2 713
2 11164
2 31705
2 68774
3 4
3 5
3 99
3 133
3 175
3 176
3 178
3 843601
4 3
4 4
4 5
4 18168
4 18422
4 843602
5 4
5 5
5 202
5 2947
5 2949
5 616645
6 10
6 109
6 110
6 112
6 616646
7 67
7 16138
7 131424
7 179896
7 179897
7 843603
8 71
8 76
8 190
8 191
8 335190
seqId 405
1 67
1 31157
1 31159
1 57124
1 335191
2 67
2 12747
2 12822
2 48407
2 179816
2 179817
2 179819
2 843604
3 5
3 84
3 91
3 93
3 121
3 702
3 703
3 705
3 140844
4 5
4 20
4 90
4 122
4 708
4 769
4 92552
4 113544
4 843605
5 9
5 10
5 11
5 13
5 506643
6 5
6 27
6 82
6 83
6 84
6 115
6 135
6 763
6 843606
7 90
7 443
7 1488
7 57815
7 843607
8 10
8 126
8 127
8 129
8 843608
9 5
9 20
9 99
9 131
9 132
9 133
9 166
9 843609
10 3
10 5
10 20
10 9758
10 9760
10 843610
11 67
11 179911
11 179912
11 179914
11 843611
12 10
12 146
12 147
12 149
12 432274
13 4
13 5
13 99
13 131
13 132
13 133
13 152
13 821104
14 3
14 4
14 5
14 6896
14 6898
14 843612
15 158
15 159
15 160
15 162
15 843613
16 9
16 10
16 11
16 13
16 163
17 5
17 20
17 99
17 131
17 132
17 133
17 165
17 166
18 3
18 5
18 20
18 36
18 61056
18 179826
18 179828
18 843614
19 5
19 20
19 202
19 179830
19 179832
19 843615
20 76
20 413
20 414
20 416
20 843616
21 71
21 71
21 71
21 71
21 72
21 72
21 72
21 340
21 509
21 5178
21 6985
21 9767
21 9768
21 9774
21 9775
21 9775
21 9775
21 9777
21 22976
21 82057
21 128656
21 179774
21 179828
21 179923
21 179925
21 179926
21 179927
21 179928
21 179929
21 179930
21 179931
21 843617
seqId 406
1 99
1 131
1 132
1 133
1 195
1 1220
1 606918
2 3
2 20
2 195
2 1548
2 1715
2 843618
3 20
3 195
3 202
3 340
3 72268
3 72270
3 843619
4 84
4 91
4 93
4 121
4 195
4 703
4 707
4 1858
4 843620
5 9
5 10
5 11
5 13
5 140896
6 51
6 195
6 14300
6 14302
6 843621
7 3
7 20
7 195
7 2034
7 3403
7 17313
8 20
8 195
8 202
8 24418
8 24420
8 843622
9 717
9 718
9 719
9 721
9 727878
10 10
10 146
10 149
10 722
10 1539
11 5
11 20
11 99
11 131
11 132
11 133
11 165
11 166
12 3
12 5
12 20
12 53554
12 53556
12 417912
13 75
13 76
13 77
13 79
13 407787
14 717
14 718
14 719
14 721
14 843623
15 10
15 146
15 149
15 722
15 1539
16 5
16 20
16 99
16 131
16 132
16 133
16 165
16 166
17 660
17 18003
17 18004
17 18006
17 843624
18 51
18 195
18 4934
18 4936
18 843625
19 10
19 378
19 379
19 381
19 843626
20 67
20 601
20 603
20 1197
20 843627
21 51
21 195
21 2686
21 15391
21 821135
22 76
22 413
22 414
22 416
22 843628
23 67
23 452
23 15151
23 15152
23 843629
24 67
24 48669
24 175594
24 175595
24 175597
24 843630
25 76
25 342
25 343
25 345
25 17331
26 67
26 174157
26 174159
26 174797
26 843631
27 67
27 407
27 174800
27 174801
27 174803
27 843632
28 76
28 342
28 343
28 345
28 843633
29 67
29 174176
29 174178
29 174555
29 843634
30 67
30 6985
30 48761
30 174978
30 174979
30 174981
30 843635
31 76
31 342
31 343
31 345
31 843636
32 67
32 136357
32 136358
32 136360
32 843637
33 67
33 967
33 158385
33 174286
33 174287
33 174289
33 843638
34 76
34 342
34 343
34 345
34 843639
35 67
35 11514
35 11515
35 11517
35 843640
36 67
36 2423
36 5422
36 106062
36 177656
36 177657
36 843641
37 76
37 342
37 343
37 345
37 783699
38 20
38 85
38 99
38 195
38 1377
38 5238
38 311707
39 67
39 195
39 9490
39 47543
39 47546
39 843642
40 76
40 342
40 343
40 345
40 843643
41 660
41 976
41 979
41 1458
41 843644
42 944
42 945
42 946
42 948
42 843645
43 76
43 342
43 343
43 345
43 843646
44 82
44 83
44 115
44 195
44 4940
44 4941
44 28267
44 843647
45 5
45 27
45 82
45 83
45 84
45 115
45 135
45 763
45 197695
46 90
46 91
46 93
46 121
46 195
46 4941
46 12418
46 179974
46 843648
47 76
47 342
47 343
47 345
47 432346
48 99
48 131
48 132
48 133
48 195
48 237
48 843649
49 3
49 20
49 195
49 340
49 68845
49 179978
49 179980
50 9
50 10
50 11
50 13
50 843650
51 67
51 72
51 51485
51 51486
51 51488
51 51489
51 843651
52 67
52 1186
52 49510
52 58458
52 174383
52 174384
52 843652
53 76
53 342
53 343
53 345
53 371106
54 67
54 47536
54 47537
54 47539
54 843653
55 243
55 244
55 245
55 247
55 843654
56 9
56 10
56 11
56 13
56 843655
57 67
57 179989
57 179990
57 179992
57 843656
58 67
58 1692
58 4796
58 179994
58 179995
58 179997
58 843657
59 76
59 342
59 343
59 345
59 843658
60 67
60 9490
60 47543
60 47544
60 47546
60 843659
61 82
61 758
61 759
61 761
61 843660
62 84
62 90
62 91
62 92
62 93
62 195
62 1064
62 2190
62 843661
63 5
63 99
63 115
63 773
63 775
63 776
63 2192
63 3593
63 843662
64 3
64 4
64 5
64 2019
64 2021
64 745303
65 660
65 31571
65 31572
65 31574
65 843663
66 76
66 433
66 434
66 436
66 843664
67 76
67 1267
67 1268
67 1270
67 843665
68 51
68 195
68 14489
68 14491
68 17376
69 10
69 378
69 379
69 381
69 843666
70 67
70 601
70 603
70 1197
70 843667
71 67
71 605
71 607
71 1199
71 843668
72 76
72 342
72 343
72 345
72 843669
73 82
73 759
73 2852
73 2854
73 843670
74 51
74 195
74 1427
74 1962
74 843671
75 67
75 195
75 47536
75 47539
75 843672
76 76
76 413
76 414
76 416
76 843673
77 67
77 138439
77 138440
77 138442
77 843674
78 67
78 857
78 48314
78 175998
78 175999
78 843675
79 76
79 342
79 343
79 345
79 843676
80 67
80 1038
80 1039
80 1041
80 843677
81 67
81 3351
81 16138
81 120004
81 168310
81 168311
81 843678
82 158
82 159
82 160
82 162
82 843679
83 9
83 10
83 11
83 13
83 163
84 5
84 20
84 99
84 131
84 132
84 133
84 165
84 166
85 5
85 20
85 67
85 168315
85 168317
85 843680
86 76
86 342
86 343
86 345
86 843681
87 67
87 20691
87 20692
87 20694
87 843682
88 67
88 310
88 74143
88 178459
88 178460
88 178462
88 843683
89 243
89 244
89 245
89 247
89 432381
90 67
90 17618
90 17619
90 17621
90 843684
91 67
91 15222
91 15223
91 15225
91 843685
92 76
92 433
92 434
92 436
92 843686
93 76
93 342
93 343
93 345
93 843687
94 51
94 195
94 1705
94 1707
94 843688
95 67
95 195
95 9490
95 47543
95 47546
95 843689
96 67
96 5933
96 32572
96 32573
96 32575
96 843690
97 76
97 413
97 414
97 416
97 843691
98 67
98 1139
98 1140
98 1142
98 843692
99 67
99 11613
99 50699
99 179515
99 179516
99 843693
100 76
100 342
100 343
100 345
100 311758
101 67
101 16435
101 16436
101 16438
101 843694
102 67
102 20904
102 114603
102 178134
102 178135
102 843695
103 76
103 342
103 343
103 345
103 843696
104 67
104 1104
104 5836
104 178142
104 178143
104 178145
104 843697
105 67
105 310
105 57195
105 178147
105 178148
105 843698
106 76
106 433
106 434
106 436
106 843699
107 243
107 244
107 245
107 247
107 843700
108 51
108 195
108 1705
108 1707
108 843701
109 67
109 195
109 9490
109 47543
109 47546
109 843702
110 76
110 413
110 414
110 416
110 843703
111 67
111 15222
111 15223
111 15225
111 843704
112 67
112 1886
112 39484
112 178397
112 178398
112 843705
113 76
113 342
113 343
113 345
113 843706
114 67
114 128840
114 128841
114 128843
114 843707
115 67
115 75484
115 75485
115 75487
115 75488
115 843708
116 76
116 342
116 343
116 345
116 843709
117 67
117 15222
117 15223
117 15225
117 843710
118 67
118 11542
118 49432
118 178449
118 178450
118 178452
118 843711
119 76
119 433
119 434
119 436
119 506757
120 10
120 2347
120 2348
120 2350
120 843712
121 99
121 131
121 132
121 133
121 195
121 237
121 843713
122 51
122 195
122 1501
122 1503
122 843714
123 3
123 20
123 195
123 340
123 179978
123 179980
123 843715
124 9
124 10
124 11
124 13
124 470055
125 67
125 57180
125 57181
125 57183
125 843716
126 67
126 967
126 180064
126 180065
126 180067
126 180068
126 843717
127 243
127 244
127 245
127 247
127 432416
128 9
128 10
128 24
128 26
128 27
128 843718
129 67
129 1038
129 1039
129 1041
129 843719
130 67
130 3351
130 16138
130 120004
130 168310
130 168311
130 843720
131 158
131 159
131 160
131 162
131 843721
132 9
132 10
132 11
132 13
132 163
133 5
133 20
133 99
133 131
133 132
133 133
133 165
133 166
134 5
134 20
134 67
134 168315
134 168317
134 843722
135 71
135 76
135 190
135 191
135 843723
seqId 407
1 10
1 2518
1 67874
1 67876
1 843724
2 5
2 20
2 99
2 131
2 132
2 133
2 166
2 757798
3 3
3 5
3 20
3 1942
3 1944
3 843725
4 10
4 146
4 147
4 149
4 757800
5 4
5 5
5 99
5 131
5 132
5 133
5 152
5 843726
6 3
6 4
6 5
6 2019
6 2021
6 843727
7 9
7 10
7 11
7 13
7 197763
8 67
8 72
8 51485
8 51486
8 51488
8 51489
8 843728
9 67
9 1186
9 49510
9 58458
9 174383
9 174384
9 843729
10 243
10 244
10 245
10 247
10 197768
11 9
11 10
11 11
11 13
11 470071
12 67
12 179989
12 179990
12 179992
12 843730
13 67
13 1692
13 4796
13 179994
13 179995
13 179997
13 843731
14 5
14 20
14 99
14 131
14 132
14 133
14 166
14 843732
15 3
15 5
15 20
15 2094
15 2096
15 843733
16 9
16 10
16 11
16 13
16 843734
17 3
17 195
17 2217
17 8955
17 843735
18 20
18 90
18 122
18 195
18 708
18 713
18 21205
18 107557
18 843736
19 10
19 146
19 147
19 149
19 418017
20 90
20 443
20 2257
20 2259
20 418018
21 5
21 20
21 99
21 131
21 132
21 133
21 166
21 418019
22 5
22 20
22 67
22 37445
22 135367
22 171893
22 843737
23 76
23 342
23 343
23 345
23 843738
24 660
24 1377
24 6485
24 6487
24 843739
25 660
25 6286
25 6287
25 6289
25 843740
26 717
26 718
26 719
26 721
26 534257
27 10
27 146
27 147
27 149
27 722
28 5
28 20
28 99
28 131
28 132
28 133
28 165
28 166
29 3
29 5
29 20
29 6686
29 6688
29 843741
30 67
30 47536
30 47537
30 47539
30 843742
31 76
31 342
31 343
31 345
31 311814
32 5
32 84
32 91
32 92
32 93
32 703
32 707
32 16563
32 843743
33 5
33 20
33 202
33 4011
33 4013
33 843744
34 10
34 378
34 379
34 381
34 843745
35 90
35 443
35 18929
35 18931
35 843746
36 5
36 20
36 99
36 133
36 175
36 176
36 1316
36 843747
37 3
37 5
37 20
37 29331
37 29333
37 843748
38 10
38 1605
38 1606
38 1608
38 843749
39 99
39 131
39 132
39 133
39 195
39 237
39 843750
40 51
40 195
40 1501
40 1503
40 843751
41 3
41 20
41 195
41 9758
41 33695
41 843752
42 9
42 10
42 11
42 13
42 821261
43 4
43 5
43 99
43 131
43 132
43 133
43 152
43 843753
44 4
44 5
44 202
44 795
44 8936
44 843754
45 3
45 4
45 5
45 642
45 23331
45 843755
46 71
46 76
46 190
46 191
46 371225
seqId 408
1 10
1 146
1 1024
1 1026
1 843756
2 98
2 99
2 100
2 195
2 2073
2 843757
3 51
3 195
3 14300
3 14302
3 843758
4 3
4 20
4 195
4 24418
4 24420
4 843759
5 5
5 20
5 82
5 83
5 84
5 115
5 763
5 1002
5 616812
6 5
6 84
6 90
6 91
6 93
6 121
6 12628
6 12630
6 843760
7 90
7 443
7 17531
7 25104
7 843761
8 99
8 131
8 132
8 133
8 195
8 237
8 17513
9 3
9 20
9 195
9 2034
9 3403
9 843762
10 20
10 195
10 202
10 340
10 2042
10 2044
10 843763
11 76
11 342
11 343
11 345
11 17517
12 99
12 131
12 132
12 133
12 195
12 237
12 843764
13 3
13 20
13 195
13 5735
13 24494
13 843765
14 243
14 244
14 245
14 247
14 745414
15 99
15 131
15 132
15 133
15 195
15 237
15 821276
16 3
16 20
16 195
16 1806
16 1808
16 1809
16 1810
16 843766
17 71
17 76
17 190
17 191
17 843767
seqId 409
1 5
1 20
1 81
1 82
1 83
1 84
1 85
1 2423
1 17525
2 5
2 84
2 90
2 91
2 92
2 93
2 96
2 6204
2 178124
2 843768
3 660
3 976
3 977
3 979
3 843769
4 10
4 146
4 147
4 149
4 17529
5 4
5 5
5 99
5 133
5 175
5 176
5 178
5 843770
6 3
6 4
6 5
6 642
6 23331
6 843771
7 9
7 10
7 11
7 13
7 197817
8 3
8 4
8 5
8 39832
8 39834
8 843772
9 4
9 5
9 202
9 1556
9 1718
9 843773
10 76
10 342
10 343
10 345
10 534301
11 20
11 82
11 84
11 98
11 100
11 102
11 821290
12 82
12 758
12 759
12 761
12 843774
13 5
13 84
13 90
13 91
13 92
13 93
13 2333
13 29210
13 843775
14 9
14 10
14 11
14 13
14 843776
15 13
15 90
15 443
15 55017
15 110077
15 180151
15 843777
16 99
16 131
16 132
16 133
16 195
16 237
16 843778
17 3
17 4
17 195
17 340
17 5256
17 5258
17 843779
18 4
18 195
18 202
18 82780
18 121886
18 843780
19 71
19 76
19 190
19 191
19 432505
seqId 410
1 5
1 20
1 99
1 131
1 132
1 133
1 967
1 418081
2 3
2 5
2 20
2 67060
2 67062
2 392782
3 5
3 20
3 202
3 2947
3 2949
3 843781
4 10
4 1605
4 1606
4 1608
4 843782
5 99
5 131
5 132
5 133
5 195
5 237
5 843783
6 51
6 195
6 1501
6 1503
6 843784
7 3
7 20
7 195
7 9758
7 33695
7 843785
8 5
8 84
8 90
8 93
8 121
8 3360
8 4621
8 28087
8 843786
9 443
9 703
9 707
9 2086
9 335537
10 10
10 109
10 110
10 112
10 843787
11 4
11 5
11 202
11 22623
11 22625
11 311894
12 3
12 4
12 5
12 6046
12 6048
12 843788
13 5
13 20
13 90
13 122
13 708
13 713
13 2088
13 2090
13 843789
14 10
14 828
14 829
14 831
14 843790
15 99
15 133
15 175
15 176
15 195
15 234
15 843791
16 3
16 20
16 195
16 340
16 2094
16 2096
16 843792
17 10
17 146
17 147
17 149
17 843793
18 90
18 442
18 443
18 445
18 821315
19 717
19 718
19 719
19 721
19 843794
20 10
20 146
20 147
20 149
20 722
21 5
21 20
21 99
21 131
21 132
21 133
21 165
21 166
22 3
22 5
22 20
22 6686
22 6688
22 843795
23 67
23 47536
23 47537
23 47539
23 843796
24 243
24 244
24 245
24 247
24 843797
25 67
25 9490
25 47543
25 47544
25 47546
25 843798
26 71
26 76
26 190
26 191
26 104014
seqId 411
1 9
1 10
1 27
1 40
1 42
1 843799
2 4
2 5
2 202
2 2294
2 2296
2 843800
3 3
3 4
3 5
3 5469
3 5471
3 843801
4 76
4 342
4 343
4 345
4 843802
5 10
5 378
5 379
5 381
5 371313
6 4
6 5
6 99
6 131
6 132
6 133
6 152
6 371314
7 3
7 4
7 5
7 5484
7 5486
7 616867
8 9
8 10
8 11
8 13
8 843803
9 5
9 27
9 99
9 131
9 132
9 133
9 135
9 225862
10 3
10 4
10 5
10 642
10 23331
10 843804
11 76
11 342
11 343
11 345
11 418116
12 5
12 20
12 81
12 82
12 83
12 84
12 85
12 87
12 311917
13 5
13 84
13 91
13 92
13 93
13 703
13 707
13 16563
13 843805
14 20
14 195
14 202
14 340
14 33042
14 33044
14 141143
15 10
15 146
15 147
15 149
15 225868
16 90
16 443
16 18929
16 18931
16 843806
17 5
17 20
17 99
17 133
17 175
17 176
17 1316
17 225871
18 3
18 5
18 20
18 29331
18 29333
18 197863
19 10
19 1605
19 1606
19 1608
19 843807
20 99
20 131
20 132
20 133
20 195
20 237
20 843808
21 51
21 195
21 1501
21 1503
21 225875
22 3
22 20
22 195
22 9758
22 33695
22 534354
23 75
23 76
23 77
23 79
23 843809
24 67
24 71
24 96
24 166
24 180203
24 180204
24 843810
25 3
25 5
25 20
25 71
25 373
25 376
25 1299
25 843811
26 243
26 244
26 245
26 247
26 843812
27 67
27 71
27 96
27 166
27 180203
27 180204
27 371332
28 3
28 5
28 20
28 71
28 71
28 72
28 376
28 1103
28 1104
28 1299
28 180210
28 843813
29 660
29 661
29 910
29 1234
29 141160
30 84
30 90
30 91
30 92
30 93
30 195
30 2081
30 29130
30 843814
31 443
31 703
31 707
31 2086
31 843815
32 20
32 195
32 202
32 7185
32 18153
32 843816
33 9
33 10
33 11
33 13
33 843817
34 4
34 5
34 99
34 131
34 132
34 133
34 152
34 843818
35 4
35 5
35 202
35 2310
35 2313
35 843819
36 3
36 4
36 5
36 597
36 599
36 843820
37 71
37 76
37 190
37 191
37 843821
seqId 412
1 99
1 131
1 132
1 133
1 195
1 1220
1 676627
2 3
2 4
2 15
2 195
2 4121
2 843822
3 84
3 90
3 91
3 93
3 121
3 195
3 17673
3 28470
3 28472
4 82
4 84
4 114
4 115
4 116
4 1361
4 783861
5 90
5 443
5 1587
5 1676
5 4779
5 843823
6 660
6 3261
6 3262
6 3264
6 843824
7 9
7 10
7 11
7 13
7 843825
8 51
8 195
8 10375
8 10377
8 180228
9 20
9 195
9 202
9 7021
9 36568
9 843826
10 3
10 20
10 195
10 2320
10 16794
10 757917
11 243
11 244
11 245
11 247
11 371355
12 4
12 5
12 99
12 133
12 175
12 176
12 178
12 843827
13 3
13 4
13 5
13 4249
13 4251
13 843828
14 4
14 5
14 202
14 33765
14 33767
14 843829
15 75
15 76
15 77
15 79
15 843830
seqId 413
1 51
1 52
1 680
1 1993
1 843831
2 71
2 76
2 190
2 191
2 843832
seqId 414
1 3
1 4
1 5
1 14686
1 49719
1 843833
2 4
2 5
2 202
2 322
2 22672
2 843834
3 243
3 244
3 245
3 247
3 104089
4 4
4 5
4 202
4 3199
4 5132
4 843835
5 158
5 159
5 160
5 162
5 335629
6 9
6 10
6 11
6 13
6 163
7 5
7 20
7 99
7 131
7 132
7 133
7 165
7 166
8 3
8 5
8 20
8 3775
8 3777
8 843836
9 5
9 20
9 202
9 168724
9 168726
9 843837
seqId 415
1 99
1 131
1 132
1 133
1 195
1 1220
1 534399
2 3
2 4
2 195
2 10402
2 91966
2 136910
2 843838
3 82
3 758
3 759
3 761
3 843839
4 84
4 90
4 91
4 93
4 121
4 195
4 8415
4 41750
4 843840
5 10
5 146
5 147
5 149
5 843841
6 5
6 20
6 98
6 99
6 100
6 3961
6 843842
7 3
7 5
7 20
7 2320
7 2322
7 843843
8 84
8 90
8 91
8 93
8 121
8 195
8 4180
8 47269
8 843844
9 90
9 443
9 31757
9 33170
9 757937
10 4
10 5
10 99
10 131
10 132
10 133
10 152
10 418173
11 3
11 4
11 5
11 4094
11 12255
11 843845
12 9
12 10
12 11
12 13
12 843846
13 85
13 99
13 195
13 638
13 640
13 506946
14 3
14 4
14 195
14 347
14 349
14 843847
15 243
15 244
15 245
15 247
15 843848
16 3
16 4
16 195
16 5859
16 14468
16 843849
17 4
17 195
17 202
17 340
17 64857
17 64859
17 843850
18 10
18 378
18 379
18 381
18 197936
19 4
19 5
19 99
19 131
19 132
19 133
19 152
19 180265
20 3
20 4
20 5
20 2613
20 2615
20 470251
21 9
21 10
21 11
21 13
21 225963
22 5
22 27
22 99
22 131
22 132
22 133
22 135
22 843851
23 3
23 4
23 5
23 175612
23 180269
23 843852
24 71
24 76
24 190
24 191
24 843853
seqId 416
1 5
1 27
1 99
1 131
1 132
1 133
1 699
1 843854
2 5
2 20
2 82
2 84
2 85
2 175
2 1316
2 197941
3 230
3 231
3 232
3 234
3 843855
4 9
4 10
4 11
4 13
4 163
5 99
5 131
5 132
5 133
5 195
5 236
5 237
6 3
6 20
6 195
6 340
6 39106
6 39108
6 843856
7 20
7 195
7 202
7 4011
7 37477
7 843857
8 9
8 10
8 11
8 13
8 534427
9 5
9 20
9 98
9 99
9 100
9 102
9 335675
10 3
10 5
10 20
10 475
10 25021
10 843858
11 5
11 84
11 91
11 93
11 121
11 703
11 707
11 956
11 616940
12 5
12 27
12 99
12 131
12 132
12 133
12 135
12 104129
13 3
13 4
13 5
13 1395
13 5941
13 843859
14 10
14 283
14 284
14 286
14 843860
15 4
15 5
15 99
15 131
15 132
15 133
15 152
15 371404
16 4
16 5
16 202
16 12237
16 12322
16 843861
17 3
17 4
17 5
17 11291
17 11293
17 843862
18 230
18 231
18 232
18 234
18 843863
19 9
19 10
19 11
19 13
19 163
20 99
20 131
20 132
20 133
20 195
20 236
20 237
21 3
21 4
21 195
21 1913
21 78733
21 843864
22 4
22 5
22 202
22 168118
22 168120
22 843865
23 243
23 244
23 245
23 247
23 312016
24 4
24 5
24 202
24 140235
24 144993
24 843866
25 76
25 342
25 343
25 345
25 197966
26 10
26 828
26 829
26 831
26 432638
27 3
27 5
27 20
27 2723
27 2725
27 432640
28 10
28 146
28 147
28 149
28 843867
29 99
29 133
29 175
29 176
29 195
29 234
29 843868
30 3
30 20
30 195
30 1320
30 3384
30 843869
31 660
31 2347
31 2348
31 2350
31 843870
32 20
32 90
32 122
32 195
32 340
32 708
32 713
32 35262
32 45919
32 843871
33 10
33 283
33 284
33 286
33 843872
34 5
34 20
34 99
34 131
34 132
34 133
34 166
34 225996
35 3
35 5
35 20
35 2601
35 2603
35 432650
36 71
36 76
36 190
36 191
36 432651
seqId 417
1 5
1 20
1 99
1 133
1 175
1 176
1 9647
1 843873
2 5
2 20
2 202
2 2294
2 2296
2 843874
3 3
3 5
3 20
3 3118
3 3120
3 843875
4 5
4 20
4 202
4 3303
4 36191
4 843876
5 9
5 10
5 11
5 13
5 843877
6 5
6 20
6 98
6 99
6 100
6 3961
6 783932
7 3
7 5
7 20
7 2320
7 2322
7 843878
8 5
8 84
8 91
8 93
8 121
8 703
8 707
8 956
8 843879
9 4
9 5
9 99
9 131
9 132
9 133
9 152
9 843880
10 3
10 4
10 5
10 59636
10 59638
10 843881
11 230
11 231
11 232
11 234
11 843882
12 9
12 10
12 11
12 13
12 163
13 99
13 131
13 132
13 133
13 195
13 236
13 237
14 3
14 4
14 195
14 3846
14 3848
14 843883
15 230
15 231
15 232
15 234
15 843884
16 9
16 10
16 11
16 13
16 163
17 99
17 131
17 132
17 133
17 195
17 236
17 237
18 4
18 82
18 84
18 85
18 175
18 178
18 195
18 340
18 432664
19 243
19 244
19 245
19 247
19 418230
20 230
20 231
20 232
20 234
20 843885
21 9
21 10
21 11
21 13
21 163
22 99
22 131
22 132
22 133
22 195
22 236
22 237
23 82
23 84
23 85
23 195
23 2294
23 3837
23 843886
24 71
24 76
24 190
24 191
24 843887
seqId 418
1 27
1 82
1 759
1 944
1 15403
1 843888
2 5
2 20
2 81
2 82
2 83
2 84
2 85
2 87
2 312051
3 82
3 83
3 84
3 109
3 112
3 115
3 745575
4 5
4 84
4 90
4 91
4 93
4 121
4 4832
4 9364
4 843889
5 75
5 76
5 77
5 79
5 745579
6 67
6 17618
6 17619
6 17621
6 843890
7 67
7 15222
7 15223
7 15225
7 843891
8 5
8 84
8 91
8 93
8 121
8 703
8 707
8 956
8 616975
9 4
9 5
9 99
9 133
9 175
9 176
9 178
9 843892
10 3
10 4
10 5
10 2221
10 2223
10 843893
11 230
11 231
11 232
11 234
11 843894
12 9
12 10
12 11
12 13
12 163
13 99
13 131
13 132
13 133
13 195
13 236
13 237
14 3
14 4
14 195
14 5859
14 14468
14 843895
15 9
15 10
15 11
15 13
15 843896
16 3
16 4
16 5
16 180335
16 180337
16 843897
17 717
17 718
17 719
17 721
17 843898
18 10
18 146
18 147
18 149
18 722
19 5
19 20
19 99
19 131
19 132
19 133
19 165
19 166
20 5
20 20
20 202
20 1718
20 57849
20 843899
21 3
21 5
21 20
21 15215
21 65093
21 131674
21 843900
22 76
22 342
22 343
22 345
22 843901
23 243
23 244
23 245
23 247
23 843902
24 5
24 84
24 90
24 91
24 93
24 121
24 7530
24 165985
24 843903
25 5
25 20
25 99
25 133
25 175
25 176
25 1316
25 843904
26 3
26 5
26 20
26 9469
26 10946
26 843905
27 9
27 10
27 11
27 13
27 843906
28 3
28 4
28 5
28 13599
28 13601
28 843907
29 10
29 126
29 127
29 129
29 843908
30 99
30 131
30 132
30 133
30 195
30 237
30 432691
31 3
31 20
31 195
31 340
31 180351
31 180353
31 843909
32 20
32 195
32 202
32 18530
32 168118
32 168153
32 180356
32 843910
33 76
33 342
33 343
33 345
33 843911
34 660
34 941
34 94951
34 94953
34 843912
35 944
35 945
35 946
35 948
35 745603
36 67
36 16435
36 16436
36 16438
36 843913
37 67
37 20904
37 114603
37 178134
37 178135
37 843914
38 5
38 84
38 90
38 91
38 93
38 121
38 5094
38 43394
38 843915
39 5
39 27
39 99
39 131
39 132
39 133
39 135
39 843916
40 3
40 4
40 5
40 1395
40 5941
40 843917
41 230
41 231
41 232
41 234
41 758012
42 9
42 10
42 11
42 13
42 163
43 99
43 131
43 132
43 133
43 195
43 236
43 237
44 3
44 4
44 195
44 340
44 180367
44 180369
44 843918
45 4
45 195
45 202
45 340
45 21447
45 21449
45 843919
46 717
46 718
46 719
46 721
46 843920
47 10
47 146
47 147
47 149
47 722
48 5
48 20
48 99
48 131
48 132
48 133
48 165
48 166
49 5
49 20
49 202
49 15065
49 131938
49 131940
49 843921
50 3
50 5
50 20
50 16951
50 16953
50 843922
51 71
51 76
51 190
51 191
51 843923
seqId 419
1 67
1 128840
1 128841
1 128843
1 843924
2 67
2 75484
2 75485
2 75487
2 75488
2 843925
3 5
3 84
3 90
3 91
3 93
3 121
3 31304
3 31333
3 843926
4 9
4 10
4 11
4 13
4 104244
5 4
5 5
5 202
5 12237
5 12322
5 843927
6 3
6 4
6 5
6 28222
6 28224
6 843928
7 10
7 126
7 127
7 129
7 843929
8 5
8 20
8 99
8 131
8 132
8 133
8 166
8 843930
9 3
9 5
9 20
9 34802
9 38508
9 147126
9 180383
9 843931
10 10
10 146
10 147
10 149
10 843932
11 5
11 27
11 99
11 131
11 132
11 133
11 135
11 843933
12 3
12 4
12 5
12 3576
12 3578
12 843934
13 4
13 5
13 202
13 140235
13 144993
13 843935
14 76
14 342
14 343
14 345
14 371483
15 5
15 20
15 99
15 133
15 175
15 176
15 1316
15 843936
16 3
16 5
16 20
16 4279
16 4281
16 843937
17 82
17 758
17 759
17 761
17 821480
18 5
18 84
18 90
18 91
18 93
18 121
18 37175
18 43997
18 843938
19 660
19 1622
19 1623
19 1625
19 843939
20 67
20 16435
20 16436
20 16438
20 843940
21 67
21 20904
21 114603
21 178134
21 178135
21 843941
22 76
22 342
22 343
22 345
22 843942
23 10
23 283
23 284
23 286
23 843943
24 5
24 20
24 99
24 131
24 132
24 133
24 166
24 607342
25 3
25 5
25 20
25 4345
25 4347
25 607343
26 9
26 10
26 24
26 26
26 27
26 843944
27 4
27 5
27 99
27 133
27 175
27 176
27 178
27 470369
28 3
28 4
28 5
28 7388
28 27055
28 745639
29 10
29 126
29 127
29 129
29 745640
30 5
30 27
30 99
30 131
30 132
30 133
30 135
30 507056
31 3
31 4
31 5
31 2532
31 2534
31 843945
32 4
32 5
32 202
32 168724
32 178047
32 843946
33 9
33 10
33 11
33 13
33 418307
34 4
34 5
34 99
34 131
34 132
34 133
34 152
34 843947
35 3
35 4
35 5
35 180409
35 180411
35 843948
36 4
36 5
36 202
36 21447
36 21449
36 843949
37 76
37 342
37 343
37 345
37 534529
38 82
38 758
38 759
38 761
38 843950
39 5
39 27
39 82
39 83
39 84
39 115
39 135
39 763
39 843951
40 5
40 84
40 90
40 91
40 93
40 121
40 58812
40 83188
40 843952
41 10
41 146
41 147
41 149
41 843953
42 90
42 443
42 31304
42 31306
42 843954
43 10
43 126
43 127
43 129
43 843955
44 99
44 131
44 132
44 133
44 195
44 237
44 843956
45 3
45 20
45 195
45 17916
45 180422
45 180424
46 20
46 195
46 202
46 21447
46 180427
46 843957
47 76
47 342
47 343
47 345
47 843958
48 10
48 126
48 127
48 129
48 843959
49 99
49 131
49 132
49 133
49 195
49 237
49 843960
50 3
50 4
50 195
50 340
50 38982
50 38984
50 843961
51 76
51 342
51 343
51 345
51 843962
52 243
52 244
52 245
52 247
52 843963
53 76
53 342
53 343
53 345
53 843964
54 10
54 146
54 147
54 149
54 843965
55 5
55 27
55 99
55 131
55 132
55 133
55 135
55 843966
56 3
56 5
56 20
56 12575
56 12577
56 843967
57 76
57 342
57 343
57 345
57 534555
58 10
58 126
58 127
58 129
58 843968
59 99
59 131
59 132
59 133
59 195
59 237
59 843969
60 3
60 20
60 195
60 340
60 180440
60 180442
60 843970
61 9
61 10
61 11
61 13
61 758074
62 3
62 4
62 195
62 180445
62 180447
62 843971
63 71
63 76
63 190
63 191
63 843972
seqId 420
1 5
1 20
1 98
1 99
1 100
1 8099
1 470401
2 3
2 5
2 20
2 429
2 431
2 418329
3 10
3 109
3 110
3 112
3 843973
4 3
4 5
4 20
4 389
4 391
4 843974
5 5
5 84
5 90
5 91
5 93
5 121
5 14641
5 14643
5 843975
6 5
6 20
6 99
6 131
6 132
6 133
6 166
6 534568
7 3
7 5
7 20
7 1320
7 1322
7 843976
8 9
8 10
8 24
8 26
8 27
8 843977
9 67
9 452
9 15151
9 15152
9 843978
10 67
10 48669
10 175594
10 175595
10 175597
10 843979
11 76
11 342
11 343
11 345
11 745677
12 4
12 5
12 99
12 133
12 175
12 176
12 178
12 843980
13 3
13 4
13 5
13 2221
13 2223
13 843981
14 230
14 231
14 232
14 234
14 843982
15 9
15 10
15 11
15 13
15 163
16 99
16 131
16 132
16 133
16 195
16 236
16 237
17 3
17 20
17 195
17 340
17 180462
17 180464
17 843983
18 10
18 146
18 147
18 149
18 843984
19 5
19 27
19 99
19 131
19 132
19 133
19 135
19 507098
20 3
20 5
20 20
20 65093
20 65095
20 843985
21 5
21 20
21 202
21 140235
21 144993
21 843986
22 71
22 76
22 190
22 191
22 843987
seqId 421
1 67
1 1104
1 5836
1 178142
1 178143
1 178145
1 843988
seqId 422
1 67
1 310
1 57195
1 178147
1 178148
1 843989
2 5
2 84
2 90
2 91
2 93
2 121
2 31304
2 31333
2 843990
3 660
3 2547
3 2548
3 4275
3 843991
4 10
4 146
4 147
4 149
4 676798
5 4
5 5
5 82
5 84
5 115
5 763
5 1262
5 1264
5 843992
6 10
6 126
6 127
6 129
6 843993
7 5
7 20
7 99
7 131
7 132
7 133
7 166
7 371545
8 3
8 5
8 20
8 5018
8 5020
8 843994
9 5
9 20
9 202
9 14576
9 14578
9 843995
10 243
10 244
10 245
10 247
10 843996
11 99
11 131
11 132
11 133
11 195
11 237
11 843997
12 3
12 4
12 195
12 3691
12 6873
12 843998
13 4
13 195
13 202
13 1692
13 15105
13 33636
13 37976
13 180484
13 843999
14 10
14 283
14 284
14 286
14 844000
15 5
15 27
15 99
15 131
15 132
15 133
15 135
15 844001
16 3
16 4
16 5
16 175612
16 180269
16 844002
17 9
17 10
17 11
17 13
17 844003
18 4
18 5
18 99
18 131
18 132
18 133
18 152
18 180492
19 3
19 4
19 5
19 4447
19 4449
19 104364
20 158
20 159
20 160
20 162
20 844004
21 9
21 10
21 11
21 13
21 163
22 5
22 20
22 99
22 131
22 132
22 133
22 165
22 166
23 5
23 20
23 202
23 1718
23 57849
23 844005
24 3
24 5
24 20
24 15215
24 65093
24 131674
24 844006
25 71
25 76
25 190
25 191
25 844007
seqId 423
1 5
1 27
1 99
1 131
1 132
1 133
1 699
1 844008
2 3
2 4
2 5
2 7388
2 27055
2 844009
3 10
3 126
3 127
3 129
3 617094
4 5
4 27
4 99
4 131
4 132
4 133
4 135
4 844010
5 3
5 5
5 20
5 5458
5 8342
5 844011
6 10
6 1010
6 1011
6 1013
6 844012
7 9
7 10
7 24
7 26
7 27
7 844013
8 3
8 5
8 20
8 169759
8 169761
8 844014
9 76
9 342
9 343
9 345
9 844015
10 82
10 759
10 2852
10 2854
10 844016
11 4
11 5
11 99
11 131
11 132
11 133
11 152
11 844017
12 3
12 4
12 5
12 8842
12 9174
12 844018
13 10
13 279
13 11672
13 11673
13 676817
14 4
14 5
14 99
14 131
14 132
14 133
14 152
14 676818
15 3
15 4
15 5
15 8152
15 9005
15 844019
16 9
16 10
16 24
16 26
16 27
16 844020
17 5
17 20
17 99
17 133
17 175
17 176
17 1316
17 844021
18 3
18 5
18 20
18 9469
18 10946
18 844022
19 5
19 20
19 202
19 3386
19 10488
19 844023
20 5
20 84
20 90
20 93
20 121
20 3360
20 4621
20 28087
20 844024
21 90
21 443
21 7504
21 9112
21 844025
22 717
22 718
22 719
22 721
22 821570
23 10
23 146
23 147
23 149
23 722
24 5
24 20
24 99
24 131
24 132
24 133
24 165
24 166
25 3
25 5
25 20
25 724
25 726
25 844026
26 158
26 159
26 160
26 162
26 844027
27 9
27 10
27 11
27 13
27 163
28 5
28 20
28 99
28 131
28 132
28 133
28 165
28 166
29 5
29 20
29 202
29 566
29 568
29 844028
30 3
30 5
30 20
30 384
30 386
30 844029
31 76
31 342
31 343
31 345
31 676825
32 5
32 84
32 91
32 93
32 121
32 702
32 703
32 705
32 844030
33 5
33 20
33 90
33 122
33 708
33 2333
33 7738
33 844031
34 9
34 10
34 24
34 26
34 27
34 784083
35 90
35 443
35 1587
35 180525
35 180527
35 844032
36 4
36 5
36 99
36 133
36 175
36 176
36 178
36 844033
37 3
37 4
37 5
37 16756
37 16758
37 844034
38 4
38 5
38 202
38 3386
38 6768
38 844035
39 4
39 5
39 202
39 40265
39 47131
39 844036
40 76
40 342
40 343
40 345
40 844037
41 82
41 758
41 759
41 761
41 844038
42 82
42 84
42 114
42 115
42 116
42 1361
42 507153
43 5
43 84
43 90
43 91
43 93
43 121
43 5094
43 43394
43 844039
44 660
44 35876
44 35877
44 35879
44 844040
45 10
45 126
45 127
45 129
45 844041
46 5
46 20
46 99
46 133
46 175
46 176
46 1316
46 844042
47 5
47 20
47 202
47 2294
47 2296
47 844043
48 3
48 5
48 20
48 7393
48 7395
48 844044
49 75
49 76
49 77
49 79
49 844045
50 4
50 5
50 99
50 131
50 132
50 133
50 152
50 844046
51 3
51 4
51 5
51 3691
51 3693
51 844047
52 10
52 126
52 127
52 129
52 844048
53 99
53 131
53 132
53 133
53 195
53 237
53 844049
54 3
54 4
54 195
54 340
54 1047
54 85596
54 151941
54 180543
54 844050
55 82
55 758
55 759
55 761
55 844051
56 5
56 84
56 90
56 91
56 93
56 121
56 3433
56 180548
56 844052
57 5
57 67
57 17618
57 17621
57 844053
58 67
58 15222
58 15223
58 15225
58 844054
59 76
59 342
59 343
59 345
59 844055
60 67
60 128840
60 128841
60 128843
60 844056
61 67
61 75484
61 75485
61 75487
61 75488
61 844057
62 76
62 342
62 343
62 345
62 844058
63 660
63 976
63 979
63 1458
63 844059
64 944
64 945
64 946
64 948
64 844060
65 67
65 180558
65 180559
65 180561
65 844061
66 67
66 50053
66 180563
66 180564
66 180566
66 180567
66 844062
67 76
67 342
67 343
67 345
67 844063
68 3
68 5
68 20
68 11811
68 11813
68 844064
69 243
69 244
69 245
69 247
69 844065
70 3
70 5
70 20
70 2034
70 2036
70 844066
71 5
71 20
71 90
71 122
71 708
71 713
71 3372
71 6990
71 844067
72 158
72 159
72 160
72 162
72 844068
73 9
73 10
73 11
73 13
73 163
74 5
74 20
74 99
74 131
74 132
74 133
74 165
74 166
75 67
75 458
75 1692
75 3213
75 69867
75 167933
75 167934
75 844069
76 76
76 342
76 343
76 345
76 844070
77 660
77 3261
77 3262
77 3264
77 69439
78 9
78 10
78 24
78 26
78 27
78 844071
79 4
79 5
79 99
79 133
79 175
79 176
79 178
79 844072
80 3
80 4
80 5
80 57494
80 57496
80 507193
81 9
81 10
81 11
81 13
81 844073
82 3
82 20
82 195
82 340
82 2887
82 2889
82 844074
83 71
83 76
83 190
83 191
83 844075
seqId 424
1 99
1 131
1 132
1 133
1 195
1 1220
1 844076
2 3
2 4
2 195
2 340
2 1047
2 85596
2 151941
2 180543
2 844077
3 84
3 91
3 93
3 121
3 195
3 703
3 707
3 1858
3 844078
4 4
4 5
4 99
4 133
4 175
4 176
4 178
4 844079
5 3
5 4
5 5
5 347
5 7681
5 844080
6 82
6 758
6 759
6 761
6 844081
7 5
7 84
7 91
7 93
7 121
7 703
7 707
7 956
7 844082
8 660
8 6560
8 10036
8 10038
8 844083
9 4
9 5
9 90
9 122
9 708
9 713
9 3372
9 24510
9 844084
10 76
10 342
10 343
10 345
10 844085
11 10
11 283
11 284
11 286
11 844086
12 5
12 27
12 99
12 131
12 132
12 133
12 135
12 844087
13 3
13 4
13 5
13 17766
13 140930
13 171304
13 844088
14 76
14 342
14 343
14 345
14 745785
15 717
15 718
15 719
15 721
15 844089
16 10
16 146
16 147
16 149
16 722
17 5
17 20
17 99
17 131
17 132
17 133
17 165
17 166
18 5
18 20
18 202
18 1718
18 57849
18 844090
19 3
19 5
19 20
19 15215
19 65093
19 131674
19 844091
20 243
20 244
20 245
20 247
20 844092
21 10
21 146
21 147
21 149
21 844093
22 4
22 5
22 99
22 131
22 132
22 133
22 152
22 844094
23 4
23 5
23 67
23 131667
23 131669
23 844095
24 71
24 76
24 190
24 191
24 844096
seqId 425
1 5
1 20
1 99
1 131
1 132
1 133
1 967
1 104500
2 3
2 5
2 20
2 3775
2 3777
2 844097
3 9
3 10
3 24
3 26
3 27
3 844098
4 90
4 443
4 1587
4 180608
4 180610
4 844099
5 99
5 131
5 132
5 133
5 195
5 237
5 844100
6 5
6 20
6 202
6 15065
6 131933
6 131935
6 844101
7 243
7 244
7 245
7 247
7 844102
8 5
8 20
8 202
8 15065
8 131938
8 131940
8 844103
9 3
9 20
9 195
9 16951
9 131943
9 844104
10 76
10 342
10 343
10 345
10 180619
11 243
11 244
11 245
11 247
11 844105
12 9
12 10
12 26
12 169
12 171
12 844106
13 82
13 83
13 84
13 115
13 5729
13 5731
13 844107
14 90
14 443
14 103597
14 103599
14 844108
15 4
15 5
15 99
15 133
15 175
15 176
15 178
15 844109
16 3
16 4
16 5
16 5859
16 24599
16 844110
17 660
17 18071
17 18072
17 18074
17 844111
18 4
18 5
18 202
18 33333
18 128384
18 844112
19 76
19 342
19 343
19 345
19 844113
20 5
20 84
20 90
20 91
20 93
20 121
20 2333
20 2335
20 844114
21 9
21 10
21 11
21 13
21 844115
22 90
22 443
22 4766
22 5065
22 844116
23 3
23 5
23 20
23 4570
23 4572
23 844117
24 10
24 126
24 127
24 129
24 844118
25 4
25 5
25 202
25 1377
25 12034
25 844119
26 5
26 27
26 99
26 131
26 132
26 133
26 135
26 844120
27 3
27 4
27 5
27 14686
27 14688
27 844121
28 9
28 10
28 24
28 26
28 27
28 844122
29 4
29 5
29 99
29 133
29 175
29 176
29 178
29 844123
30 3
30 4
30 5
30 347
30 7681
30 617190
31 82
31 758
31 759
31 761
31 226289
32 5
32 84
32 90
32 91
32 93
32 121
32 5094
32 43394
32 844124
33 5
33 99
33 115
33 773
33 774
33 775
33 776
33 778
33 104531
34 3
34 5
34 20
34 16848
34 16850
34 844125
35 10
35 27
35 1113
35 1114
35 1116
35 844126
36 10
36 109
36 110
36 112
36 198386
37 5
37 20
37 202
37 46696
37 133122
37 418534
38 3
38 5
38 20
38 16951
38 16953
38 844127
39 230
39 231
39 232
39 234
39 844128
40 9
40 10
40 11
40 13
40 163
41 99
41 131
41 132
41 133
41 195
41 236
41 237
42 3
42 4
42 195
42 340
42 23042
42 34205
42 844129
43 71
43 76
43 190
43 191
43 844130
seqId 426
1 10
1 109
1 878
1 1539
1 371705
2 660
2 4185
2 4186
2 4188
2 844131
3 76
3 342
3 343
3 345
3 844132
4 4
4 5
4 99
4 131
4 132
4 133
4 152
4 226303
5 3
5 4
5 5
5 1470
5 1472
5 844133
6 4
6 5
6 202
6 169393
6 169395
6 844134
7 10
7 378
7 379
7 381
7 844135
8 4
8 5
8 98
8 99
8 100
8 1927
8 844136
9 4
9 5
9 202
9 9960
9 18213
9 19296
10 3
10 4
10 5
10 1913
10 1915
10 18214
11 5
11 84
11 90
11 91
11 93
11 121
11 2333
11 2335
11 844137
12 9
12 10
12 11
12 13
12 844138
13 90
13 443
13 59318
13 59922
13 844139
14 99
14 133
14 175
14 176
14 195
14 234
14 507267
15 3
15 20
15 195
15 37928
15 60441
15 844140
16 230
16 231
16 232
16 234
16 844141
17 9
17 10
17 11
17 13
17 163
18 99
18 131
18 132
18 133
18 195
18 236
18 237
19 3
19 4
19 195
19 340
19 1047
19 85596
19 151941
19 180543
19 844142
20 82
20 759
20 2852
20 2854
20 198416
21 5
21 20
21 81
21 82
21 83
21 84
21 85
21 87
21 198417
22 5
22 84
22 90
22 91
22 93
22 121
22 2081
22 2426
22 534740
23 82
23 84
23 114
23 115
23 116
23 1361
23 432943
24 90
24 443
24 57599
24 63896
24 844143
25 27
25 118
25 945
25 2473
25 12602
25 507277
26 20
26 82
26 83
26 84
26 115
26 195
26 1824
26 1826
26 844144
27 171
27 660
27 661
27 910
27 912
27 844145
28 84
28 90
28 91
28 93
28 195
28 914
28 1274
28 180672
28 844146
29 660
29 661
29 1240
29 1242
29 844147
30 10
30 283
30 284
30 286
30 844148
31 99
31 131
31 132
31 133
31 195
31 237
31 676943
32 3
32 20
32 195
32 16951
32 131943
32 844149
33 20
33 195
33 202
33 340
33 62990
33 62992
33 844150
34 71
34 76
34 190
34 191
34 758257
seqId 427
1 4
1 5
1 99
1 133
1 175
1 176
1 5129
1 844151
2 3
2 4
2 5
2 57494
2 57496
2 844152
3 9
3 10
3 11
3 13
3 844153
4 3
4 4
4 195
4 6862
4 14459
4 336110
5 9
5 10
5 24
5 26
5 27
5 336112
6 3
6 4
6 195
6 1395
6 1397
6 844154
7 243
7 244
7 245
7 247
7 844155
8 9
8 10
8 11
8 13
8 226337
9 3
9 20
9 195
9 340
9 2887
9 2889
9 745867
10 5
10 84
10 90
10 91
10 93
10 121
10 3360
10 5608
10 844156
11 90
11 443
11 2333
11 3366
11 844157
12 660
12 6695
12 6696
12 6698
12 844158
13 9
13 10
13 11
13 13
13 844159
14 90
14 443
14 1345
14 9933
14 844160
15 10
15 109
15 110
15 112
15 470609
16 3
16 4
16 5
16 21329
16 21331
16 844161
17 5
17 20
17 99
17 131
17 132
17 133
17 166
17 470612
18 3
18 5
18 20
18 31623
18 31625
18 844162
19 5
19 20
19 202
19 4424
19 28719
19 844163
20 230
20 231
20 232
20 234
20 844164
21 9
21 10
21 11
21 13
21 163
22 99
22 131
22 132
22 133
22 195
22 236
22 237
23 3
23 4
23 195
23 340
23 180698
23 180700
23 844165
24 10
24 283
24 284
24 286
24 821726
25 5
25 27
25 99
25 131
25 132
25 133
25 135
25 371763
26 3
26 4
26 5
26 780
26 782
26 844166
27 230
27 231
27 232
27 234
27 844167
28 9
28 10
28 11
28 13
28 163
29 99
29 131
29 132
29 133
29 195
29 236
29 237
30 3
30 4
30 195
30 470
30 24460
30 844168
31 9
31 10
31 24
31 26
31 27
31 844169
32 3
32 4
32 5
32 1047
32 85596
32 151941
32 180543
32 844170
33 71
33 76
33 190
33 191
33 844171
seqId 428
1 10
1 378
1 3871
1 3873
1 844172
2 5
2 20
2 99
2 131
2 132
2 133
2 166
2 844173
3 5
3 20
3 202
3 566
3 568
3 844174
4 3
4 5
4 20
4 384
4 386
4 844175
5 76
5 342
5 343
5 345
5 844176
6 67
6 71
6 1026
6 18413
6 18414
6 844177
7 67
7 48669
7 175594
7 175595
7 175597
7 844178
8 243
8 244
8 245
8 247
8 745892
9 36
9 67
9 71
9 18488
9 18489
9 844179
10 67
10 75484
10 75485
10 75487
10 75488
10 844180
11 84
11 90
11 91
11 92
11 93
11 195
11 5874
11 26497
11 131212
11 844181
12 5
12 20
12 99
12 133
12 175
12 176
12 1316
12 844182
13 3
13 5
13 20
13 429
13 431
13 180724
14 5
14 20
14 202
14 5335
14 8517
14 844183
15 10
15 126
15 127
15 129
15 844184
16 99
16 131
16 132
16 133
16 195
16 237
16 844185
17 3
17 20
17 195
17 180728
17 180730
17 844186
18 76
18 342
18 343
18 345
18 844187
19 3
19 4
19 195
19 52347
19 180733
19 180735
19 844188
20 243
20 244
20 245
20 247
20 141741
21 3
21 4
21 195
21 340
21 180738
21 180740
21 844189
22 158
22 159
22 160
22 162
22 844190
23 9
23 10
23 11
23 13
23 163
24 5
24 20
24 99
24 131
24 132
24 133
24 165
24 166
25 3
25 5
25 20
25 175644
25 175646
25 844191
26 10
26 109
26 110
26 112
26 198505
27 3
27 4
27 5
27 4550
27 8014
27 336158
28 4
28 5
28 202
28 6594
28 6596
28 844192
29 243
29 244
29 245
29 247
29 844193
30 4
30 5
30 202
30 12805
30 31456
30 844194
31 10
31 283
31 284
31 286
31 141752
32 4
32 5
32 99
32 131
32 132
32 133
32 152
32 198510
33 4
33 5
33 67
33 3042
33 3045
33 844195
34 9
34 10
34 24
34 26
34 27
34 18330
35 5
35 20
35 202
35 36111
35 168242
35 844196
36 3
36 5
36 20
36 7633
36 168245
36 844197
37 71
37 76
37 190
37 191
37 758310
seqId 429
1 5
1 99
1 115
1 773
1 775
1 776
1 2192
1 24360
1 844198
2 3
2 5
2 20
2 1650
2 3499
2 844199
3 5
3 84
3 91
3 93
3 121
3 703
3 707
3 956
3 844200
4 9
4 10
4 11
4 13
4 844201
5 90
5 443
5 8415
5 28349
5 844202
6 10
6 146
6 147
6 149
6 844203
7 90
7 443
7 2125
7 2127
7 844204
8 20
8 82
8 84
8 98
8 100
8 102
8 844205
9 82
9 758
9 759
9 761
9 418640
10 5
10 84
10 90
10 91
10 93
10 121
10 3777
10 4766
10 745923
11 5
11 20
11 99
11 133
11 175
11 176
11 1316
11 745924
12 3
12 5
12 20
12 170176
12 170178
12 844206
13 76
13 342
13 343
13 345
13 844207
14 717
14 718
14 719
14 721
14 198527
15 10
15 146
15 149
15 722
15 1539
16 5
16 20
16 99
16 131
16 132
16 133
16 165
16 166
17 660
17 180770
17 180771
17 180773
17 198528
18 230
18 231
18 232
18 234
18 198529
19 9
19 10
19 11
19 13
19 163
20 99
20 131
20 132
20 133
20 195
20 236
20 237
21 4
21 195
21 202
21 3106
21 47944
21 844208
22 3
22 4
22 195
22 20142
22 180778
22 844209
23 4
23 195
23 202
23 340
23 161014
23 161016
23 844210
24 75
24 76
24 77
24 79
24 844211
25 5
25 27
25 99
25 131
25 132
25 133
25 135
25 844212
26 3
26 5
26 20
26 3937
26 37531
26 844213
27 5
27 84
27 91
27 93
27 121
27 703
27 707
27 956
27 844214
28 9
28 10
28 11
28 13
28 433032
29 90
29 443
29 116822
29 116824
29 433033
30 10
30 146
30 147
30 149
30 844215
31 90
31 443
31 1587
31 22404
31 180788
31 844216
32 5
32 20
32 99
32 131
32 132
32 133
32 166
32 198542
33 3
33 5
33 20
33 24116
33 24118
33 418657
34 230
34 231
34 232
34 234
34 844217
35 9
35 10
35 11
35 13
35 163
36 99
36 131
36 132
36 133
36 195
36 236
36 237
37 3
37 4
37 195
37 347
37 349
37 844218
38 82
38 758
38 759
38 761
38 844219
39 84
39 90
39 91
39 93
39 121
39 195
39 4338
39 23325
39 844220
40 10
40 146
40 147
40 149
40 844221
41 4
41 5
41 99
41 131
41 132
41 133
41 152
41 844222
42 3
42 4
42 5
42 24032
42 24034
42 844223
43 158
43 159
43 160
43 162
43 844224
44 9
44 10
44 11
44 13
44 163
45 5
45 20
45 99
45 131
45 132
45 133
45 165
45 166
46 3
46 5
46 20
46 12137
46 12139
46 844225
47 9
47 10
47 11
47 13
47 371841
48 3
48 5
48 20
48 170176
48 170178
48 844226
49 76
49 342
49 343
49 345
49 198554
50 10
50 109
50 110
50 112
50 844227
51 90
51 121
51 122
51 22433
51 180804
51 844228
52 660
52 6695
52 6696
52 6698
52 844229
53 4
53 5
53 99
53 131
53 132
53 133
53 152
53 844230
54 3
54 4
54 5
54 5469
54 5471
54 844231
55 4
55 5
55 202
55 180809
55 180811
55 844232
56 82
56 759
56 944
56 948
56 844233
57 5
57 84
57 90
57 91
57 93
57 121
57 1064
57 32173
57 617313
58 5
58 27
58 99
58 131
58 132
58 133
58 135
58 844234
59 3
59 5
59 20
59 23785
59 54281
59 844235
60 10
60 109
60 110
60 112
60 844236
61 4
61 5
61 99
61 131
61 132
61 133
61 152
61 198569
62 3
62 4
62 5
62 4550
62 8014
62 844237
63 71
63 76
63 190
63 191
63 844238
seqId 430
1 5
1 20
1 98
1 99
1 100
1 8099
1 844239
2 3
2 5
2 20
2 9584
2 9586
2 821807
3 9
3 10
3 11
3 13
3 844240
4 90
4 443
4 16673
4 39719
4 844241
5 4
5 5
5 99
5 131
5 132
5 133
5 152
5 844242
6 3
6 4
6 5
6 4420
6 4422
6 336231
7 230
7 231
7 232
7 234
7 844243
8 9
8 10
8 11
8 13
8 163
9 99
9 131
9 132
9 133
9 195
9 236
9 237
10 3
10 20
10 195
10 340
10 170176
10 170178
10 844244
11 10
11 283
11 284
11 286
11 844245
12 4
12 5
12 99
12 131
12 132
12 133
12 152
12 69662
13 3
13 4
13 5
13 7178
13 21009
13 844246
14 82
14 84
14 114
14 115
14 116
14 1361
14 312508
15 5
15 84
15 90
15 91
15 93
15 121
15 4414
15 4417
15 844247
16 10
16 283
16 284
16 286
16 844248
17 99
17 131
17 132
17 133
17 195
17 237
17 844249
18 3
18 20
18 195
18 21117
18 83135
18 844250
19 20
19 195
19 202
19 39745
19 54334
19 844251
20 9
20 10
20 24
20 26
20 27
20 844252
21 67
21 5933
21 32572
21 32573
21 32575
21 844253
22 27
22 82
22 759
22 944
22 1463
22 844254
23 4
23 82
23 83
23 84
23 115
23 195
23 1824
23 3621
23 844255
24 84
24 90
24 91
24 93
24 121
24 195
24 7530
24 47725
24 844256
25 243
25 244
25 245
25 247
25 844257
26 82
26 758
26 759
26 761
26 844258
27 84
27 90
27 91
27 93
27 121
27 195
27 4379
27 13099
27 844259
28 10
28 126
28 127
28 129
28 844260
29 5
29 27
29 99
29 131
29 132
29 133
29 135
29 844261
30 3
30 5
30 20
30 479
30 180847
30 180849
30 844262
31 230
31 231
31 232
31 234
31 844263
32 9
32 10
32 11
32 13
32 163
33 99
33 131
33 132
33 133
33 195
33 236
33 237
34 3
34 20
34 195
34 340
34 175653
34 175655
34 844264
35 10
35 828
35 829
35 831
35 470740
36 99
36 131
36 132
36 133
36 195
36 237
36 844265
37 3
37 20
37 195
37 340
37 180462
37 180464
37 844266
38 10
38 109
38 110
38 112
38 844267
39 67
39 3042
39 3043
39 3045
39 844268
40 717
40 718
40 719
40 721
40 844269
41 10
41 146
41 147
41 149
41 722
42 5
42 20
42 99
42 131
42 132
42 133
42 165
42 166
43 5
43 20
43 72
43 202
43 1104
43 15065
43 49846
43 131935
43 155350
43 175660
43 844270
44 3
44 5
44 20
44 16951
44 16953
44 844271
45 76
45 413
45 414
45 416
45 844272
46 67
46 71
46 1026
46 18413
46 18414
46 844273
47 67
47 48669
47 175594
47 175595
47 175597
47 844274
48 76
48 433
48 434
48 436
48 844275
49 243
49 244
49 245
49 247
49 104751
50 10
50 126
50 127
50 129
50 844276
51 4
51 5
51 99
51 131
51 132
51 133
51 152
51 617356
52 3
52 4
52 5
52 14557
52 62086
52 844277
53 230
53 231
53 232
53 234
53 844278
54 9
54 10
54 11
54 13
54 163
55 99
55 131
55 132
55 133
55 195
55 236
55 237
56 3
56 20
56 195
56 6269
56 6271
56 844279
57 76
57 413
57 414
57 416
57 844280
58 51
58 195
58 14302
58 57178
58 57612
58 58107
58 180868
58 844281
59 76
59 433
59 434
59 436
59 745996
60 4
60 5
60 90
60 122
60 708
60 713
60 1345
60 4853
60 844282
61 10
61 109
61 110
61 112
61 844283
62 3
62 4
62 5
62 4420
62 4422
62 844284
63 10
63 828
63 829
63 831
63 844285
64 4
64 5
64 99
64 133
64 175
64 176
64 178
64 844286
65 3
65 4
65 5
65 1104
65 130286
65 180877
65 180879
65 844287
66 4
66 5
66 202
66 168968
66 168970
66 844288
67 9
67 10
67 11
67 13
67 844289
68 90
68 443
68 1587
68 7535
68 7692
68 844290
69 5
69 20
69 99
69 131
69 132
69 133
69 166
69 18497
70 3
70 5
70 20
70 34802
70 38508
70 147126
70 180383
70 844291
71 76
71 413
71 414
71 416
71 844292
72 36
72 67
72 71
72 18488
72 18489
72 844293
73 67
73 75484
73 75485
73 75487
73 75488
73 844294
74 76
74 433
74 434
74 436
74 844295
75 71
75 76
75 190
75 191
75 844296
seqId 431
1 9
1 10
1 1886
1 20009
1 677102
2 5
2 99
2 115
2 773
2 774
2 775
2 776
2 778
2 844297
3 3
3 5
3 20
3 24951
3 38843
3 844298
4 76
4 342
4 343
4 345
4 844299
5 67
5 71
5 407
5 18660
5 18661
5 844300
6 67
6 310
6 57195
6 178147
6 178148
6 844301
7 5
7 84
7 90
7 91
7 93
7 121
7 3686
7 21141
7 844302
8 99
8 133
8 175
8 176
8 195
8 234
8 844303
9 3
9 4
9 15
9 195
9 4121
9 844304
10 10
10 126
10 127
10 129
10 844305
11 5
11 27
11 99
11 131
11 132
11 133
11 135
11 844306
12 4
12 5
12 202
12 104782
12 169393
12 169395
13 3
13 4
13 5
13 128205
13 128207
13 844307
14 4
14 5
14 202
14 180905
14 180907
14 844308
15 82
15 758
15 759
15 761
15 844309
16 5
16 84
16 90
16 91
16 93
16 121
16 7704
16 30340
16 418749
17 5
17 27
17 99
17 131
17 132
17 133
17 135
17 844310
18 3
18 4
18 5
18 2608
18 4490
18 617388
19 9
19 10
19 11
19 13
19 844311
20 5
20 27
20 99
20 131
20 132
20 133
20 135
20 844312
21 3
21 4
21 5
21 175612
21 180269
21 844313
22 717
22 718
22 719
22 721
22 844314
23 10
23 146
23 147
23 149
23 722
24 5
24 20
24 99
24 131
24 132
24 133
24 165
24 166
25 5
25 20
25 202
25 1718
25 57849
25 844315
26 3
26 5
26 20
26 15215
26 65093
26 131674
26 844316
27 71
27 76
27 190
27 191
27 844317
seqId 432
1 5
1 99
1 115
1 773
1 774
1 775
1 776
1 31621
1 844318
2 3
2 5
2 20
2 1650
2 3499
2 844319
3 5
3 84
3 91
3 93
3 121
3 703
3 707
3 956
3 336349
4 9
4 10
4 11
4 13
4 844320
5 90
5 443
5 16673
5 39719
5 844321
6 99
6 131
6 132
6 133
6 195
6 237
6 844322
7 3
7 20
7 195
7 180925
7 180927
7 844323
8 20
8 195
8 202
8 340
8 180905
8 180907
8 844324
9 9
9 10
9 11
9 13
9 844325
10 5
10 27
10 99
10 131
10 132
10 133
10 135
10 844326
11 3
11 4
11 5
11 347
11 7681
11 844327
12 4
12 5
12 202
12 15105
12 33636
12 98710
12 180933
12 844328
13 76
13 342
13 343
13 345
13 844329
14 244
14 1249
14 1250
14 1252
14 844330
15 660
15 1622
15 1623
15 1625
15 844331
16 9
16 10
16 24
16 26
16 27
16 844332
17 90
17 443
17 1917
17 3590
17 844333
18 660
18 2906
18 19025
18 36107
18 844334
19 5
19 20
19 98
19 99
19 100
19 102
19 844335
20 3
20 5
20 20
20 31126
20 31128
20 758441
21 5
21 20
21 202
21 92013
21 92015
21 844336
22 5
22 84
22 91
22 93
22 121
22 702
22 703
22 705
22 844337
23 5
23 20
23 90
23 122
23 708
23 769
23 2081
23 2083
23 844338
24 90
24 443
24 31018
24 31020
24 198726
25 9
25 10
25 11
25 13
25 844339
26 3
26 4
26 5
26 1931
26 1933
26 844340
27 10
27 146
27 147
27 149
27 844341
28 5
28 27
28 99
28 131
28 132
28 133
28 135
28 844342
29 3
29 4
29 5
29 2608
29 4490
29 844343
30 230
30 231
30 232
30 234
30 844344
31 9
31 10
31 11
31 13
31 163
32 99
32 131
32 132
32 133
32 195
32 236
32 237
33 3
33 20
33 195
33 2081
33 36474
33 844345
34 20
34 195
34 202
34 180953
34 180955
34 180956
34 844346
35 10
35 146
35 147
35 149
35 198735
36 4
36 5
36 99
36 131
36 132
36 133
36 152
36 180959
37 3
37 4
37 5
37 4447
37 4449
37 226580
38 158
38 159
38 160
38 162
38 844347
39 9
39 10
39 11
39 13
39 163
40 5
40 20
40 99
40 131
40 132
40 133
40 165
40 166
41 5
41 20
41 202
41 1718
41 57849
41 844348
42 3
42 5
42 20
42 15215
42 65093
42 131674
42 844349
43 243
43 244
43 245
43 247
43 844350
44 10
44 146
44 147
44 149
44 844351
45 4
45 5
45 99
45 131
45 132
45 133
45 152
45 844352
46 3
46 4
46 5
46 1913
46 1915
46 844353
47 4
47 5
47 202
47 140235
47 144993
47 844354
48 76
48 342
48 343
48 345
48 844355
49 244
49 15672
49 15673
49 15675
49 844356
50 4
50 5
50 202
50 21185
50 78431
50 844357
51 75
51 76
51 77
51 79
51 372002
52 4
52 5
52 82
52 83
52 84
52 115
52 763
52 1264
52 844358
53 5
53 84
53 90
53 91
53 93
53 121
53 4180
53 34509
53 844359
54 90
54 443
54 98217
54 110772
54 844360
55 660
55 976
55 977
55 979
55 844361
56 76
56 342
56 343
56 345
56 198750
57 10
57 828
57 831
57 1539
57 844362
58 3
58 5
58 20
58 6890
58 6892
58 844363
59 76
59 342
59 343
59 345
59 844364
60 5
60 20
60 99
60 131
60 132
60 133
60 166
60 844365
61 5
61 20
61 202
61 33713
61 33715
61 844366
62 3
62 5
62 20
62 1892
62 37252
62 844367
63 5
63 20
63 202
63 26498
63 121026
63 170999
63 180981
63 844368
64 9
64 10
64 11
64 13
64 844369
65 4
65 5
65 99
65 131
65 132
65 133
65 152
65 180986
66 3
66 4
66 5
66 4447
66 4449
66 844370
67 158
67 159
67 160
67 162
67 534962
68 9
68 10
68 11
68 13
68 163
69 5
69 20
69 99
69 131
69 132
69 133
69 165
69 166
70 5
70 20
70 202
70 1718
70 57849
70 844371
71 3
71 5
71 20
71 15215
71 65093
71 131674
71 844372
72 717
72 718
72 719
72 721
72 844373
73 10
73 146
73 147
73 149
73 722
74 5
74 20
74 99
74 131
74 132
74 133
74 165
74 166
75 3
75 5
75 20
75 13338
75 13340
75 844374
76 230
76 231
76 232
76 234
76 844375
77 9
77 10
77 11
77 13
77 163
78 99
78 131
78 132
78 133
78 195
78 236
78 237
79 20
79 195
79 202
79 1951
79 18077
79 844376
80 3
80 20
80 195
80 340
80 97989
80 97991
80 844377
81 158
81 159
81 160
81 162
81 844378
82 9
82 10
82 11
82 13
82 163
83 5
83 20
83 99
83 131
83 132
83 133
83 165
83 166
84 3
84 5
84 20
84 10891
84 180996
84 180998
84 844379
85 243
85 244
85 245
85 247
85 844380
86 158
86 159
86 160
86 162
86 844381
87 9
87 10
87 11
87 13
87 163
88 5
88 20
88 99
88 131
88 132
88 133
88 165
88 166
89 3
89 5
89 20
89 6072
89 8684
89 45266
89 181000
89 844382
90 71
90 76
90 190
90 191
90 844383
seqId 433
1 5
1 20
1 27
1 36
1 82
1 84
1 98
1 100
1 844384
2 5
2 84
2 91
2 93
2 121
2 703
2 707
2 956
2 844385
3 660
3 40549
3 40550
3 40552
3 844386
4 5
4 20
4 99
4 131
4 132
4 133
4 166
4 844387
5 3
5 5
5 20
5 33207
5 34668
5 181007
5 844388
6 5
6 20
6 202
6 20423
6 181011
6 844389
7 9
7 10
7 11
7 13
7 677186
8 5
8 27
8 99
8 131
8 132
8 133
8 135
8 844390
9 3
9 4
9 5
9 175612
9 180269
9 844391
10 76
10 2265
10 2266
10 2268
10 844392
11 3
11 4
11 195
11 347
11 349
11 844393
12 243
12 244
12 245
12 247
12 69938
13 3
13 20
13 195
13 12137
13 22765
13 844394
14 20
14 195
14 202
14 6690
14 9994
14 844395
15 76
15 2265
15 2266
15 2268
15 844396
16 243
16 244
16 245
16 247
16 784440
17 158
17 159
17 160
17 162
17 844397
18 9
18 10
18 11
18 13
18 163
19 5
19 20
19 99
19 131
19 132
19 133
19 165
19 166
20 3
20 5
20 20
20 2081
20 29574
20 844398
21 5
21 20
21 202
21 48761
21 180953
21 180955
21 844399
22 10
22 283
22 284
22 286
22 844400
23 99
23 133
23 175
23 176
23 195
23 234
23 844401
24 3
24 20
24 195
24 10660
24 10662
24 844402
25 9
25 10
25 11
25 13
25 844403
26 3
26 20
26 195
26 31126
26 38752
26 844404
27 243
27 244
27 245
27 247
27 142062
28 9
28 10
28 11
28 13
28 844405
29 3
29 4
29 195
29 5859
29 14468
29 844406
30 82
30 758
30 759
30 761
30 844407
31 5
31 84
31 91
31 93
31 121
31 703
31 707
31 956
31 844408
32 717
32 718
32 719
32 721
32 104923
33 10
33 146
33 147
33 149
33 722
34 5
34 20
34 99
34 131
34 132
34 133
34 165
34 166
35 3
35 5
35 20
35 8760
35 8762
35 844409
36 230
36 231
36 232
36 234
36 844410
37 9
37 10
37 11
37 13
37 163
38 99
38 131
38 132
38 133
38 195
38 236
38 237
39 3
39 4
39 195
39 7388
39 7390
39 844411
40 4
40 90
40 122
40 195
40 708
40 713
40 3686
40 5120
40 844412
41 10
41 828
41 829
41 831
41 844413
42 67
42 71
42 1026
42 18413
42 18414
42 844414
43 67
43 48669
43 175594
43 175595
43 175597
43 844415
44 76
44 342
44 343
44 345
44 844416
45 36
45 67
45 71
45 18488
45 18489
45 844417
46 67
46 75484
46 75485
46 75487
46 75488
46 844418
47 243
47 244
47 245
47 247
47 844419
48 67
48 71
48 407
48 18660
48 18661
48 844420
49 67
49 310
49 57195
49 178147
49 178148
49 844421
50 75
50 76
50 77
50 79
50 198822
51 5
51 27
51 99
51 131
51 132
51 133
51 135
51 844422
52 3
52 5
52 20
52 23785
52 54281
52 844423
53 5
53 84
53 90
53 91
53 93
53 121
53 8415
53 26981
53 844424
54 10
54 146
54 147
54 149
54 104936
55 4
55 5
55 99
55 131
55 132
55 133
55 152
55 844425
56 3
56 4
56 5
56 24032
56 24034
56 844426
57 158
57 159
57 160
57 162
57 844427
58 9
58 10
58 11
58 13
58 163
59 5
59 20
59 99
59 131
59 132
59 133
59 165
59 166
60 3
60 5
60 20
60 12137
60 12139
60 844428
61 230
61 231
61 232
61 234
61 844429
62 9
62 10
62 11
62 13
62 163
63 99
63 131
63 132
63 133
63 195
63 236
63 237
64 3
64 20
64 195
64 26371
64 26373
64 844430
65 243
65 244
65 245
65 247
65 844431
66 230
66 231
66 232
66 234
66 844432
67 9
67 10
67 11
67 13
67 163
68 99
68 131
68 132
68 133
68 195
68 236
68 237
69 3
69 4
69 195
69 14397
69 14399
69 844433
70 9
70 10
70 24
70 26
70 27
70 844434
71 3
71 4
71 5
71 175612
71 180269
71 844435
72 76
72 342
72 343
72 345
72 844436
73 243
73 244
73 245
73 247
73 844437
74 10
74 109
74 110
74 112
74 312734
75 3
75 5
75 20
75 4570
75 4572
75 844438
76 5
76 20
76 99
76 131
76 132
76 133
76 166
76 844439
77 3
77 5
77 20
77 24116
77 24118
77 844440
78 5
78 20
78 202
78 107774
78 107776
78 844441
79 10
79 1605
79 1606
79 1608
79 844442
80 3
80 4
80 195
80 347
80 349
80 844443
81 4
81 195
81 202
81 340
81 181076
81 181078
81 844444
82 5
82 84
82 91
82 93
82 121
82 703
82 707
82 956
82 844445
83 5
83 20
83 90
83 122
83 708
83 713
83 15502
83 15504
83 844446
84 10
84 828
84 829
84 831
84 844447
85 4
85 5
85 99
85 133
85 175
85 176
85 178
85 844448
86 3
86 4
86 5
86 3691
86 3693
86 844449
87 4
87 5
87 202
87 6072
87 8684
87 28005
87 181084
87 844450
88 82
88 758
88 759
88 761
88 844451
89 5
89 84
89 91
89 93
89 121
89 703
89 707
89 956
89 844452
90 4
90 5
90 90
90 122
90 708
90 713
90 1104
90 3433
90 80311
90 844453
91 10
91 146
91 147
91 149
91 844454
92 5
92 99
92 115
92 773
92 774
92 775
92 776
92 778
92 746170
93 3
93 5
93 20
93 137162
93 137164
93 535031
94 10
94 828
94 829
94 831
94 844455
95 4
95 5
95 99
95 131
95 132
95 133
95 152
95 433283
96 3
96 4
96 5
96 34647
96 34649
96 844456
97 4
97 5
97 202
97 3199
97 5132
97 844457
98 4
98 5
98 202
98 140235
98 144993
98 336653
99 71
99 76
99 190
99 191
99 844458
seqId 434
1 67
1 71
1 699
1 18402
1 18403
1 844459
2 67
2 20904
2 114603
2 178134
2 178135
2 844460
3 5
3 84
3 90
3 91
3 92
3 93
3 96
3 15502
3 32141
3 822017
4 4
4 5
4 98
4 99
4 100
4 1927
4 372128
5 3
5 4
5 5
5 3691
5 3693
5 844461
6 10
6 146
6 147
6 149
6 844462
7 5
7 20
7 99
7 133
7 175
7 176
7 1316
7 844463
8 5
8 20
8 202
8 2294
8 2296
8 372131
9 3
9 5
9 20
9 6686
9 6688
9 844464
10 75
10 76
10 77
10 79
10 844465
11 5
11 27
11 99
11 131
11 132
11 133
11 135
11 844466
12 3
12 4
12 5
12 7388
12 27055
12 844467
13 27
13 82
13 759
13 944
13 1463
13 844468
14 4
14 5
14 82
14 83
14 84
14 115
14 763
14 1264
14 844469
15 5
15 84
15 90
15 91
15 93
15 121
15 5094
15 43394
15 844470
16 10
16 1387
16 1388
16 1390
16 844471
17 67
17 48564
17 48566
17 52700
17 844472
18 67
18 5187
18 6828
18 14483
18 181117
18 181118
18 844473
19 10
19 126
19 127
19 129
19 372141
20 4
20 5
20 99
20 131
20 132
20 133
20 152
20 844474
21 3
21 4
21 5
21 180367
21 180369
21 844475
22 230
22 231
22 232
22 234
22 844476
23 9
23 10
23 11
23 13
23 163
24 99
24 131
24 132
24 133
24 195
24 236
24 237
25 3
25 20
25 195
25 424
25 25085
25 844477
26 9
26 10
26 11
26 13
26 844478
27 4
27 5
27 99
27 131
27 132
27 133
27 152
27 844479
28 3
28 4
28 5
28 2487
28 26531
28 181129
28 181131
28 198911
29 9
29 10
29 11
29 13
29 198912
30 67
30 72
30 1104
30 3349
30 165809
30 181134
30 181135
30 181137
30 181138
30 844480
31 10
31 146
31 147
31 149
31 844481
32 67
32 601
32 603
32 1197
32 844482
33 5
33 84
33 91
33 93
33 121
33 703
33 707
33 956
33 822041
34 5
34 20
34 99
34 133
34 175
34 176
34 1316
34 784529
35 3
35 5
35 20
35 1718
35 48150
35 844483
36 9
36 10
36 11
36 13
36 746197
37 90
37 443
37 17308
37 34513
37 844484
38 99
38 133
38 175
38 176
38 195
38 234
38 844485
39 3
39 4
39 195
39 340
39 1573
39 1575
39 677285
40 4
40 195
40 202
40 340
40 181149
40 181151
40 844486
41 76
41 2265
41 2266
41 2268
41 844487
42 717
42 718
42 719
42 721
42 844488
43 10
43 146
43 147
43 149
43 722
44 5
44 20
44 99
44 131
44 132
44 133
44 165
44 166
45 3
45 5
45 20
45 18025
45 18027
45 844489
46 5
46 20
46 202
46 6756
46 34953
46 34955
46 844490
47 27
47 82
47 759
47 944
47 1463
47 844491
48 5
48 84
48 90
48 91
48 93
48 121
48 702
48 705
48 844492
49 5
49 20
49 98
49 99
49 100
49 102
49 312807
50 3
50 5
50 20
50 1866
50 1868
50 844493
51 10
51 283
51 284
51 286
51 844494
52 99
52 131
52 132
52 133
52 195
52 237
52 844495
53 3
53 4
53 195
53 38988
53 41180
53 844496
54 9
54 10
54 24
54 26
54 27
54 105030
55 5
55 20
55 202
55 36111
55 168242
55 844497
56 3
56 5
56 20
56 7633
56 168245
56 844498
57 76
57 2265
57 2266
57 2268
57 844499
58 10
58 283
58 284
58 286
58 844500
59 5
59 99
59 115
59 773
59 775
59 776
59 2192
59 3593
59 844501
60 3
60 4
60 5
60 58086
60 117300
60 844502
61 4
61 5
61 26
61 202
61 168154
61 181170
61 181172
61 844503
62 71
62 76
62 190
62 191
62 617584
seqId 435
1 4
1 5
1 98
1 99
1 100
1 4105
1 418969
2 3
2 4
2 5
2 15
2 17
2 844504
3 5
3 84
3 90
3 91
3 93
3 121
3 3777
3 4766
3 844505
4 3
4 5
4 20
4 17801
4 17803
4 844506
5 10
5 146
5 147
5 149
5 677305
6 4
6 5
6 99
6 133
6 175
6 176
6 178
6 844507
7 3
7 4
7 5
7 1395
7 5941
7 844508
8 660
8 2347
8 2348
8 2350
8 844509
9 4
9 5
9 202
9 9309
9 9311
9 844510
10 4
10 5
10 90
10 122
10 708
10 713
10 3686
10 3765
10 844511
11 10
11 828
11 829
11 831
11 535088
12 67
12 17618
12 17619
12 17621
12 844512
13 67
13 15222
13 15223
13 15225
13 844513
14 76
14 342
14 343
14 345
14 433359
15 10
15 283
15 284
15 286
15 844514
16 5
16 20
16 99
16 131
16 132
16 133
16 166
16 844515
17 3
17 5
17 20
17 4345
17 4347
17 844516
18 9
18 10
18 11
18 13
18 844517
19 5
19 99
19 115
19 773
19 774
19 775
19 776
19 778
19 844518
20 3
20 5
20 20
20 1320
20 1322
20 18850
21 10
21 126
21 127
21 129
21 844519
22 4
22 5
22 99
22 131
22 132
22 133
22 152
22 844520
23 3
23 4
23 5
23 13423
23 89516
23 181196
23 181198
23 181199
23 844521
24 4
24 5
24 202
24 26316
24 27473
24 102299
24 181201
24 844522
25 76
25 342
25 343
25 345
25 844523
26 10
26 126
26 127
26 129
26 70143
27 99
27 131
27 132
27 133
27 195
27 237
27 677318
28 3
28 20
28 195
28 340
28 96409
28 142516
28 181207
28 844524
29 9
29 10
29 11
29 13
29 507709
30 3
30 4
30 5
30 181211
30 181213
30 844525
31 67
31 55351
31 55352
31 55354
31 844526
32 158
32 159
32 160
32 162
32 844527
33 9
33 10
33 11
33 13
33 163
34 5
34 20
34 99
34 131
34 132
34 133
34 165
34 166
35 5
35 20
35 202
35 15065
35 176549
35 176551
35 844528
36 3
36 5
36 20
36 16951
36 16953
36 844529
37 71
37 76
37 190
37 191
37 844530
seqId 436
1 10
1 146
1 35562
1 35564
1 336816
2 5
2 27
2 99
2 131
2 132
2 133
2 135
2 844531
3 3
3 4
3 5
3 181222
3 181224
3 844532
4 9
4 10
4 11
4 13
4 822092
5 4
5 5
5 99
5 131
5 132
5 133
5 152
5 844533
6 3
6 4
6 5
6 1913
6 1915
6 844534
7 76
7 342
7 343
7 345
7 844535
8 67
8 161872
8 161873
8 161875
8 844536
9 36
9 67
9 49295
9 181230
9 181231
9 181233
9 844537
10 5
10 84
10 90
10 91
10 93
10 121
10 60403
10 181236
10 433386
11 4
11 5
11 99
11 133
11 175
11 176
11 178
11 844538
12 3
12 4
12 5
12 7388
12 27055
12 844539
13 82
13 758
13 759
13 761
13 471076
14 5
14 84
14 90
14 91
14 93
14 121
14 42092
14 181242
14 844540
15 10
15 126
15 127
15 129
15 844541
16 5
16 20
16 99
16 131
16 132
16 133
16 166
16 844542
17 3
17 5
17 19
17 20
17 105
17 844543
18 9
18 10
18 11
18 13
18 844544
19 4
19 5
19 99
19 131
19 132
19 133
19 152
19 312892
20 3
20 4
20 5
20 13423
20 38175
20 80092
20 181249
20 181251
20 844545
21 10
21 279
21 11672
21 11673
21 844546
22 4
22 5
22 99
22 131
22 132
22 133
22 152
22 844547
23 3
23 4
23 5
23 22981
23 36973
23 844548
24 10
24 146
24 149
24 1539
24 844549
25 90
25 443
25 1334
25 8849
25 844550
26 660
26 6695
26 6696
26 6698
26 844551
27 9
27 10
27 24
27 26
27 27
27 312907
28 4
28 5
28 99
28 133
28 175
28 176
28 178
28 784607
29 3
29 4
29 5
29 1395
29 5941
29 844552
30 10
30 126
30 127
30 129
30 844553
31 99
31 131
31 132
31 133
31 195
31 237
31 784609
32 3
32 20
32 195
32 19603
32 29160
32 844554
33 20
33 90
33 122
33 195
33 708
33 713
33 4530
33 4532
33 844555
34 717
34 718
34 719
34 721
34 844556
35 10
35 146
35 147
35 149
35 722
36 5
36 20
36 99
36 131
36 132
36 133
36 165
36 166
37 3
37 5
37 20
37 181267
37 181268
37 844557
38 230
38 231
38 232
38 234
38 844558
39 9
39 10
39 11
39 13
39 163
40 99
40 131
40 132
40 133
40 195
40 236
40 237
41 3
41 20
41 195
41 180422
41 180424
41 844559
42 71
42 76
42 190
42 191
42 844560
seqId 437
1 51
1 52
1 2054
1 2056
1 822126
2 71
2 76
2 190
2 191
2 394033
seqId 438
1 3
1 4
1 195
1 340
1 38988
1 56542
1 844561
2 243
2 244
2 245
2 247
2 844562
3 3
3 4
3 5
3 7178
3 21009
3 844563
4 4
4 5
4 202
4 35387
4 36351
4 844564
seqId 439
1 5
1 20
1 99
1 131
1 132
1 133
1 967
1 844565
2 5
2 20
2 202
2 38807
2 38809
2 844566
3 5
3 20
3 67
3 37445
3 135367
3 171893
3 844567
4 5
4 84
4 90
4 91
4 92
4 93
4 96
4 11204
4 154306
4 844568
5 99
5 133
5 175
5 176
5 195
5 234
5 844569
6 3
6 20
6 195
6 2221
6 3410
6 844570
7 20
7 90
7 122
7 195
7 708
7 713
7 5073
7 29200
7 844571
8 9
8 10
8 11
8 13
8 746288
9 5
9 27
9 99
9 131
9 132
9 133
9 135
9 844572
10 3
10 4
10 5
10 14686
10 14688
10 844573
11 4
11 5
11 202
11 35387
11 36351
11 844574
12 4
12 5
12 202
12 168118
12 168120
12 844575
13 243
13 244
13 245
13 247
13 844576
14 4
14 5
14 202
14 140235
14 144993
14 844577
15 82
15 758
15 759
15 761
15 844578
16 76
16 342
16 343
16 345
16 844579
17 660
17 941
17 3768
17 3771
17 844580
18 171
18 944
18 945
18 1461
18 1463
18 844581
19 20
19 82
19 83
19 84
19 115
19 195
19 1824
19 1826
19 844582
20 84
20 90
20 91
20 93
20 121
20 195
20 14803
20 26224
20 44717
20 181299
20 844583
21 10
21 171
21 1113
21 1116
21 1662
21 844584
22 660
22 918
22 919
22 921
22 844585
23 10
23 146
23 147
23 149
23 844586
24 99
24 133
24 175
24 176
24 195
24 234
24 844587
25 3
25 4
25 195
25 340
25 597
25 599
25 844588
26 4
26 195
26 202
26 2075
26 2771
26 844589
27 76
27 342
27 343
27 345
27 142338
28 27
28 660
28 661
28 910
28 912
28 844590
29 82
29 83
29 84
29 109
29 112
29 115
29 844591
30 84
30 90
30 91
30 93
30 195
30 914
30 9969
30 13536
30 39049
30 844592
31 660
31 661
31 1240
31 1242
31 844593
32 660
32 18003
32 18004
32 18006
32 844594
33 660
33 1305
33 1306
33 1308
33 844595
34 660
34 3394
34 3396
34 62524
34 844596
35 71
35 76
35 190
35 191
35 844597
seqId 440
1 5
1 20
1 27
1 36
1 82
1 84
1 98
1 100
1 844598
2 5
2 84
2 91
2 93
2 121
2 703
2 707
2 956
2 844599
3 660
3 976
3 977
3 979
3 372291
4 944
4 945
4 946
4 948
4 844600
5 67
5 174157
5 174159
5 174797
5 844601
6 67
6 407
6 174800
6 174801
6 174803
6 844602
7 5
7 84
7 91
7 93
7 121
7 702
7 703
7 705
7 844603
8 5
8 20
8 90
8 122
8 708
8 769
8 1488
8 14134
8 844604
9 67
9 17618
9 17619
9 17621
9 844605
10 67
10 15222
10 15223
10 15225
10 844606
11 243
11 244
11 245
11 247
11 844607
12 67
12 16435
12 16436
12 16438
12 844608
13 67
13 20904
13 114603
13 178134
13 178135
13 844609
14 10
14 283
14 284
14 286
14 844610
15 5
15 20
15 99
15 131
15 132
15 133
15 166
15 844611
16 3
16 5
16 20
16 2863
16 2865
16 844612
17 158
17 159
17 160
17 162
17 844613
18 9
18 10
18 11
18 13
18 163
19 5
19 20
19 99
19 131
19 132
19 133
19 165
19 166
20 3
20 5
20 20
20 13609
20 13611
20 844614
21 9
21 10
21 11
21 13
21 844615
22 3
22 5
22 20
22 1320
22 1322
22 844616
23 10
23 126
23 127
23 129
23 844617
24 5
24 27
24 99
24 131
24 132
24 133
24 135
24 844618
25 3
25 4
25 5
25 14686
25 14688
25 844619
26 9
26 10
26 11
26 13
26 199112
27 67
27 601
27 603
27 1197
27 844620
28 717
28 718
28 719
28 721
28 844621
29 10
29 146
29 147
29 149
29 722
30 5
30 20
30 99
30 131
30 132
30 133
30 165
30 166
31 5
31 20
31 202
31 1718
31 57849
31 844622
32 3
32 5
32 20
32 15215
32 65093
32 131674
32 844623
33 27
33 82
33 759
33 944
33 1463
33 844624
34 5
34 20
34 82
34 83
34 84
34 115
34 763
34 1002
34 784657
35 5
35 84
35 90
35 91
35 93
35 121
35 28383
35 32690
35 844625
36 10
36 1387
36 1388
36 1390
36 844626
37 67
37 128840
37 128841
37 128843
37 844627
38 67
38 407
38 181347
38 181348
38 181350
38 844628
39 71
39 76
39 190
39 191
39 844629
seqId 441
1 5
1 27
1 99
1 131
1 132
1 133
1 699
1 105184
2 3
2 4
2 5
2 14686
2 14688
2 844630
3 9
3 10
3 11
3 13
3 142386
4 67
4 601
4 603
4 1197
4 844631
5 5
5 84
5 90
5 91
5 92
5 93
5 96
5 1509
5 36186
5 844632
6 5
6 20
6 99
6 133
6 175
6 176
6 1316
6 844633
7 3
7 5
7 20
7 3118
7 3120
7 844634
8 5
8 20
8 202
8 3303
8 36191
8 844635
9 158
9 159
9 160
9 162
9 199140
10 9
10 10
10 11
10 13
10 163
11 5
11 20
11 99
11 131
11 132
11 133
11 165
11 166
12 5
12 20
12 67
12 37445
12 135367
12 171893
12 844636
13 71
13 76
13 190
13 191
13 844637
seqId 442
1 67
1 174157
1 174159
1 174797
1 844638
2 67
2 407
2 174800
2 174801
2 174803
2 844639
3 5
3 84
3 90
3 91
3 93
3 121
3 22166
3 46137
3 844640
4 4
4 5
4 98
4 99
4 100
4 1927
4 844641
5 3
5 4
5 5
5 729
5 4454
5 844642
6 4
6 5
6 99
6 133
6 175
6 176
6 178
6 844643
7 4
7 5
7 67
7 5933
7 32572
7 32575
7 372336
8 10
8 126
8 127
8 129
8 844644
9 99
9 131
9 132
9 133
9 195
9 237
9 617729
10 3
10 4
10 195
10 10184
10 10186
10 844645
11 9
11 10
11 11
11 13
11 746357
12 4
12 5
12 99
12 131
12 132
12 133
12 152
12 372341
13 3
13 4
13 5
13 9853
13 9855
13 844646
14 9
14 10
14 11
14 13
14 844647
15 4
15 5
15 99
15 131
15 132
15 133
15 152
15 844648
16 3
16 4
16 5
16 174903
16 174905
16 844649
17 9
17 10
17 11
17 13
17 844650
18 3
18 4
18 5
18 17016
18 18984
18 372347
19 10
19 146
19 147
19 149
19 844651
20 67
20 601
20 603
20 1197
20 844652
21 717
21 718
21 719
21 721
21 70353
22 10
22 146
22 147
22 149
22 722
23 5
23 20
23 99
23 131
23 132
23 133
23 165
23 166
24 5
24 20
24 202
24 1104
24 15065
24 176544
24 176546
24 844653
25 3
25 5
25 20
25 16951
25 16953
25 844654
26 76
26 342
26 343
26 345
26 844655
27 82
27 759
27 2852
27 2854
27 313029
28 5
28 20
28 82
28 83
28 84
28 115
28 763
28 1002
28 313030
29 5
29 84
29 90
29 91
29 93
29 121
29 4180
29 34509
29 844656
30 10
30 828
30 829
30 831
30 844657
31 4
31 5
31 99
31 131
31 132
31 133
31 152
31 844658
32 3
32 4
32 5
32 6896
32 6898
32 844659
33 90
33 443
33 63865
33 63867
33 227011
34 5
34 20
34 99
34 133
34 175
34 176
34 1316
34 844660
35 3
35 5
35 20
35 70793
35 70795
35 844661
36 71
36 76
36 190
36 191
36 471204
seqId 443
1 4
1 5
1 98
1 99
1 100
1 4105
1 844662
2 4
2 5
2 67
2 5933
2 32572
2 32575
2 844663
3 5
3 84
3 90
3 91
3 93
3 121
3 97588
3 107901
3 181400
3 844664
4 5
4 20
4 99
4 133
4 175
4 176
4 1316
4 844665
5 3
5 5
5 20
5 7259
5 7261
5 844666
6 9
6 10
6 11
6 13
6 844667
7 4
7 5
7 202
7 12237
7 12322
7 471211
8 3
8 4
8 5
8 28222
8 28224
8 844668
9 10
9 378
9 379
9 381
9 844669
10 5
10 27
10 99
10 131
10 132
10 133
10 135
10 844670
11 3
11 4
11 5
11 14686
11 14688
11 844671
12 230
12 231
12 232
12 234
12 844672
13 9
13 10
13 11
13 13
13 163
14 99
14 131
14 132
14 133
14 195
14 236
14 237
15 3
15 20
15 195
15 13609
15 33503
15 844673
16 20
16 195
16 202
16 322
16 357
16 844674
17 20
17 195
17 202
17 21447
17 180427
17 419191
18 717
18 718
18 719
18 721
18 419192
19 10
19 146
19 147
19 149
19 722
20 5
20 20
20 99
20 131
20 132
20 133
20 165
20 166
21 5
21 20
21 202
21 1718
21 57849
21 844675
22 3
22 5
22 20
22 15215
22 65093
22 131674
22 844676
23 82
23 758
23 759
23 761
23 844677
24 84
24 90
24 91
24 93
24 121
24 195
24 707
24 1858
24 227039
25 717
25 718
25 719
25 721
25 844678
26 10
26 146
26 147
26 149
26 722
27 5
27 20
27 99
27 131
27 132
27 133
27 165
27 166
28 3
28 5
28 20
28 8760
28 8762
28 758767
29 158
29 159
29 160
29 162
29 844679
30 9
30 10
30 11
30 13
30 163
31 5
31 20
31 99
31 131
31 132
31 133
31 165
31 166
32 3
32 5
32 20
32 1320
32 1322
32 844680
33 9
33 10
33 11
33 13
33 419200
34 67
34 16435
34 16436
34 16438
34 844681
35 67
35 20904
35 114603
35 178134
35 178135
35 844682
36 10
36 378
36 379
36 381
36 844683
37 99
37 131
37 132
37 133
37 195
37 237
37 372380
38 20
38 195
38 202
38 9960
38 9962
38 844684
39 3
39 20
39 195
39 16951
39 70421
39 131943
40 9
40 10
40 11
40 13
40 844685
41 5
41 27
41 99
41 131
41 132
41 133
41 135
41 844686
42 5
42 20
42 202
42 36111
42 168242
42 844687
43 3
43 5
43 20
43 7633
43 168245
43 844688
44 71
44 76
44 190
44 191
44 844689
seqId 444
1 10
1 378
1 3871
1 3873
1 844690
2 4
2 5
2 99
2 115
2 773
2 774
2 775
2 776
2 3330
2 19127
3 3
3 4
3 5
3 5469
3 5471
3 844691
4 76
4 342
4 343
4 345
4 844692
5 67
5 20691
5 20692
5 20694
5 844693
6 67
6 310
6 74143
6 178459
6 178460
6 178462
6 844694
7 27
7 82
7 84
7 114
7 115
7 116
7 118
7 844695
8 5
8 84
8 90
8 91
8 93
8 121
8 37175
8 43997
8 844696
9 10
9 7340
9 9033
9 9035
9 844697
10 660
10 46492
10 46493
10 46495
10 844698
11 10
11 146
11 147
11 149
11 227073
12 5
12 27
12 99
12 131
12 132
12 133
12 135
12 844699
13 3
13 4
13 5
13 14686
13 14688
13 844700
14 4
14 5
14 202
14 322
14 22672
14 844701
15 230
15 231
15 232
15 234
15 844702
16 9
16 10
16 11
16 13
16 163
17 99
17 131
17 132
17 133
17 195
17 236
17 237
18 3
18 20
18 195
18 26371
18 26373
18 844703
19 9
19 10
19 11
19 13
19 313082
20 3
20 4
20 195
20 14834
20 14836
20 844704
21 10
21 283
21 284
21 286
21 844705
22 5
22 27
22 99
22 131
22 132
22 133
22 135
22 844706
23 3
23 5
23 20
23 33358
23 35385
23 844707
24 5
24 20
24 202
24 21447
24 108927
24 844708
25 2822
25 2823
25 2824
25 2826
25 844709
26 10
26 146
26 147
26 149
26 722
27 99
27 131
27 132
27 133
27 195
27 236
27 237
28 5
28 20
28 202
28 15065
28 131933
28 131935
28 844710
29 243
29 244
29 245
29 247
29 844711
30 5
30 20
30 202
30 15065
30 131938
30 131940
30 844712
31 3
31 20
31 195
31 16951
31 131943
31 844713
32 71
32 76
32 190
32 191
32 181462
seqId 445
1 5
1 20
1 82
1 83
1 84
1 115
1 763
1 3948
1 181463
2 82
2 83
2 84
2 115
2 5729
2 5731
2 142535
3 5
3 84
3 90
3 91
3 93
3 121
3 702
3 705
3 535285
4 660
4 2305
4 2306
4 2308
4 844714
5 5
5 20
5 99
5 133
5 175
5 176
5 1316
5 19164
6 3
6 5
6 20
6 7393
6 7395
6 844715
7 5
7 20
7 202
7 5273
7 45086
7 844716
8 9
8 10
8 11
8 13
8 844717
9 3
9 5
9 20
9 19820
9 19822
9 758807
10 10
10 378
10 379
10 381
10 844718
11 660
11 3768
11 3769
11 3771
11 844719
12 99
12 133
12 175
12 176
12 195
12 234
12 844720
13 3
13 20
13 195
13 2034
13 3403
13 844721
14 158
14 159
14 160
14 162
14 844722
15 9
15 10
15 11
15 13
15 163
16 5
16 20
16 99
16 131
16 132
16 133
16 165
16 166
17 5
17 20
17 202
17 38807
17 38809
17 844723
18 5
18 20
18 67
18 37445
18 135367
18 171893
18 844724
19 76
19 2265
19 2266
19 2268
19 844725
20 2822
20 2823
20 2824
20 2826
20 507909
21 10
21 146
21 147
21 149
21 722
22 99
22 131
22 132
22 133
22 195
22 236
22 237
23 3
23 20
23 195
23 209
23 32891
23 535302
24 660
24 1305
24 1306
24 1308
24 844726
25 20
25 90
25 122
25 195
25 708
25 713
25 6971
25 6973
25 844727
26 76
26 342
26 343
26 345
26 844728
27 5
27 20
27 82
27 83
27 84
27 115
27 763
27 1002
27 844729
28 5
28 84
28 90
28 91
28 93
28 121
28 12628
28 12630
28 844730
29 717
29 718
29 719
29 721
29 419254
30 10
30 146
30 149
30 722
30 1539
31 5
31 20
31 99
31 131
31 132
31 133
31 165
31 166
32 660
32 18003
32 18004
32 18006
32 844731
33 90
33 443
33 17531
33 25104
33 844732
34 5
34 20
34 82
34 84
34 100
34 4680
34 7814
34 844733
35 9
35 10
35 11
35 13
35 105309
36 67
36 128840
36 128841
36 128843
36 844734
37 67
37 75484
37 75485
37 75487
37 75488
37 844735
38 82
38 758
38 759
38 761
38 844736
39 5
39 84
39 90
39 91
39 93
39 121
39 8415
39 26981
39 844737
40 10
40 146
40 147
40 149
40 844738
41 5
41 27
41 99
41 131
41 132
41 133
41 135
41 844739
42 3
42 4
42 5
42 1395
42 5941
42 844740
43 230
43 231
43 232
43 234
43 419267
44 9
44 10
44 11
44 13
44 163
45 99
45 131
45 132
45 133
45 195
45 236
45 237
46 3
46 20
46 195
46 34626
46 34628
46 844741
47 20
47 195
47 202
47 18530
47 47259
47 58252
47 85401
47 181498
47 844742
48 20
48 195
48 202
48 21447
48 180427
48 844743
49 660
49 3261
49 3262
49 3264
49 535319
50 9
50 10
50 11
50 13
50 844744
51 5
51 27
51 99
51 131
51 132
51 133
51 135
51 844745
52 3
52 5
52 20
52 2803
52 17126
52 844746
53 5
53 20
53 99
53 131
53 132
53 133
53 967
53 844747
54 5
54 20
54 67
54 179297
54 181507
54 181509
54 844748
55 71
55 76
55 190
55 191
55 199311
seqId 446
1 10
1 378
1 3871
1 3873
1 844749
2 5
2 20
2 99
2 131
2 132
2 133
2 166
2 433597
3 5
3 20
3 202
3 566
3 568
3 844750
4 3
4 5
4 20
4 384
4 386
4 844751
5 76
5 342
5 343
5 345
5 227143
6 5
6 27
6 99
6 131
6 132
6 133
6 135
6 70506
7 3
7 5
7 20
7 28738
7 28740
7 844752
8 5
8 84
8 91
8 92
8 93
8 703
8 707
8 16563
8 844753
9 20
9 90
9 122
9 708
9 713
9 1345
9 1347
9 844754
10 660
10 1377
10 6485
10 6487
10 844755
11 660
11 6286
11 6287
11 6289
11 844756
12 10
12 126
12 127
12 129
12 844757
13 99
13 131
13 132
13 133
13 195
13 237
13 844758
14 3
14 20
14 195
14 2723
14 3278
14 784794
15 10
15 1605
15 1606
15 1608
15 844759
16 3
16 4
16 5
16 7178
16 21009
16 844760
17 4
17 5
17 202
17 35387
17 36351
17 844761
18 243
18 244
18 245
18 247
18 844762
19 3
19 4
19 5
19 7178
19 21009
19 844763
20 4
20 5
20 202
20 3199
20 5132
20 844764
21 76
21 342
21 343
21 345
21 746486
22 9
22 10
22 24
22 26
22 27
22 844765
23 4
23 5
23 99
23 133
23 175
23 176
23 178
23 844766
24 3
24 4
24 5
24 5469
24 5471
24 844767
25 10
25 1387
25 1388
25 1390
25 844768
26 5
26 27
26 99
26 131
26 132
26 133
26 135
26 844769
27 3
27 4
27 5
27 1395
27 5941
27 844770
28 230
28 231
28 232
28 234
28 844771
29 9
29 10
29 11
29 13
29 163
30 99
30 131
30 132
30 133
30 195
30 236
30 237
31 3
31 20
31 195
31 2429
31 22565
31 844772
32 9
32 10
32 11
32 13
32 535349
33 4
33 5
33 99
33 131
33 132
33 133
33 152
33 844773
34 3
34 4
34 5
34 9853
34 9855
34 844774
35 9
35 10
35 11
35 13
35 844775
36 4
36 5
36 99
36 131
36 132
36 133
36 152
36 844776
37 3
37 4
37 5
37 17016
37 18984
37 844777
38 10
38 126
38 127
38 129
38 844778
39 5
39 20
39 99
39 131
39 132
39 133
39 166
39 199346
40 3
40 5
40 20
40 25943
40 25945
40 844779
41 5
41 20
41 202
41 35387
41 35389
41 844780
42 76
42 413
42 414
42 416
42 844781
43 67
43 71
43 407
43 18660
43 18661
43 844782
44 67
44 407
44 174800
44 174801
44 174803
44 844783
45 76
45 433
45 434
45 436
45 844784
46 76
46 342
46 343
46 345
46 844785
47 243
47 244
47 245
47 247
47 758874
48 9
48 10
48 24
48 26
48 27
48 844786
49 4
49 5
49 202
49 2294
49 2296
49 471345
50 3
50 4
50 5
50 5469
50 5471
50 822367
51 10
51 1387
51 1388
51 1390
51 844787
52 4
52 5
52 99
52 133
52 175
52 176
52 178
52 844788
53 3
53 4
53 5
53 15
53 17
53 844789
54 10
54 126
54 127
54 129
54 617897
55 99
55 131
55 132
55 133
55 195
55 237
55 844790
56 3
56 20
56 195
56 181149
56 181564
56 844791
57 20
57 195
57 202
57 21447
57 180427
57 844792
58 20
58 90
58 122
58 195
58 708
58 713
58 9250
58 58963
58 844793
59 10
59 109
59 110
59 112
59 617905
60 3
60 4
60 5
60 19923
60 19925
60 822381
61 158
61 159
61 160
61 162
61 758886
62 9
62 10
62 11
62 13
62 163
63 5
63 20
63 99
63 131
63 132
63 133
63 165
63 166
64 3
64 5
64 20
64 234
64 34802
64 145142
64 181571
64 844794
65 5
65 20
65 90
65 122
65 708
65 713
65 36172
65 109821
65 844795
66 9
66 10
66 11
66 13
66 844796
67 3
67 4
67 5
67 34668
67 36123
67 844797
68 4
68 5
68 202
68 5516
68 5518
68 844798
69 76
69 413
69 414
69 416
69 844799
70 5
70 20
70 99
70 131
70 132
70 133
70 166
70 227203
71 3
71 5
71 20
71 34626
71 37417
71 535378
72 230
72 231
72 232
72 234
72 535379
73 9
73 10
73 11
73 13
73 163
74 99
74 131
74 132
74 133
74 195
74 236
74 237
75 3
75 20
75 195
75 340
75 3812
75 32635
75 68692
75 97621
75 181582
75 844800
76 76
76 433
76 434
76 436
76 844801
77 244
77 418
77 419
77 421
77 844802
78 9
78 10
78 11
78 13
78 844803
79 3
79 4
79 5
79 34668
79 36123
79 844804
80 4
80 5
80 202
80 9212
80 9214
80 844805
81 717
81 718
81 719
81 721
81 844806
82 10
82 146
82 147
82 149
82 722
83 5
83 20
83 99
83 131
83 132
83 133
83 165
83 166
84 3
84 5
84 20
84 34150
84 34152
84 844807
85 230
85 231
85 232
85 234
85 844808
86 9
86 10
86 11
86 13
86 163
87 99
87 131
87 132
87 133
87 195
87 236
87 237
88 3
88 4
88 195
88 2868
88 3551
88 844809
89 67
89 48274
89 67838
89 99566
89 181593
89 181594
89 844810
90 243
90 244
90 245
90 247
90 844811
91 67
91 811
91 10653
91 181598
91 181599
91 181601
91 844812
92 76
92 413
92 414
92 416
92 844813
93 67
93 71
93 699
93 18402
93 18403
93 844814
94 67
94 20904
94 114603
94 178134
94 178135
94 844815
95 76
95 433
95 434
95 436
95 844816
96 71
96 76
96 190
96 191
96 844817
seqId 447
1 99
1 131
1 132
1 133
1 195
1 1220
1 844818
2 3
2 20
2 195
2 170181
2 181610
2 844819
3 230
3 231
3 232
3 234
3 844820
4 9
4 10
4 11
4 13
4 163
5 99
5 131
5 132
5 133
5 195
5 236
5 237
6 3
6 4
6 195
6 24715
6 67670
6 844821
7 20
7 90
7 122
7 195
7 340
7 708
7 713
7 3979
7 14312
7 844822
8 10
8 283
8 284
8 286
8 313274
9 5
9 20
9 99
9 133
9 175
9 176
9 1316
9 313275
10 5
10 20
10 202
10 12237
10 12239
10 844823
11 5
11 20
11 202
11 15065
11 131938
11 131940
11 181618
12 3
12 5
12 20
12 16951
12 16953
12 844824
13 10
13 828
13 829
13 831
13 844825
14 67
14 15222
14 15223
14 15225
14 844826
15 67
15 11542
15 49432
15 178449
15 178450
15 178452
15 844827
16 76
16 413
16 414
16 416
16 844828
17 10
17 146
17 149
17 1539
17 844829
18 90
18 443
18 1334
18 8849
18 142713
19 230
19 231
19 232
19 234
19 844830
20 9
20 10
20 11
20 13
20 163
21 99
21 131
21 132
21 133
21 195
21 236
21 237
22 3
22 20
22 195
22 9758
22 33695
22 844831
23 9
23 10
23 11
23 13
23 433691
24 67
24 11612
24 48234
24 181629
24 181630
24 844832
25 243
25 244
25 245
25 247
25 844833
26 9
26 10
26 11
26 13
26 844834
27 67
27 181635
27 181636
27 181638
27 844835
28 76
28 433
28 434
28 436
28 142720
29 10
29 283
29 284
29 286
29 105435
30 5
30 99
30 115
30 773
30 774
30 775
30 776
30 778
30 105436
31 5
31 67
31 5933
31 32572
31 32575
31 784861
32 10
32 109
32 110
32 112
32 337358
33 3
33 5
33 20
33 389
33 391
33 844836
34 9
34 10
34 24
34 26
34 27
34 844837
35 3
35 4
35 5
35 9634
35 9636
35 844838
36 84
36 91
36 93
36 121
36 195
36 703
36 707
36 1858
36 844839
37 5
37 20
37 99
37 133
37 175
37 176
37 1316
37 758936
38 5
38 20
38 202
38 2294
38 2296
38 844840
39 3
39 5
39 20
39 7393
39 7395
39 844841
40 10
40 378
40 379
40 381
40 844842
41 90
41 443
41 3979
41 36008
41 844843
42 660
42 2906
42 19025
42 36107
42 844844
43 4
43 5
43 99
43 131
43 132
43 133
43 152
43 844845
44 3
44 4
44 5
44 36130
44 36132
44 844846
45 4
45 5
45 202
45 322
45 22672
45 844847
46 717
46 718
46 719
46 721
46 142735
47 10
47 146
47 147
47 149
47 722
48 5
48 20
48 99
48 131
48 132
48 133
48 165
48 166
49 3
49 5
49 20
49 1325
49 1327
49 844848
50 9
50 10
50 11
50 13
50 227262
51 4
51 5
51 99
51 131
51 132
51 133
51 152
51 784878
52 3
52 4
52 5
52 2902
52 7132
52 181661
52 844849
53 4
53 5
53 202
53 35387
53 36351
53 844850
54 5
54 84
54 90
54 91
54 93
54 121
54 3906
54 14583
54 844851
55 76
55 342
55 343
55 345
55 844852
56 10
56 283
56 284
56 286
56 746599
57 5
57 20
57 99
57 131
57 132
57 133
57 166
57 844853
58 3
58 5
58 20
58 10622
58 10624
58 844854
59 5
59 20
59 202
59 13322
59 13324
59 844855
60 76
60 342
60 343
60 345
60 844856
61 10
61 828
61 829
61 831
61 471433
62 99
62 131
62 132
62 133
62 195
62 237
62 471434
63 3
63 4
63 195
63 8004
63 77607
63 844857
64 4
64 195
64 202
64 5627
64 35059
64 844858
65 71
65 76
65 190
65 191
65 844859
seqId 448
1 67
1 71
1 1725
1 1726
1 1728
1 844860
2 67
2 11542
2 49432
2 178449
2 178450
2 178452
2 844861
3 5
3 84
3 90
3 91
3 93
3 121
3 3979
3 35380
3 844862
4 99
4 131
4 132
4 133
4 195
4 237
4 844863
5 3
5 4
5 195
5 17302
5 17304
5 844864
6 4
6 195
6 202
6 39745
6 181682
6 844865
7 9
7 10
7 11
7 13
7 844866
8 3
8 4
8 5
8 17350
8 17352
8 844867
9 230
9 231
9 232
9 234
9 844868
10 9
10 10
10 11
10 13
10 163
11 99
11 131
11 132
11 133
11 195
11 236
11 237
12 3
12 4
12 195
12 3332
12 60114
12 313322
13 9
13 10
13 11
13 13
13 70660
14 98
14 99
14 100
14 195
14 2073
14 844869
15 3
15 20
15 195
15 170181
15 181610
15 844870
16 9
16 10
16 11
16 13
16 844871
17 5
17 20
17 202
17 4294
17 58878
17 844872
18 3
18 5
18 20
18 6956
18 6958
18 844873
19 717
19 718
19 719
19 721
19 70664
20 10
20 146
20 147
20 149
20 722
21 5
21 20
21 99
21 131
21 132
21 133
21 165
21 166
22 3
22 5
22 20
22 1325
22 1327
22 844874
23 9
23 10
23 11
23 13
23 844875
24 5
24 27
24 99
24 131
24 132
24 133
24 135
24 313330
25 3
25 5
25 20
25 19410
25 181697
25 181699
26 5
26 20
26 202
26 174703
26 174705
26 746632
27 243
27 244
27 245
27 247
27 844876
28 230
28 231
28 232
28 234
28 844877
29 9
29 10
29 11
29 13
29 163
30 99
30 131
30 132
30 133
30 195
30 236
30 237
31 3
31 4
31 195
31 81837
31 181705
31 844878
32 76
32 413
32 414
32 416
32 784930
33 3
33 4
33 5
33 504
33 14984
33 844879
34 9
34 10
34 11
34 13
34 844880
35 4
35 195
35 202
35 795
35 3439
35 844881
36 3
36 4
36 195
36 8004
36 77607
36 844882
37 4
37 195
37 202
37 340
37 28253
37 181712
37 181714
37 844883
38 10
38 283
38 284
38 286
38 822497
39 99
39 131
39 132
39 133
39 195
39 237
39 822498
40 3
40 4
40 195
40 340
40 45823
40 45825
40 844884
41 76
41 342
41 343
41 345
41 844885
42 3
42 4
42 5
42 34942
42 34944
42 844886
43 230
43 231
43 232
43 234
43 844887
44 9
44 10
44 11
44 13
44 163
45 99
45 131
45 132
45 133
45 195
45 236
45 237
46 3
46 20
46 195
46 340
46 3812
46 32635
46 68692
46 97621
46 181582
46 844888
47 76
47 342
47 343
47 345
47 535487
48 3
48 4
48 5
48 117765
48 117767
48 844889
49 9
49 10
49 11
49 13
49 844890
50 4
50 5
50 99
50 131
50 132
50 133
50 152
50 618026
51 3
51 4
51 5
51 59407
51 181714
51 181726
51 844891
52 9
52 10
52 11
52 13
52 618030
53 4
53 195
53 202
53 1888
53 3548
53 844892
54 3
54 4
54 195
54 2196
54 2198
54 844893
55 4
55 195
55 202
55 181731
55 181733
55 844894
56 76
56 433
56 434
56 436
56 844895
57 71
57 76
57 190
57 191
57 844896
seqId 449
1 4
1 5
1 99
1 131
1 132
1 133
1 811
1 844897
2 3
2 4
2 5
2 9853
2 9855
2 844898
3 9
3 10
3 24
3 26
3 27
3 844899
4 5
4 20
4 99
4 133
4 175
4 176
4 1316
4 372670
5 3
5 5
5 20
5 2221
5 2223
5 844900
6 230
6 231
6 232
6 234
6 70710
7 9
7 10
7 11
7 13
7 163
8 99
8 131
8 132
8 133
8 195
8 236
8 237
9 3
9 4
9 195
9 897
9 3520
9 844901
10 4
10 195
10 202
10 254
10 3637
10 844902
11 717
11 718
11 719
11 721
11 844903
12 10
12 146
12 147
12 149
12 722
13 5
13 20
13 99
13 131
13 132
13 133
13 165
13 166
14 3
14 5
14 20
14 1325
14 1327
14 844904
15 230
15 231
15 232
15 234
15 844905
16 9
16 10
16 11
16 13
16 163
17 99
17 131
17 132
17 133
17 195
17 236
17 237
18 3
18 4
18 195
18 38988
18 41180
18 844906
19 9
19 10
19 11
19 13
19 844907
20 5
20 27
20 99
20 131
20 132
20 133
20 135
20 844908
21 3
21 5
21 20
21 145028
21 145182
21 844909
22 2822
22 2823
22 2824
22 2826
22 844910
23 10
23 146
23 147
23 149
23 722
24 99
24 131
24 132
24 133
24 195
24 236
24 237
25 5
25 20
25 202
25 15065
25 130808
25 130810
25 844911
26 243
26 244
26 245
26 247
26 844912
27 5
27 20
27 202
27 15065
27 131933
27 131935
27 844913
28 3
28 20
28 195
28 16951
28 131943
28 844914
29 5
29 84
29 91
29 93
29 121
29 703
29 707
29 956
29 844915
30 4
30 5
30 202
30 64857
30 64859
30 844916
31 10
31 378
31 379
31 381
31 372691
32 90
32 443
32 8667
32 181759
32 844917
33 10
33 283
33 284
33 286
33 844918
34 4
34 5
34 99
34 133
34 175
34 176
34 178
34 844919
35 3
35 4
35 5
35 4107
35 4109
35 844920
36 4
36 5
36 202
36 1403
36 7713
36 844921
37 99
37 131
37 132
37 133
37 195
37 237
37 19501
38 3
38 20
38 195
38 1320
38 3384
38 19502
39 20
39 90
39 122
39 195
39 708
39 713
39 3563
39 42648
39 844922
40 10
40 126
40 127
40 129
40 181768
41 5
41 20
41 99
41 131
41 132
41 133
41 166
41 433816
42 3
42 5
42 20
42 10622
42 10624
42 844923
43 5
43 20
43 202
43 13322
43 13324
43 844924
44 71
44 76
44 190
44 191
44 844925
seqId 450
1 67
1 71
1 1725
1 1726
1 1728
1 844926
2 67
2 1886
2 39484
2 178397
2 178398
2 844927
3 5
3 84
3 90
3 91
3 93
3 121
3 31304
3 31333
3 844928
4 10
4 126
4 127
4 129
4 508159
5 13
5 99
5 133
5 175
5 176
5 195
5 508160
6 20
6 195
6 202
6 14709
6 14711
6 844929
7 3
7 20
7 195
7 23048
7 23050
7 844930
8 230
8 231
8 232
8 234
8 844931
9 9
9 10
9 11
9 13
9 163
10 99
10 131
10 132
10 133
10 195
10 236
10 237
11 3
11 4
11 195
11 5859
11 14468
11 844932
12 4
12 195
12 202
12 340
12 37128
12 37130
12 844933
13 10
13 109
13 110
13 112
13 844934
14 3
14 5
14 20
14 5228
14 15262
14 844935
15 10
15 1387
15 1388
15 1390
15 844936
16 5
16 27
16 99
16 131
16 132
16 133
16 135
16 844937
17 3
17 5
17 20
17 20716
17 20718
17 844938
18 5
18 20
18 202
18 35387
18 35389
18 844939
19 243
19 244
19 245
19 247
19 227396
20 660
20 1622
20 1623
20 1625
20 844940
21 5
21 20
21 202
21 27458
21 181788
21 181790
21 844941
22 76
22 342
22 343
22 345
22 844942
23 20
23 82
23 84
23 98
23 100
23 102
23 844943
24 82
24 758
24 759
24 761
24 844944
25 5
25 84
25 90
25 91
25 93
25 121
25 44687
25 181795
25 844945
26 158
26 159
26 160
26 162
26 677735
27 9
27 10
27 13
27 163
27 1539
28 5
28 20
28 99
28 131
28 132
28 133
28 165
28 166
29 3
29 5
29 20
29 1493
29 1495
29 844946
30 5
30 20
30 99
30 133
30 175
30 176
30 1316
30 70772
31 3
31 5
31 20
31 131238
31 168919
31 181799
32 9
32 10
32 11
32 13
32 508183
33 99
33 115
33 195
33 773
33 774
33 775
33 776
33 3400
33 844947
34 3
34 4
34 15
34 195
34 4121
34 844948
35 9
35 10
35 11
35 13
35 844949
36 4
36 82
36 84
36 100
36 195
36 4680
36 4682
36 844950
37 9
37 10
37 11
37 13
37 105652
38 67
38 71
38 407
38 18660
38 18661
38 844951
39 67
39 407
39 174800
39 174801
39 174803
39 844952
40 75
40 76
40 77
40 79
40 844953
41 5
41 27
41 99
41 131
41 132
41 133
41 135
41 844954
42 3
42 4
42 5
42 1395
42 5941
42 844955
43 230
43 231
43 232
43 234
43 844956
44 9
44 10
44 11
44 13
44 163
45 99
45 131
45 132
45 133
45 195
45 236
45 237
46 3
46 4
46 195
46 181811
46 181813
46 844957
47 4
47 195
47 202
47 254
47 3637
47 227418
48 9
48 10
48 11
48 13
48 822576
49 4
49 5
49 99
49 131
49 132
49 133
49 152
49 844958
50 3
50 4
50 5
50 9853
50 9855
50 844959
51 9
51 10
51 11
51 13
51 844960
52 4
52 5
52 99
52 131
52 132
52 133
52 152
52 844961
53 3
53 4
53 5
53 17016
53 18984
53 844962
54 10
54 146
54 147
54 149
54 844963
55 67
55 601
55 603
55 1197
55 844964
56 5
56 84
56 91
56 93
56 121
56 703
56 707
56 956
56 785026
57 10
57 146
57 147
57 149
57 844965
58 90
58 443
58 1345
58 9933
58 199636
59 10
59 109
59 110
59 112
59 199637
60 3
60 4
60 5
60 4107
60 4109
60 844966
61 10
61 1387
61 1388
61 1390
61 844967
62 99
62 131
62 132
62 133
62 195
62 237
62 19579
63 3
63 4
63 195
63 17302
63 17304
63 844968
64 82
64 758
64 759
64 761
64 844969
65 27
65 82
65 84
65 114
65 115
65 116
65 118
65 844970
66 84
66 90
66 91
66 93
66 121
66 195
66 6786
66 34699
66 844971
67 10
67 378
67 379
67 381
67 508208
68 99
68 131
68 132
68 133
68 195
68 237
68 618175
69 3
69 20
69 195
69 48731
69 181837
69 844972
70 158
70 159
70 160
70 162
70 844973
71 9
71 10
71 11
71 13
71 163
72 5
72 20
72 99
72 131
72 132
72 133
72 165
72 166
73 3
73 5
73 20
73 181839
73 181841
73 844974
74 660
74 2136
74 2137
74 2139
74 844975
75 230
75 231
75 232
75 234
75 844976
76 9
76 10
76 11
76 13
76 163
77 99
77 131
77 132
77 133
77 195
77 236
77 237
78 3
78 4
78 195
78 181845
78 181847
78 844977
79 4
79 195
79 202
79 340
79 145013
79 145015
79 844978
80 71
80 76
80 190
80 191
80 844979
seqId 451
1 99
1 131
1 132
1 133
1 195
1 1220
1 844980
2 3
2 4
2 195
2 18773
2 20364
2 844981
3 4
3 195
3 202
3 340
3 37128
3 37130
3 844982
4 243
4 244
4 245
4 247
4 844983
5 4
5 195
5 202
5 18537
5 122406
5 844984
6 27
6 82
6 759
6 944
6 1463
6 844985
7 5
7 20
7 82
7 83
7 84
7 115
7 763
7 1002
7 142937
8 5
8 84
8 90
8 91
8 93
8 121
8 3979
8 35380
8 844986
9 84
9 90
9 91
9 93
9 121
9 195
9 755
9 181859
9 181861
9 844987
10 660
10 1622
10 1623
10 1625
10 844988
11 10
11 1387
11 1388
11 1390
11 844989
12 99
12 131
12 132
12 133
12 195
12 237
12 844990
13 3
13 4
13 195
13 5859
13 14468
13 844991
14 230
14 231
14 232
14 234
14 844992
15 9
15 10
15 11
15 13
15 163
16 99
16 131
16 132
16 133
16 195
16 236
16 237
17 3
17 20
17 195
17 37128
17 181869
17 844993
18 20
18 195
18 202
18 21447
18 180427
18 844994
19 20
19 90
19 122
19 195
19 340
19 708
19 713
19 3979
19 14312
19 844995
20 10
20 828
20 829
20 831
20 844996
21 67
21 71
21 699
21 18402
21 18403
21 337692
22 67
22 20904
22 114603
22 178134
22 178135
22 844997
23 71
23 76
23 190
23 191
23 372808
seqId 452
1 660
1 5049
1 7881
1 7883
1 844998
2 99
2 131
2 132
2 133
2 195
2 237
2 199693
3 3
3 4
3 195
3 10184
3 10186
3 844999
4 9
4 10
4 11
4 13
4 845000
5 3
5 4
5 5
5 6070
5 6072
5 845001
6 230
6 231
6 232
6 234
6 845002
7 9
7 10
7 11
7 13
7 163
8 99
8 131
8 132
8 133
8 195
8 236
8 237
9 3
9 20
9 195
9 17780
9 27594
9 845003
10 20
10 195
10 202
10 37128
10 181869
10 618232
11 76
11 2265
11 2266
11 2268
11 746810
12 3
12 4
12 195
12 340
12 62235
12 62237
12 845004
13 4
13 195
13 202
13 340
13 9212
13 9214
13 845005
14 244
14 418
14 419
14 421
14 337716
15 4
15 195
15 202
15 29358
15 45223
15 845006
16 76
16 342
16 343
16 345
16 845007
17 4
17 195
17 202
17 1341
17 21523
17 845008
18 244
18 418
18 419
18 421
18 845009
19 9
19 10
19 11
19 13
19 372825
20 4
20 5
20 202
20 7021
20 7023
20 845010
21 3
21 4
21 5
21 181893
21 181895
21 785087
22 4
22 5
22 202
22 33079
22 33081
22 845011
23 76
23 2265
23 2266
23 2268
23 845012
24 27
24 82
24 759
24 944
24 1463
24 845013
25 5
25 20
25 82
25 83
25 84
25 115
25 763
25 1002
25 845014
26 5
26 84
26 90
26 91
26 93
26 121
26 1345
26 25286
26 845015
27 10
27 146
27 147
27 149
27 845016
28 3
28 5
28 20
28 11297
28 18838
28 677811
29 84
29 90
29 91
29 93
29 121
29 195
29 4251
29 34669
29 34815
29 845017
30 5
30 27
30 99
30 131
30 132
30 133
30 135
30 845018
31 3
31 4
31 5
31 2608
31 4490
31 845019
32 4
32 5
32 202
32 322
32 22672
32 845020
33 4
33 5
33 202
33 35387
33 36351
33 845021
34 243
34 244
34 245
34 247
34 845022
35 99
35 115
35 195
35 773
35 774
35 775
35 776
35 3400
35 508278
36 3
36 4
36 195
36 12778
36 12780
36 845023
37 4
37 195
37 202
37 27314
37 151042
37 151043
37 181911
37 845024
38 82
38 758
38 759
38 761
38 845025
39 84
39 91
39 93
39 121
39 195
39 703
39 707
39 1858
39 845026
40 660
40 6286
40 6287
40 6289
40 845027
41 4
41 90
41 122
41 195
41 708
41 713
41 2787
41 31304
41 58651
41 845028
42 10
42 828
42 829
42 831
42 845029
43 67
43 71
43 699
43 18402
43 18403
43 845030
44 67
44 20904
44 114603
44 178134
44 178135
44 845031
45 243
45 244
45 245
45 247
45 471674
46 67
46 71
46 1725
46 1726
46 1728
46 845032
47 67
47 11542
47 49432
47 178449
47 178450
47 178452
47 845033
48 71
48 76
48 190
48 191
48 535672
seqId 453
1 20
1 195
1 202
1 1377
1 92175
1 845034
2 98
2 99
2 100
2 195
2 2073
2 535675
3 3
3 20
3 195
3 10402
3 10404
3 845035
4 84
4 90
4 91
4 93
4 121
4 195
4 8415
4 26497
4 28349
4 845036
5 660
5 976
5 977
5 979
5 845037
6 10
6 146
6 147
6 149
6 845038
7 4
7 5
7 99
7 133
7 175
7 176
7 178
7 845039
8 3
8 4
8 5
8 14686
8 14688
8 845040
9 158
9 159
9 160
9 162
9 845041
10 9
10 10
10 11
10 13
10 163
11 5
11 20
11 99
11 131
11 132
11 133
11 165
11 166
12 3
12 5
12 20
12 1320
12 1322
12 677840
13 10
13 109
13 110
13 112
13 677841
14 3
14 4
14 5
14 38988
14 38990
14 845042
15 76
15 342
15 343
15 345
15 845043
16 90
16 121
16 122
16 3372
16 35776
16 845044
17 20
17 85
17 99
17 195
17 2075
17 2077
17 845045
18 3
18 20
18 195
18 35837
18 35839
18 313536
19 20
19 195
19 202
19 322
19 357
19 845046
20 71
20 76
20 190
20 191
20 845047
seqId 454
1 5
1 20
1 99
1 133
1 175
1 176
1 9647
1 618303
2 5
2 20
2 202
2 9960
2 32945
2 845048
3 3
3 5
3 20
3 7393
3 7395
3 845049
4 9
4 10
4 24
4 26
4 27
4 845050
5 3
5 4
5 5
5 7388
5 27055
5 845051
6 5
6 84
6 90
6 91
6 92
6 93
6 96
6 3372
6 3374
6 845052
7 67
7 71
7 6078
7 9551
7 9552
7 845053
8 67
8 857
8 48314
8 175998
8 175999
8 845054
9 243
9 244
9 245
9 247
9 845055
10 67
10 70
10 71
10 64117
10 64118
10 845056
11 67
11 310
11 74143
11 178459
11 178460
11 178462
11 845057
12 660
12 3261
12 3262
12 3264
12 845058
13 9
13 10
13 11
13 13
13 759195
14 5
14 27
14 99
14 131
14 132
14 133
14 135
14 845059
15 3
15 4
15 5
15 897
15 899
15 845060
16 4
16 5
16 202
16 838
16 23221
16 106942
16 845061
17 10
17 283
17 284
17 286
17 845062
18 99
18 131
18 132
18 133
18 195
18 237
18 845063
19 3
19 4
19 195
19 38988
19 41180
19 845064
20 9
20 10
20 24
20 26
20 27
20 845065
21 5
21 20
21 202
21 36111
21 168242
21 845066
22 3
22 5
22 20
22 7633
22 168245
22 845067
23 71
23 76
23 190
23 191
23 845068
seqId 455
1 4
1 5
1 98
1 99
1 100
1 4105
1 845069
2 3
2 4
2 5
2 7388
2 27055
2 845070
3 5
3 84
3 93
3 121
3 702
3 703
3 4621
3 124723
3 845071
4 20
4 90
4 122
4 708
4 2081
4 2083
4 845072
5 443
5 703
5 707
5 2086
5 845073
6 4
6 5
6 90
6 122
6 708
6 713
6 3482
6 28887
6 677876
7 10
7 146
7 147
7 149
7 845074
8 5
8 27
8 99
8 131
8 132
8 133
8 135
8 845075
9 3
9 5
9 20
9 2320
9 2322
9 845076
10 51
10 52
10 1427
10 1962
10 845077
11 76
11 342
11 343
11 345
11 845078
12 243
12 244
12 245
12 247
12 19780
13 4
13 5
13 82
13 83
13 84
13 115
13 152
13 763
13 313565
14 90
14 443
14 21159
14 21161
14 845079
15 660
15 30602
15 30603
15 30605
15 845080
16 5
16 84
16 91
16 93
16 121
16 703
16 707
16 956
16 845081
17 4
17 5
17 99
17 133
17 175
17 176
17 178
17 845082
18 3
18 4
18 5
18 3615
18 3617
18 845083
19 9
19 10
19 24
19 26
19 27
19 845084
20 90
20 443
20 25803
20 25805
20 845085
21 10
21 126
21 127
21 129
21 181983
22 20
22 82
22 84
22 98
22 100
22 102
22 181984
23 82
23 758
23 759
23 761
23 181985
24 82
24 83
24 84
24 109
24 112
24 115
24 471738
25 5
25 84
25 91
25 93
25 121
25 703
25 707
25 956
25 143087
26 5
26 20
26 90
26 122
26 708
26 713
26 29368
26 143088
26 181988
27 10
27 109
27 110
27 112
27 143089
28 3
28 4
28 5
28 4550
28 8014
28 845086
29 9
29 10
29 11
29 13
29 845087
30 3
30 4
30 5
30 4094
30 12255
30 845088
31 230
31 231
31 232
31 234
31 845089
32 9
32 10
32 11
32 13
32 163
33 99
33 131
33 132
33 133
33 195
33 236
33 237
34 3
34 4
34 195
34 16756
34 33576
34 845090
35 195
35 202
35 340
35 6756
35 34953
35 34955
35 845091
36 230
36 231
36 232
36 234
36 845092
37 9
37 10
37 11
37 13
37 163
38 99
38 131
38 132
38 133
38 195
38 236
38 237
39 3
39 4
39 195
39 38988
39 41180
39 845093
40 10
40 1605
40 1606
40 1608
40 19823
41 99
41 131
41 132
41 133
41 195
41 237
41 845094
42 5
42 20
42 202
42 1104
42 15065
42 176544
42 176546
42 845095
43 243
43 244
43 245
43 247
43 313589
44 5
44 20
44 202
44 15065
44 131938
44 131940
44 845096
45 3
45 20
45 195
45 16951
45 131943
45 845097
46 71
46 76
46 190
46 191
46 845098
seqId 456
1 5
1 20
1 99
1 131
1 132
1 133
1 967
1 845099
2 3
2 5
2 20
2 429
2 431
2 845100
3 5
3 84
3 91
3 93
3 121
3 703
3 707
3 956
3 785169
4 9
4 10
4 24
4 26
4 27
4 845101
5 90
5 443
5 3979
5 36008
5 845102
6 10
6 283
6 284
6 286
6 845103
7 5
7 99
7 115
7 773
7 775
7 776
7 2192
7 3593
7 618365
8 3
8 4
8 5
8 35277
8 35279
8 845104
9 99
9 131
9 132
9 133
9 195
9 237
9 845105
10 3
10 20
10 195
10 3632
10 3634
10 845106
11 82
11 758
11 759
11 761
11 845107
12 82
12 84
12 114
12 115
12 116
12 1361
12 845108
13 84
13 91
13 93
13 121
13 195
13 703
13 707
13 1858
13 845109
14 20
14 90
14 122
14 195
14 340
14 708
14 769
14 35344
14 182018
14 845110
15 9
15 10
15 24
15 26
15 27
15 845111
16 3
16 4
16 5
16 14686
16 14688
16 845112
17 76
17 342
17 343
17 345
17 372972
18 10
18 109
18 110
18 112
18 535751
19 90
19 121
19 122
19 792
19 7643
19 7645
19 845113
20 99
20 133
20 175
20 176
20 195
20 234
20 845114
21 3
21 4
21 195
21 14686
21 110488
21 845115
22 9
22 10
22 11
22 13
22 19862
23 3
23 4
23 5
23 38988
23 38990
23 845116
24 76
24 342
24 343
24 345
24 607454
25 9
25 10
25 11
25 13
25 845117
26 3
26 20
26 195
26 119847
26 119849
26 845118
27 76
27 342
27 343
27 345
27 845119
28 9
28 10
28 24
28 26
28 27
28 845120
29 3
29 4
29 195
29 347
29 349
29 845121
30 4
30 195
30 202
30 340
30 181076
30 181078
30 845122
31 76
31 342
31 343
31 345
31 845123
32 244
32 418
32 419
32 421
32 845124
33 82
33 758
33 759
33 761
33 845125
34 84
34 91
34 93
34 121
34 195
34 702
34 703
34 1062
34 845126
35 5
35 20
35 90
35 122
35 708
35 769
35 10063
35 10065
35 845127
36 99
36 133
36 175
36 176
36 195
36 234
36 845128
37 3
37 20
37 195
37 79926
37 79928
37 845129
38 244
38 418
38 419
38 421
38 313624
39 230
39 231
39 232
39 234
39 845130
40 9
40 10
40 11
40 13
40 163
41 99
41 131
41 132
41 133
41 195
41 236
41 237
42 3
42 20
42 195
42 340
42 147595
42 147597
42 845131
43 71
43 76
43 190
43 191
43 394880
seqId 457
1 5
1 20
1 82
1 83
1 84
1 115
1 763
1 3948
1 105964
2 27
2 82
2 84
2 114
2 115
2 116
2 118
2 845132
3 5
3 84
3 90
3 91
3 93
3 121
3 1815
3 2122
3 143151
4 660
4 976
4 977
4 979
4 845133
5 9
5 10
5 11
5 13
5 759274
6 90
6 443
6 16673
6 39719
6 845134
7 99
7 131
7 132
7 133
7 195
7 237
7 845135
8 3
8 4
8 195
8 10184
8 10186
8 845136
9 4
9 195
9 202
9 340
9 72517
9 72519
9 845137
10 9
10 10
10 11
10 13
10 759283
11 3
11 4
11 5
11 182055
11 182057
11 845138
12 230
12 231
12 232
12 234
12 845139
13 9
13 10
13 11
13 13
13 163
14 99
14 131
14 132
14 133
14 195
14 236
14 237
15 3
15 4
15 195
15 340
15 1573
15 1575
15 845140
16 4
16 195
16 202
16 35387
16 71115
16 111062
17 243
17 244
17 245
17 247
17 845141
18 230
18 231
18 232
18 234
18 434117
19 9
19 10
19 11
19 13
19 163
20 99
20 131
20 132
20 133
20 195
20 236
20 237
21 3
21 4
21 195
21 340
21 1573
21 1575
21 434118
22 4
22 195
22 202
22 322
22 324
22 845142
23 9
23 10
23 11
23 13
23 508411
24 98
24 99
24 100
24 195
24 2073
24 845143
25 3
25 20
25 195
25 22332
25 182067
25 182069
25 845144
26 71
26 76
26 190
26 191
26 845145
seqId 458
1 10
1 146
1 1024
1 1026
1 845146
2 4
2 5
2 98
2 99
2 100
2 1927
2 845147
3 3
3 4
3 5
3 7388
3 27055
3 845148
4 5
4 84
4 90
4 93
4 121
4 2081
4 4621
4 10555
4 845149
5 443
5 703
5 707
5 2086
5 845150
6 5
6 20
6 90
6 122
6 708
6 713
6 3372
6 6990
6 845151
7 67
7 15222
7 15223
7 15225
7 845152
8 67
8 11542
8 49432
8 178449
8 178450
8 178452
8 845153
9 76
9 342
9 343
9 345
9 434131
10 82
10 758
10 759
10 761
10 822837
11 5
11 84
11 90
11 91
11 93
11 121
11 31304
11 31333
11 845154
12 10
12 126
12 127
12 129
12 845155
13 99
13 131
13 132
13 133
13 195
13 237
13 845156
14 3
14 4
14 195
14 5859
14 14468
14 845157
15 4
15 166
15 195
15 202
15 43854
15 103888
15 103890
15 845158
16 230
16 231
16 232
16 234
16 845159
17 9
17 10
17 11
17 13
17 163
18 99
18 131
18 132
18 133
18 195
18 236
18 237
19 3
19 20
19 195
19 16995
19 16997
19 845160
20 20
20 195
20 202
20 35387
20 38107
20 845161
21 660
21 976
21 979
21 1458
21 845162
22 944
22 945
22 946
22 948
22 845163
23 67
23 11545
23 11546
23 11548
23 845164
24 67
24 46443
24 182092
24 182093
24 182095
24 182096
24 845165
25 76
25 342
25 343
25 345
25 845166
26 82
26 758
26 759
26 761
26 19969
27 5
27 84
27 90
27 91
27 93
27 121
27 4243
27 165092
27 845167
28 4
28 5
28 99
28 115
28 773
28 774
28 775
28 776
28 3330
28 845168
29 3
29 4
29 5
29 10248
29 10250
29 845169
30 10
30 146
30 147
30 149
30 845170
31 5
31 27
31 99
31 131
31 132
31 133
31 135
31 845171
32 3
32 4
32 5
32 14686
32 14688
32 845172
33 9
33 10
33 11
33 13
33 845173
34 67
34 159776
34 159777
34 159779
34 845174
35 4
35 5
35 202
35 6111
35 151303
35 845175
36 27
36 944
36 945
36 1463
36 3308
36 845176
37 4
37 5
37 82
37 83
37 84
37 115
37 763
37 1264
37 845177
38 5
38 84
38 91
38 93
38 121
38 703
38 707
38 956
38 845178
39 4
39 5
39 90
39 122
39 708
39 713
39 103478
39 103480
39 845179
40 717
40 718
40 719
40 721
40 199954
41 10
41 146
41 147
41 149
41 722
42 5
42 20
42 99
42 131
42 132
42 133
42 165
42 166
43 5
43 20
43 202
43 7021
43 83040
43 845180
44 3
44 5
44 20
44 16951
44 182116
44 845181
45 71
45 76
45 190
45 191
45 845182
seqId 459
1 51
1 52
1 1705
1 1707
1 845183
2 71
2 76
2 190
2 191
2 471855
seqId 460
1 3
1 20
1 195
1 340
1 5018
1 129804
1 845184
2 20
2 195
2 202
2 340
2 168265
2 168267
2 845185
seqId 461
1 5
1 20
1 98
1 99
1 100
1 4215
1 845186
2 3
2 5
2 20
2 2320
2 2322
2 845187
3 5
3 84
3 90
3 91
3 93
3 121
3 45067
3 45069
3 845188
4 51
4 195
4 10375
4 10377
4 845189
5 3
5 20
5 195
5 10402
5 10404
5 845190
6 82
6 758
6 759
6 761
6 845191
7 84
7 90
7 91
7 93
7 121
7 195
7 31304
7 45107
7 845192
8 9
8 10
8 26
8 169
8 171
8 845193
9 4
9 5
9 99
9 133
9 175
9 176
9 178
9 71190
10 3
10 4
10 5
10 5469
10 5471
10 845194
11 10
11 126
11 127
11 129
11 845195
12 5
12 99
12 131
12 132
12 133
12 135
12 171
12 845196
13 5
13 67
13 147612
13 168135
13 845197
14 5
14 20
14 202
14 175481
14 175483
14 845198
15 76
15 342
15 343
15 345
15 845199
16 660
16 1377
16 6485
16 6487
16 845200
17 660
17 6286
17 6287
17 6289
17 845201
18 72
18 509
18 5422
18 14296
18 99714
18 176363
18 176364
18 176366
18 845202
19 76
19 413
19 414
19 416
19 71203
20 64
20 67
20 71
20 53047
20 53048
20 845203
21 67
21 3351
21 16138
21 120004
21 168310
21 168311
21 845204
22 158
22 159
22 160
22 162
22 845205
23 9
23 10
23 11
23 13
23 163
24 5
24 20
24 99
24 131
24 132
24 133
24 165
24 166
25 5
25 20
25 67
25 168315
25 168317
25 845206
26 76
26 342
26 343
26 345
26 845207
27 67
27 71
27 9179
27 9494
27 18718
27 845208
28 67
28 6985
28 48761
28 174978
28 174979
28 174981
28 845209
29 76
29 433
29 434
29 436
29 845210
30 76
30 342
30 343
30 345
30 845211
31 9
31 10
31 11
31 13
31 845212
32 5
32 99
32 131
32 132
32 133
32 135
32 171
32 845213
33 5
33 82
33 84
33 85
33 2294
33 2296
33 845214
34 10
34 126
34 127
34 129
34 845215
35 5
35 20
35 99
35 131
35 132
35 133
35 166
35 313759
36 3
36 5
36 20
36 2468
36 182154
36 182156
36 845216
37 5
37 20
37 202
37 18684
37 80665
37 175423
37 175425
37 845217
38 9
38 10
38 26
38 169
38 171
38 845218
39 67
39 175400
39 175401
39 175403
39 845219
40 243
40 244
40 245
40 247
40 434192
41 9
41 10
41 11
41 13
41 419844
42 67
42 175299
42 175300
42 175302
42 845220
43 76
43 413
43 414
43 416
43 845221
44 36
44 67
44 71
44 18488
44 18489
44 845222
45 67
45 2423
45 5422
45 106062
45 177656
45 177657
45 845223
46 76
46 433
46 434
46 436
46 200006
47 243
47 244
47 245
47 247
47 845224
48 5
48 99
48 131
48 132
48 133
48 135
48 171
48 845225
49 3
49 5
49 20
49 145028
49 145182
49 845226
50 5
50 20
50 202
50 175277
50 175279
50 845227
51 76
51 342
51 343
51 345
51 845228
52 660
52 6695
52 6696
52 6698
52 845229
53 10
53 283
53 284
53 286
53 845230
54 99
54 115
54 195
54 773
54 774
54 775
54 776
54 3400
54 747048
55 3
55 20
55 195
55 33272
55 33274
55 845231
56 20
56 195
56 202
56 340
56 182178
56 182180
56 845232
57 243
57 244
57 245
57 247
57 785294
58 20
58 195
58 202
58 340
58 182183
58 182185
58 508487
59 76
59 413
59 414
59 416
59 845233
60 67
60 71
60 407
60 18660
60 18661
60 845234
61 67
61 967
61 158385
61 174286
61 174287
61 174289
61 845235
62 76
62 433
62 434
62 436
62 845236
63 71
63 76
63 190
63 191
63 845237
seqId 462
1 99
1 131
1 132
1 133
1 195
1 1220
1 845238
2 51
2 195
2 1501
2 1503
2 845239
3 3
3 20
3 195
3 2221
3 3410
3 845240
4 9
4 10
4 11
4 13
4 845241
5 5
5 99
5 131
5 132
5 133
5 135
5 171
5 845242
6 5
6 67
6 147612
6 168135
6 845243
7 5
7 20
7 202
7 175481
7 175483
7 845244
8 84
8 90
8 91
8 93
8 121
8 195
8 31304
8 45107
8 845245
9 10
9 109
9 110
9 112
9 678051
10 4
10 5
10 202
10 7021
10 7023
10 182200
11 3
11 4
11 5
11 6046
11 6048
11 845246
12 10
12 126
12 127
12 129
12 845247
13 99
13 131
13 132
13 133
13 195
13 237
13 143327
14 5
14 20
14 72
14 202
14 1104
14 1104
14 5528
14 15065
14 49846
14 160809
14 176368
14 845248
15 3
15 20
15 195
15 16951
15 131943
15 845249
16 76
16 342
16 343
16 345
16 845250
17 243
17 244
17 245
17 247
17 845251
18 99
18 131
18 132
18 133
18 195
18 237
18 845252
19 51
19 195
19 1501
19 1503
19 845253
20 3
20 20
20 195
20 2221
20 3410
20 845254
21 9
21 10
21 11
21 13
21 845255
22 5
22 99
22 131
22 132
22 133
22 135
22 171
22 845256
23 5
23 67
23 175293
23 175296
23 845257
24 243
24 244
24 245
24 247
24 434238
25 9
25 10
25 11
25 13
25 313797
26 4
26 5
26 99
26 131
26 132
26 133
26 152
26 845258
27 4
27 5
27 67
27 175299
27 175302
27 845259
28 4
28 195
28 202
28 2787
28 18684
28 80665
28 175423
28 175425
28 845260
29 243
29 244
29 245
29 247
29 845261
30 4
30 195
30 202
30 2787
30 175279
30 182218
30 845262
31 10
31 126
31 127
31 129
31 845263
32 99
32 131
32 132
32 133
32 195
32 237
32 845264
33 5
33 20
33 202
33 15065
33 176549
33 176551
33 845265
34 243
34 244
34 245
34 247
34 845266
35 5
35 20
35 202
35 15065
35 130808
35 130810
35 845267
36 3
36 20
36 195
36 16951
36 131943
36 434248
37 75
37 76
37 77
37 79
37 845268
38 51
38 195
38 1501
38 1503
38 845269
39 3
39 20
39 195
39 4784
39 4786
39 845270
40 20
40 195
40 202
40 340
40 168252
40 168254
40 845271
41 243
41 244
41 245
41 247
41 822947
42 20
42 195
42 202
42 27855
42 35462
42 845272
43 82
43 84
43 114
43 115
43 116
43 1361
43 20139
44 84
44 90
44 91
44 93
44 121
44 195
44 755
44 28212
44 28214
44 845273
45 660
45 976
45 977
45 979
45 845274
46 71
46 76
46 190
46 191
46 845275
seqId 463
1 99
1 131
1 132
1 133
1 195
1 1220
1 845276
2 3
2 20
2 195
2 10402
2 10404
2 845277
3 84
3 90
3 91
3 93
3 121
3 195
3 755
3 17742
3 25626
3 845278
4 660
4 1539
4 3768
4 3771
4 845279
5 5
5 20
5 202
5 36084
5 36086
5 535917
6 5
6 99
6 131
6 132
6 133
6 135
6 171
6 845280
7 3
7 5
7 20
7 34785
7 36313
7 845281
8 244
8 1249
8 1250
8 1252
8 227821
9 84
9 90
9 91
9 93
9 121
9 195
9 33672
9 182248
9 845282
10 660
10 1513
10 1514
10 1516
10 845283
11 4
11 5
11 99
11 133
11 175
11 176
11 178
11 313831
12 3
12 4
12 5
12 1470
12 1472
12 845284
13 4
13 5
13 202
13 74962
13 74964
13 845285
14 243
14 244
14 245
14 247
14 535926
15 4
15 5
15 202
15 13632
15 49676
15 845286
16 76
16 413
16 414
16 416
16 845287
17 67
17 71
17 9179
17 9494
17 18718
17 845288
18 67
18 6985
18 48761
18 174978
18 174979
18 174981
18 845289
19 76
19 433
19 434
19 436
19 845290
20 76
20 342
20 343
20 345
20 845291
21 4
21 5
21 202
21 175288
21 178821
21 845292
22 76
22 342
22 343
22 345
22 845293
23 4
23 5
23 202
23 136737
23 140195
23 164016
23 182263
23 845294
24 243
24 244
24 245
24 247
24 845295
25 4
25 5
25 202
25 13632
25 49676
25 845296
26 76
26 413
26 414
26 416
26 313844
27 67
27 71
27 407
27 18660
27 18661
27 845297
28 67
28 967
28 158385
28 174286
28 174287
28 174289
28 845298
29 76
29 433
29 434
29 436
29 845299
30 71
30 76
30 190
30 191
30 845300
seqId 464
1 5
1 99
1 131
1 132
1 133
1 171
1 699
1 845301
2 3
2 5
2 20
2 37928
2 37930
2 845302
3 158
3 159
3 160
3 162
3 227849
4 9
4 10
4 11
4 13
4 163
5 5
5 20
5 99
5 131
5 132
5 133
5 165
5 166
6 3
6 5
6 20
6 74962
6 179188
6 845303
7 243
7 244
7 245
7 247
7 313850
8 9
8 10
8 11
8 13
8 845304
9 5
9 99
9 131
9 132
9 133
9 135
9 171
9 106185
10 3
10 5
10 20
10 13632
10 13674
10 845305
11 5
11 84
11 90
11 91
11 93
11 121
11 2333
11 2335
11 845306
12 9
12 10
12 26
12 169
12 171
12 434295
13 90
13 443
13 3979
13 36008
13 845307
14 4
14 5
14 99
14 131
14 132
14 133
14 152
14 20203
15 3
15 4
15 5
15 4249
15 4251
15 845308
16 9
16 10
16 11
16 13
16 845309
17 4
17 5
17 99
17 131
17 132
17 133
17 152
17 845310
18 3
18 4
18 5
18 50290
18 50292
18 845311
19 230
19 231
19 232
19 234
19 845312
20 9
20 10
20 11
20 13
20 163
21 99
21 131
21 132
21 133
21 195
21 236
21 237
22 3
22 20
22 195
22 340
22 12336
22 15959
22 845313
23 76
23 413
23 414
23 416
23 845314
24 67
24 71
24 9179
24 9494
24 18718
24 845315
25 67
25 6985
25 48761
25 174978
25 174979
25 174981
25 845316
26 76
26 433
26 434
26 436
26 313869
27 243
27 244
27 245
27 247
27 20217
28 9
28 10
28 11
28 13
28 845317
29 5
29 99
29 131
29 132
29 133
29 135
29 171
29 845318
30 3
30 4
30 5
30 194
30 14840
30 845319
31 76
31 413
31 414
31 416
31 845320
32 67
32 71
32 407
32 18660
32 18661
32 845321
33 67
33 967
33 158385
33 174286
33 174287
33 174289
33 845322
34 76
34 433
34 434
34 436
34 845323
35 158
35 159
35 160
35 162
35 373246
36 9
36 10
36 11
36 13
36 163
37 5
37 20
37 99
37 131
37 132
37 133
37 165
37 166
38 3
38 5
38 20
38 5018
38 5020
38 845324
39 5
39 20
39 202
39 168265
39 168267
39 845325
40 10
40 4919
40 4920
40 4922
40 313882
41 5
41 99
41 131
41 132
41 133
41 135
41 171
41 845326
42 5
42 67
42 5959
42 5962
42 845327
43 71
43 76
43 190
43 191
43 313885
seqId 465
1 660
1 976
1 7272
1 7274
1 845328
2 99
2 131
2 132
2 133
2 195
2 237
2 535971
3 3
3 20
3 195
3 2221
3 3410
3 845329
4 230
4 231
4 232
4 234
4 200155
5 9
5 10
5 11
5 13
5 163
6 99
6 131
6 132
6 133
6 195
6 236
6 237
7 3
7 20
7 195
7 340
7 5018
7 5020
7 845330
8 20
8 195
8 202
8 340
8 168265
8 168267
8 434332
9 84
9 90
9 91
9 92
9 93
9 195
9 2081
9 29130
9 845331
10 20
10 82
10 83
10 84
10 115
10 195
10 595
10 1824
10 31226
10 845332
11 90
11 443
11 4338
11 11506
11 535979
12 660
12 11739
12 11740
12 11742
12 845333
13 10
13 146
13 147
13 149
13 845334
14 4
14 5
14 99
14 131
14 132
14 133
14 152
14 71410
15 3
15 4
15 5
15 3691
15 3693
15 845335
16 4
16 5
16 202
16 3386
16 6768
16 845336
17 10
17 126
17 127
17 129
17 845337
18 99
18 131
18 132
18 133
18 195
18 237
18 845338
19 3
19 4
19 195
19 1784
19 1786
19 845339
20 4
20 195
20 202
20 340
20 42755
20 178599
20 178601
20 845340
21 9
21 10
21 11
21 13
21 845341
22 3
22 4
22 195
22 7178
22 7180
22 845342
23 4
23 195
23 202
23 2075
23 2771
23 845343
24 243
24 244
24 245
24 247
24 845344
25 99
25 131
25 132
25 133
25 195
25 237
25 845345
26 3
26 20
26 195
26 2723
26 3278
26 845346
27 10
27 1605
27 1606
27 1608
27 845347
28 98
28 99
28 100
28 195
28 2073
28 845348
29 3
29 4
29 195
29 7178
29 7180
29 845349
30 71
30 76
30 190
30 191
30 845350
seqId 466
1 4
1 5
1 99
1 131
1 132
1 133
1 811
1 618631
2 3
2 4
2 5
2 4249
2 4251
2 845351
3 9
3 10
3 11
3 13
3 106251
4 4
4 5
4 99
4 131
4 132
4 133
4 152
4 508634
5 3
5 4
5 5
5 6054
5 140325
5 845352
6 4
6 5
6 202
6 3199
6 5132
6 845353
7 5
7 84
7 91
7 93
7 121
7 703
7 707
7 956
7 845354
8 717
8 718
8 719
8 721
8 200190
9 10
9 146
9 147
9 149
9 722
10 5
10 20
10 99
10 131
10 132
10 133
10 165
10 166
11 3
11 5
11 20
11 8760
11 8762
11 845355
12 230
12 231
12 232
12 234
12 845356
13 9
13 10
13 11
13 13
13 163
14 99
14 131
14 132
14 133
14 195
14 236
14 237
15 3
15 4
15 195
15 22957
15 22959
15 845357
16 9
16 10
16 11
16 13
16 845358
17 36
17 67
17 71
17 18488
17 18489
17 845359
18 67
18 2423
18 5422
18 106062
18 177656
18 177657
18 845360
19 76
19 342
19 343
19 345
19 373302
20 3
20 5
20 20
20 2221
20 2223
20 845361
21 230
21 231
21 232
21 234
21 845362
22 9
22 10
22 11
22 13
22 163
23 99
23 131
23 132
23 133
23 195
23 236
23 237
24 3
24 20
24 195
24 13036
24 13038
24 845363
25 82
25 758
25 759
25 761
25 227932
26 84
26 90
26 91
26 93
26 195
26 914
26 24006
26 45089
26 100562
26 845364
27 76
27 342
27 343
27 345
27 845365
28 10
28 283
28 284
28 286
28 845366
29 5
29 20
29 99
29 131
29 132
29 133
29 166
29 845367
30 3
30 5
30 20
30 2468
30 182154
30 182156
30 845368
31 5
31 20
31 202
31 18684
31 80665
31 175423
31 175425
31 845369
32 76
32 342
32 343
32 345
32 395266
33 4
33 5
33 99
33 131
33 132
33 133
33 152
33 845370
34 4
34 5
34 67
34 48317
34 48320
34 48321
34 845371
35 67
35 20846
35 48321
35 48328
35 182357
35 182358
35 845372
36 76
36 413
36 414
36 416
36 845373
37 72
37 72
37 171
37 244
37 2487
37 25043
37 25044
37 25046
37 25047
37 25048
37 845374
38 5
38 99
38 131
38 132
38 133
38 135
38 171
38 845375
39 3
39 5
39 20
39 3394
39 3396
39 845376
40 9
40 10
40 11
40 13
40 845377
41 4
41 5
41 99
41 131
41 132
41 133
41 152
41 747196
42 3
42 4
42 5
42 182367
42 182369
42 845378
43 76
43 342
43 343
43 345
43 618669
44 243
44 244
44 245
44 247
44 472073
45 660
45 6695
45 6696
45 6698
45 472074
46 4
46 5
46 99
46 131
46 132
46 133
46 152
46 845379
47 3
47 4
47 5
47 182367
47 182369
47 845380
48 4
48 5
48 202
48 182376
48 182378
48 845381
49 9
49 10
49 26
49 169
49 171
49 845382
50 3
50 4
50 5
50 25373
50 25375
50 845383
51 4
51 5
51 202
51 851
51 122014
51 182382
51 845384
52 76
52 433
52 434
52 436
52 845385
53 158
53 159
53 160
53 162
53 373333
54 9
54 10
54 11
54 13
54 163
55 5
55 20
55 99
55 131
55 132
55 133
55 165
55 166
56 3
56 5
56 20
56 182156
56 182387
56 845386
57 10
57 146
57 147
57 149
57 338325
58 4
58 82
58 84
58 100
58 195
58 4680
58 4682
58 845387
59 230
59 231
59 232
59 234
59 845388
60 9
60 10
60 11
60 13
60 163
61 99
61 131
61 132
61 133
61 195
61 236
61 237
62 3
62 20
62 195
62 340
62 78110
62 142138
62 182393
62 845389
63 76
63 342
63 343
63 345
63 845390
64 243
64 244
64 245
64 247
64 106303
65 99
65 131
65 132
65 133
65 195
65 237
65 845391
66 3
66 4
66 195
66 20844
66 134881
66 313970
67 230
67 231
67 232
67 234
67 845392
68 9
68 10
68 11
68 13
68 163
69 99
69 131
69 132
69 133
69 195
69 236
69 237
70 3
70 20
70 195
70 340
70 78110
70 142138
70 182393
70 845393
71 10
71 1605
71 1606
71 1608
71 845394
72 4
72 82
72 84
72 115
72 195
72 1262
72 1824
72 3621
72 845395
73 71
73 76
73 190
73 191
73 20354
seqId 467
1 36
1 67
1 71
1 18488
1 18489
1 845396
2 67
2 2423
2 5422
2 106062
2 177656
2 177657
2 845397
3 5
3 84
3 90
3 91
3 93
3 121
3 4180
3 34509
3 845398
4 90
4 443
4 3446
4 3448
4 845399
5 4
5 5
5 99
5 131
5 132
5 133
5 152
5 845400
6 3
6 4
6 5
6 4249
6 4251
6 845401
7 9
7 10
7 11
7 13
7 472093
8 4
8 5
8 99
8 131
8 132
8 133
8 152
8 845402
9 3
9 4
9 5
9 135
9 22750
9 33418
9 97844
9 97846
9 845403
10 9
10 10
10 11
10 13
10 785471
11 4
11 5
11 99
11 131
11 132
11 133
11 152
11 759606
12 3
12 4
12 5
12 49472
12 50428
12 759607
13 4
13 5
13 202
13 646
13 25589
13 845404
14 76
14 342
14 343
14 345
14 845405
15 243
15 244
15 245
15 247
15 845406
16 660
16 2347
16 2348
16 2350
16 845407
17 660
17 3607
17 3608
17 3610
17 845408
18 4
18 5
18 82
18 84
18 100
18 4680
18 7233
18 845409
19 9
19 10
19 11
19 13
19 472109
20 4
20 5
20 99
20 131
20 132
20 133
20 152
20 785476
21 3
21 4
21 5
21 14174
21 27570
21 845410
22 10
22 126
22 127
22 129
22 845411
23 99
23 131
23 132
23 133
23 195
23 237
23 420056
24 3
24 4
24 195
24 49472
24 182427
24 845412
25 76
25 342
25 343
25 345
25 845413
26 82
26 83
26 84
26 115
26 2548
26 5729
26 5731
26 395331
27 20
27 90
27 122
27 708
27 713
27 16673
27 16675
27 845414
28 4
28 195
28 202
28 6251
28 6253
28 845415
29 76
29 342
29 343
29 345
29 313999
30 660
30 976
30 979
30 1458
30 845416
31 944
31 945
31 946
31 948
31 747241
32 4
32 82
32 84
32 100
32 195
32 4680
32 4682
32 845417
33 158
33 159
33 160
33 162
33 472121
34 9
34 10
34 11
34 13
34 163
35 5
35 20
35 99
35 131
35 132
35 133
35 165
35 166
36 3
36 5
36 20
36 2894
36 2896
36 845418
37 230
37 231
37 232
37 234
37 845419
38 9
38 10
38 11
38 13
38 163
39 99
39 131
39 132
39 133
39 195
39 236
39 237
40 3
40 20
40 195
40 13036
40 13038
40 845420
41 243
41 244
41 245
41 247
41 106347
42 230
42 231
42 232
42 234
42 845421
43 9
43 10
43 11
43 13
43 163
44 99
44 131
44 132
44 133
44 195
44 236
44 237
45 3
45 20
45 195
45 13025
45 13027
45 845422
46 9
46 10
46 11
46 13
46 845423
47 3
47 4
47 5
47 497
47 35017
47 170997
47 170999
47 845424
48 243
48 244
48 245
48 247
48 472129
49 9
49 10
49 24
49 26
49 27
49 845425
50 3
50 5
50 20
50 36464
50 36466
50 845426
51 71
51 76
51 190
51 191
51 845427
seqId 468
1 5
1 20
1 82
1 83
1 84
1 115
1 763
1 3948
1 845428
2 5
2 84
2 90
2 91
2 92
2 93
2 96
2 3979
2 36008
2 845429
3 99
3 131
3 132
3 133
3 195
3 237
3 678229
4 3
4 4
4 195
4 340
4 118135
4 118137
4 845430
5 4
5 195
5 202
5 340
5 182451
5 182453
5 845431
6 243
6 244
6 245
6 247
6 20429
7 99
7 131
7 132
7 133
7 195
7 237
7 20430
8 3
8 4
8 195
8 340
8 29863
8 29865
8 845432
9 9
9 10
9 11
9 13
9 845433
10 3
10 4
10 195
10 182460
10 182462
10 845434
11 4
11 195
11 202
11 12805
11 182465
11 845435
12 76
12 413
12 414
12 416
12 845436
13 171
13 509
13 130211
13 182468
13 182469
13 182471
13 845437
14 76
14 433
14 434
14 436
14 106371
15 10
15 1010
15 1011
15 1013
15 845438
16 3
16 20
16 195
16 21035
16 21037
16 845439
17 9
17 10
17 11
17 13
17 845440
18 5
18 99
18 131
18 132
18 133
18 135
18 171
18 845441
19 3
19 4
19 5
19 4804
19 33065
19 845442
20 4
20 5
20 202
20 3199
20 5132
20 845443
21 75
21 76
21 77
21 79
21 747272
22 4
22 82
22 83
22 84
22 115
22 195
22 1824
22 3621
22 845444
23 84
23 90
23 91
23 93
23 195
23 914
23 2081
23 182482
23 845445
24 90
24 443
24 2333
24 3366
24 845446
25 717
25 718
25 719
25 721
25 845447
26 10
26 146
26 147
26 149
26 722
27 5
27 20
27 99
27 131
27 132
27 133
27 165
27 166
28 3
28 5
28 20
28 182156
28 182387
28 845448
29 9
29 10
29 26
29 169
29 171
29 618756
30 90
30 443
30 77227
30 182489
30 845449
31 4
31 85
31 99
31 195
31 1589
31 1591
31 845450
32 3
32 4
32 195
32 20844
32 134881
32 845451
33 4
33 195
33 202
33 340
33 95207
33 182493
33 182495
33 845452
34 71
34 76
34 190
34 191
34 845453
seqId 469
1 5
1 99
1 131
1 132
1 133
1 171
1 699
1 373431
2 3
2 4
2 5
2 7388
2 27055
2 845454
3 9
3 10
3 11
3 13
3 845455
4 36
4 67
4 71
4 18488
4 18489
4 845456
5 67
5 2423
5 5422
5 106062
5 177656
5 177657
5 845457
6 5
6 84
6 90
6 91
6 92
6 93
6 4379
6 34606
6 508775
7 660
7 1566
7 1567
7 1569
7 508776
8 10
8 126
8 127
8 129
8 20477
9 4
9 5
9 99
9 131
9 132
9 133
9 152
9 20478
10 4
10 5
10 202
10 784
10 786
10 536137
11 3
11 4
11 5
11 70020
11 70022
11 845458
12 158
12 159
12 160
12 162
12 845459
13 9
13 10
13 11
13 13
13 163
14 5
14 20
14 99
14 131
14 132
14 133
14 165
14 166
15 5
15 20
15 202
15 15065
15 176549
15 176551
15 845460
16 3
16 5
16 20
16 16951
16 16953
16 845461
17 71
17 76
17 190
17 191
17 228069
seqId 470
1 4
1 5
1 82
1 83
1 84
1 115
1 763
1 4750
1 845462
2 82
2 84
2 114
2 115
2 116
2 118
2 171
2 845463
3 5
3 84
3 90
3 91
3 92
3 93
3 120
3 2560
3 12454
3 845464
4 10
4 126
4 127
4 129
4 845465
5 99
5 133
5 175
5 176
5 195
5 234
5 845466
6 3
6 4
6 195
6 2773
6 2775
6 420120
7 660
7 1305
7 1306
7 1308
7 845467
8 4
8 90
8 122
8 195
8 708
8 713
8 2787
8 80810
8 80812
8 845468
9 244
9 418
9 419
9 421
9 314077
10 4
10 195
10 202
10 2787
10 179488
10 179490
10 845469
11 76
11 342
11 343
11 345
11 845470
12 10
12 1010
12 1011
12 1013
12 845471
13 4
13 5
13 99
13 131
13 132
13 133
13 152
13 845472
14 3
14 4
14 5
14 52141
14 52143
14 845473
15 158
15 159
15 160
15 162
15 845474
16 9
16 10
16 11
16 13
16 163
17 5
17 20
17 99
17 131
17 132
17 133
17 165
17 166
18 76
18 171
18 140438
18 140439
18 785557
19 5
19 20
19 67
19 3206
19 3812
19 114603
19 182530
19 845475
20 72
20 509
20 82641
20 99714
20 163945
20 179322
20 179323
20 845476
21 9
21 10
21 26
21 169
21 171
21 845477
22 509
22 99714
22 179327
22 179328
22 845478
23 76
23 171
23 595
23 182536
23 182537
23 845479
24 67
24 75863
24 132812
24 179335
24 179336
24 845480
25 82
25 759
25 944
25 948
25 845481
26 36
26 67
26 71
26 18488
26 18489
26 845482
27 67
27 2423
27 5422
27 106062
27 177656
27 177657
27 845483
28 5
28 84
28 90
28 91
28 92
28 93
28 1648
28 80810
28 182545
28 845484
29 76
29 342
29 343
29 345
29 845485
30 243
30 244
30 245
30 247
30 845486
31 82
31 759
31 2852
31 2854
31 845487
32 5
32 20
32 82
32 83
32 84
32 115
32 763
32 1002
32 845488
33 5
33 84
33 90
33 91
33 92
33 93
33 96
33 3969
33 3971
33 845489
34 5
34 99
34 131
34 132
34 133
34 135
34 171
34 845490
35 3
35 4
35 5
35 194
35 14840
35 845491
36 10
36 1387
36 1388
36 1390
36 845492
37 4
37 5
37 82
37 84
37 100
37 4680
37 7233
37 845493
38 4
38 5
38 90
38 122
38 708
38 713
38 768
38 7210
38 845494
39 10
39 283
39 284
39 286
39 845495
40 99
40 131
40 132
40 133
40 195
40 237
40 845496
41 20
41 195
41 202
41 2294
41 3837
41 845497
42 3
42 20
42 195
42 9469
42 9471
42 845498
43 158
43 159
43 160
43 162
43 314108
44 9
44 10
44 11
44 13
44 163
45 5
45 20
45 99
45 131
45 132
45 133
45 165
45 166
46 5
46 20
46 202
46 2310
46 2313
46 314109
47 3
47 5
47 20
47 15235
47 32948
47 845499
48 76
48 342
48 343
48 345
48 228121
49 660
49 976
49 979
49 1458
49 228122
50 171
50 944
50 945
50 1461
50 1463
50 845500
51 10
51 146
51 147
51 149
51 508816
52 4
52 5
52 82
52 84
52 100
52 4680
52 7233
52 20552
53 4
53 5
53 90
53 122
53 708
53 713
53 768
53 7210
53 845501
54 10
54 828
54 829
54 831
54 536179
55 26
55 99
55 133
55 171
55 175
55 176
55 195
55 845502
56 20
56 195
56 202
56 2294
56 3837
56 845503
57 3
57 20
57 195
57 340
57 182573
57 182575
57 845504
58 20
58 195
58 202
58 21185
58 54136
58 845505
59 71
59 76
59 190
59 191
59 845506
seqId 471
1 67
1 71
1 407
1 18660
1 18661
1 845507
2 67
2 967
2 158385
2 174286
2 174287
2 174289
2 845508
3 82
3 84
3 114
3 115
3 116
3 118
3 171
3 845509
4 5
4 84
4 90
4 91
4 92
4 93
4 1648
4 13452
4 72669
4 182582
4 845510
5 5
5 20
5 82
5 84
5 115
5 763
5 765
5 1262
5 845511
6 660
6 1622
6 1623
6 1625
6 845512
7 10
7 146
7 147
7 149
7 106479
8 4
8 5
8 99
8 131
8 132
8 133
8 152
8 373494
9 3
9 4
9 5
9 4249
9 4251
9 845513
10 9
10 10
10 11
10 13
10 434566
11 4
11 5
11 99
11 131
11 132
11 133
11 152
11 472223
12 3
12 4
12 5
12 7291
12 13152
12 112669
12 149612
12 182591
12 845514
13 4
13 5
13 202
13 3199
13 5132
13 845515
14 10
14 126
14 127
14 129
14 845516
15 99
15 131
15 132
15 133
15 195
15 237
15 845517
16 3
16 4
16 195
16 182597
16 182599
16 845518
17 158
17 159
17 160
17 162
17 845519
18 9
18 10
18 11
18 13
18 163
19 5
19 20
19 99
19 131
19 132
19 133
19 165
19 166
20 5
20 20
20 67
20 70
20 1186
20 182602
20 845520
21 71
21 76
21 190
21 191
21 845521
seqId 472
1 5
1 20
1 82
1 83
1 84
1 115
1 763
1 3948
1 143768
2 5
2 20
2 82
2 83
2 84
2 115
2 166
2 763
2 845522
3 5
3 84
3 90
3 91
3 92
3 93
3 4766
3 90628
3 845523
4 10
4 283
4 284
4 286
4 845524
5 5
5 20
5 99
5 131
5 132
5 133
5 166
5 228167
6 3
6 5
6 20
6 4345
6 4347
6 845525
7 9
7 10
7 26
7 169
7 171
7 845526
8 5
8 20
8 99
8 133
8 175
8 176
8 1316
8 747345
9 3
9 5
9 20
9 70793
9 70795
9 845527
10 82
10 758
10 759
10 761
10 845528
11 5
11 84
11 90
11 91
11 92
11 93
11 4379
11 34606
11 845529
12 10
12 126
12 127
12 129
12 845530
13 4
13 5
13 99
13 133
13 175
13 176
13 178
13 20603
14 3
14 4
14 5
14 1913
14 1915
14 845531
15 660
15 4478
15 4479
15 4481
15 845532
16 4
16 5
16 202
16 124406
16 182620
16 845533
17 10
17 146
17 147
17 149
17 143790
18 4
18 5
18 99
18 131
18 132
18 133
18 152
18 200437
19 3
19 4
19 5
19 182624
19 182626
19 845534
20 230
20 231
20 232
20 234
20 845535
21 9
21 10
21 11
21 13
21 163
22 99
22 131
22 132
22 133
22 195
22 236
22 237
23 67
23 195
23 340
23 45265
23 80665
23 175425
23 182629
23 845536
24 243
24 244
24 245
24 247
24 228185
25 10
25 146
25 147
25 149
25 845537
26 4
26 5
26 99
26 131
26 132
26 133
26 152
26 434595
27 3
27 4
27 5
27 175346
27 182636
27 845538
28 4
28 5
28 202
28 1104
28 175277
28 175279
28 845539
29 71
29 76
29 190
29 191
29 845540
seqId 473
1 67
1 71
1 407
1 18660
1 18661
1 845541
2 67
2 967
2 158385
2 174286
2 174287
2 174289
2 845542
3 5
3 84
3 90
3 91
3 92
3 93
3 1648
3 4258
3 46684
3 94759
3 618860
4 4
4 5
4 99
4 115
4 773
4 774
4 775
4 776
4 3330
4 759793
5 3
5 4
5 5
5 15
5 17
5 759794
6 10
6 283
6 284
6 286
6 845543
7 4
7 5
7 99
7 133
7 175
7 176
7 178
7 845544
8 3
8 4
8 5
8 33143
8 41294
8 41296
8 845545
9 660
9 6797
9 6799
9 21870
9 845546
10 660
10 2347
10 2348
10 2350
10 845547
11 4
11 5
11 202
11 1104
11 124738
11 182652
11 845548
12 76
12 342
12 343
12 345
12 373536
13 5
13 99
13 131
13 132
13 133
13 135
13 171
13 228203
14 3
14 5
14 20
14 1029
14 1031
14 845549
15 243
15 244
15 245
15 247
15 536233
16 5
16 99
16 131
16 132
16 133
16 135
16 171
16 845550
17 3
17 5
17 20
17 182660
17 182662
17 845551
18 51
18 195
18 14053
18 32978
18 57093
18 72422
18 182664
18 314185
19 82
19 758
19 759
19 761
19 845552
20 84
20 90
20 91
20 93
20 195
20 708
20 4710
20 25415
20 182669
20 845553
21 717
21 718
21 719
21 721
21 845554
22 10
22 146
22 147
22 149
22 722
23 5
23 20
23 99
23 131
23 132
23 133
23 165
23 166
24 5
24 20
24 67
24 177325
24 177327
24 845555
25 4
25 5
25 99
25 131
25 132
25 133
25 152
25 845556
26 3
26 4
26 5
26 141522
26 141524
26 845557
27 158
27 159
27 160
27 162
27 420218
28 9
28 10
28 11
28 13
28 163
29 5
29 20
29 99
29 131
29 132
29 133
29 165
29 166
30 3
30 5
30 20
30 182676
30 182678
30 845558
31 5
31 20
31 202
31 175277
31 175279
31 845559
32 76
32 342
32 343
32 345
32 845560
33 67
33 179289
33 179290
33 179292
33 845561
34 67
34 134503
34 179294
34 179295
34 179297
34 845562
35 71
35 76
35 190
35 191
35 845563
seqId 474
1 4
1 5
1 98
1 99
1 100
1 4105
1 845564
2 3
2 4
2 5
2 141522
2 141524
2 845565
3 5
3 84
3 91
3 93
3 703
3 914
3 4766
3 17551
3 845566
4 90
4 443
4 1845
4 16983
4 182688
4 182690
4 845567
5 99
5 133
5 175
5 176
5 195
5 234
5 845568
6 3
6 20
6 195
6 340
6 792
6 34802
6 182693
6 182695
6 845569
7 20
7 195
7 202
7 1341
7 1343
7 618889
8 76
8 1267
8 1268
8 1270
8 845570
seqId 475
1 5
1 20
1 82
1 84
1 98
1 100
1 171
1 2487
1 845571
2 5
2 84
2 91
2 93
2 703
2 707
2 914
2 916
2 845572
3 660
3 1622
3 1623
3 1625
3 845573
4 4
4 5
4 99
4 133
4 175
4 176
4 178
4 845574
5 3
5 4
5 5
5 35988
5 36102
5 845575
6 4
6 5
6 202
6 3199
6 5132
6 845576
7 4
7 5
7 202
7 6320
7 6322
7 845577
8 10
8 146
8 147
8 149
8 845578
9 5
9 99
9 131
9 132
9 133
9 135
9 171
9 845579
10 3
10 4
10 5
10 14965
10 14967
10 845580
11 9
11 10
11 11
11 13
11 845581
12 5
12 99
12 131
12 132
12 133
12 135
12 171
12 845582
13 3
13 5
13 20
13 145028
13 145182
13 845583
14 5
14 20
14 202
14 175277
14 175279
14 845584
15 71
15 76
15 190
15 191
15 845585
seqId 476
1 10
1 828
1 1336
1 38218
1 845586
2 5
2 20
2 99
2 131
2 132
2 133
2 166
2 71821
3 3
3 5
3 20
3 479
3 16983
3 145778
3 182716
3 845587
4 5
4 20
4 202
4 3899
4 3901
4 845588
5 9
5 10
5 11
5 13
5 845589
6 3
6 4
6 195
6 2773
6 2775
6 845590
7 4
7 90
7 122
7 195
7 708
7 713
7 103478
7 160935
7 845591
8 10
8 109
8 110
8 112
8 845592
9 3
9 5
9 20
9 34785
9 36313
9 845593
10 76
10 342
10 343
10 345
10 845594
11 10
11 109
11 110
11 112
11 338708
12 3
12 5
12 20
12 175288
12 179198
12 845595
13 76
13 342
13 343
13 345
13 71840
14 10
14 109
14 110
14 112
14 20711
15 3
15 5
15 20
15 179202
15 179204
15 845596
16 243
16 244
16 245
16 247
16 845597
17 10
17 109
17 110
17 112
17 845598
18 3
18 5
18 20
18 13632
18 13674
18 845599
19 76
19 342
19 343
19 345
19 845600
20 67
20 71
20 407
20 18660
20 18661
20 845601
21 67
21 967
21 158385
21 174286
21 174287
21 174289
21 845602
22 5
22 84
22 90
22 91
22 92
22 93
22 96
22 38913
22 182737
22 845603
23 5
23 20
23 99
23 131
23 132
23 133
23 166
23 747425
24 3
24 5
24 20
24 31623
24 31625
24 845604
25 243
25 244
25 245
25 247
25 845605
26 5
26 20
26 99
26 131
26 132
26 133
26 166
26 845606
27 3
27 5
27 20
27 182743
27 182745
27 845607
28 230
28 231
28 232
28 234
28 845608
29 9
29 10
29 11
29 13
29 163
30 99
30 131
30 132
30 133
30 195
30 236
30 237
31 3
31 20
31 195
31 3632
31 3634
31 845609
32 20
32 195
32 202
32 322
32 357
32 845610
33 76
33 342
33 343
33 345
33 845611
34 10
34 109
34 112
34 1539
34 106614
35 3
35 5
35 20
35 1601
35 1603
35 845612
36 99
36 131
36 132
36 133
36 195
36 237
36 845613
37 3
37 20
37 195
37 128685
37 128687
37 845614
38 158
38 159
38 160
38 162
38 71860
39 9
39 10
39 11
39 13
39 163
40 5
40 20
40 99
40 131
40 132
40 133
40 165
40 166
41 5
41 20
41 67
41 177325
41 177327
41 845615
42 76
42 342
42 343
42 345
42 845616
43 20
43 195
43 202
43 31600
43 182758
43 845617
44 10
44 146
44 147
44 149
44 845618
45 5
45 99
45 131
45 132
45 133
45 135
45 171
45 845619
46 3
46 5
46 20
46 3696
46 3698
46 845620
47 5
47 20
47 202
47 175277
47 175279
47 845621
48 71
48 76
48 190
48 191
48 618939
seqId 477
1 10
1 283
1 3640
1 3642
1 845622
2 4
2 5
2 99
2 133
2 175
2 176
2 178
2 845623
3 3
3 4
3 5
3 8229
3 12263
3 845624
4 4
4 5
4 202
4 129783
4 129785
4 845625
5 10
5 146
5 147
5 149
5 845626
6 4
6 5
6 82
6 84
6 100
6 4680
6 7233
6 845627
7 9
7 10
7 11
7 13
7 845628
8 36
8 67
8 71
8 18488
8 18489
8 845629
9 67
9 2423
9 5422
9 106062
9 177656
9 177657
9 845630
10 76
10 342
10 343
10 345
10 373616
11 5
11 20
11 82
11 83
11 84
11 115
11 763
11 1002
11 845631
12 5
12 84
12 91
12 92
12 93
12 703
12 707
12 16563
12 845632
13 5
13 20
13 202
13 168968
13 182778
13 845633
14 9
14 10
14 11
14 13
14 845634
15 90
15 443
15 1345
15 9933
15 314264
16 10
16 109
16 110
16 112
16 314265
17 3
17 4
17 5
17 31190
17 31192
17 845635
18 3
18 4
18 5
18 14686
18 14688
18 845636
19 4
19 5
19 202
19 3199
19 5132
19 845637
20 243
20 244
20 245
20 247
20 845638
21 3
21 4
21 5
21 17766
21 140930
21 171304
21 845639
22 230
22 231
22 232
22 234
22 845640
23 9
23 10
23 11
23 13
23 163
24 99
24 131
24 132
24 133
24 195
24 236
24 237
25 3
25 20
25 195
25 2972
25 2974
25 845641
26 71
26 76
26 190
26 191
26 106651
seqId 478
1 5
1 20
1 36
1 82
1 84
1 98
1 100
1 171
1 1539
1 200587
2 5
2 84
2 91
2 93
2 121
2 703
2 707
2 956
2 845642
3 660
3 12888
3 12889
3 12891
3 845643
4 5
4 20
4 82
4 83
4 84
4 115
4 763
4 1002
4 338797
5 5
5 84
5 90
5 91
5 92
5 93
5 1648
5 22166
5 46137
5 200590
6 10
6 109
6 112
6 1539
6 845644
7 660
7 4185
7 4186
7 4188
7 106658
8 4
8 5
8 99
8 133
8 175
8 176
8 178
8 845645
9 3
9 4
9 5
9 25222
9 25224
9 845646
10 4
10 5
10 90
10 122
10 708
10 713
10 3722
10 8756
10 20565
10 102695
10 845647
11 9
11 10
11 26
11 169
11 171
11 845648
12 4
12 5
12 99
12 133
12 175
12 176
12 178
12 845649
13 3
13 4
13 5
13 2773
13 39628
13 845650
14 4
14 5
14 202
14 136737
14 140195
14 164016
14 182263
14 845651
15 9
15 10
15 11
15 13
15 759897
16 4
16 5
16 99
16 131
16 132
16 133
16 152
16 845652
17 3
17 4
17 5
17 141522
17 141524
17 845653
18 76
18 342
18 343
18 345
18 845654
19 99
19 131
19 132
19 133
19 195
19 237
19 845655
20 67
20 195
20 340
20 14727
20 50443
20 179270
20 845656
21 72
21 509
21 3213
21 115114
21 152998
21 179273
21 179274
21 845657
22 9
22 10
22 11
22 13
22 845658
23 67
23 340
23 61071
23 152999
23 179278
23 179279
23 845659
24 76
24 413
24 414
24 416
24 845660
25 90
25 443
25 25415
25 33649
25 845661
26 72
26 660
26 28422
26 33655
26 33656
26 33658
26 845662
27 76
27 433
27 434
27 436
27 845663
28 71
28 76
28 190
28 191
28 845664
seqId 479
1 4
1 5
1 99
1 131
1 132
1 133
1 811
1 845665
2 3
2 4
2 5
2 4249
2 4251
2 845666
3 9
3 10
3 11
3 13
3 845667
4 4
4 5
4 99
4 131
4 132
4 133
4 152
4 845668
5 3
5 4
5 5
5 35988
5 36102
5 845669
6 4
6 5
6 202
6 3199
6 5132
6 845670
7 76
7 342
7 343
7 345
7 845671
8 9
8 10
8 11
8 13
8 845672
9 99
9 115
9 195
9 773
9 774
9 775
9 776
9 3400
9 845673
10 3
10 4
10 195
10 25430
10 37321
10 845674
11 243
11 244
11 245
11 247
11 420321
12 99
12 133
12 175
12 176
12 195
12 234
12 845675
13 3
13 4
13 195
13 340
13 3989
13 16983
13 34778
13 34780
13 845676
14 82
14 758
14 759
14 761
14 845677
15 82
15 84
15 114
15 115
15 116
15 118
15 171
15 845678
16 84
16 90
16 91
16 93
16 112
16 121
16 195
16 4710
16 68957
16 104604
16 845679
17 76
17 342
17 343
17 345
17 845680
18 5
18 84
18 91
18 93
18 121
18 703
18 707
18 956
18 845681
19 660
19 1622
19 1623
19 1625
19 845682
20 5
20 20
20 82
20 84
20 85
20 175
20 1316
20 845683
21 230
21 231
21 232
21 234
21 845684
22 9
22 10
22 11
22 13
22 163
23 99
23 131
23 132
23 133
23 195
23 236
23 237
24 3
24 20
24 195
24 1684
24 1686
24 845685
25 9
25 10
25 11
25 13
25 143998
26 3
26 4
26 5
26 15
26 17
26 845686
27 9
27 10
27 26
27 169
27 171
27 845687
28 64
28 67
28 71
28 53047
28 53048
28 845688
29 67
29 3351
29 16138
29 120004
29 168310
29 168311
29 845689
30 158
30 159
30 160
30 162
30 845690
31 9
31 10
31 11
31 13
31 163
32 5
32 20
32 99
32 131
32 132
32 133
32 165
32 166
33 5
33 20
33 67
33 168315
33 168317
33 845691
34 71
34 76
34 190
34 191
34 845692
seqId 480
1 4
1 5
1 98
1 99
1 100
1 4105
1 845693
2 4
2 5
2 202
2 9960
2 19296
2 845694
3 5
3 84
3 90
3 91
3 92
3 93
3 1345
3 117719
3 845695
4 10
4 109
4 110
4 112
4 228371
5 3
5 4
5 5
5 21329
5 21331
5 845696
6 5
6 99
6 131
6 132
6 133
6 135
6 171
6 845697
7 4
7 5
7 202
7 182854
7 182856
7 845698
8 3
8 4
8 5
8 38630
8 38632
8 747496
9 4
9 5
9 202
9 3199
9 5132
9 144017
10 10
10 109
10 110
10 112
10 420345
11 72
11 509
11 5422
11 14296
11 99714
11 176363
11 176364
11 176366
11 845699
12 717
12 718
12 719
12 721
12 785769
13 10
13 146
13 147
13 149
13 722
14 5
14 20
14 99
14 131
14 132
14 133
14 165
14 166
15 5
15 20
15 202
15 1104
15 15065
15 160809
15 178517
15 785770
16 3
16 5
16 20
16 16951
16 16953
16 845700
17 76
17 342
17 343
17 345
17 845701
18 10
18 7340
18 9033
18 9035
18 144023
19 5
19 99
19 131
19 132
19 133
19 135
19 171
19 144024
20 3
20 4
20 5
20 140820
20 140822
20 845702
21 9
21 10
21 26
21 169
21 171
21 845703
22 5
22 20
22 99
22 133
22 175
22 176
22 1316
22 845704
23 3
23 5
23 20
23 182871
23 182873
23 182874
23 182876
24 5
24 20
24 202
24 14316
24 14318
24 845705
25 10
25 171
25 1113
25 1116
25 1662
25 845706
26 10
26 146
26 147
26 149
26 144029
27 4
27 5
27 82
27 84
27 100
27 4680
27 7233
27 845707
28 9
28 10
28 26
28 169
28 171
28 845708
29 5
29 20
29 99
29 133
29 175
29 176
29 1316
29 845709
30 3
30 5
30 20
30 14207
30 48617
30 182883
30 845710
31 158
31 159
31 160
31 162
31 845711
32 9
32 10
32 11
32 13
32 163
33 5
33 20
33 99
33 131
33 132
33 133
33 165
33 166
34 5
34 20
34 202
34 9960
34 32945
34 845712
35 5
35 20
35 202
35 48464
35 48466
35 845713
36 3
36 5
36 20
36 182871
36 182873
36 182874
36 845714
37 5
37 20
37 202
37 11542
37 11542
37 83687
37 124029
37 182889
37 845715
38 76
38 342
38 343
38 345
38 472426
39 82
39 758
39 759
39 761
39 420372
40 5
40 84
40 90
40 91
40 93
40 708
40 2333
40 182895
40 338942
41 9
41 10
41 11
41 13
41 338943
42 90
42 443
42 4766
42 5065
42 338944
43 3
43 4
43 5
43 10996
43 10998
43 845716
44 2822
44 2823
44 2824
44 2826
44 845717
45 10
45 146
45 147
45 149
45 722
46 99
46 131
46 132
46 133
46 195
46 236
46 237
47 3
47 4
47 195
47 12560
47 182902
47 845718
48 9
48 10
48 11
48 13
48 845719
49 4
49 5
49 99
49 131
49 132
49 133
49 152
49 747523
50 3
50 4
50 5
50 49472
50 50428
50 182905
51 4
51 5
51 202
51 226
51 2228
51 845720
52 9
52 10
52 11
52 13
52 678585
53 51
53 195
53 23536
53 55812
53 57731
53 92969
53 182908
53 845721
54 243
54 244
54 245
54 247
54 845722
55 9
55 10
55 11
55 13
55 845723
56 4
56 5
56 99
56 131
56 132
56 133
56 152
56 200693
57 3
57 4
57 5
57 497
57 43696
57 43698
57 845724
58 4
58 5
58 202
58 3199
58 5132
58 845725
59 82
59 758
59 759
59 761
59 420388
60 82
60 83
60 84
60 109
60 112
60 115
60 845726
61 5
61 84
61 90
61 91
61 93
61 96
61 708
61 35983
61 137197
61 845727
62 71
62 76
62 190
62 191
62 144061
seqId 481
1 10
1 109
1 876
1 878
1 845728
2 3
2 4
2 5
2 3290
2 3292
2 845729
3 76
3 342
3 343
3 345
3 845730
4 36
4 67
4 71
4 18488
4 18489
4 845731
5 67
5 2423
5 5422
5 106062
5 177656
5 177657
5 845732
6 76
6 342
6 343
6 345
6 509084
7 67
7 71
7 407
7 18660
7 18661
7 845733
8 67
8 967
8 158385
8 174286
8 174287
8 174289
8 845734
9 243
9 244
9 245
9 247
9 845735
10 64
10 67
10 71
10 53047
10 53048
10 845736
11 67
11 3351
11 16138
11 120004
11 168310
11 168311
11 845737
12 158
12 159
12 160
12 162
12 845738
13 9
13 10
13 11
13 13
13 163
14 5
14 20
14 99
14 131
14 132
14 133
14 165
14 166
15 5
15 20
15 67
15 168315
15 168317
15 845739
16 84
16 91
16 93
16 121
16 195
16 703
16 707
16 1858
16 845740
17 20
17 90
17 122
17 195
17 340
17 708
17 713
17 35846
17 182935
17 619096
18 10
18 828
18 829
18 831
18 845741
19 4
19 5
19 99
19 131
19 132
19 133
19 152
19 472456
20 4
20 5
20 202
20 2310
20 2313
20 845742
21 3
21 4
21 5
21 1579
21 1581
21 845743
22 9
22 10
22 11
22 13
22 845744
23 90
23 443
23 16673
23 39719
23 845745
24 76
24 342
24 343
24 345
24 845746
25 10
25 828
25 829
25 831
25 373745
26 4
26 5
26 99
26 133
26 175
26 176
26 178
26 509099
27 3
27 4
27 5
27 3268
27 3270
27 845747
28 230
28 231
28 232
28 234
28 845748
29 9
29 10
29 11
29 13
29 163
30 99
30 131
30 132
30 133
30 195
30 236
30 237
31 3
31 4
31 195
31 12778
31 12780
31 845749
32 158
32 159
32 160
32 162
32 845750
33 9
33 10
33 11
33 13
33 163
34 5
34 20
34 99
34 131
34 132
34 133
34 165
34 166
35 3
35 5
35 20
35 2081
35 29574
35 845751
36 243
36 244
36 245
36 247
36 845752
37 9
37 10
37 11
37 13
37 845753
38 4
38 5
38 99
38 131
38 132
38 133
38 152
38 845754
39 3
39 4
39 5
39 64902
39 64904
39 845755
40 76
40 342
40 343
40 345
40 314415
41 99
41 131
41 132
41 133
41 195
41 237
41 845756
42 3
42 20
42 195
42 3937
42 3939
42 845757
43 76
43 342
43 343
43 345
43 845758
44 99
44 131
44 132
44 133
44 195
44 237
44 760009
45 3
45 4
45 195
45 10184
45 10186
45 845759
46 243
46 244
46 245
46 247
46 785842
47 99
47 131
47 132
47 133
47 195
47 237
47 845760
48 3
48 4
48 195
48 25430
48 37321
48 845761
49 9
49 10
49 11
49 13
49 678628
50 4
50 5
50 99
50 131
50 132
50 133
50 152
50 678629
51 3
51 4
51 5
51 7291
51 13152
51 112669
51 149612
51 182591
51 845762
52 4
52 5
52 202
52 3199
52 5132
52 845763
53 10
53 283
53 284
53 286
53 845764
54 5
54 99
54 131
54 132
54 133
54 135
54 171
54 845765
55 3
55 4
55 5
55 14686
55 14688
55 845766
56 9
56 10
56 11
56 13
56 434855
57 5
57 99
57 131
57 132
57 133
57 135
57 171
57 845767
58 5
58 67
58 177499
58 177501
58 845768
59 5
59 20
59 202
59 168118
59 182972
59 845769
60 243
60 244
60 245
60 247
60 845770
61 5
61 20
61 202
61 140235
61 144993
61 845771
62 71
62 76
62 190
62 191
62 845772
seqId 482
1 5
1 20
1 99
1 131
1 132
1 133
1 967
1 845773
2 3
2 5
2 20
2 2601
2 2603
2 845774
3 9
3 10
3 11
3 13
3 339076
4 4
4 5
4 99
4 131
4 132
4 133
4 152
4 339077
5 3
5 4
5 5
5 35988
5 36102
5 339078
6 4
6 5
6 202
6 3199
6 5132
6 845775
7 243
7 244
7 245
7 247
7 845776
8 9
8 10
8 11
8 13
8 314442
9 5
9 99
9 131
9 132
9 133
9 135
9 171
9 845777
10 3
10 4
10 5
10 38630
10 38632
10 845778
11 4
11 5
11 202
11 3199
11 5132
11 845779
12 5
12 84
12 90
12 91
12 93
12 121
12 2081
12 2426
12 845780
13 660
13 1622
13 1623
13 1625
13 845781
14 443
14 703
14 707
14 2086
14 845782
15 5
15 20
15 99
15 133
15 175
15 176
15 1316
15 434875
16 3
16 5
16 20
16 2601
16 2603
16 314454
17 5
17 20
17 202
17 3303
17 36191
17 845783
18 9
18 10
18 11
18 13
18 845784
19 4
19 5
19 99
19 131
19 132
19 133
19 152
19 845785
20 3
20 4
20 5
20 74689
20 74691
20 845786
21 4
21 5
21 202
21 302
21 304
21 845787
22 71
22 76
22 190
22 191
22 21001
seqId 483
1 67
1 71
1 9179
1 9494
1 18718
1 845788
2 67
2 6985
2 48761
2 174978
2 174979
2 174981
2 845789
3 76
3 342
3 343
3 345
3 845790
4 82
4 758
4 759
4 761
4 845791
5 5
5 84
5 91
5 93
5 121
5 703
5 707
5 956
5 845792
6 10
6 8436
6 8437
6 8439
6 845793
7 5
7 20
7 82
7 84
7 85
7 1377
7 6487
7 845794
8 3
8 5
8 20
8 23221
8 106942
8 845795
9 9
9 10
9 11
9 13
9 144140
10 4
10 5
10 99
10 131
10 132
10 133
10 152
10 845796
11 3
11 4
11 5
11 175881
11 175883
11 845797
12 76
12 413
12 414
12 416
12 845798
13 90
13 443
13 25415
13 33649
13 395946
14 72
14 660
14 28422
14 33655
14 33656
14 33658
14 845799
15 76
15 433
15 434
15 436
15 845800
16 243
16 244
16 245
16 247
16 144145
17 64
17 67
17 71
17 53047
17 53048
17 845801
18 67
18 3351
18 16138
18 120004
18 168310
18 168311
18 845802
19 158
19 159
19 160
19 162
19 845803
20 9
20 10
20 11
20 13
20 163
21 5
21 20
21 99
21 131
21 132
21 133
21 165
21 166
22 5
22 20
22 67
22 168315
22 168317
22 845804
23 84
23 90
23 91
23 92
23 93
23 195
23 381
23 5094
23 13153
23 68957
23 845805
24 5
24 99
24 115
24 773
24 775
24 776
24 2192
24 3593
24 845806
25 3
25 4
25 5
25 3691
25 3693
25 845807
26 4
26 5
26 202
26 5335
26 5337
26 845808
27 76
27 342
27 343
27 345
27 845809
28 82
28 758
28 759
28 761
28 845810
29 5
29 84
29 91
29 93
29 121
29 702
29 703
29 705
29 845811
30 660
30 1305
30 1306
30 1308
30 845812
31 5
31 20
31 90
31 122
31 708
31 768
31 769
31 771
31 845813
32 3
32 5
32 20
32 1905
32 1907
32 747612
33 10
33 146
33 147
33 149
33 845814
34 4
34 5
34 99
34 133
34 175
34 176
34 178
34 373819
35 3
35 4
35 5
35 6862
35 6864
35 845815
36 9
36 10
36 26
36 169
36 171
36 845816
37 3
37 4
37 195
37 1395
37 1397
37 845817
38 76
38 342
38 343
38 345
38 21052
39 10
39 126
39 127
39 129
39 845818
40 67
40 48317
40 48318
40 48320
40 48321
40 845819
41 3
41 5
41 20
41 2081
41 48543
41 845820
42 243
42 244
42 245
42 247
42 845821
43 90
43 443
43 12336
43 15959
43 845822
44 10
44 109
44 110
44 112
44 845823
45 72
45 509
45 5422
45 14296
45 99714
45 176363
45 176364
45 176366
45 845824
46 76
46 342
46 343
46 345
46 845825
47 5
47 20
47 72
47 202
47 1104
47 1104
47 5528
47 15065
47 49846
47 160809
47 176368
47 845826
48 3
48 5
48 20
48 16953
48 48321
48 48328
48 183038
48 845827
49 76
49 413
49 414
49 416
49 845828
50 90
50 443
50 25415
50 33649
50 845829
51 72
51 660
51 28422
51 53292
51 53293
51 53295
51 845830
52 76
52 433
52 434
52 436
52 845831
53 76
53 342
53 343
53 345
53 72173
54 660
54 3319
54 3320
54 3322
54 845832
55 9
55 10
55 11
55 13
55 845833
56 90
56 443
56 28710
56 29094
56 845834
57 10
57 146
57 147
57 149
57 845835
58 443
58 703
58 4766
58 5065
58 845836
59 90
59 443
59 149479
59 149481
59 845837
60 3
60 4
60 5
60 14686
60 14688
60 434941
61 4
61 5
61 202
61 3199
61 5132
61 845838
62 243
62 244
62 245
62 247
62 678710
63 3
63 4
63 5
63 14686
63 14688
63 845839
64 230
64 231
64 232
64 234
64 845840
65 9
65 10
65 11
65 13
65 163
66 99
66 131
66 132
66 133
66 195
66 236
66 237
67 3
67 4
67 195
67 313
67 6526
67 845841
68 76
68 342
68 343
68 345
68 228565
69 660
69 30522
69 30523
69 30525
69 228566
70 660
70 12080
70 12081
70 12083
70 845842
71 4
71 90
71 122
71 195
71 708
71 713
71 27912
71 27914
71 79596
71 845843
72 10
72 283
72 284
72 286
72 845844
73 99
73 131
73 132
73 133
73 195
73 237
73 373853
74 3
74 4
74 195
74 1395
74 1397
74 845845
75 10
75 126
75 127
75 129
75 845846
76 5
76 20
76 99
76 131
76 132
76 133
76 166
76 823590
77 3
77 5
77 20
77 5018
77 5020
77 845847
78 5
78 20
78 202
78 168265
78 168267
78 845848
79 71
79 76
79 190
79 191
79 228578
seqId 484
1 64
1 67
1 71
1 53047
1 53048
1 845849
2 67
2 3351
2 16138
2 120004
2 168310
2 168311
2 845850
3 158
3 159
3 160
3 162
3 845851
4 9
4 10
4 11
4 13
4 163
5 5
5 20
5 99
5 131
5 132
5 133
5 165
5 166
6 5
6 20
6 67
6 168315
6 168317
6 845852
7 76
7 342
7 343
7 345
7 845853
8 3
8 5
8 20
8 2221
8 2223
8 845854
9 10
9 7340
9 9033
9 9035
9 845855
10 660
10 46492
10 46493
10 46495
10 845856
11 9
11 10
11 11
11 13
11 845857
12 4
12 5
12 99
12 131
12 132
12 133
12 152
12 845858
13 3
13 4
13 5
13 35357
13 36225
13 845859
14 243
14 244
14 245
14 247
14 339210
15 9
15 10
15 11
15 13
15 472590
16 4
16 5
16 99
16 131
16 132
16 133
16 152
16 21120
17 3
17 4
17 5
17 22402
17 22404
17 845860
18 158
18 159
18 160
18 162
18 845861
19 9
19 10
19 11
19 13
19 163
20 5
20 20
20 99
20 131
20 132
20 133
20 165
20 166
21 3
21 5
21 20
21 5018
21 5020
21 845862
22 5
22 20
22 202
22 168265
22 168267
22 845863
23 5
23 20
23 202
23 168118
23 182972
23 845864
24 76
24 342
24 343
24 345
24 845865
25 10
25 109
25 112
25 1539
25 845866
26 3
26 5
26 20
26 1601
26 1603
26 845867
27 4
27 82
27 84
27 100
27 195
27 4680
27 4682
27 373878
28 4
28 90
28 122
28 195
28 340
28 708
28 713
28 14715
28 29644
28 845868
29 10
29 109
29 110
29 112
29 845869
30 72
30 509
30 5422
30 14296
30 99714
30 176363
30 176364
30 176366
30 845870
31 76
31 342
31 343
31 345
31 760131
32 5
32 84
32 90
32 91
32 92
32 93
32 5094
32 30223
32 845871
33 99
33 133
33 175
33 176
33 195
33 234
33 760134
34 3
34 4
34 15
34 195
34 4121
34 845872
35 10
35 126
35 127
35 129
35 845873
36 98
36 99
36 100
36 195
36 2073
36 845874
37 3
37 20
37 195
37 1684
37 1686
37 845875
38 10
38 1387
38 1388
38 1390
38 845876
39 85
39 99
39 195
39 638
39 640
39 845877
40 3
40 20
40 195
40 2217
40 8955
40 845878
41 20
41 195
41 202
41 13322
41 13324
41 845879
42 243
42 244
42 245
42 247
42 107003
43 20
43 195
43 202
43 13830
43 13832
43 107004
44 76
44 413
44 414
44 416
44 845880
45 660
45 7588
45 7589
45 7591
45 845881
46 67
46 72
46 51488
46 153031
46 183109
46 183110
46 845882
47 67
47 35173
47 49510
47 183113
47 183114
47 845883
48 76
48 342
48 343
48 345
48 845884
49 9
49 10
49 11
49 13
49 845885
50 5
50 27
50 99
50 131
50 132
50 133
50 135
50 845886
51 5
51 67
51 119124
51 119126
51 119127
51 845887
52 76
52 342
52 343
52 345
52 845888
53 243
53 244
53 245
53 247
53 845889
54 67
54 183123
54 183124
54 183126
54 845890
55 67
55 183128
55 183129
55 183131
55 845891
56 76
56 342
56 343
56 345
56 396083
57 9
57 10
57 11
57 13
57 72277
58 5
58 27
58 99
58 131
58 132
58 133
58 135
58 845892
59 5
59 64
59 67
59 73105
59 183136
59 183138
59 845893
60 67
60 340
60 183140
60 183141
60 183143
60 845894
61 67
61 3584
61 7291
61 183145
61 183146
61 183148
61 183149
61 845895
62 9
62 10
62 11
62 13
62 845896
63 67
63 16138
63 71731
63 183152
63 183153
63 183155
63 183156
63 845897
64 76
64 433
64 434
64 436
64 845898
65 71
65 76
65 190
65 191
65 339275
seqId 485
1 5
1 20
1 99
1 133
1 175
1 176
1 9647
1 21188
2 3
2 5
2 20
2 2887
2 2889
2 845899
3 5
3 20
3 202
3 2923
3 2925
3 845900
4 76
4 342
4 343
4 345
4 228642
5 5
5 20
5 90
5 122
5 708
5 713
5 2832
5 5688
5 845901
6 10
6 109
6 110
6 112
6 845902
7 51
7 195
7 4167
7 4169
7 845903
8 10
8 146
8 147
8 149
8 845904
9 67
9 16138
9 71731
9 183152
9 183153
9 183155
9 183156
9 845905
10 76
10 342
10 343
10 345
10 845906
11 5
11 84
11 90
11 91
11 92
11 93
11 768
11 21226
11 396116
12 3
12 5
12 20
12 1905
12 1907
12 845907
13 10
13 146
13 147
13 149
13 845908
14 4
14 5
14 99
14 133
14 175
14 176
14 178
14 845909
15 3
15 4
15 5
15 8842
15 9174
15 845910
16 10
16 61206
16 61207
16 61209
16 509273
17 67
17 407
17 175375
17 175376
17 175378
17 845911
18 243
18 244
18 245
18 247
18 845912
19 20
19 85
19 99
19 195
19 2075
19 2077
19 760198
20 3
20 20
20 195
20 429
20 4265
20 845913
21 9
21 10
21 11
21 13
21 72308
22 3
22 4
22 5
22 5256
22 5258
22 845914
23 10
23 126
23 127
23 129
23 823683
24 4
24 5
24 99
24 131
24 132
24 133
24 152
24 845915
25 3
25 4
25 5
25 35357
25 36225
25 845916
26 9
26 10
26 11
26 13
26 845917
27 3
27 4
27 5
27 18201
27 18203
27 845918
28 4
28 5
28 202
28 34785
28 36313
28 845919
29 243
29 244
29 245
29 247
29 183187
30 10
30 126
30 127
30 129
30 845920
31 4
31 5
31 99
31 131
31 132
31 133
31 152
31 845921
32 3
32 4
32 5
32 22402
32 22404
32 845922
33 4
33 5
33 202
33 168118
33 168120
33 845923
34 84
34 91
34 93
34 121
34 195
34 703
34 707
34 1858
34 845924
35 20
35 90
35 122
35 195
35 708
35 713
35 9250
35 58963
35 845925
36 10
36 1387
36 1388
36 1390
36 747722
37 67
37 6985
37 11542
37 49011
37 183194
37 183195
37 845926
38 67
38 14295
38 55102
38 183198
38 183199
38 845927
39 76
39 342
39 343
39 345
39 786058
40 67
40 11542
40 46401
40 50265
40 183203
40 183204
40 845928
41 67
41 48579
41 48581
41 115854
41 845929
42 76
42 413
42 414
42 416
42 845930
43 67
43 157814
43 183209
43 183210
43 183212
43 845931
44 76
44 342
44 343
44 345
44 678804
45 67
45 13451
45 75353
45 109276
45 147424
45 183214
45 845932
46 76
46 433
46 434
46 436
46 845933
47 71
47 76
47 190
47 191
47 845934
seqId 486
1 51
1 52
1 1427
1 1962
1 845935
2 71
2 76
2 190
2 191
2 845936
seqId 487
1 3
1 5
1 20
1 2081
1 48543
1 845937
2 76
2 342
2 343
2 345
2 72351
3 3
3 5
3 20
3 12336
3 15959
3 845938
4 243
4 244
4 245
4 247
4 845939
5 3
5 4
5 5
5 5859
5 24599
5 845940
6 9
6 10
6 11
6 13
6 845941
7 5
7 27
7 99
7 131
7 132
7 133
7 135
7 845942
8 3
8 5
8 20
8 103478
8 103885
8 845943
seqId 488
1 5
1 20
1 98
1 99
1 100
1 4215
1 435094
2 3
2 5
2 20
2 2320
2 2322
2 435095
3 5
3 84
3 90
3 91
3 93
3 121
3 2832
3 11345
3 845944
4 5
4 20
4 99
4 131
4 132
4 133
4 166
4 845945
5 3
5 5
5 20
5 19820
5 19822
5 845946
6 10
6 1605
6 1606
6 1608
6 845947
7 99
7 133
7 175
7 176
7 195
7 234
7 823707
8 3
8 20
8 195
8 1320
8 3384
8 845948
9 10
9 126
9 127
9 129
9 845949
10 99
10 133
10 175
10 176
10 195
10 234
10 845950
11 3
11 20
11 195
11 340
11 12336
11 15959
11 845951
12 660
12 6560
12 10036
12 10038
12 845952
13 20
13 195
13 202
13 7681
13 24372
13 27750
13 183237
13 845953
14 76
14 413
14 414
14 416
14 845954
15 4
15 5
15 99
15 131
15 132
15 133
15 152
15 845955
16 3
16 4
16 5
16 175881
16 175883
16 845956
17 243
17 244
17 245
17 247
17 845957
18 4
18 5
18 99
18 131
18 132
18 133
18 152
18 845958
19 3
19 4
19 5
19 183245
19 183247
19 845959
20 76
20 342
20 343
20 345
20 435113
21 3
21 4
21 195
21 13569
21 13571
21 845960
22 4
22 195
22 202
22 6881
22 6883
22 845961
23 10
23 109
23 110
23 112
23 314682
24 67
24 147612
24 168135
24 177253
24 845962
25 76
25 433
25 434
25 436
25 845963
26 76
26 342
26 343
26 345
26 845964
27 10
27 126
27 127
27 129
27 845965
28 26
28 27
28 99
28 133
28 175
28 176
28 195
28 845966
29 82
29 84
29 85
29 195
29 2294
29 3837
29 845967
30 82
30 758
30 759
30 761
30 845968
31 5
31 20
31 82
31 83
31 84
31 115
31 166
31 763
31 374024
32 84
32 91
32 93
32 121
32 195
32 703
32 707
32 1858
32 845969
33 660
33 2747
33 2748
33 2750
33 845970
34 660
34 18003
34 18004
34 18006
34 845971
35 76
35 413
35 414
35 416
35 845972
36 5
36 27
36 99
36 131
36 132
36 133
36 135
36 845973
37 3
37 4
37 5
37 14686
37 14688
37 845974
38 76
38 342
38 343
38 345
38 845975
39 4
39 5
39 99
39 131
39 132
39 133
39 152
39 845976
40 3
40 4
40 5
40 128205
40 128207
40 845977
41 76
41 433
41 434
41 436
41 845978
42 76
42 342
42 343
42 345
42 845979
43 660
43 976
43 979
43 1458
43 845980
44 944
44 945
44 946
44 948
44 845981
45 10
45 126
45 127
45 129
45 845982
46 99
46 133
46 175
46 176
46 195
46 234
46 845983
47 3
47 4
47 195
47 5859
47 14468
47 845984
48 9
48 10
48 24
48 26
48 27
48 845985
49 3
49 4
49 5
49 6471
49 6473
49 845986
50 660
50 19655
50 19656
50 19658
50 845987
51 4
51 90
51 122
51 195
51 340
51 708
51 713
51 1385
51 43218
51 43220
51 201074
52 244
52 1249
52 1250
52 1252
52 845988
53 82
53 758
53 759
53 761
53 845989
54 84
54 90
54 91
54 93
54 121
54 195
54 702
54 1062
54 619385
55 5
55 20
55 99
55 133
55 175
55 176
55 1316
55 845990
56 3
56 5
56 20
56 5228
56 15262
56 845991
57 10
57 1387
57 1388
57 1390
57 747821
58 5
58 27
58 99
58 131
58 132
58 133
58 135
58 845992
59 3
59 4
59 5
59 4804
59 33065
59 845993
60 4
60 5
60 202
60 3199
60 5132
60 845994
61 71
61 76
61 190
61 191
61 845995
seqId 489
1 4
1 5
1 98
1 99
1 100
1 4105
1 845996
2 3
2 4
2 5
2 4198
2 4200
2 845997
3 5
3 84
3 90
3 91
3 92
3 93
3 2333
3 29210
3 845998
4 9
4 10
4 24
4 26
4 27
4 472749
5 90
5 443
5 11164
5 31435
5 107147
6 9
6 10
6 11
6 13
6 845999
7 3
7 4
7 5
7 3615
7 3617
7 846000
8 4
8 5
8 202
8 4270
8 18030
8 509361
9 4
9 5
9 99
9 131
9 132
9 133
9 152
9 846001
10 3
10 4
10 5
10 4249
10 4251
10 846002
11 230
11 231
11 232
11 234
11 846003
12 9
12 10
12 11
12 13
12 163
13 99
13 131
13 132
13 133
13 195
13 236
13 237
14 3
14 20
14 195
14 4345
14 16570
14 846004
15 9
15 10
15 11
15 13
15 374064
16 3
16 4
16 5
16 4228
16 13593
16 846005
17 243
17 244
17 245
17 247
17 747839
18 9
18 10
18 11
18 13
18 846006
19 3
19 4
19 5
19 42984
19 42986
19 846007
20 230
20 231
20 232
20 234
20 420683
21 9
21 10
21 11
21 13
21 163
22 99
22 131
22 132
22 133
22 195
22 236
22 237
23 3
23 20
23 195
23 340
23 12336
23 15959
23 846008
24 76
24 342
24 343
24 345
24 846009
25 243
25 244
25 245
25 247
25 846010
26 4
26 5
26 82
26 84
26 100
26 4680
26 7233
26 846011
27 230
27 231
27 232
27 234
27 846012
28 9
28 10
28 11
28 13
28 163
29 99
29 131
29 132
29 133
29 195
29 236
29 237
30 3
30 20
30 195
30 37928
30 60441
30 846013
31 20
31 195
31 202
31 322
31 357
31 314743
32 243
32 244
32 245
32 247
32 228800
33 20
33 195
33 202
33 3199
33 4859
33 846014
34 230
34 231
34 232
34 234
34 846015
35 9
35 10
35 11
35 13
35 163
36 99
36 131
36 132
36 133
36 195
36 236
36 237
37 3
37 4
37 195
37 3846
37 3848
37 846016
38 4
38 195
38 202
38 2787
38 14576
38 14578
38 846017
39 243
39 244
39 245
39 247
39 846018
40 4
40 195
40 202
40 4702
40 97960
40 182069
40 183319
40 846019
41 71
41 76
41 190
41 191
41 846020
seqId 490
1 5
1 27
1 99
1 131
1 132
1 133
1 699
1 846021
2 3
2 4
2 5
2 14686
2 14688
2 846022
3 9
3 10
3 11
3 13
3 846023
4 4
4 5
4 99
4 131
4 132
4 133
4 152
4 747863
5 3
5 4
5 5
5 34647
5 34649
5 786184
6 4
6 5
6 202
6 3199
6 5132
6 846024
7 27
7 660
7 661
7 910
7 912
7 846025
8 5
8 84
8 91
8 93
8 121
8 703
8 707
8 956
8 144515
9 660
9 661
9 1240
9 1242
9 846026
10 4
10 5
10 202
10 82366
10 183333
10 846027
11 9
11 10
11 11
11 13
11 846028
12 5
12 20
12 98
12 99
12 100
12 3961
12 846029
13 3
13 5
13 20
13 2320
13 2322
13 509399
14 75
14 76
14 77
14 79
14 846030
15 4
15 5
15 82
15 83
15 84
15 115
15 763
15 1264
15 846031
16 5
16 84
16 91
16 93
16 121
16 703
16 707
16 956
16 536763
17 717
17 718
17 719
17 721
17 396347
18 10
18 146
18 147
18 149
18 722
19 5
19 20
19 99
19 131
19 132
19 133
19 165
19 166
20 3
20 5
20 20
20 8760
20 8762
20 846032
21 230
21 231
21 232
21 234
21 472795
22 9
22 10
22 11
22 13
22 163
23 99
23 131
23 132
23 133
23 195
23 236
23 237
24 3
24 20
24 195
24 1320
24 3384
24 846033
25 20
25 90
25 122
25 195
25 708
25 713
25 3686
25 9599
25 846034
26 10
26 828
26 829
26 831
26 846035
27 67
27 1139
27 1140
27 1142
27 846036
28 67
28 1047
28 11613
28 178853
28 178854
28 178856
28 846037
29 10
29 126
29 127
29 129
29 846038
30 99
30 131
30 132
30 133
30 195
30 237
30 846039
31 3
31 20
31 195
31 42748
31 42750
31 846040
32 20
32 195
32 202
32 3199
32 4859
32 536773
33 82
33 758
33 759
33 761
33 846041
34 82
34 84
34 114
34 115
34 116
34 1361
34 314780
35 84
35 90
35 91
35 93
35 121
35 195
35 755
35 183354
35 183356
35 846042
36 10
36 283
36 284
36 286
36 846043
37 5
37 20
37 99
37 131
37 132
37 133
37 166
37 420733
38 3
38 5
38 20
38 5228
38 15262
38 846044
39 5
39 20
39 202
39 54437
39 178839
39 178841
39 846045
40 717
40 718
40 719
40 721
40 619447
41 10
41 146
41 147
41 149
41 722
42 5
42 20
42 99
42 131
42 132
42 133
42 165
42 166
43 5
43 20
43 202
43 15065
43 131938
43 131940
43 183363
44 3
44 5
44 20
44 16951
44 16953
44 846046
45 230
45 231
45 232
45 234
45 760336
46 9
46 10
46 11
46 13
46 163
47 99
47 131
47 132
47 133
47 195
47 236
47 237
48 3
48 4
48 195
48 340
48 23042
48 34205
48 846047
49 243
49 244
49 245
49 247
49 846048
50 230
50 231
50 232
50 234
50 846049
51 9
51 10
51 11
51 13
51 163
52 99
52 131
52 132
52 133
52 195
52 236
52 237
53 3
53 4
53 195
53 340
53 22981
53 22983
53 846050
54 71
54 76
54 190
54 191
54 396399
seqId 491
1 5
1 99
1 115
1 773
1 774
1 775
1 776
1 31621
1 846051
2 5
2 20
2 202
2 795
2 797
2 846052
3 3
3 5
3 20
3 429
3 431
3 435219
4 5
4 84
4 90
4 91
4 93
4 121
4 13580
4 13582
4 846053
5 10
5 109
5 110
5 112
5 846054
6 4
6 5
6 99
6 133
6 175
6 176
6 178
6 846055
7 3
7 4
7 5
7 1395
7 5941
7 107239
8 9
8 10
8 11
8 13
8 619464
9 4
9 5
9 99
9 131
9 132
9 133
9 152
9 21439
10 3
10 4
10 5
10 35824
10 35826
10 846056
11 4
11 5
11 202
11 3199
11 5132
11 846057
12 4
12 5
12 90
12 122
12 708
12 713
12 9903
12 65784
12 846058
13 10
13 828
13 829
13 831
13 846059
14 99
14 131
14 132
14 133
14 195
14 237
14 509435
15 3
15 20
15 195
15 79926
15 79928
15 846060
16 20
16 72
16 195
16 202
16 340
16 340
16 183386
16 183388
16 183389
16 846061
17 20
17 195
17 202
17 14327
17 138464
17 846062
18 10
18 283
18 284
18 286
18 846063
19 4
19 5
19 99
19 131
19 132
19 133
19 152
19 846064
20 3
20 4
20 5
20 183394
20 183396
20 846065
21 4
21 5
21 202
21 178867
21 178869
21 846066
22 71
22 76
22 190
22 191
22 846067
seqId 492
1 5
1 27
1 99
1 131
1 132
1 133
1 699
1 846068
2 3
2 4
2 5
2 14686
2 14688
2 846069
3 9
3 10
3 11
3 13
3 619490
4 4
4 5
4 99
4 131
4 132
4 133
4 152
4 435243
5 3
5 4
5 5
5 175881
5 175883
5 760370
6 717
6 718
6 719
6 721
6 846070
7 10
7 146
7 147
7 149
7 722
8 5
8 20
8 99
8 131
8 132
8 133
8 165
8 166
9 5
9 20
9 202
9 1718
9 57849
9 846071
10 3
10 5
10 20
10 15215
10 65093
10 131674
10 846072
11 76
11 342
11 343
11 345
11 339620
12 3
12 5
12 20
12 10801
12 10803
12 846073
13 99
13 133
13 175
13 176
13 195
13 234
13 536832
14 3
14 20
14 195
14 1320
14 3384
14 846074
15 9
15 10
15 11
15 13
15 846075
16 67
16 71
16 6078
16 9551
16 9552
16 846076
17 67
17 857
17 48314
17 175998
17 175999
17 846077
18 243
18 244
18 245
18 247
18 846078
19 67
19 71
19 9179
19 9494
19 18718
19 846079
20 67
20 6985
20 48761
20 174978
20 174979
20 174981
20 846080
21 76
21 342
21 343
21 345
21 846081
22 5
22 84
22 90
22 91
22 93
22 121
22 1509
22 16289
22 72583
23 4
23 5
23 99
23 133
23 175
23 176
23 178
23 72584
24 3
24 4
24 5
24 70648
24 70650
24 846082
25 158
25 159
25 160
25 162
25 314846
26 9
26 10
26 11
26 13
26 163
27 5
27 20
27 99
27 131
27 132
27 133
27 165
27 166
28 5
28 20
28 67
28 37445
28 135367
28 171893
28 846083
29 71
29 76
29 190
29 191
29 846084
seqId 493
1 67
1 71
1 9179
1 9494
1 18718
1 846085
2 67
2 6985
2 48761
2 174978
2 174979
2 174981
2 846086
3 5
3 84
3 90
3 91
3 93
3 121
3 7530
3 165985
3 846087
4 5
4 20
4 99
4 133
4 175
4 176
4 1316
4 846088
5 3
5 5
5 20
5 21117
5 21119
5 846089
6 5
6 20
6 202
6 39745
6 183431
6 846090
7 9
7 10
7 24
7 26
7 27
7 846091
8 67
8 5933
8 32572
8 32573
8 32575
8 846092
9 10
9 126
9 127
9 129
9 396477
10 5
10 27
10 99
10 131
10 132
10 133
10 135
10 846093
11 3
11 4
11 5
11 4406
11 24330
11 846094
12 4
12 5
12 202
12 96170
12 179369
12 846095
13 9
13 10
13 24
13 26
13 27
13 846096
14 67
14 84561
14 152173
14 179372
14 179373
14 179375
14 846097
15 10
15 27
15 1113
15 1114
15 1116
15 846098
16 10
16 146
16 149
16 1539
16 846099
17 3
17 5
17 20
17 1666
17 1668
17 846100
18 660
18 7237
18 10032
18 10034
18 846101
19 660
19 19655
19 19656
19 19658
19 846102
20 4
20 5
20 90
20 122
20 708
20 713
20 3979
20 3981
20 846103
21 76
21 342
21 343
21 345
21 846104
22 660
22 918
22 921
22 941
22 846105
23 944
23 945
23 946
23 948
23 846106
24 9
24 10
24 11
24 13
24 846107
25 3
25 4
25 5
25 3615
25 3617
25 846108
26 660
26 1377
26 1539
26 6487
26 183453
27 10
27 146
27 147
27 149
27 846109
28 3
28 5
28 20
28 3775
28 3777
28 846110
29 4
29 5
29 202
29 3272
29 3274
29 846111
30 4
30 5
30 82
30 83
30 84
30 115
30 763
30 1264
30 846112
31 5
31 84
31 90
31 91
31 93
31 121
31 8835
31 80399
31 846113
32 5
32 27
32 99
32 131
32 132
32 133
32 135
32 144643
33 3
33 4
33 5
33 41391
33 41393
33 846114
34 158
34 159
34 160
34 162
34 760405
35 9
35 10
35 11
35 13
35 163
36 5
36 20
36 99
36 131
36 132
36 133
36 165
36 166
37 3
37 5
37 20
37 26513
37 27698
37 846115
38 243
38 244
38 245
38 247
38 374215
39 99
39 131
39 132
39 133
39 195
39 237
39 846116
40 3
40 4
40 15
40 195
40 4121
40 846117
41 4
41 195
41 202
41 340
41 105379
41 105381
41 846118
42 76
42 1267
42 1268
42 1270
42 435309
seqId 494
1 5
1 20
1 82
1 83
1 84
1 115
1 763
1 1002
1 21540
2 27
2 82
2 84
2 114
2 115
2 116
2 118
2 846119
3 5
3 84
3 90
3 91
3 92
3 93
3 1648
3 33058
3 33876
3 846120
4 660
4 1622
4 1623
4 1625
4 846121
5 10
5 146
5 147
5 149
5 823934
6 90
6 443
6 3446
6 3448
6 846122
7 10
7 283
7 284
7 286
7 21548
8 4
8 5
8 99
8 131
8 132
8 133
8 152
8 846123
9 4
9 5
9 202
9 12237
9 12322
9 846124
10 3
10 4
10 5
10 11291
10 11293
10 846125
11 5
11 99
11 115
11 773
11 774
11 775
11 776
11 778
11 846126
12 3
12 5
12 20
12 20035
12 20037
12 846127
13 10
13 126
13 127
13 129
13 846128
14 4
14 5
14 99
14 131
14 132
14 133
14 152
14 846129
15 3
15 4
15 5
15 13569
15 22485
15 846130
16 660
16 1796
16 1797
16 1799
16 846131
17 10
17 109
17 110
17 112
17 846132
18 67
18 52423
18 136606
18 173431
18 846133
19 27
19 944
19 945
19 1463
19 3308
19 846134
20 10
20 109
20 110
20 112
20 509509
21 67
21 147612
21 168135
21 177253
21 846135
22 71
22 76
22 190
22 191
22 846136
seqId 495
1 10
1 109
1 878
1 1539
1 846137
2 660
2 4185
2 4186
2 4188
2 846138
3 5
3 20
3 82
3 83
3 84
3 115
3 763
3 1002
3 846139
4 5
4 84
4 90
4 91
4 92
4 93
4 96
4 9303
4 11762
4 846140
5 5
5 20
5 99
5 133
5 175
5 176
5 1316
5 201295
6 3
6 5
6 20
6 70793
6 70795
6 679019
7 10
7 146
7 147
7 149
7 846141
8 51
8 195
8 10375
8 10377
8 846142
9 3
9 4
9 195
9 18260
9 18262
9 846143
10 10
10 1387
10 1388
10 1390
10 846144
11 5
11 20
11 99
11 133
11 175
11 176
11 1316
11 823956
12 3
12 5
12 20
12 168689
12 168691
12 846145
13 76
13 342
13 343
13 345
13 846146
14 67
14 176179
14 176180
14 176182
14 846147
15 67
15 48564
15 48566
15 52700
15 846148
16 76
16 342
16 343
16 345
16 509521
17 10
17 126
17 127
17 129
17 846149
18 3
18 4
18 5
18 175881
18 183508
18 846150
19 243
19 244
19 245
19 247
19 846151
20 3
20 4
20 5
20 59102
20 59104
20 846152
21 10
21 109
21 110
21 112
21 846153
22 67
22 49391
22 49392
22 49394
22 846154
23 5
23 20
23 72
23 202
23 1104
23 1104
23 5528
23 15065
23 62808
23 112889
23 176068
23 846155
24 3
24 5
24 20
24 16951
24 16953
24 846156
25 71
25 76
25 190
25 191
25 339769
seqId 496
1 4
1 5
1 99
1 131
1 132
1 133
1 811
1 72686
2 3
2 4
2 5
2 504
2 14984
2 846157
3 158
3 159
3 160
3 162
3 846158
4 9
4 10
4 11
4 13
4 163
5 5
5 20
5 99
5 131
5 132
5 133
5 165
5 166
6 5
6 20
6 67
6 37445
6 135367
6 171893
6 846159
7 5
7 84
7 90
7 91
7 92
7 93
7 2333
7 29210
7 846160
8 9
8 10
8 24
8 26
8 27
8 846161
9 90
9 443
9 22310
9 22312
9 846162
10 4
10 5
10 99
10 131
10 132
10 133
10 152
10 846163
11 3
11 4
11 5
11 5256
11 5258
11 846164
12 10
12 1387
12 1388
12 1390
12 846165
13 67
13 138439
13 138440
13 138442
13 846166
14 67
14 857
14 48314
14 175998
14 175999
14 846167
15 76
15 342
15 343
15 345
15 339793
16 82
16 758
16 759
16 761
16 21624
17 5
17 84
17 90
17 91
17 93
17 121
17 5094
17 43394
17 201339
18 5
18 99
18 115
18 773
18 774
18 775
18 776
18 778
18 846168
19 3
19 5
19 20
19 1320
19 1322
19 846169
20 10
20 126
20 127
20 129
20 846170
21 4
21 5
21 99
21 131
21 132
21 133
21 152
21 846171
22 3
22 4
22 5
22 175881
22 175883
22 846172
23 4
23 5
23 202
23 168118
23 168120
23 846173
24 10
24 109
24 110
24 112
24 846174
25 67
25 147612
25 168135
25 177253
25 846175
26 71
26 76
26 190
26 191
26 846176
seqId 497
1 5
1 20
1 82
1 83
1 84
1 115
1 763
1 3948
1 144730
2 5
2 72
2 84
2 90
2 91
2 92
2 93
2 96
2 5390
2 32018
2 98487
2 846177
3 660
3 6695
3 6696
3 6698
3 846178
4 5
4 20
4 99
4 133
4 175
4 176
4 1316
4 846179
5 3
5 5
5 20
5 2887
5 2889
5 846180
6 10
6 126
6 127
6 129
6 846181
7 3
7 20
7 195
7 340
7 2081
7 48543
7 846182
8 243
8 244
8 245
8 247
8 846183
9 3
9 20
9 195
9 340
9 12336
9 15959
9 846184
10 20
10 195
10 202
10 96170
10 101136
10 846185
11 10
11 109
11 110
11 112
11 846186
12 51
12 195
12 10917
12 67710
12 67712
12 846187
13 10
13 109
13 110
13 112
13 846188
14 3
14 4
14 5
14 5256
14 5258
14 846189
15 10
15 1387
15 1388
15 1390
15 846190
16 64
16 67
16 71
16 53047
16 53048
16 846191
17 67
17 67804
17 136253
17 183556
17 183557
17 846192
18 9
18 10
18 11
18 13
18 107424
19 5
19 27
19 99
19 131
19 132
19 133
19 135
19 846193
20 5
20 67
20 157504
20 157507
20 157508
20 846194
21 71
21 76
21 190
21 191
21 396602
seqId 498
1 5
1 20
1 82
1 83
1 84
1 115
1 763
1 3948
1 846195
2 5
2 84
2 90
2 91
2 93
2 121
2 10697
2 22882
2 846196
3 660
3 1622
3 1623
3 1625
3 846197
4 90
4 443
4 8855
4 51295
4 846198
5 99
5 133
5 175
5 176
5 195
5 234
5 846199
6 3
6 20
6 195
6 2221
6 3410
6 846200
7 20
7 195
7 202
7 2923
7 14156
7 846201
8 10
8 126
8 127
8 129
8 144769
9 99
9 131
9 132
9 133
9 195
9 237
9 846202
10 3
10 4
10 195
10 340
10 6471
10 6473
10 846203
11 4
11 195
11 202
11 14293
11 37976
11 181714
11 183574
11 846204
12 10
12 109
12 110
12 112
12 846205
13 3
13 4
13 5
13 17178
13 17180
13 846206
14 10
14 1387
14 1388
14 1390
14 846207
15 5
15 27
15 99
15 131
15 132
15 133
15 135
15 144780
16 3
16 4
16 5
16 597
16 599
16 846208
17 4
17 5
17 202
17 45629
17 45631
17 846209
18 9
18 10
18 11
18 13
18 846210
19 67
19 151340
19 151341
19 151343
19 846211
20 71
20 76
20 190
20 191
20 846212
seqId 499
1 98
1 99
1 100
1 195
1 8870
1 846213
2 3
2 20
2 195
2 1320
2 3384
2 846214
3 10
3 109
3 110
3 112
3 846215
4 3
4 4
4 5
4 14686
4 14688
4 846216
5 4
5 5
5 202
5 168118
5 168120
5 846217
6 84
6 90
6 91
6 93
6 121
6 195
6 1437
6 1439
6 846218
7 5
7 20
7 99
7 133
7 175
7 176
7 1316
7 846219
8 3
8 5
8 20
8 16650
8 16652
8 846220
9 717
9 718
9 719
9 721
9 374368
10 10
10 146
10 147
10 149
10 722
11 5
11 20
11 99
11 131
11 132
11 133
11 165
11 166
12 5
12 20
12 67
12 37445
12 135367
12 171893
12 846221
13 3
13 2548
13 9789
13 9791
13 846222
14 10
14 146
14 147
14 149
14 846223
15 4
15 5
15 99
15 131
15 132
15 133
15 152
15 846224
16 3
16 4
16 5
16 10248
16 10250
16 846225
17 10
17 109
17 110
17 112
17 846226
18 3
18 5
18 20
18 389
18 391
18 846227
19 9
19 10
19 24
19 26
19 27
19 846228
20 67
20 129372
20 129373
20 129375
20 846229
21 36
21 67
21 183603
21 183604
21 183606
21 183607
21 846230
22 10
22 126
22 127
22 129
22 824047
23 99
23 131
23 132
23 133
23 195
23 237
23 824048
24 3
24 20
24 195
24 340
24 11811
24 11813
24 846231
25 20
25 195
25 202
25 340
25 7537
25 183612
25 183614
25 846232
26 9
26 10
26 11
26 13
26 679114
27 4
27 5
27 99
27 131
27 132
27 133
27 152
27 786446
28 3
28 4
28 5
28 22445
28 22447
28 846233
29 9
29 10
29 11
29 13
29 846234
30 3
30 4
30 5
30 175881
30 175883
30 846235
31 9
31 10
31 11
31 13
31 846236
32 67
32 601
32 603
32 1197
32 846237
33 717
33 718
33 719
33 721
33 824055
34 10
34 146
34 147
34 149
34 722
35 5
35 20
35 99
35 131
35 132
35 133
35 165
35 166
36 5
36 20
36 202
36 15065
36 131938
36 131940
36 183624
37 3
37 5
37 20
37 16951
37 16953
37 846238
38 243
38 244
38 245
38 247
38 824059
39 4
39 82
39 84
39 100
39 195
39 4680
39 4682
39 846239
40 9
40 10
40 24
40 26
40 27
40 748095
41 67
41 57385
41 57386
41 57388
41 846240
42 67
42 967
42 139309
42 183630
42 183631
42 183633
42 846241
43 10
43 126
43 127
43 129
43 846242
44 99
44 131
44 132
44 133
44 195
44 237
44 229105
45 3
45 4
45 195
45 6642
45 6644
45 846243
46 4
46 195
46 202
46 33316
46 33318
46 473082
47 10
47 146
47 147
47 149
47 537065
48 67
48 601
48 603
48 1197
48 846244
49 243
49 244
49 245
49 247
49 846245
50 10
50 146
50 147
50 149
50 846246
51 67
51 75360
51 75361
51 75363
51 846247
52 158
52 159
52 160
52 162
52 846248
53 9
53 10
53 11
53 13
53 163
54 5
54 20
54 99
54 131
54 132
54 133
54 165
54 166
55 5
55 20
55 202
55 1104
55 15065
55 176544
55 176546
55 846249
56 717
56 718
56 719
56 721
56 846250
57 10
57 146
57 147
57 149
57 722
58 5
58 20
58 99
58 131
58 132
58 133
58 165
58 166
59 5
59 20
59 202
59 15065
59 130808
59 130810
59 315032
60 3
60 5
60 20
60 16951
60 16953
60 846251
61 243
61 244
61 245
61 247
61 229120
62 9
62 10
62 24
62 26
62 27
62 374421
63 67
63 183649
63 183650
63 183652
63 846252
64 67
64 48874
64 183654
64 183655
64 183657
64 846253
65 10
65 126
65 127
65 129
65 846254
66 4
66 5
66 99
66 131
66 132
66 133
66 152
66 846255
67 3
67 4
67 5
67 26985
67 26987
67 846256
68 230
68 231
68 232
68 234
68 846257
69 9
69 10
69 11
69 13
69 163
70 99
70 131
70 132
70 133
70 195
70 236
70 237
71 3
71 20
71 195
71 340
71 38508
71 183663
71 183665
71 846258
72 20
72 195
72 202
72 59459
72 70157
72 132616
72 183667
72 846259
73 71
73 76
73 190
73 191
73 229130
seqId 500
1 10
1 109
1 878
1 1539
1 229131
2 660
2 4185
2 4186
2 4188
2 846260
3 76
3 342
3 343
3 345
3 21770
4 4
4 5
4 99
4 131
4 132
4 133
4 152
4 846261
5 3
5 4
5 5
5 3691
5 3693
5 846262
6 10
6 126
6 127
6 129
6 619705
7 99
7 131
7 132
7 133
7 195
7 237
7 846263
8 3
8 4
8 195
8 5859
8 14468
8 846264
9 4
9 195
9 202
9 327
9 329
9 340
9 846265
10 243
10 244
10 245
10 247
10 824086
11 99
11 131
11 132
11 133
11 195
11 237
11 846266
12 3
12 4
12 195
12 183682
12 183684
12 846267
13 4
13 195
13 202
13 340
13 5154
13 5156
13 846268
14 717
14 718
14 719
14 721
14 107540
15 10
15 146
15 147
15 149
15 722
16 5
16 20
16 99
16 131
16 132
16 133
16 165
16 166
17 3
17 5
17 20
17 1325
17 1327
17 107541
18 230
18 231
18 232
18 234
18 846269
19 9
19 10
19 11
19 13
19 163
20 99
20 131
20 132
20 133
20 195
20 236
20 237
21 3
21 4
21 195
21 347
21 349
21 846270
22 4
22 195
22 202
22 340
22 168118
22 168120
22 846271
23 9
23 10
23 11
23 13
23 846272
24 90
24 443
24 12336
24 15959
24 846273
25 5
25 84
25 91
25 92
25 93
25 703
25 707
25 16563
25 619719
26 4
26 5
26 90
26 122
26 708
26 713
26 1104
26 5773
26 16009
26 846274
27 10
27 828
27 829
27 831
27 229158
28 99
28 131
28 132
28 133
28 195
28 237
28 846275
29 3
29 20
29 195
29 1320
29 3384
29 846276
30 9
30 10
30 11
30 13
30 421002
31 67
31 1104
31 5836
31 178142
31 178143
31 178145
31 846277
32 67
32 310
32 57195
32 178147
32 178148
32 846278
33 10
33 126
33 127
33 129
33 846279
34 5
34 27
34 99
34 131
34 132
34 133
34 135
34 846280
35 3
35 4
35 5
35 597
35 599
35 846281
36 9
36 10
36 11
36 13
36 846282
37 67
37 601
37 603
37 1197
37 846283
38 243
38 244
38 245
38 247
38 107575
39 99
39 131
39 132
39 133
39 195
39 237
39 846284
40 3
40 4
40 195
40 18773
40 20364
40 846285
41 4
41 118
41 195
41 202
41 340
41 92936
41 183710
41 183712
41 846286
42 71
42 76
42 190
42 191
42 340030
seqId 501
1 99
1 131
1 132
1 133
1 195
1 1220
1 846287
2 20
2 82
2 84
2 85
2 175
2 195
2 340
2 1316
2 183717
3 243
3 244
3 245
3 247
3 748169
4 99
4 131
4 132
4 133
4 195
4 237
4 846288
5 82
5 84
5 85
5 195
5 2294
5 3837
5 183719
6 84
6 90
6 91
6 93
6 121
6 195
6 14730
6 39860
6 846289
7 4
7 5
7 99
7 133
7 175
7 176
7 178
7 846290
8 3
8 4
8 5
8 30801
8 30803
8 846291
9 9
9 10
9 11
9 13
9 72884
10 4
10 5
10 99
10 131
10 132
10 133
10 152
10 619748
11 3
11 4
11 5
11 8050
11 8052
11 846292
12 4
12 5
12 202
12 1104
12 14576
12 14578
12 846293
13 10
13 283
13 284
13 286
13 846294
14 5
14 20
14 99
14 131
14 132
14 133
14 166
14 846295
15 5
15 20
15 202
15 7021
15 19588
15 846296
16 3
16 5
16 20
16 34150
16 34152
16 846297
17 9
17 10
17 24
17 26
17 27
17 846298
18 3
18 5
18 20
18 183732
18 183734
18 846299
19 9
19 10
19 11
19 13
19 537134
20 5
20 27
20 99
20 131
20 132
20 133
20 135
20 846300
21 3
21 4
21 5
21 597
21 599
21 846301
22 76
22 342
22 343
22 345
22 846302
23 10
23 1605
23 1606
23 1608
23 846303
24 99
24 131
24 132
24 133
24 195
24 237
24 846304
25 5
25 20
25 202
25 1104
25 15065
25 112887
25 112889
25 846305
26 243
26 244
26 245
26 247
26 846306
27 5
27 20
27 202
27 15065
27 176549
27 176551
27 846307
28 3
28 20
28 195
28 16951
28 131943
28 846308
29 71
29 76
29 190
29 191
29 846309
seqId 502
1 67
1 11514
1 11515
1 11517
1 846310
2 67
2 2423
2 5422
2 106062
2 177656
2 177657
2 846311
3 243
3 244
3 245
3 247
3 421044
4 67
4 136357
4 136358
4 136360
4 846312
5 67
5 967
5 158385
5 174286
5 174287
5 174289
5 846313
6 84
6 90
6 91
6 92
6 93
6 195
6 26497
6 40114
6 42682
6 846314
7 2822
7 2823
7 2824
7 2826
7 107615
8 10
8 146
8 147
8 149
8 722
9 99
9 131
9 132
9 133
9 195
9 236
9 237
10 3
10 4
10 195
10 18773
10 20364
10 846315
11 9
11 10
11 11
11 13
11 846316
12 3
12 5
12 20
12 1320
12 1322
12 846317
13 9
13 10
13 11
13 13
13 760604
14 5
14 27
14 99
14 131
14 132
14 133
14 135
14 846318
15 3
15 5
15 20
15 23221
15 106942
15 846319
16 10
16 109
16 110
16 112
16 315133
17 67
17 173435
17 173436
17 173438
17 846320
18 4
18 5
18 202
18 176853
18 176855
18 846321
19 2822
19 2823
19 2824
19 2826
19 619778
20 10
20 146
20 147
20 149
20 722
21 99
21 131
21 132
21 133
21 195
21 236
21 237
22 5
22 20
22 72
22 202
22 1104
22 15065
22 155350
22 176551
22 183765
22 846322
23 3
23 20
23 195
23 16951
23 131943
23 846323
24 10
24 146
24 149
24 2548
24 679222
25 3
25 5
25 20
25 38959
25 38961
25 846324
26 99
26 131
26 132
26 133
26 195
26 237
26 107636
27 3
27 20
27 195
27 9469
27 9471
27 846325
28 76
28 342
28 343
28 345
28 846326
29 20
29 90
29 122
29 195
29 708
29 713
29 98386
29 98388
29 846327
30 660
30 71225
30 71226
30 71228
30 846328
31 10
31 109
31 110
31 112
31 846329
32 3
32 5
32 20
32 34785
32 36313
32 846330
33 243
33 244
33 245
33 247
33 107644
34 10
34 109
34 110
34 112
34 107645
35 3
35 5
35 20
35 179202
35 179204
35 846331
36 76
36 342
36 343
36 345
36 846332
37 158
37 159
37 160
37 162
37 846333
38 9
38 10
38 11
38 13
38 163
39 5
39 20
39 99
39 131
39 132
39 133
39 165
39 166
40 3
40 5
40 20
40 182573
40 182575
40 846334
41 9
41 10
41 11
41 13
41 824170
42 5
42 27
42 99
42 131
42 132
42 133
42 135
42 846335
43 5
43 67
43 175293
43 175296
43 846336
44 509
44 1104
44 18684
44 80665
44 175425
44 183787
44 183788
44 846337
45 509
45 99714
45 179327
45 179328
45 846338
46 509
46 595
46 11542
46 17718
46 75863
46 105465
46 183792
46 183793
46 846339
47 243
47 244
47 245
47 247
47 846340
48 158
48 159
48 160
48 162
48 846341
49 9
49 10
49 11
49 13
49 163
50 5
50 20
50 99
50 131
50 132
50 133
50 165
50 166
51 3
51 5
51 20
51 182573
51 182575
51 846342
52 5
52 20
52 202
52 128685
52 177322
52 846343
53 9
53 10
53 11
53 13
53 846344
54 36
54 67
54 1587
54 77639
54 183800
54 183801
54 846345
55 67
55 340
55 61071
55 152999
55 179278
55 179279
55 846346
56 71
56 76
56 190
56 191
56 846347
seqId 503
1 5
1 20
1 82
1 83
1 84
1 115
1 763
1 3948
1 786575
2 27
2 82
2 84
2 114
2 115
2 116
2 118
2 846348
3 5
3 84
3 90
3 91
3 92
3 93
3 96
3 1815
3 29773
3 846349
4 9
4 10
4 24
4 26
4 27
4 846350
5 90
5 443
5 3446
5 3448
5 846351
6 99
6 131
6 132
6 133
6 195
6 237
6 846352
7 3
7 4
7 195
7 11949
7 11951
7 679259
8 9
8 10
8 11
8 13
8 846353
9 5
9 20
9 98
9 99
9 100
9 102
9 846354
10 3
10 5
10 20
10 1320
10 1322
10 846355
11 75
11 76
11 77
11 79
11 846356
12 4
12 5
12 99
12 131
12 132
12 133
12 152
12 846357
13 3
13 4
13 5
13 1470
13 1472
13 846358
14 76
14 413
14 414
14 416
14 846359
15 20
15 82
15 84
15 98
15 100
15 102
15 846360
16 82
16 758
16 759
16 761
16 846361
17 5
17 84
17 90
17 91
17 92
17 93
17 96
17 35334
17 37979
17 846362
18 717
18 718
18 719
18 721
18 144987
19 10
19 146
19 147
19 149
19 722
20 5
20 20
20 99
20 131
20 132
20 133
20 165
20 166
21 3
21 5
21 20
21 81520
21 81522
21 144988
22 5
22 27
22 99
22 131
22 132
22 133
22 135
22 846363
23 3
23 4
23 5
23 78328
23 78330
23 846364
24 230
24 231
24 232
24 234
24 201669
25 9
25 10
25 11
25 13
25 163
26 99
26 131
26 132
26 133
26 195
26 236
26 237
27 3
27 4
27 195
27 2773
27 2775
27 846365
28 230
28 231
28 232
28 234
28 435677
29 9
29 10
29 11
29 13
29 163
30 99
30 131
30 132
30 133
30 195
30 236
30 237
31 3
31 20
31 195
31 340
31 182573
31 182575
31 846366
32 76
32 433
32 434
32 436
32 846367
33 76
33 342
33 343
33 345
33 846368
34 5
34 27
34 99
34 131
34 132
34 133
34 135
34 846369
35 3
35 4
35 5
35 9634
35 9636
35 846370
36 243
36 244
36 245
36 247
36 201675
37 4
37 5
37 99
37 131
37 132
37 133
37 152
37 435682
38 3
38 4
38 5
38 21456
38 21458
38 846371
39 230
39 231
39 232
39 234
39 846372
40 9
40 10
40 11
40 13
40 163
41 99
41 131
41 132
41 133
41 195
41 236
41 237
42 3
42 4
42 195
42 11834
42 183839
42 846373
43 71
43 76
43 190
43 191
43 846374
seqId 504
1 4
1 5
1 98
1 99
1 100
1 4105
1 229295
2 3
2 4
2 5
2 4249
2 4251
2 846375
3 5
3 84
3 90
3 91
3 93
3 121
3 1437
3 21978
3 59855
4 5
4 20
4 99
4 133
4 175
4 176
4 1316
4 73030
5 3
5 5
5 20
5 17801
5 17803
5 846376
6 10
6 283
6 284
6 286
6 846377
7 5
7 20
7 99
7 131
7 132
7 133
7 166
7 107701
8 3
8 5
8 20
8 429
8 431
8 846378
9 9
9 10
9 11
9 13
9 145017
10 67
10 71
10 1725
10 1726
10 1728
10 846379
11 67
11 11542
11 49432
11 178449
11 178450
11 178452
11 846380
12 5
12 20
12 202
12 7602
12 23462
12 846381
13 2822
13 2823
13 2824
13 2826
13 435701
14 10
14 146
14 147
14 149
14 722
15 99
15 131
15 132
15 133
15 195
15 236
15 237
16 3
16 20
16 195
16 16995
16 16997
16 340221
17 20
17 195
17 202
17 1777
17 68693
17 89501
17 183856
17 846382
18 82
18 758
18 759
18 761
18 846383
19 84
19 90
19 91
19 93
19 121
19 195
19 103478
19 162231
19 846384
20 5
20 27
20 99
20 131
20 132
20 133
20 135
20 846385
21 3
21 4
21 5
21 14686
21 14688
21 846386
22 10
22 1387
22 1388
22 1390
22 846387
23 99
23 133
23 175
23 176
23 195
23 234
23 846388
24 3
24 4
24 195
24 2773
24 2775
24 846389
25 243
25 244
25 245
25 247
25 846390
26 99
26 133
26 175
26 176
26 195
26 234
26 846391
27 3
27 4
27 195
27 18773
27 20364
27 846392
28 4
28 195
28 202
28 7185
28 7187
28 846393
29 9
29 10
29 11
29 13
29 846394
30 5
30 99
30 115
30 773
30 775
30 776
30 2192
30 3593
30 846395
31 3
31 4
31 5
31 5859
31 24599
31 846396
32 4
32 5
32 202
32 5516
32 5518
32 846397
33 71
33 76
33 190
33 191
33 846398
seqId 505
1 27
1 82
1 944
1 2906
1 15403
1 846399
2 5
2 84
2 91
2 93
2 121
2 703
2 707
2 956
2 183875
3 5
3 20
3 82
3 84
3 98
3 100
3 595
3 9769
3 846400
4 27
4 944
4 945
4 1463
4 3308
4 846401
5 90
5 443
5 103478
5 163502
5 846402
6 10
6 109
6 110
6 112
6 846403
7 3
7 5
7 20
7 16995
7 183880
7 846404
8 717
8 718
8 719
8 721
8 846405
9 10
9 146
9 147
9 149
9 722
10 5
10 20
10 99
10 131
10 132
10 133
10 165
10 166
11 5
11 20
11 202
11 15065
11 131933
11 131935
11 846406
12 3
12 5
12 20
12 16951
12 16953
12 846407
13 76
13 2911
13 2912
13 2914
13 846408
seqId 506
1 4
1 5
1 98
1 99
1 100
1 4105
1 846409
2 3
2 4
2 5
2 4249
2 4251
2 846410
3 5
3 84
3 90
3 91
3 93
3 121
3 702
3 705
3 22042
4 660
4 1622
4 1623
4 1625
4 846411
5 4
5 5
5 99
5 133
5 175
5 176
5 178
5 846412
6 4
6 5
6 202
6 3303
6 3305
6 846413
7 3
7 4
7 5
7 112399
7 112401
7 846414
8 4
8 5
8 202
8 6756
8 34953
8 34955
8 846415
9 71
9 76
9 190
9 191
9 846416
seqId 507
1 27
1 82
1 944
1 2906
1 15403
1 846417
2 5
2 84
2 91
2 93
2 121
2 703
2 707
2 956
2 183897
3 5
3 20
3 82
3 84
3 98
3 100
3 595
3 9769
3 509826
4 171
4 944
4 945
4 1461
4 1463
4 846418
5 90
5 443
5 103478
5 163502
5 846419
6 5
6 27
6 99
6 131
6 132
6 133
6 135
6 846420
7 3
7 4
7 5
7 14686
7 14688
7 846421
8 9
8 10
8 24
8 26
8 27
8 846422
9 4
9 5
9 99
9 133
9 175
9 176
9 178
9 846423
10 3
10 4
10 5
10 22070
10 35988
10 36102
11 4
11 5
11 202
11 3199
11 5132
11 846424
12 10
12 283
12 284
12 286
12 846425
13 5
13 27
13 99
13 131
13 132
13 133
13 135
13 846426
14 3
14 5
14 20
14 145028
14 145182
14 846427
15 5
15 20
15 202
15 175277
15 175279
15 846428
16 27
16 945
16 2113
16 2116
16 65895
16 846429
17 5
17 20
17 81
17 82
17 83
17 84
17 85
17 87
17 145092
18 5
18 84
18 91
18 93
18 121
18 703
18 707
18 956
18 846430
19 76
19 342
19 343
19 345
19 846431
20 10
20 1010
20 1011
20 1013
20 846432
21 67
21 340
21 61071
21 152999
21 179278
21 179279
21 846433
22 76
22 342
22 343
22 345
22 73117
23 3
23 5
23 20
23 4279
23 4281
23 846434
24 5
24 20
24 202
24 128685
24 177322
24 846435
25 9
25 10
25 11
25 13
25 846436
26 4
26 5
26 99
26 131
26 132
26 133
26 152
26 786706
27 3
27 4
27 5
27 1213
27 1215
27 846437
28 9
28 10
28 11
28 13
28 846438
29 67
29 13528
29 13529
29 13531
29 846439
30 243
30 244
30 245
30 247
30 846440
31 5
31 20
31 202
31 91752
31 91754
31 846441
32 5
32 20
32 202
32 340
32 183925
32 183927
32 183928
32 846442
33 76
33 2911
33 2912
33 2914
33 846443
seqId 508
1 27
1 82
1 944
1 2906
1 15403
1 846444
2 5
2 84
2 91
2 93
2 121
2 703
2 707
2 956
2 846445
3 5
3 20
3 82
3 84
3 98
3 100
3 595
3 9769
3 846446
4 90
4 443
4 103478
4 163502
4 846447
5 5
5 27
5 99
5 131
5 132
5 133
5 135
5 846448
6 3
6 4
6 5
6 14686
6 14688
6 846449
7 9
7 10
7 24
7 26
7 27
7 846450
8 5
8 20
8 99
8 133
8 175
8 176
8 1316
8 396917
9 3
9 5
9 20
9 2468
9 182154
9 182156
9 846451
10 10
10 283
10 284
10 286
10 846452
11 5
11 20
11 82
11 759
11 1432
11 6158
11 846453
12 5
12 20
12 99
12 131
12 132
12 133
12 166
12 846454
13 3
13 5
13 20
13 2081
13 29574
13 846455
14 5
14 84
14 91
14 93
14 121
14 703
14 707
14 956
14 846456
15 5
15 20
15 90
15 122
15 708
15 713
15 43506
15 183945
15 846457
16 10
16 828
16 829
16 831
16 846458
17 4
17 5
17 99
17 133
17 175
17 176
17 178
17 846459
18 3
18 4
18 5
18 183949
18 183951
18 846460
19 4
19 5
19 202
19 182376
19 182378
19 846461
20 945
20 101277
20 101278
20 101280
20 846462
21 5
21 20
21 81
21 82
21 83
21 84
21 85
21 87
21 846463
22 5
22 84
22 91
22 93
22 121
22 703
22 707
22 956
22 846464
23 76
23 342
23 343
23 345
23 846465
24 10
24 1010
24 1011
24 1013
24 846466
25 509
25 99714
25 179327
25 179328
25 846467
26 595
26 2717
26 105465
26 179331
26 179332
26 846468
27 67
27 75863
27 132812
27 179335
27 179336
27 846469
28 76
28 342
28 343
28 345
28 73167
29 5
29 20
29 99
29 133
29 175
29 176
29 1316
29 846470
30 3
30 5
30 20
30 421
30 108603
30 183964
30 183966
30 846471
31 9
31 10
31 11
31 13
31 846472
32 4
32 5
32 99
32 131
32 132
32 133
32 152
32 201786
33 3
33 4
33 5
33 183970
33 183972
33 846473
34 76
34 2911
34 2912
34 2914
34 473365
seqId 509
1 5
1 20
1 27
1 36
1 82
1 84
1 98
1 100
1 846474
2 5
2 84
2 91
2 93
2 121
2 703
2 707
2 956
2 183977
3 660
3 2305
3 2306
3 2308
3 619931
4 4
4 5
4 99
4 133
4 175
4 176
4 178
4 145163
5 3
5 4
5 5
5 3615
5 3617
5 315315
6 9
6 10
6 11
6 13
6 201792
7 90
7 443
7 1845
7 18530
7 29784
7 40230
7 183981
7 846475
8 4
8 5
8 99
8 131
8 132
8 133
8 152
8 846476
9 3
9 4
9 5
9 3691
9 3693
9 846477
10 10
10 126
10 127
10 129
10 846478
11 5
11 20
11 99
11 131
11 132
11 133
11 166
11 846479
12 3
12 5
12 20
12 59217
12 89738
12 846480
13 9
13 10
13 24
13 26
13 27
13 846481
14 3
14 5
14 20
14 23221
14 106942
14 846482
15 82
15 758
15 759
15 761
15 846483
16 5
16 84
16 90
16 91
16 93
16 121
16 3777
16 4766
16 73191
17 3
17 5
17 20
17 17801
17 17803
17 846484
18 10
18 146
18 147
18 149
18 846485
19 5
19 27
19 99
19 131
19 132
19 133
19 135
19 846486
20 3
20 4
20 5
20 7388
20 27055
20 846487
21 10
21 126
21 127
21 129
21 421223
22 5
22 27
22 99
22 131
22 132
22 133
22 135
22 846488
23 3
23 4
23 5
23 897
23 899
23 846489
24 4
24 5
24 202
24 838
24 23221
24 106942
24 846490
25 10
25 283
25 284
25 286
25 846491
26 99
26 131
26 132
26 133
26 195
26 237
26 846492
27 3
27 4
27 195
27 38988
27 41180
27 846493
28 4
28 195
28 202
28 140235
28 140237
28 846494
29 4
29 5
29 90
29 122
29 708
29 713
29 22735
29 22737
29 846495
30 10
30 146
30 147
30 149
30 846496
31 5
31 27
31 99
31 131
31 132
31 133
31 135
31 846497
32 3
32 5
32 20
32 2320
32 2322
32 421230
33 51
33 195
33 2054
33 2056
33 846498
34 71
34 76
34 190
34 191
34 846499
seqId 510
1 99
1 131
1 132
1 133
1 195
1 1220
1 846500
2 3
2 20
2 195
2 2723
2 3278
2 846501
3 10
3 1605
3 1606
3 1608
3 846502
4 3
4 4
4 5
4 169074
4 171503
4 184013
4 846503
5 243
5 244
5 245
5 247
5 396987
6 3
6 5
6 20
6 2081
6 29574
6 846504
7 84
7 91
7 93
7 121
7 195
7 703
7 707
7 1858
7 846505
8 660
8 1513
8 1514
8 1516
8 846506
9 717
9 718
9 719
9 721
9 846507
10 10
10 146
10 147
10 149
10 722
11 5
11 20
11 99
11 131
11 132
11 133
11 165
11 166
12 3
12 5
12 20
12 8760
12 8762
12 846508
13 9
13 10
13 11
13 13
13 846509
14 85
14 99
14 195
14 638
14 640
14 846510
15 3
15 4
15 195
15 340
15 10248
15 10250
15 846511
16 10
16 109
16 110
16 112
16 315361
17 3
17 5
17 20
17 389
17 391
17 846512
18 9
18 10
18 24
18 26
18 27
18 846513
19 3
19 4
19 5
19 9634
19 9636
19 846514
20 71
20 76
20 190
20 191
20 846515
seqId 511
1 67
1 130231
1 130233
1 169289
1 846516
2 67
2 134091
2 138210
2 184031
2 184032
2 846517
3 5
3 84
3 90
3 91
3 93
3 121
3 3979
3 35380
3 846518
4 99
4 131
4 132
4 133
4 195
4 237
4 846519
5 3
5 4
5 195
5 5859
5 14468
5 846520
6 4
6 195
6 202
6 2787
6 169074
6 184038
6 846521
7 10
7 283
7 284
7 286
7 846522
8 85
8 99
8 195
8 638
8 640
8 846523
9 3
9 20
9 195
9 1905
9 36638
9 846524
10 9
10 10
10 11
10 13
10 786859
11 3
11 5
11 20
11 2081
11 29574
11 846525
12 158
12 159
12 160
12 162
12 509924
13 9
13 10
13 11
13 13
13 163
14 5
14 20
14 99
14 131
14 132
14 133
14 165
14 166
15 5
15 20
15 202
15 784
15 4033
15 846526
16 5
16 20
16 202
16 15065
16 131933
16 131935
16 846527
17 3
17 5
17 20
17 16951
17 16953
17 846528
18 76
18 342
18 343
18 345
18 846529
19 10
19 109
19 110
19 112
19 201852
20 90
20 121
20 122
20 1334
20 22276
20 846530
21 9
21 10
21 11
21 13
21 846531
22 5
22 27
22 99
22 131
22 132
22 133
22 135
22 846532
23 3
23 4
23 5
23 897
23 899
23 846533
24 9
24 10
24 24
24 26
24 27
24 620000
25 3
25 20
25 195
25 16827
25 163906
25 846534
26 717
26 718
26 719
26 721
26 846535
27 10
27 146
27 147
27 149
27 722
28 5
28 20
28 99
28 131
28 132
28 133
28 165
28 166
29 3
29 5
29 20
29 14392
29 14394
29 846536
30 9
30 10
30 24
30 26
30 27
30 846537
31 5
31 20
31 99
31 133
31 175
31 176
31 1316
31 22241
32 3
32 5
32 20
32 52484
32 52486
32 846538
33 9
33 10
33 24
33 26
33 27
33 846539
34 3
34 5
34 20
34 23785
34 54281
34 846540
35 76
35 342
35 343
35 345
35 846541
36 158
36 159
36 160
36 162
36 846542
37 9
37 10
37 11
37 13
37 163
38 5
38 20
38 99
38 131
38 132
38 133
38 165
38 166
39 3
39 5
39 20
39 48761
39 58268
39 184065
39 846543
40 244
40 418
40 419
40 421
40 846544
41 9
41 10
41 24
41 26
41 27
41 846545
42 5
42 20
42 99
42 133
42 175
42 176
42 1316
42 145250
43 3
43 5
43 20
43 184071
43 184073
43 846546
44 71
44 76
44 190
44 191
44 846547
seqId 512
1 67
1 69922
1 69923
1 69925
1 846548
2 67
2 73548
2 94478
2 184077
2 184078
2 846549
3 5
3 84
3 90
3 91
3 93
3 121
3 31304
3 31333
3 846550
4 10
4 126
4 127
4 129
4 846551
5 5
5 20
5 99
5 133
5 175
5 176
5 1316
5 846552
6 3
6 5
6 20
6 17780
6 17782
6 846553
7 9
7 10
7 11
7 13
7 846554
8 3
8 20
8 195
8 340
8 14576
8 14578
8 846555
9 10
9 2408
9 2410
9 10221
9 846556
10 3
10 4
10 195
10 3332
10 60114
10 846557
11 4
11 195
11 202
11 2964
11 7099
11 22976
11 846558
12 82
12 758
12 759
12 761
12 748439
13 84
13 90
13 91
13 93
13 121
13 195
13 32078
13 41610
13 846559
14 5
14 20
14 99
14 133
14 175
14 176
14 1316
14 679469
15 3
15 5
15 20
15 31623
15 31625
15 846560
16 5
16 20
16 202
16 58852
16 58854
16 846561
17 10
17 283
17 284
17 286
17 846562
18 5
18 27
18 99
18 131
18 132
18 133
18 135
18 846563
19 3
19 4
19 5
19 145281
19 184097
19 184099
20 230
20 231
20 232
20 234
20 846564
21 9
21 10
21 11
21 13
21 163
22 99
22 131
22 132
22 133
22 195
22 236
22 237
23 3
23 4
23 195
23 3439
23 6343
23 22286
24 243
24 244
24 245
24 247
24 229516
25 230
25 231
25 232
25 234
25 107923
26 9
26 10
26 11
26 13
26 163
27 99
27 131
27 132
27 133
27 195
27 236
27 237
28 3
28 4
28 195
28 8842
28 8844
28 846565
29 10
29 1791
29 1792
29 1794
29 846566
30 5
30 27
30 99
30 131
30 132
30 133
30 135
30 846567
31 3
31 5
31 20
31 145028
31 145030
31 846568
32 5
32 20
32 202
32 82838
32 155692
32 846569
33 10
33 146
33 147
33 149
33 509978
34 4
34 5
34 99
34 131
34 132
34 133
34 152
34 22299
35 3
35 4
35 5
35 17016
35 18984
35 846570
36 9
36 10
36 11
36 13
36 107933
37 67
37 15205
37 15206
37 15208
37 846571
38 51
38 195
38 176546
38 184115
38 846572
39 71
39 76
39 190
39 191
39 201925
seqId 513
1 67
1 52955
1 52956
1 52958
1 846573
2 67
2 1104
2 1886
2 96279
2 184120
2 184121
2 846574
3 5
3 84
3 90
3 91
3 93
3 121
3 3979
3 35380
3 846575
4 660
4 2547
4 2548
4 4275
4 846576
5 10
5 146
5 147
5 149
5 846577
6 4
6 5
6 82
6 84
6 115
6 763
6 1262
6 1264
6 846578
7 5
7 20
7 99
7 131
7 132
7 133
7 166
7 846579
8 3
8 5
8 20
8 14392
8 14394
8 846580
9 230
9 231
9 232
9 234
9 435934
10 9
10 10
10 11
10 13
10 163
11 99
11 131
11 132
11 133
11 195
11 236
11 237
12 3
12 4
12 195
12 9795
12 9833
12 846581
13 230
13 231
13 232
13 234
13 145308
14 9
14 10
14 11
14 13
14 163
15 99
15 131
15 132
15 133
15 195
15 236
15 237
16 3
16 4
16 195
16 239
16 6340
16 846582
17 4
17 195
17 202
17 13830
17 53096
17 846583
18 10
18 1010
18 1011
18 1013
18 846584
19 3
19 5
19 20
19 184136
19 184138
19 201949
20 9
20 10
20 24
20 26
20 27
20 846585
21 3
21 4
21 5
21 6471
21 6473
21 846586
22 76
22 342
22 343
22 345
22 22324
23 10
23 109
23 112
23 1539
23 435945
24 3
24 5
24 20
24 1601
24 1603
24 846587
25 9
25 10
25 24
25 26
25 27
25 510005
26 3
26 4
26 195
26 24330
26 110658
26 846588
27 4
27 195
27 202
27 693
27 39275
27 846589
28 71
28 76
28 190
28 191
28 846590
seqId 514
1 20
1 195
1 202
1 1377
1 92175
1 421349
2 98
2 99
2 100
2 195
2 2073
2 846591
3 3
3 20
3 195
3 1320
3 3384
3 846592
4 84
4 90
4 91
4 93
4 121
4 195
4 4379
4 13099
4 846593
5 10
5 146
5 149
5 1539
5 846594
6 4
6 5
6 99
6 131
6 132
6 133
6 152
6 620065
7 3
7 4
7 5
7 3725
7 3727
7 846595
8 10
8 126
8 127
8 129
8 846596
9 99
9 133
9 175
9 176
9 195
9 234
9 846597
10 3
10 20
10 195
10 37928
10 60441
10 846598
11 20
11 195
11 202
11 3199
11 4859
11 537492
12 9
12 10
12 11
12 13
12 537493
13 5
13 27
13 99
13 131
13 132
13 133
13 135
13 107968
14 3
14 4
14 5
14 14686
14 14688
14 846599
15 243
15 244
15 245
15 247
15 537496
16 9
16 10
16 11
16 13
16 846600
17 5
17 27
17 99
17 131
17 132
17 133
17 135
17 846601
18 3
18 4
18 5
18 169074
18 171503
18 184013
18 846602
19 76
19 342
19 343
19 345
19 374883
20 243
20 244
20 245
20 247
20 184169
21 10
21 126
21 127
21 129
21 846603
22 4
22 5
22 99
22 131
22 132
22 133
22 152
22 510030
23 3
23 4
23 5
23 3615
23 3617
23 435969
24 82
24 759
24 2852
24 2854
24 846604
25 99
25 131
25 132
25 133
25 195
25 237
25 846605
26 3
26 20
26 195
26 16827
26 163906
26 846606
27 84
27 90
27 91
27 93
27 121
27 195
27 3433
27 108529
27 846607
28 99
28 131
28 132
28 133
28 195
28 237
28 679533
29 3
29 20
29 195
29 1905
29 36638
29 846608
30 9
30 10
30 11
30 13
30 846609
31 3
31 5
31 20
31 2081
31 29574
31 846610
32 10
32 283
32 284
32 286
32 846611
33 20
33 82
33 195
33 759
33 1432
33 4333
33 846612
34 20
34 82
34 83
34 84
34 115
34 195
34 1824
34 1826
34 846613
35 27
35 82
35 84
35 114
35 115
35 116
35 118
35 846614
36 84
36 90
36 91
36 93
36 121
36 195
36 4258
36 23888
36 846615
37 9
37 10
37 11
37 13
37 435985
38 4
38 85
38 99
38 195
38 2075
38 2771
38 846616
39 3
39 4
39 195
39 3615
39 35716
39 846617
40 71
40 76
40 190
40 191
40 846618
seqId 515
1 4
1 5
1 99
1 131
1 132
1 133
1 811
1 846619
2 3
2 4
2 5
2 18773
2 18775
2 846620
3 4
3 5
3 202
3 102299
3 140930
3 184189
3 846621
4 717
4 718
4 719
4 721
4 315513
5 10
5 146
5 147
5 149
5 722
6 5
6 20
6 99
6 131
6 132
6 133
6 165
6 166
7 3
7 5
7 20
7 14392
7 14394
7 846622
8 9
8 10
8 11
8 13
8 846623
9 5
9 27
9 99
9 131
9 132
9 133
9 135
9 846624
10 3
10 4
10 5
10 1573
10 1575
10 315516
11 5
11 84
11 91
11 93
11 121
11 703
11 707
11 956
11 315517
12 660
12 1622
12 1623
12 1625
12 315518
13 717
13 718
13 719
13 721
13 108028
14 10
14 146
14 147
14 149
14 722
15 5
15 20
15 99
15 131
15 132
15 133
15 165
15 166
16 3
16 5
16 20
16 217
16 800
16 846625
17 9
17 10
17 11
17 13
17 73426
18 4
18 5
18 99
18 131
18 132
18 133
18 152
18 846626
19 3
19 4
19 5
19 10248
19 10250
19 846627
20 82
20 759
20 944
20 948
20 846628
21 5
21 84
21 90
21 91
21 93
21 121
21 7530
21 165985
21 846629
22 67
22 16202
22 16204
22 26230
22 846630
23 67
23 17629
23 184206
23 184207
23 184209
23 846631
24 10
24 126
24 127
24 129
24 846632
25 4
25 5
25 99
25 131
25 132
25 133
25 152
25 436011
26 76
26 137
26 138
26 140
26 846633
27 3
27 4
27 5
27 38205
27 38207
27 846634
28 9
28 10
28 11
28 13
28 846635
29 4
29 5
29 99
29 131
29 132
29 133
29 152
29 846636
30 3
30 4
30 5
30 127588
30 184218
30 846637
31 67
31 70385
31 70387
31 184219
31 846638
32 76
32 185
32 186
32 188
32 846639
33 717
33 718
33 719
33 721
33 846640
34 10
34 146
34 147
34 149
34 722
35 5
35 20
35 99
35 131
35 132
35 133
35 165
35 166
36 5
36 20
36 202
36 1718
36 57849
36 846641
37 3
37 5
37 20
37 15215
37 65093
37 131674
37 846642
38 71
38 76
38 190
38 191
38 846643
seqId 516
1 27
1 42
1 99
1 133
1 175
1 176
1 195
1 846644
2 4
2 195
2 202
2 2294
2 3837
2 846645
3 3
3 4
3 195
3 5859
3 14468
3 846646
4 9
4 10
4 24
4 26
4 27
4 846647
5 3
5 4
5 5
5 6471
5 6473
5 846648
6 82
6 84
6 114
6 115
6 116
6 1361
6 846649
7 84
7 90
7 91
7 92
7 93
7 195
7 1437
7 184233
7 846650
8 4
8 90
8 122
8 195
8 708
8 713
8 1345
8 22505
8 846651
9 10
9 109
9 110
9 112
9 846652
10 3
10 4
10 5
10 4107
10 4109
10 846653
11 10
11 283
11 284
11 286
11 846654
12 20
12 82
12 84
12 98
12 100
12 102
12 846655
13 82
13 758
13 759
13 761
13 846656
14 76
14 342
14 343
14 345
14 787034
15 660
15 47634
15 47635
15 47637
15 846657
16 76
16 342
16 343
16 345
16 73475
17 5
17 84
17 90
17 91
17 92
17 93
17 96
17 1509
17 36186
17 846658
18 4
18 5
18 99
18 133
18 175
18 176
18 178
18 846659
19 3
19 4
19 5
19 11475
19 11477
19 846660
20 158
20 159
20 160
20 162
20 846661
21 9
21 10
21 11
21 13
21 163
22 5
22 20
22 99
22 131
22 132
22 133
22 165
22 166
23 3
23 5
23 20
23 4434
23 4436
23 846662
24 10
24 146
24 147
24 149
24 846663
25 5
25 27
25 99
25 131
25 132
25 133
25 135
25 846664
26 3
26 4
26 5
26 14686
26 14688
26 846665
27 9
27 10
27 11
27 13
27 620137
28 4
28 5
28 99
28 131
28 132
28 133
28 152
28 846666
29 3
29 4
29 5
29 8050
29 8052
29 108072
30 4
30 5
30 90
30 122
30 708
30 713
30 103478
30 103480
30 846667
31 71
31 76
31 190
31 191
31 846668
seqId 517
1 4
1 5
1 99
1 131
1 132
1 133
1 811
1 846669
2 3
2 4
2 5
2 10248
2 10250
2 846670
3 9
3 10
3 24
3 26
3 27
3 846671
4 67
4 122195
4 122196
4 122198
4 846672
5 67
5 11612
5 26224
5 157315
5 157316
5 846673
6 5
6 84
6 90
6 91
6 93
6 121
6 3979
6 35380
6 846674
7 5
7 27
7 99
7 131
7 132
7 133
7 135
7 846675
8 3
8 5
8 20
8 102385
8 102387
8 846676
9 230
9 231
9 232
9 234
9 510109
10 9
10 10
10 11
10 13
10 163
11 99
11 131
11 132
11 133
11 195
11 236
11 237
12 3
12 4
12 195
12 340
12 6471
12 6473
12 510110
13 9
13 10
13 11
13 13
13 340744
14 4
14 5
14 99
14 131
14 132
14 133
14 152
14 73504
15 3
15 4
15 5
15 38988
15 38990
15 846677
16 10
16 146
16 147
16 149
16 846678
17 67
17 159776
17 159777
17 159779
17 846679
18 158
18 159
18 160
18 162
18 315591
19 9
19 10
19 11
19 13
19 163
20 5
20 20
20 99
20 131
20 132
20 133
20 165
20 166
21 5
21 20
21 202
21 1104
21 15065
21 176544
21 176546
21 846680
22 717
22 718
22 719
22 721
22 73510
23 10
23 146
23 147
23 149
23 722
24 5
24 20
24 99
24 131
24 132
24 133
24 165
24 166
25 5
25 20
25 202
25 15065
25 130808
25 130810
25 787060
26 3
26 5
26 20
26 16951
26 16953
26 846681
27 71
27 76
27 190
27 191
27 846682
seqId 518
1 67
1 20691
1 20692
1 20694
1 846683
2 67
2 310
2 74143
2 178459
2 178460
2 178462
2 846684
3 82
3 84
3 114
3 115
3 116
3 1361
3 846685
4 5
4 84
4 90
4 91
4 93
4 121
4 9903
4 10728
4 846686
5 9
5 10
5 24
5 26
5 27
5 846687
6 90
6 443
6 3979
6 36008
6 229687
7 5
7 27
7 99
7 131
7 132
7 133
7 135
7 846688
8 3
8 4
8 5
8 41432
8 41434
8 846689
9 9
9 10
9 11
9 13
9 846690
10 4
10 5
10 99
10 131
10 132
10 133
10 152
10 846691
11 3
11 4
11 5
11 184287
11 184289
11 846692
12 717
12 718
12 719
12 721
12 846693
13 10
13 146
13 147
13 149
13 722
14 5
14 20
14 99
14 131
14 132
14 133
14 165
14 166
15 5
15 20
15 202
15 15065
15 131933
15 131935
15 846694
16 3
16 5
16 20
16 16951
16 16953
16 846695
17 76
17 342
17 343
17 345
17 748627
18 27
18 72
18 72
18 244
18 2487
18 25043
18 25046
18 25047
18 25048
18 170495
18 846696
19 4
19 5
19 99
19 131
19 132
19 133
19 152
19 421507
20 3
20 4
20 5
20 184297
20 184299
20 846697
21 230
21 231
21 232
21 234
21 846698
22 9
22 10
22 11
22 13
22 163
23 99
23 131
23 132
23 133
23 195
23 236
23 237
24 3
24 20
24 195
24 20293
24 20295
24 846699
25 20
25 102
25 195
25 202
25 1777
25 19382
25 110077
25 184303
25 846700
26 10
26 146
26 149
26 2548
26 145488
27 3
27 5
27 20
27 38959
27 38961
27 846701
28 660
28 6695
28 6696
28 6698
28 846702
29 99
29 131
29 132
29 133
29 195
29 237
29 846703
30 3
30 4
30 195
30 14834
30 14836
30 473738
31 9
31 10
31 11
31 13
31 787091
32 3
32 20
32 195
32 180728
32 180730
32 846704
33 243
33 244
33 245
33 247
33 846705
34 99
34 131
34 132
34 133
34 195
34 237
34 846706
35 3
35 4
35 195
35 340
35 132445
35 132447
35 846707
36 230
36 231
36 232
36 234
36 846708
37 9
37 10
37 11
37 13
37 163
38 99
38 131
38 132
38 133
38 195
38 236
38 237
39 3
39 20
39 102
39 195
39 22332
39 110077
39 184317
39 846709
40 4
40 90
40 122
40 195
40 708
40 713
40 9303
40 11821
40 846710
41 10
41 283
41 284
41 286
41 846711
42 99
42 131
42 132
42 133
42 195
42 237
42 846712
43 3
43 20
43 195
43 70793
43 133731
43 846713
44 76
44 342
44 343
44 345
44 846714
45 20
45 82
45 84
45 98
45 100
45 102
45 846715
46 82
46 758
46 759
46 761
46 846716
47 5
47 84
47 91
47 93
47 121
47 703
47 707
47 956
47 846717
48 5
48 20
48 99
48 133
48 175
48 176
48 1316
48 375025
49 5
49 20
49 202
49 2294
49 2296
49 846718
50 3
50 5
50 20
50 1718
50 48150
50 846719
51 9
51 10
51 11
51 13
51 315636
52 90
52 443
52 17308
52 34513
52 846720
53 660
53 2906
53 19025
53 36107
53 846721
54 99
54 133
54 175
54 176
54 195
54 234
54 229732
55 3
55 4
55 195
55 3199
55 4859
55 846722
56 9
56 10
56 24
56 26
56 27
56 846723
57 3
57 20
57 195
57 15235
57 15237
57 846724
58 82
58 84
58 114
58 115
58 116
58 1361
58 846725
59 84
59 90
59 91
59 93
59 121
59 195
59 755
59 140220
59 140222
59 846726
60 10
60 283
60 284
60 286
60 846727
61 99
61 133
61 175
61 176
61 195
61 234
61 846728
62 3
62 20
62 195
62 22743
62 22745
62 846729
63 9
63 10
63 11
63 13
63 846730
64 3
64 5
64 20
64 2081
64 29574
64 846731
65 20
65 90
65 122
65 708
65 713
65 1345
65 1347
65 846732
66 10
66 109
66 110
66 112
66 315657
67 3
67 4
67 5
67 4420
67 4422
67 846733
68 10
68 828
68 829
68 831
68 846734
69 99
69 133
69 175
69 176
69 195
69 234
69 846735
70 3
70 4
70 195
70 347
70 349
70 748664
71 9
71 10
71 11
71 13
71 421556
72 5
72 27
72 99
72 131
72 132
72 133
72 135
72 846736
73 3
73 4
73 5
73 175612
73 180269
73 846737
74 243
74 244
74 245
74 247
74 846738
75 9
75 10
75 11
75 13
75 846739
76 5
76 27
76 99
76 131
76 132
76 133
76 135
76 846740
77 3
77 5
77 20
77 23785
77 54281
77 846741
78 76
78 342
78 343
78 345
78 421561
79 244
79 1249
79 1250
79 1252
79 846742
80 660
80 1622
80 1623
80 1625
80 846743
81 660
81 2906
81 19025
81 36107
81 846744
82 4
82 5
82 99
82 131
82 132
82 133
82 152
82 202198
83 3
83 4
83 5
83 128205
83 128207
83 846745
84 5
84 84
84 90
84 91
84 93
84 121
84 184361
84 184363
84 846746
85 230
85 231
85 232
85 234
85 846747
86 9
86 10
86 11
86 13
86 163
87 99
87 131
87 132
87 133
87 195
87 236
87 237
88 3
88 4
88 195
88 347
88 349
88 846748
89 71
89 76
89 190
89 191
89 846749
seqId 519
1 4
1 5
1 99
1 133
1 175
1 176
1 5129
1 846750
2 3
2 4
2 5
2 7388
2 27055
2 846751
3 76
3 342
3 343
3 345
3 846752
4 10
4 279
4 11672
4 11673
4 846753
5 4
5 5
5 99
5 131
5 132
5 133
5 152
5 748677
6 3
6 4
6 5
6 8152
6 9005
6 846754
7 9
7 10
7 26
7 27
7 1539
7 846755
8 3
8 5
8 20
8 7120
8 7122
8 846756
9 9
9 10
9 24
9 26
9 27
9 679688
10 4
10 5
10 99
10 133
10 175
10 176
10 178
10 846757
11 3
11 4
11 5
11 6862
11 6864
11 846758
12 9
12 10
12 24
12 26
12 27
12 679690
13 3
13 4
13 195
13 1395
13 1397
13 846759
14 10
14 109
14 110
14 112
14 510201
15 51
15 195
15 56760
15 56762
15 846760
16 76
16 342
16 343
16 345
16 315688
17 5
17 84
17 90
17 91
17 92
17 93
17 96
17 3372
17 3374
17 846761
18 67
18 70
18 71
18 64117
18 64118
18 846762
19 67
19 310
19 74143
19 178459
19 178460
19 178462
19 846763
20 243
20 244
20 245
20 247
20 846764
21 5
21 20
21 99
21 133
21 175
21 176
21 1316
21 846765
22 5
22 20
22 202
22 2294
22 2296
22 846766
23 3
23 5
23 20
23 2034
23 2036
23 846767
24 158
24 159
24 160
24 162
24 846768
25 9
25 10
25 11
25 13
25 163
26 5
26 20
26 99
26 131
26 132
26 133
26 165
26 166
27 5
27 20
27 67
27 37445
27 135367
27 171893
27 846769
28 76
28 342
28 343
28 345
28 22662
29 67
29 452
29 15151
29 15152
29 846770
30 67
30 48669
30 175594
30 175595
30 175597
30 846771
31 71
31 76
31 190
31 191
31 787147
seqId 520
1 4
1 5
1 82
1 83
1 84
1 115
1 763
1 4750
1 846772
2 5
2 84
2 90
2 91
2 92
2 93
2 4379
2 34606
2 846773
3 10
3 126
3 127
3 129
3 846774
4 99
4 131
4 132
4 133
4 195
4 237
4 846775
5 3
5 20
5 195
5 98386
5 98388
5 846776
6 9
6 10
6 11
6 13
6 145600
7 3
7 20
7 195
7 340
7 145601
7 180462
7 180464
8 76
8 2265
8 2266
8 2268
8 846777
9 3
9 20
9 195
9 79926
9 79928
9 846778
10 76
10 342
10 343
10 345
10 202237
11 3
11 4
11 195
11 21117
11 83135
11 846779
12 76
12 342
12 343
12 345
12 846780
13 3
13 4
13 195
13 340
13 99112
13 99114
13 846781
14 10
14 283
14 284
14 286
14 846782
15 99
15 131
15 132
15 133
15 195
15 237
15 846783
16 3
16 20
16 195
16 340
16 27018
16 27020
16 846784
17 20
17 195
17 202
17 340
17 14484
17 184409
17 184411
17 846785
18 76
18 2265
18 2266
18 2268
18 846786
19 10
19 283
19 284
19 286
19 846787
20 4
20 5
20 99
20 131
20 132
20 133
20 152
20 846788
21 4
21 5
21 67
21 3042
21 3045
21 846789
22 4
22 5
22 202
22 140235
22 144993
22 846790
23 71
23 76
23 190
23 191
23 846791
seqId 521
1 4
1 5
1 82
1 83
1 84
1 115
1 763
1 4750
1 510224
2 5
2 84
2 90
2 91
2 93
2 121
2 14730
2 17654
2 846792
3 10
3 146
3 147
3 149
3 846793
4 90
4 443
4 22433
4 23097
4 846794
5 660
5 2906
5 19025
5 36107
5 846795
6 4
6 5
6 99
6 131
6 132
6 133
6 152
6 229810
7 3
7 4
7 5
7 8050
7 8052
7 846796
8 4
8 5
8 202
8 98386
8 103480
8 846797
9 5
9 84
9 90
9 91
9 93
9 121
9 7504
9 42832
9 846798
10 10
10 283
10 284
10 286
10 846799
11 5
11 27
11 99
11 131
11 132
11 133
11 135
11 846800
12 3
12 4
12 5
12 897
12 899
12 846801
13 158
13 159
13 160
13 162
13 145630
14 9
14 10
14 11
14 13
14 163
15 5
15 20
15 99
15 131
15 132
15 133
15 165
15 166
16 3
16 5
16 20
16 175644
16 175646
16 846802
17 5
17 20
17 202
17 340
17 27458
17 184409
17 184411
17 846803
18 243
18 244
18 245
18 247
18 846804
19 5
19 84
19 90
19 91
19 93
19 121
19 4338
19 4740
19 846805
20 9
20 10
20 11
20 13
20 846806
21 4
21 5
21 99
21 131
21 132
21 133
21 152
21 73702
22 3
22 4
22 5
22 24032
22 24034
22 145639
23 9
23 10
23 11
23 13
23 761455
24 5
24 99
24 115
24 773
24 774
24 775
24 776
24 778
24 73705
25 3
25 5
25 20
25 12137
25 12139
25 846807
26 76
26 342
26 343
26 345
26 846808
27 244
27 1249
27 1250
27 1252
27 846809
28 5
28 84
28 90
28 91
28 93
28 121
28 7704
28 30340
28 761464
29 660
29 1622
29 1623
29 1625
29 846810
30 4
30 5
30 99
30 131
30 132
30 133
30 152
30 315751
31 3
31 4
31 5
31 4249
31 4251
31 679753
32 9
32 10
32 11
32 13
32 679754
33 5
33 27
33 99
33 131
33 132
33 133
33 135
33 846811
34 3
34 4
34 5
34 194
34 14840
34 846812
35 10
35 283
35 284
35 286
35 846813
36 99
36 131
36 132
36 133
36 195
36 237
36 315759
37 3
37 20
37 195
37 81853
37 184453
37 846814
38 10
38 279
38 11672
38 11673
38 846815
39 5
39 27
39 99
39 131
39 132
39 133
39 135
39 846816
40 5
40 20
40 202
40 36111
40 168242
40 846817
41 3
41 5
41 20
41 7633
41 7635
41 846818
42 71
42 76
42 190
42 191
42 846819
seqId 522
1 5
1 27
1 99
1 131
1 132
1 133
1 699
1 846820
2 3
2 4
2 5
2 194
2 14840
2 846821
3 76
3 342
3 343
3 345
3 846822
4 243
4 244
4 245
4 247
4 846823
5 660
5 13091
5 13092
5 13094
5 846824
6 5
6 27
6 99
6 131
6 132
6 133
6 135
6 846825
7 3
7 4
7 5
7 194
7 14840
7 846826
8 10
8 126
8 127
8 129
8 846827
9 5
9 20
9 99
9 131
9 132
9 133
9 166
9 846828
10 3
10 5
10 20
10 3199
10 5132
10 846829
11 76
11 342
11 343
11 345
11 846830
12 84
12 90
12 91
12 93
12 121
12 195
12 1509
12 1511
12 846831
13 660
13 976
13 977
13 979
13 846832
14 5
14 20
14 99
14 133
14 175
14 176
14 1316
14 397432
15 3
15 5
15 20
15 7393
15 7395
15 846833
16 5
16 20
16 202
16 5335
16 8517
16 846834
17 10
17 146
17 147
17 149
17 846835
18 26
18 27
18 99
18 133
18 175
18 176
18 195
18 846836
19 660
19 3823
19 3824
19 3826
19 846837
20 20
20 195
20 202
20 1888
20 1890
20 846838
21 3
21 20
21 195
21 10402
21 10404
21 341057
22 158
22 159
22 160
22 162
22 202334
23 9
23 10
23 11
23 13
23 163
24 5
24 20
24 99
24 131
24 132
24 133
24 165
24 166
25 5
25 20
25 67
25 37445
25 135367
25 171893
25 846839
26 76
26 342
26 343
26 345
26 108289
27 10
27 19283
27 19284
27 19286
27 846840
28 20
28 82
28 195
28 759
28 1432
28 4333
28 846841
29 67
29 136357
29 136358
29 136360
29 846842
30 67
30 967
30 158385
30 174286
30 174287
30 174289
30 846843
31 76
31 342
31 343
31 345
31 761511
32 67
32 11514
32 11515
32 11517
32 846844
33 67
33 2423
33 5422
33 106062
33 177656
33 177657
33 846845
34 76
34 342
34 343
34 345
34 397454
35 660
35 976
35 979
35 1458
35 145709
36 944
36 945
36 946
36 948
36 510287
37 67
37 71
37 1725
37 1726
37 1728
37 846846
38 67
38 1886
38 39484
38 178397
38 178398
38 846847
39 76
39 342
39 343
39 345
39 436245
40 82
40 759
40 2852
40 2854
40 510289
41 99
41 131
41 132
41 133
41 195
41 237
41 846848
42 3
42 4
42 15
42 195
42 4121
42 846849
43 84
43 90
43 91
43 93
43 121
43 195
43 1345
43 38039
43 846850
44 10
44 109
44 110
44 112
44 846851
45 3
45 4
45 5
45 21329
45 21331
45 846852
46 5
46 20
46 99
46 131
46 132
46 133
46 166
46 375195
47 3
47 5
47 20
47 31623
47 31625
47 375196
48 5
48 20
48 202
48 64857
48 153717
48 846853
49 9
49 10
49 11
49 13
49 846854
50 5
50 27
50 99
50 131
50 132
50 133
50 135
50 846855
51 3
51 4
51 5
51 194
51 14840
51 846856
52 76
52 413
52 414
52 416
52 846857
53 660
53 1796
53 1797
53 1799
53 846858
54 10
54 126
54 127
54 129
54 473945
55 99
55 131
55 132
55 133
55 195
55 237
55 620342
56 3
56 20
56 195
56 38332
56 38334
56 846859
57 230
57 231
57 232
57 234
57 846860
58 9
58 10
58 11
58 13
58 163
59 99
59 131
59 132
59 133
59 195
59 236
59 237
60 3
60 4
60 195
60 44373
60 44375
60 846861
61 944
61 945
61 946
61 948
61 846862
62 10
62 126
62 127
62 129
62 846863
63 99
63 131
63 132
63 133
63 195
63 237
63 375217
64 3
64 4
64 195
64 17302
64 17304
64 846864
65 4
65 195
65 202
65 1616
65 7183
65 846865
66 4
66 90
66 122
66 195
66 708
66 713
66 4530
66 9217
66 846866
67 10
67 146
67 147
67 149
67 22827
68 99
68 133
68 175
68 176
68 195
68 234
68 846867
69 3
69 20
69 195
69 2972
69 2974
69 846868
70 20
70 195
70 202
70 3199
70 4859
70 846869
71 76
71 433
71 434
71 436
71 846870
72 10
72 378
72 379
72 381
72 73793
73 5
73 27
73 99
73 131
73 132
73 133
73 135
73 846871
74 3
74 4
74 5
74 897
74 899
74 846872
75 230
75 231
75 232
75 234
75 846873
76 9
76 10
76 11
76 13
76 163
77 99
77 131
77 132
77 133
77 195
77 236
77 237
78 3
78 20
78 195
78 37128
78 181869
78 846874
79 27
79 82
79 759
79 944
79 1463
79 846875
80 5
80 20
80 82
80 83
80 84
80 115
80 763
80 1002
80 375233
81 5
81 84
81 90
81 91
81 93
81 121
81 3979
81 35380
81 846876
82 71
82 76
82 190
82 191
82 108371
seqId 523
1 67
1 71
1 1725
1 1726
1 1728
1 846877
2 67
2 1886
2 39484
2 178397
2 178398
2 846878
3 5
3 84
3 90
3 91
3 92
3 93
3 96
3 8415
3 28349
3 846879
4 660
4 1513
4 1514
4 1516
4 846880
5 10
5 146
5 147
5 149
5 846881
6 5
6 20
6 98
6 99
6 100
6 3961
6 846882
7 3
7 5
7 20
7 2320
7 2322
7 846883
8 10
8 828
8 829
8 831
8 145762
9 5
9 99
9 115
9 773
9 774
9 775
9 776
9 778
9 145763
10 3
10 5
10 20
10 1320
10 1322
10 846884
11 10
11 126
11 127
11 129
11 846885
12 4
12 5
12 99
12 131
12 132
12 133
12 152
12 229925
13 3
13 4
13 5
13 29726
13 63942
13 315843
14 4
14 5
14 202
14 16827
14 16829
14 846886
15 243
15 244
15 245
15 247
15 846887
16 4
16 5
16 202
16 1527
16 25699
16 846888
17 82
17 759
17 944
17 948
17 846889
18 84
18 90
18 91
18 93
18 121
18 195
18 33688
18 71879
18 846890
19 99
19 131
19 132
19 133
19 195
19 237
19 510349
20 3
20 4
20 195
20 340
20 25634
20 25636
20 824754
21 4
21 195
21 202
21 340
21 37128
21 37130
21 846891
22 76
22 342
22 343
22 345
22 846892
23 10
23 146
23 149
23 1539
23 748843
24 90
24 443
24 1334
24 8849
24 846893
25 158
25 159
25 160
25 162
25 184558
26 9
26 10
26 11
26 13
26 163
27 5
27 20
27 99
27 131
27 132
27 133
27 165
27 166
28 3
28 5
28 20
28 10622
28 10624
28 145786
29 9
29 10
29 11
29 13
29 846894
30 5
30 27
30 99
30 131
30 132
30 133
30 135
30 846895
31 3
31 4
31 5
31 72
31 5359
31 5359
31 49770
31 51449
31 184561
31 184563
31 846896
32 10
32 283
32 284
32 286
32 846897
33 5
33 27
33 99
33 131
33 132
33 133
33 135
33 846898
34 5
34 67
34 14076
34 14078
34 846899
35 9
35 10
35 11
35 13
35 846900
36 4
36 5
36 99
36 131
36 132
36 133
36 152
36 846901
37 3
37 4
37 5
37 49472
37 49474
37 846902
38 9
38 10
38 11
38 13
38 846903
39 51
39 195
39 184571
39 184573
39 846904
40 3
40 20
40 195
40 6913
40 176829
40 846905
41 71
41 76
41 190
41 191
41 846906
seqId 524
1 660
1 5049
1 7881
1 7883
1 846907
2 76
2 342
2 343
2 345
2 846908
3 717
3 718
3 719
3 721
3 846909
4 10
4 146
4 147
4 149
4 722
5 5
5 20
5 99
5 131
5 132
5 133
5 165
5 166
6 3
6 5
6 20
6 7837
6 7839
6 846910
7 9
7 10
7 11
7 13
7 341243
8 5
8 27
8 99
8 131
8 132
8 133
8 135
8 846911
9 3
9 4
9 5
9 14686
9 14688
9 787292
10 4
10 5
10 202
10 3199
10 5132
10 846912
11 4
11 5
11 202
11 3244
11 3246
11 846913
12 76
12 342
12 343
12 345
12 537888
13 67
13 174176
13 174178
13 174555
13 846914
14 67
14 17607
14 162105
14 174558
14 174559
14 846915
15 5
15 84
15 90
15 91
15 93
15 121
15 702
15 705
15 761656
16 10
16 109
16 110
16 112
16 846916
17 3
17 5
17 20
17 429
17 431
17 846917
18 4
18 5
18 99
18 133
18 175
18 176
18 178
18 846918
19 3
19 4
19 5
19 170732
19 170734
19 846919
20 4
20 5
20 90
20 122
20 708
20 713
20 5400
20 13045
20 846920
21 67
21 452
21 15151
21 15152
21 846921
22 9
22 10
22 11
22 13
22 341259
23 67
23 70385
23 70387
23 184219
23 846922
24 75
24 76
24 77
24 79
24 846923
25 4
25 5
25 99
25 133
25 175
25 176
25 178
25 846924
26 3
26 4
26 5
26 14686
26 14688
26 846925
27 4
27 5
27 202
27 3199
27 5132
27 846926
28 76
28 342
28 343
28 345
28 846927
29 82
29 758
29 759
29 761
29 846928
30 5
30 84
30 91
30 93
30 121
30 702
30 703
30 705
30 537903
31 5
31 20
31 90
31 122
31 708
31 769
31 3777
31 4766
31 846929
32 5
32 99
32 131
32 132
32 133
32 135
32 171
32 375308
33 3
33 5
33 20
33 10801
33 10803
33 846930
34 9
34 10
34 26
34 169
34 171
34 846931
35 5
35 20
35 99
35 133
35 175
35 176
35 1316
35 22935
36 3
36 5
36 20
36 384
36 386
36 846932
37 9
37 10
37 26
37 169
37 171
37 846933
38 3
38 4
38 5
38 18168
38 18422
38 846934
39 10
39 1387
39 1388
39 1390
39 846935
40 67
40 184613
40 184614
40 184616
40 846936
41 71
41 76
41 190
41 191
41 846937
seqId 525
1 3
1 5
1 20
1 4157
1 10520
1 846938
2 5
2 20
2 202
2 4736
2 33765
2 846939
3 75
3 76
3 77
3 79
3 846940
4 99
4 131
4 132
4 133
4 195
4 237
4 620450
5 3
5 20
5 195
5 37928
5 60441
5 846941
6 158
6 159
6 160
6 162
6 846942
7 9
7 10
7 11
7 13
7 163
8 5
8 20
8 99
8 131
8 132
8 133
8 165
8 166
9 3
9 5
9 20
9 32317
9 32319
9 846943
seqId 526
1 5
1 20
1 98
1 99
1 100
1 4215
1 846944
2 3
2 5
2 20
2 4157
2 10601
2 846945
3 5
3 84
3 90
3 91
3 93
3 121
3 14730
3 17654
3 846946
4 10
4 146
4 147
4 149
4 846947
5 90
5 443
5 1345
5 9933
5 846948
6 10
6 109
6 110
6 112
6 510410
7 3
7 5
7 20
7 5335
7 8517
7 510411
8 99
8 131
8 132
8 133
8 195
8 237
8 537931
9 3
9 4
9 195
9 3691
9 6873
9 846949
10 243
10 244
10 245
10 247
10 846950
11 99
11 131
11 132
11 133
11 195
11 237
11 846951
12 3
12 20
12 195
12 1320
12 3384
12 846952
13 230
13 231
13 232
13 234
13 846953
14 9
14 10
14 11
14 13
14 163
15 99
15 131
15 132
15 133
15 195
15 236
15 237
16 3
16 20
16 195
16 2034
16 3403
16 73923
17 9
17 10
17 11
17 13
17 846954
18 5
18 27
18 99
18 131
18 132
18 133
18 135
18 846955
19 3
19 4
19 5
19 642
19 23331
19 846956
20 82
20 758
20 759
20 761
20 73929
21 84
21 90
21 91
21 93
21 121
21 195
21 7704
21 58022
21 846957
22 99
22 131
22 132
22 133
22 195
22 237
22 846958
23 3
23 20
23 195
23 37928
23 60441
23 846959
24 158
24 159
24 160
24 162
24 846960
25 9
25 10
25 11
25 13
25 163
26 5
26 20
26 99
26 131
26 132
26 133
26 165
26 166
27 3
27 5
27 20
27 32317
27 32319
27 846961
28 10
28 146
28 147
28 149
28 846962
29 5
29 99
29 115
29 773
29 776
29 2192
29 28103
29 28105
29 846963
30 3
30 4
30 5
30 3576
30 3578
30 846964
31 244
31 418
31 419
31 421
31 108511
32 10
32 283
32 284
32 286
32 846965
33 5
33 20
33 99
33 131
33 132
33 133
33 166
33 824825
34 3
34 5
34 20
34 32317
34 32319
34 846966
35 71
35 76
35 190
35 191
35 436386
seqId 527
1 5
1 20
1 82
1 83
1 84
1 115
1 763
1 3948
1 846967
2 5
2 84
2 90
2 91
2 92
2 93
2 1064
2 137350
2 846968
3 4
3 5
3 99
3 131
3 132
3 133
3 152
3 846969
4 3
4 4
4 5
4 8152
4 9005
4 846970
5 9
5 10
5 24
5 26
5 27
5 846971
6 5
6 20
6 99
6 133
6 175
6 176
6 1316
6 421843
7 3
7 5
7 20
7 2863
7 2865
7 846972
8 5
8 20
8 202
8 11147
8 11149
8 846973
9 76
9 342
9 343
9 345
9 846974
10 90
10 121
10 122
10 11204
10 14950
10 846975
11 3
11 20
11 72
11 195
11 340
11 1227
11 1229
11 1230
11 1231
11 846976
12 76
12 342
12 343
12 345
12 787356
13 3
13 20
13 195
13 1806
13 1808
13 1809
13 1810
13 846977
14 243
14 244
14 245
14 247
14 375358
15 3
15 20
15 195
15 7149
15 7151
15 846978
16 9
16 10
16 11
16 13
16 846979
17 3
17 5
17 20
17 4925
17 4927
17 846980
18 71
18 76
18 190
18 191
18 846981
seqId 528
1 5
1 20
1 82
1 83
1 84
1 115
1 763
1 3948
1 846982
2 27
2 82
2 84
2 114
2 115
2 116
2 118
2 846983
3 5
3 84
3 90
3 91
3 93
3 120
3 121
3 40681
3 846984
4 10
4 126
4 127
4 129
4 846985
5 51
5 195
5 10375
5 10377
5 846986
6 3
6 20
6 195
6 465
6 36747
6 846987
7 9
7 10
7 24
7 26
7 27
7 846988
8 3
8 5
8 20
8 11005
8 11007
8 846989
9 75
9 76
9 77
9 79
9 846990
seqId 529
1 76
1 592
1 593
1 595
1 202545
2 5
2 20
2 98
2 99
2 100
2 3961
2 620496
3 3
3 5
3 20
3 4157
3 10601
3 846991
4 5
4 84
4 90
4 91
4 93
4 121
4 1064
4 32173
4 846992
5 4
5 5
5 99
5 131
5 132
5 133
5 152
5 474121
6 3
6 4
6 5
6 6896
6 6898
6 846993
7 9
7 10
7 11
7 13
7 846994
8 4
8 5
8 99
8 131
8 132
8 133
8 152
8 846995
9 3
9 4
9 5
9 3691
9 3693
9 846996
10 4
10 5
10 90
10 122
10 708
10 713
10 9250
10 31862
10 846997
11 10
11 828
11 829
11 831
11 846998
12 5
12 27
12 99
12 131
12 132
12 133
12 135
12 846999
13 5
13 67
13 55291
13 55294
13 847000
14 51
14 52
14 195
14 14053
14 171406
14 171408
14 847001
15 76
15 342
15 343
15 345
15 341393
16 10
16 283
16 284
16 286
16 847002
17 5
17 20
17 99
17 131
17 132
17 133
17 166
17 847003
18 3
18 5
18 20
18 4345
18 4347
18 847004
19 9
19 10
19 24
19 26
19 27
19 847005
20 5
20 20
20 99
20 133
20 175
20 176
20 1316
20 847006
21 3
21 5
21 20
21 2320
21 2322
21 847007
22 5
22 20
22 202
22 4736
22 33765
22 847008
23 10
23 126
23 127
23 129
23 620511
24 5
24 20
24 99
24 131
24 132
24 133
24 166
24 620512
25 3
25 5
25 20
25 1684
25 13711
25 847009
26 230
26 231
26 232
26 234
26 847010
27 9
27 10
27 11
27 13
27 163
28 99
28 131
28 132
28 133
28 195
28 236
28 237
29 76
29 137
29 138
29 140
29 847011
30 3
30 20
30 195
30 37928
30 60441
30 847012
31 20
31 195
31 202
31 3199
31 4859
31 847013
32 158
32 159
32 160
32 162
32 847014
33 9
33 10
33 11
33 13
33 163
34 5
34 20
34 99
34 131
34 132
34 133
34 165
34 166
35 3
35 5
35 20
35 32317
35 32319
35 847015
36 76
36 185
36 186
36 188
36 74006
seqId 530
1 76
1 592
1 593
1 595
1 145946
2 5
2 27
2 99
2 131
2 132
2 133
2 135
2 847016
3 3
3 4
3 5
3 2532
3 2534
3 847017
4 10
4 283
4 284
4 286
4 847018
5 5
5 20
5 99
5 131
5 132
5 133
5 166
5 787390
6 67
6 52779
6 72014
6 82591
6 82592
6 847019
7 76
7 137
7 138
7 140
7 847020
8 99
8 131
8 132
8 133
8 195
8 1220
8 847021
9 3
9 20
9 195
9 3906
9 71194
9 847022
10 10
10 283
10 284
10 286
10 847023
11 5
11 20
11 99
11 131
11 132
11 133
11 166
11 847024
12 3
12 5
12 20
12 1666
12 1668
12 847025
13 76
13 185
13 186
13 188
13 847026
14 9
14 10
14 11
14 13
14 847027
15 5
15 20
15 67
15 605
15 607
15 847028
16 76
16 342
16 343
16 345
16 341435
17 82
17 758
17 759
17 761
17 847029
18 5
18 84
18 91
18 93
18 121
18 703
18 707
18 956
18 847030
19 3
19 5
19 20
19 11274
19 62022
19 847031
20 10
20 146
20 147
20 149
20 202591
21 4
21 5
21 99
21 115
21 773
21 774
21 775
21 776
21 3330
21 847032
22 3
22 4
22 5
22 81049
22 81051
22 847033
23 10
23 378
23 379
23 381
23 847034
24 51
24 195
24 4934
24 4936
24 847035
25 3
25 20
25 195
25 6913
25 6915
25 847036
26 71
26 76
26 190
26 191
26 847037
seqId 531
1 5
1 20
1 99
1 131
1 132
1 133
1 967
1 421916
2 5
2 20
2 67
2 458
2 1692
2 3213
2 69867
2 167933
2 847038
3 5
3 84
3 90
3 91
3 93
3 121
3 3563
3 65179
3 847039
4 5
4 20
4 99
4 133
4 175
4 176
4 1316
4 436484
5 3
5 5
5 20
5 429
5 431
5 847040
6 5
6 20
6 90
6 122
6 708
6 713
6 5533
6 8486
6 847041
7 10
7 828
7 829
7 831
7 847042
8 5
8 20
8 99
8 131
8 132
8 133
8 166
8 620545
9 5
9 20
9 67
9 52779
9 72014
9 82591
9 847043
10 76
10 342
10 343
10 345
10 510503
11 243
11 244
11 245
11 247
11 510504
12 6151
12 6152
12 6153
12 6155
12 847044
13 10
13 146
13 147
13 149
13 722
14 5
14 20
14 82
14 759
14 1432
14 6157
14 6158
15 99
15 131
15 132
15 133
15 195
15 237
15 847045
16 3
16 20
16 195
16 2217
16 8955
16 847046
17 9
17 10
17 11
17 13
17 847047
18 67
18 601
18 603
18 1197
18 847048
19 51
19 195
19 2686
19 15391
19 847049
20 3
20 20
20 195
20 2034
20 3403
20 847050
21 158
21 159
21 160
21 162
21 847051
22 9
22 10
22 11
22 13
22 163
23 5
23 20
23 99
23 131
23 132
23 133
23 165
23 166
24 5
24 20
24 202
24 38807
24 38809
24 847052
25 5
25 20
25 67
25 37445
25 135367
25 171893
25 847053
26 84
26 90
26 91
26 93
26 121
26 195
26 4338
26 23325
26 847054
27 660
27 15804
27 15805
27 15807
27 847055
28 75
28 76
28 77
28 79
28 847056
29 76
29 137
29 138
29 140
29 421933
30 4
30 5
30 99
30 131
30 132
30 133
30 811
30 421934
31 3
31 4
31 5
31 38982
31 38984
31 146000
32 9
32 10
32 11
32 13
32 146001
33 3
33 20
33 195
33 3906
33 71194
33 847057
34 20
34 195
34 202
34 26382
34 107349
34 436509
35 76
35 185
35 186
35 188
35 847058
36 71
36 76
36 190
36 191
36 847059
seqId 532
1 5
1 27
1 99
1 131
1 132
1 133
1 699
1 847060
2 3
2 5
2 20
2 1650
2 3499
2 847061
3 5
3 84
3 91
3 93
3 121
3 703
3 707
3 956
3 847062
4 944
4 945
4 946
4 948
4 316057
5 5
5 20
5 99
5 131
5 132
5 133
5 166
5 847063
6 5
6 20
6 67
6 37445
6 135367
6 171893
6 847064
7 5
7 84
7 90
7 93
7 121
7 981
7 4415
7 73156
7 341507
8 3
8 5
8 20
8 2034
8 2036
8 847065
9 10
9 146
9 149
9 21976
9 847066
10 3
10 4
10 5
10 5469
10 5471
10 847067
11 4
11 5
11 202
11 28325
11 28327
11 847068
12 158
12 159
12 160
12 162
12 421950
13 9
13 10
13 11
13 13
13 163
14 5
14 20
14 99
14 131
14 132
14 133
14 165
14 166
15 5
15 20
15 67
15 52779
15 72014
15 82591
15 847069
16 71
16 76
16 190
16 191
16 538057
seqId 533
1 5
1 20
1 99
1 131
1 132
1 133
1 967
1 847070
2 5
2 20
2 67
2 37445
2 135367
2 171893
2 847071
3 5
3 84
3 91
3 93
3 121
3 703
3 707
3 956
3 341519
4 10
4 109
4 112
4 1539
4 847072
5 3
5 5
5 20
5 2429
5 2431
5 847073
6 10
6 109
6 110
6 112
6 202635
7 3
7 4
7 5
7 3332
7 3334
7 847074
8 9
8 10
8 24
8 26
8 27
8 847075
9 90
9 443
9 15502
9 32141
9 847076
10 5
10 20
10 99
10 131
10 132
10 133
10 166
10 847077
11 5
11 20
11 67
11 52779
11 72014
11 82591
11 847078
12 10
12 1387
12 1388
12 1390
12 847079
13 13
13 99
13 133
13 175
13 176
13 195
13 847080
14 20
14 195
14 202
14 795
14 2446
14 847081
15 3
15 20
15 195
15 7393
15 36855
15 847082
16 76
16 2265
16 2266
16 2268
16 847083
17 479
17 660
17 184790
17 184791
17 184793
17 847084
18 4
18 5
18 99
18 131
18 132
18 133
18 152
18 847085
19 3
19 4
19 5
19 34518
19 34520
19 847086
20 230
20 231
20 232
20 234
20 230166
21 9
21 10
21 11
21 13
21 163
22 99
22 131
22 132
22 133
22 195
22 236
22 237
23 3
23 20
23 195
23 20293
23 20295
23 847087
24 82
24 758
24 759
24 761
24 847088
25 84
25 91
25 93
25 121
25 195
25 702
25 703
25 1062
25 847089
26 5
26 20
26 90
26 122
26 708
26 769
26 3777
26 4766
26 847090
27 9
27 10
27 24
27 26
27 27
27 23189
28 67
28 72
28 5422
28 14296
28 24729
28 176366
28 178220
28 178221
28 847091
29 5
29 20
29 99
29 133
29 175
29 176
29 1316
29 23191
30 3
30 5
30 20
30 7393
30 7395
30 847092
31 5
31 20
31 202
31 6450
31 6452
31 847093
32 10
32 378
32 379
32 381
32 538096
33 4
33 5
33 99
33 131
33 132
33 133
33 152
33 824969
34 3
34 4
34 5
34 3691
34 3693
34 847094
35 4
35 5
35 202
35 17683
35 40254
35 847095
36 10
36 126
36 127
36 129
36 316102
37 4
37 5
37 99
37 131
37 132
37 133
37 152
37 847096
38 3
38 4
38 5
38 5390
38 184812
38 184814
38 847097
39 4
39 5
39 202
39 30972
39 161323
39 184816
39 847098
40 76
40 2265
40 2266
40 2268
40 74155
41 243
41 244
41 245
41 247
41 847099
42 660
42 2347
42 2348
42 2350
42 108711
43 660
43 10581
43 10582
43 10584
43 847100
44 10
44 828
44 829
44 831
44 436564
45 5
45 20
45 99
45 131
45 132
45 133
45 166
45 847101
46 3
46 5
46 20
46 1320
46 1322
46 847102
47 5
47 20
47 90
47 122
47 708
47 713
47 3686
47 27076
47 847103
48 10
48 828
48 829
48 831
48 847104
49 5
49 27
49 99
49 131
49 132
49 133
49 135
49 847105
50 3
50 4
50 5
50 642
50 23331
50 184828
51 660
51 3261
51 3262
51 3264
51 847106
52 230
52 231
52 232
52 234
52 847107
53 9
53 10
53 11
53 13
53 163
54 99
54 131
54 132
54 133
54 195
54 236
54 237
55 3
55 20
55 195
55 37928
55 60441
55 847108
56 158
56 159
56 160
56 162
56 847109
57 9
57 10
57 11
57 13
57 163
58 5
58 20
58 99
58 131
58 132
58 133
58 165
58 166
59 3
59 5
59 20
59 32317
59 32319
59 847110
60 10
60 283
60 284
60 286
60 847111
61 5
61 20
61 99
61 131
61 132
61 133
61 166
61 421999
62 3
62 5
62 20
62 32317
62 32319
62 847112
63 71
63 76
63 190
63 191
63 847113
seqId 534
1 10
1 109
1 876
1 878
1 847114
2 26
2 27
2 99
2 133
2 175
2 176
2 195
2 847115
3 20
3 195
3 202
3 2294
3 3837
3 474249
4 3
4 20
4 195
4 1866
4 10151
4 847116
5 76
5 342
5 343
5 345
5 847117
6 5
6 20
6 99
6 131
6 132
6 133
6 166
6 787520
7 5
7 20
7 67
7 37445
7 135367
7 171893
7 847118
8 82
8 84
8 114
8 115
8 116
8 1361
8 620623
9 5
9 84
9 90
9 91
9 93
9 121
9 9903
9 10728
9 847119
10 9
10 10
10 11
10 13
10 847120
11 90
11 443
11 8415
11 28349
11 847121
12 717
12 718
12 719
12 721
12 847122
13 10
13 146
13 147
13 149
13 722
14 5
14 20
14 99
14 131
14 132
14 133
14 165
14 166
15 5
15 20
15 67
15 52779
15 72014
15 82591
15 847123
16 10
16 828
16 829
16 831
16 847124
17 5
17 27
17 99
17 131
17 132
17 133
17 135
17 847125
18 3
18 4
18 5
18 1395
18 5941
18 847126
19 9
19 10
19 11
19 13
19 847127
20 5
20 27
20 99
20 131
20 132
20 133
20 135
20 847128
21 3
21 4
21 5
21 184849
21 184850
21 847129
22 9
22 10
22 11
22 13
22 108741
23 3
23 20
23 195
23 3906
23 71194
23 847130
24 10
24 283
24 284
24 286
24 847131
25 99
25 133
25 175
25 176
25 195
25 234
25 847132
26 3
26 20
26 195
26 1666
26 51371
26 847133
27 9
27 10
27 24
27 26
27 27
27 847134
28 660
28 184858
28 184859
28 184861
28 847135
29 76
29 2265
29 2266
29 2268
29 847136
30 10
30 283
30 284
30 286
30 847137
31 20
31 82
31 84
31 98
31 100
31 102
31 847138
32 82
32 758
32 759
32 761
32 847139
33 5
33 84
33 91
33 93
33 703
33 707
33 708
33 16941
33 847140
34 76
34 342
34 343
34 345
34 762085
35 660
35 184858
35 184859
35 184861
35 847141
36 76
36 342
36 343
36 345
36 847142
37 5
37 20
37 99
37 133
37 175
37 176
37 1316
37 847143
38 3
38 5
38 20
38 1666
38 1668
38 847144
39 71
39 76
39 190
39 191
39 847145
seqId 535
1 76
1 592
1 593
1 595
1 847146
2 5
2 27
2 99
2 131
2 132
2 133
2 135
2 847147
3 3
3 5
3 20
3 4157
3 10601
3 847148
4 76
4 137
4 138
4 140
4 375552
5 3
5 20
5 195
5 37928
5 60441
5 847149
6 158
6 159
6 160
6 162
6 847150
7 9
7 10
7 11
7 13
7 163
8 5
8 20
8 99
8 131
8 132
8 133
8 165
8 166
9 3
9 5
9 20
9 32317
9 32319
9 847151
10 76
10 185
10 186
10 188
10 847152
11 5
11 84
11 91
11 92
11 93
11 703
11 707
11 16563
11 847153
12 660
12 1622
12 1623
12 1625
12 847154
13 5
13 20
13 99
13 131
13 132
13 133
13 166
13 847155
14 3
14 5
14 20
14 1905
14 1907
14 847156
15 82
15 759
15 5284
15 5286
15 847157
16 90
16 443
16 3969
16 3971
16 847158
17 99
17 131
17 132
17 133
17 195
17 237
17 847159
18 4
18 195
18 202
18 14709
18 14711
18 847160
19 3
19 4
19 195
19 2818
19 2820
19 847161
20 4
20 195
20 202
20 6690
20 9241
20 847162
21 230
21 231
21 232
21 234
21 847163
22 9
22 10
22 11
22 13
22 163
23 99
23 131
23 132
23 133
23 195
23 236
23 237
24 3
24 20
24 195
24 2034
24 3403
24 847164
25 158
25 159
25 160
25 162
25 847165
26 9
26 10
26 11
26 13
26 163
27 5
27 20
27 99
27 131
27 132
27 133
27 165
27 166
28 3
28 5
28 20
28 4434
28 4436
28 847166
29 10
29 109
29 110
29 112
29 847167
30 3
30 4
30 5
30 4550
30 8014
30 825050
31 9
31 10
31 24
31 26
31 27
31 847168
32 3
32 4
32 5
32 18168
32 18422
32 23302
33 244
33 418
33 419
33 421
33 847169
34 9
34 10
34 11
34 13
34 847170
35 3
35 4
35 5
35 25222
35 25224
35 847171
36 9
36 10
36 11
36 13
36 474298
37 3
37 4
37 195
37 2773
37 2775
37 847172
38 71
38 76
38 190
38 191
38 847173
seqId 536
1 99
1 131
1 132
1 133
1 195
1 1220
1 847174
2 3
2 4
2 195
2 10184
2 10186
2 847175
3 9
3 10
3 11
3 13
3 74291
4 3
4 4
4 5
4 8842
4 9174
4 847176
5 9
5 10
5 24
5 26
5 27
5 847177
6 4
6 5
6 99
6 133
6 175
6 176
6 178
6 316193
7 3
7 4
7 5
7 2773
7 39628
7 847178
8 76
8 342
8 343
8 345
8 847179
9 9
9 10
9 24
9 26
9 27
9 847180
10 5
10 20
10 99
10 133
10 175
10 176
10 1316
10 436632
11 3
11 5
11 20
11 23322
11 32869
11 32871
12 158
12 159
12 160
12 162
12 847181
13 9
13 10
13 11
13 13
13 163
14 5
14 20
14 99
14 131
14 132
14 133
14 165
14 166
15 3
15 5
15 20
15 32317
15 32319
15 847182
16 76
16 342
16 343
16 345
16 375587
17 84
17 90
17 91
17 93
17 121
17 195
17 9952
17 58631
17 847183
18 4
18 5
18 99
18 133
18 175
18 176
18 178
18 108813
19 3
19 4
19 5
19 4550
19 8014
19 108814
20 4
20 5
20 202
20 29232
20 114795
20 847184
21 76
21 342
21 343
21 345
21 847185
22 10
22 109
22 110
22 112
22 230279
23 4
23 5
23 202
23 2481
23 58605
23 230280
24 3
24 4
24 5
24 1784
24 10502
24 847186
25 76
25 342
25 343
25 345
25 847187
26 9
26 10
26 11
26 13
26 847188
27 4
27 5
27 99
27 131
27 132
27 133
27 152
27 316208
28 3
28 4
28 5
28 13569
28 22485
28 847189
29 4
29 5
29 202
29 838
29 23221
29 106942
29 847190
30 71
30 76
30 190
30 191
30 847191
seqId 537
1 5
1 20
1 82
1 83
1 84
1 115
1 763
1 3948
1 74332
2 27
2 82
2 84
2 114
2 115
2 116
2 118
2 847192
3 5
3 84
3 90
3 91
3 92
3 93
3 96
3 1815
3 29773
3 847193
4 660
4 30602
4 30603
4 30605
4 230287
5 9
5 10
5 24
5 26
5 27
5 847194
6 90
6 443
6 2990
6 34548
6 847195
7 4
7 5
7 99
7 133
7 175
7 176
7 178
7 847196
8 3
8 4
8 5
8 11475
8 11477
8 847197
9 10
9 146
9 147
9 149
9 847198
10 4
10 5
10 99
10 131
10 132
10 133
10 152
10 108833
11 3
11 4
11 5
11 3691
11 3693
11 146190
12 10
12 126
12 127
12 129
12 146191
13 98
13 99
13 100
13 195
13 2073
13 74342
14 3
14 4
14 195
14 5859
14 14468
14 847199
15 9
15 10
15 24
15 26
15 27
15 847200
16 3
16 4
16 5
16 18168
16 18422
16 847201
17 71
17 76
17 190
17 191
17 847202
seqId 538
1 76
1 592
1 593
1 595
1 108842
2 5
2 20
2 99
2 133
2 175
2 176
2 1316
2 847203
3 5
3 20
3 202
3 6111
3 6113
3 847204
4 3
4 5
4 20
4 4157
4 10601
4 847205
5 5
5 84
5 91
5 93
5 121
5 703
5 707
5 956
5 825099
6 660
6 6286
6 6287
6 6289
6 847206
7 5
7 20
7 202
7 123150
7 123152
7 847207
8 10
8 146
8 147
8 149
8 847208
9 4
9 5
9 99
9 131
9 132
9 133
9 152
9 847209
10 3
10 4
10 5
10 4900
10 4902
10 847210
11 230
11 231
11 232
11 234
11 847211
12 9
12 10
12 11
12 13
12 163
13 99
13 131
13 132
13 133
13 195
13 236
13 237
14 3
14 20
14 195
14 7149
14 7151
14 847212
15 20
15 90
15 122
15 195
15 708
15 713
15 9250
15 58963
15 847213
16 10
16 283
16 284
16 286
16 847214
17 4
17 5
17 99
17 133
17 175
17 176
17 178
17 847215
18 3
18 4
18 5
18 15
18 17
18 474358
19 717
19 718
19 719
19 721
19 847216
20 10
20 146
20 147
20 149
20 722
21 5
21 20
21 99
21 131
21 132
21 133
21 165
21 166
22 3
22 5
22 20
22 6686
22 6688
22 847217
23 67
23 31939
23 31940
23 31942
23 847218
24 243
24 244
24 245
24 247
24 847219
25 3
25 5
25 20
25 2468
25 11709
25 94672
25 847220
26 71
26 76
26 190
26 191
26 847221
seqId 539
1 5
1 20
1 82
1 83
1 84
1 115
1 763
1 3948
1 202835
2 5
2 84
2 90
2 91
2 93
2 121
2 2333
2 2335
2 847222
3 9
3 10
3 24
3 26
3 27
3 847223
4 90
4 443
4 9069
4 9071
4 847224
5 5
5 27
5 99
5 131
5 132
5 133
5 135
5 847225
6 3
6 4
6 5
6 33906
6 33908
6 847226
7 10
7 126
7 127
7 129
7 74386
8 5
8 20
8 99
8 131
8 132
8 133
8 166
8 847227
9 3
9 5
9 20
9 72
9 72
9 873
9 3830
9 184976
9 184978
9 847228
10 5
10 20
10 202
10 22258
10 125238
10 847229
11 9
11 10
11 11
11 13
11 23395
12 4
12 5
12 99
12 131
12 132
12 133
12 152
12 620729
13 3
13 4
13 5
13 13569
13 22485
13 847230
14 10
14 1605
14 1606
14 1608
14 847231
15 3
15 5
15 20
15 1666
15 1668
15 847232
16 243
16 244
16 245
16 247
16 847233
17 5
17 20
17 90
17 122
17 708
17 713
17 3906
17 32319
17 847234
18 76
18 342
18 343
18 345
18 847235
19 10
19 126
19 127
19 129
19 847236
20 99
20 131
20 132
20 133
20 195
20 237
20 847237
21 3
21 4
21 195
21 10184
21 10186
21 847238
22 9
22 10
22 11
22 13
22 202858
23 3
23 4
23 5
23 42984
23 42986
23 847239
24 76
24 413
24 414
24 416
24 847240
25 244
25 418
25 419
25 421
25 620739
26 9
26 10
26 11
26 13
26 108909
27 3
27 4
27 5
27 72
27 2274
27 184996
27 184998
27 184999
27 847241
28 76
28 433
28 434
28 436
28 847242
29 158
29 159
29 160
29 162
29 847243
30 9
30 10
30 11
30 13
30 163
31 5
31 20
31 99
31 131
31 132
31 133
31 165
31 166
32 3
32 5
32 20
32 32317
32 32319
32 847244
33 71
33 76
33 190
33 191
33 230356
seqId 540
1 5
1 20
1 82
1 83
1 84
1 115
1 763
1 3948
1 847245
2 5
2 84
2 90
2 91
2 92
2 93
2 702
2 63087
2 847246
3 660
3 19069
3 19070
3 19072
3 847247
4 660
4 1622
4 1623
4 1625
4 847248
5 10
5 378
5 379
5 381
5 341826
6 3
6 5
6 20
6 1650
6 3499
6 847249
7 9
7 10
7 24
7 26
7 27
7 847250
8 90
8 443
8 56719
8 185012
8 847251
9 99
9 131
9 132
9 133
9 195
9 237
9 847252
10 4
10 195
10 202
10 22623
10 54010
10 847253
11 3
11 4
11 195
11 5859
11 14468
11 847254
12 4
12 90
12 122
12 195
12 708
12 713
12 19582
12 59963
12 847255
13 10
13 146
13 147
13 149
13 847256
14 90
14 443
14 54376
14 54378
14 620759
15 5
15 20
15 99
15 131
15 132
15 133
15 166
15 620760
16 3
16 5
16 20
16 2723
16 2725
16 620761
17 27
17 944
17 945
17 1463
17 3308
17 847257
18 4
18 5
18 99
18 133
18 175
18 176
18 178
18 847258
19 3
19 4
19 5
19 15
19 17
19 847259
20 5
20 20
20 90
20 122
20 708
20 713
20 10796
20 36031
20 847260
21 10
21 1605
21 1606
21 1608
21 847261
22 99
22 133
22 175
22 176
22 195
22 234
22 825156
23 3
23 4
23 195
23 22957
23 22959
23 847262
24 4
24 195
24 202
24 21185
24 21187
24 847263
25 243
25 244
25 245
25 247
25 847264
26 99
26 133
26 175
26 176
26 195
26 234
26 847265
27 3
27 20
27 195
27 7393
27 36855
27 847266
28 20
28 90
28 122
28 195
28 340
28 708
28 713
28 107131
28 185034
28 847267
29 10
29 283
29 284
29 286
29 202895
30 5
30 20
30 99
30 131
30 132
30 133
30 166
30 847268
31 3
31 5
31 20
31 32317
31 32319
31 847269
32 71
32 76
32 190
32 191
32 847270
seqId 541
1 3
1 20
1 195
1 340
1 4862
1 39097
1 847271
seqId 542
1 5
1 20
1 82
1 83
1 84
1 115
1 763
1 3948
1 847272
2 5
2 84
2 90
2 91
2 93
2 121
2 1274
2 1276
2 847273
3 9
3 10
3 26
3 27
3 1539
3 847274
4 3
4 5
4 20
4 7120
4 7122
4 146297
5 99
5 133
5 175
5 176
5 195
5 234
5 847275
6 3
6 20
6 195
6 4862
6 4864
6 847276
7 10
7 1387
7 1388
7 1390
7 847277
8 99
8 133
8 175
8 176
8 195
8 234
8 847278
9 3
9 4
9 195
9 347
9 349
9 847279
10 4
10 195
10 202
10 340
10 3414
10 16682
10 847280
11 75
11 76
11 77
11 79
11 74470
12 90
12 91
12 93
12 121
12 195
12 4941
12 7795
12 7799
12 71574
12 74471
13 944
13 945
13 946
13 948
13 422192
14 5
14 20
14 99
14 131
14 132
14 133
14 166
14 230408
15 3
15 5
15 20
15 4862
15 9651
15 847281
16 10
16 1605
16 1606
16 1608
16 847282
17 5
17 27
17 99
17 131
17 132
17 133
17 135
17 510778
18 3
18 4
18 5
18 597
18 599
18 847283
19 67
19 601
19 603
19 1197
19 847284
20 51
20 195
20 2686
20 15391
20 847285
21 243
21 244
21 245
21 247
21 620797
22 4
22 5
22 99
22 131
22 132
22 133
22 152
22 23488
23 3
23 4
23 5
23 174606
23 174608
23 847286
24 67
24 72
24 6363
24 135196
24 140864
24 140865
24 847287
25 5
25 84
25 91
25 93
25 121
25 703
25 707
25 956
25 847288
26 660
26 13091
26 13092
26 13094
26 847289
27 5
27 20
27 90
27 122
27 708
27 713
27 3433
27 80311
27 847290
28 10
28 828
28 829
28 831
28 847291
29 99
29 133
29 175
29 176
29 195
29 234
29 847292
30 3
30 20
30 195
30 2034
30 3403
30 847293
31 158
31 159
31 160
31 162
31 847294
32 9
32 10
32 11
32 13
32 163
33 5
33 20
33 99
33 131
33 132
33 133
33 165
33 166
34 5
34 20
34 202
34 38807
34 38809
34 847295
35 5
35 20
35 67
35 37445
35 135367
35 171893
35 847296
36 76
36 342
36 343
36 345
36 847297
37 660
37 6695
37 6696
37 6698
37 847298
38 67
38 174157
38 174159
38 174797
38 847299
39 67
39 407
39 174800
39 174801
39 174803
39 847300
40 71
40 76
40 190
40 191
40 847301
seqId 543
1 27
1 42
1 99
1 133
1 175
1 176
1 195
1 847302
2 20
2 195
2 202
2 2294
2 3837
2 847303
3 3
3 20
3 195
3 10402
3 10404
3 847304
4 84
4 91
4 93
4 121
4 195
4 703
4 707
4 1858
4 23517
5 20
5 90
5 122
5 195
5 708
5 713
5 4530
5 4532
5 847305
6 10
6 1387
6 1388
6 1390
6 847306
7 99
7 131
7 132
7 133
7 195
7 237
7 847307
8 3
8 4
8 195
8 9795
8 48225
8 847308
9 4
9 195
9 202
9 340
9 3001
9 49788
9 847309
10 76
10 413
10 414
10 416
10 847310
11 3
11 5
11 20
11 9758
11 9760
11 847311
12 9
12 10
12 11
12 13
12 847312
13 67
13 601
13 603
13 1197
13 847313
14 76
14 433
14 434
14 436
14 847314
15 71
15 76
15 190
15 191
15 847315
seqId 544
1 660
1 976
1 7272
1 7274
1 847316
2 5
2 20
2 99
2 131
2 132
2 133
2 166
2 230446
3 5
3 20
3 67
3 458
3 1692
3 3213
3 69867
3 167933
3 847317
4 5
4 84
4 91
4 93
4 121
4 702
4 703
4 705
4 146394
5 5
5 20
5 90
5 122
5 708
5 769
5 2832
5 5688
5 847318
6 4
6 5
6 99
6 133
6 175
6 176
6 178
6 436803
7 3
7 4
7 5
7 6862
7 6864
7 847319
8 9
8 10
8 24
8 26
8 27
8 847320
9 3
9 4
9 195
9 1395
9 1397
9 847321
10 10
10 126
10 127
10 129
10 847322
11 76
11 137
11 138
11 140
11 847323
12 3
12 20
12 195
12 340
12 15396
12 145101
12 847324
13 243
13 244
13 245
13 247
13 847325
14 3
14 4
14 5
14 78230
14 78232
14 847326
15 4
15 5
15 202
15 302
15 304
15 847327
16 76
16 185
16 186
16 188
16 342001
17 10
17 283
17 284
17 286
17 847328
18 5
18 20
18 99
18 131
18 132
18 133
18 166
18 847329
19 3
19 5
19 20
19 4345
19 4347
19 847330
20 9
20 10
20 11
20 13
20 847331
21 5
21 99
21 115
21 773
21 774
21 775
21 776
21 778
21 847332
22 3
22 5
22 20
22 2863
22 2865
22 847333
23 5
23 20
23 202
23 5335
23 8517
23 847334
24 10
24 109
24 110
24 112
24 787793
25 3
25 5
25 20
25 8779
25 8781
25 847335
26 51
26 195
26 4167
26 4169
26 474533
27 717
27 718
27 719
27 721
27 202987
28 10
28 146
28 147
28 149
28 722
29 5
29 20
29 99
29 131
29 132
29 133
29 165
29 166
30 5
30 20
30 67
30 63555
30 185121
30 185123
30 847336
31 71
31 76
31 190
31 191
31 847337
seqId 545
1 10
1 109
1 876
1 878
1 847338
2 5
2 20
2 202
2 4294
2 58878
2 847339
3 3
3 5
3 20
3 1905
3 1907
3 436832
4 76
4 342
4 343
4 345
4 436833
5 82
5 83
5 115
5 195
5 4940
5 4941
5 28267
5 436834
6 90
6 91
6 93
6 121
6 195
6 4941
6 7795
6 7799
6 71574
6 847340
7 72
7 660
7 28422
7 33655
7 33656
7 33658
7 847341
8 99
8 131
8 132
8 133
8 195
8 237
8 74560
9 3
9 20
9 195
9 4862
9 4864
9 847342
10 230
10 231
10 232
10 234
10 847343
11 9
11 10
11 11
11 13
11 163
12 99
12 131
12 132
12 133
12 195
12 236
12 237
13 3
13 20
13 195
13 2034
13 3403
13 847344
14 158
14 159
14 160
14 162
14 847345
15 9
15 10
15 11
15 13
15 163
16 5
16 20
16 99
16 131
16 132
16 133
16 165
16 166
17 5
17 20
17 202
17 38807
17 38809
17 847346
18 5
18 20
18 67
18 37445
18 135367
18 171893
18 847347
19 10
19 1387
19 1388
19 1390
19 847348
20 26
20 27
20 99
20 133
20 175
20 176
20 195
20 847349
21 4
21 195
21 202
21 2294
21 3837
21 847350
22 3
22 4
22 195
22 642
22 644
22 847351
23 75
23 76
23 77
23 79
23 847352
seqId 546
1 67
1 452
1 15151
1 15152
1 847353
2 67
2 48669
2 175594
2 175595
2 175597
2 847354
3 5
3 84
3 91
3 93
3 121
3 703
3 707
3 956
3 825271
4 3
4 5
4 20
4 2034
4 2036
4 847355
5 5
5 20
5 90
5 122
5 708
5 713
5 3372
5 6990
5 847356
6 158
6 159
6 160
6 162
6 847357
7 9
7 10
7 11
7 13
7 163
8 5
8 20
8 99
8 131
8 132
8 133
8 165
8 166
9 5
9 20
9 36
9 67
9 5933
9 18530
9 185149
9 185151
9 847358
10 76
10 413
10 414
10 416
10 847359
11 3
11 5
11 20
11 217
11 219
11 847360
12 9
12 10
12 24
12 26
12 27
12 847361
13 3
13 4
13 195
13 1395
13 1397
13 847362
14 10
14 109
14 110
14 112
14 847363
15 3
15 4
15 195
15 313
15 6526
15 847364
16 4
16 195
16 202
16 322
16 324
16 847365
17 158
17 159
17 160
17 162
17 847366
18 9
18 10
18 11
18 13
18 163
19 5
19 20
19 99
19 131
19 132
19 133
19 165
19 166
20 3
20 5
20 20
20 168724
20 168726
20 847367
21 76
21 342
21 343
21 345
21 847368
22 64
22 67
22 47596
22 47605
22 47606
22 47608
22 847369
23 76
23 433
23 434
23 436
23 847370
24 71
24 76
24 190
24 191
24 847371
seqId 547
1 4
1 5
1 82
1 83
1 84
1 115
1 763
1 4750
1 847372
2 5
2 84
2 90
2 91
2 93
2 121
2 4338
2 4740
2 847373
3 10
3 146
3 147
3 149
3 847374
4 4
4 5
4 99
4 133
4 175
4 176
4 178
4 847375
5 4
5 5
5 202
5 795
5 8936
5 847376
6 3
6 4
6 5
6 15
6 17
6 847377
7 4
7 5
7 202
7 3386
7 6768
7 847378
8 90
8 121
8 122
8 4379
8 4381
8 847379
9 10
9 126
9 127
9 129
9 847380
10 99
10 131
10 132
10 133
10 195
10 237
10 847381
11 3
11 4
11 195
11 3615
11 35716
11 847382
12 9
12 10
12 11
12 13
12 847383
13 27
13 82
13 84
13 114
13 115
13 116
13 118
13 847384
14 90
14 443
14 12304
14 185179
14 847385
15 243
15 244
15 245
15 247
15 316514
16 9
16 10
16 11
16 13
16 620903
17 90
17 443
17 165258
17 185183
17 847386
18 99
18 131
18 132
18 133
18 195
18 237
18 847387
19 3
19 20
19 195
19 13036
19 13038
19 847388
20 2822
20 2823
20 2824
20 2826
20 847389
21 10
21 146
21 147
21 149
21 722
22 99
22 131
22 132
22 133
22 195
22 236
22 237
23 3
23 4
23 195
23 19680
23 19682
23 847390
24 9
24 10
24 11
24 13
24 847391
25 4
25 5
25 99
25 131
25 132
25 133
25 152
25 203058
26 3
26 4
26 5
26 3162
26 5832
26 847392
27 76
27 342
27 343
27 345
27 847393
28 9
28 10
28 11
28 13
28 787855
29 4
29 5
29 99
29 131
29 132
29 133
29 152
29 185195
30 3
30 4
30 5
30 4447
30 4449
30 847394
31 158
31 159
31 160
31 162
31 474595
32 9
32 10
32 11
32 13
32 163
33 5
33 20
33 99
33 131
33 132
33 133
33 165
33 166
34 5
34 20
34 202
34 1718
34 57849
34 847395
35 3
35 5
35 20
35 15215
35 65093
35 131674
35 847396
36 10
36 146
36 147
36 149
36 847397
37 5
37 27
37 99
37 131
37 132
37 133
37 135
37 847398
38 3
38 4
38 5
38 3576
38 3578
38 847399
39 4
39 5
39 202
39 140235
39 144993
39 847400
40 76
40 342
40 343
40 345
40 847401
41 3
41 5
41 20
41 429
41 431
41 185203
42 5
42 20
42 90
42 122
42 708
42 713
42 9726
42 9728
42 847402
43 10
43 828
43 829
43 831
43 847403
44 67
44 185206
44 185207
44 185209
44 847404
45 42
45 67
45 4559
45 43005
45 185211
45 185212
45 847405
46 76
46 413
46 414
46 416
46 847406
47 67
47 185216
47 185217
47 185219
47 847407
48 76
48 433
48 434
48 436
48 847408
49 76
49 342
49 343
49 345
49 847409
50 67
50 12519
50 12520
50 12522
50 847410
51 67
51 9565
51 51513
51 185224
51 185225
51 847411
52 76
52 413
52 414
52 416
52 847412
53 3
53 4
53 5
53 597
53 599
53 847413
54 4
54 5
54 202
54 48429
54 48431
54 847414
55 9
55 10
55 11
55 13
55 847415
56 67
56 72
56 72
56 402
56 48437
56 111432
56 185232
56 185233
56 847416
57 76
57 433
57 434
57 436
57 847417
58 243
58 244
58 245
58 247
58 847418
59 67
59 138388
59 138389
59 138391
59 847419
60 67
60 1047
60 69765
60 69766
60 69768
60 847420
61 76
61 413
61 414
61 416
61 847421
62 67
62 34231
62 56095
62 91664
62 91665
62 847422
63 76
63 433
63 434
63 436
63 847423
64 71
64 76
64 190
64 191
64 787877
seqId 548
1 4
1 5
1 82
1 83
1 84
1 115
1 763
1 4750
1 847424
2 5
2 84
2 91
2 93
2 121
2 703
2 707
2 956
2 847425
3 660
3 1622
3 1623
3 1625
3 510927
4 4
4 5
4 90
4 122
4 708
4 713
4 3372
4 24510
4 847426
5 10
5 146
5 147
5 149
5 230593
6 4
6 5
6 99
6 133
6 175
6 176
6 178
6 847427
7 3
7 4
7 5
7 7388
7 27055
7 146541
8 10
8 126
8 127
8 129
8 146542
9 99
9 131
9 132
9 133
9 195
9 237
9 680567
10 3
10 20
10 195
10 340
10 185252
10 185254
10 847428
11 243
11 244
11 245
11 247
11 847429
12 3
12 20
12 195
12 340
12 55169
12 102517
12 130136
12 185257
12 847430
13 2822
13 2823
13 2824
13 2826
13 375908
14 10
14 146
14 147
14 149
14 722
15 99
15 131
15 132
15 133
15 195
15 236
15 237
16 3
16 4
16 195
16 3576
16 178114
16 847431
17 4
17 5
17 202
17 168118
17 168120
17 847432
18 243
18 244
18 245
18 247
18 109170
19 4
19 5
19 202
19 109173
19 140235
19 144993
20 76
20 342
20 343
20 345
20 109175
21 82
21 758
21 759
21 761
21 474648
22 5
22 84
22 90
22 91
22 93
22 121
22 3372
22 6654
22 436940
23 5
23 20
23 99
23 131
23 132
23 133
23 166
23 375919
24 5
24 20
24 36
24 67
24 1692
24 37859
24 47596
24 78493
24 185268
24 847433
25 76
25 342
25 343
25 345
25 847434
26 5
26 20
26 99
26 131
26 132
26 133
26 166
26 375921
27 5
27 20
27 67
27 5618
27 90868
27 91510
27 185273
27 847435
28 243
28 244
28 245
28 247
28 342196
29 5
29 20
29 99
29 131
29 132
29 133
29 166
29 847436
30 5
30 20
30 36
30 67
30 38300
30 185278
30 185280
30 847437
31 71
31 76
31 190
31 191
31 847438
seqId 549
1 67
1 174157
1 174159
1 174797
1 847439
2 67
2 407
2 174800
2 174801
2 174803
2 847440
3 5
3 72
3 84
3 90
3 91
3 93
3 121
3 5390
3 32018
3 51964
3 847441
4 5
4 20
4 99
4 133
4 175
4 176
4 1316
4 203124
5 3
5 5
5 20
5 2863
5 2865
5 847442
6 10
6 126
6 127
6 129
6 847443
7 5
7 27
7 99
7 131
7 132
7 133
7 135
7 847444
8 3
8 4
8 5
8 14686
8 14688
8 847445
9 9
9 10
9 11
9 13
9 847446
10 67
10 601
10 603
10 1197
10 847447
11 10
11 146
11 147
11 149
11 847448
12 5
12 27
12 99
12 131
12 132
12 133
12 135
12 847449
13 5
13 67
13 5978
13 47596
13 75755
13 175147
13 847450
14 71
14 76
14 190
14 191
14 847451
seqId 550
1 67
1 16435
1 16436
1 16438
1 847452
2 67
2 20904
2 114603
2 178134
2 178135
2 847453
3 5
3 84
3 91
3 93
3 121
3 703
3 707
3 956
3 847454
4 3
4 5
4 20
4 2034
4 2036
4 847455
5 158
5 159
5 160
5 162
5 316608
6 9
6 10
6 11
6 13
6 163
7 5
7 20
7 99
7 131
7 132
7 133
7 165
7 166
8 3
8 5
8 20
8 13609
8 13611
8 847456
9 9
9 10
9 11
9 13
9 847457
10 3
10 4
10 15
10 195
10 4121
10 847458
11 67
11 48317
11 48318
11 48320
11 48321
11 847459
12 90
12 443
12 923
12 1587
12 185307
12 847460
13 10
13 283
13 284
13 286
13 847461
14 5
14 20
14 99
14 131
14 132
14 133
14 166
14 847462
15 3
15 5
15 20
15 48321
15 48328
15 185311
15 185313
15 847463
16 10
16 1387
16 1388
16 1390
16 847464
17 67
17 96
17 10985
17 67777
17 185316
17 185317
17 847465
18 67
18 2901
18 11594
18 52856
18 142139
18 185320
18 185321
18 847466
19 76
19 413
19 414
19 416
19 510988
20 67
20 71
20 1258
20 50786
20 139265
20 847467
21 67
21 605
21 607
21 1199
21 847468
22 76
22 342
22 343
22 345
22 185329
23 67
23 37401
23 63469
23 178971
23 178972
23 847469
24 76
24 433
24 434
24 436
24 847470
25 76
25 342
25 343
25 345
25 762564
26 67
26 138953
26 138954
26 138956
26 847471
27 67
27 52180
27 138187
27 142139
27 185332
27 185333
27 847472
28 76
28 413
28 414
28 416
28 847473
29 67
29 71
29 1258
29 50786
29 139265
29 847474
30 67
30 158165
30 158166
30 158168
30 847475
31 76
31 433
31 434
31 436
31 847476
32 76
32 342
32 343
32 345
32 847477
33 67
33 836
33 11556
33 11557
33 847478
34 67
34 185342
34 185343
34 185345
34 847479
35 67
35 185347
35 185348
35 185350
35 185351
35 847480
36 76
36 413
36 414
36 416
36 847481
37 67
37 71
37 1258
37 50786
37 139265
37 847482
38 67
38 143429
38 143430
38 143432
38 847483
39 76
39 433
39 434
39 436
39 847484
40 243
40 244
40 245
40 247
40 847485
41 67
41 1024
41 1026
41 62219
41 847486
42 67
42 5358
42 7291
42 92389
42 185358
42 185359
42 847487
43 76
43 413
43 414
43 416
43 375977
44 67
44 41961
44 41962
44 41964
44 847488
45 76
45 433
45 434
45 436
45 474711
46 71
46 76
46 190
46 191
46 847489
seqId 551
1 67
1 128840
1 128841
1 128843
1 847490
2 67
2 75484
2 75485
2 75487
2 75488
2 847491
3 5
3 84
3 90
3 91
3 93
3 121
3 4338
3 4740
3 847492
4 10
4 1010
4 1011
4 1013
4 847493
5 67
5 452
5 15151
5 15152
5 847494
6 67
6 48669
6 175594
6 175595
6 175597
6 847495
7 717
7 718
7 719
7 721
7 847496
8 10
8 146
8 147
8 149
8 722
9 5
9 20
9 99
9 131
9 132
9 133
9 165
9 166
10 3
10 5
10 20
10 429
10 431
10 847497
11 10
11 126
11 127
11 129
11 825396
12 99
12 131
12 132
12 133
12 195
12 237
12 825397
13 3
13 20
13 195
13 340
13 185252
13 185254
13 847498
14 243
14 244
14 245
14 247
14 847499
15 3
15 20
15 195
15 340
15 55169
15 102517
15 130136
15 185257
15 342297
16 2822
16 2823
16 2824
16 2826
16 847500
17 10
17 146
17 147
17 149
17 722
18 99
18 131
18 132
18 133
18 195
18 236
18 237
19 3
19 4
19 195
19 3576
19 178114
19 847501
20 4
20 5
20 202
20 168118
20 168120
20 847502
21 243
21 244
21 245
21 247
21 511023
22 4
22 5
22 202
22 140235
22 144993
22 847503
23 71
23 76
23 190
23 191
23 847504
seqId 552
1 4
1 5
1 82
1 83
1 84
1 115
1 763
1 4750
1 847505
2 5
2 84
2 91
2 93
2 121
2 703
2 707
2 956
2 847506
3 10
3 109
3 112
3 1539
3 847507
4 660
4 4185
4 4186
4 4188
4 847508
5 4
5 5
5 90
5 122
5 708
5 713
5 9250
5 31862
5 762590
6 10
6 283
6 284
6 286
6 146644
7 5
7 20
7 99
7 131
7 132
7 133
7 166
7 146645
8 3
8 5
8 20
8 429
8 431
8 847509
9 67
9 5929
9 5930
9 5932
9 5933
9 847510
10 67
10 340
10 43213
10 70810
10 97960
10 118241
10 185392
10 185393
10 847511
11 76
11 413
11 414
11 416
11 847512
12 5
12 20
12 90
12 122
12 708
12 713
12 4379
12 5722
12 847513
13 10
13 828
13 829
13 831
13 847514
14 67
14 87658
14 87659
14 87661
14 847515
15 67
15 185400
15 185401
15 185403
15 847516
16 76
16 433
16 434
16 436
16 847517
17 10
17 126
17 127
17 129
17 847518
18 4
18 5
18 99
18 131
18 132
18 133
18 152
18 847519
19 3
19 4
19 5
19 13212
19 13214
19 847520
20 243
20 244
20 245
20 247
20 680659
21 5
21 27
21 99
21 131
21 132
21 133
21 135
21 680660
22 3
22 4
22 5
22 98158
22 98160
22 847521
23 230
23 231
23 232
23 234
23 847522
24 9
24 10
24 11
24 13
24 163
25 99
25 131
25 132
25 133
25 195
25 236
25 237
26 3
26 20
26 195
26 43423
26 43425
26 847523
27 20
27 195
27 202
27 340
27 161178
27 161180
27 847524
28 230
28 231
28 232
28 234
28 847525
29 9
29 10
29 11
29 13
29 163
30 99
30 131
30 132
30 133
30 195
30 236
30 237
31 3
31 20
31 195
31 23221
31 23223
31 847526
32 20
32 90
32 122
32 195
32 708
32 713
32 68447
32 102638
32 847527
33 10
33 283
33 284
33 286
33 847528
34 5
34 99
34 115
34 773
34 775
34 776
34 2192
34 3593
34 847529
35 3
35 5
35 19
35 20
35 105
35 847530
36 67
36 5933
36 32572
36 32573
36 32575
36 847531
37 71
37 76
37 190
37 191
37 847532
seqId 553
1 4
1 5
1 82
1 83
1 84
1 115
1 763
1 4750
1 847533
2 5
2 84
2 90
2 91
2 93
2 121
2 54496
2 66923
2 847534
3 660
3 1622
3 1623
3 1625
3 847535
4 717
4 718
4 719
4 721
4 847536
5 10
5 146
5 147
5 149
5 722
6 5
6 20
6 99
6 131
6 132
6 133
6 165
6 166
7 3
7 5
7 20
7 429
7 431
7 847537
8 67
8 6746
8 31833
8 111213
8 179610
8 179611
8 847538
9 76
9 413
9 414
9 416
9 847539
10 3
10 4
10 5
10 18168
10 18422
10 847540
11 4
11 5
11 202
11 12971
11 12973
11 847541
12 9
12 10
12 11
12 13
12 23808
13 4
13 5
13 99
13 131
13 132
13 133
13 152
13 23809
14 4
14 5
14 202
14 784
14 786
14 847542
15 3
15 4
15 5
15 18168
15 18422
15 847543
16 9
16 10
16 11
16 13
16 621074
17 5
17 27
17 99
17 131
17 132
17 133
17 135
17 847544
18 3
18 4
18 5
18 18160
18 179626
18 847545
19 9
19 10
19 11
19 13
19 847546
20 67
20 41061
20 41062
20 41064
20 847547
21 243
21 244
21 245
21 247
21 74816
22 9
22 10
22 24
22 26
22 27
22 437071
23 67
23 1026
23 57393
23 185441
23 185442
23 185444
23 847548
24 76
24 433
24 434
24 436
24 847549
25 243
25 244
25 245
25 247
25 847550
26 5
26 84
26 90
26 91
26 93
26 121
26 702
26 705
26 203260
27 85
27 99
27 195
27 638
27 640
27 847551
28 3
28 20
28 195
28 429
28 4265
28 847552
29 10
29 109
29 110
29 112
29 74826
30 3
30 4
30 5
30 4107
30 4109
30 847553
31 10
31 1387
31 1388
31 1390
31 847554
32 5
32 27
32 99
32 131
32 132
32 133
32 135
32 847555
33 3
33 5
33 20
33 2320
33 2322
33 847556
34 9
34 10
34 24
34 26
34 27
34 847557
35 3
35 4
35 5
35 14686
35 14688
35 847558
36 4
36 5
36 202
36 168724
36 178047
36 847559
37 158
37 159
37 160
37 162
37 847560
38 9
38 10
38 11
38 13
38 163
39 5
39 20
39 99
39 131
39 132
39 133
39 165
39 166
40 5
40 20
40 67
40 206
40 699
40 90868
40 185459
40 847561
41 71
41 76
41 190
41 191
41 847562
seqId 554
1 67
1 136357
1 136358
1 136360
1 847563
2 67
2 967
2 158385
2 174286
2 174287
2 174289
2 847564
3 5
3 84
3 91
3 93
3 121
3 703
3 707
3 956
3 847565
4 3
4 5
4 20
4 10402
4 41855
4 847566
5 5
5 20
5 90
5 122
5 708
5 713
5 3372
5 6990
5 847567
6 717
6 718
6 719
6 721
6 538605
7 10
7 146
7 147
7 149
7 722
8 5
8 20
8 99
8 131
8 132
8 133
8 165
8 166
9 5
9 20
9 67
9 268
9 37859
9 94692
9 138125
9 185469
9 847568
10 76
10 413
10 414
10 416
10 788036
11 3
11 5
11 20
11 217
11 219
11 847569
12 9
12 10
12 24
12 26
12 27
12 847570
13 3
13 4
13 195
13 1395
13 1397
13 847571
14 4
14 195
14 202
14 340
14 175288
14 178821
14 847572
15 76
15 342
15 343
15 345
15 788041
16 4
16 195
16 202
16 2787
16 175279
16 182218
16 847573
17 76
17 342
17 343
17 345
17 847574
18 4
18 195
18 202
18 35035
18 185479
18 185481
18 185482
18 847575
19 243
19 244
19 245
19 247
19 109401
20 4
20 195
20 202
20 1648
20 3515
20 85396
20 151509
20 185485
20 847576
21 76
21 342
21 343
21 345
21 847577
22 64
22 67
22 72
22 72
22 1047
22 47596
22 47608
22 57691
22 58984
22 102744
22 111218
22 185489
22 185490
22 847578
23 9
23 10
23 11
23 13
23 847579
24 67
24 3042
24 3043
24 3045
24 847580
25 76
25 433
25 434
25 436
25 847581
seqId 555
1 67
1 20691
1 20692
1 20694
1 847582
2 67
2 310
2 74143
2 178459
2 178460
2 178462
2 847583
3 5
3 84
3 91
3 93
3 121
3 703
3 707
3 956
3 437114
4 3
4 5
4 20
4 2034
4 2036
4 437115
5 158
5 159
5 160
5 162
5 847584
6 9
6 10
6 11
6 13
6 163
7 5
7 20
7 99
7 131
7 132
7 133
7 165
7 166
8 5
8 20
8 67
8 11564
8 154958
8 185501
8 847585
9 76
9 413
9 414
9 416
9 847586
10 3
10 5
10 20
10 13609
10 16116
10 847587
11 9
11 10
11 11
11 13
11 847588
12 3
12 4
12 15
12 195
12 4121
12 847589
13 4
13 195
13 202
13 340
13 623
13 625
13 626
13 847590
14 10
14 126
14 127
14 129
14 847591
15 5
15 27
15 99
15 131
15 132
15 133
15 135
15 847592
16 3
16 4
16 5
16 14686
16 14688
16 847593
17 158
17 159
17 160
17 162
17 788065
18 9
18 10
18 11
18 13
18 163
19 5
19 20
19 99
19 131
19 132
19 133
19 165
19 166
20 3
20 5
20 20
20 129092
20 131033
20 847594
21 76
21 342
21 343
21 345
21 847595
22 64
22 67
22 72
22 5980
22 47596
22 47596
22 47608
22 185515
22 185516
22 847596
23 1458
23 2717
23 4052
23 4054
23 185523
24 67
24 603
24 33199
24 185520
24 185521
24 847597
25 76
25 433
25 434
25 436
25 847598
26 71
26 76
26 190
26 191
26 847599
seqId 556
1 5
1 20
1 82
1 83
1 84
1 115
1 763
1 3948
1 847600
2 5
2 84
2 90
2 91
2 93
2 121
2 4338
2 4740
2 376129
3 10
3 109
3 112
3 1539
3 376130
4 660
4 4185
4 4186
4 4188
4 847601
5 717
5 718
5 719
5 721
5 847602
6 10
6 146
6 147
6 149
6 722
7 5
7 20
7 99
7 131
7 132
7 133
7 165
7 166
8 3
8 5
8 20
8 429
8 431
8 847603
9 67
9 142393
9 185532
9 185533
9 185535
9 847604
10 76
10 413
10 414
10 416
10 847605
11 3
11 5
11 20
11 1728
11 42737
11 96148
11 104864
11 179828
11 847606
12 10
12 378
12 379
12 381
12 847607
13 5
13 27
13 99
13 131
13 132
13 133
13 135
13 847608
14 3
14 4
14 5
14 1395
14 6007
14 847609
15 230
15 231
15 232
15 234
15 847610
16 9
16 10
16 11
16 13
16 163
17 99
17 131
17 132
17 133
17 195
17 236
17 237
18 3
18 4
18 195
18 340
18 496
18 33143
18 185544
18 185546
18 185547
18 847611
19 76
19 342
19 343
19 345
19 621143
20 158
20 159
20 160
20 162
20 847612
21 9
21 10
21 11
21 13
21 163
22 5
22 20
22 99
22 131
22 132
22 133
22 165
22 166
23 3
23 5
23 20
23 4434
23 4436
23 847613
24 67
24 1104
24 151545
24 185551
24 185552
24 847614
25 9
25 10
25 11
25 13
25 847615
26 5
26 27
26 99
26 131
26 132
26 133
26 135
26 847616
27 3
27 4
27 5
27 597
27 13641
27 847617
28 9
28 10
28 11
28 13
28 847618
29 67
29 70336
29 70337
29 70339
29 847619
30 76
30 433
30 434
30 436
30 847620
31 82
31 758
31 759
31 761
31 847621
32 5
32 84
32 90
32 91
32 93
32 121
32 40114
32 185562
32 847622
33 10
33 146
33 147
33 149
33 847623
34 4
34 5
34 99
34 133
34 175
34 176
34 178
34 847624
35 3
35 4
35 5
35 108024
35 108026
35 847625
36 4
36 5
36 90
36 122
36 708
36 713
36 1410
36 22567
36 146785
37 158
37 159
37 160
37 162
37 847626
38 9
38 10
38 11
38 13
38 163
39 5
39 20
39 99
39 131
39 132
39 133
39 165
39 166
40 3
40 5
40 20
40 42737
40 42739
40 847627
41 5
41 20
41 90
41 122
41 708
41 713
41 33672
41 132646
41 847628
42 10
42 283
42 284
42 286
42 847629
43 99
43 131
43 132
43 133
43 195
43 237
43 847630
44 3
44 20
44 195
44 340
44 5018
44 5020
44 847631
45 5
45 20
45 202
45 128214
45 128215
45 185573
45 847632
46 76
46 342
46 343
46 345
46 847633
47 5
47 20
47 202
47 13322
47 13324
47 847634
48 243
48 244
48 245
48 247
48 847635
49 5
49 20
49 202
49 185578
49 185580
49 376168
50 10
50 378
50 379
50 381
50 74949
51 5
51 27
51 99
51 131
51 132
51 133
51 135
51 847636
52 3
52 4
52 5
52 1395
52 5941
52 847637
53 9
53 10
53 11
53 13
53 847638
54 4
54 5
54 99
54 131
54 132
54 133
54 152
54 847639
55 3
55 4
55 5
55 8050
55 8052
55 847640
56 4
56 5
56 90
56 122
56 708
56 713
56 103478
56 103480
56 847641
57 10
57 283
57 284
57 286
57 847642
58 4
58 5
58 99
58 131
58 132
58 133
58 152
58 847643
59 4
59 5
59 202
59 12237
59 12322
59 847644
60 3
60 4
60 5
60 11291
60 11293
60 847645
61 71
61 76
61 190
61 191
61 847646
seqId 557
1 67
1 17618
1 17619
1 17621
1 847647
2 67
2 15222
2 15223
2 15225
2 847648
3 5
3 84
3 90
3 91
3 93
3 121
3 28383
3 32690
3 847649
4 5
4 20
4 99
4 133
4 175
4 176
4 1316
4 847650
5 3
5 5
5 20
5 2863
5 2865
5 847651
6 10
6 146
6 147
6 149
6 74980
7 5
7 27
7 99
7 131
7 132
7 133
7 135
7 847652
8 5
8 67
8 72
8 10653
8 38351
8 156745
8 175581
8 847653
9 10
9 126
9 127
9 129
9 23978
10 4
10 5
10 99
10 131
10 132
10 133
10 152
10 847654
11 3
11 4
11 5
11 78230
11 78232
11 847655
12 4
12 5
12 202
12 168724
12 178047
12 376188
13 76
13 413
13 414
13 416
13 376189
14 5
14 20
14 72
14 202
14 1104
14 1104
14 5528
14 15065
14 62808
14 112889
14 176068
14 847656
15 3
15 20
15 195
15 16951
15 131943
15 847657
16 76
16 433
16 434
16 436
16 847658
17 71
17 76
17 190
17 191
17 847659
seqId 558
1 3
1 4
1 195
1 1701
1 4815
1 5528
1 32734
1 847660
seqId 559
1 3
1 4
1 5
1 1701
1 19706
1 847661
2 51
2 52
2 680
2 1993
2 847662
3 75
3 76
3 77
3 79
3 847663
4 3
4 4
4 5
4 14834
4 32740
4 847664
5 9
5 10
5 11
5 13
5 847665
6 3
6 4
6 5
6 3154
6 17710
6 847666
7 4
7 5
7 202
7 7992
7 20221
7 847667
seqId 560
1 4
1 5
1 99
1 928
1 929
1 185619
1 847668
2 3
2 4
2 5
2 32746
2 32748
2 847669
3 9
3 10
3 11
3 13
3 847670
4 4
4 5
4 99
4 131
4 132
4 133
4 152
4 75008
5 3
5 4
5 5
5 14834
5 32753
5 230985
6 9
6 10
6 11
6 13
6 230986
7 3
7 4
7 5
7 3154
7 17710
7 847671
8 27
8 660
8 661
8 910
8 912
8 847672
9 5
9 84
9 91
9 93
9 121
9 702
9 703
9 705
9 342615
10 5
10 20
10 122
10 703
10 707
10 708
10 710
10 511220
11 4
11 5
11 90
11 122
11 708
11 713
11 32757
11 32759
11 847673
12 10
12 71
12 721
12 25047
12 32761
12 32762
12 847674
13 4
13 5
13 99
13 131
13 132
13 133
13 152
13 680827
14 3
14 4
14 5
14 71
14 373
14 376
14 1299
14 847675
15 9
15 10
15 24
15 26
15 27
15 847676
16 2
16 3
16 4
16 5
16 181
16 847677
17 9
17 10
17 11
17 13
17 75019
18 3
18 4
18 5
18 15
18 17
18 75020
19 10
19 109
19 110
19 112
19 847678
20 3
20 5
20 20
20 724
20 726
20 847679
21 9
21 10
21 11
21 13
21 231005
22 3
22 5
22 20
22 384
22 386
22 847680
23 71
23 76
23 190
23 191
23 847681
seqId 561
1 3
1 4
1 5
1 1701
1 19706
1 847682
2 51
2 52
2 2054
2 2056
2 847683
3 75
3 76
3 77
3 79
3 847684
4 3
4 20
4 195
4 340
4 24887
4 32793
4 847685
5 76
5 342
5 343
5 345
5 847686
6 3
6 4
6 195
6 31920
6 32797
6 847687
seqId 562
1 4
1 5
1 99
1 133
1 175
1 176
1 5129
1 847688
2 3
2 4
2 5
2 539
2 18239
2 847689
3 230
3 231
3 232
3 234
3 847690
4 9
4 10
4 11
4 13
4 163
5 99
5 131
5 132
5 133
5 195
5 236
5 237
6 3
6 20
6 195
6 24887
6 26865
6 847691
7 243
7 244
7 245
7 247
7 847692
8 99
8 133
8 175
8 176
8 195
8 234
8 847693
9 3
9 4
9 195
9 31920
9 32797
9 847694
10 20
10 90
10 122
10 195
10 708
10 713
10 33672
10 33674
10 847695
11 10
11 828
11 829
11 831
11 847696
12 5
12 27
12 99
12 131
12 132
12 133
12 135
12 847697
13 2
13 3
13 4
13 5
13 181
13 847698
14 9
14 10
14 11
14 13
14 680852
15 3
15 4
15 5
15 15
15 17
15 847699
16 5
16 84
16 91
16 92
16 93
16 703
16 707
16 16563
16 847700
17 4
17 5
17 90
17 122
17 708
17 713
17 32782
17 32784
17 847701
18 717
18 718
18 719
18 721
18 474962
19 10
19 146
19 147
19 149
19 722
20 5
20 20
20 99
20 131
20 132
20 133
20 165
20 166
21 3
21 5
21 19
21 20
21 105
21 847702
22 71
22 76
22 190
22 191
22 847703
seqId 563
1 3
1 4
1 5
1 1701
1 19706
1 847704
2 51
2 52
2 1705
2 1707
2 847705
3 75
3 76
3 77
3 79
3 847706
4 3
4 5
4 20
4 1689
4 1691
4 1692
4 1693
4 847707
5 5
5 20
5 202
5 1695
5 1697
5 847708
seqId 564
1 4
1 5
1 99
1 133
1 175
1 176
1 5129
1 847709
2 3
2 4
2 5
2 682
2 10854
2 847710
3 4
3 5
3 202
3 9578
3 32816
3 32818
3 847711
4 158
4 159
4 160
4 162
4 316918
5 9
5 10
5 11
5 13
5 163
6 5
6 20
6 99
6 131
6 132
6 133
6 165
6 166
7 3
7 5
7 20
7 13025
7 30421
7 847712
8 9
8 10
8 24
8 26
8 27
8 847713
9 3
9 4
9 5
9 2608
9 4490
9 847714
10 9
10 10
10 11
10 13
10 847715
11 5
11 27
11 99
11 131
11 132
11 133
11 135
11 847716
12 2
12 3
12 4
12 5
12 181
12 847717
13 9
13 10
13 11
13 13
13 847718
14 3
14 4
14 5
14 15
14 17
14 24122
15 5
15 84
15 91
15 92
15 93
15 703
15 707
15 16563
15 847719
16 4
16 5
16 90
16 122
16 708
16 713
16 32782
16 32784
16 847720
17 717
17 718
17 719
17 721
17 231061
18 10
18 146
18 147
18 149
18 722
19 5
19 20
19 99
19 131
19 132
19 133
19 165
19 166
20 3
20 5
20 19
20 20
20 105
20 847721
21 71
21 76
21 190
21 191
21 847722
seqId 565
1 3
1 4
1 5
1 1701
1 19706
1 847723
2 51
2 52
2 1427
2 1962
2 847724
3 75
3 76
3 77
3 79
3 847725
4 3
4 4
4 5
4 19693
4 19695
4 847726
5 230
5 231
5 232
5 234
5 847727
6 9
6 10
6 11
6 13
6 163
7 99
7 131
7 132
7 133
7 195
7 236
7 237
8 3
8 20
8 195
8 9675
8 9677
8 847728
9 243
9 244
9 245
9 247
9 316935
10 230
10 231
10 232
10 234
10 847729
11 9
11 10
11 11
11 13
11 163
12 99
12 131
12 132
12 133
12 195
12 236
12 237
13 3
13 4
13 195
13 897
13 3520
13 847730
14 9
14 10
14 11
14 13
14 511276
15 3
15 4
15 5
15 15
15 17
15 847731
seqId 566
1 5
1 20
1 99
1 131
1 132
1 133
1 967
1 342723
2 3
2 5
2 20
2 32869
2 32871
2 847732
3 5
3 20
3 90
3 122
3 708
3 713
3 29073
3 164260
3 847733
4 5
4 84
4 90
4 91
4 93
4 121
4 3482
4 35076
4 231082
5 4
5 5
5 99
5 131
5 132
5 133
5 152
5 847734
6 3
6 4
6 5
6 4228
6 13593
6 847735
7 10
7 146
7 149
7 1539
7 511282
8 4
8 5
8 99
8 131
8 132
8 133
8 152
8 24152
9 3
9 4
9 5
9 3725
9 3727
9 847736
10 479
10 660
10 122865
10 185705
10 185706
10 847737
11 243
11 244
11 245
11 247
11 847738
12 479
12 660
12 185710
12 185711
12 185713
12 847739
13 71
13 76
13 190
13 191
13 847740
