seqId 1
1 2
1 3
1 4
1 5
1 6
1 7
2 9
2 10
2 11
2 12
2 13
3 3
3 4
3 5
3 15
3 16
3 17
seqId 2
1 3
1 5
1 19
1 20
1 21
1 22
2 9
2 10
2 24
2 25
2 26
2 27
3 3
3 4
3 5
3 29
3 30
3 31
3 32
seqId 3
1 3
1 4
1 5
1 34
1 35
1 36
1 37
1 38
2 9
2 10
2 27
2 40
2 41
2 42
3 3
3 4
3 5
3 44
3 45
3 46
3 47
3 48
4 50
4 51
4 52
4 53
4 54
seqId 4
1 3
1 4
1 5
1 56
1 57
1 58
1 59
2 3
2 61
2 62
2 63
2 64
seqId 5
1 3
1 4
1 194
1 195
1 197
1 198
1 199
1 719168
2 4
2 195
2 201
2 202
2 204
2 205
2 206
2 207
2 719169
seqId 6
1 3
1 5
1 20
1 209
1 211
1 119863
2 9
2 10
2 11
2 13
2 119864
3 5
3 27
3 99
3 131
3 132
3 133
3 135
3 119865
4 2
4 3
4 4
4 5
4 181
4 119866
5 75
5 76
5 77
5 79
5 119867
6 3
6 5
6 20
6 5498
6 5500
6 719170
7 9
7 10
7 11
7 13
7 719171
8 3
8 4
8 5
8 15
8 17
8 719172
9 4
9 5
9 202
9 1399
9 3538
9 719173
10 10
10 126
10 127
10 129
10 719174
11 5
11 27
11 99
11 131
11 132
11 133
11 135
11 719175
12 3
12 4
12 5
12 2818
12 5508
12 524776
13 243
13 244
13 245
13 247
13 128203
14 99
14 131
14 132
14 133
14 195
14 237
14 719176
15 3
15 4
15 195
15 5512
15 5514
15 719177
16 4
16 195
16 202
16 340
16 5516
16 5518
16 719178
seqId 7
1 3
1 5
1 20
1 258
1 260
1 261
1 262
1 719179
2 75
2 76
2 77
2 79
2 91401
3 67
3 5492
3 5494
3 5495
3 47878
3 719180
seqId 8
1 3
1 5
1 20
1 272
1 274
1 719181
2 243
2 244
2 245
2 247
2 719182
3 3
3 5
3 20
3 72
3 277
3 279
3 280
3 281
3 719183
4 10
4 283
4 284
4 286
4 719184
5 4
5 5
5 99
5 131
5 132
5 133
5 152
5 55326
6 3
6 4
6 5
6 289
6 291
6 55327
7 158
7 159
7 160
7 162
7 719185
8 9
8 10
8 11
8 13
8 163
9 5
9 20
9 99
9 131
9 132
9 133
9 165
9 166
10 5
10 20
10 67
10 294
10 296
10 297
10 298
10 719186
11 75
11 76
11 77
11 79
11 719187
12 67
12 310
12 311
12 332
12 333
12 335
12 719188
13 3
13 4
13 195
13 337
13 339
13 340
13 719189
14 76
14 342
14 343
14 345
14 343410
15 3
15 4
15 195
15 347
15 349
15 719190
16 243
16 244
16 245
16 247
16 719191
17 3
17 20
17 195
17 352
17 354
17 719192
18 20
18 195
18 202
18 322
18 357
18 719193
seqId 9
1 3
1 4
1 5
1 71
1 373
1 375
1 376
1 719194
2 10
2 378
2 379
2 381
2 167979
3 5
3 20
3 99
3 131
3 132
3 133
3 166
3 167980
4 3
4 5
4 20
4 384
4 386
4 167981
5 10
5 109
5 110
5 112
5 719195
6 3
6 5
6 20
6 389
6 391
6 719196
7 75
7 76
7 77
7 79
7 719197
8 67
8 189383
8 189384
8 189386
8 719198
9 67
9 1104
9 3812
9 9774
9 24371
9 46443
9 48234
9 719200
9 719201
9 719202
seqId 10
1 3
1 4
1 5
1 71
1 373
1 375
1 376
1 719203
2 76
2 413
2 414
2 416
2 719204
3 244
3 418
3 419
3 421
3 719205
4 158
4 159
4 160
4 162
4 380974
5 9
5 10
5 11
5 13
5 163
6 5
6 20
6 99
6 131
6 132
6 133
6 165
6 166
7 3
7 5
7 20
7 424
7 426
7 719206
8 9
8 10
8 11
8 13
8 359948
9 3
9 5
9 20
9 429
9 431
9 719207
10 76
10 433
10 434
10 436
10 719208
11 10
11 378
11 379
11 381
11 719209
12 5
12 20
12 99
12 131
12 132
12 133
12 166
12 719210
13 3
13 5
13 20
13 384
13 386
13 214076
14 10
14 146
14 147
14 149
14 128267
15 90
15 442
15 443
15 445
15 719211
16 75
16 76
16 77
16 79
16 667900
17 67
17 341966
17 382014
17 382015
17 719212
18 67
18 51670
18 103365
18 719214
18 719215
18 719216
seqId 11
1 3
1 5
1 20
1 465
1 467
1 719217
2 9
2 10
2 11
2 13
2 719218
3 3
3 4
3 5
3 470
3 472
3 719219
4 75
4 76
4 77
4 79
4 719220
seqId 12
1 3
1 5
1 20
1 475
1 477
1 478
1 479
1 719221
2 10
2 146
2 147
2 149
2 719222
3 5
3 27
3 99
3 131
3 132
3 133
3 135
3 719223
4 3
4 5
4 20
4 483
4 485
4 719224
5 502
5 509
5 45539
5 719226
5 719227
5 719228
6 3
6 4
6 5
6 492
6 494
6 495
6 496
6 497
6 719229
7 76
7 499
7 500
7 502
7 719230
8 3
8 4
8 5
8 504
8 506
8 719231
9 508
9 509
9 510
9 512
9 719232
10 509
10 514
10 515
10 517
10 518
10 519
10 719233
11 76
11 499
11 500
11 502
11 719234
seqId 13
1 3
1 20
1 195
1 340
1 522
1 524
1 525
1 719235
2 243
2 244
2 245
2 247
2 497505
3 3
3 20
3 195
3 528
3 530
3 719236
4 9
4 10
4 11
4 13
4 719237
5 3
5 5
5 20
5 533
5 535
5 536
5 719238
6 75
6 76
6 77
6 79
6 719239
seqId 14
1 3
1 4
1 5
1 539
1 541
1 719240
2 230
2 231
2 232
2 234
2 719241
3 9
3 10
3 11
3 13
3 163
4 99
4 131
4 132
4 133
4 195
4 236
4 237
5 3
5 20
5 195
5 522
5 545
5 719242
6 243
6 244
6 245
6 247
6 719243
7 3
7 20
7 195
7 528
7 530
7 719244
8 4
8 195
8 202
8 340
8 549
8 551
8 719245
9 9
9 10
9 11
9 13
9 719246
10 5
10 27
10 99
10 131
10 132
10 133
10 135
10 719247
11 2
11 3
11 4
11 5
11 181
11 719248
12 9
12 10
12 11
12 13
12 719249
13 3
13 4
13 5
13 15
13 17
13 719250
14 10
14 378
14 379
14 381
14 719251
15 5
15 20
15 99
15 131
15 132
15 133
15 166
15 33194
16 3
16 5
16 20
16 384
16 386
16 719252
17 10
17 109
17 110
17 112
17 438
18 3
18 5
18 20
18 389
18 391
18 719253
19 243
19 244
19 245
19 247
19 45486
20 10
20 378
20 379
20 381
20 719254
21 5
21 20
21 99
21 131
21 132
21 133
21 166
21 91497
22 5
22 20
22 202
22 566
22 568
22 719255
23 3
23 5
23 20
23 384
23 386
23 719256
24 76
24 413
24 414
24 416
24 493475
25 3
25 4
25 195
25 340
25 549
25 551
25 719257
26 76
26 433
26 434
26 436
26 45493
27 71
27 76
27 190
27 191
27 91503
seqId 15
1 3
1 5
1 20
1 384
1 576
1 343497
2 10
2 109
2 110
2 112
2 468
3 3
3 5
3 20
3 389
3 391
3 719258
4 75
4 76
4 77
4 79
4 719259
5 76
5 581
5 582
5 584
5 719260
6 5
6 20
6 202
6 566
6 587
6 588
6 719261
7 3
7 5
7 20
7 384
7 386
7 719262
8 75
8 76
8 77
8 79
8 719263
seqId 16
1 76
1 592
1 593
1 595
1 719264
2 3
2 4
2 5
2 597
2 599
2 719265
3 5
3 20
3 67
3 601
3 603
3 719266
4 5
4 20
4 67
4 605
4 607
4 719267
5 67
5 581
5 582
5 584
5 719268
6 76
6 592
6 593
6 595
6 119993
7 3
7 4
7 5
7 597
7 599
7 719269
8 5
8 20
8 67
8 601
8 603
8 719270
9 5
9 20
9 67
9 605
9 607
9 719271
seqId 17
1 3
1 5
1 20
1 614
1 616
1 719272
2 9
2 10
2 11
2 13
2 719273
3 5
3 27
3 99
3 131
3 132
3 133
3 135
3 719274
4 3
4 4
4 5
4 44
4 621
4 719275
5 5
5 202
5 623
5 625
5 626
5 719276
6 9
6 10
6 11
6 13
6 719277
7 5
7 27
7 99
7 131
7 132
7 133
7 135
7 719278
8 2
8 3
8 4
8 5
8 181
8 719279
9 9
9 10
9 11
9 13
9 719280
10 3
10 4
10 5
10 15
10 17
10 719281
11 76
11 413
11 414
11 416
11 185873
12 244
12 418
12 419
12 421
12 719282
13 9
13 10
13 24
13 26
13 27
13 719283
14 4
14 5
14 99
14 133
14 175
14 176
14 178
14 719284
15 244
15 418
15 419
15 421
15 719285
16 85
16 99
16 195
16 638
16 640
16 719286
17 3
17 4
17 195
17 642
17 644
17 719287
18 4
18 195
18 202
18 646
18 648
18 719288
19 76
19 433
19 434
19 436
19 719289
20 75
20 76
20 77
20 79
20 719290
seqId 18
1 652
1 653
1 654
1 656
1 719291
2 76
2 499
2 500
2 502
2 719292
3 659
3 660
3 661
3 663
3 719293
4 3
4 45536
4 45537
4 45539
4 719294
seqId 19
1 3
1 5
1 19
1 20
1 42
1 667
1 668
1 719295
2 9
2 10
2 27
2 40
2 42
2 719296
3 3
3 4
3 5
3 29
3 48
3 672
3 673
3 674
3 675
3 719297
seqId 20
1 51
1 52
1 680
1 1993
1 719298
2 76
2 592
2 593
2 595
2 719299
3 3
3 4
3 5
3 682
3 684
3 719300
4 9
4 10
4 11
4 13
4 719301
5 5
5 27
5 99
5 131
5 132
5 133
5 135
5 719302
6 2
6 3
6 4
6 5
6 181
6 719303
seqId 21
1 3
1 4
1 5
1 689
1 691
1 719304
seqId 22
1 3
1 5
1 20
1 693
1 695
1 719305
2 243
2 244
2 245
2 247
2 719306
3 3
3 4
3 5
3 1151
3 55481
3 719307
4 9
4 10
4 11
4 13
4 493519
5 5
5 27
5 99
5 131
5 132
5 133
5 135
5 719308
6 2
6 3
6 4
6 5
6 181
6 719309
seqId 23
1 5
1 99
1 115
1 773
1 776
1 2192
1 28103
1 62724
1 214196
2 3
2 5
2 20
2 217
2 800
2 719310
3 9
3 10
3 11
3 13
3 719311
4 3
4 4
4 15
4 195
4 4121
4 719312
5 5
5 84
5 91
5 93
5 121
5 702
5 703
5 705
5 55478
6 5
6 20
6 122
6 703
6 707
6 708
6 710
6 719313
7 5
7 20
7 90
7 122
7 708
7 712
7 713
7 30404
7 45566
8 10
8 109
8 110
8 112
8 719314
9 51
9 195
9 719316
9 719317
9 719318
10 71
10 76
10 190
10 191
10 719319
seqId 24
1 5
1 20
1 82
1 83
1 84
1 115
1 763
1 3948
1 719320
2 5
2 84
2 91
2 93
2 121
2 703
2 707
2 956
2 719321
3 3
3 5
3 20
3 2034
3 2036
3 719322
4 9
4 10
4 11
4 13
4 120061
5 5
5 27
5 99
5 131
5 132
5 133
5 135
5 120062
6 3
6 4
6 5
6 2997
6 2999
6 719323
7 4
7 5
7 202
7 4904
7 4906
7 719324
8 230
8 231
8 232
8 234
8 719325
9 9
9 10
9 11
9 13
9 163
10 99
10 131
10 132
10 133
10 195
10 236
10 237
11 3
11 4
11 195
11 313
11 315
11 719326
12 4
12 195
12 202
12 1399
12 1401
12 719327
13 243
13 244
13 245
13 247
13 719328
14 4
14 195
14 202
14 3199
14 4859
14 719329
15 9
15 10
15 11
15 13
15 91624
16 5
16 27
16 99
16 131
16 132
16 133
16 135
16 719330
17 3
17 4
17 5
17 597
17 599
17 719331
18 67
18 72
18 603
18 792
18 9773
18 18319
18 21380
18 21381
18 719332
19 76
19 413
19 414
19 416
19 607774
20 67
20 5981
20 56315
20 123097
20 719333
21 51
21 195
21 368
21 11453
21 11455
21 719334
22 76
22 433
22 434
22 436
22 719335
23 243
23 244
23 245
23 247
23 360090
24 5
24 84
24 91
24 93
24 121
24 702
24 703
24 705
24 351973
25 5
25 20
25 90
25 122
25 708
25 769
25 4338
25 4340
25 719336
26 76
26 342
26 343
26 345
26 45614
27 10
27 109
27 110
27 112
27 45615
28 3
28 4
28 5
28 5256
28 5258
28 719337
29 10
29 1387
29 1388
29 1390
29 719338
30 5
30 99
30 131
30 132
30 133
30 135
30 171
30 719339
31 3
31 4
31 5
31 2997
31 2999
31 719340
32 4
32 5
32 202
32 4904
32 4906
32 719341
33 243
33 244
33 245
33 247
33 55525
34 5
34 20
34 99
34 131
34 132
34 133
34 166
34 719342
35 3
35 5
35 20
35 72
35 26586
35 26588
35 26589
35 719343
36 10
36 109
36 110
36 112
36 719344
37 3
37 4
37 5
37 8004
37 8006
37 719345
38 9
38 10
38 11
38 13
38 719346
39 4
39 5
39 99
39 131
39 132
39 133
39 152
39 719347
40 3
40 4
40 5
40 15
40 17
40 719348
41 9
41 10
41 11
41 13
41 719349
42 5
42 99
42 131
42 132
42 133
42 135
42 171
42 719350
43 3
43 4
43 5
43 597
43 599
43 719351
44 76
44 342
44 343
44 345
44 719352
45 10
45 146
45 147
45 149
45 719353
46 4
46 5
46 99
46 131
46 132
46 133
46 152
46 185958
47 3
47 4
47 5
47 4851
47 4853
47 497645
48 10
48 109
48 110
48 112
48 719354
49 3
49 4
49 5
49 4420
49 4422
49 719355
50 660
50 2136
50 2137
50 2139
50 719356
51 158
51 159
51 160
51 162
51 55556
52 9
52 10
52 11
52 13
52 163
53 5
53 20
53 99
53 131
53 132
53 133
53 165
53 166
54 5
54 20
54 202
54 2244
54 2246
54 719357
55 3
55 5
55 20
55 384
55 386
55 719358
56 9
56 10
56 26
56 169
56 171
56 719359
57 4
57 5
57 99
57 133
57 175
57 176
57 178
57 719360
58 3
58 4
58 5
58 6082
58 19568
58 719361
59 10
59 1387
59 1388
59 1390
59 719362
60 51
60 195
60 766
60 2712
60 2714
61 4
61 195
61 202
61 2294
61 3837
61 719363
62 2
62 3
62 4
62 7
62 195
62 340
62 719364
63 9
63 10
63 11
63 13
63 719365
64 5
64 99
64 131
64 132
64 133
64 135
64 171
64 719366
65 5
65 67
65 1256
65 1258
65 1259
65 719367
66 75
66 76
66 77
66 79
66 214278
67 67
67 46520
67 46522
67 46523
67 47862
67 719368
68 76
68 342
68 343
68 345
68 719369
69 36
69 67
69 5978
69 5979
69 47866
69 47867
69 719370
70 76
70 342
70 343
70 345
70 719371
71 67
71 5982
71 46523
71 47871
71 47872
71 47874
71 719372
72 76
72 342
72 343
72 345
72 460158
73 67
73 5616
73 5618
73 5619
73 15324
73 719373
74 76
74 342
74 343
74 345
74 719374
75 67
75 5492
75 5494
75 5495
75 47878
75 719375
76 76
76 342
76 343
76 345
76 719376
77 67
77 268
77 1413
77 1414
77 1416
77 1417
77 719377
78 76
78 342
78 343
78 345
78 719378
79 67
79 265
79 266
79 268
79 269
79 270
79 719379
80 76
80 342
80 343
80 345
80 381146
81 67
81 5785
81 5787
81 5788
81 17647
81 719380
82 71
82 76
82 190
82 191
82 719381
seqId 25
1 3
1 4
1 5
1 310
1 495
1 496
1 497
1 1536
1 719382
2 9
2 10
2 11
2 13
2 719383
3 5
3 27
3 99
3 131
3 132
3 133
3 135
3 719384
4 2
4 3
4 4
4 5
4 181
4 719385
seqId 26
1 5
1 27
1 99
1 131
1 132
1 133
1 699
1 719386
2 5
2 67
2 5492
2 5494
2 5495
2 719387
3 5
3 84
3 90
3 91
3 93
3 121
3 1509
3 16289
3 719388
4 4
4 5
4 99
4 133
4 175
4 176
4 178
4 719389
5 2
5 3
5 4
5 5
5 181
5 719390
6 4
6 5
6 90
6 122
6 708
6 713
6 10330
6 24481
6 598256
7 9
7 10
7 24
7 26
7 27
7 33434
8 4
8 5
8 99
8 133
8 175
8 176
8 178
8 33435
9 4
9 5
9 202
9 22861
9 22863
9 719391
10 3
10 4
10 5
10 642
10 23331
10 719392
11 9
11 10
11 11
11 13
11 719393
12 3
12 4
12 5
12 15
12 17
12 719394
13 71
13 76
13 190
13 191
13 186000
seqId 27
1 99
1 131
1 132
1 133
1 195
1 1220
1 719395
2 3
2 20
2 195
2 1320
2 3384
2 719396
3 9
3 10
3 11
3 13
3 719397
4 5
4 27
4 99
4 131
4 132
4 133
4 135
4 719398
5 2
5 3
5 4
5 5
5 181
5 719399
6 76
6 342
6 343
6 345
6 55608
7 82
7 758
7 759
7 761
7 45693
8 84
8 90
8 91
8 93
8 121
8 195
8 702
8 1062
8 719400
9 3
9 4
9 5
9 21656
9 21658
9 719401
10 10
10 146
10 147
10 149
10 719402
11 90
11 443
11 923
11 27297
11 719403
12 5
12 20
12 99
12 131
12 132
12 133
12 166
12 422772
13 5
13 20
13 202
13 9877
13 9879
13 719404
14 3
14 5
14 20
14 951
14 953
14 719405
15 158
15 159
15 160
15 162
15 719406
16 9
16 10
16 11
16 13
16 163
17 5
17 20
17 99
17 131
17 132
17 133
17 165
17 166
18 3
18 5
18 20
18 222
18 224
18 719407
19 5
19 20
19 202
19 322
19 36035
19 719408
20 76
20 342
20 343
20 345
20 719409
21 27
21 82
21 84
21 114
21 115
21 116
21 118
21 719410
22 84
22 90
22 91
22 93
22 121
22 195
22 4258
22 23888
22 719411
23 660
23 6680
23 6681
23 6683
23 719412
24 10
24 283
24 284
24 286
24 719413
25 4
25 5
25 99
25 131
25 132
25 133
25 152
25 719414
26 3
26 4
26 5
26 4107
26 4109
26 719415
27 9
27 10
27 24
27 26
27 27
27 719416
28 4
28 5
28 99
28 133
28 175
28 176
28 178
28 719417
29 4
29 5
29 202
29 6836
29 10499
29 719418
30 3
30 4
30 5
30 34518
30 34520
30 398013
31 230
31 231
31 232
31 234
31 598292
32 9
32 10
32 11
32 13
32 163
33 99
33 131
33 132
33 133
33 195
33 236
33 237
34 3
34 20
34 195
34 3937
34 3939
34 719419
35 20
35 195
35 202
35 322
35 357
35 719420
36 243
36 244
36 245
36 247
36 408054
37 20
37 195
37 202
37 254
37 3637
37 719421
38 20
38 195
38 202
38 1666
38 51371
38 719422
39 71
39 76
39 190
39 191
39 493620
seqId 28
1 20
1 82
1 83
1 84
1 115
1 195
1 1824
1 9780
1 719423
2 82
2 84
2 114
2 115
2 116
2 1361
2 719424
3 84
3 91
3 93
3 121
3 195
3 703
3 707
3 1858
3 381193
4 660
4 2347
4 2348
4 2350
4 719425
5 660
5 6286
5 6287
5 6289
5 719426
6 20
6 90
6 122
6 195
6 340
6 708
6 713
6 246914
6 719428
6 719429
7 660
7 3261
7 3262
7 3264
7 719430
8 230
8 231
8 232
8 234
8 719431
9 9
9 10
9 11
9 13
9 163
10 99
10 131
10 132
10 133
10 195
10 236
10 237
11 51
11 195
11 10375
11 10377
11 719432
12 3
12 20
12 195
12 2320
12 16794
12 168275
13 20
13 195
13 202
13 27270
13 32369
13 719433
14 75
14 76
14 77
14 79
14 719434
seqId 29
1 76
1 592
1 593
1 595
1 719435
2 5
2 27
2 99
2 131
2 132
2 133
2 699
2 398047
3 3
3 5
3 20
3 479
3 7526
3 719437
3 719438
4 5
4 202
4 1399
4 3538
4 719439
5 230
5 231
5 232
5 234
5 719440
6 9
6 10
6 11
6 13
6 163
7 99
7 131
7 132
7 133
7 195
7 236
7 237
8 3
8 4
8 195
8 5512
8 5514
8 719441
9 158
9 159
9 160
9 162
9 45757
10 9
10 10
10 11
10 13
10 163
11 5
11 20
11 99
11 131
11 132
11 133
11 165
11 166
12 3
12 5
12 20
12 1320
12 1322
12 719442
seqId 30
1 76
1 592
1 593
1 595
1 493639
2 5
2 27
2 99
2 131
2 132
2 133
2 699
2 719443
3 3
3 4
3 5
3 1784
3 10502
3 719444
4 230
4 231
4 232
4 234
4 120198
5 9
5 10
5 11
5 13
5 163
6 99
6 131
6 132
6 133
6 195
6 236
6 237
7 3
7 4
7 195
7 8152
7 8154
7 719445
8 9
8 10
8 11
8 13
8 719446
9 5
9 27
9 99
9 131
9 132
9 133
9 135
9 719447
10 3
10 4
10 5
10 2818
10 5508
10 719448
seqId 31
1 76
1 592
1 593
1 595
1 719449
2 3
2 4
2 5
2 3162
2 3164
2 719450
3 243
3 244
3 245
3 247
3 719451
4 3
4 20
4 195
4 222
4 4204
4 719452
5 20
5 195
5 202
5 958
5 4207
5 719453
seqId 32
1 76
1 592
1 593
1 595
1 719454
2 99
2 131
2 132
2 133
2 195
2 1220
2 33538
3 3
3 4
3 195
3 33489
3 34524
3 719455
4 9
4 10
4 11
4 13
4 719456
5 5
5 27
5 99
5 131
5 132
5 133
5 135
5 719457
6 3
6 5
6 20
6 23785
6 54281
6 719458
7 5
7 20
7 202
7 322
7 36035
7 719459
seqId 33
1 3
1 5
1 71
1 1648
1 1728
1 373971
1 719461
1 719462
2 3
2 5
2 20
2 4038
2 4040
2 719463
3 5
3 202
3 302
3 304
3 719464
seqId 34
1 3
1 5
1 20
1 1689
1 1691
1 1692
1 1693
1 719465
2 5
2 20
2 202
2 1695
2 1697
2 719466
3 10
3 109
3 110
3 112
3 91844
4 3
4 4
4 5
4 1701
4 1703
4 719467
5 51
5 52
5 1705
5 1707
5 719468
seqId 35
1 3
1 5
1 20
1 2894
1 477495
1 719469
2 5
2 20
2 202
2 24227
2 24229
2 719470
seqId 36
1 5
1 20
1 82
1 83
1 84
1 115
1 763
1 3948
1 668144
2 5
2 84
2 91
2 93
2 702
2 703
2 914
2 2233
2 719471
3 5
3 20
3 122
3 703
3 707
3 708
3 710
3 91853
4 5
4 20
4 90
4 122
4 708
4 713
4 26940
4 65017
4 324237
5 10
5 283
5 284
5 286
5 719472
6 5
6 20
6 99
6 131
6 132
6 133
6 166
6 300608
7 5
7 20
7 202
7 2244
7 2246
7 300609
8 3
8 5
8 20
8 2723
8 2725
8 719473
9 9
9 10
9 24
9 26
9 27
9 324242
10 3
10 4
10 5
10 897
10 899
10 719474
11 944
11 945
11 946
11 948
11 719475
12 5
12 27
12 99
12 131
12 132
12 133
12 135
12 120242
13 5
13 67
13 5492
13 5494
13 5495
13 719476
14 27
14 660
14 661
14 910
14 912
14 719477
15 5
15 84
15 91
15 93
15 702
15 703
15 914
15 2233
15 719478
16 660
16 661
16 179717
16 179719
16 719479
17 5
17 20
17 90
17 122
17 708
17 769
17 719481
17 719482
17 719483
18 5
18 13
18 99
18 133
18 175
18 176
18 398115
19 3
19 5
19 20
19 2894
19 2896
19 719484
20 5
20 20
20 202
20 24227
20 24229
20 719485
21 76
21 342
21 343
21 345
21 1136
22 20
22 195
22 202
22 1377
22 5238
22 45837
23 99
23 131
23 132
23 133
23 195
23 237
23 719486
24 3
24 20
24 195
24 2034
24 3403
24 719487
25 158
25 159
25 160
25 162
25 719488
26 9
26 10
26 11
26 13
26 163
27 5
27 20
27 99
27 131
27 132
27 133
27 165
27 166
28 3
28 5
28 20
28 4434
28 4436
28 719489
29 90
29 121
29 122
29 5640
29 5642
29 719490
30 20
30 90
30 122
30 195
30 708
30 713
30 33058
30 116662
30 719491
31 10
31 146
31 147
31 149
31 168374
32 5
32 20
32 99
32 133
32 175
32 176
32 1316
32 719492
33 5
33 20
33 202
33 6111
33 6113
33 497793
34 3
34 5
34 20
34 37928
34 37930
34 719493
35 71
35 76
35 190
35 191
35 493698
seqId 37
1 10
1 146
1 1024
1 1026
1 719494
2 5
2 27
2 99
2 131
2 132
2 133
2 135
2 398131
3 3
3 4
3 5
3 497
3 46684
3 161880
3 719496
3 719497
4 9
4 10
4 24
4 26
4 27
4 719498
5 4
5 5
5 99
5 133
5 175
5 176
5 178
5 719499
6 3
6 4
6 5
6 47478
6 47480
6 719500
7 9
7 10
7 11
7 13
7 55801
8 4
8 5
8 99
8 131
8 132
8 133
8 152
8 719501
9 4
9 5
9 202
9 2244
9 3490
9 719502
10 3
10 4
10 5
10 44
10 621
10 360295
11 76
11 342
11 343
11 345
11 360296
12 5
12 20
12 99
12 131
12 132
12 133
12 166
12 360297
13 3
13 5
13 20
13 10700
13 29791
13 719503
14 27
14 82
14 84
14 114
14 115
14 116
14 118
14 45862
15 5
15 84
15 91
15 93
15 121
15 703
15 707
15 956
15 1204
16 5
16 122
16 703
16 708
16 3777
16 4766
16 719504
17 90
17 443
17 125849
17 207808
17 719505
18 9
18 10
18 11
18 13
18 719506
19 90
19 443
19 8685
19 43218
19 43220
19 719507
20 660
20 12693
20 12694
20 12696
20 525126
21 99
21 195
21 773
21 776
21 28931
21 719508
22 3
22 20
22 195
22 13025
22 13027
22 719509
23 9
23 10
23 11
23 13
23 719510
24 3
24 5
24 20
24 24881
24 24883
24 719511
25 10
25 146
25 149
25 2548
25 186133
26 3
26 5
26 20
26 38959
26 38961
26 719512
27 5
27 20
27 99
27 133
27 175
27 176
27 1316
27 719513
28 3
28 5
28 20
28 2894
28 2896
28 719514
29 5
29 20
29 202
29 24227
29 24229
29 719515
30 82
30 758
30 759
30 761
30 381276
31 82
31 84
31 114
31 115
31 116
31 1361
31 719516
32 5
32 84
32 90
32 91
32 93
32 121
32 1363
32 1365
32 719517
33 10
33 146
33 147
33 149
33 668227
34 90
34 443
34 4955
34 42616
34 719518
35 99
35 133
35 176
35 195
35 13851
35 13853
35 719519
36 3
36 4
36 195
36 3974
36 3976
36 719520
37 9
37 10
37 11
37 13
37 719521
38 3
38 4
38 5
38 11412
38 14762
38 719522
39 76
39 342
39 343
39 345
39 300677
40 82
40 759
40 2852
40 2854
40 719523
41 4
41 5
41 99
41 131
41 132
41 133
41 152
41 33681
42 3
42 4
42 5
42 33682
42 719525
42 719526
43 5
43 84
43 91
43 93
43 121
43 703
43 707
43 956
43 719527
44 4
44 5
44 90
44 122
44 708
44 713
44 26940
44 26942
44 719528
45 10
45 109
45 110
45 112
45 719529
46 3
46 4
46 5
46 1701
46 1703
46 719530
47 51
47 52
47 1705
47 1707
47 719531
48 71
48 76
48 190
48 191
48 719532
seqId 38
1 3
1 4
1 5
1 813
1 6625
1 719533
2 76
2 413
2 414
2 416
2 719534
3 3
3 5
3 71
3 1639
3 1642
3 719535
4 3
4 4
4 5
4 1701
4 1703
4 719536
5 51
5 52
5 1705
5 1707
5 398180
6 76
6 433
6 434
6 436
6 719537
seqId 39
1 3
1 20
1 195
1 340
1 13025
1 49708
1 719538
2 9
2 10
2 11
2 13
2 719539
3 3
3 5
3 20
3 24881
3 24883
3 719540
4 76
4 413
4 414
4 416
4 719541
5 3
5 71
5 1639
5 1640
5 1642
5 719542
6 3
6 4
6 5
6 1701
6 1703
6 719543
7 51
7 52
7 1705
7 1707
7 719544
8 76
8 433
8 434
8 436
8 719545
seqId 40
1 3
1 4
1 5
1 2608
1 2610
1 719546
2 4
2 5
2 202
2 1527
2 25699
2 719547
3 76
3 413
3 414
3 416
3 719548
4 10
4 71
4 1639
4 1640
4 1642
4 324332
5 3
5 4
5 5
5 1701
5 1703
5 719549
6 51
6 52
6 1705
6 1707
6 45932
7 76
7 433
7 434
7 436
7 719550
seqId 41
1 3
1 4
1 5
1 7721
1 9819
1 116219
1 719551
2 76
2 413
2 414
2 416
2 719552
3 3
3 71
3 1639
3 1640
3 1642
3 324339
4 3
4 4
4 5
4 1701
4 1703
4 719553
5 51
5 52
5 1705
5 1707
5 719554
6 76
6 433
6 434
6 436
6 719555
seqId 42
1 3
1 5
1 20
1 1709
1 1711
1 91965
2 230
2 231
2 232
2 234
2 719556
3 9
3 10
3 11
3 13
3 163
4 99
4 131
4 132
4 133
4 195
4 236
4 237
5 3
5 20
5 195
5 1548
5 1715
5 719557
6 243
6 244
6 245
6 247
6 493752
7 3
7 20
7 195
7 1718
7 1720
7 719558
8 9
8 10
8 11
8 13
8 668264
9 5
9 27
9 99
9 131
9 132
9 133
9 135
9 719559
10 2
10 3
10 4
10 5
10 181
10 719560
seqId 43
1 98
1 99
1 100
1 195
1 8870
1 719561
2 51
2 195
2 11257
2 11259
2 598439
3 4
3 195
3 202
3 9960
3 28670
3 719562
4 3
4 4
4 195
4 729
4 731
4 324357
5 84
5 91
5 93
5 121
5 195
5 702
5 703
5 1062
5 324358
6 5
6 20
6 122
6 703
6 707
6 708
6 710
6 45963
7 4
7 90
7 122
7 195
7 340
7 708
7 713
7 3541
7 79566
7 719563
8 10
8 828
8 829
8 831
8 719564
9 99
9 131
9 132
9 133
9 195
9 237
9 719565
10 3
10 20
10 195
10 340
10 1942
10 1944
10 719566
11 10
11 146
11 147
11 149
11 719567
12 4
12 5
12 99
12 131
12 132
12 133
12 152
12 719568
13 3
13 4
13 5
13 2019
13 2021
13 719569
14 9
14 10
14 24
14 26
14 27
14 719570
15 67
15 41043
15 41044
15 41046
15 719571
16 67
16 72
16 24371
16 51869
16 236011
16 719573
16 719574
16 719575
17 76
17 342
17 343
17 345
17 719576
18 67
18 129372
18 129373
18 129375
18 719577
19 67
19 13525
19 37110
19 201018
19 719579
19 719580
19 719581
20 76
20 342
20 343
20 345
20 33758
21 3
21 4
21 5
21 72
21 376
21 5390
21 26801
21 48005
21 719582
22 9
22 10
22 11
22 13
22 324376
23 5
23 27
23 99
23 131
23 132
23 133
23 135
23 719583
24 5
24 67
24 5492
24 5494
24 5495
24 719584
25 76
25 342
25 343
25 345
25 719585
26 67
26 10827
26 11613
26 719587
26 719588
26 719589
27 67
27 858
27 48274
27 196125
27 719591
27 719592
27 719593
28 76
28 413
28 414
28 416
28 719594
29 67
29 3206
29 49941
29 169212
29 169213
29 719595
30 76
30 433
30 434
30 436
30 719596
31 71
31 76
31 190
31 191
31 92010
seqId 44
1 10
1 27969
1 47790
1 47792
1 352306
2 4
2 5
2 98
2 99
2 100
2 1927
2 719597
3 4
3 5
3 202
3 2310
3 2313
3 719598
4 3
4 4
4 5
4 1913
4 1915
4 719599
5 76
5 342
5 343
5 345
5 719600
6 51
6 195
6 11257
6 11259
6 45988
7 20
7 195
7 202
7 2294
7 3837
7 719601
8 3
8 20
8 195
8 10402
8 10404
8 719602
9 82
9 83
9 115
9 195
9 4940
9 4941
9 28267
9 422986
10 84
10 91
10 93
10 121
10 195
10 702
10 703
10 1062
10 719603
11 20
11 90
11 122
11 195
11 340
11 708
11 769
11 2235
11 2237
11 719605
12 76
12 342
12 343
12 345
12 719606
13 479
13 660
13 468456
13 719608
13 719609
13 719610
14 10
14 146
14 147
14 149
14 719611
15 5
15 99
15 115
15 773
15 775
15 776
15 2192
15 3593
15 719612
16 3
16 4
16 5
16 2049
16 2290
16 719613
17 244
17 418
17 419
17 421
17 719614
18 10
18 146
18 147
18 149
18 460413
19 5
19 27
19 99
19 131
19 132
19 133
19 135
19 719615
20 3
20 4
20 5
20 553297
20 553299
20 719616
21 10
21 146
21 147
21 149
21 719617
22 5
22 20
22 99
22 133
22 175
22 176
22 1316
22 92037
23 5
23 20
23 202
23 795
23 797
23 719618
24 3
24 5
24 20
24 12137
24 12139
24 598496
25 75
25 76
25 77
25 79
25 186255
26 67
26 146983
26 146985
26 221983
26 719619
27 67
27 96
27 111206
27 719621
27 719622
27 719623
28 76
28 342
28 343
28 345
28 719624
29 67
29 10819
29 10820
29 10822
29 719625
30 67
30 699
30 15105
30 483778
30 719627
30 719628
30 719629
31 243
31 244
31 245
31 247
31 360407
32 67
32 51608
32 51609
32 51611
32 719630
33 67
33 857
33 145670
33 337029
33 719632
33 719633
33 719634
34 84
34 91
34 93
34 121
34 195
34 703
34 707
34 1858
34 352354
35 27
35 660
35 21971
35 21974
35 21975
35 39567
35 719635
36 660
36 71225
36 71226
36 71228
36 719636
37 3
37 20
37 195
37 1980
37 1982
37 719637
38 10
38 146
38 147
38 149
38 719638
39 5
39 27
39 99
39 131
39 132
39 133
39 135
39 719639
40 3
40 4
40 5
40 597
40 599
40 719640
41 9
41 10
41 11
41 13
41 300773
42 67
42 144394
42 144395
42 144397
42 719641
43 76
43 342
43 343
43 345
43 719642
44 10
44 146
44 147
44 149
44 719643
45 5
45 27
45 99
45 131
45 132
45 133
45 135
45 719644
46 3
46 4
46 5
46 597
46 599
46 719645
47 67
47 601
47 603
47 1197
47 719646
48 51
48 195
48 3206
48 123769
48 719647
49 243
49 244
49 245
49 247
49 120424
50 10
50 146
50 147
50 149
50 168562
51 5
51 27
51 99
51 131
51 132
51 133
51 135
51 128887
52 3
52 4
52 5
52 597
52 599
52 719648
53 9
53 10
53 11
53 13
53 719649
54 67
54 90898
54 90899
54 90901
54 719650
55 71
55 76
55 190
55 191
55 719651
seqId 45
1 67
1 340
1 1337
1 15194
1 189978
1 719653
1 719654
1 719655
2 67
2 402
2 48274
2 105642
2 130475
2 719657
2 719658
2 719659
3 76
3 342
3 343
3 345
3 56009
4 67
4 223924
4 223925
4 223927
4 719660
5 67
5 35413
5 174353
5 719662
5 719663
5 719664
6 243
6 244
6 245
6 247
6 598528
7 67
7 699
7 98611
7 719666
7 719667
7 719668
8 67
8 48608
8 56132
8 120595
8 273102
8 273103
8 719669
9 84
9 91
9 93
9 121
9 195
9 703
9 707
9 1858
9 408325
10 660
10 71225
10 71226
10 71228
10 719670
11 3
11 20
11 195
11 340
11 2155
11 719672
11 719673
12 9
12 10
12 11
12 13
12 719674
13 3
13 4
13 195
13 1970
13 1972
13 719675
14 10
14 146
14 147
14 149
14 719676
15 5
15 27
15 99
15 131
15 132
15 133
15 135
15 719677
16 3
16 4
16 5
16 597
16 599
16 719678
17 9
17 10
17 11
17 13
17 719679
18 36
18 67
18 1845
18 56965
18 56966
18 56968
18 719680
19 76
19 342
19 343
19 345
19 719681
20 9
20 10
20 11
20 13
20 497946
21 67
21 159776
21 159777
21 159779
21 719682
22 243
22 244
22 245
22 247
22 719683
23 9
23 10
23 11
23 13
23 398306
24 67
24 58425
24 58426
24 58428
24 719684
25 71
25 76
25 190
25 191
25 300824
seqId 46
1 67
1 122195
1 122196
1 122198
1 719685
2 42
2 67
2 84561
2 122200
2 122201
2 122203
2 719686
3 243
3 244
3 245
3 247
3 460473
4 67
4 838
4 9576
4 94322
4 94324
4 97132
4 719687
5 67
5 26224
5 108368
5 719689
5 719690
5 719691
6 84
6 91
6 93
6 121
6 195
6 702
6 703
6 1062
6 92107
7 5
7 20
7 90
7 122
7 708
7 769
7 2257
7 46337
7 719692
8 26
8 27
8 99
8 133
8 175
8 176
8 195
8 33873
9 4
9 195
9 202
9 2294
9 3837
9 719693
10 2
10 3
10 4
10 195
10 4286
10 719694
11 71
11 76
11 190
11 191
11 300845
seqId 47
1 660
1 29942
1 57766
1 57768
1 719695
2 76
2 342
2 343
2 345
2 352417
3 10
3 2518
3 2519
3 2521
3 719696
4 443
4 702
4 703
4 10559
4 493847
5 5
5 20
5 90
5 122
5 708
5 769
5 167565
5 167567
5 719697
6 5
6 20
6 99
6 133
6 175
6 176
6 1316
6 525284
7 3
7 5
7 20
7 12619
7 12621
7 719698
8 5
8 20
8 202
8 1449
8 9927
8 719699
9 76
9 342
9 343
9 345
9 719700
10 67
10 3206
10 536868
10 633983
10 719701
10 719702
11 67
11 9735
11 13403
11 15194
11 75583
11 157474
11 719704
11 719705
11 719706
12 76
12 413
12 414
12 416
12 719707
13 67
13 74484
13 104555
13 216116
13 239420
13 719708
14 76
14 433
14 434
14 436
14 719709
15 5
15 84
15 91
15 93
15 121
15 702
15 703
15 705
15 719710
16 5
16 20
16 122
16 703
16 707
16 708
16 710
16 719711
17 4
17 5
17 90
17 122
17 708
17 713
17 38586
17 38588
17 719712
18 10
18 146
18 147
18 149
18 186348
19 5
19 27
19 99
19 131
19 132
19 133
19 135
19 719713
20 3
20 4
20 5
20 597
20 599
20 719714
21 9
21 10
21 11
21 13
21 719715
22 36
22 67
22 1845
22 56965
22 56966
22 56968
22 719716
23 71
23 76
23 190
23 191
23 1664
seqId 48
1 99
1 131
1 132
1 133
1 195
1 1220
1 33904
2 3
2 20
2 195
2 1548
2 1715
2 33907
3 9
3 10
3 11
3 13
3 33909
4 5
4 99
4 115
4 773
4 776
4 2192
4 28103
4 28105
4 719717
5 2
5 3
5 4
5 5
5 181
5 719718
6 84
6 91
6 93
6 121
6 195
6 702
6 703
6 1062
6 168631
7 660
7 19069
7 19070
7 19072
7 719719
8 5
8 20
8 90
8 122
8 708
8 769
8 41764
8 58074
8 719720
9 9
9 10
9 11
9 13
9 1682
10 3
10 4
10 5
10 3615
10 3617
10 719721
11 4
11 5
11 202
11 19972
11 19974
11 719722
12 76
12 342
12 343
12 345
12 719723
13 99
13 131
13 132
13 133
13 195
13 237
13 719724
14 3
14 20
14 195
14 1126
14 1977
14 719725
15 20
15 90
15 122
15 195
15 340
15 708
15 713
15 10063
15 10065
15 719726
16 20
16 195
16 202
16 340
16 3830
16 56591
16 56593
16 719727
17 27
17 660
17 661
17 910
17 912
17 719728
18 121
18 122
18 702
18 703
18 2506
18 719729
19 660
19 661
19 1240
19 1242
19 343959
20 20
20 82
20 84
20 85
20 195
20 1377
20 5238
20 719730
21 5
21 20
21 122
21 703
21 707
21 708
21 710
21 719731
22 20
22 90
22 122
22 195
22 708
22 713
22 46370
22 92452
22 719732
23 71
23 76
23 190
23 191
23 525319
seqId 49
1 5
1 27
1 99
1 131
1 132
1 133
1 699
1 719733
2 5
2 67
2 5492
2 5494
2 5495
2 719734
3 5
3 84
3 91
3 93
3 121
3 702
3 703
3 705
3 719735
4 660
4 9011
4 9012
4 9014
4 719736
5 5
5 20
5 90
5 122
5 708
5 769
5 1301
5 7764
5 360513
6 9
6 10
6 11
6 13
6 719737
7 5
7 27
7 99
7 131
7 132
7 133
7 135
7 719738
8 3
8 4
8 5
8 26193
8 26195
8 719739
9 9
9 10
9 11
9 13
9 719740
10 67
10 22203
10 22204
10 22206
10 22207
10 719741
11 67
11 340
11 518
11 22209
11 22210
11 22212
11 719742
12 76
12 342
12 343
12 345
12 719743
13 10
13 109
13 110
13 112
13 719744
14 3
14 5
14 20
14 2202
14 2204
14 719745
15 51
15 195
15 4162
15 4164
15 719746
16 76
16 342
16 343
16 345
16 719747
17 243
17 244
17 245
17 247
17 608211
18 9
18 10
18 24
18 26
18 27
18 719748
19 5
19 20
19 99
19 133
19 175
19 176
19 1316
19 33955
20 5
20 20
20 202
20 10398
20 12123
20 719749
21 3
21 5
21 20
21 2217
21 2219
21 719750
22 76
22 342
22 343
22 345
22 498020
23 67
23 340
23 42535
23 46102
23 719752
23 719753
23 719754
24 67
24 1104
24 69708
24 185482
24 719756
24 719757
24 719758
25 76
25 342
25 343
25 345
25 33959
26 5
26 20
26 90
26 122
26 708
26 713
26 24434
26 56231
26 324524
27 10
27 1010
27 1011
27 1013
27 719759
28 3
28 5
28 20
28 2155
28 719673
28 719761
29 9
29 10
29 11
29 13
29 719762
30 3
30 4
30 195
30 1970
30 1972
30 719763
31 10
31 109
31 110
31 112
31 398388
32 3
32 5
32 20
32 2202
32 2204
32 398389
33 51
33 195
33 5342
33 5344
33 719764
34 71
34 76
34 190
34 191
34 719765
seqId 50
1 5
1 20
1 99
1 131
1 132
1 133
1 967
1 719766
2 5
2 51
2 2379
2 2381
2 719767
3 3
3 5
3 20
3 23625
3 23627
3 719768
4 51
4 195
4 1879
4 1881
4 719769
5 76
5 342
5 343
5 345
5 719770
6 67
6 189383
6 189384
6 189386
6 719771
7 67
7 1104
7 3812
7 9774
7 24371
7 46443
7 48234
7 719200
7 719201
7 719772
8 76
8 342
8 343
8 345
8 719773
9 5
9 20
9 202
9 17683
9 47027
9 719774
10 3
10 5
10 20
10 1299
10 10243
10 719775
11 9
11 10
11 11
11 13
11 719776
12 5
12 27
12 99
12 131
12 132
12 133
12 135
12 719777
13 5
13 67
13 5492
13 5494
13 5495
13 719778
14 76
14 342
14 343
14 345
14 129039
15 5
15 84
15 90
15 91
15 92
15 93
15 96
15 1334
15 8849
15 719779
16 10
16 146
16 147
16 149
16 1802
17 4
17 5
17 99
17 131
17 132
17 133
17 152
17 719780
18 3
18 4
18 5
18 2019
18 2021
18 719781
19 71
19 76
19 190
19 191
19 719782
seqId 51
1 10
1 27775
1 87159
1 87161
1 719783
2 4
2 5
2 98
2 99
2 100
2 1927
2 719784
3 3
3 4
3 5
3 172297
3 172299
3 719785
4 230
4 231
4 232
4 234
4 525390
5 9
5 10
5 11
5 13
5 163
6 99
6 131
6 132
6 133
6 195
6 236
6 237
7 3
7 20
7 195
7 1548
7 1715
7 719786
8 76
8 342
8 343
8 345
8 300968
9 5
9 20
9 99
9 131
9 132
9 133
9 166
9 34013
10 3
10 5
10 20
10 1832
10 1834
10 324552
11 9
11 10
11 11
11 13
11 324553
12 3
12 20
12 195
12 1806
12 1808
12 1809
12 1810
12 719787
13 5
13 84
13 91
13 93
13 121
13 703
13 707
13 956
13 186424
14 660
14 2586
14 2587
14 2589
14 719788
15 660
15 18071
15 18072
15 18074
15 719789
16 5
16 20
16 202
16 1466
16 18974
16 719790
17 71
17 76
17 190
17 191
17 719791
seqId 52
1 5
1 27
1 99
1 131
1 132
1 133
1 699
1 719792
2 5
2 67
2 5492
2 5494
2 5495
2 719793
3 5
3 84
3 90
3 91
3 93
3 121
3 1488
3 17865
3 719794
4 27
4 660
4 21971
4 21974
4 21975
4 39567
4 719795
5 4
5 5
5 51
5 175
5 178
5 719796
6 3
6 4
6 5
6 13876
6 13878
6 719797
7 9
7 10
7 11
7 13
7 719798
8 3
8 20
8 195
8 1806
8 1808
8 1809
8 1810
8 719799
9 82
9 758
9 759
9 761
9 719800
10 84
10 90
10 91
10 93
10 121
10 195
10 1301
10 91832
10 186440
11 244
11 2696
11 2697
11 2699
11 719801
12 9
12 10
12 24
12 26
12 27
12 719802
13 5
13 20
13 99
13 133
13 175
13 176
13 1316
13 719803
14 3
14 5
14 20
14 384
14 386
14 719804
15 5
15 20
15 26
15 202
15 4904
15 10364
15 10365
15 719805
16 76
16 342
16 343
16 345
16 719806
17 244
17 2696
17 2697
17 2699
17 398441
18 9
18 10
18 24
18 26
18 27
18 34045
19 5
19 20
19 99
19 133
19 175
19 176
19 1316
19 1908
20 3
20 5
20 20
20 384
20 386
20 719807
21 9
21 10
21 24
21 26
21 27
21 719808
22 67
22 1026
22 12054
22 12056
22 12141
22 719809
23 76
23 342
23 343
23 345
23 719810
24 244
24 2696
24 2697
24 2699
24 719811
25 9
25 10
25 24
25 26
25 27
25 719812
26 4
26 5
26 99
26 133
26 175
26 176
26 178
26 214855
27 3
27 4
27 5
27 7319
27 7321
27 719813
28 36
28 67
28 3212
28 6743
28 6744
28 6746
28 719814
29 76
29 342
29 343
29 345
29 719815
30 244
30 418
30 419
30 421
30 719816
31 82
31 758
31 759
31 761
31 719817
32 84
32 90
32 91
32 93
32 121
32 195
32 755
32 22166
32 46137
32 719819
33 5
33 99
33 115
33 773
33 775
33 776
33 2192
33 3593
33 719820
34 3
34 5
34 20
34 1320
34 1322
34 719821
35 9
35 10
35 11
35 13
35 1940
36 3
36 4
36 5
36 10248
36 10250
36 719822
37 71
37 76
37 190
37 191
37 186481
seqId 53
1 10
1 828
1 1336
1 1539
1 56277
2 660
2 2210
2 2211
2 2213
2 719823
3 76
3 342
3 343
3 345
3 719824
4 51
4 195
4 1368
4 1370
4 719825
5 3
5 20
5 195
5 1965
5 1967
5 719826
6 9
6 10
6 11
6 13
6 719827
7 3
7 4
7 195
7 1970
7 1972
7 719828
8 84
8 91
8 93
8 121
8 195
8 702
8 703
8 1062
8 719829
9 5
9 20
9 90
9 122
9 708
9 769
9 5568
9 5570
9 719830
10 5
10 99
10 115
10 773
10 775
10 776
10 2192
10 3593
10 719831
11 3
11 4
11 5
11 1186
11 11667
11 12379
11 48273
11 719832
12 10
12 146
12 147
12 149
12 56294
13 90
13 443
13 10347
13 10349
13 719833
14 99
14 133
14 175
14 176
14 195
14 234
14 719834
15 3
15 4
15 15
15 195
15 4121
15 352572
16 76
16 413
16 414
16 416
16 719835
17 67
17 452
17 15151
17 15152
17 719836
18 67
18 22218
18 22219
18 22221
18 719837
19 67
19 13403
19 301049
19 719839
19 719840
19 719841
20 76
20 342
20 343
20 345
20 719842
21 67
21 51608
21 51609
21 51611
21 719843
22 67
22 857
22 145670
22 337029
22 719632
22 719633
22 719844
23 243
23 244
23 245
23 247
23 719845
24 67
24 583123
24 583124
24 583126
24 719846
25 67
25 340
25 45884
25 719848
25 719849
25 719850
25 719851
26 76
26 433
26 434
26 436
26 719852
27 10
27 27969
27 27970
27 27972
27 719853
28 4
28 5
28 99
28 131
28 132
28 133
28 152
28 525454
29 3
29 4
29 5
29 1913
29 1915
29 719854
30 9
30 10
30 24
30 26
30 27
30 719855
31 3
31 4
31 5
31 44
31 621
31 719856
32 71
32 76
32 190
32 191
32 719857
seqId 54
1 9
1 10
1 1886
1 2548
1 719858
2 10
2 828
2 829
2 831
2 719859
3 4
3 5
3 99
3 131
3 132
3 133
3 152
3 168800
4 3
4 4
4 5
4 39832
4 39834
4 92401
5 4
5 5
5 90
5 122
5 708
5 713
5 32157
5 97881
5 719860
6 9
6 10
6 11
6 13
6 423238
7 5
7 99
7 115
7 773
7 776
7 2192
7 28103
7 28105
7 719861
8 2
8 3
8 4
8 5
8 181
8 719862
9 76
9 342
9 343
9 345
9 2039
10 99
10 131
10 132
10 133
10 195
10 237
10 719863
11 3
11 4
11 195
11 2738
11 2740
11 168806
12 4
12 195
12 202
12 2625
12 57873
12 719864
13 90
13 121
13 122
13 57969
13 369206
13 719865
14 9
14 10
14 11
14 13
14 301081
15 5
15 27
15 99
15 131
15 132
15 133
15 135
15 719866
16 3
16 4
16 5
16 597
16 13641
16 719867
17 84
17 91
17 93
17 121
17 195
17 703
17 707
17 1858
17 719868
18 4
18 90
18 122
18 195
18 708
18 769
18 2787
18 5640
18 408551
18 719869
19 4
19 195
19 202
19 32580
19 89896
19 719870
20 76
20 342
20 343
20 345
20 324654
21 717
21 718
21 719
21 721
21 719871
22 10
22 146
22 147
22 149
22 722
23 5
23 20
23 99
23 131
23 132
23 133
23 165
23 166
24 3
24 5
24 20
24 389
24 391
24 719872
25 9
25 10
25 11
25 13
25 129160
26 98
26 99
26 100
26 195
26 2073
26 719873
27 51
27 195
27 11257
27 11259
27 719874
28 4
28 195
28 202
28 9960
28 28670
28 719875
29 3
29 4
29 195
29 729
29 731
29 719876
30 71
30 76
30 190
30 191
30 719877
seqId 55
1 4
1 82
1 83
1 84
1 115
1 195
1 1824
1 10471
1 719878
2 84
2 91
2 93
2 121
2 195
2 702
2 703
2 1062
2 129170
3 5
3 20
3 90
3 122
3 708
3 769
3 31018
3 122014
3 719879
4 10
4 146
4 147
4 149
4 214930
5 90
5 443
5 31757
5 33170
5 46342
6 243
6 244
6 245
6 247
6 2098
7 90
7 443
7 686820
7 686822
7 719880
8 99
8 131
8 132
8 133
8 195
8 237
8 719881
9 3
9 20
9 195
9 1222
9 1224
9 92437
10 243
10 244
10 245
10 247
10 719882
11 99
11 115
11 195
11 773
11 775
11 776
11 2192
11 2194
11 344116
12 3
12 20
12 195
12 24887
12 26865
12 719883
13 71
13 76
13 190
13 191
13 719884
seqId 56
1 660
1 1377
1 60276
1 60278
1 719885
2 660
2 6680
2 6681
2 6683
2 719886
3 76
3 342
3 343
3 345
3 494045
4 4
4 82
4 83
4 84
4 115
4 195
4 1824
4 3621
4 719887
5 84
5 91
5 93
5 121
5 195
5 702
5 703
5 1062
5 719888
6 660
6 1622
6 1623
6 1625
6 719889
7 5
7 20
7 90
7 122
7 708
7 769
7 2333
7 7738
7 719890
8 5
8 27
8 99
8 131
8 132
8 133
8 135
8 719891
9 3
9 5
9 20
9 24908
9 24910
9 719892
10 9
10 10
10 11
10 13
10 719893
11 20
11 195
11 202
11 1888
11 1890
11 324681
12 3
12 20
12 195
12 9469
12 9471
12 719894
13 76
13 342
13 343
13 345
13 46367
14 4
14 5
14 99
14 131
14 132
14 133
14 152
14 168853
15 3
15 4
15 5
15 34587
15 34589
15 324684
16 9
16 10
16 24
16 26
16 27
16 719895
17 3
17 5
17 20
17 24926
17 24928
17 494055
18 10
18 146
18 147
18 149
18 719896
19 99
19 133
19 175
19 176
19 195
19 234
19 719897
20 3
20 4
20 195
20 9329
20 9331
20 719898
21 4
21 195
21 202
21 3001
21 5088
21 719899
22 243
22 244
22 245
22 247
22 719900
23 4
23 195
23 202
23 2923
23 13478
23 719901
24 660
24 976
24 979
24 1458
24 719902
25 944
25 945
25 946
25 948
25 56412
26 5
26 27
26 99
26 131
26 132
26 133
26 135
26 719903
27 3
27 4
27 5
27 2608
27 4490
27 719904
28 9
28 10
28 11
28 13
28 2174
29 3
29 20
29 195
29 340
29 2887
29 2889
29 608394
30 243
30 244
30 245
30 247
30 719905
31 5
31 20
31 99
31 131
31 132
31 133
31 166
31 719906
32 3
32 5
32 20
32 2778
32 2780
32 719907
33 9
33 10
33 11
33 13
33 2183
34 4
34 85
34 99
34 195
34 1951
34 1953
34 719908
35 3
35 4
35 195
35 3154
35 12349
35 719909
36 10
36 109
36 110
36 112
36 423312
37 67
37 3042
37 3043
37 3045
37 719910
38 243
38 244
38 245
38 247
38 719911
39 10
39 146
39 147
39 149
39 46424
40 5
40 27
40 99
40 131
40 132
40 133
40 135
40 719912
41 3
41 5
41 20
41 13830
41 14171
41 719913
42 71
42 76
42 190
42 191
42 719914
seqId 57
1 3
1 4
1 5
1 3199
1 3201
1 719915
2 5
2 202
2 302
2 304
2 719916
seqId 58
1 99
1 131
1 132
1 133
1 195
1 1220
1 719917
2 3
2 4
2 15
2 195
2 4121
2 719918
3 4
3 90
3 122
3 195
3 708
3 713
3 3686
3 5120
3 719919
4 10
4 109
4 110
4 112
4 498203
5 3
5 5
5 20
5 222
5 224
5 498204
6 5
6 20
6 202
6 322
6 36035
6 719920
7 84
7 90
7 91
7 93
7 121
7 195
7 2081
7 14250
7 719921
8 90
8 443
8 4845
8 28921
8 719922
9 10
9 146
9 147
9 149
9 719923
10 90
10 443
10 1345
10 9933
10 186648
11 10
11 109
11 110
11 112
11 56454
12 3
12 4
12 5
12 23042
12 23044
12 719924
13 99
13 131
13 132
13 133
13 195
13 237
13 352680
14 3
14 4
14 195
14 2773
14 2775
14 719925
15 76
15 342
15 343
15 345
15 719926
16 3
16 20
16 195
16 42748
16 42750
16 719927
17 243
17 244
17 245
17 247
17 381593
18 3
18 20
18 195
18 20293
18 20295
18 719928
19 20
19 195
19 202
19 2742
19 2744
19 719929
20 10
20 146
20 147
20 149
20 92528
21 5
21 20
21 98
21 99
21 100
21 102
21 719930
22 3
22 5
22 20
22 33272
22 34089
22 719931
23 158
23 159
23 160
23 162
23 719932
24 9
24 10
24 11
24 13
24 163
25 5
25 20
25 99
25 131
25 132
25 133
25 165
25 166
26 3
26 5
26 20
26 222
26 224
26 719933
27 76
27 342
27 343
27 345
27 719934
28 945
28 1010
28 1011
28 1013
28 719935
29 10
29 146
29 147
29 149
29 56476
30 90
30 443
30 36172
30 78363
30 719936
31 4
31 5
31 99
31 131
31 132
31 133
31 152
31 719937
32 3
32 4
32 5
32 33368
32 33370
32 719938
33 230
33 231
33 232
33 234
33 668600
34 9
34 10
34 11
34 13
34 163
35 99
35 131
35 132
35 133
35 195
35 236
35 237
36 3
36 4
36 195
36 5512
36 5514
36 719939
37 4
37 195
37 202
37 27620
37 27622
37 719940
38 9
38 10
38 11
38 13
38 719941
39 82
39 84
39 114
39 115
39 116
39 1361
39 719942
40 90
40 443
40 5138
40 20731
40 719943
41 10
41 1387
41 1388
41 1390
41 398617
42 26
42 27
42 99
42 133
42 175
42 176
42 195
42 719944
43 20
43 195
43 202
43 2294
43 3837
43 719945
44 3
44 20
44 195
44 222
44 4204
44 719946
45 244
45 418
45 419
45 421
45 719947
46 26
46 27
46 99
46 133
46 175
46 176
46 195
46 719948
47 20
47 195
47 202
47 2294
47 3837
47 719949
48 3
48 20
48 195
48 340
48 12336
48 15959
48 719950
49 71
49 76
49 190
49 191
49 719951
seqId 59
1 99
1 131
1 132
1 133
1 195
1 1220
1 719952
2 3
2 20
2 195
2 1320
2 3384
2 719953
3 9
3 10
3 11
3 13
3 719954
4 5
4 27
4 99
4 131
4 132
4 133
4 135
4 719955
5 5
5 67
5 5492
5 5494
5 5495
5 719956
6 84
6 91
6 93
6 121
6 195
6 702
6 703
6 1062
6 719957
7 5
7 20
7 90
7 122
7 708
7 769
7 169819
7 719959
7 719960
8 4
8 5
8 99
8 133
8 175
8 176
8 178
8 344206
9 4
9 5
9 202
9 6111
9 151303
9 719961
10 3
10 4
10 5
10 35277
10 35279
10 719962
11 9
11 10
11 11
11 13
11 168946
12 3
12 20
12 195
12 1066
12 16292
12 51433
12 719963
13 76
13 342
13 343
13 345
13 381637
14 10
14 109
14 110
14 112
14 381638
15 90
15 121
15 122
15 1064
15 14792
15 719964
16 3
16 5
16 20
16 37741
16 39074
16 719965
17 9
17 10
17 24
17 26
17 27
17 719966
18 90
18 443
18 11164
18 31435
18 719967
19 5
19 20
19 99
19 131
19 132
19 133
19 166
19 168954
20 3
20 5
20 20
20 222
20 224
20 168956
21 5
21 20
21 202
21 322
21 36035
21 719968
22 3
22 5
22 20
22 1539
22 137162
22 137164
22 186703
23 10
23 146
23 147
23 149
23 719969
24 3
24 5
24 20
24 137162
24 137164
24 719970
25 10
25 1010
25 1011
25 1013
25 719971
26 3
26 4
26 5
26 3800
26 45726
26 719972
27 158
27 159
27 160
27 162
27 352738
28 9
28 10
28 11
28 13
28 163
29 5
29 20
29 99
29 131
29 132
29 133
29 165
29 166
30 3
30 5
30 20
30 222
30 224
30 719973
31 243
31 244
31 245
31 247
31 608462
32 10
32 1010
32 1011
32 1013
32 344225
33 3
33 4
33 5
33 13569
33 22485
33 719974
34 71
34 76
34 190
34 191
34 719975
seqId 60
1 5
1 99
1 115
1 773
1 776
1 2192
1 28103
1 62724
1 719976
2 2
2 3
2 4
2 5
2 181
2 719977
3 5
3 84
3 91
3 93
3 121
3 702
3 703
3 705
3 301230
4 5
4 20
4 90
4 122
4 708
4 769
4 3777
4 4766
4 719978
5 3
5 4
5 5
5 23500
5 23502
5 719979
6 9
6 10
6 11
6 13
6 719980
7 3
7 4
7 5
7 1767
7 1769
7 344230
8 660
8 2547
8 2548
8 4275
8 324781
9 2822
9 2823
9 2824
9 2826
9 719981
10 10
10 146
10 147
10 149
10 722
11 99
11 131
11 132
11 133
11 195
11 236
11 237
12 3
12 4
12 195
12 19879
12 26830
12 719982
13 4
13 90
13 122
13 195
13 340
13 708
13 713
13 20465
13 20467
13 719983
14 243
14 244
14 245
14 247
14 301243
15 717
15 718
15 719
15 721
15 423393
16 10
16 146
16 147
16 149
16 722
17 5
17 20
17 99
17 131
17 132
17 133
17 165
17 166
18 3
18 5
18 20
18 4345
18 4347
18 423394
19 5
19 20
19 202
19 3244
19 7638
19 719984
20 230
20 231
20 232
20 234
20 719985
21 9
21 10
21 11
21 13
21 163
22 99
22 131
22 132
22 133
22 195
22 236
22 237
23 3
23 4
23 15
23 195
23 4121
23 719986
24 71
24 76
24 190
24 191
24 120851
seqId 61
1 99
1 131
1 132
1 133
1 195
1 1220
1 719987
2 3
2 20
2 195
2 1320
2 3384
2 719988
3 9
3 10
3 11
3 13
3 719989
4 5
4 27
4 99
4 131
4 132
4 133
4 135
4 719990
5 5
5 67
5 5492
5 5494
5 5495
5 719991
6 82
6 84
6 114
6 115
6 116
6 1361
6 215129
7 84
7 91
7 93
7 121
7 195
7 703
7 707
7 1858
7 719992
8 20
8 90
8 122
8 195
8 340
8 708
8 769
8 246914
8 719429
8 719993
9 660
9 3261
9 3262
9 3264
9 719994
10 9
10 10
10 11
10 13
10 668646
11 20
11 85
11 99
11 195
11 2075
11 2077
11 719995
12 3
12 20
12 195
12 2320
12 16794
12 719996
13 76
13 413
13 414
13 416
13 719997
14 71
14 509
14 1639
14 1640
14 1642
14 719998
15 509
15 4539
15 4540
15 4542
15 719999
16 3
16 4
16 5
16 310
16 495
16 496
16 497
16 1536
16 720000
17 9
17 10
17 11
17 13
17 720001
18 5
18 27
18 99
18 131
18 132
18 133
18 135
18 720002
19 2
19 3
19 4
19 5
19 181
19 720003
20 243
20 244
20 245
20 247
20 720004
21 660
21 1644
21 1645
21 1647
21 1648
21 720005
22 3
22 5
22 20
22 4038
22 4040
22 720006
23 5
23 20
23 202
23 302
23 304
23 720007
24 76
24 433
24 434
24 436
24 720008
25 71
25 76
25 190
25 191
25 720009
seqId 62
1 5
1 20
1 99
1 131
1 132
1 133
1 967
1 423418
2 3
2 5
2 20
2 35306
2 35307
2 720010
3 230
3 231
3 232
3 234
3 720011
4 9
4 10
4 11
4 13
4 163
5 99
5 131
5 132
5 133
5 195
5 236
5 237
6 3
6 4
6 15
6 195
6 4121
6 720012
7 5
7 84
7 91
7 93
7 121
7 703
7 707
7 956
7 720013
8 660
8 43551
8 43552
8 43554
8 720014
9 5
9 20
9 202
9 4270
9 18030
9 720015
10 10
10 378
10 379
10 381
10 720016
11 90
11 443
11 5326
11 198480
11 720017
12 9
12 10
12 11
12 13
12 720018
13 4
13 5
13 99
13 131
13 132
13 133
13 152
13 2452
14 3
14 4
14 5
14 43780
14 43782
14 720019
15 9
15 10
15 11
15 13
15 398695
16 99
16 115
16 195
16 773
16 775
16 776
16 2192
16 2194
16 720020
17 3
17 20
17 195
17 340
17 85833
17 85835
17 720021
18 76
18 342
18 343
18 345
18 120902
19 27
19 944
19 945
19 1463
19 3308
19 720022
20 5
20 20
20 82
20 83
20 84
20 115
20 763
20 1002
20 381716
21 27
21 82
21 84
21 114
21 115
21 116
21 118
21 720023
22 5
22 84
22 90
22 93
22 121
22 1815
22 4415
22 21609
22 720024
23 660
23 1539
23 3768
23 3771
23 608507
24 5
24 20
24 202
24 36084
24 36086
24 720025
25 158
25 159
25 160
25 162
25 668674
26 9
26 10
26 11
26 13
26 163
27 5
27 20
27 99
27 131
27 132
27 133
27 165
27 166
28 3
28 5
28 20
28 5018
28 5020
28 720026
29 5
29 20
29 202
29 6881
29 10515
29 720027
30 5
30 20
30 202
30 13322
30 13324
30 525656
31 244
31 418
31 419
31 421
31 720028
32 5
32 20
32 202
32 2923
32 2925
32 720029
33 76
33 413
33 414
33 416
33 720030
34 5
34 27
34 99
34 131
34 132
34 133
34 135
34 720031
35 5
35 67
35 5492
35 5494
35 5495
35 720032
36 5
36 84
36 90
36 91
36 93
36 121
36 5223
36 5225
36 720033
37 99
37 133
37 175
37 176
37 195
37 234
37 720034
38 3
38 20
38 195
38 5228
38 5230
38 324844
39 20
39 195
39 202
39 340
39 5232
39 5234
39 360895
40 10
40 1387
40 1388
40 1390
40 720035
41 99
41 133
41 175
41 176
41 195
41 234
41 460876
42 3
42 4
42 195
42 597
42 31151
42 720036
43 4
43 195
43 202
43 13830
43 53096
43 494203
44 76
44 433
44 434
44 436
44 720037
45 76
45 342
45 343
45 345
45 720038
46 99
46 133
46 175
46 176
46 195
46 234
46 720039
47 3
47 20
47 195
47 340
47 6606
47 16988
47 720040
48 158
48 159
48 160
48 162
48 720041
49 9
49 10
49 11
49 13
49 163
50 5
50 20
50 99
50 131
50 132
50 133
50 165
50 166
51 3
51 5
51 20
51 1320
51 26965
51 720042
52 76
52 342
52 343
52 345
52 720043
53 9
53 10
53 11
53 13
53 720044
54 4
54 5
54 99
54 131
54 132
54 133
54 152
54 720045
55 3
55 4
55 5
55 3162
55 3164
55 720046
56 243
56 244
56 245
56 247
56 720047
57 9
57 10
57 11
57 13
57 720048
58 4
58 5
58 99
58 131
58 132
58 133
58 152
58 720049
59 3
59 4
59 5
59 26985
59 33312
59 720050
60 76
60 342
60 343
60 345
60 360907
61 244
61 418
61 419
61 421
61 381745
62 99
62 133
62 175
62 176
62 195
62 234
62 720051
63 3
63 20
63 195
63 2960
63 2962
63 720052
64 20
64 195
64 202
64 322
64 357
64 56696
65 71
65 76
65 190
65 191
65 720053
seqId 63
1 10
1 378
1 3871
1 3873
1 720054
2 90
2 443
2 3686
2 3688
2 720055
3 10
3 146
3 147
3 149
3 720056
4 660
4 3768
4 3769
4 3771
4 56700
5 4
5 5
5 99
5 115
5 773
5 774
5 775
5 776
5 3330
5 56701
6 3
6 4
6 5
6 3199
6 5132
6 720057
7 4
7 5
7 202
7 302
7 304
7 720058
8 76
8 342
8 343
8 345
8 720059
9 5
9 27
9 99
9 131
9 132
9 133
9 135
9 720060
10 5
10 67
10 5492
10 5494
10 5495
10 720061
11 5
11 84
11 91
11 93
11 121
11 702
11 703
11 705
11 720062
12 5
12 20
12 90
12 122
12 708
12 769
12 719481
12 719483
12 720063
13 9
13 10
13 24
13 26
13 27
13 720064
14 3
14 20
14 195
14 53634
14 53636
14 720065
15 20
15 195
15 202
15 340
15 117019
15 117021
15 398732
16 71
16 76
16 190
16 191
16 720066
seqId 64
1 4
1 5
1 99
1 131
1 132
1 133
1 811
1 720067
2 3
2 4
2 5
2 536910
2 536912
2 720068
3 9
3 10
3 11
3 13
3 720069
4 20
4 195
4 202
4 10398
4 10400
4 720070
5 3
5 20
5 195
5 2034
5 3403
5 720071
6 76
6 342
6 343
6 345
6 720072
7 82
7 758
7 759
7 761
7 720073
8 84
8 90
8 91
8 93
8 121
8 195
8 92752
8 424149
8 720075
9 660
9 1305
9 1306
9 1308
9 169124
10 9
10 10
10 24
10 26
10 27
10 720076
11 4
11 5
11 99
11 133
11 175
11 176
11 178
11 720077
12 4
12 5
12 202
12 77494
12 77496
12 720078
13 3
13 4
13 5
13 97887
13 97889
13 720079
14 76
14 342
14 343
14 345
14 720080
15 243
15 244
15 245
15 247
15 525710
16 9
16 10
16 11
16 13
16 720081
17 3
17 20
17 195
17 2034
17 3403
17 720082
18 660
18 2347
18 2348
18 2350
18 720083
19 20
19 195
19 202
19 36111
19 69954
19 186857
20 5
20 84
20 91
20 93
20 121
20 702
20 703
20 705
20 186859
21 5
21 20
21 90
21 122
21 708
21 769
21 9141
21 9143
21 720084
22 5
22 20
22 99
22 131
22 132
22 133
22 166
22 92764
23 3
23 5
23 20
23 16848
23 16850
23 720085
24 5
24 20
24 202
24 398760
24 420366
24 423332
25 9
25 10
25 11
25 13
25 121001
26 3
26 4
26 15
26 195
26 4121
26 460936
27 4
27 195
27 202
27 3386
27 3523
27 720086
28 243
28 244
28 245
28 247
28 720087
29 4
29 195
29 202
29 6690
29 9241
29 720088
30 76
30 342
30 343
30 345
30 215249
31 10
31 109
31 110
31 112
31 408825
32 90
32 121
32 122
32 9589
32 720090
32 720091
33 4
33 5
33 99
33 131
33 132
33 133
33 152
33 46725
34 3
34 4
34 5
34 46726
34 64972
34 64974
35 158
35 159
35 160
35 162
35 720092
36 9
36 10
36 11
36 13
36 163
37 5
37 20
37 99
37 131
37 132
37 133
37 165
37 166
38 3
38 5
38 20
38 429
38 431
38 720093
39 5
39 20
39 202
39 302
39 304
39 720094
40 10
40 1010
40 1011
40 1013
40 720095
41 5
41 27
41 99
41 131
41 132
41 133
41 135
41 720096
42 3
42 5
42 20
42 10238
42 10240
42 720097
43 230
43 231
43 232
43 234
43 720098
44 9
44 10
44 11
44 13
44 163
45 99
45 131
45 132
45 133
45 195
45 236
45 237
46 3
46 20
46 195
46 1806
46 1808
46 1809
46 1810
46 720099
47 71
47 76
47 190
47 191
47 2694
seqId 65
1 4
1 5
1 98
1 99
1 100
1 4105
1 720100
2 3
2 4
2 5
2 536910
2 536912
2 720101
3 5
3 84
3 91
3 93
3 703
3 707
3 708
3 16941
3 720102
4 660
4 1513
4 1514
4 1516
4 408846
5 9
5 10
5 11
5 13
5 46744
6 3
6 4
6 5
6 33368
6 33370
6 720103
7 10
7 146
7 147
7 149
7 169173
8 90
8 443
8 9141
8 10481
8 720104
9 99
9 133
9 175
9 176
9 195
9 234
9 720105
10 3
10 4
10 195
10 5331
10 7585
10 720106
11 10
11 146
11 147
11 149
11 720107
12 20
12 85
12 99
12 195
12 1589
12 2970
12 352905
13 3
13 20
13 195
13 5458
13 5460
13 720108
14 9
14 10
14 24
14 26
14 27
14 720109
15 3
15 4
15 195
15 10713
15 32482
15 720110
16 71
16 76
16 190
16 191
16 720111
17 5211
17 5212
17 5213
17 5215
17 720112
seqId 66
1 10
1 146
1 147
1 149
1 722
2 5
2 20
2 99
2 131
2 132
2 133
2 165
2 166
3 3
3 5
3 20
3 6686
3 6688
3 720113
4 5
4 20
4 202
4 3001
4 3343
4 720114
5 76
5 342
5 343
5 345
5 720115
6 5
6 27
6 99
6 131
6 132
6 133
6 135
6 720116
7 5
7 67
7 5492
7 5494
7 5495
7 720117
8 5
8 84
8 91
8 93
8 121
8 703
8 707
8 956
8 720118
9 3
9 5
9 20
9 2034
9 2036
9 720119
10 9
10 10
10 11
10 13
10 720120
11 20
11 85
11 99
11 195
11 2075
11 2077
11 720121
12 3
12 20
12 195
12 17780
12 27594
12 720122
13 75
13 76
13 77
13 79
13 720123
14 3
14 5
14 20
14 33570
14 37259
14 37260
14 720124
15 99
15 133
15 175
15 176
15 195
15 234
15 186921
16 3
16 20
16 195
16 340
16 12336
16 15959
16 720125
17 243
17 244
17 245
17 247
17 720126
18 99
18 133
18 175
18 176
18 195
18 234
18 360993
19 3
19 4
19 195
19 5859
19 14468
19 720127
20 76
20 1267
20 1268
20 1270
20 720128
seqId 67
1 3
1 5
1 20
1 13609
1 16116
1 720129
2 9
2 10
2 24
2 26
2 27
2 720130
3 3
3 4
3 195
3 1395
3 1397
3 720131
4 10
4 126
4 127
4 129
4 215296
5 5
5 20
5 99
5 131
5 132
5 133
5 166
5 720132
6 3
6 5
6 20
6 1320
6 1322
6 720133
7 243
7 244
7 245
7 247
7 169222
8 4
8 5
8 99
8 131
8 132
8 133
8 152
8 720134
9 3
9 4
9 5
9 201971
9 201973
9 720135
10 717
10 718
10 719
10 721
10 169225
11 10
11 146
11 147
11 149
11 722
12 5
12 20
12 99
12 131
12 132
12 133
12 165
12 166
13 3
13 5
13 20
13 1320
13 1322
13 720136
14 76
14 1267
14 1268
14 1270
14 720137
seqId 68
1 3
1 5
1 20
1 17780
1 51835
1 720138
2 3
2 5
2 20
2 222
2 371
2 720139
3 3
3 4
3 195
3 313
3 315
3 720140
4 243
4 244
4 245
4 247
4 720141
5 3
5 4
5 195
5 18773
5 294909
5 720142
6 76
6 1267
6 1268
6 1270
6 720143
seqId 69
1 3
1 5
1 20
1 22657
1 63530
1 720144
2 9
2 10
2 11
2 13
2 92843
3 5
3 27
3 99
3 131
3 132
3 133
3 135
3 720145
4 3
4 4
4 5
4 2818
4 5508
4 720146
5 76
5 342
5 343
5 345
5 720147
6 3
6 4
6 5
6 504
6 14984
6 129553
7 9
7 10
7 11
7 13
7 494312
8 3
8 5
8 20
8 5335
8 8517
8 720148
9 76
9 1267
9 1268
9 1270
9 720149
seqId 70
1 3
1 5
1 20
1 13609
1 16116
1 720150
2 9
2 10
2 24
2 26
2 27
2 720151
3 3
3 4
3 195
3 1395
3 1397
3 720152
4 243
4 244
4 245
4 247
4 720153
5 9
5 10
5 11
5 13
5 720154
6 3
6 4
6 15
6 195
6 4121
6 720155
7 76
7 413
7 414
7 416
7 720156
8 67
8 1692
8 116457
8 720158
8 720159
8 720160
9 76
9 433
9 434
9 436
9 720161
10 3
10 4
10 5
10 26985
10 33312
10 720162
11 4
11 5
11 202
11 322
11 22672
11 720163
12 71
12 76
12 190
12 191
12 720164
seqId 71
1 10
1 126
1 1922
1 1924
1 186970
2 5
2 20
2 99
2 131
2 132
2 133
2 166
2 720165
3 3
3 5
3 20
3 15008
3 15010
3 720166
4 5
4 20
4 202
4 2923
4 2925
4 720167
5 76
5 342
5 343
5 345
5 186973
6 5
6 27
6 99
6 131
6 132
6 133
6 135
6 720168
7 5
7 67
7 5492
7 5494
7 5495
7 720169
8 5
8 84
8 91
8 93
8 121
8 703
8 707
8 956
8 2876
9 5
9 20
9 90
9 122
9 708
9 713
9 3372
9 6990
9 720170
10 9
10 10
10 11
10 13
10 301452
11 3
11 4
11 5
11 3615
11 3617
11 720171
12 4
12 5
12 202
12 6269
12 10569
12 720172
13 10
13 146
13 147
13 149
13 46838
14 99
14 133
14 175
14 176
14 195
14 234
14 720173
15 3
15 4
15 195
15 11190
15 11192
15 720174
16 4
16 195
16 202
16 2923
16 13478
16 720175
17 9
17 10
17 24
17 26
17 27
17 720176
18 3
18 4
18 195
18 1395
18 1397
18 720177
19 4
19 195
19 202
19 340
19 4904
19 4906
19 720178
20 76
20 342
20 343
20 345
20 381899
21 660
21 3261
21 3262
21 3264
21 408946
22 9
22 10
22 24
22 26
22 27
22 498459
23 5
23 20
23 99
23 133
23 175
23 176
23 1316
23 408948
24 3
24 5
24 20
24 1684
24 13711
24 720179
25 10
25 109
25 110
25 112
25 720180
26 3
26 5
26 20
26 2723
26 2725
26 720181
27 10
27 1387
27 1388
27 1390
27 121145
28 99
28 131
28 132
28 133
28 195
28 237
28 720182
29 3
29 4
29 15
29 195
29 4121
29 720183
30 9
30 10
30 11
30 13
30 720184
31 3
31 20
31 195
31 1806
31 1808
31 1809
31 1810
31 720185
32 20
32 90
32 122
32 195
32 442
32 708
32 769
32 169974
32 720186
33 9
33 10
33 11
33 13
33 720187
34 20
34 85
34 99
34 195
34 2075
34 2077
34 720188
35 3
35 20
35 195
35 22020
35 22022
35 720189
36 9
36 10
36 11
36 13
36 34692
37 5
37 27
37 99
37 131
37 132
37 133
37 135
37 353006
38 3
38 4
38 5
38 18373
38 18375
38 720190
39 4
39 5
39 202
39 1403
39 7713
39 720191
40 76
40 342
40 343
40 345
40 525846
41 244
41 418
41 419
41 421
41 2941
42 660
42 2509
42 2510
42 2512
42 720192
43 10
43 146
43 147
43 149
43 720193
44 99
44 133
44 175
44 176
44 195
44 234
44 720194
45 3
45 4
45 195
45 340
45 597
45 599
45 720195
46 9
46 10
46 24
46 26
46 27
46 720196
47 3
47 5
47 20
47 710
47 51590
47 720197
48 4
48 195
48 202
48 1403
48 1405
48 720198
49 4
49 90
49 122
49 195
49 340
49 708
49 713
49 7593
49 7595
49 720199
50 10
50 126
50 127
50 129
50 121170
51 5
51 20
51 99
51 131
51 132
51 133
51 166
51 720200
52 3
52 5
52 20
52 222
52 224
52 720201
53 5
53 20
53 202
53 1403
53 14323
53 720202
54 71
54 76
54 190
54 191
54 720203
seqId 72
1 10
1 7340
1 7341
1 7343
1 720204
2 85
2 99
2 195
2 638
2 640
2 720205
3 3
3 4
3 195
3 729
3 731
3 720206
4 76
4 342
4 343
4 345
4 720207
5 4
5 5
5 99
5 131
5 132
5 133
5 152
5 498490
6 3
6 4
6 5
6 5104
6 5106
6 720208
7 4
7 5
7 202
7 302
7 304
7 720209
8 9
8 10
8 11
8 13
8 129633
9 5
9 27
9 99
9 131
9 132
9 133
9 135
9 720210
10 5
10 67
10 5492
10 5494
10 5495
10 720211
11 10
11 1387
11 1388
11 1390
11 720212
12 99
12 133
12 175
12 176
12 195
12 234
12 720213
13 3
13 20
13 195
13 10402
13 10404
13 720214
14 20
14 195
14 202
14 13830
14 13832
14 720215
15 5
15 84
15 90
15 91
15 93
15 121
15 1064
15 32173
15 720216
16 660
16 1513
16 1514
16 1516
16 720217
17 26
17 27
17 99
17 133
17 175
17 176
17 195
17 720218
18 4
18 195
18 202
18 2294
18 3837
18 720219
19 3
19 4
19 195
19 8152
19 8154
19 720220
20 75
20 76
20 77
20 79
20 720221
21 5
21 20
21 99
21 133
21 175
21 176
21 1316
21 423644
22 3
22 5
22 20
22 9188
22 9190
22 720222
23 9
23 10
23 24
23 26
23 27
23 720223
24 3
24 5
24 20
24 13108
24 29558
24 720224
25 243
25 244
25 245
25 247
25 525888
26 9
26 10
26 11
26 13
26 599082
27 3
27 20
27 195
27 2863
27 10735
27 608703
28 9
28 10
28 24
28 26
28 27
28 720225
29 3
29 4
29 5
29 3268
29 3270
29 720226
30 4
30 5
30 90
30 122
30 708
30 713
30 1410
30 22567
30 720227
31 230
31 231
31 232
31 234
31 720228
32 9
32 10
32 11
32 13
32 163
33 99
33 131
33 132
33 133
33 195
33 236
33 237
34 3
34 20
34 195
34 13358
34 13360
34 720229
35 9
35 10
35 11
35 13
35 46926
36 3
36 5
36 20
36 222
36 224
36 720230
37 158
37 159
37 160
37 162
37 525898
38 9
38 10
38 11
38 13
38 163
39 5
39 20
39 99
39 131
39 132
39 133
39 165
39 166
40 3
40 5
40 20
40 1320
40 1322
40 720231
41 76
41 342
41 343
41 345
41 720232
42 82
42 758
42 759
42 761
42 720233
43 82
43 84
43 114
43 115
43 116
43 1361
43 344519
44 5
44 84
44 90
44 91
44 93
44 121
44 50978
44 51064
44 668870
45 10
45 109
45 110
45 112
45 301532
46 3
46 4
46 5
46 9853
46 9855
46 720234
47 9
47 10
47 11
47 13
47 325100
48 3
48 20
48 195
48 1980
48 1982
48 720235
49 20
49 90
49 122
49 195
49 708
49 713
49 1488
49 9698
49 720236
50 10
50 378
50 379
50 381
50 34766
51 4
51 5
51 99
51 133
51 175
51 176
51 178
51 720237
52 3
52 4
52 5
52 11291
52 11293
52 720238
53 9
53 10
53 24
53 26
53 27
53 720239
54 717
54 718
54 719
54 721
54 720240
55 10
55 146
55 149
55 722
55 1539
56 5
56 20
56 99
56 131
56 132
56 133
56 165
56 166
57 660
57 18003
57 18004
57 18006
57 169385
58 5
58 51
58 175
58 1316
58 169386
59 3
59 5
59 20
59 8773
59 8775
59 720241
60 76
60 1267
60 1268
60 1270
60 720242
seqId 73
1 4
1 5
1 99
1 131
1 132
1 133
1 152
1 121237
2 3
2 4
2 5
2 7803
2 7805
2 301542
3 9
3 10
3 11
3 13
3 494439
4 20
4 85
4 99
4 195
4 1589
4 2970
4 720243
5 3
5 20
5 195
5 2034
5 3403
5 720244
6 9
6 10
6 11
6 13
6 325118
7 5
7 99
7 115
7 773
7 776
7 2192
7 28103
7 28105
7 720245
8 3
8 5
8 20
8 217
8 800
8 720246
9 10
9 146
9 147
9 149
9 720247
10 85
10 99
10 195
10 638
10 640
10 720248
11 3
11 20
11 195
11 17780
11 27594
11 720249
12 20
12 195
12 202
12 1403
12 53011
12 720250
13 243
13 244
13 245
13 247
13 46967
14 20
14 195
14 202
14 2923
14 14156
14 720251
15 71
15 76
15 190
15 191
15 720252
seqId 74
1 10
1 109
1 876
1 878
1 720253
2 3
2 20
2 195
2 1866
2 10151
2 720254
3 9
3 10
3 24
3 26
3 27
3 720255
4 3
4 4
4 195
4 9881
4 34477
4 720256
5 76
5 342
5 343
5 345
5 57222
6 4
6 5
6 99
6 131
6 132
6 133
6 152
6 57223
7 3
7 4
7 5
7 35277
7 35279
7 720257
8 27
8 82
8 84
8 114
8 115
8 116
8 118
8 301569
9 5
9 84
9 91
9 93
9 121
9 703
9 707
9 956
9 720258
10 4
10 5
10 90
10 122
10 708
10 769
10 36932
10 152871
10 720259
11 71
11 76
11 190
11 191
11 34812
seqId 75
1 9
1 10
1 27
1 40
1 42
1 720260
2 4
2 5
2 99
2 133
2 175
2 176
2 178
2 720261
3 3
3 4
3 5
3 5469
3 5471
3 720262
4 76
4 342
4 343
4 345
4 720263
5 4
5 85
5 99
5 195
5 2075
5 2771
5 720264
6 3
6 4
6 195
6 2828
6 2830
6 720265
7 84
7 91
7 93
7 195
7 703
7 707
7 708
7 371708
7 720266
8 4
8 90
8 122
8 195
8 708
8 713
8 2832
8 2834
8 720267
9 76
9 342
9 343
9 345
9 57251
10 82
10 759
10 2852
10 2854
10 301579
11 85
11 99
11 195
11 638
11 640
11 599134
12 3
12 20
12 195
12 340
12 2887
12 2889
12 720268
13 121
13 122
13 702
13 703
13 2506
13 720269
14 5
14 20
14 90
14 122
14 708
14 768
14 769
14 771
14 720270
15 3
15 5
15 20
15 1905
15 1907
15 325158
16 10
16 146
16 147
16 149
16 325159
17 3
17 4
17 195
17 8842
17 8844
17 720271
18 76
18 413
18 414
18 416
18 720272
19 3
19 4
19 195
19 13471
19 13473
19 720273
20 660
20 3261
20 3262
20 3264
20 720274
21 230
21 231
21 232
21 234
21 720275
22 9
22 10
22 11
22 13
22 163
23 99
23 131
23 132
23 133
23 195
23 236
23 237
24 3
24 4
24 195
24 340
24 7524
24 7526
24 720277
25 76
25 413
25 414
25 416
25 720278
26 51
26 195
26 1879
26 1881
26 720279
27 76
27 433
27 434
27 436
27 344585
28 76
28 1267
28 1268
28 1270
28 720280
seqId 76
1 3
1 20
1 195
1 340
1 13609
1 16116
1 720281
2 9
2 10
2 11
2 13
2 187132
3 3
3 4
3 195
3 7178
3 7180
3 720282
4 243
4 244
4 245
4 247
4 325175
5 3
5 5
5 20
5 222
5 224
5 720283
6 158
6 159
6 160
6 162
6 187136
7 9
7 10
7 11
7 13
7 163
8 5
8 20
8 99
8 131
8 132
8 133
8 165
8 166
9 3
9 5
9 20
9 1320
9 1322
9 720284
10 4
10 195
10 202
10 6343
10 6345
10 720285
11 3
11 4
11 195
11 4198
11 4662
11 720286
12 76
12 342
12 343
12 345
12 720287
13 20
13 195
13 202
13 795
13 2446
13 720288
14 3
14 20
14 195
14 21934
14 21936
14 325182
15 76
15 413
15 414
15 416
15 720289
16 51
16 195
16 4167
16 4169
16 720290
17 76
17 433
17 434
17 436
17 720291
18 76
18 1267
18 1268
18 1270
18 720292
seqId 77
1 3
1 5
1 20
1 1320
1 26965
1 720293
2 243
2 244
2 245
2 247
2 720294
3 3
3 4
3 5
3 8694
3 8696
3 720295
4 4
4 5
4 202
4 322
4 22672
4 720296
5 75
5 76
5 77
5 79
5 599157
6 13
6 99
6 133
6 175
6 176
6 195
6 720297
7 4
7 195
7 202
7 795
7 3439
7 720298
8 3
8 4
8 195
8 4198
8 4662
8 720299
9 76
9 2911
9 2912
9 2914
9 720300
10 76
10 413
10 414
10 416
10 720301
11 51
11 195
11 5342
11 5344
11 720302
12 76
12 433
12 434
12 436
12 361184
13 76
13 1267
13 1268
13 1270
13 720303
seqId 78
1 99
1 131
1 132
1 133
1 195
1 1220
1 720304
2 3
2 4
2 195
2 340
2 720306
2 720307
2 720308
3 9
3 10
3 24
3 26
3 27
3 301634
4 4
4 5
4 99
4 133
4 175
4 176
4 178
4 93071
5 3
5 4
5 5
5 497
5 16981
5 16983
5 16984
5 720309
6 71
6 76
6 190
6 191
6 720310
seqId 79
1 3
1 4
1 5
1 8917
1 94883
1 720311
2 9
2 10
2 11
2 13
2 720312
3 4
3 5
3 99
3 131
3 132
3 133
3 152
3 720313
4 3
4 4
4 5
4 7190
4 17555
4 720314
5 3
5 5
5 20
5 1320
5 26965
5 720315
6 76
6 413
6 414
6 416
6 720316
7 51
7 52
7 5342
7 5344
7 720317
8 76
8 433
8 434
8 436
8 494539
9 76
9 1267
9 1268
9 1270
9 498589
seqId 80
1 3
1 4
1 195
1 340
1 15543
1 48945
1 720319
1 720320
2 76
2 433
2 434
2 436
2 498591
3 3
3 4
3 195
3 340
3 8696
3 15543
3 720322
3 720323
4 76
4 433
4 434
4 436
4 720324
5 3
5 4
5 195
5 340
5 15543
5 22672
5 720326
5 720327
6 76
6 433
6 434
6 436
6 344623
7 660
7 30062
7 30063
7 30065
7 720328
8 76
8 413
8 414
8 416
8 720329
9 51
9 52
9 5922
9 5924
9 720330
10 76
10 433
10 434
10 436
10 720331
11 76
11 1267
11 1268
11 1270
11 57383
seqId 81
1 5
1 20
1 99
1 131
1 132
1 133
1 967
1 720332
2 5
2 20
2 202
2 795
2 797
2 169490
3 3
3 5
3 20
3 222
3 224
3 720333
4 158
4 159
4 160
4 162
4 720334
5 9
5 10
5 11
5 13
5 163
6 5
6 20
6 99
6 131
6 132
6 133
6 165
6 166
7 3
7 5
7 20
7 255241
7 255243
7 720336
8 5
8 20
8 202
8 254
8 256
8 720337
9 10
9 279
9 11672
9 11673
9 720338
10 5
10 20
10 99
10 131
10 132
10 133
10 166
10 720339
11 3
11 5
11 20
11 13338
11 13340
11 720340
12 9
12 10
12 11
12 13
12 121360
13 5
13 27
13 99
13 131
13 132
13 133
13 135
13 720341
14 3
14 4
14 5
14 22606
14 22608
14 720342
15 243
15 244
15 245
15 247
15 121364
16 158
16 159
16 160
16 162
16 720343
17 9
17 10
17 11
17 13
17 163
18 5
18 20
18 99
18 131
18 132
18 133
18 165
18 166
19 3
19 5
19 20
19 9362
19 9364
19 720344
20 5
20 20
20 202
20 1449
20 9927
20 720345
21 76
21 413
21 414
21 416
21 720346
22 51
22 195
22 5922
22 5924
22 720347
23 76
23 433
23 434
23 436
23 720348
24 76
24 1267
24 1268
24 1270
24 720349
seqId 82
1 3
1 20
1 195
1 699
1 6828
1 24371
1 75353
1 255241
1 274176
1 720351
2 10
2 378
2 379
2 381
2 720352
3 3
3 5
3 20
3 146094
3 213045
3 461207
4 5
4 202
4 254
4 256
4 720353
5 243
5 244
5 245
5 247
5 599203
6 3
6 4
6 195
6 340
6 492
6 44426
6 720354
7 75
7 76
7 77
7 79
7 599206
8 10
8 4919
8 4920
8 4922
8 720355
9 4
9 5
9 99
9 133
9 175
9 176
9 178
9 720356
10 3
10 4
10 5
10 58507
10 58509
10 720357
11 230
11 231
11 232
11 234
11 720358
12 9
12 10
12 11
12 13
12 163
13 99
13 131
13 132
13 133
13 195
13 236
13 237
14 3
14 4
14 195
14 7698
14 25421
14 720359
15 76
15 413
15 414
15 416
15 720360
16 51
16 52
16 4162
16 4164
16 720361
17 76
17 433
17 434
17 436
17 720362
18 71
18 76
18 190
18 191
18 608940
seqId 83
1 9
1 10
1 1886
1 20009
1 720363
2 5
2 27
2 99
2 131
2 132
2 133
2 135
2 720364
3 5
3 67
3 258855
3 720366
3 720367
4 10
4 146
4 147
4 149
4 720368
5 4
5 5
5 99
5 131
5 132
5 133
5 152
5 720369
6 3
6 4
6 5
6 7190
6 17555
6 461224
7 75
7 76
7 77
7 79
7 121391
8 4
8 5
8 99
8 131
8 132
8 133
8 152
8 93136
9 3
9 4
9 5
9 221328
9 221330
9 720370
10 717
10 718
10 719
10 721
10 353231
11 10
11 146
11 147
11 149
11 722
12 5
12 20
12 99
12 131
12 132
12 133
12 165
12 166
13 3
13 5
13 20
13 19318
13 19320
13 720371
14 9
14 10
14 11
14 13
14 382287
15 51
15 195
15 340
15 15543
15 178689
15 632814
15 720372
16 76
16 433
16 434
16 436
16 93147
17 3
17 20
17 195
17 224
17 340
17 15543
17 720374
17 720375
18 76
18 433
18 434
18 436
18 382291
19 76
19 2911
19 2912
19 2914
19 720376
20 76
20 413
20 414
20 416
20 720377
21 51
21 195
21 1851
21 1853
21 720378
22 76
22 433
22 434
22 436
22 720379
23 76
23 1267
23 1268
23 1270
23 720380
seqId 84
1 3
1 4
1 195
1 80032
1 460908
1 720381
2 243
2 244
2 245
2 247
2 121409
3 3
3 4
3 195
3 337
3 339
3 340
3 720382
4 71
4 76
4 190
4 191
4 93159
seqId 85
1 90
1 443
1 1845
1 19782
1 37259
1 720384
2 99
2 131
2 132
2 133
2 195
2 237
2 720385
3 3
3 20
3 195
3 13338
3 15681
3 720386
4 10
4 126
4 127
4 129
4 720387
5 4
5 5
5 99
5 131
5 132
5 133
5 152
5 720388
6 3
6 4
6 5
6 4900
6 4902
6 720389
7 158
7 159
7 160
7 162
7 494624
8 9
8 10
8 11
8 13
8 163
9 5
9 20
9 99
9 131
9 132
9 133
9 165
9 166
10 3
10 5
10 20
10 222
10 224
10 720390
11 243
11 244
11 245
11 247
11 187227
12 4
12 5
12 99
12 131
12 132
12 133
12 152
12 409170
13 3
13 4
13 5
13 4900
13 4902
13 720391
14 230
14 231
14 232
14 234
14 187229
15 9
15 10
15 11
15 13
15 163
16 99
16 131
16 132
16 133
16 195
16 236
16 237
17 3
17 4
17 195
17 4094
17 4096
17 720392
18 76
18 413
18 414
18 416
18 57547
19 51
19 195
19 1851
19 1853
19 720393
20 76
20 433
20 434
20 436
20 720394
21 71
21 76
21 190
21 191
21 720395
seqId 86
1 9
1 10
1 27
1 40
1 42
1 720396
2 4
2 5
2 202
2 2294
2 2296
2 599236
3 3
3 4
3 5
3 5469
3 5471
3 720397
4 76
4 342
4 343
4 345
4 720398
5 3
5 4
5 5
5 5331
5 5333
5 720399
6 5
6 84
6 91
6 93
6 121
6 702
6 703
6 705
6 720400
7 122
7 703
7 707
7 708
7 710
7 361254
8 4
8 5
8 90
8 122
8 708
8 713
8 4766
8 12104
8 720401
9 10
9 146
9 147
9 149
9 720402
10 5
10 20
10 99
10 133
10 175
10 176
10 1316
10 461255
11 3
11 5
11 20
11 5458
11 8342
11 720403
12 9
12 10
12 24
12 26
12 27
12 720404
13 3
13 4
13 195
13 10713
13 32482
13 720405
14 76
14 413
14 414
14 416
14 720406
15 10
15 71
15 1639
15 1640
15 1642
15 608983
16 3
16 5
16 20
16 4038
16 15485
16 720407
17 5
17 202
17 302
17 304
17 720408
18 76
18 433
18 434
18 436
18 720409
19 71
19 76
19 190
19 191
19 720410
20 5211
20 5212
20 5213
20 5215
20 720411
seqId 87
1 10
1 146
1 147
1 149
1 722
2 5
2 20
2 99
2 131
2 132
2 133
2 165
2 166
3 3
3 5
3 20
3 7837
3 7839
3 399106
4 230
4 231
4 232
4 234
4 399107
5 9
5 10
5 11
5 13
5 163
6 99
6 131
6 132
6 133
6 195
6 236
6 237
7 3
7 4
7 195
7 11475
7 11807
7 720412
8 4
8 195
8 202
8 3386
8 3523
8 720413
9 76
9 342
9 343
9 345
9 93196
10 99
10 195
10 638
10 640
10 720414
11 3
11 4
11 195
11 1395
11 1397
11 720415
12 84
12 91
12 93
12 121
12 195
12 702
12 703
12 1062
12 720416
13 122
13 703
13 707
13 708
13 710
13 720417
14 660
14 1513
14 1514
14 1516
14 720418
15 4
15 90
15 122
15 195
15 708
15 713
15 3563
15 3565
15 720419
16 243
16 244
16 245
16 247
16 169606
17 4
17 90
17 122
17 195
17 708
17 713
17 9303
17 11821
17 720420
18 76
18 413
18 414
18 416
18 720421
19 10
19 71
19 1639
19 1640
19 1642
19 720422
20 3
20 5
20 20
20 4038
20 15485
20 720423
21 5
21 202
21 302
21 304
21 720424
22 76
22 433
22 434
22 436
22 720425
23 71
23 76
23 190
23 191
23 720426
seqId 88
1 660
1 5049
1 7881
1 7883
1 720427
2 76
2 342
2 343
2 345
2 361294
3 13
3 99
3 133
3 175
3 176
3 195
3 361295
4 4
4 195
4 202
4 1888
4 3548
4 720428
5 3
5 4
5 195
5 340
5 10248
5 10250
5 720429
6 84
6 91
6 93
6 121
6 195
6 702
6 703
6 1062
6 720430
7 5
7 20
7 122
7 703
7 707
7 708
7 710
7 57636
8 4
8 90
8 122
8 195
8 340
8 708
8 713
8 2514
8 12161
8 720431
9 76
9 342
9 343
9 345
9 720432
10 243
10 244
10 245
10 247
10 720433
11 82
11 84
11 114
11 115
11 116
11 1361
11 129937
12 84
12 91
12 93
12 121
12 195
12 703
12 707
12 1858
12 129938
13 4
13 90
13 122
13 195
13 708
13 769
13 25415
13 315151
13 720434
14 90
14 443
14 1845
14 9380
14 27915
14 231122
14 720435
15 76
15 342
15 343
15 345
15 720436
16 10
16 283
16 284
16 286
16 720437
17 5
17 99
17 115
17 773
17 775
17 776
17 2192
17 3593
17 720438
18 660
18 7237
18 10032
18 10034
18 720439
19 4
19 5
19 202
19 7021
19 7023
19 720440
20 3
20 4
20 5
20 24542
20 24544
20 720441
21 76
21 342
21 343
21 345
21 720442
22 99
22 133
22 175
22 176
22 195
22 234
22 720443
23 3
23 20
23 195
23 19318
23 19320
23 720444
24 20
24 195
24 202
24 52168
24 52170
24 720445
25 76
25 413
25 414
25 416
25 720446
26 5
26 20
26 202
26 7021
26 83040
26 720447
27 3
27 5
27 20
27 19318
27 88599
27 720448
28 9
28 10
28 11
28 13
28 720449
29 4
29 5
29 99
29 131
29 132
29 133
29 152
29 720450
30 3
30 4
30 5
30 5355
30 5357
30 5358
30 5359
30 720451
31 230
31 231
31 232
31 234
31 720452
32 9
32 10
32 11
32 13
32 163
33 99
33 131
33 132
33 133
33 195
33 236
33 237
34 3
34 4
34 195
34 340
34 597
34 599
34 720453
35 76
35 342
35 343
35 345
35 353317
36 3
36 5
36 20
36 19318
36 88599
36 720454
37 9
37 10
37 11
37 13
37 720455
38 5
38 27
38 99
38 131
38 132
38 133
38 135
38 720456
39 5
39 67
39 37704
39 100925
39 720458
39 720459
40 76
40 342
40 343
40 345
40 720460
41 3
41 5
41 20
41 19318
41 88599
41 720461
42 9
42 10
42 11
42 13
42 720462
43 4
43 5
43 99
43 131
43 132
43 133
43 152
43 720463
44 3
44 4
44 5
44 39474
44 39476
44 720464
45 67
45 101993
45 175910
45 268229
45 268230
45 720465
46 76
46 433
46 434
46 436
46 720466
47 71
47 76
47 190
47 191
47 720467
seqId 89
1 85
1 99
1 195
1 638
1 6239
1 720468
2 3
2 20
2 195
2 2034
2 3403
2 720469
3 9
3 10
3 11
3 13
3 720470
4 5
4 27
4 99
4 131
4 132
4 133
4 135
4 720471
5 5
5 67
5 5492
5 5494
5 5495
5 720472
6 84
6 90
6 91
6 93
6 121
6 195
6 4766
6 6444
6 720473
7 3
7 4
7 5
7 6046
7 6048
7 720474
8 9
8 10
8 11
8 13
8 129978
9 3
9 20
9 195
9 10295
9 10297
9 720475
10 20
10 195
10 202
10 1777
10 19363
10 19381
10 19382
10 720476
11 76
11 413
11 414
11 416
11 720477
12 3
12 4
12 5
12 9329
12 18509
12 720478
13 9
13 10
13 11
13 13
13 720479
14 3
14 5
14 20
14 222
14 371
14 720480
15 158
15 159
15 160
15 162
15 720481
16 9
16 10
16 11
16 13
16 163
17 5
17 20
17 99
17 131
17 132
17 133
17 165
17 166
18 3
18 5
18 20
18 1320
18 26965
18 720482
19 76
19 342
19 343
19 345
19 325408
20 3
20 5
20 20
20 222
20 371
20 720483
21 5
21 20
21 202
21 57453
21 179450
21 220909
21 720485
22 76
22 342
22 343
22 345
22 720486
23 3
23 5
23 20
23 222
23 371
23 720487
24 5
24 20
24 202
24 322
24 80096
24 720488
25 76
25 433
25 434
25 436
25 609050
26 243
26 244
26 245
26 247
26 599327
27 84
27 91
27 93
27 121
27 195
27 702
27 703
27 1062
27 720489
28 5
28 20
28 90
28 122
28 708
28 769
28 4338
28 4340
28 720490
29 10
29 146
29 147
29 149
29 720491
30 99
30 133
30 175
30 176
30 195
30 234
30 720492
31 3
31 20
31 195
31 10295
31 10297
31 720493
32 20
32 195
32 202
32 302
32 1655
32 720494
33 9
33 10
33 11
33 13
33 215751
34 3
34 5
34 20
34 14182
34 14184
34 720495
35 76
35 413
35 414
35 416
35 720496
36 3
36 5
36 20
36 14182
36 48930
36 720497
37 5
37 20
37 202
37 39232
37 117632
37 720498
38 9
38 10
38 11
38 13
38 720499
39 3
39 5
39 20
39 222
39 371
39 720500
40 158
40 159
40 160
40 162
40 720501
41 9
41 10
41 11
41 13
41 163
42 5
42 20
42 99
42 131
42 132
42 133
42 165
42 166
43 3
43 5
43 20
43 1320
43 1322
43 720502
44 76
44 433
44 434
44 436
44 498742
45 71
45 76
45 190
45 191
45 720503
seqId 90
1 3
1 5
1 20
1 1539
1 10695
1 62984
1 720504
2 5
2 20
2 90
2 122
2 708
2 713
2 7785
2 7787
2 720505
3 99
3 133
3 175
3 176
3 195
3 234
3 720506
4 20
4 195
4 202
4 1888
4 1890
4 720507
5 3
5 20
5 195
5 340
5 1942
5 1944
5 720508
6 10
6 146
6 147
6 149
6 382437
7 4
7 5
7 99
7 131
7 132
7 133
7 152
7 720509
8 3
8 4
8 5
8 2019
8 2021
8 720510
9 76
9 342
9 343
9 345
9 720511
10 3
10 4
10 195
10 2049
10 2051
10 720512
11 243
11 244
11 245
11 247
11 720513
12 3
12 4
12 195
12 1957
12 216552
12 720514
13 76
13 342
13 343
13 345
13 720515
14 5
14 20
14 82
14 83
14 84
14 115
14 763
14 1002
14 720516
15 5
15 84
15 91
15 93
15 121
15 702
15 703
15 705
15 720517
16 5
16 20
16 122
16 703
16 707
16 708
16 710
16 720518
17 5
17 20
17 202
17 68371
17 68373
17 720519
18 9
18 10
18 24
18 26
18 27
18 720520
19 90
19 443
19 824
19 9665
19 720521
20 76
20 342
20 343
20 345
20 720522
21 660
21 121798
21 188467
21 188469
21 720523
22 2822
22 2823
22 2824
22 2826
22 720524
23 10
23 146
23 147
23 149
23 722
24 99
24 131
24 132
24 133
24 195
24 236
24 237
25 3
25 4
25 195
25 47478
25 60305
25 720525
26 9
26 10
26 11
26 13
26 130042
27 4
27 5
27 99
27 131
27 132
27 133
27 152
27 187358
28 4
28 5
28 202
28 2244
28 3490
28 720526
29 3
29 4
29 5
29 44
29 621
29 720527
30 76
30 342
30 343
30 345
30 423943
31 5
31 20
31 99
31 133
31 175
31 176
31 1316
31 720528
32 3
32 5
32 20
32 475
32 25021
32 720529
33 5
33 20
33 202
33 18241
33 53147
33 720530
34 230
34 231
34 232
34 234
34 720531
35 9
35 10
35 11
35 13
35 163
36 99
36 131
36 132
36 133
36 195
36 236
36 237
37 3
37 20
37 195
37 2034
37 3403
37 720532
38 9
38 10
38 11
38 13
38 720533
39 5
39 27
39 99
39 131
39 132
39 133
39 135
39 720534
40 3
40 4
40 5
40 642
40 23331
40 720535
41 76
41 342
41 343
41 345
41 609116
42 9
42 10
42 13
42 1539
42 720536
43 3
43 4
43 5
43 17932
43 17934
43 720537
44 944
44 945
44 946
44 948
44 720538
45 4
45 5
45 98
45 99
45 100
45 1927
45 720539
46 4
46 5
46 202
46 9960
46 19296
46 720540
47 5
47 84
47 90
47 93
47 121
47 2081
47 4415
47 26504
47 187379
48 90
48 443
48 28320
48 28322
48 720541
49 4
49 5
49 99
49 133
49 175
49 176
49 178
49 498776
50 3
50 4
50 5
50 39832
50 39834
50 720542
51 4
51 5
51 202
51 3753
51 3755
51 720543
52 71
52 76
52 190
52 191
52 720544
seqId 91
1 4
1 5
1 99
1 131
1 132
1 133
1 811
1 720545
2 3
2 4
2 5
2 6763
2 6765
2 720546
3 4
3 5
3 90
3 122
3 708
3 713
3 32157
3 97881
3 720547
4 9
4 10
4 11
4 13
4 215826
5 5
5 27
5 99
5 131
5 132
5 133
5 135
5 720548
6 2
6 3
6 4
6 5
6 181
6 720549
7 5
7 84
7 90
7 91
7 93
7 121
7 5661
7 35245
7 40858
8 660
8 9231
8 9232
8 9234
8 720550
9 5
9 20
9 202
9 68371
9 68373
9 720551
10 5
10 99
10 115
10 773
10 774
10 775
10 776
10 778
10 720552
11 5
11 20
11 202
11 46696
11 133122
11 720553
12 3
12 5
12 20
12 61542
12 61544
12 720554
13 76
13 342
13 343
13 345
13 720555
14 90
14 121
14 122
14 1794
14 7704
14 409319
15 10
15 109
15 112
15 1539
15 409320
16 3
16 5
16 20
16 1601
16 1603
16 720556
17 99
17 131
17 132
17 133
17 195
17 237
17 720557
18 3
18 4
18 195
18 5331
18 7585
18 720558
19 10
19 146
19 147
19 149
19 720559
20 3
20 5
20 20
20 5458
20 8342
20 720560
21 9
21 10
21 24
21 26
21 27
21 720561
22 3
22 4
22 5
22 10713
22 10715
22 720562
23 71
23 76
23 190
23 191
23 720563
seqId 92
1 660
1 9011
1 53273
1 53275
1 720564
2 76
2 342
2 343
2 345
2 720565
3 5
3 84
3 91
3 93
3 121
3 703
3 707
3 956
3 720566
4 9
4 10
4 26
4 27
4 1539
4 720567
5 660
5 3557
5 3559
5 23175
5 720568
6 243
6 244
6 245
6 247
6 382491
7 660
7 1305
7 1306
7 1308
7 409327
8 5
8 20
8 90
8 122
8 708
8 713
8 10652
8 17977
8 216155
8 720569
9 5
9 20
9 99
9 131
9 132
9 133
9 166
9 720570
10 3
10 5
10 20
10 2094
10 2096
10 720571
11 9
11 10
11 24
11 26
11 27
11 301974
12 5
12 20
12 99
12 133
12 175
12 176
12 1316
12 47379
13 3
13 5
13 20
13 1980
13 2182
13 35278
14 10
14 146
14 147
14 149
14 498813
15 4
15 5
15 99
15 131
15 132
15 133
15 152
15 526222
16 3
16 4
16 5
16 29374
16 29376
16 720572
17 51
17 195
17 1879
17 1881
17 720573
18 76
18 342
18 343
18 345
18 720574
19 10
19 378
19 379
19 381
19 344895
20 90
20 443
20 46370
20 166819
20 720575
21 67
21 10819
21 10820
21 10822
21 720576
22 67
22 699
22 15105
22 483778
22 719627
22 719628
22 720577
23 76
23 342
23 343
23 345
23 720578
24 243
24 244
24 245
24 247
24 720579
25 9
25 10
25 24
25 26
25 27
25 215868
26 5
26 20
26 99
26 133
26 175
26 176
26 1316
26 720580
27 3
27 5
27 20
27 1965
27 2157
27 720582
28 9
28 10
28 11
28 13
28 720583
29 3
29 4
29 195
29 1970
29 1972
29 720584
30 10
30 283
30 284
30 286
30 361466
31 99
31 131
31 132
31 133
31 195
31 237
31 720585
32 51
32 195
32 1501
32 1503
32 720586
33 3
33 20
33 195
33 6913
33 6915
33 187431
34 10
34 146
34 147
34 149
34 720587
35 90
35 442
35 443
35 445
35 720588
36 76
36 342
36 343
36 345
36 399297
37 10
37 378
37 379
37 381
37 720589
38 90
38 443
38 46370
38 166819
38 720590
39 67
39 51608
39 51609
39 51611
39 720591
40 67
40 857
40 145670
40 337029
40 719632
40 719633
40 720592
41 71
41 76
41 190
41 191
41 720593
seqId 93
1 99
1 131
1 132
1 133
1 195
1 1220
1 720594
2 3
2 4
2 195
2 4298
2 4504
2 720595
3 9
3 10
3 24
3 26
3 27
3 720596
4 4
4 5
4 99
4 133
4 175
4 176
4 178
4 353477
5 4
5 5
5 202
5 6836
5 10499
5 720597
6 3
6 4
6 5
6 4884
6 4886
6 720598
7 230
7 231
7 232
7 234
7 720599
8 9
8 10
8 11
8 13
8 163
9 99
9 131
9 132
9 133
9 195
9 236
9 237
10 3
10 4
10 15
10 195
10 4121
10 121673
11 82
11 84
11 114
11 115
11 116
11 1361
11 720600
12 90
12 121
12 122
12 535
12 755
12 2653
12 720602
12 720603
13 717
13 718
13 719
13 721
13 409363
14 10
14 146
14 147
14 149
14 722
15 5
15 20
15 99
15 131
15 132
15 133
15 165
15 166
16 3
16 5
16 20
16 4434
16 4436
16 720604
17 84
17 91
17 93
17 121
17 195
17 702
17 703
17 1062
17 720605
18 5
18 20
18 90
18 122
18 708
18 769
18 3777
18 4766
18 121679
19 5
19 27
19 99
19 131
19 132
19 133
19 135
19 720606
20 3
20 5
20 20
20 10801
20 10803
20 720607
21 9
21 10
21 24
21 26
21 27
21 720608
22 4
22 5
22 99
22 133
22 175
22 176
22 178
22 498852
23 4
23 5
23 202
23 7021
23 7023
23 720609
24 3
24 4
24 5
24 33906
24 33908
24 720610
25 71
25 76
25 190
25 191
25 720611
26 5211
26 5212
26 5213
26 5215
26 720612
seqId 94
1 10
1 146
1 147
1 149
1 722
2 5
2 20
2 99
2 131
2 132
2 133
2 165
2 166
3 3
3 5
3 20
3 1325
3 1327
3 720613
4 9
4 10
4 11
4 13
4 121692
5 5
5 27
5 99
5 131
5 132
5 133
5 135
5 720614
6 3
6 4
6 5
6 597
6 13641
6 720615
7 76
7 342
7 343
7 345
7 47428
8 4
8 5
8 99
8 131
8 132
8 133
8 152
8 47429
9 4
9 5
9 67
9 6076
9 6078
9 6079
9 720616
10 243
10 244
10 245
10 247
10 720617
11 5
11 27
11 99
11 131
11 132
11 133
11 135
11 720618
12 3
12 4
12 5
12 2997
12 12501
12 720619
13 4
13 5
13 202
13 4904
13 4906
13 720620
14 84
14 91
14 93
14 121
14 195
14 703
14 707
14 1858
14 35382
15 4
15 90
15 122
15 195
15 340
15 708
15 713
15 11458
15 11460
15 720621
16 230
16 231
16 232
16 234
16 720622
17 9
17 10
17 11
17 13
17 163
18 99
18 131
18 132
18 133
18 195
18 236
18 237
19 3
19 4
19 195
19 897
19 3520
19 302055
20 4
20 195
20 202
20 1951
20 1953
20 720623
21 158
21 159
21 160
21 162
21 720624
22 9
22 10
22 11
22 13
22 163
23 5
23 20
23 99
23 131
23 132
23 133
23 165
23 166
24 3
24 5
24 20
24 4434
24 4436
24 720625
25 243
25 244
25 245
25 247
25 3878
26 82
26 83
26 84
26 109
26 112
26 115
26 720626
27 84
27 90
27 91
27 93
27 121
27 195
27 4766
27 6444
27 720627
28 3
28 5
28 20
28 23785
28 28259
28 720628
29 10
29 828
29 829
29 831
29 720629
30 99
30 115
30 195
30 773
30 775
30 776
30 2192
30 2194
30 720630
31 3
31 20
31 195
31 1718
31 1720
31 169882
32 20
32 195
32 202
32 2742
32 2744
32 720631
33 71
33 76
33 190
33 191
33 720632
seqId 95
1 90
1 121
1 122
1 7704
1 15775
1 187489
2 4
2 5
2 99
2 131
2 132
2 133
2 152
2 720633
3 3
3 4
3 5
3 13389
3 13391
3 720634
4 9
4 10
4 11
4 13
4 325655
5 99
5 115
5 195
5 773
5 776
5 2192
5 28103
5 28931
5 325656
6 3
6 20
6 195
6 1320
6 3384
6 526282
7 243
7 244
7 245
7 247
7 424065
8 3
8 4
8 195
8 897
8 3520
8 720635
9 76
9 342
9 343
9 345
9 130254
10 5
10 20
10 99
10 131
10 132
10 133
10 166
10 720636
11 3
11 5
11 20
11 9758
11 9760
11 720637
12 158
12 159
12 160
12 162
12 361527
13 9
13 10
13 11
13 13
13 163
14 5
14 20
14 99
14 131
14 132
14 133
14 165
14 166
15 3
15 5
15 20
15 4434
15 4436
15 720638
16 5
16 84
16 91
16 93
16 121
16 702
16 703
16 705
16 720639
17 5
17 20
17 122
17 703
17 707
17 708
17 710
17 669272
18 5
18 20
18 90
18 122
18 708
18 713
18 260200
18 720641
18 720642
19 243
19 244
19 245
19 247
19 361533
20 5
20 20
20 90
20 122
20 708
20 713
20 67389
20 67391
20 720643
21 76
21 342
21 343
21 345
21 720644
22 27
22 944
22 945
22 1463
22 3308
22 720645
23 5
23 20
23 82
23 83
23 84
23 115
23 763
23 1002
23 399360
24 27
24 82
24 84
24 114
24 115
24 116
24 118
24 399361
25 5
25 84
25 90
25 93
25 121
25 1815
25 4415
25 21609
25 720646
26 9
26 10
26 11
26 13
26 720647
27 4
27 5
27 99
27 131
27 132
27 133
27 152
27 215955
28 3
28 4
28 5
28 682
28 10854
28 720648
29 9
29 10
29 11
29 13
29 93507
30 5
30 99
30 115
30 773
30 776
30 2192
30 28103
30 28105
30 302103
31 3
31 5
31 20
31 17850
31 17852
31 720649
32 244
32 418
32 419
32 421
32 35455
33 9
33 10
33 11
33 13
33 93512
34 5
34 99
34 115
34 773
34 774
34 775
34 776
34 778
34 720650
35 3
35 4
35 5
35 4874
35 102001
35 720651
36 4
36 5
36 202
36 6269
36 10569
36 720652
37 71
37 76
37 190
37 191
37 720653
seqId 96
1 99
1 131
1 132
1 133
1 195
1 1220
1 720654
2 3
2 4
2 195
2 347
2 349
2 720655
3 4
3 195
3 202
3 2960
3 2962
3 720656
4 9
4 10
4 11
4 13
4 720657
5 5
5 27
5 99
5 131
5 132
5 133
5 135
5 720658
6 5
6 67
6 5492
6 5494
6 5495
6 720659
7 76
7 413
7 414
7 416
7 35473
8 3
8 4
8 5
8 17178
8 45718
8 720660
9 4
9 5
9 202
9 13322
9 31197
9 720661
10 9
10 10
10 11
10 13
10 720662
11 3
11 5
11 20
11 222
11 224
11 720663
12 158
12 159
12 160
12 162
12 720664
13 9
13 10
13 11
13 13
13 163
14 5
14 20
14 99
14 131
14 132
14 133
14 165
14 166
15 3
15 5
15 20
15 1320
15 1322
15 720665
16 76
16 342
16 343
16 345
16 720666
17 3
17 4
17 195
17 340
17 9329
17 18509
17 720667
18 4
18 195
18 202
18 1399
18 1401
18 720668
19 76
19 342
19 343
19 345
19 720669
20 3
20 4
20 5
20 17016
20 17018
20 720670
21 9
21 10
21 11
21 13
21 720671
22 3
22 4
22 5
22 17021
22 17023
22 720672
23 76
23 433
23 434
23 436
23 720673
24 84
24 91
24 93
24 121
24 195
24 703
24 707
24 1858
24 720674
25 660
25 3377
25 3378
25 3380
25 720675
26 3
26 20
26 195
26 340
26 85833
26 85835
26 720676
27 9
27 10
27 11
27 13
27 720677
28 99
28 115
28 195
28 773
28 776
28 2192
28 28103
28 28931
28 498924
29 3
29 20
29 195
29 340
29 2887
29 2889
29 720678
30 76
30 342
30 343
30 345
30 361573
31 27
31 944
31 945
31 1463
31 3308
31 720679
32 4
32 82
32 83
32 84
32 115
32 195
32 1824
32 3621
32 720680
33 84
33 93
33 121
33 195
33 702
33 703
33 4415
33 22990
33 399418
34 5
34 20
34 122
34 703
34 707
34 708
34 710
34 720681
35 4
35 90
35 122
35 195
35 708
35 713
35 2784
35 2786
35 2787
35 720682
36 244
36 418
36 419
36 421
36 399422
37 659
37 660
37 661
37 2274
37 599540
38 10
38 378
38 379
38 381
38 720683
39 82
39 83
39 84
39 115
39 5729
39 5731
39 47547
40 90
40 443
40 7504
40 9112
40 720684
41 76
41 342
41 343
41 345
41 216006
42 243
42 244
42 245
42 247
42 4017
43 82
43 83
43 84
43 109
43 112
43 115
43 424123
44 84
44 90
44 91
44 93
44 121
44 195
44 16983
44 523586
44 720686
44 720687
45 5
45 27
45 99
45 131
45 132
45 133
45 135
45 720688
46 3
46 4
46 5
46 194
46 14840
46 720689
47 71
47 76
47 190
47 191
47 720690
seqId 97
1 5
1 99
1 115
1 773
1 776
1 2192
1 28103
1 62724
1 169982
2 3
2 5
2 20
2 4434
2 4436
2 720691
3 27
3 82
3 84
3 114
3 115
3 116
3 118
3 720692
4 5
4 84
4 91
4 93
4 121
4 703
4 707
4 956
4 4029
5 5
5 20
5 90
5 122
5 708
5 769
5 2163
5 35578
5 720693
6 717
6 718
6 719
6 721
6 720694
7 10
7 146
7 147
7 149
7 722
8 5
8 20
8 99
8 131
8 132
8 133
8 165
8 166
9 3
9 5
9 20
9 33911
9 33913
9 720695
10 9
10 10
10 11
10 13
10 720696
11 3
11 4
11 5
11 4851
11 4853
11 720697
12 10
12 109
12 110
12 112
12 498948
13 3
13 4
13 5
13 3239
13 3241
13 720698
14 230
14 231
14 232
14 234
14 720699
15 9
15 10
15 11
15 13
15 163
16 99
16 131
16 132
16 133
16 195
16 236
16 237
17 3
17 4
17 195
17 8842
17 8844
17 720700
18 9
18 10
18 11
18 13
18 93584
19 5
19 20
19 82
19 84
19 85
19 1310
19 1312
19 720701
20 230
20 231
20 232
20 234
20 720702
21 9
21 10
21 11
21 13
21 163
22 99
22 131
22 132
22 133
22 195
22 236
22 237
23 3
23 20
23 195
23 10402
23 10404
23 720703
24 10
24 283
24 284
24 286
24 382658
25 4
25 5
25 99
25 131
25 132
25 133
25 152
25 720704
26 3
26 4
26 5
26 31920
26 31922
26 720705
27 67
27 296
27 462
27 9802
27 9803
27 720706
28 71
28 76
28 190
28 191
28 720707
seqId 98
1 51
1 52
1 2054
1 2056
1 720708
2 76
2 592
2 593
2 595
2 720709
3 3
3 4
3 5
3 682
3 684
3 720710
4 9
4 10
4 11
4 13
4 720711
5 5
5 27
5 99
5 131
5 132
5 133
5 135
5 720712
6 3
6 5
6 20
6 4311
6 14516
6 720713
7 3
7 4
7 5
7 15
7 17
7 720714
8 9
8 10
8 11
8 13
8 720715
9 5
9 27
9 99
9 131
9 132
9 133
9 135
9 720716
10 2
10 3
10 4
10 5
10 181
10 720717
seqId 99
1 5
1 99
1 115
1 773
1 776
1 2192
1 28103
1 62724
1 494997
2 2
2 3
2 4
2 5
2 181
2 720718
3 5
3 84
3 91
3 93
3 121
3 703
3 707
3 956
3 353614
4 3
4 5
4 20
4 2034
4 2036
4 353615
5 9
5 10
5 11
5 13
5 720719
6 5
6 27
6 99
6 131
6 132
6 133
6 135
6 720720
7 3
7 4
7 5
7 2997
7 2999
7 720721
8 4
8 5
8 202
8 4904
8 4906
8 720722
9 230
9 231
9 232
9 234
9 720723
10 9
10 10
10 11
10 13
10 163
11 99
11 131
11 132
11 133
11 195
11 236
11 237
12 3
12 4
12 195
12 313
12 315
12 720724
13 4
13 195
13 202
13 1399
13 1401
13 720725
14 243
14 244
14 245
14 247
14 720726
15 4
15 195
15 202
15 3199
15 4859
15 720727
16 9
16 10
16 11
16 13
16 720728
17 5
17 27
17 99
17 131
17 132
17 133
17 135
17 720729
18 3
18 4
18 5
18 597
18 599
18 720730
19 67
19 72
19 603
19 792
19 9773
19 18319
19 21380
19 21381
19 720731
20 76
20 342
20 343
20 345
20 720732
21 10
21 1387
21 1388
21 1390
21 720733
22 4
22 5
22 82
22 759
22 1432
22 1434
22 720734
23 4
23 5
23 82
23 83
23 84
23 115
23 763
23 1264
23 720735
24 5
24 84
24 90
24 91
24 93
24 121
24 5223
24 5225
24 720736
25 99
25 133
25 175
25 176
25 195
25 234
25 498998
26 3
26 20
26 195
26 5228
26 5230
26 720737
27 660
27 7237
27 10032
27 10034
27 720738
28 20
28 195
28 202
28 340
28 5232
28 5234
28 720739
29 76
29 342
29 343
29 345
29 130520
30 660
30 1539
30 1622
30 1625
30 720740
31 660
31 3768
31 3769
31 3771
31 720741
32 10
32 146
32 147
32 149
32 47661
33 5
33 27
33 99
33 131
33 132
33 133
33 135
33 720742
34 3
34 4
34 5
34 7295
34 7297
34 121857
35 9
35 10
35 11
35 13
35 130527
36 5
36 27
36 99
36 131
36 132
36 133
36 135
36 720743
37 3
37 4
37 5
37 61782
37 61784
37 720744
38 230
38 231
38 232
38 234
38 35622
39 9
39 10
39 11
39 13
39 163
40 99
40 131
40 132
40 133
40 195
40 236
40 237
41 3
41 20
41 195
41 384
41 3094
41 720745
42 20
42 195
42 202
42 1777
42 1808
42 1809
42 4904
42 720746
43 76
43 342
43 343
43 345
43 216098
44 27
44 944
44 945
44 1463
44 3308
44 720747
45 10
45 146
45 149
45 2548
45 720748
46 3
46 5
46 20
46 38959
46 38961
46 382706
47 4
47 5
47 99
47 131
47 132
47 133
47 152
47 720749
48 3
48 4
48 5
48 7803
48 7805
48 720750
49 230
49 231
49 232
49 234
49 382711
50 9
50 10
50 11
50 13
50 163
51 99
51 131
51 132
51 133
51 195
51 236
51 237
52 3
52 20
52 72
52 195
52 340
52 1227
52 1229
52 1230
52 1231
52 720751
53 9
53 10
53 11
53 13
53 720752
54 5
54 27
54 99
54 131
54 132
54 133
54 135
54 720753
55 5
55 67
55 5492
55 5494
55 5495
55 720754
56 2822
56 2823
56 2824
56 2826
56 720755
57 10
57 146
57 147
57 149
57 722
58 99
58 131
58 132
58 133
58 195
58 236
58 237
59 3
59 20
59 195
59 2863
59 10735
59 720756
60 20
60 195
60 202
60 340
60 10523
60 10525
60 720757
61 27
61 82
61 759
61 944
61 1463
61 720758
62 4
62 5
62 82
62 83
62 84
62 115
62 763
62 1264
62 720759
63 5
63 84
63 90
63 91
63 93
63 121
63 2832
63 11345
63 720760
64 71
64 76
64 190
64 191
64 720761
seqId 100
1 5
1 27
1 99
1 131
1 132
1 133
1 699
1 720762
2 5
2 67
2 5492
2 5494
2 5495
2 720763
3 5
3 84
3 90
3 91
3 93
3 121
3 14803
3 152679
3 720764
4 660
4 1513
4 1514
4 1516
4 720765
5 76
5 342
5 343
5 345
5 720766
6 10
6 1387
6 1388
6 1390
6 720767
7 99
7 131
7 132
7 133
7 195
7 237
7 720768
8 20
8 195
8 202
8 2294
8 3837
8 720769
9 3
9 20
9 195
9 217
9 1506
9 720770
10 9
10 10
10 11
10 13
10 720771
11 3
11 4
11 5
11 15
11 17
11 353686
12 9
12 10
12 11
12 13
12 424211
13 5
13 27
13 99
13 131
13 132
13 133
13 135
13 720772
14 5
14 67
14 1256
14 1258
14 1259
14 720773
15 76
15 342
15 343
15 345
15 720774
16 10
16 146
16 147
16 149
16 720775
17 4
17 5
17 99
17 133
17 175
17 176
17 178
17 720776
18 3
18 4
18 5
18 6082
18 19568
18 720777
19 75
19 76
19 77
19 79
19 720778
20 4
20 5
20 99
20 131
20 132
20 133
20 152
20 302244
21 4
21 5
21 67
21 6076
21 6078
21 6079
21 720779
22 71
22 76
22 190
22 191
22 216148
seqId 101
1 4
1 5
1 98
1 99
1 100
1 4105
1 720780
2 3
2 4
2 5
2 6082
2 19568
2 325861
3 5
3 84
3 90
3 91
3 93
3 121
3 17921
3 720782
3 720783
4 5
4 99
4 131
4 132
4 133
4 135
4 171
4 720784
5 3
5 4
5 5
5 36392
5 36394
5 720785
6 4
6 5
6 202
6 3127
6 3129
6 720786
7 243
7 244
7 245
7 247
7 720787
8 4
8 5
8 202
8 302
8 304
8 720788
9 243
9 244
9 245
9 247
9 345138
10 4
10 5
10 99
10 131
10 132
10 133
10 152
10 216163
11 3
11 4
11 5
11 7721
11 7723
11 720789
12 9
12 10
12 11
12 13
12 409559
13 4
13 5
13 82
13 84
13 85
13 1310
13 25794
13 720790
14 230
14 231
14 232
14 234
14 720791
15 9
15 10
15 11
15 13
15 163
16 99
16 131
16 132
16 133
16 195
16 236
16 237
17 2
17 3
17 4
17 195
17 4286
17 720792
18 4
18 90
18 122
18 195
18 708
18 713
18 2787
18 4288
18 4290
18 720793
19 76
19 342
19 343
19 345
19 720794
20 9
20 10
20 13
20 1539
20 609430
21 3
21 4
21 5
21 17932
21 17934
21 720795
22 944
22 945
22 946
22 948
22 495066
23 5
23 99
23 115
23 773
23 775
23 776
23 2192
23 3593
23 720796
24 3
24 4
24 5
24 1573
24 1575
24 720797
25 4
25 5
25 202
25 2742
25 16528
25 720798
26 5
26 84
26 93
26 121
26 703
26 707
26 2699
26 4415
26 720799
27 4
27 5
27 90
27 122
27 708
27 713
27 26703
27 65354
27 720800
28 660
28 1796
28 1797
28 1799
28 35699
29 717
29 718
29 719
29 721
29 302275
30 10
30 146
30 147
30 149
30 722
31 5
31 20
31 99
31 131
31 132
31 133
31 165
31 166
32 3
32 5
32 20
32 13338
32 13340
32 720801
33 230
33 231
33 232
33 234
33 121929
34 9
34 10
34 11
34 13
34 163
35 99
35 131
35 132
35 133
35 195
35 236
35 237
36 3
36 4
36 15
36 195
36 4121
36 345158
37 4
37 90
37 122
37 195
37 708
37 713
37 3686
37 5120
37 720802
38 944
38 945
38 946
38 948
38 720803
39 9
39 10
39 11
39 13
39 47767
40 5
40 99
40 115
40 773
40 775
40 776
40 2192
40 3593
40 720804
41 3
41 5
41 20
41 13025
41 30421
41 599655
42 9
42 10
42 11
42 13
42 495079
43 3
43 5
43 20
43 24881
43 24883
43 720805
44 71
44 76
44 190
44 191
44 302286
seqId 102
1 4
1 5
1 99
1 131
1 132
1 133
1 811
1 302287
2 3
2 4
2 5
2 504
2 14984
2 720806
3 9
3 10
3 11
3 13
3 361733
4 4
4 5
4 99
4 131
4 132
4 133
4 152
4 609452
5 4
5 5
5 67
5 6076
5 6078
5 6079
5 720807
6 5
6 84
6 91
6 93
6 121
6 702
6 703
6 705
6 599664
7 5
7 20
7 90
7 122
7 708
7 769
7 2333
7 7738
7 720808
8 660
8 1513
8 1514
8 1516
8 669442
9 9
9 10
9 24
9 26
9 27
9 720809
10 90
10 443
10 2832
10 10563
10 720810
11 99
11 133
11 175
11 176
11 195
11 234
11 720811
12 3
12 4
12 195
12 2828
12 2830
12 720812
13 4
13 195
13 202
13 302
13 1655
13 720813
14 10
14 126
14 127
14 129
14 4320
15 99
15 133
15 175
15 176
15 195
15 234
15 720814
16 3
16 20
16 195
16 10801
16 14877
16 720815
17 20
17 195
17 202
17 5335
17 5564
17 720816
18 10
18 146
18 147
18 149
18 720817
19 4
19 195
19 202
19 1377
19 1379
19 720818
20 99
20 131
20 132
20 133
20 195
20 237
20 720819
21 2
21 3
21 4
21 195
21 4286
21 720820
22 71
22 76
22 190
22 191
22 720821
seqId 103
1 3
1 2548
1 9789
1 121757
1 669474
2 717
2 718
2 719
2 721
2 720822
3 10
3 146
3 147
3 149
3 722
4 5
4 20
4 99
4 131
4 132
4 133
4 165
4 166
5 5
5 20
5 202
5 29679
5 29681
5 720823
6 3
6 5
6 20
6 533
6 535
6 536
6 720824
7 9
7 10
7 11
7 13
7 170173
8 5
8 27
8 99
8 131
8 132
8 133
8 135
8 720825
9 5
9 67
9 5492
9 5494
9 5495
9 720826
10 10
10 146
10 147
10 149
10 609486
11 5
11 27
11 99
11 131
11 132
11 133
11 135
11 720827
12 3
12 4
12 5
12 2997
12 12501
12 720828
13 4
13 5
13 202
13 4904
13 4906
13 720829
14 243
14 244
14 245
14 247
14 499109
15 10
15 146
15 147
15 149
15 302331
16 4
16 5
16 99
16 131
16 132
16 133
16 152
16 461703
17 4
17 5
17 67
17 6076
17 6078
17 6079
17 720830
18 76
18 342
18 343
18 345
18 720831
19 99
19 133
19 175
19 176
19 195
19 234
19 130681
20 3
20 20
20 195
20 10660
20 10662
20 720832
21 20
21 90
21 122
21 195
21 340
21 708
21 713
21 5773
21 16009
21 720833
22 82
22 84
22 114
22 115
22 116
22 1361
22 720834
23 84
23 91
23 93
23 121
23 195
23 703
23 707
23 1858
23 720835
24 20
24 90
24 122
24 195
24 708
24 769
24 4190
24 22372
24 720836
25 10
25 1387
25 1388
25 1390
25 720837
26 4
26 85
26 99
26 195
26 2075
26 2771
26 720838
27 3
27 4
27 195
27 642
27 644
27 720839
28 9
28 10
28 11
28 13
28 720840
29 3
29 20
29 195
29 10402
29 10404
29 720841
30 76
30 342
30 343
30 345
30 720842
31 99
31 131
31 132
31 133
31 195
31 237
31 720843
32 4
32 82
32 84
32 85
32 175
32 178
32 195
32 340
32 720844
33 90
33 121
33 122
33 14803
33 14805
33 720845
34 10
34 146
34 147
34 149
34 720846
35 5
35 27
35 99
35 131
35 132
35 133
35 135
35 720847
36 5
36 67
36 1256
36 1258
36 1259
36 720848
37 76
37 413
37 414
37 416
37 720849
38 67
38 3812
38 8099
38 9769
38 9770
38 720851
38 720852
38 720853
39 76
39 433
39 434
39 436
39 121998
40 244
40 418
40 419
40 421
40 121999
41 10
41 146
41 147
41 149
41 720854
42 5
42 27
42 99
42 131
42 132
42 133
42 135
42 720855
43 3
43 4
43 5
43 597
43 599
43 720856
44 76
44 413
44 414
44 416
44 720857
45 64
45 67
45 3682
45 5524
45 5525
45 5527
45 5528
45 720858
46 76
46 433
46 434
46 436
46 720859
47 76
47 342
47 343
47 345
47 720860
48 99
48 131
48 132
48 133
48 195
48 237
48 720861
49 82
49 84
49 85
49 195
49 2294
49 3837
49 93810
50 4
50 90
50 122
50 195
50 340
50 708
50 713
50 2653
50 93132
50 187753
51 10
51 146
51 147
51 149
51 170216
52 99
52 133
52 175
52 176
52 195
52 234
52 720862
53 3
53 4
53 195
53 597
53 31151
53 93820
54 4
54 195
54 202
54 13830
54 53096
54 720863
55 76
55 413
55 414
55 416
55 720864
56 67
56 13528
56 13529
56 13531
56 720865
57 76
57 342
57 343
57 345
57 720866
58 67
58 1186
58 1728
58 5422
58 75863
58 410576
58 410577
58 720867
59 76
59 433
59 434
59 436
59 609535
60 71
60 76
60 190
60 191
60 720868
seqId 104
1 99
1 133
1 175
1 176
1 195
1 1886
1 216277
2 20
2 195
2 202
2 6111
2 9710
2 720869
3 3
3 20
3 195
3 10660
3 10662
3 720870
4 84
4 91
4 93
4 121
4 195
4 702
4 703
4 1062
4 461734
5 5
5 20
5 122
5 703
5 707
5 708
5 710
5 187763
6 20
6 90
6 122
6 195
6 340
6 708
6 713
6 526499
6 612517
6 720872
7 10
7 828
7 829
7 831
7 720873
8 4
8 5
8 99
8 131
8 132
8 133
8 152
8 409660
9 3
9 4
9 5
9 504
9 14984
9 399670
10 9
10 10
10 24
10 26
10 27
10 720874
11 5
11 20
11 99
11 133
11 175
11 176
11 1316
11 609543
12 3
12 5
12 20
12 2863
12 2865
12 720875
13 5
13 20
13 202
13 5335
13 8517
13 720876
14 2822
14 2823
14 2824
14 2826
14 720877
15 10
15 146
15 147
15 149
15 722
16 99
16 131
16 132
16 133
16 195
16 236
16 237
17 67
17 195
17 340
17 4925
17 31942
17 720878
18 9
18 10
18 11
18 13
18 720879
19 3
19 5
19 20
19 222
19 371
19 720880
20 230
20 231
20 232
20 234
20 720881
21 9
21 10
21 11
21 13
21 163
22 99
22 131
22 132
22 133
22 195
22 236
22 237
23 3
23 4
23 195
23 239
23 241
23 720882
24 243
24 244
24 245
24 247
24 720883
25 9
25 10
25 11
25 13
25 720884
26 3
26 5
26 20
26 222
26 371
26 720885
27 5
27 20
27 202
27 322
27 36035
27 720886
28 76
28 342
28 343
28 345
28 495166
29 99
29 131
29 132
29 133
29 195
29 237
29 499160
30 3
30 20
30 195
30 2034
30 3403
30 720887
31 9
31 10
31 11
31 13
31 720888
32 5
32 27
32 99
32 131
32 132
32 133
32 135
32 720889
33 5
33 67
33 5492
33 5494
33 5495
33 720890
34 90
34 121
34 122
34 28166
34 213925
34 720891
35 660
35 7237
35 10032
35 10034
35 720892
36 20
36 90
36 122
36 195
36 708
36 713
36 33058
36 116662
36 720893
37 10
37 146
37 147
37 149
37 720894
38 5
38 27
38 99
38 131
38 132
38 133
38 135
38 424337
39 3
39 4
39 5
39 55065
39 104238
39 720895
40 9
40 10
40 24
40 26
40 27
40 720896
41 90
41 443
41 705
41 4929
41 549510
41 720897
42 5
42 20
42 99
42 131
42 132
42 133
42 166
42 47905
43 3
43 5
43 20
43 45814
43 208362
43 720898
44 9
44 10
44 11
44 13
44 302410
45 67
45 31939
45 31940
45 31942
45 720899
46 10
46 146
46 147
46 149
46 720900
47 4
47 5
47 99
47 131
47 132
47 133
47 152
47 720901
48 3
48 4
48 5
48 2613
48 2615
48 720902
49 9
49 10
49 11
49 13
49 216310
50 5
50 27
50 99
50 131
50 132
50 133
50 135
50 720903
51 2
51 3
51 4
51 5
51 181
51 720904
52 71
52 76
52 190
52 191
52 720905
seqId 105
1 10
1 828
1 1336
1 1539
1 495183
2 660
2 2210
2 2211
2 2213
2 399702
3 76
3 342
3 343
3 345
3 399703
4 99
4 131
4 132
4 133
4 195
4 237
4 720906
5 3
5 4
5 195
5 5512
5 5514
5 720907
6 4
6 195
6 202
6 6269
6 8995
6 495189
7 82
7 759
7 944
7 948
7 495190
8 5
8 27
8 99
8 131
8 132
8 133
8 135
8 720908
9 5
9 67
9 5492
9 5494
9 5495
9 720909
10 5
10 84
10 90
10 91
10 93
10 121
10 5223
10 5225
10 720910
11 10
11 1387
11 1388
11 1390
11 720911
12 5
12 27
12 99
12 131
12 132
12 133
12 135
12 353857
13 3
13 5
13 20
13 20716
13 20718
13 720912
14 5
14 20
14 202
14 322
14 36035
14 720913
15 76
15 342
15 343
15 345
15 720914
16 5
16 20
16 202
16 254
16 256
16 720915
17 243
17 244
17 245
17 247
17 720916
18 5
18 20
18 202
18 8705
18 49241
18 720917
19 84
19 90
19 91
19 93
19 121
19 195
19 11691
19 46608
19 720918
20 10
20 7340
20 9033
20 9035
20 720919
21 660
21 2586
21 2587
21 2589
21 720920
22 51
22 195
22 1368
22 1370
22 720921
23 3
23 4
23 195
23 340
23 25222
23 25224
23 720922
24 4
24 195
24 202
24 6320
24 114345
24 720923
25 71
25 76
25 190
25 191
25 720924
seqId 106
1 9
1 10
1 27
1 40
1 42
1 461788
2 4
2 5
2 99
2 133
2 175
2 176
2 178
2 720925
3 3
3 4
3 5
3 5469
3 5471
3 720926
4 76
4 342
4 343
4 345
4 720927
5 5
5 85
5 99
5 10078
5 10080
5 720928
6 3
6 4
6 5
6 729
6 4454
6 720929
7 99
7 133
7 175
7 176
7 195
7 234
7 130800
8 3
8 4
8 15
8 195
8 4121
8 599775
9 84
9 91
9 93
9 121
9 195
9 703
9 707
9 1858
9 720930
10 4
10 90
10 122
10 195
10 340
10 708
10 713
10 11173
10 66856
10 399734
11 82
11 758
11 759
11 761
11 720931
12 84
12 90
12 91
12 93
12 121
12 195
12 702
12 1062
12 35905
13 10
13 378
13 379
13 381
13 720932
14 3
14 5
14 20
14 9702
14 44909
14 720933
15 99
15 133
15 175
15 176
15 195
15 234
15 720934
16 3
16 4
16 195
16 7319
16 47959
16 58061
17 36
17 67
17 3212
17 6743
17 6744
17 6746
17 720935
18 71
18 76
18 190
18 191
18 93913
seqId 107
1 9
1 10
1 27
1 40
1 42
1 720936
2 4
2 5
2 202
2 2294
2 2296
2 720937
3 3
3 4
3 5
3 5469
3 5471
3 720938
4 76
4 342
4 343
4 345
4 461817
5 10
5 109
5 112
5 1539
5 4573
6 3
6 4
6 5
6 1542
6 1544
6 720939
7 660
7 6695
7 6696
7 6698
7 720940
8 9
8 10
8 11
8 13
8 720941
9 5
9 27
9 99
9 131
9 132
9 133
9 135
9 720942
10 3
10 4
10 5
10 9397
10 40093
10 720943
11 4
11 5
11 202
11 3303
11 3305
11 720944
12 10
12 1605
12 1606
12 1608
12 720945
13 5
13 27
13 99
13 131
13 132
13 133
13 135
13 720946
14 5
14 67
14 5492
14 5494
14 5495
14 720947
15 243
15 244
15 245
15 247
15 720948
16 5
16 20
16 99
16 131
16 132
16 133
16 166
16 35922
17 5
17 20
17 67
17 31939
17 31942
17 720949
18 9
18 10
18 11
18 13
18 720950
19 3
19 5
19 20
19 222
19 224
19 720951
20 5
20 20
20 202
20 322
20 36035
20 720952
21 76
21 342
21 343
21 345
21 409767
22 10
22 109
22 112
22 1539
22 720953
23 3
23 5
23 20
23 1601
23 1603
23 720954
24 99
24 115
24 195
24 773
24 774
24 775
24 776
24 3400
24 424414
25 3
25 4
25 195
25 70648
25 138647
25 720955
26 4
26 195
26 202
26 340
26 5516
26 5518
26 720956
27 10
27 1387
27 1388
27 1390
27 720957
28 5
28 99
28 115
28 773
28 775
28 776
28 2192
28 3593
28 187869
29 3
29 5
29 20
29 12684
29 12686
29 720958
30 10
30 109
30 110
30 112
30 93950
31 3
31 5
31 20
31 55659
31 55661
31 720959
32 76
32 342
32 343
32 345
32 720960
33 99
33 133
33 175
33 176
33 195
33 234
33 720961
34 3
34 20
34 195
34 5228
34 5230
34 720962
35 20
35 195
35 202
35 340
35 2481
35 2483
35 720963
36 84
36 91
36 93
36 121
36 195
36 702
36 703
36 1062
36 720964
37 660
37 2586
37 2587
37 2589
37 720965
38 5
38 20
38 122
38 703
38 707
38 708
38 710
38 720966
39 20
39 90
39 122
39 195
39 340
39 708
39 713
39 5138
39 5140
39 720967
40 10
40 1387
40 1388
40 1390
40 720968
41 99
41 131
41 132
41 133
41 195
41 237
41 170348
42 3
42 4
42 195
42 2818
42 2820
42 720969
43 71
43 76
43 190
43 191
43 720970
seqId 108
1 5
1 27
1 99
1 131
1 132
1 133
1 699
1 720971
2 5
2 67
2 5492
2 5494
2 5495
2 720972
3 27
3 82
3 84
3 114
3 115
3 116
3 118
3 720973
4 5
4 84
4 91
4 93
4 121
4 703
4 707
4 956
4 58608
5 660
5 1513
5 1514
5 1516
5 720974
6 5
6 20
6 90
6 122
6 708
6 769
6 33058
6 33060
6 720975
7 76
7 342
7 343
7 345
7 345384
8 10
8 3889
8 3891
8 9630
8 720976
9 4
9 5
9 99
9 115
9 773
9 774
9 775
9 776
9 3330
9 720977
10 3
10 4
10 5
10 504
10 14984
10 720978
11 76
11 342
11 343
11 345
11 720979
12 10
12 146
12 147
12 149
12 216410
13 90
13 443
13 5138
13 20731
13 720980
14 99
14 133
14 175
14 176
14 195
14 234
14 720981
15 3
15 20
15 195
15 10660
15 10662
15 720982
16 20
16 195
16 202
16 340
16 2481
16 2483
16 720983
17 10
17 1387
17 1388
17 1390
17 720984
18 5
18 20
18 99
18 131
18 132
18 133
18 166
18 170366
19 3
19 5
19 20
19 1892
19 37252
19 720985
20 5
20 20
20 202
20 36833
20 216830
20 720986
21 10
21 283
21 284
21 286
21 720987
22 99
22 115
22 195
22 773
22 774
22 775
22 776
22 3400
22 720988
23 4
23 195
23 202
23 1951
23 1953
23 720989
24 3
24 4
24 195
24 58086
24 58088
24 720990
25 71
25 76
25 190
25 191
25 720991
seqId 109
1 5
1 20
1 27
1 36
1 82
1 84
1 98
1 100
1 720992
2 5
2 84
2 91
2 93
2 121
2 703
2 707
2 956
2 424451
3 660
3 976
3 977
3 979
3 720993
4 944
4 945
4 946
4 948
4 720994
5 99
5 133
5 175
5 176
5 195
5 234
5 170381
6 3
6 20
6 195
6 7808
6 7810
6 720995
7 230
7 231
7 232
7 234
7 326129
8 9
8 10
8 11
8 13
8 163
9 99
9 131
9 132
9 133
9 195
9 236
9 237
10 3
10 4
10 195
10 340
10 13152
10 103436
10 122175
10 221813
10 720996
11 84
11 91
11 93
11 121
11 195
11 703
11 707
11 1858
11 720997
12 660
12 12538
12 12539
12 12541
12 720998
13 20
13 90
13 122
13 195
13 708
13 713
13 3581
13 11758
13 720999
14 10
14 146
14 147
14 149
14 599854
15 90
15 443
15 7504
15 9112
15 721000
16 660
16 2136
16 2137
16 2139
16 721001
17 9
17 10
17 11
17 13
17 495296
18 99
18 115
18 195
18 773
18 776
18 2192
18 28103
18 28931
18 721002
19 3
19 20
19 195
19 340
19 2887
19 2889
19 526637
20 243
20 244
20 245
20 247
20 170400
21 944
21 945
21 946
21 948
21 721003
22 76
22 342
22 343
22 345
22 721004
23 5
23 85
23 99
23 10078
23 10080
23 721005
24 3
24 4
24 5
24 729
24 4454
24 721006
25 76
25 342
25 343
25 345
25 302563
26 5
26 84
26 91
26 93
26 121
26 703
26 707
26 956
26 721007
27 5
27 20
27 90
27 122
27 708
27 713
27 5533
27 8486
27 721008
28 5
28 20
28 99
28 131
28 132
28 133
28 166
28 345427
29 3
29 5
29 20
29 32417
29 145521
29 721009
30 717
30 718
30 719
30 721
30 721010
31 10
31 146
31 147
31 149
31 722
32 5
32 20
32 99
32 131
32 132
32 133
32 165
32 166
33 5
33 20
33 67
33 407
33 61500
33 721012
33 721013
34 9
34 10
34 24
34 26
34 27
34 721014
35 4
35 5
35 51
35 175
35 178
35 721015
36 3
36 4
36 5
36 11209
36 11211
36 721016
37 9
37 10
37 24
37 26
37 27
37 721017
38 3
38 20
38 195
38 7149
38 7151
38 599871
39 158
39 159
39 160
39 162
39 383028
40 9
40 10
40 11
40 13
40 163
41 5
41 20
41 99
41 131
41 132
41 133
41 165
41 166
42 5
42 20
42 67
42 31939
42 31942
42 721018
43 51
43 195
43 2054
43 2056
43 721019
44 9
44 10
44 11
44 13
44 94027
45 3
45 5
45 20
45 222
45 224
45 721020
46 5
46 20
46 202
46 322
46 36035
46 721021
47 76
47 342
47 343
47 345
47 721022
48 10
48 109
48 110
48 112
48 721023
49 4
49 5
49 202
49 429106
49 429107
49 721024
50 3
50 4
50 5
50 369227
50 369229
50 721025
51 10
51 1387
51 1388
51 1390
51 721026
52 5
52 20
52 99
52 131
52 132
52 133
52 166
52 326172
53 3
53 5
53 20
53 31623
53 31625
53 721027
54 5
54 20
54 90
54 122
54 708
54 713
54 32078
54 32080
54 187954
55 10
55 828
55 829
55 831
55 721028
56 67
56 72
56 51488
56 721030
56 721031
56 721032
56 721033
57 67
57 1845
57 324081
57 324082
57 324084
57 721034
58 76
58 342
58 343
58 345
58 669702
59 3
59 5
59 20
59 62155
59 62157
59 721035
60 9
60 10
60 11
60 13
60 94044
61 5
61 27
61 99
61 131
61 132
61 133
61 135
61 669704
62 5
62 67
62 5492
62 5494
62 5495
62 721036
63 76
63 342
63 343
63 345
63 721037
64 10
64 283
64 284
64 286
64 721038
65 99
65 131
65 132
65 133
65 195
65 237
65 461918
66 3
66 4
66 195
66 6950
66 6952
66 721039
67 4
67 195
67 202
67 2923
67 13478
67 721040
68 71
68 76
68 190
68 191
68 721041
seqId 110
1 660
1 2547
1 2548
1 2550
1 362065
2 10
2 146
2 147
2 149
2 721042
3 5
3 27
3 99
3 131
3 132
3 133
3 135
3 721043
4 3
4 4
4 5
4 2532
4 2534
4 721044
5 9
5 10
5 11
5 13
5 721045
6 5
6 27
6 99
6 131
6 132
6 133
6 135
6 721046
7 3
7 4
7 5
7 897
7 899
7 721047
8 9
8 10
8 11
8 13
8 721048
9 5
9 99
9 115
9 773
9 776
9 2192
9 28103
9 28105
9 721049
10 3
10 5
10 20
10 4434
10 4436
10 721050
11 10
11 126
11 127
11 129
11 721051
12 5
12 20
12 99
12 131
12 132
12 133
12 166
12 495335
13 3
13 5
13 20
13 951
13 953
13 495336
14 5
14 20
14 202
14 3001
14 3343
14 721052
15 945
15 1010
15 1011
15 1013
15 721053
16 5
16 20
16 202
16 2923
16 2925
16 721054
17 76
17 342
17 343
17 345
17 130958
18 4
18 5
18 82
18 83
18 84
18 115
18 763
18 1264
18 721055
19 82
19 84
19 114
19 115
19 116
19 1361
19 599906
20 5
20 84
20 90
20 91
20 93
20 121
20 7254
20 30917
20 721056
21 9
21 10
21 11
21 13
21 609702
22 4
22 85
22 99
22 195
22 1951
22 1953
22 721057
23 3
23 4
23 195
23 3615
23 35716
23 721058
24 76
24 413
24 414
24 416
24 721059
25 71
25 509
25 1642
25 721061
25 721062
25 721063
25 721064
26 3
26 4
26 5
26 3199
26 3201
26 721065
27 4
27 5
27 202
27 302
27 304
27 721066
28 76
28 433
28 434
28 436
28 721067
29 71
29 76
29 190
29 191
29 721068
seqId 111
1 51
1 52
1 1705
1 1707
1 721069
2 76
2 592
2 593
2 595
2 721070
3 3
3 20
3 195
3 9675
3 14622
3 721071
4 243
4 244
4 245
4 247
4 383082
5 3
5 4
5 195
5 897
5 3520
5 721072
6 9
6 10
6 11
6 13
6 609713
7 3
7 4
7 5
7 15
7 17
7 721073
seqId 112
1 76
1 413
1 414
1 416
1 721074
2 10
2 378
2 379
2 381
2 345504
3 5
3 27
3 99
3 131
3 132
3 133
3 135
3 170486
4 2
4 3
4 4
4 5
4 181
4 721075
5 244
5 19444
5 19445
5 19447
5 721076
6 10
6 828
6 829
6 831
6 721077
7 3
7 4
7 5
7 642
7 23331
7 721078
8 244
8 418
8 419
8 421
8 721079
9 3
9 5
9 20
9 1684
9 13711
9 721080
10 76
10 433
10 434
10 436
10 721081
seqId 113
1 3
1 5
1 20
1 4038
1 4040
1 599925
2 5
2 202
2 302
2 304
2 721082
seqId 114
1 660
1 3319
1 39691
1 39693
1 721083
2 9
2 10
2 11
2 13
2 409917
3 90
3 443
3 44662
3 105150
3 721084
4 99
4 131
4 132
4 133
4 195
4 237
4 721085
5 3
5 20
5 195
5 56466
5 78087
5 362111
6 4326
6 4327
6 4328
6 4330
6 721086
7 10
7 146
7 147
7 149
7 722
8 20
8 82
8 195
8 759
8 1432
8 4332
8 4333
9 84
9 91
9 93
9 121
9 195
9 703
9 707
9 1858
9 326254
10 20
10 90
10 122
10 195
10 708
10 713
10 3969
10 29632
10 721087
11 99
11 131
11 132
11 133
11 195
11 237
11 721088
12 3
12 20
12 195
12 3632
12 3634
12 302662
13 158
13 159
13 160
13 162
13 461974
14 9
14 10
14 11
14 13
14 163
15 5
15 20
15 99
15 131
15 132
15 133
15 165
15 166
16 3
16 5
16 20
16 5018
16 5020
16 721089
17 5
17 72
17 202
17 6754
17 6756
17 6757
17 721090
18 76
18 342
18 343
18 345
18 188032
19 5
19 20
19 82
19 84
19 115
19 763
19 1002
19 721091
20 5
20 84
20 91
20 93
20 121
20 703
20 707
20 956
20 302678
21 5
21 20
21 90
21 122
21 708
21 28145
21 28147
21 721092
22 5
22 202
22 3954
22 3956
22 721093
23 9
23 10
23 24
23 26
23 27
23 721094
24 90
24 443
24 3257
24 14916
24 94134
25 99
25 133
25 176
25 195
25 13851
25 13853
25 599943
26 4
26 195
26 202
26 7021
26 38246
26 721095
27 3
27 4
27 195
27 19053
27 116620
27 326274
28 4
28 195
28 202
28 3244
28 24645
28 721096
29 76
29 342
29 343
29 345
29 609744
30 10
30 146
30 147
30 149
30 721097
31 5
31 27
31 99
31 131
31 132
31 133
31 135
31 721098
32 3
32 4
32 5
32 705
32 161186
32 201479
32 721099
33 12196
33 12197
33 12198
33 12200
33 721100
34 9
34 10
34 11
34 13
34 163
35 4
35 82
35 195
35 759
35 1432
35 12202
35 12203
36 84
36 91
36 93
36 121
36 195
36 702
36 703
36 1062
36 424572
37 122
37 703
37 707
37 708
37 710
37 302694
38 4
38 90
38 122
38 195
38 708
38 713
38 3686
38 5120
38 495394
39 99
39 131
39 132
39 133
39 195
39 237
39 721101
40 4
40 195
40 202
40 2075
40 2771
40 721102
41 3
41 4
41 15
41 195
41 4121
41 721103
42 71
42 76
42 190
42 191
42 721104
seqId 115
1 98
1 99
1 100
1 195
1 8870
1 721105
2 3
2 4
2 195
2 19053
2 116620
2 721106
3 84
3 90
3 91
3 93
3 121
3 195
3 702
3 1062
3 721107
4 3
4 5
4 20
4 22992
4 22994
4 721108
5 9
5 10
5 24
5 26
5 27
5 721109
6 4
6 5
6 99
6 133
6 175
6 176
6 178
6 4971
7 3
7 4
7 5
7 5469
7 5471
7 721110
8 10
8 146
8 147
8 149
8 721111
9 4
9 5
9 99
9 131
9 132
9 133
9 152
9 721112
10 3
10 4
10 5
10 13423
10 31090
10 31447
10 721113
11 243
11 244
11 245
11 247
11 721114
12 10
12 146
12 147
12 149
12 721115
13 5
13 27
13 99
13 131
13 132
13 133
13 135
13 721116
14 3
14 4
14 5
14 94162
14 329842
14 329844
15 4
15 5
15 202
15 7602
15 7687
15 216582
16 230
16 231
16 232
16 234
16 669784
17 9
17 10
17 11
17 13
17 163
18 99
18 131
18 132
18 133
18 195
18 236
18 237
19 3
19 20
19 195
19 13358
19 13360
19 721117
20 20
20 195
20 202
20 3001
20 7424
20 721118
21 10
21 378
21 379
21 381
21 721119
22 90
22 443
22 102638
22 625540
22 721120
23 5
23 20
23 98
23 99
23 100
23 102
23 188084
24 3
24 5
24 20
24 30034
24 46931
24 721121
25 76
25 342
25 343
25 345
25 48258
26 9
26 10
26 24
26 26
26 27
26 721122
27 4
27 5
27 202
27 2294
27 2296
27 721123
28 3
28 4
28 5
28 5469
28 5471
28 721124
29 10
29 146
29 147
29 149
29 36207
30 4
30 5
30 99
30 131
30 132
30 133
30 152
30 599968
31 3
31 4
31 5
31 72104
31 72106
31 721125
32 10
32 109
32 110
32 112
32 721126
33 3
33 4
33 5
33 3441
33 33896
33 721127
34 9
34 10
34 11
34 13
34 36210
35 5
35 27
35 99
35 131
35 132
35 133
35 135
35 721128
36 3
36 5
36 20
36 3997
36 3999
36 354127
37 9
37 10
37 24
37 26
37 27
37 721129
38 3
38 4
38 5
38 26362
38 26364
38 721130
39 243
39 244
39 245
39 247
39 721131
40 9
40 10
40 11
40 13
40 721132
41 4
41 5
41 99
41 131
41 132
41 133
41 152
41 721133
42 3
42 4
42 5
42 10121
42 82115
42 462152
42 721135
42 721136
43 230
43 231
43 232
43 234
43 721137
44 9
44 10
44 11
44 13
44 163
45 99
45 131
45 132
45 133
45 195
45 236
45 237
46 3
46 4
46 195
46 340
46 6146
46 6148
46 721138
47 76
47 342
47 343
47 345
47 721139
48 660
48 5049
48 5050
48 5052
48 721140
49 2822
49 2823
49 2824
49 2826
49 669797
50 10
50 146
50 147
50 149
50 722
51 99
51 131
51 132
51 133
51 195
51 236
51 237
52 20
52 195
52 202
52 795
52 2446
52 669798
53 3
53 20
53 195
53 33358
53 34347
53 721141
54 243
54 244
54 245
54 247
54 5038
55 3
55 20
55 195
55 340
55 34139
55 34140
55 94198
56 10
56 283
56 284
56 286
56 721142
57 20
57 82
57 195
57 759
57 1432
57 4333
57 721143
58 3
58 5
58 20
58 2081
58 29574
58 721144
59 243
59 244
59 245
59 247
59 188114
60 3
60 5
60 20
60 72
60 3987
60 61080
60 721146
60 721147
61 82
61 84
61 114
61 115
61 116
61 1361
61 499470
62 84
62 90
62 91
62 93
62 121
62 195
62 7254
62 175109
62 721148
63 76
63 342
63 343
63 345
63 721149
64 10
64 279
64 11672
64 11673
64 721150
65 99
65 133
65 175
65 176
65 195
65 234
65 58890
66 3
66 4
66 195
66 8152
66 8154
66 94214
67 4
67 195
67 202
67 14709
67 14711
67 721151
68 71
68 76
68 190
68 191
68 721152
seqId 116
1 10
1 283
1 3640
1 3642
1 345607
2 4
2 5
2 99
2 131
2 132
2 133
2 152
2 345608
3 3
3 4
3 5
3 4107
3 4109
3 721153
4 9
4 10
4 24
4 26
4 27
4 721154
5 90
5 443
5 36172
5 78363
5 721155
6 98
6 99
6 100
6 195
6 2073
6 345613
7 3
7 20
7 195
7 1892
7 1894
7 721156
8 9
8 10
8 11
8 13
8 362288
9 3
9 5
9 20
9 10370
9 10372
9 609806
10 82
10 758
10 759
10 761
10 721157
11 84
11 90
11 91
11 93
11 121
11 195
11 97300
11 97302
11 721158
12 5
12 20
12 99
12 131
12 132
12 133
12 166
12 216636
13 3
13 5
13 20
13 222
13 224
13 721159
14 5
14 20
14 202
14 322
14 36035
14 721160
15 76
15 342
15 343
15 345
15 721161
16 51
16 195
16 10375
16 10377
16 721162
17 20
17 195
17 202
17 7021
17 36568
17 721163
18 3
18 20
18 195
18 2320
18 16794
18 721164
19 84
19 91
19 93
19 121
19 195
19 702
19 703
19 1062
19 721165
20 5
20 20
20 122
20 703
20 707
20 708
20 710
20 721166
21 20
21 90
21 122
21 195
21 708
21 713
21 3884
21 62418
21 721167
22 76
22 342
22 343
22 345
22 721168
23 20
23 195
23 202
23 1377
23 5238
23 721169
24 99
24 131
24 132
24 133
24 195
24 237
24 721170
25 3
25 20
25 195
25 2034
25 3403
25 721171
26 9
26 10
26 11
26 13
26 326391
27 5
27 27
27 99
27 131
27 132
27 133
27 135
27 721172
28 5
28 67
28 5492
28 5494
28 5495
28 721173
29 90
29 121
29 122
29 702
29 2506
29 721174
30 660
30 6680
30 6681
30 6683
30 721175
31 3
31 4
31 5
31 21656
31 21658
31 721176
32 10
32 146
32 147
32 149
32 721177
33 90
33 443
33 7504
33 9112
33 721178
34 10
34 283
34 284
34 286
34 721179
35 5
35 20
35 82
35 84
35 85
35 1310
35 1312
35 721180
36 9
36 10
36 26
36 27
36 2548
36 721181
37 10
37 1605
37 1606
37 1608
37 721182
38 20
38 82
38 84
38 115
38 195
38 1262
38 1824
38 11772
38 721183
39 71
39 76
39 190
39 191
39 721184
seqId 117
1 4
1 5
1 99
1 131
1 132
1 133
1 811
1 36299
2 3
2 4
2 5
2 3199
2 5132
2 721185
3 4
3 5
3 90
3 122
3 708
3 713
3 3686
3 3765
3 721186
4 10
4 828
4 829
4 831
4 721187
5 5
5 27
5 99
5 131
5 132
5 133
5 135
5 721188
6 2
6 3
6 4
6 5
6 181
6 721189
7 76
7 342
7 343
7 345
7 94258
8 717
8 718
8 719
8 721
8 495484
9 10
9 146
9 147
9 149
9 722
10 5
10 20
10 99
10 131
10 132
10 133
10 165
10 166
11 3
11 5
11 20
11 389
11 391
11 721190
12 230
12 231
12 232
12 234
12 721191
13 9
13 10
13 11
13 13
13 163
14 99
14 131
14 132
14 133
14 195
14 236
14 237
15 51
15 195
15 11257
15 11259
15 721192
16 4
16 195
16 202
16 9960
16 28670
16 721193
17 3
17 4
17 195
17 729
17 731
17 721194
18 76
18 342
18 343
18 345
18 721195
19 5
19 84
19 91
19 92
19 93
19 703
19 707
19 16563
19 721196
20 4
20 5
20 90
20 122
20 708
20 713
20 3482
20 28887
20 721197
21 10
21 146
21 149
21 1539
21 721198
22 90
22 443
22 1334
22 8849
22 721199
23 9
23 10
23 24
23 26
23 27
23 721200
24 4
24 5
24 99
24 133
24 175
24 176
24 178
24 122478
25 3
25 4
25 5
25 4851
25 4853
25 721201
26 10
26 146
26 147
26 149
26 36329
27 3
27 5
27 20
27 159703
27 159705
27 721202
28 9
28 10
28 11
28 13
28 188183
29 5
29 20
29 82
29 84
29 85
29 1310
29 1312
29 721203
30 9
30 10
30 11
30 13
30 721204
31 98
31 99
31 100
31 195
31 2073
31 48439
32 3
32 20
32 195
32 2320
32 16794
32 48442
33 71
33 76
33 190
33 191
33 721205
seqId 118
1 3
1 5
1 20
1 1026
1 1104
1 9565
1 28544
1 721206
2 51
2 52
2 680
2 1993
2 721207
3 76
3 592
3 593
3 595
3 721208
seqId 119
1 5
1 27
1 99
1 131
1 132
1 133
1 699
1 721209
2 3
2 5
2 20
2 479
2 7526
2 719437
2 721210
3 5
3 20
3 202
3 1399
3 3538
3 188193
4 230
4 231
4 232
4 234
4 721211
5 9
5 10
5 11
5 13
5 163
6 99
6 131
6 132
6 133
6 195
6 236
6 237
7 3
7 4
7 195
7 5512
7 5514
7 721212
8 158
8 159
8 160
8 162
8 462100
9 9
9 10
9 11
9 13
9 163
10 5
10 20
10 99
10 131
10 132
10 133
10 165
10 166
11 3
11 5
11 20
11 1320
11 1322
11 721213
seqId 120
1 5
1 20
1 98
1 99
1 100
1 8099
1 721214
2 5
2 20
2 202
2 784
2 4033
2 721215
3 3
3 5
3 20
3 2320
3 2322
3 721216
4 5
4 84
4 90
4 91
4 93
4 121
4 3581
4 13072
4 721217
5 10
5 146
5 147
5 149
5 721218
6 90
6 443
6 11097
6 129080
6 721219
7 4
7 5
7 99
7 131
7 132
7 133
7 152
7 721220
8 3
8 4
8 5
8 3691
8 3693
8 721221
9 76
9 342
9 343
9 345
9 5196
10 10
10 283
10 284
10 286
10 721222
11 5
11 20
11 99
11 133
11 175
11 176
11 1316
11 721223
12 3
12 5
12 20
12 29708
12 29710
12 721224
13 9
13 10
13 11
13 13
13 721225
14 3
14 4
14 5
14 29783
14 40231
14 40232
14 438550
14 721227
15 76
15 342
15 343
15 345
15 462114
16 10
16 126
16 127
16 129
16 462115
17 99
17 131
17 132
17 133
17 195
17 237
17 609881
18 4
18 195
18 202
18 2075
18 2771
18 721228
19 3
19 4
19 195
19 33651
19 112726
19 721229
20 4
20 195
20 202
20 1399
20 1401
20 721230
21 10
21 146
21 149
21 2548
21 721231
22 3
22 5
22 20
22 38959
22 38961
22 721232
23 4
23 82
23 195
23 759
23 1432
23 12203
23 383301
24 82
24 84
24 114
24 115
24 116
24 1361
24 383302
25 84
25 90
25 91
25 93
25 121
25 195
25 755
25 1676
25 4779
25 721233
26 99
26 131
26 132
26 133
26 195
26 237
26 721234
27 3
27 4
27 195
27 5512
27 5514
27 600082
28 158
28 159
28 160
28 162
28 721235
29 9
29 10
29 11
29 13
29 163
30 5
30 20
30 99
30 131
30 132
30 133
30 165
30 166
31 3
31 5
31 20
31 1320
31 1322
31 721236
32 71
32 76
32 190
32 191
32 170712
seqId 121
1 660
1 2310
1 5237
1 11957
1 11959
2 945
2 2473
2 2474
2 2476
2 36405
3 4
3 5
3 99
3 928
3 929
3 16523
3 721237
4 3
4 4
4 5
4 27914
4 626574
4 721239
5 660
5 19030
5 19031
5 19033
5 721240
6 4
6 5
6 202
6 60119
6 410910
6 721241
7 660
7 661
7 910
7 1234
7 721242
8 82
8 83
8 84
8 115
8 195
8 237
8 1824
8 721243
9 5
9 84
9 90
9 91
9 93
9 121
9 128614
9 721245
9 721246
10 243
10 244
10 245
10 247
10 526882
11 945
11 2473
11 2474
11 2476
11 383320
12 5
12 99
12 115
12 773
12 775
12 776
12 2192
12 3593
12 721247
13 3
13 4
13 5
13 9397
13 40093
13 721248
14 5
14 84
14 91
14 93
14 121
14 703
14 707
14 956
14 721249
15 4
15 5
15 202
15 41909
15 41911
15 721250
16 76
16 342
16 343
16 345
16 326488
17 98
17 99
17 100
17 195
17 2073
17 122551
18 3
18 4
18 195
18 33651
18 112726
18 721251
19 82
19 84
19 114
19 115
19 116
19 1361
19 188255
20 84
20 90
20 91
20 93
20 121
20 195
20 755
20 23821
20 36076
20 188258
21 10
21 126
21 127
21 129
21 721252
22 51
22 195
22 1501
22 1503
22 721253
23 20
23 195
23 202
23 7021
23 36568
23 721254
24 3
24 20
24 195
24 340
24 178749
24 178751
24 721256
25 71
25 76
25 190
25 191
25 721257
seqId 122
1 51
1 52
1 680
1 1993
1 721258
seqId 123
1 76
1 433
1 434
1 436
1 721259
2 5
2 20
2 99
2 131
2 132
2 133
2 967
2 600109
3 5
3 20
3 202
3 784
3 4033
3 721260
4 3
4 5
4 20
4 178749
4 178751
4 721261
5 5
5 84
5 91
5 93
5 121
5 703
5 707
5 956
5 721262
6 5
6 20
6 82
6 84
6 100
6 4680
6 7814
6 721263
7 9
7 10
7 11
7 13
7 326504
8 5
8 27
8 99
8 131
8 132
8 133
8 135
8 721264
9 3
9 4
9 5
9 36053
9 36055
9 721265
10 243
10 244
10 245
10 247
10 721266
11 4
11 5
11 99
11 131
11 132
11 133
11 152
11 721267
12 3
12 4
12 5
12 49414
12 49416
12 721268
13 230
13 231
13 232
13 234
13 721269
14 9
14 10
14 11
14 13
14 163
15 99
15 131
15 132
15 133
15 195
15 236
15 237
16 3
16 20
16 195
16 7259
16 23768
16 721270
17 20
17 195
17 202
17 3386
17 3388
17 721271
18 230
18 231
18 232
18 234
18 721272
19 9
19 10
19 11
19 13
19 163
20 99
20 131
20 132
20 133
20 195
20 236
20 237
21 3
21 20
21 195
21 75747
21 75749
21 721273
22 71
22 76
22 190
22 191
22 424775
seqId 124
1 99
1 131
1 132
1 133
1 195
1 1220
1 721274
2 3
2 4
2 195
2 33651
2 112726
2 721275
3 4
3 195
3 202
3 1399
3 1401
3 721276
4 660
4 30602
4 30603
4 30605
4 383354
5 4
5 90
5 122
5 195
5 708
5 713
5 7704
5 34968
5 721277
6 84
6 91
6 93
6 121
6 195
6 703
6 707
6 1858
6 721278
7 4
7 5
7 99
7 131
7 132
7 133
7 152
7 362418
8 3
8 4
8 5
8 216867
8 223612
8 721279
9 4
9 5
9 202
9 3386
9 6768
9 721280
10 76
10 342
10 343
10 345
10 94437
11 4
11 5
11 90
11 122
11 708
11 713
11 17308
11 17310
11 721281
12 10
12 1010
12 1011
12 1013
12 721282
13 3
13 5
13 20
13 33911
13 33913
13 721283
14 76
14 342
14 343
14 345
14 721284
15 5
15 27
15 99
15 131
15 132
15 133
15 135
15 721285
16 3
16 5
16 20
16 11279
16 11281
16 721286
17 5
17 20
17 202
17 3386
17 10488
17 721287
18 9
18 10
18 11
18 13
18 721288
19 3
19 5
19 20
19 1320
19 1322
19 721289
20 82
20 758
20 759
20 761
20 600144
21 5
21 84
21 90
21 91
21 93
21 121
21 26567
21 671350
21 721290
22 4
22 5
22 98
22 99
22 100
22 1927
22 721291
23 3
23 4
23 5
23 216867
23 223612
23 721292
24 660
24 976
24 979
24 1458
24 721293
25 944
25 945
25 946
25 948
25 721294
26 99
26 131
26 132
26 133
26 195
26 237
26 721295
27 4
27 195
27 202
27 2075
27 2771
27 721296
28 3
28 4
28 195
28 8152
28 8154
28 721297
29 9
29 10
29 11
29 13
29 721298
30 3
30 4
30 5
30 13797
30 13799
30 721299
31 230
31 231
31 232
31 234
31 362442
32 9
32 10
32 11
32 13
32 163
33 99
33 131
33 132
33 133
33 195
33 236
33 237
34 3
34 20
34 195
34 7259
34 23768
34 362443
35 230
35 231
35 232
35 234
35 362444
36 9
36 10
36 11
36 13
36 163
37 99
37 131
37 132
37 133
37 195
37 236
37 237
38 3
38 20
38 195
38 102171
38 102173
38 721300
39 76
39 342
39 343
39 345
39 36515
40 10
40 2408
40 2410
40 10221
40 721301
41 90
41 443
41 319464
41 319466
41 721302
42 5
42 20
42 99
42 131
42 132
42 133
42 166
42 721303
43 3
43 5
43 20
43 222
43 224
43 721304
44 9
44 10
44 11
44 13
44 170794
45 5
45 27
45 99
45 131
45 132
45 133
45 135
45 721305
46 3
46 4
46 5
46 4804
46 33065
46 721306
47 4
47 5
47 202
47 3386
47 6768
47 721307
48 71
48 76
48 190
48 191
48 170798
seqId 125
1 5
1 20
1 98
1 99
1 100
1 8099
1 721308
2 3
2 5
2 20
2 272
2 894
2 721309
3 5
3 84
3 91
3 93
3 121
3 702
3 703
3 705
3 216826
4 5
4 20
4 122
4 703
4 707
4 708
4 710
4 721310
5 660
5 228423
5 228424
5 228426
5 721311
6 5
6 20
6 90
6 122
6 708
6 713
6 31757
6 66506
6 721312
7 10
7 828
7 829
7 831
7 36538
8 99
8 131
8 132
8 133
8 195
8 237
8 721313
9 3
9 4
9 195
9 2868
9 3551
9 721314
10 4
10 195
10 202
10 30394
10 30396
10 721315
11 230
11 231
11 232
11 234
11 345789
12 9
12 10
12 11
12 13
12 163
13 99
13 131
13 132
13 133
13 195
13 236
13 237
14 4
14 195
14 202
14 9960
14 28670
14 721316
15 3
15 4
15 195
15 729
15 731
15 721317
16 76
16 413
16 414
16 416
16 721318
17 3
17 4
17 5
17 7190
17 17555
17 721319
18 9
18 10
18 11
18 13
18 410236
19 3
19 4
19 5
19 221328
19 221330
19 721320
20 9
20 10
20 11
20 13
20 721321
21 5
21 27
21 99
21 131
21 132
21 133
21 135
21 721322
22 3
22 5
22 20
22 5417
22 38181
22 38183
23 158
23 159
23 160
23 162
23 721323
24 9
24 10
24 11
24 13
24 163
25 5
25 20
25 99
25 131
25 132
25 133
25 165
25 166
26 5
26 51
26 11455
26 16959
26 721324
27 3
27 5
27 20
27 1875
27 1877
27 721325
28 51
28 195
28 1851
28 1853
28 721326
29 76
29 342
29 343
29 345
29 170822
30 3
30 4
30 5
30 7190
30 17555
30 721327
31 67
31 340
31 41051
31 721329
31 721330
31 721331
31 721332
32 158
32 159
32 160
32 162
32 216855
33 9
33 10
33 11
33 13
33 163
34 5
34 20
34 99
34 131
34 132
34 133
34 165
34 166
35 5
35 51
35 13966
35 13968
35 721333
36 3
36 5
36 20
36 23625
36 23627
36 721334
37 51
37 195
37 5922
37 5924
37 721335
38 76
38 342
38 343
38 345
38 721336
39 3
39 4
39 5
39 7190
39 17555
39 721337
40 3
40 5
40 20
40 1320
40 1322
40 721338
41 158
41 159
41 160
41 162
41 721339
42 9
42 10
42 11
42 13
42 163
43 5
43 20
43 99
43 131
43 132
43 133
43 165
43 166
44 5
44 51
44 2686
44 15391
44 48767
45 3
45 5
45 20
45 23625
45 23627
45 59210
46 51
46 195
46 5342
46 5344
46 721340
47 76
47 342
47 343
47 345
47 721341
48 243
48 244
48 245
48 247
48 48769
49 3
49 4
49 195
49 340
49 7524
49 7526
49 721342
50 158
50 159
50 160
50 162
50 362483
51 9
51 10
51 11
51 13
51 163
52 5
52 20
52 99
52 131
52 132
52 133
52 165
52 166
53 5
53 51
53 1559
53 1561
53 600192
54 3
54 5
54 20
54 2202
54 2204
54 600193
55 51
55 195
55 4167
55 4169
55 721343
56 76
56 433
56 434
56 436
56 721344
57 71
57 76
57 190
57 191
57 721345
seqId 126
1 99
1 131
1 132
1 133
1 195
1 1220
1 721346
2 3
2 20
2 195
2 1320
2 3384
2 721347
3 20
3 90
3 122
3 195
3 708
3 713
3 3563
3 42648
3 721348
4 84
4 91
4 93
4 121
4 195
4 702
4 703
4 1062
4 462235
5 5
5 20
5 90
5 122
5 708
5 769
5 12304
5 69211
5 721349
6 76
6 342
6 343
6 345
6 721350
7 660
7 1377
7 6485
7 6487
7 721351
8 9
8 10
8 26
8 27
8 1539
8 383469
9 3
9 5
9 20
9 7120
9 7122
9 721352
10 76
10 342
10 343
10 345
10 721353
11 4
11 5
11 99
11 133
11 175
11 176
11 178
11 721354
12 3
12 4
12 5
12 4420
12 4422
12 721355
13 9
13 10
13 11
13 13
13 131352
14 3
14 5
14 20
14 614
14 4760
14 721356
15 2822
15 2823
15 2824
15 2826
15 721357
16 10
16 146
16 147
16 149
16 722
17 99
17 131
17 132
17 133
17 195
17 236
17 237
18 3
18 4
18 195
18 340
18 4360
18 4362
18 721358
19 9
19 10
19 11
19 13
19 721359
20 4
20 5
20 99
20 131
20 132
20 133
20 152
20 721360
21 3
21 4
21 5
21 4884
21 4886
21 721361
22 9
22 10
22 11
22 13
22 188401
23 5
23 27
23 99
23 131
23 132
23 133
23 135
23 721362
24 3
24 4
24 5
24 106203
24 106205
24 721363
25 4
25 5
25 202
25 686902
25 686904
25 721364
26 230
26 231
26 232
26 234
26 721365
27 9
27 10
27 11
27 13
27 163
28 99
28 131
28 132
28 133
28 195
28 236
28 237
29 3
29 20
29 195
29 36760
29 36762
29 721366
30 71
30 76
30 190
30 191
30 495676
seqId 127
1 4
1 72
1 82
1 84
1 100
1 195
1 6825
1 6828
1 254772
1 721367
2 84
2 91
2 93
2 121
2 195
2 702
2 703
2 1062
2 721368
3 5
3 20
3 122
3 703
3 707
3 708
3 710
3 122703
4 4
4 90
4 122
4 195
4 340
4 708
4 713
4 11164
4 31705
4 721369
5 717
5 718
5 719
5 721
5 721370
6 10
6 146
6 147
6 149
6 722
7 5
7 20
7 99
7 131
7 132
7 133
7 165
7 166
8 3
8 5
8 20
8 13338
8 13340
8 721371
9 9
9 10
9 11
9 13
9 122707
10 5
10 27
10 99
10 131
10 132
10 133
10 135
10 721372
11 3
11 4
11 5
11 553297
11 553299
11 721373
12 10
12 146
12 147
12 149
12 354433
13 4
13 5
13 99
13 131
13 132
13 133
13 152
13 721374
14 3
14 4
14 5
14 151439
14 221975
14 721375
15 4
15 5
15 202
15 36833
15 36835
15 721376
16 10
16 1010
16 1011
16 1013
16 670026
17 99
17 133
17 175
17 176
17 195
17 234
17 721377
18 3
18 20
18 195
18 13025
18 13027
18 721378
19 9
19 10
19 24
19 26
19 27
19 721379
20 3
20 4
20 5
20 721381
20 721382
20 721383
21 230
21 231
21 232
21 234
21 721384
22 9
22 10
22 11
22 13
22 163
23 99
23 131
23 132
23 133
23 195
23 236
23 237
24 3
24 20
24 195
24 7808
24 7810
24 462272
25 158
25 159
25 160
25 162
25 48846
26 9
26 10
26 11
26 13
26 163
27 5
27 20
27 99
27 131
27 132
27 133
27 165
27 166
28 3
28 5
28 20
28 2553
28 2555
28 721385
29 10
29 283
29 284
29 286
29 383512
30 5
30 27
30 99
30 131
30 132
30 133
30 135
30 721386
31 3
31 4
31 5
31 2818
31 5508
31 721387
32 244
32 418
32 419
32 421
32 495706
33 660
33 2509
33 2510
33 2512
33 721388
34 158
34 159
34 160
34 162
34 462282
35 9
35 10
35 11
35 13
35 163
36 5
36 20
36 99
36 131
36 132
36 133
36 165
36 166
37 3
37 5
37 20
37 34139
37 34140
37 721389
38 230
38 231
38 232
38 234
38 721390
39 9
39 10
39 11
39 13
39 163
40 99
40 131
40 132
40 133
40 195
40 236
40 237
41 2
41 3
41 4
41 195
41 4286
41 721391
42 9
42 10
42 11
42 13
42 721392
43 3
43 4
43 5
43 13797
43 13799
43 721393
44 75
44 76
44 77
44 79
44 5571
45 3
45 4
45 5
45 2818
45 5508
45 721394
46 76
46 342
46 343
46 345
46 170905
47 3
47 20
47 195
47 522
47 545
47 721395
48 20
48 195
48 202
48 340
48 19826
48 153201
48 721396
49 9
49 10
49 24
49 26
49 27
49 721397
50 4
50 5
50 99
50 133
50 175
50 176
50 178
50 721398
51 4
51 5
51 202
51 2310
51 2313
51 721399
52 3
52 4
52 5
52 2818
52 5508
52 721400
53 76
53 342
53 343
53 345
53 721401
54 2
54 3
54 4
54 5
54 181
54 721402
55 4
55 5
55 202
55 254
55 256
55 721403
56 243
56 244
56 245
56 247
56 303082
57 4
57 5
57 202
57 322
57 22672
57 721404
58 76
58 342
58 343
58 345
58 48894
59 3
59 5
59 20
59 13609
59 13611
59 721405
60 76
60 413
60 414
60 416
60 721406
61 10
61 126
61 1922
61 1924
61 721407
62 98
62 99
62 100
62 195
62 2073
62 721408
63 4
63 195
63 202
63 1951
63 1953
63 721409
64 3
64 4
64 195
64 4249
64 26359
64 721410
65 76
65 342
65 343
65 345
65 721411
66 71
66 509
66 1639
66 1640
66 1642
66 362571
67 99
67 131
67 132
67 133
67 195
67 237
67 527053
68 3
68 20
68 195
68 1320
68 3384
68 721412
69 9
69 10
69 11
69 13
69 721413
70 67
70 71
70 3204
70 3206
70 24193
70 721414
71 67
71 105664
71 112648
71 721416
71 721417
71 721418
72 243
72 244
72 245
72 247
72 721419
73 67
73 71
73 204
73 18753
73 18754
73 721420
74 67
74 1104
74 3812
74 9774
74 24371
74 46443
74 48234
74 719200
74 719201
74 721421
75 76
75 1267
75 1268
75 1270
75 410349
seqId 128
1 71
1 509
1 1639
1 1640
1 1642
1 462320
2 660
2 1622
2 1623
2 1625
2 721422
3 4
3 5
3 99
3 131
3 132
3 133
3 152
3 424947
4 3
4 4
4 5
4 10248
4 10250
4 721423
5 10
5 109
5 110
5 112
5 122768
6 3
6 4
6 5
6 10539
6 10541
6 122769
7 9
7 10
7 11
7 13
7 5638
8 42
8 67
8 71
8 9541
8 9542
8 721424
9 67
9 9387
9 13936
9 15404
9 37207
9 721426
9 721427
9 721428
10 76
10 342
10 343
10 345
10 383561
11 99
11 131
11 132
11 133
11 195
11 1220
11 721429
12 3
12 20
12 195
12 33358
12 34347
12 721430
13 9
13 10
13 11
13 13
13 721431
14 3
14 4
14 5
14 13797
14 13799
14 721432
15 230
15 231
15 232
15 234
15 721433
16 9
16 10
16 11
16 13
16 163
17 99
17 131
17 132
17 133
17 195
17 236
17 237
18 3
18 20
18 195
18 102171
18 102173
18 721434
19 76
19 342
19 343
19 345
19 721435
20 3
20 4
20 5
20 11475
20 125292
20 216991
21 10
21 146
21 147
21 149
21 499785
22 5
22 27
22 99
22 131
22 132
22 133
22 135
22 721436
23 3
23 4
23 5
23 1395
23 5941
23 721437
24 158
24 159
24 160
24 162
24 345901
25 9
25 10
25 11
25 13
25 163
26 5
26 20
26 99
26 131
26 132
26 133
26 165
26 166
27 3
27 5
27 20
27 11067
27 11069
27 354516
28 9
28 10
28 11
28 13
28 354517
29 3
29 4
29 5
29 7803
29 7805
29 721438
30 76
30 433
30 434
30 436
30 721439
31 71
31 76
31 190
31 191
31 721440
seqId 129
1 99
1 131
1 132
1 133
1 195
1 1220
1 188512
2 3
2 4
2 195
2 340
2 4360
2 4362
2 188513
3 158
3 159
3 160
3 162
3 170974
4 9
4 10
4 11
4 13
4 163
5 5
5 20
5 99
5 131
5 132
5 133
5 165
5 166
6 3
6 5
6 20
6 56623
6 56625
6 721441
7 158
7 159
7 160
7 162
7 721442
8 9
8 10
8 11
8 13
8 163
9 5
9 20
9 99
9 131
9 132
9 133
9 165
9 166
10 3
10 5
10 20
10 102171
10 219839
10 721443
11 84
11 91
11 93
11 121
11 195
11 702
11 703
11 1062
11 721444
12 122
12 703
12 707
12 708
12 710
12 721445
13 660
13 1513
13 1514
13 1516
13 721446
14 4
14 90
14 122
14 195
14 340
14 708
14 713
14 17308
14 17310
14 721447
15 10
15 146
15 149
15 2548
15 721448
16 3
16 5
16 20
16 38959
16 38961
16 721449
17 4
17 5
17 99
17 131
17 132
17 133
17 152
17 495768
18 3
18 4
18 5
18 2196
18 2649
18 721450
19 9
19 10
19 11
19 13
19 495771
20 3
20 4
20 5
20 216867
20 223612
20 721451
21 76
21 342
21 343
21 345
21 721452
22 27
22 944
22 945
22 1463
22 3308
22 721453
23 5
23 20
23 82
23 83
23 84
23 115
23 763
23 1002
23 721454
24 27
24 82
24 84
24 114
24 115
24 116
24 118
24 721455
25 5
25 84
25 90
25 93
25 121
25 1815
25 4415
25 21609
25 721456
26 158
26 159
26 160
26 162
26 721457
27 9
27 10
27 11
27 13
27 163
28 5
28 20
28 99
28 131
28 132
28 133
28 165
28 166
29 3
29 5
29 20
29 309428
29 309430
29 721458
30 9
30 10
30 11
30 13
30 400419
31 4
31 5
31 99
31 131
31 132
31 133
31 152
31 721459
32 3
32 4
32 5
32 216867
32 223612
32 721460
33 76
33 342
33 343
33 345
33 721461
34 9
34 10
34 11
34 13
34 610120
35 4
35 5
35 99
35 131
35 132
35 133
35 152
35 59383
36 3
36 4
36 5
36 8566
36 124043
36 721462
37 660
37 73696
37 73697
37 73699
37 721463
38 4
38 5
38 90
38 122
38 708
38 713
38 23744
38 23746
38 721464
39 99
39 133
39 175
39 176
39 195
39 234
39 721465
40 3
40 20
40 195
40 11279
40 75275
40 721466
41 20
41 195
41 202
41 3386
41 3388
41 721467
42 76
42 413
42 414
42 416
42 462366
43 3
43 4
43 5
43 24833
43 24835
43 721468
44 5
44 202
44 12597
44 12599
44 721470
45 243
45 244
45 245
45 247
45 122832
46 3
46 4
46 5
46 15116
46 15118
46 721471
47 4
47 5
47 202
47 65159
47 65161
47 721472
48 9
48 10
48 24
48 26
48 27
48 721473
49 5
49 20
49 99
49 133
49 175
49 176
49 1316
49 410422
50 3
50 5
50 20
50 11067
50 11069
50 721474
51 5
51 20
51 202
51 12597
51 12599
51 721475
52 5
52 20
52 90
52 122
52 708
52 713
52 317729
52 721477
52 721478
53 9
53 10
53 11
53 13
53 670124
54 4
54 5
54 99
54 131
54 132
54 133
54 152
54 721479
55 3
55 4
55 5
55 27599
55 62043
55 721480
56 9
56 10
56 11
56 13
56 410430
57 90
57 443
57 26002
57 26004
57 721481
58 717
58 718
58 719
58 721
58 600339
59 10
59 146
59 147
59 149
59 722
60 5
60 20
60 99
60 131
60 132
60 133
60 165
60 166
61 3
61 5
61 20
61 223283
61 223285
61 721483
62 76
62 433
62 434
62 436
62 721484
63 244
63 418
63 419
63 421
63 721485
64 660
64 2509
64 2510
64 2512
64 721486
65 9
65 10
65 11
65 13
65 721487
66 4
66 5
66 99
66 131
66 132
66 133
66 152
66 721488
67 3
67 4
67 5
67 2613
67 2615
67 721489
68 5
68 202
68 1399
68 3538
68 5753
69 230
69 231
69 232
69 234
69 5755
70 9
70 10
70 11
70 13
70 163
71 99
71 131
71 132
71 133
71 195
71 236
71 237
72 3
72 20
72 195
72 11279
72 75275
72 721490
73 20
73 195
73 202
73 3386
73 3388
73 721491
74 76
74 342
74 343
74 345
74 721492
75 660
75 13091
75 13092
75 13094
75 721493
76 99
76 133
76 175
76 176
76 195
76 234
76 600350
77 3
77 4
77 195
77 26959
77 27007
77 303208
78 90
78 121
78 122
78 792
78 48608
78 89501
78 143262
78 721494
79 10
79 146
79 147
79 149
79 171048
80 5
80 99
80 115
80 773
80 775
80 776
80 2192
80 3593
80 188587
81 3
81 4
81 5
81 26
81 497
81 6828
81 104191
81 543321
81 721495
82 244
82 418
82 419
82 421
82 410449
83 10
83 146
83 147
83 149
83 326813
84 5
84 99
84 115
84 773
84 775
84 776
84 2192
84 3593
84 721496
85 3
85 4
85 5
85 56236
85 56238
85 721497
86 76
86 413
86 414
86 416
86 721498
87 10
87 126
87 1922
87 1924
87 721499
88 98
88 99
88 100
88 195
88 2073
88 721500
89 4
89 195
89 202
89 2075
89 2771
89 721501
90 3
90 4
90 195
90 4249
90 26359
90 721502
91 76
91 342
91 343
91 345
91 721503
92 71
92 509
92 1639
92 1640
92 1642
92 721504
93 99
93 131
93 132
93 133
93 195
93 237
93 171060
94 3
94 20
94 195
94 1320
94 3384
94 721505
95 9
95 10
95 24
95 26
95 27
95 721506
96 64
96 67
96 71
96 53047
96 53048
96 721507
97 67
97 340
97 45884
97 719848
97 719849
97 719851
97 721508
98 76
98 342
98 343
98 345
98 721509
99 67
99 71
99 3204
99 3206
99 24193
99 721510
100 67
100 105664
100 112648
100 721416
100 721417
100 721511
101 243
101 244
101 245
101 247
101 217087
102 67
102 71
102 204
102 18753
102 18754
102 721512
103 67
103 1104
103 3812
103 9774
103 24371
103 46443
103 48234
103 719200
103 719201
103 721513
104 76
104 433
104 434
104 436
104 721514
105 71
105 76
105 190
105 191
105 670160
seqId 130
1 84
1 91
1 93
1 121
1 195
1 702
1 703
1 2423
1 7291
1 721515
2 5
2 20
2 90
2 122
2 708
2 769
2 3777
2 4766
2 721516
3 5
3 27
3 99
3 131
3 132
3 133
3 135
3 721517
4 3
4 5
4 20
4 10801
4 10803
4 721518
5 660
5 818
5 819
5 821
5 721519
6 9
6 10
6 11
6 13
6 721520
7 5
7 27
7 99
7 131
7 132
7 133
7 135
7 721521
8 3
8 4
8 5
8 33906
8 33908
8 721522
9 4
9 5
9 99
9 131
9 132
9 133
9 152
9 49104
10 660
10 2347
10 2348
10 2350
10 721523
11 4
11 5
11 90
11 122
11 708
11 713
11 2514
11 12161
11 354614
12 99
12 131
12 132
12 133
12 195
12 237
12 354615
13 3
13 4
13 195
13 18624
13 18626
13 721524
14 4
14 90
14 122
14 195
14 708
14 713
14 4530
14 9217
14 721525
15 2822
15 2823
15 2824
15 2826
15 721526
16 10
16 146
16 147
16 149
16 722
17 99
17 131
17 132
17 133
17 195
17 236
17 237
18 3
18 20
18 195
18 2723
18 3278
18 721527
19 10
19 1605
19 1606
19 1608
19 721528
20 5
20 27
20 99
20 131
20 132
20 133
20 135
20 721529
21 3
21 5
21 20
21 11279
21 11281
21 721530
22 5
22 20
22 202
22 3386
22 10488
22 721531
23 243
23 244
23 245
23 247
23 383688
24 4
24 5
24 99
24 131
24 132
24 133
24 152
24 217111
25 3
25 4
25 5
25 7190
25 17555
25 721532
26 945
26 1010
26 1011
26 1013
26 721533
27 10
27 1605
27 1606
27 1608
27 346014
28 3
28 20
28 195
28 11279
28 75275
28 346015
29 20
29 195
29 202
29 3386
29 3388
29 721534
30 20
30 90
30 122
30 195
30 340
30 708
30 713
30 7314
30 8640
30 721536
31 10
31 146
31 147
31 149
31 721537
32 99
32 133
32 175
32 176
32 195
32 234
32 721538
33 3
33 20
33 195
33 6686
33 34836
33 721539
34 20
34 195
34 202
34 2075
34 2077
34 721540
35 76
35 342
35 343
35 345
35 721541
36 4
36 195
36 202
36 6111
36 13114
36 303275
37 27
37 944
37 945
37 1463
37 3308
37 721542
38 4
38 82
38 83
38 84
38 115
38 195
38 1824
38 3621
38 721543
39 84
39 90
39 91
39 93
39 121
39 195
39 4710
39 22686
39 22688
39 721544
40 99
40 133
40 175
40 176
40 195
40 234
40 721545
41 3
41 4
41 195
41 2868
41 3551
41 462462
42 4
42 90
42 122
42 195
42 340
42 708
42 713
42 22735
42 22737
42 721546
43 71
43 76
43 190
43 191
43 721547
seqId 131
1 10
1 126
1 1922
1 1924
1 721548
2 3
2 5
2 20
2 10370
2 10372
2 721549
3 9
3 10
3 24
3 26
3 27
3 721550
4 3
4 4
4 5
4 595880
4 595882
4 721551
5 9
5 10
5 11
5 13
5 721552
6 5
6 27
6 99
6 131
6 132
6 133
6 135
6 721553
7 3
7 5
7 20
7 38181
7 38183
7 721554
8 10
8 109
8 110
8 112
8 721555
9 3
9 5
9 20
9 10801
9 10803
9 721556
10 9
10 10
10 11
10 13
10 721557
11 3
11 4
11 5
11 216867
11 223612
11 721558
12 76
12 342
12 343
12 345
12 721559
13 5
13 20
13 99
13 131
13 132
13 133
13 166
13 721560
14 3
14 5
14 20
14 11067
14 11069
14 721561
15 5
15 20
15 90
15 122
15 708
15 713
15 23744
15 30039
15 721562
16 9
16 10
16 11
16 13
16 721563
17 3
17 4
17 5
17 19923
17 19925
17 721564
18 27
18 82
18 84
18 114
18 115
18 116
18 118
18 721565
19 5
19 84
19 90
19 91
19 93
19 121
19 222896
19 721567
19 721568
20 660
20 12693
20 12694
20 12696
20 721569
21 10
21 230397
21 230398
21 230400
21 721570
22 4
22 5
22 99
22 131
22 132
22 133
22 152
22 354654
23 3
23 4
23 5
23 613399
23 613401
23 721571
24 4
24 5
24 90
24 122
24 708
24 713
24 12304
24 12306
24 721572
25 10
25 146
25 147
25 149
25 721573
26 5
26 27
26 99
26 131
26 132
26 133
26 135
26 721574
27 3
27 5
27 20
27 11279
27 11281
27 721575
28 5
28 20
28 202
28 3386
28 10488
28 721576
29 9
29 10
29 24
29 26
29 27
29 721577
30 3
30 4
30 5
30 2818
30 5508
30 721578
31 71
31 76
31 190
31 191
31 721579
seqId 132
1 5
1 20
1 99
1 133
1 175
1 176
1 9647
1 499922
2 5
2 20
2 202
2 6111
2 6113
2 721580
3 3
3 5
3 20
3 33053
3 33917
3 721581
4 5
4 84
4 91
4 93
4 121
4 703
4 707
4 956
4 721582
5 5
5 20
5 90
5 122
5 708
5 769
5 28470
5 509634
5 721583
6 9
6 10
6 13
6 1539
6 721584
7 3
7 5
7 20
7 24440
7 417808
7 721585
8 10
8 1387
8 1388
8 1390
8 721586
9 4
9 5
9 99
9 131
9 132
9 133
9 152
9 721587
10 3
10 4
10 5
10 15116
10 15118
10 721588
11 4
11 5
11 202
11 65889
11 65891
11 527212
12 9
12 10
12 24
12 26
12 27
12 721589
13 5
13 20
13 99
13 133
13 175
13 176
13 1316
13 721590
14 3
14 5
14 20
14 205960
14 721592
14 721593
15 9
15 10
15 11
15 13
15 37007
16 3
16 4
16 195
16 1350
16 7600
16 721594
17 4
17 195
17 202
17 340
17 38197
17 59629
17 721596
17 721597
18 9
18 10
18 11
18 13
18 49225
19 3
19 4
19 5
19 33368
19 33370
19 499941
20 4
20 5
20 202
20 27329
20 52550
20 721598
seqId 133
1 76
1 592
1 593
1 595
1 721599
2 3
2 4
2 5
2 15106
2 59629
2 721601
2 721602
3 717
3 718
3 719
3 721
3 721603
4 10
4 146
4 147
4 149
4 722
5 5
5 20
5 99
5 131
5 132
5 133
5 165
5 166
6 3
6 5
6 20
6 13338
6 13340
6 721604
7 9
7 10
7 11
7 13
7 94924
8 5
8 27
8 99
8 131
8 132
8 133
8 135
8 721605
9 3
9 5
9 20
9 11279
9 11281
9 721606
10 5
10 20
10 202
10 3386
10 10488
10 721607
11 76
11 592
11 593
11 595
11 721608
12 244
12 418
12 419
12 421
12 59604
13 4
13 5
13 202
13 159667
13 233854
13 721609
14 76
14 592
14 593
14 595
14 721610
15 3
15 4
15 5
15 15106
15 59629
15 721601
15 721611
16 9
16 10
16 11
16 13
16 721612
17 5
17 27
17 99
17 131
17 132
17 133
17 135
17 721613
18 3
18 5
18 20
18 11279
18 11281
18 721614
19 9
19 10
19 11
19 13
19 59612
20 3
20 4
20 5
20 3800
20 45726
20 721615
21 72
21 72
21 660
21 11166
21 25047
21 43098
21 43099
21 43101
21 721616
22 9
22 10
22 11
22 13
22 462523
23 5
23 27
23 99
23 131
23 132
23 133
23 135
23 37040
24 3
24 5
24 20
24 11279
24 11281
24 721617
25 9
25 10
25 24
25 26
25 27
25 721618
26 3
26 4
26 5
26 2818
26 5508
26 721619
27 76
27 592
27 593
27 595
27 721620
28 76
28 413
28 414
28 416
28 721621
29 3
29 71
29 1639
29 1640
29 1642
29 131712
30 4
30 5
30 99
30 131
30 132
30 133
30 152
30 527240
31 3
31 4
31 5
31 10248
31 10250
31 721622
32 10
32 109
32 110
32 112
32 6037
33 3
33 4
33 5
33 10539
33 10541
33 721623
34 9
34 10
34 11
34 13
34 721624
35 5
35 20
35 67
35 340949
35 340952
35 721625
36 67
36 1104
36 48761
36 218913
36 721627
36 721628
36 721629
37 76
37 433
37 434
37 436
37 721630
38 71
38 76
38 190
38 191
38 721631
seqId 134
1 5
1 20
1 82
1 83
1 84
1 115
1 763
1 3948
1 123027
2 27
2 82
2 84
2 114
2 115
2 116
2 118
2 721632
3 5
3 84
3 91
3 93
3 121
3 703
3 707
3 956
3 721633
4 660
4 1513
4 1514
4 1516
4 721634
5 5
5 20
5 90
5 122
5 708
5 713
5 4075
5 21735
5 721635
6 9
6 10
6 24
6 26
6 27
6 721636
7 5
7 20
7 99
7 133
7 175
7 176
7 1316
7 721637
8 3
8 5
8 20
8 3650
8 3652
8 721638
9 9
9 10
9 11
9 13
9 721639
10 5
10 27
10 99
10 131
10 132
10 133
10 135
10 721640
11 3
11 4
11 5
11 4397
11 15106
11 108224
11 721642
11 721643
12 9
12 10
12 11
12 13
12 721644
13 5
13 27
13 99
13 131
13 132
13 133
13 135
13 721645
14 3
14 5
14 20
14 11279
14 11281
14 721646
15 5
15 20
15 202
15 3386
15 10488
15 721647
16 10
16 126
16 127
16 129
16 721648
17 5
17 20
17 99
17 131
17 132
17 133
17 166
17 6073
18 3
18 5
18 20
18 384
18 386
18 721649
19 9
19 10
19 11
19 13
19 94975
20 3
20 5
20 20
20 1320
20 1322
20 721650
21 71
21 76
21 190
21 191
21 721651
seqId 135
1 5
1 27
1 99
1 131
1 132
1 133
1 699
1 721652
2 3
2 5
2 20
2 3394
2 3396
2 721653
3 9
3 10
3 11
3 13
3 303398
4 98
4 99
4 100
4 195
4 2073
4 721654
5 3
5 4
5 195
5 18624
5 18626
5 721655
6 5
6 84
6 91
6 93
6 121
6 702
6 703
6 705
6 721656
7 5
7 20
7 122
7 703
7 707
7 708
7 710
7 721657
8 660
8 6695
8 6696
8 6698
8 721658
9 5
9 20
9 90
9 122
9 708
9 713
9 36172
9 109821
9 721659
10 10
10 146
10 147
10 149
10 49353
11 4
11 5
11 99
11 131
11 132
11 133
11 152
11 131770
12 3
12 4
12 5
12 23042
12 23044
12 721660
13 9
13 10
13 24
13 26
13 27
13 721661
14 5
14 20
14 99
14 133
14 175
14 176
14 1316
14 527277
15 3
15 5
15 20
15 2004
15 2006
15 721662
16 82
16 758
16 759
16 761
16 721663
17 5
17 84
17 91
17 93
17 121
17 702
17 703
17 705
17 326987
18 5
18 20
18 90
18 122
18 708
18 769
18 11691
18 46225
18 721664
19 5
19 20
19 99
19 133
19 175
19 176
19 1316
19 721665
20 5
20 20
20 202
20 7021
20 19588
20 721666
21 3
21 5
21 20
21 17801
21 17803
21 123069
22 76
22 413
22 414
22 416
22 721667
23 64
23 67
23 71
23 2787
23 9577
23 719851
23 721669
23 721670
23 721671
24 76
24 342
24 343
24 345
24 303421
25 4
25 5
25 99
25 131
25 132
25 133
25 811
25 354777
26 3
26 4
26 5
26 157989
26 157991
26 721672
27 9
27 10
27 11
27 13
27 37115
28 5
28 27
28 99
28 131
28 132
28 133
28 135
28 721673
29 3
29 5
29 20
29 11279
29 11281
29 721674
30 5
30 20
30 202
30 3386
30 10488
30 721675
31 9
31 10
31 24
31 26
31 27
31 721676
32 3
32 4
32 5
32 2818
32 5508
32 721677
33 76
33 433
33 434
33 436
33 721678
34 243
34 244
34 245
34 247
34 462572
35 9
35 10
35 11
35 13
35 6117
36 20
36 85
36 99
36 195
36 1951
36 18077
36 721679
37 3
37 20
37 195
37 1320
37 3384
37 721680
38 76
38 413
38 414
38 416
38 721681
39 71
39 509
39 1639
39 1640
39 1642
39 721682
40 67
40 71
40 4796
40 46982
40 46983
40 721683
41 67
41 699
41 15105
41 483778
41 719627
41 719628
41 721684
42 76
42 342
42 343
42 345
42 500021
43 67
43 71
43 3204
43 3206
43 24193
43 721685
44 67
44 105664
44 112648
44 721416
44 721417
44 721686
45 243
45 244
45 245
45 247
45 721687
46 67
46 71
46 204
46 18753
46 18754
46 721688
47 67
47 1104
47 3812
47 9774
47 24371
47 46443
47 48234
47 719200
47 719201
47 721689
48 76
48 433
48 434
48 436
48 721690
49 71
49 76
49 190
49 191
49 721691
seqId 136
1 4
1 5
1 99
1 133
1 175
1 176
1 5129
1 721692
2 3
2 4
2 5
2 10248
2 10250
2 721693
3 5
3 84
3 91
3 93
3 121
3 702
3 703
3 705
3 721694
4 5
4 20
4 122
4 703
4 707
4 708
4 710
4 410649
5 4
5 5
5 90
5 122
5 708
5 713
5 4243
5 4245
5 37153
6 717
6 718
6 719
6 721
6 721695
7 10
7 146
7 147
7 149
7 722
8 5
8 20
8 99
8 131
8 132
8 133
8 165
8 166
9 3
9 5
9 20
9 22413
9 98670
9 721696
10 9
10 10
10 11
10 13
10 721697
11 5
11 27
11 99
11 131
11 132
11 133
11 135
11 721698
12 3
12 5
12 20
12 11279
12 11281
12 721699
13 5
13 20
13 202
13 3386
13 10488
13 721700
14 9
14 10
14 11
14 13
14 721701
15 3
15 5
15 20
15 1320
15 1322
15 721702
16 76
16 413
16 414
16 416
16 721703
17 67
17 71
17 46099
17 46100
17 46102
17 721704
18 67
18 1104
18 69708
18 185482
18 719756
18 719757
18 721705
19 76
19 433
19 434
19 436
19 721706
20 71
20 76
20 190
20 191
20 49426
seqId 137
1 10
1 146
1 1026
1 1539
1 410667
2 4
2 5
2 99
2 131
2 132
2 133
2 152
2 6162
3 3
3 4
3 5
3 3725
3 3727
3 721707
4 3
4 5
4 20
4 384
4 386
4 721708
5 243
5 244
5 245
5 247
5 327023
6 3
6 5
6 20
6 2894
6 2896
6 721709
7 76
7 342
7 343
7 345
7 721710
8 5
8 27
8 99
8 131
8 132
8 133
8 135
8 721711
9 3
9 5
9 20
9 11279
9 11281
9 721712
10 5
10 20
10 202
10 3386
10 10488
10 721713
11 9
11 10
11 11
11 13
11 721714
12 3
12 5
12 20
12 1320
12 1322
12 721715
13 5
13 84
13 91
13 93
13 121
13 703
13 707
13 956
13 721716
14 5
14 20
14 90
14 122
14 708
14 713
14 11164
14 19077
14 721717
15 10
15 283
15 284
15 286
15 721718
16 4
16 5
16 98
16 99
16 100
16 1927
16 721719
17 3
17 4
17 5
17 10248
17 10250
17 721720
18 10
18 1010
18 1011
18 1013
18 123131
19 5
19 20
19 99
19 133
19 175
19 176
19 1316
19 123132
20 3
20 5
20 20
20 31126
20 31128
20 721721
21 82
21 758
21 759
21 761
21 721722
22 27
22 660
22 661
22 910
22 912
22 721723
23 5
23 84
23 91
23 93
23 121
23 702
23 703
23 705
23 383888
24 5
24 20
24 90
24 122
24 708
24 769
24 129341
24 129343
24 721724
25 9
25 10
25 11
25 13
25 721725
26 82
26 84
26 114
26 115
26 116
26 1361
26 721726
27 90
27 443
27 8045
27 8047
27 346303
28 10
28 283
28 284
28 286
28 721727
29 26
29 27
29 99
29 133
29 175
29 176
29 195
29 721728
30 20
30 195
30 202
30 2294
30 3837
30 721729
31 3
31 20
31 195
31 272
31 6282
31 721730
32 76
32 342
32 343
32 345
32 721731
33 659
33 660
33 661
33 2274
33 721732
34 10
34 2408
34 2410
34 10221
34 217329
35 90
35 443
35 4766
35 5065
35 721733
36 5
36 27
36 99
36 131
36 132
36 133
36 135
36 327046
37 3
37 5
37 20
37 10801
37 10803
37 721734
38 9
38 10
38 24
38 26
38 27
38 721735
39 5
39 20
39 99
39 133
39 175
39 176
39 1316
39 217332
40 3
40 5
40 20
40 62662
40 115446
40 721737
40 721738
41 244
41 15672
41 15673
41 15675
41 721739
42 9
42 10
42 24
42 26
42 27
42 721740
43 4
43 5
43 99
43 133
43 175
43 176
43 178
43 721741
44 3
44 4
44 5
44 29607
44 42864
44 95802
44 721742
45 71
45 76
45 190
45 191
45 354857
seqId 138
1 5
1 20
1 99
1 131
1 132
1 133
1 967
1 6217
2 3
2 5
2 20
2 30034
2 46931
2 354858
3 5
3 84
3 91
3 93
3 121
3 703
3 707
3 956
3 354859
4 9
4 10
4 26
4 27
4 1539
4 721743
5 660
5 17966
5 17967
5 17969
5 721744
6 660
6 2347
6 2348
6 2350
6 721745
7 5
7 20
7 202
7 49518
7 325087
7 721747
8 10
8 146
8 147
8 149
8 37236
9 90
9 443
9 37237
9 44662
9 105150
10 944
10 945
10 946
10 948
10 721748
11 5
11 20
11 99
11 131
11 132
11 133
11 166
11 354871
12 3
12 5
12 20
12 222
12 224
12 721749
13 9
13 10
13 11
13 13
13 95082
14 4
14 5
14 99
14 131
14 132
14 133
14 152
14 721750
15 3
15 4
15 5
15 216867
15 223612
15 721751
16 4
16 5
16 202
16 3386
16 6768
16 721752
17 5
17 84
17 90
17 91
17 93
17 121
17 10715
17 27603
17 721753
18 76
18 342
18 343
18 345
18 95089
19 10
19 283
19 284
19 286
19 346335
20 5
20 20
20 99
20 131
20 132
20 133
20 166
20 721754
21 5
21 20
21 202
21 2310
21 2313
21 721755
22 3
22 5
22 20
22 2601
22 2603
22 721756
23 76
23 342
23 343
23 345
23 721757
24 5
24 20
24 99
24 133
24 175
24 176
24 1316
24 721758
25 3
25 5
25 20
25 7393
25 7395
25 721759
26 9
26 10
26 24
26 26
26 27
26 721760
27 3
27 4
27 5
27 36053
27 36055
27 721761
28 5
28 20
28 202
28 6450
28 6452
28 721762
29 717
29 718
29 719
29 721
29 362954
30 10
30 146
30 147
30 149
30 722
31 5
31 20
31 99
31 131
31 132
31 133
31 165
31 166
32 3
32 5
32 20
32 33911
32 33913
32 721763
33 9
33 10
33 11
33 13
33 383947
34 3
34 4
34 5
34 6072
34 60270
34 721765
34 721766
35 158
35 159
35 160
35 162
35 721767
36 9
36 10
36 11
36 13
36 163
37 5
37 20
37 99
37 131
37 132
37 133
37 165
37 166
38 3
38 5
38 20
38 222
38 224
38 721768
39 5
39 20
39 202
39 322
39 36035
39 95106
40 76
40 413
40 414
40 416
40 721769
41 71
41 1639
41 1640
41 1642
41 2717
41 721770
42 99
42 131
42 132
42 133
42 195
42 237
42 721771
43 3
43 20
43 195
43 1320
43 3384
43 721772
44 9
44 10
44 24
44 26
44 27
44 721773
45 67
45 71
45 3204
45 3206
45 24193
45 721774
46 67
46 105664
46 112648
46 721416
46 721417
46 721775
47 10
47 126
47 127
47 129
47 721776
48 5
48 20
48 99
48 131
48 132
48 133
48 166
48 303554
49 3
49 5
49 20
49 11067
49 11069
49 346372
50 9
50 10
50 11
50 13
50 721777
51 3
51 4
51 5
51 7803
51 7805
51 721778
52 76
52 433
52 434
52 436
52 721779
53 71
53 76
53 190
53 191
53 721780
seqId 139
1 10
1 72
1 1336
1 5080
1 142971
1 142972
1 721781
2 99
2 131
2 132
2 133
2 195
2 237
2 6272
3 3
3 4
3 195
3 2049
3 2051
3 6273
4 10
4 283
4 284
4 286
4 171378
5 5
5 27
5 99
5 131
5 132
5 133
5 135
5 721782
6 3
6 4
6 5
6 4198
6 4200
6 721783
7 230
7 231
7 232
7 234
7 721784
8 9
8 10
8 11
8 13
8 163
9 99
9 131
9 132
9 133
9 195
9 236
9 237
10 3
10 4
10 195
10 2773
10 2775
10 721785
11 158
11 159
11 160
11 162
11 721786
12 9
12 10
12 11
12 13
12 163
13 5
13 20
13 99
13 131
13 132
13 133
13 165
13 166
14 3
14 5
14 20
14 222
14 224
14 721787
15 158
15 159
15 160
15 162
15 59815
16 9
16 10
16 11
16 13
16 163
17 5
17 20
17 99
17 131
17 132
17 133
17 165
17 166
18 3
18 5
18 20
18 1320
18 1322
18 721788
19 76
19 342
19 343
19 345
19 425317
20 5
20 27
20 99
20 131
20 132
20 133
20 135
20 721789
21 3
21 5
21 20
21 72071
21 72073
21 721790
22 5
22 20
22 202
22 17683
22 47027
22 721791
23 243
23 244
23 245
23 247
23 37328
24 5
24 20
24 99
24 131
24 132
24 133
24 166
24 721792
25 3
25 5
25 20
25 981
25 11977
25 527428
26 9
26 10
26 11
26 13
26 527429
27 4
27 5
27 99
27 131
27 132
27 133
27 152
27 721793
28 3
28 4
28 5
28 216867
28 223612
28 496073
29 9
29 10
29 24
29 26
29 27
29 527432
30 3
30 4
30 5
30 2818
30 5508
30 721794
31 76
31 342
31 343
31 345
31 721795
32 944
32 945
32 946
32 948
32 721796
33 4
33 5
33 72
33 82
33 84
33 100
33 6825
33 6828
33 7233
33 721797
34 27
34 82
34 84
34 114
34 115
34 116
34 118
34 721798
35 5
35 84
35 90
35 91
35 93
35 121
35 9250
35 37556
35 123231
36 10
36 1387
36 1388
36 1390
36 496081
37 99
37 131
37 132
37 133
37 195
37 237
37 496082
38 3
38 20
38 195
38 36760
38 36762
38 721799
39 20
39 195
39 202
39 340
39 99070
39 99072
39 721800
40 244
40 418
40 419
40 421
40 327139
41 10
41 1387
41 1388
41 1390
41 721801
42 26
42 27
42 99
42 133
42 175
42 176
42 195
42 721802
43 20
43 195
43 202
43 2294
43 3837
43 721803
44 3
44 20
44 195
44 25331
44 25718
44 721804
45 10
45 146
45 147
45 149
45 610437
46 4
46 5
46 99
46 131
46 132
46 133
46 152
46 132005
47 3
47 4
47 5
47 3441
47 33896
47 721805
48 9
48 10
48 11
48 13
48 363013
49 3
49 4
49 5
49 216867
49 223612
49 721806
50 660
50 2347
50 2348
50 2350
50 721807
51 4
51 5
51 202
51 1104
51 19957
51 19959
51 721808
52 76
52 413
52 414
52 416
52 721809
53 3
53 20
53 195
53 7808
53 7810
53 721810
54 20
54 90
54 122
54 195
54 708
54 713
54 24434
54 24436
54 500167
55 76
55 342
55 343
55 345
55 500168
56 3
56 20
56 195
56 102171
56 102173
56 721811
57 20
57 90
57 122
57 195
57 340
57 708
57 713
57 33509
57 33511
57 721812
58 76
58 433
58 434
58 436
58 721813
59 76
59 342
59 343
59 345
59 610451
60 84
60 91
60 93
60 121
60 195
60 702
60 703
60 1062
60 721814
61 5
61 20
61 90
61 122
61 708
61 769
61 3744
61 3746
61 721815
62 13
62 99
62 133
62 175
62 176
62 195
62 400854
63 4
63 195
63 202
63 1888
63 3548
63 721816
64 3
64 4
64 195
64 3691
64 6873
64 721817
65 71
65 76
65 190
65 191
65 721818
seqId 140
1 4
1 5
1 99
1 131
1 132
1 133
1 811
1 721819
2 3
2 4
2 5
2 130626
2 130628
2 721820
3 5
3 84
3 91
3 93
3 121
3 703
3 707
3 956
3 721821
4 4
4 5
4 90
4 122
4 708
4 769
4 28145
4 178481
4 303624
5 660
5 30602
5 30603
5 30605
5 303626
6 9
6 10
6 26
6 27
6 1539
6 721822
7 660
7 17966
7 17967
7 17969
7 400863
8 660
8 2347
8 2348
8 2350
8 721823
9 9
9 10
9 11
9 13
9 59871
10 3
10 4
10 5
10 417376
10 417378
10 600655
11 944
11 945
11 946
11 948
11 721824
12 76
12 342
12 343
12 345
12 384038
13 9
13 10
13 11
13 13
13 721825
14 5
14 99
14 115
14 773
14 774
14 775
14 776
14 778
14 721826
15 3
15 5
15 20
15 24951
15 38843
15 721827
16 76
16 342
16 343
16 345
16 721828
17 5
17 27
17 99
17 131
17 132
17 133
17 135
17 721829
18 3
18 4
18 5
18 33948
18 33950
18 721830
19 9
19 10
19 11
19 13
19 721831
20 4
20 5
20 99
20 131
20 132
20 133
20 152
20 132042
21 3
21 4
21 5
21 13797
21 13799
21 721832
22 158
22 159
22 160
22 162
22 721833
23 9
23 10
23 11
23 13
23 163
24 5
24 20
24 99
24 131
24 132
24 133
24 165
24 166
25 3
25 5
25 20
25 2553
25 2555
25 721834
26 5
26 84
26 91
26 93
26 121
26 702
26 703
26 705
26 721835
27 5
27 20
27 90
27 122
27 708
27 769
27 11691
27 46225
27 721836
28 13
28 99
28 133
28 175
28 176
28 195
28 721837
29 4
29 195
29 202
29 25646
29 25648
29 721838
30 3
30 4
30 195
30 33489
30 34524
30 721839
31 76
31 342
31 343
31 345
31 355003
32 10
32 279
32 11672
32 11673
32 721840
33 5
33 27
33 99
33 131
33 132
33 133
33 135
33 59893
34 3
34 5
34 20
34 20035
34 20037
34 95192
35 9
35 10
35 11
35 13
35 721841
36 4
36 5
36 99
36 131
36 132
36 133
36 152
36 721842
37 3
37 4
37 5
37 7190
37 17555
37 721843
38 158
38 159
38 160
38 162
38 59898
39 9
39 10
39 11
39 13
39 163
40 5
40 20
40 99
40 131
40 132
40 133
40 165
40 166
41 5
41 51
41 13966
41 13968
41 721844
42 3
42 5
42 20
42 23625
42 23627
42 721845
43 51
43 195
43 5922
43 5924
43 721846
44 243
44 244
44 245
44 247
44 171469
45 660
45 1566
45 1567
45 1569
45 721847
46 9
46 10
46 11
46 13
46 721848
47 5
47 27
47 99
47 131
47 132
47 133
47 135
47 721849
48 3
48 4
48 5
48 7524
48 7526
48 721850
49 158
49 159
49 160
49 162
49 500214
50 9
50 10
50 11
50 13
50 163
51 5
51 20
51 99
51 131
51 132
51 133
51 165
51 166
52 5
52 51
52 1559
52 1561
52 132060
53 3
53 5
53 20
53 2202
53 2204
53 721851
54 51
54 195
54 4167
54 4169
54 721852
55 4
55 5
55 202
55 7602
55 7687
55 721853
56 10
56 146
56 147
56 149
56 721854
57 4
57 5
57 99
57 131
57 132
57 133
57 152
57 37454
58 4
58 5
58 202
58 795
58 8936
58 721855
59 3
59 4
59 5
59 2608
59 4490
59 721856
60 158
60 159
60 160
60 162
60 462760
61 9
61 10
61 11
61 13
61 163
62 5
62 20
62 99
62 131
62 132
62 133
62 165
62 166
63 3
63 5
63 20
63 19820
63 19822
63 721857
64 5
64 20
64 202
64 322
64 36035
64 721858
65 243
65 244
65 245
65 247
65 721859
66 5
66 20
66 202
66 254
66 256
66 721860
67 10
67 283
67 284
67 286
67 721861
68 5
68 27
68 99
68 131
68 132
68 133
68 135
68 721862
69 3
69 4
69 5
69 2818
69 5508
69 721863
70 76
70 413
70 414
70 416
70 721864
71 71
71 509
71 1639
71 1640
71 1642
71 384102
72 99
72 131
72 132
72 133
72 195
72 1220
72 384103
73 3
73 20
73 195
73 1320
73 3384
73 721865
74 9
74 10
74 24
74 26
74 27
74 721866
75 67
75 71
75 3204
75 3206
75 24193
75 721867
76 67
76 105664
76 112648
76 721416
76 721417
76 721868
77 243
77 244
77 245
77 247
77 721869
78 67
78 71
78 204
78 18753
78 18754
78 721870
79 67
79 1104
79 3812
79 9774
79 24371
79 46443
79 48234
79 719200
79 719201
79 721871
80 76
80 433
80 434
80 436
80 721872
81 71
81 76
81 190
81 191
81 721873
seqId 141
1 4
1 5
1 99
1 133
1 175
1 176
1 5129
1 721874
2 3
2 4
2 5
2 10248
2 10250
2 721875
3 10
3 109
3 110
3 112
3 721876
4 3
4 5
4 20
4 389
4 391
4 721877
5 9
5 10
5 11
5 13
5 327229
6 3
6 4
6 5
6 154
6 156
6 721878
7 5
7 84
7 90
7 91
7 93
7 121
7 888
7 114984
7 721879
8 4
8 5
8 99
8 131
8 132
8 133
8 152
8 384114
9 3
9 4
9 5
9 4107
9 4109
9 721880
10 71
10 76
10 190
10 191
10 721881
seqId 142
1 5
1 27
1 99
1 131
1 132
1 133
1 699
1 721882
2 3
2 5
2 20
2 15235
2 32948
2 721883
3 27
3 82
3 84
3 114
3 115
3 116
3 118
3 721884
4 5
4 84
4 90
4 91
4 93
4 121
4 33058
4 33876
4 721885
5 10
5 146
5 147
5 149
5 500240
6 90
6 443
6 36172
6 78363
6 721886
7 4
7 5
7 99
7 131
7 132
7 133
7 152
7 59956
8 3
8 4
8 5
8 3707
8 3709
8 327240
9 660
9 2310
9 2311
9 2313
9 721887
10 9
10 10
10 24
10 26
10 27
10 721888
11 3
11 5
11 20
11 7259
11 7261
11 721889
12 5
12 20
12 202
12 3386
12 6468
12 10488
13 10
13 109
13 110
13 112
13 123335
14 3
14 5
14 20
14 222
14 224
14 721890
15 158
15 159
15 160
15 162
15 721891
16 9
16 10
16 11
16 13
16 163
17 5
17 20
17 99
17 131
17 132
17 133
17 165
17 166
18 3
18 5
18 20
18 1320
18 1322
18 721892
19 76
19 342
19 343
19 345
19 721893
20 10
20 109
20 110
20 112
20 327253
21 4
21 5
21 82
21 83
21 84
21 115
21 152
21 763
21 189059
22 90
22 121
22 122
22 3658
22 3660
22 721894
23 2822
23 2823
23 2824
23 2826
23 721895
24 10
24 146
24 147
24 149
24 722
25 99
25 131
25 132
25 133
25 195
25 236
25 237
26 3
26 4
26 195
26 33489
26 34524
26 721896
27 82
27 759
27 944
27 948
27 95270
28 5
28 84
28 90
28 91
28 93
28 121
28 11691
28 83442
28 721897
29 5
29 20
29 99
29 131
29 132
29 133
29 166
29 721898
30 3
30 5
30 20
30 222
30 224
30 721899
31 9
31 10
31 11
31 13
31 721900
32 4
32 5
32 99
32 131
32 132
32 133
32 152
32 721901
33 3
33 4
33 5
33 13797
33 13799
33 721902
34 158
34 159
34 160
34 162
34 600733
35 9
35 10
35 11
35 13
35 163
36 5
36 20
36 99
36 131
36 132
36 133
36 165
36 166
37 3
37 5
37 20
37 2553
37 2555
37 721903
38 243
38 244
38 245
38 247
38 132118
39 9
39 10
39 11
39 13
39 721904
40 4
40 5
40 99
40 131
40 132
40 133
40 152
40 303719
41 3
41 4
41 5
41 216867
41 223612
41 721905
42 4
42 5
42 202
42 3386
42 6768
42 721906
43 76
43 413
43 414
43 416
43 721907
44 3
44 4
44 5
44 10248
44 13445
44 721908
45 67
45 144372
45 159356
45 159357
45 721909
46 67
46 14058
46 14060
46 93629
46 721910
47 76
47 433
47 434
47 436
47 721911
48 71
48 76
48 190
48 191
48 721912
seqId 143
1 660
1 5049
1 7881
1 7883
1 721913
2 76
2 342
2 343
2 345
2 721914
3 90
3 121
3 122
3 755
3 11097
3 131026
3 721915
4 4
4 5
4 99
4 131
4 132
4 133
4 152
4 721916
5 3
5 4
5 5
5 3691
5 3693
5 721917
6 10
6 126
6 127
6 129
6 171574
7 5
7 20
7 99
7 133
7 175
7 176
7 1316
7 6538
8 3
8 5
8 20
8 13025
8 30421
8 721918
9 9
9 10
9 11
9 13
9 721919
10 3
10 4
10 5
10 49414
10 49416
10 721920
11 230
11 231
11 232
11 234
11 721921
12 9
12 10
12 11
12 13
12 163
13 99
13 131
13 132
13 133
13 195
13 236
13 237
14 3
14 20
14 195
14 7259
14 23768
14 721922
15 20
15 195
15 202
15 3386
15 3388
15 721923
16 27
16 660
16 21971
16 21974
16 21975
16 39567
16 721924
17 5
17 20
17 90
17 122
17 708
17 713
17 89935
17 89937
17 721925
18 76
18 592
18 593
18 595
18 527590
19 4
19 5
19 99
19 131
19 132
19 133
19 152
19 721926
20 3
20 4
20 5
20 141798
20 141800
20 410899
seqId 144
1 76
1 592
1 593
1 595
1 400997
2 4
2 5
2 99
2 133
2 175
2 176
2 178
2 721927
3 3
3 4
3 5
3 10248
3 10250
3 721928
4 121
4 122
4 702
4 703
4 2506
4 721929
5 5
5 20
5 90
5 122
5 708
5 5568
5 5570
5 721930
6 99
6 131
6 132
6 133
6 195
6 237
6 721931
7 660
7 2347
7 2348
7 2350
7 721932
8 4
8 195
8 202
8 156446
8 156448
8 721933
9 3
9 4
9 195
9 671345
9 684092
9 721934
10 5
10 84
10 91
10 93
10 121
10 702
10 703
10 705
10 721935
11 5
11 20
11 90
11 122
11 708
11 21962
11 322007
11 721936
12 944
12 945
12 946
12 948
12 327321
13 5
13 27
13 99
13 131
13 132
13 133
13 135
13 721937
14 3
14 4
14 5
14 8619
14 8621
14 37588
15 158
15 159
15 160
15 162
15 37590
16 9
16 10
16 11
16 13
16 163
17 5
17 20
17 99
17 131
17 132
17 133
17 165
17 166
18 3
18 5
18 20
18 222
18 224
18 721938
19 9
19 10
19 11
19 13
19 721939
20 5
20 27
20 99
20 131
20 132
20 133
20 135
20 721940
21 3
21 4
21 5
21 4804
21 33065
21 721941
22 4
22 5
22 202
22 3386
22 6768
22 721942
23 76
23 342
23 343
23 345
23 721943
24 717
24 718
24 719
24 721
24 123411
25 10
25 146
25 147
25 149
25 722
26 5
26 20
26 99
26 131
26 132
26 133
26 165
26 166
27 3
27 5
27 20
27 1325
27 1327
27 721944
28 9
28 10
28 11
28 13
28 6586
29 5
29 99
29 10078
29 10080
29 600780
30 3
30 5
30 20
30 13358
30 28067
30 721945
31 5
31 20
31 202
31 3001
31 3343
31 721946
32 76
32 342
32 343
32 345
32 721947
33 5
33 84
33 90
33 93
33 121
33 2081
33 4621
33 10555
33 721948
34 443
34 703
34 707
34 2086
34 721949
35 4
35 5
35 90
35 122
35 708
35 713
35 1345
35 4853
35 721950
36 10
36 109
36 110
36 112
36 721951
37 3
37 5
37 20
37 174090
37 174092
37 721952
38 717
38 718
38 719
38 721
38 721953
39 10
39 146
39 147
39 149
39 722
40 5
40 20
40 99
40 131
40 132
40 133
40 165
40 166
41 3
41 5
41 20
41 7111
41 9611
41 721954
42 9
42 10
42 24
42 26
42 27
42 721955
43 4
43 5
43 99
43 133
43 175
43 176
43 178
43 95352
44 3
44 4
44 5
44 11828
44 11830
44 721956
45 5
45 202
45 43846
45 95807
45 425524
46 4
46 5
46 90
46 122
46 708
46 713
46 33058
46 123360
46 721957
47 2822
47 2823
47 2824
47 2826
47 721958
48 10
48 146
48 147
48 149
48 722
49 99
49 131
49 132
49 133
49 195
49 236
49 237
50 3
50 4
50 195
50 17915
50 50130
50 721959
51 195
51 202
51 254
51 3637
51 384232
52 76
52 413
52 414
52 416
52 721960
53 3
53 4
53 5
53 10248
53 10250
53 721961
54 67
54 71
54 402
54 18588
54 48274
54 105642
54 721963
54 721964
54 721965
54 721966
55 76
55 433
55 434
55 436
55 721967
56 71
56 76
56 190
56 191
56 721968
seqId 145
1 51
1 52
1 2054
1 2056
1 670652
2 76
2 433
2 434
2 436
2 384237
seqId 146
1 5
1 20
1 99
1 131
1 132
1 133
1 967
1 37635
2 5
2 20
2 202
2 4294
2 58878
2 721969
3 3
3 5
3 20
3 178749
3 178751
3 600805
4 76
4 342
4 343
4 345
4 721970
5 82
5 759
5 5284
5 5286
5 95368
6 82
6 84
6 114
6 115
6 116
6 1361
6 171657
7 84
7 90
7 91
7 93
7 121
7 195
7 755
7 23821
7 36076
7 721971
8 99
8 131
8 132
8 133
8 195
8 237
8 721972
9 3
9 4
9 195
9 33651
9 112726
9 721973
10 4
10 195
10 202
10 1399
10 1401
10 721974
11 82
11 758
11 759
11 761
11 721975
12 84
12 90
12 91
12 93
12 121
12 195
12 755
12 1676
12 4779
12 721976
13 99
13 131
13 132
13 133
13 195
13 237
13 721977
14 3
14 4
14 195
14 5512
14 5514
14 721978
15 9
15 10
15 11
15 13
15 60088
16 3
16 5
16 20
16 1320
16 1322
16 721979
17 76
17 342
17 343
17 345
17 721980
18 5
18 84
18 91
18 93
18 121
18 703
18 707
18 956
18 721981
19 5
19 20
19 82
19 84
19 100
19 4680
19 7814
19 721982
20 158
20 159
20 160
20 162
20 123456
21 9
21 10
21 11
21 13
21 163
22 5
22 20
22 99
22 131
22 132
22 133
22 165
22 166
23 3
23 5
23 20
23 2723
23 2725
23 721983
24 9
24 10
24 24
24 26
24 27
24 721984
25 3
25 5
25 20
25 38181
25 38183
25 721985
26 71
26 76
26 190
26 191
26 721986
seqId 147
1 5
1 20
1 99
1 131
1 132
1 133
1 967
1 60097
2 3
2 5
2 20
2 384
2 386
2 721987
3 9
3 10
3 11
3 13
3 721988
4 3
4 5
4 20
4 1320
4 1322
4 721989
5 243
5 244
5 245
5 247
5 496297
6 5
6 20
6 99
6 131
6 132
6 133
6 166
6 37666
7 3
7 5
7 20
7 2081
7 29574
7 721990
8 9
8 10
8 11
8 13
8 721991
9 5
9 27
9 99
9 131
9 132
9 133
9 135
9 721992
10 3
10 5
10 20
10 220378
10 258515
10 721993
11 84
11 90
11 91
11 93
11 121
11 195
11 25319
11 45202
11 721994
12 660
12 30602
12 30603
12 30605
12 721995
13 4
13 5
13 99
13 133
13 175
13 176
13 178
13 123472
14 3
14 4
14 5
14 4420
14 4422
14 721996
15 4
15 5
15 202
15 4011
15 75693
15 721997
16 71
16 76
16 190
16 191
16 721998
seqId 148
1 660
1 3319
1 39691
1 39693
1 123475
2 9
2 10
2 24
2 26
2 27
2 721999
3 90
3 443
3 6703
3 35819
3 47099
4 5
4 20
4 99
4 131
4 132
4 133
4 166
4 722000
5 3
5 5
5 20
5 31623
5 31625
5 132241
6 9
6 10
6 11
6 13
6 37689
7 98
7 99
7 100
7 195
7 2073
7 500374
8 3
8 4
8 195
8 33651
8 112726
8 722001
9 76
9 342
9 343
9 345
9 425574
10 85
10 99
10 195
10 638
10 640
10 722002
11 3
11 4
11 195
11 22729
11 22731
11 722003
12 84
12 91
12 93
12 121
12 195
12 702
12 703
12 1062
12 722004
13 5
13 20
13 122
13 703
13 707
13 708
13 710
13 217712
14 4
14 90
14 122
14 195
14 340
14 708
14 713
14 13132
14 13134
14 722005
15 71
15 76
15 190
15 191
15 722006
seqId 149
1 76
1 592
1 593
1 595
1 722007
2 660
2 1377
2 60276
2 60278
2 722008
3 9
3 10
3 26
3 27
3 1539
3 722009
4 3
4 5
4 20
4 7120
4 7122
4 722010
5 76
5 342
5 343
5 345
5 355216
6 717
6 718
6 719
6 721
6 527679
7 10
7 146
7 147
7 149
7 722
8 5
8 20
8 99
8 131
8 132
8 133
8 165
8 166
9 3
9 5
9 20
9 137578
9 137580
9 722011
10 9
10 10
10 11
10 13
10 722012
11 5
11 27
11 99
11 131
11 132
11 133
11 135
11 527682
12 3
12 4
12 5
12 4507
12 4509
12 722013
13 158
13 159
13 160
13 162
13 132263
14 9
14 10
14 11
14 13
14 163
15 5
15 20
15 99
15 131
15 132
15 133
15 165
15 166
16 3
16 5
16 20
16 384
16 386
16 722014
17 9
17 10
17 11
17 13
17 722015
18 3
18 5
18 20
18 1320
18 1322
18 722016
19 76
19 342
19 343
19 345
19 722017
20 84
20 91
20 93
20 121
20 195
20 702
20 703
20 1062
20 527689
21 122
21 703
21 707
21 708
21 710
21 722018
22 4
22 90
22 122
22 195
22 340
22 708
22 713
22 3979
22 3981
22 722019
23 99
23 131
23 132
23 133
23 195
23 237
23 722020
24 3
24 4
24 195
24 340
24 14541
24 14543
24 722021
25 158
25 159
25 160
25 162
25 722022
26 9
26 10
26 11
26 13
26 163
27 5
27 20
27 99
27 131
27 132
27 133
27 165
27 166
28 76
28 137
28 138
28 140
28 500395
29 3
29 5
29 20
29 29999
29 30001
29 722023
30 76
30 185
30 186
30 188
30 722024
31 158
31 159
31 160
31 162
31 411022
32 9
32 10
32 11
32 13
32 163
33 5
33 20
33 99
33 131
33 132
33 133
33 165
33 166
34 3
34 5
34 20
34 384
34 386
34 411023
35 9
35 10
35 11
35 13
35 411024
36 3
36 5
36 20
36 1320
36 1322
36 722025
37 71
37 76
37 190
37 191
37 722026
seqId 150
1 5
1 20
1 99
1 133
1 175
1 176
1 9647
1 50101
2 5
2 20
2 202
2 6111
2 6113
2 6748
3 3
3 5
3 20
3 29999
3 30001
3 722027
4 27
4 82
4 84
4 114
4 115
4 116
4 118
4 722028
5 5
5 84
5 90
5 91
5 93
5 121
5 4258
5 4469
5 722029
6 10
6 283
6 284
6 286
6 722030
7 4
7 5
7 99
7 133
7 175
7 176
7 178
7 132296
8 3
8 4
8 5
8 24335
8 34594
8 722031
9 660
9 2347
9 2348
9 2350
9 500405
10 4
10 5
10 202
10 3244
10 3246
10 722032
11 90
11 121
11 122
11 10473
11 527708
11 722034
12 660
12 1377
12 6485
12 6487
12 722035
13 10
13 146
13 149
13 1539
13 411033
14 4
14 5
14 99
14 131
14 132
14 133
14 152
14 411034
15 3
15 4
15 5
15 3725
15 3727
15 610673
16 10
16 146
16 147
16 149
16 722036
17 5
17 27
17 99
17 131
17 132
17 133
17 135
17 722037
18 3
18 4
18 5
18 497
18 24019
18 60085
18 60087
18 722038
19 158
19 159
19 160
19 162
19 60176
20 9
20 10
20 11
20 13
20 163
21 5
21 20
21 99
21 131
21 132
21 133
21 165
21 166
22 3
22 5
22 20
22 384
22 386
22 722039
23 243
23 244
23 245
23 247
23 610677
24 10
24 146
24 147
24 149
24 722040
25 5
25 27
25 99
25 131
25 132
25 133
25 135
25 722041
26 3
26 4
26 5
26 405720
26 405722
26 722042
27 9
27 10
27 11
27 13
27 363422
28 4
28 5
28 99
28 131
28 132
28 133
28 152
28 462954
29 3
29 4
29 5
29 19020
29 23943
29 355260
30 9
30 10
30 11
30 13
30 189245
31 5
31 27
31 99
31 131
31 132
31 133
31 135
31 327464
32 3
32 5
32 20
32 220378
32 258515
32 722043
33 71
33 76
33 190
33 191
33 722044
34 5211
34 5212
34 5213
34 5215
34 722045
seqId 151
1 10
1 146
1 147
1 149
1 722
2 5
2 20
2 99
2 131
2 132
2 133
2 165
2 166
3 3
3 5
3 20
3 29402
3 29404
3 722046
4 230
4 231
4 232
4 234
4 722047
5 9
5 10
5 11
5 13
5 163
6 99
6 131
6 132
6 133
6 195
6 236
6 237
7 3
7 4
7 195
7 729
7 731
7 722048
8 76
8 342
8 343
8 345
8 722049
9 5
9 20
9 99
9 131
9 132
9 133
9 166
9 670739
10 3
10 5
10 20
10 18025
10 18027
10 722050
11 243
11 244
11 245
11 247
11 722051
12 99
12 131
12 132
12 133
12 195
12 237
12 722052
13 3
13 4
13 195
13 340
13 20436
13 20438
13 722053
14 9
14 10
14 11
14 13
14 722054
15 4
15 5
15 98
15 99
15 100
15 1927
15 722055
16 4
16 5
16 202
16 29679
16 29681
16 722056
17 3
17 4
17 5
17 1784
17 10502
17 722057
18 82
18 84
18 114
18 115
18 116
18 1361
18 722058
19 84
19 91
19 93
19 121
19 195
19 703
19 707
19 1858
19 722059
20 660
20 2509
20 2510
20 2512
20 303946
21 20
21 90
21 122
21 195
21 340
21 708
21 769
21 40016
21 40018
21 722060
22 71
22 76
22 190
22 191
22 527735
seqId 152
1 51
1 195
1 1501
1 6279
1 722061
2 3
2 4
2 195
2 340
2 10248
2 10250
2 722062
3 84
3 90
3 91
3 93
3 121
3 195
3 14641
3 137054
3 722063
4 5
4 20
4 202
4 722065
4 722066
4 722067
5 3
5 5
5 20
5 1892
5 37252
5 722068
6 71
6 76
6 190
6 191
6 346818
seqId 153
1 4
1 5
1 99
1 131
1 132
1 133
1 811
1 722069
2 4
2 5
2 202
2 784
2 786
2 722070
3 76
3 342
3 343
3 345
3 722071
4 4
4 5
4 90
4 122
4 708
4 713
4 2514
4 12161
4 722072
5 717
5 718
5 719
5 721
5 722073
6 10
6 146
6 147
6 149
6 722
7 5
7 20
7 99
7 131
7 132
7 133
7 165
7 166
8 3
8 5
8 20
8 8773
8 8775
8 189291
9 9
9 10
9 11
9 13
9 303958
10 3
10 5
10 20
10 5840
10 5842
10 722074
11 51
11 195
11 5342
11 5344
11 722075
12 76
12 342
12 343
12 345
12 722076
13 82
13 84
13 114
13 115
13 116
13 1361
13 722077
14 5
14 84
14 90
14 91
14 93
14 121
14 3658
14 722079
14 722080
15 10
15 146
15 147
15 149
15 722081
16 5
16 27
16 99
16 131
16 132
16 133
16 135
16 722082
17 3
17 4
17 5
17 44
17 621
17 722083
18 230
18 231
18 232
18 234
18 722084
19 9
19 10
19 11
19 13
19 163
20 99
20 131
20 132
20 133
20 195
20 236
20 237
21 3
21 20
21 195
21 102171
21 102173
21 722085
22 76
22 342
22 343
22 345
22 327503
23 4
23 5
23 90
23 122
23 708
23 713
23 17308
23 17310
23 722086
24 10
24 1010
24 1011
24 1013
24 722087
25 5
25 20
25 99
25 133
25 175
25 176
25 1316
25 363470
26 3
26 5
26 20
26 5390
26 8757
26 117027
26 117029
26 722088
27 158
27 159
27 160
27 162
27 722089
28 9
28 10
28 11
28 13
28 163
29 5
29 20
29 99
29 131
29 132
29 133
29 165
29 166
30 3
30 5
30 20
30 2081
30 29574
30 722090
31 9
31 10
31 11
31 13
31 217826
32 3
32 4
32 5
32 813
32 815
32 722091
33 76
33 413
33 414
33 416
33 722092
34 67
34 71
34 1047
34 5933
34 9490
34 412749
34 722094
34 722095
34 722096
35 76
35 433
35 434
35 436
35 722097
36 71
36 76
36 190
36 191
36 722098
seqId 154
1 4
1 5
1 99
1 131
1 132
1 133
1 811
1 722099
2 3
2 4
2 5
2 4296
2 24705
2 722100
3 76
3 342
3 343
3 345
3 722101
4 10
4 109
4 110
4 112
4 722102
5 3
5 5
5 20
5 389
5 391
5 722103
6 9
6 10
6 11
6 13
6 670792
7 3
7 4
7 5
7 154
7 156
7 722104
8 76
8 342
8 343
8 345
8 132381
9 5
9 84
9 90
9 91
9 93
9 121
9 14730
9 17654
9 500466
10 10
10 146
10 147
10 149
10 722105
11 90
11 443
11 319327
11 319329
11 722106
12 5
12 20
12 99
12 131
12 132
12 133
12 166
12 132385
13 3
13 5
13 20
13 400971
13 400973
13 722107
14 76
14 342
14 343
14 345
14 722108
15 10
15 146
15 149
15 1539
15 722109
16 90
16 443
16 1334
16 8849
16 722110
17 9
17 10
17 24
17 26
17 27
17 722111
18 4
18 5
18 99
18 133
18 175
18 176
18 178
18 6911
19 3
19 4
19 5
19 33173
19 33763
19 171834
20 4
20 5
20 202
20 623
20 625
20 626
20 722112
21 76
21 342
21 343
21 345
21 496412
22 10
22 126
22 127
22 129
22 722113
23 4
23 5
23 99
23 131
23 132
23 133
23 152
23 171839
24 3
24 4
24 5
24 118987
24 118989
24 722114
25 243
25 244
25 245
25 247
25 722115
26 4
26 5
26 99
26 131
26 132
26 133
26 152
26 123622
27 3
27 4
27 5
27 3595
27 3597
27 722116
28 9
28 10
28 11
28 13
28 189337
29 5
29 27
29 99
29 131
29 132
29 133
29 135
29 722117
30 3
30 4
30 5
30 24833
30 24835
30 722118
31 4
31 5
31 202
31 1104
31 93454
31 93456
31 304006
32 9
32 10
32 24
32 26
32 27
32 722120
33 3
33 4
33 5
33 405720
33 405722
33 722121
34 76
34 342
34 343
34 345
34 463029
35 4
35 5
35 90
35 122
35 708
35 713
35 2653
35 93132
35 722122
36 717
36 718
36 719
36 721
36 722123
37 10
37 146
37 147
37 149
37 722
38 5
38 20
38 99
38 131
38 132
38 133
38 165
38 166
39 3
39 5
39 20
39 2081
39 29574
39 722124
40 9
40 10
40 11
40 13
40 527803
41 5
41 27
41 99
41 131
41 132
41 133
41 135
41 722125
42 3
42 5
42 20
42 220378
42 258515
42 722126
43 76
43 413
43 414
43 416
43 722127
44 67
44 71
44 1725
44 1726
44 1728
44 722128
45 67
45 3948
45 98731
45 139406
45 722130
45 722131
45 722132
46 76
46 433
46 434
46 436
46 722133
47 71
47 76
47 190
47 191
47 722134
seqId 155
1 10
1 283
1 3640
1 3642
1 722135
2 5
2 20
2 99
2 131
2 132
2 133
2 166
2 722136
3 3
3 5
3 20
3 16650
3 16652
3 722137
4 230
4 231
4 232
4 234
4 722138
5 9
5 10
5 11
5 13
5 163
6 99
6 131
6 132
6 133
6 195
6 236
6 237
7 3
7 4
7 15
7 195
7 4121
7 722139
8 82
8 758
8 759
8 761
8 722140
9 84
9 90
9 91
9 93
9 121
9 195
9 755
9 316060
9 333889
9 722141
10 76
10 342
10 343
10 345
10 722142
11 4
11 5
11 99
11 133
11 175
11 176
11 178
11 722143
12 3
12 4
12 5
12 3691
12 3693
12 722144
13 27
13 82
13 84
13 114
13 115
13 116
13 118
13 722145
14 5
14 84
14 91
14 93
14 121
14 703
14 707
14 956
14 722146
15 4
15 5
15 90
15 122
15 708
15 769
15 4190
15 53926
15 722147
16 660
16 3261
16 3262
16 3264
16 496447
17 9
17 10
17 11
17 13
17 171878
18 5
18 27
18 99
18 131
18 132
18 133
18 135
18 722148
19 3
19 4
19 5
19 24687
19 24689
19 722149
20 4
20 5
20 202
20 27270
20 64023
20 722150
21 75
21 76
21 77
21 79
21 60309
22 27
22 660
22 661
22 910
22 912
22 722151
23 5
23 84
23 90
23 91
23 93
23 121
23 14844
23 209542
23 722152
24 5
24 20
24 72
24 81
24 82
24 83
24 84
24 85
24 595
24 7291
24 13403
24 722153
25 660
25 661
25 1240
25 1242
25 304037
26 27
26 660
26 21971
26 21974
26 21975
26 39567
26 722154
27 717
27 718
27 719
27 721
27 722155
28 10
28 146
28 147
28 149
28 722
29 5
29 20
29 99
29 131
29 132
29 133
29 165
29 166
30 3
30 5
30 20
30 3650
30 3652
30 722156
31 9
31 10
31 11
31 13
31 722157
32 4
32 5
32 99
32 131
32 132
32 133
32 152
32 425749
33 3
33 4
33 5
33 41495
33 41497
33 722158
34 158
34 159
34 160
34 162
34 132448
35 9
35 10
35 11
35 13
35 163
36 5
36 20
36 99
36 131
36 132
36 133
36 165
36 166
37 3
37 5
37 20
37 2081
37 29574
37 722159
38 5
38 20
38 202
38 14296
38 112742
38 217526
38 722161
39 243
39 244
39 245
39 247
39 722162
40 76
40 342
40 343
40 345
40 425754
41 10
41 828
41 829
41 831
41 722163
42 72
42 660
42 1265
42 2308
42 321757
42 321758
42 722164
43 76
43 342
43 343
43 345
43 722165
44 10
44 146
44 147
44 149
44 722166
45 4
45 5
45 99
45 115
45 773
45 774
45 775
45 776
45 3330
45 363586
46 3
46 4
46 5
46 7537
46 617860
46 714067
46 722167
47 76
47 342
47 343
47 345
47 496466
48 10
48 279
48 11672
48 11673
48 722168
49 5
49 27
49 99
49 131
49 132
49 133
49 135
49 722169
50 3
50 5
50 20
50 2429
50 2431
50 722170
51 9
51 10
51 24
51 26
51 27
51 722171
52 5
52 20
52 99
52 133
52 175
52 176
52 1316
52 722172
53 3
53 5
53 20
53 86389
53 86391
53 722173
54 5
54 20
54 90
54 122
54 708
54 713
54 888
54 890
54 722174
55 158
55 159
55 160
55 162
55 401284
56 9
56 10
56 11
56 13
56 163
57 5
57 20
57 99
57 131
57 132
57 133
57 165
57 166
58 3
58 5
58 20
58 9362
58 9364
58 355409
59 90
59 121
59 122
59 4845
59 224494
59 722175
60 10
60 146
60 147
60 149
60 304063
61 4
61 5
61 99
61 133
61 175
61 176
61 178
61 722176
62 3
62 4
62 5
62 3615
62 3617
62 722177
63 9
63 10
63 11
63 13
63 722178
64 90
64 443
64 8685
64 43320
64 722180
64 722181
65 5
65 27
65 99
65 131
65 132
65 133
65 135
65 401292
66 3
66 5
66 20
66 11913
66 22480
66 722182
67 9
67 10
67 11
67 13
67 411193
68 5
68 20
68 98
68 99
68 100
68 102
68 171926
69 3
69 5
69 20
69 2081
69 29574
69 722183
70 76
70 2911
70 2912
70 2914
70 722184
seqId 156
1 4
1 5
1 99
1 131
1 132
1 133
1 811
1 722185
2 3
2 4
2 5
2 128144
2 128146
2 722186
3 158
3 159
3 160
3 162
3 425779
4 9
4 10
4 11
4 13
4 163
5 5
5 20
5 99
5 131
5 132
5 133
5 165
5 166
6 3
6 5
6 20
6 11067
6 11069
6 722187
7 9
7 10
7 24
7 26
7 27
7 722188
8 3
8 4
8 5
8 26362
8 26364
8 425782
9 5
9 84
9 90
9 93
9 121
9 2081
9 4621
9 10555
9 722189
10 660
10 3768
10 3769
10 3771
10 327626
11 90
11 443
11 25319
11 382874
11 722190
12 4
12 5
12 99
12 133
12 175
12 176
12 178
12 401305
13 3
13 4
13 5
13 4420
13 4422
13 722191
14 9
14 10
14 11
14 13
14 601006
15 3
15 5
15 20
15 614
15 4760
15 722192
16 10
16 283
16 284
16 286
16 425787
17 4
17 5
17 99
17 133
17 175
17 176
17 178
17 7070
18 4
18 5
18 202
18 6111
18 151303
18 722193
19 3
19 4
19 5
19 1784
19 10502
19 722194
20 71
20 76
20 190
20 191
20 411211
seqId 157
1 84
1 90
1 91
1 93
1 121
1 195
1 4766
1 173469
1 722195
2 3
2 5
2 20
2 17801
2 17803
2 722196
3 10
3 146
3 147
3 149
3 132495
4 4
4 5
4 99
4 131
4 132
4 133
4 152
4 722197
5 3
5 4
5 5
5 7537
5 617860
5 714067
5 722198
6 158
6 159
6 160
6 162
6 60377
7 9
7 10
7 11
7 13
7 163
8 5
8 20
8 99
8 131
8 132
8 133
8 165
8 166
9 3
9 5
9 20
9 2081
9 29574
9 722199
10 5
10 20
10 202
10 14296
10 112742
10 217526
10 722200
11 243
11 244
11 245
11 247
11 722201
12 10
12 146
12 147
12 149
12 722202
13 99
13 115
13 195
13 773
13 774
13 775
13 776
13 3400
13 722203
14 3
14 4
14 195
14 340
14 4360
14 4362
14 50407
15 51
15 195
15 1501
15 1503
15 722204
16 3
16 4
16 195
16 340
16 10248
16 10250
16 722205
17 10
17 109
17 110
17 112
17 346971
18 3
18 4
18 5
18 4298
18 4300
18 722206
19 9
19 10
19 24
19 26
19 27
19 722207
20 3
20 5
20 20
20 47350
20 47352
20 722208
21 71
21 76
21 190
21 191
21 463119
seqId 158
1 4
1 5
1 99
1 131
1 132
1 133
1 811
1 384576
2 4
2 5
2 202
2 784
2 786
2 722209
3 5
3 84
3 90
3 91
3 93
3 121
3 4180
3 34509
3 722210
4 90
4 443
4 1345
4 9933
4 189463
5 10
5 109
5 110
5 112
5 670937
6 3
6 4
6 5
6 4107
6 4109
6 722211
7 4
7 5
7 99
7 131
7 132
7 133
7 152
7 722212
8 3
8 4
8 5
8 7112
8 8356
8 8358
9 4
9 5
9 202
9 1399
9 3538
9 722213
10 4
10 5
10 202
10 47321
10 47323
10 722214
11 230
11 231
11 232
11 234
11 722215
12 9
12 10
12 11
12 13
12 163
13 99
13 131
13 132
13 133
13 195
13 236
13 237
14 3
14 20
14 195
14 2723
14 3278
14 722216
15 9
15 10
15 11
15 13
15 217973
16 3
16 5
16 20
16 1320
16 1322
16 722217
17 243
17 244
17 245
17 247
17 50445
18 99
18 131
18 132
18 133
18 195
18 237
18 722218
19 3
19 4
19 195
19 18624
19 18626
19 722219
20 90
20 121
20 122
20 77634
20 410386
20 722220
21 9
21 10
21 24
21 26
21 27
21 722221
22 4
22 5
22 99
22 133
22 175
22 176
22 178
22 722222
23 3
23 4
23 5
23 3325
23 116899
23 722223
24 4
24 5
24 202
24 851
24 92013
24 92015
24 722224
25 9
25 10
25 11
25 13
25 722225
26 98
26 99
26 100
26 195
26 2073
26 722226
27 3
27 20
27 195
27 2723
27 3278
27 722227
28 659
28 660
28 661
28 2274
28 722228
29 4
29 5
29 90
29 122
29 340
29 708
29 713
29 1104
29 104336
29 140306
29 140308
29 722230
30 717
30 718
30 719
30 721
30 347015
31 10
31 146
31 147
31 149
31 722
32 5
32 20
32 99
32 131
32 132
32 133
32 165
32 166
33 3
33 5
33 20
33 33272
33 34089
33 132562
34 5
34 20
34 202
34 3001
34 3343
34 722231
35 76
35 413
35 414
35 416
35 722232
36 67
36 70
36 71
36 518
36 82641
36 566816
36 722234
36 722235
36 722236
37 76
37 433
37 434
37 436
37 722237
38 71
38 76
38 190
38 191
38 722238
seqId 159
1 4
1 5
1 99
1 131
1 132
1 133
1 811
1 722239
2 3
2 4
2 5
2 4296
2 24705
2 722240
3 5
3 84
3 90
3 91
3 93
3 121
3 14730
3 17654
3 722241
4 10
4 146
4 147
4 149
4 722242
5 90
5 443
5 3446
5 3448
5 722243
6 4
6 5
6 99
6 131
6 132
6 133
6 152
6 722244
7 3
7 4
7 5
7 4420
7 4422
7 601064
8 4
8 5
8 202
8 1104
8 19957
8 19959
8 722245
9 244
9 19890
9 19891
9 19893
9 722246
10 4
10 5
10 202
10 242482
10 242484
10 722248
11 4
11 5
11 90
11 122
11 708
11 713
11 3067
11 93114
11 722249
12 27
12 660
12 21971
12 21974
12 21975
12 39567
12 722250
13 717
13 718
13 719
13 721
13 722251
14 10
14 146
14 147
14 149
14 722
15 5
15 20
15 99
15 131
15 132
15 133
15 165
15 166
16 3
16 5
16 20
16 65525
16 65527
16 722252
17 158
17 159
17 160
17 162
17 527970
18 9
18 10
18 11
18 13
18 163
19 5
19 20
19 99
19 131
19 132
19 133
19 165
19 166
20 3
20 5
20 20
20 102171
20 219839
20 722253
21 10
21 283
21 284
21 286
21 722254
22 4
22 5
22 99
22 131
22 132
22 133
22 152
22 384631
23 3
23 4
23 5
23 34306
23 34308
23 500621
24 158
24 159
24 160
24 162
24 722255
25 9
25 10
25 11
25 13
25 163
26 5
26 20
26 99
26 131
26 132
26 133
26 165
26 166
27 3
27 5
27 20
27 2723
27 2725
27 722256
28 9
28 10
28 24
28 26
28 27
28 722257
29 3
29 5
29 20
29 38181
29 38183
29 722258
30 76
30 413
30 414
30 416
30 722259
31 3
31 5
31 20
31 71
31 9488
31 9490
31 722260
32 67
32 72
32 12831
32 14727
32 24729
32 263029
32 722262
32 722263
32 722264
33 76
33 433
33 434
33 436
33 722265
34 71
34 76
34 190
34 191
34 60483
seqId 160
1 4
1 5
1 99
1 133
1 175
1 176
1 5129
1 60484
2 4
2 5
2 202
2 15304
2 15306
2 722266
3 3
3 4
3 5
3 10248
3 10250
3 172023
4 10
4 109
4 110
4 112
4 38162
5 3
5 5
5 20
5 389
5 391
5 363733
6 9
6 10
6 11
6 13
6 7230
7 3
7 4
7 5
7 154
7 156
7 722267
8 27
8 82
8 84
8 114
8 115
8 116
8 118
8 496579
9 5
9 84
9 90
9 91
9 93
9 121
9 33058
9 33876
9 722268
10 660
10 2547
10 2548
10 4275
10 722269
11 10
11 146
11 147
11 149
11 7246
12 4
12 5
12 82
12 84
12 115
12 763
12 1262
12 1264
12 722270
13 10
13 146
13 147
13 149
13 722271
14 90
14 443
14 1345
14 9933
14 722272
15 10
15 109
15 110
15 112
15 722273
16 3
16 4
16 5
16 23042
16 23044
16 722274
17 4
17 5
17 99
17 131
17 132
17 133
17 152
17 722275
18 3
18 4
18 5
18 33368
18 33370
18 722276
19 230
19 231
19 232
19 234
19 722277
20 9
20 10
20 11
20 13
20 163
21 99
21 131
21 132
21 133
21 195
21 236
21 237
22 3
22 20
22 195
22 5228
22 5230
22 722278
23 82
23 758
23 759
23 761
23 722279
24 84
24 90
24 91
24 93
24 121
24 195
24 1316
24 143497
24 153225
24 722280
25 10
25 109
25 110
25 112
25 722281
26 3
26 5
26 20
26 222
26 224
26 722282
27 5
27 27
27 99
27 131
27 132
27 133
27 135
27 722283
28 3
28 4
28 5
28 2608
28 4490
28 722284
29 158
29 159
29 160
29 162
29 722285
30 9
30 10
30 11
30 13
30 163
31 5
31 20
31 99
31 131
31 132
31 133
31 165
31 166
32 3
32 5
32 20
32 1320
32 1322
32 722286
33 243
33 244
33 245
33 247
33 132642
34 4
34 5
34 99
34 131
34 132
34 133
34 152
34 671011
35 3
35 4
35 5
35 26985
35 26987
35 722287
36 230
36 231
36 232
36 234
36 384665
37 9
37 10
37 11
37 13
37 163
38 99
38 131
38 132
38 133
38 195
38 236
38 237
39 3
39 20
39 195
39 102171
39 102173
39 722288
40 76
40 413
40 414
40 416
40 722289
41 67
41 71
41 699
41 18402
41 18403
41 722290
42 67
42 18337
42 57393
42 722292
42 722293
42 722294
43 76
43 1267
43 1268
43 1270
43 722295
44 71
44 509
44 1639
44 1640
44 1642
44 95813
45 660
45 1622
45 1623
45 1625
45 722296
46 99
46 131
46 132
46 133
46 195
46 237
46 60518
47 3
47 20
47 195
47 1320
47 3384
47 722297
48 9
48 10
48 24
48 26
48 27
48 722298
49 67
49 71
49 3204
49 3206
49 24193
49 95819
50 67
50 105664
50 112648
50 721416
50 721417
50 722299
51 76
51 433
51 434
51 436
51 722300
52 71
52 76
52 190
52 191
52 722301
seqId 161
1 76
1 592
1 593
1 595
1 363767
2 5211
2 5212
2 5213
2 5215
2 355594
3 10
3 146
3 147
3 149
3 722
4 5
4 20
4 99
4 131
4 132
4 133
4 165
4 166
5 3
5 5
5 20
5 137578
5 137580
5 722302
6 659
6 660
6 661
6 1539
6 2274
6 722303
7 660
7 2347
7 2348
7 2350
7 363768
8 9
8 10
8 11
8 13
8 722304
9 5
9 27
9 99
9 131
9 132
9 133
9 135
9 189586
10 3
10 4
10 5
10 4507
10 4509
10 722305
11 244
11 1249
11 1250
11 1252
11 401436
12 9
12 10
12 11
12 13
12 132665
13 4
13 5
13 99
13 131
13 132
13 133
13 152
13 132666
14 3
14 4
14 5
14 41326
14 41328
14 722306
15 158
15 159
15 160
15 162
15 123914
16 9
16 10
16 11
16 13
16 163
17 5
17 20
17 99
17 131
17 132
17 133
17 165
17 166
18 3
18 5
18 20
18 384
18 386
18 722307
19 9
19 10
19 11
19 13
19 38243
20 3
20 5
20 20
20 1320
20 1322
20 38245
21 10
21 146
21 147
21 149
21 610974
22 3
22 4
22 5
22 11291
22 11293
22 722308
23 4
23 5
23 202
23 304718
23 304720
23 722309
24 76
24 342
24 343
24 345
24 722310
25 13
25 99
25 133
25 175
25 176
25 195
25 384691
26 4
26 195
26 202
26 795
26 3439
26 722311
27 3
27 4
27 195
27 340
27 44727
27 44729
27 722312
28 84
28 91
28 93
28 121
28 195
28 702
28 703
28 1062
28 528060
29 5
29 20
29 90
29 122
29 708
29 2081
29 2083
29 722313
30 443
30 703
30 707
30 2086
30 463232
31 4
31 90
31 122
31 195
31 708
31 713
31 1236
31 2787
31 13441
31 722314
32 76
32 413
32 414
32 416
32 610989
33 10
33 71
33 1639
33 1640
33 1642
33 722315
34 99
34 131
34 132
34 133
34 195
34 237
34 60570
35 3
35 20
35 195
35 1320
35 3384
35 722316
36 9
36 10
36 11
36 13
36 189611
37 67
37 71
37 4796
37 46982
37 46983
37 722317
38 67
38 699
38 15105
38 483778
38 719627
38 719628
38 722318
39 76
39 433
39 434
39 436
39 722319
40 82
40 758
40 759
40 761
40 722320
41 84
41 90
41 91
41 93
41 121
41 195
41 7785
41 43531
41 722321
42 10
42 146
42 147
42 149
42 722322
43 5
43 27
43 99
43 131
43 132
43 133
43 135
43 722323
44 3
44 5
44 20
44 1608
44 37260
44 155272
44 722325
44 722326
45 9
45 10
45 11
45 13
45 722327
46 5
46 27
46 99
46 131
46 132
46 133
46 135
46 722328
47 3
47 5
47 20
47 31396
47 213016
47 722330
47 722331
48 243
48 244
48 245
48 247
48 50640
49 158
49 159
49 160
49 162
49 722332
50 9
50 10
50 11
50 13
50 163
51 5
51 20
51 99
51 131
51 132
51 133
51 165
51 166
52 3
52 5
52 20
52 7992
52 7994
52 500693
53 243
53 244
53 245
53 247
53 601159
54 158
54 159
54 160
54 162
54 611004
55 9
55 10
55 11
55 13
55 163
56 5
56 20
56 99
56 131
56 132
56 133
56 165
56 166
57 3
57 5
57 20
57 159667
57 159669
57 722333
58 76
58 342
58 343
58 345
58 722334
59 660
59 976
59 979
59 1458
59 722335
60 27
60 944
60 945
60 1463
60 3308
60 722336
61 10
61 146
61 147
61 149
61 722337
62 4
62 5
62 99
62 131
62 132
62 133
62 152
62 722338
63 3
63 4
63 5
63 17350
63 17352
63 722339
64 230
64 231
64 232
64 234
64 722340
65 9
65 10
65 11
65 13
65 163
66 99
66 131
66 132
66 133
66 195
66 236
66 237
67 3
67 4
67 195
67 8152
67 8154
67 722341
68 9
68 10
68 11
68 13
68 123959
69 5
69 27
69 99
69 131
69 132
69 133
69 135
69 722342
70 3
70 5
70 20
70 31396
70 213016
70 722330
70 722343
71 71
71 76
71 190
71 191
71 722344
seqId 162
1 99
1 131
1 132
1 133
1 195
1 1220
1 722345
2 3
2 4
2 195
2 3974
2 3976
2 722346
3 4
3 195
3 202
3 37132
3 37134
3 722347
4 158
4 159
4 160
4 162
4 425941
5 9
5 10
5 11
5 13
5 163
6 5
6 20
6 99
6 131
6 132
6 133
6 165
6 166
7 3
7 5
7 20
7 255241
7 255243
7 722348
8 10
8 378
8 379
8 381
8 722349
9 3
9 5
9 20
9 146094
9 213045
9 722350
10 5
10 20
10 202
10 254
10 256
10 722351
11 945
11 1010
11 1011
11 1013
11 722352
12 10
12 378
12 379
12 381
12 722353
13 3
13 5
13 20
13 146094
13 213045
13 722354
14 5
14 20
14 202
14 2553
14 2555
14 722355
15 76
15 342
15 343
15 345
15 722356
16 660
16 6286
16 6287
16 6289
16 722357
17 4
17 82
17 84
17 100
17 195
17 4680
17 4682
17 384744
18 4
18 195
18 202
18 7602
18 7604
18 722358
19 10
19 146
19 147
19 149
19 132751
20 5
20 27
20 99
20 131
20 132
20 133
20 135
20 722359
21 3
21 4
21 5
21 220815
21 220817
21 722360
22 76
22 413
22 414
22 416
22 722361
23 10
23 71
23 1639
23 1640
23 1642
23 722362
24 36
24 67
24 71
24 18488
24 18489
24 722363
25 67
25 51670
25 103365
25 719214
25 719215
25 722364
26 76
26 433
26 434
26 436
26 722365
27 76
27 342
27 343
27 345
27 304304
28 82
28 83
28 84
28 109
28 112
28 115
28 172154
29 84
29 90
29 91
29 93
29 121
29 195
29 442
29 4823
29 722366
30 660
30 918
30 919
30 921
30 722367
31 10
31 146
31 147
31 149
31 722368
32 90
32 443
32 722370
32 722371
32 722372
33 717
33 718
33 719
33 721
33 132762
34 10
34 146
34 147
34 149
34 722
35 5
35 20
35 99
35 131
35 132
35 133
35 165
35 166
36 5
36 20
36 202
36 4294
36 58878
36 671092
37 3
37 5
37 20
37 15008
37 15010
37 722373
38 71
38 76
38 190
38 191
38 496680
seqId 163
1 27
1 82
1 84
1 114
1 115
1 116
1 310
1 722374
2 84
2 90
2 91
2 93
2 121
2 195
2 4258
2 23888
2 722375
3 10
3 283
3 284
3 286
3 722376
4 4
4 5
4 98
4 99
4 100
4 1927
4 722377
5 3
5 4
5 5
5 19053
5 19055
5 722378
6 51
6 195
6 1501
6 1503
6 722379
7 3
7 4
7 195
7 340
7 10248
7 10250
7 722380
8 10
8 109
8 110
8 112
8 722381
9 3
9 4
9 5
9 4298
9 4300
9 722382
10 9
10 10
10 24
10 26
10 27
10 722383
11 3
11 5
11 20
11 47350
11 47352
11 722384
12 71
12 76
12 190
12 191
12 528145
seqId 164
1 4
1 5
1 99
1 131
1 132
1 133
1 811
1 132774
2 4
2 5
2 202
2 784
2 786
2 722385
3 82
3 84
3 114
3 115
3 116
3 1361
3 722386
4 5
4 84
4 90
4 91
4 93
4 121
4 3658
4 722080
4 722387
5 10
5 146
5 147
5 149
5 722388
6 4
6 5
6 99
6 131
6 132
6 133
6 152
6 722389
7 3
7 4
7 5
7 6422
7 6424
7 722390
8 4
8 5
8 90
8 122
8 708
8 713
8 1104
8 115521
8 456586
8 722391
9 9
9 10
9 11
9 13
9 722392
10 5
10 27
10 99
10 131
10 132
10 133
10 135
10 722393
11 3
11 5
11 20
11 38181
11 38183
11 722394
12 76
12 342
12 343
12 345
12 327911
13 4
13 5
13 82
13 759
13 1432
13 1434
13 722395
14 5
14 84
14 90
14 91
14 93
14 121
14 1437
14 59855
14 304340
15 5
15 20
15 99
15 133
15 175
15 176
15 1316
15 722396
16 3
16 5
16 20
16 479
16 671350
16 722398
16 722399
17 10
17 283
17 284
17 286
17 347207
18 99
18 131
18 132
18 133
18 195
18 237
18 722400
19 3
19 20
19 195
19 11279
19 75275
19 722401
20 82
20 758
20 759
20 761
20 722402
21 84
21 90
21 91
21 93
21 121
21 195
21 755
21 19858
21 722404
21 722405
22 244
22 418
22 419
22 421
22 7485
23 84
23 90
23 91
23 93
23 121
23 195
23 2832
23 66907
23 722406
24 99
24 133
24 175
24 176
24 195
24 234
24 95967
25 3
25 4
25 195
25 340
25 209950
25 209952
25 722408
26 9
26 10
26 24
26 26
26 27
26 722409
27 3
27 5
27 20
27 38181
27 38183
27 722410
28 76
28 342
28 343
28 345
28 722411
29 10
29 109
29 110
29 112
29 124051
30 90
30 121
30 122
30 824
30 48023
30 722412
31 4
31 5
31 99
31 131
31 132
31 133
31 152
31 401563
32 3
32 4
32 5
32 4851
32 4853
32 722413
33 10
33 109
33 110
33 112
33 132827
34 3
34 4
34 5
34 4406
34 24330
34 722414
35 9
35 10
35 24
35 26
35 27
35 722415
36 4
36 5
36 99
36 133
36 175
36 176
36 178
36 722416
37 3
37 4
37 5
37 19020
37 23943
37 601229
38 4
38 5
38 90
38 122
38 708
38 713
38 1064
38 8001
38 722417
39 479
39 660
39 722419
39 722420
39 722421
39 722422
40 10
40 828
40 829
40 831
40 132835
41 5
41 27
41 99
41 131
41 132
41 133
41 135
41 722423
42 3
42 5
42 20
42 220378
42 258515
42 722424
43 76
43 413
43 414
43 416
43 722425
44 67
44 71
44 3204
44 3206
44 24193
44 722426
45 67
45 49432
45 62619
45 157474
45 722428
45 722429
45 722430
46 76
46 433
46 434
46 436
46 722431
47 71
47 76
47 190
47 191
47 172226
seqId 165
1 4
1 5
1 99
1 131
1 132
1 133
1 811
1 327945
2 3
2 4
2 5
2 4296
2 24705
2 722432
3 5
3 84
3 90
3 91
3 93
3 121
3 4180
3 34509
3 722433
4 90
4 443
4 5661
4 31000
4 722434
5 3
5 5
5 20
5 10695
5 10697
5 722435
6 660
6 2347
6 2348
6 2350
6 401584
7 660
7 10581
7 10582
7 10584
7 722436
8 9
8 10
8 11
8 13
8 218211
9 5
9 27
9 99
9 131
9 132
9 133
9 135
9 722437
10 3
10 4
10 5
10 17410
10 17412
10 722438
11 9
11 10
11 24
11 26
11 27
11 722439
12 5
12 20
12 99
12 133
12 175
12 176
12 1316
12 7544
13 3
13 5
13 20
13 222
13 224
13 722440
14 230
14 231
14 232
14 234
14 722441
15 9
15 10
15 11
15 13
15 163
16 99
16 131
16 132
16 133
16 195
16 236
16 237
17 3
17 4
17 195
17 340
17 65059
17 65061
17 722442
18 9
18 10
18 24
18 26
18 27
18 132857
19 3
19 4
19 5
19 2818
19 5508
19 722443
20 76
20 342
20 343
20 345
20 722444
21 82
21 758
21 759
21 761
21 722445
22 5
22 84
22 90
22 91
22 93
22 121
22 768
22 12243
22 722446
23 10
23 146
23 147
23 149
23 60735
24 90
24 443
24 7559
24 25415
24 33649
25 99
25 133
25 175
25 176
25 195
25 234
25 60736
26 3
26 4
26 195
26 340
26 4665
26 4667
26 722447
27 4
27 195
27 202
27 3303
27 61242
27 722448
28 10
28 1605
28 1606
28 1608
28 722449
29 5
29 20
29 99
29 131
29 132
29 133
29 166
29 722450
30 3
30 5
30 20
30 2081
30 29574
30 722451
31 243
31 244
31 245
31 247
31 132881
32 4
32 5
32 99
32 131
32 132
32 133
32 152
32 132882
33 3
33 4
33 5
33 216867
33 223612
33 722452
34 4
34 5
34 202
34 3386
34 6768
34 722453
35 76
35 413
35 414
35 416
35 722454
36 67
36 71
36 296
36 57510
36 57511
36 722455
37 67
37 13519
37 142475
37 722457
37 722458
37 722459
38 76
38 433
38 434
38 436
38 722460
39 71
39 76
39 190
39 191
39 722461
seqId 166
1 76
1 592
1 593
1 595
1 722462
2 660
2 5049
2 7881
2 7883
2 722463
3 76
3 342
3 343
3 345
3 722464
4 72
4 660
4 721
4 5077
4 5078
4 5080
4 722465
5 9
5 10
5 11
5 13
5 722466
6 4
6 5
6 99
6 131
6 132
6 133
6 152
6 411488
7 3
7 4
7 5
7 107580
7 107582
7 722467
8 158
8 159
8 160
8 162
8 132894
9 9
9 10
9 11
9 13
9 163
10 5
10 20
10 99
10 131
10 132
10 133
10 165
10 166
11 3
11 5
11 20
11 2723
11 2725
11 722468
12 9
12 10
12 24
12 26
12 27
12 722469
13 3
13 5
13 20
13 38181
13 38183
13 722470
14 76
14 342
14 343
14 345
14 722471
15 85
15 99
15 195
15 638
15 640
15 411493
16 3
16 20
16 195
16 465
16 36747
16 722472
17 9
17 10
17 11
17 13
17 463390
18 3
18 4
18 15
18 195
18 4121
18 722473
19 84
19 91
19 93
19 121
19 195
19 702
19 703
19 1062
19 528241
20 122
20 703
20 707
20 708
20 710
20 218257
21 4
21 90
21 122
21 195
21 708
21 713
21 3686
21 5120
21 722474
22 82
22 758
22 759
22 761
22 60768
23 27
23 82
23 84
23 114
23 115
23 116
23 118
23 722475
24 84
24 90
24 91
24 93
24 121
24 195
24 755
24 79110
24 135238
24 722476
25 9
25 10
25 24
25 26
25 27
25 722477
26 90
26 443
26 36172
26 78363
26 722478
27 99
27 131
27 132
27 133
27 195
27 237
27 500831
28 3
28 4
28 195
28 168142
28 210112
28 722479
29 9
29 10
29 11
29 13
29 355821
30 5
30 20
30 98
30 99
30 100
30 102
30 722480
31 3
31 5
31 20
31 2723
31 2725
31 722481
32 71
32 76
32 190
32 191
32 347286
seqId 167
1 9
1 10
1 27
1 40
1 42
1 722482
2 4
2 5
2 99
2 133
2 175
2 176
2 178
2 722483
3 3
3 4
3 5
3 5469
3 5471
3 722484
4 76
4 342
4 343
4 345
4 671227
5 5
5 20
5 82
5 83
5 84
5 115
5 763
5 1002
5 671228
6 5
6 84
6 91
6 93
6 121
6 702
6 703
6 705
6 124139
7 5
7 20
7 90
7 122
7 708
7 769
7 2081
7 2083
7 722485
8 443
8 703
8 707
8 2086
8 722486
9 5
9 20
9 90
9 122
9 708
9 713
9 190620
9 488475
9 722488
10 944
10 945
10 946
10 948
10 722489
11 5
11 20
11 99
11 131
11 132
11 133
11 166
11 363999
12 3
12 5
12 20
12 384
12 386
12 722490
13 9
13 10
13 11
13 13
13 722491
14 3
14 5
14 20
14 1320
14 1322
14 722492
15 243
15 244
15 245
15 247
15 722493
16 5
16 20
16 99
16 131
16 132
16 133
16 166
16 528260
17 3
17 5
17 20
17 2081
17 29574
17 722494
18 9
18 10
18 11
18 13
18 722495
19 5
19 27
19 99
19 131
19 132
19 133
19 135
19 496801
20 3
20 5
20 20
20 220378
20 258515
20 722496
21 84
21 91
21 93
21 121
21 195
21 703
21 707
21 1858
21 722497
22 9
22 10
22 13
22 1539
22 722498
23 660
23 2347
23 2348
23 2350
23 722499
24 10
24 109
24 110
24 112
24 722500
25 660
25 2347
25 2348
25 2350
25 7654
26 660
26 12080
26 12081
26 12083
26 722501
27 20
27 90
27 122
27 708
27 713
27 1345
27 1347
27 304445
28 10
28 146
28 147
28 149
28 722502
29 5
29 27
29 99
29 131
29 132
29 133
29 135
29 722503
30 3
30 4
30 5
30 12560
30 12562
30 722504
31 9
31 10
31 24
31 26
31 27
31 60800
32 4
32 195
32 202
32 2294
32 3837
32 722505
33 3
33 4
33 195
33 13569
33 13571
33 722506
34 76
34 342
34 343
34 345
34 722507
35 4
35 195
35 202
35 6111
35 13114
35 671254
36 944
36 945
36 946
36 948
36 124167
37 5
37 20
37 99
37 131
37 132
37 133
37 166
37 722508
38 3
38 5
38 20
38 222
38 224
38 722509
39 230
39 231
39 232
39 234
39 722510
40 9
40 10
40 11
40 13
40 163
41 99
41 131
41 132
41 133
41 195
41 236
41 237
42 3
42 4
42 195
42 7178
42 7180
42 722511
43 71
43 76
43 190
43 191
43 355856
seqId 168
1 4
1 5
1 99
1 133
1 175
1 176
1 5129
1 722512
2 3
2 4
2 5
2 10248
2 10250
2 722513
3 27
3 82
3 84
3 114
3 115
3 116
3 118
3 722514
4 5
4 84
4 91
4 93
4 121
4 703
4 707
4 956
4 722515
5 4
5 5
5 90
5 122
5 708
5 769
5 33058
5 123360
5 722516
6 9
6 10
6 11
6 13
6 722517
7 3
7 4
7 5
7 3615
7 3617
7 722518
8 660
8 2347
8 2348
8 2350
8 722519
9 4
9 5
9 202
9 3244
9 3246
9 722520
10 10
10 146
10 147
10 149
10 722521
11 90
11 443
11 1345
11 9933
11 722522
12 10
12 109
12 110
12 112
12 722523
13 3
13 4
13 5
13 23042
13 23044
13 218308
14 99
14 131
14 132
14 133
14 195
14 237
14 722524
15 3
15 4
15 195
15 9397
15 9399
15 722525
16 158
16 159
16 160
16 162
16 347326
17 9
17 10
17 11
17 13
17 163
18 5
18 20
18 99
18 131
18 132
18 133
18 165
18 166
19 3
19 5
19 20
19 222
19 224
19 722526
20 158
20 159
20 160
20 162
20 218313
21 9
21 10
21 11
21 13
21 163
22 5
22 20
22 99
22 131
22 132
22 133
22 165
22 166
23 3
23 5
23 20
23 1320
23 1322
23 722527
24 243
24 244
24 245
24 247
24 722528
25 158
25 159
25 160
25 162
25 722529
26 9
26 10
26 11
26 13
26 163
27 5
27 20
27 99
27 131
27 132
27 133
27 165
27 166
28 3
28 5
28 20
28 222
28 224
28 722530
29 230
29 231
29 232
29 234
29 426113
30 9
30 10
30 11
30 13
30 163
31 99
31 131
31 132
31 133
31 195
31 236
31 237
32 3
32 4
32 195
32 7178
32 7180
32 722531
33 76
33 413
33 414
33 416
33 384929
34 67
34 71
34 310
34 18785
34 18786
34 722532
35 67
35 35413
35 174353
35 719662
35 719663
35 722533
36 76
36 433
36 434
36 436
36 722534
37 71
37 76
37 190
37 191
37 722535
seqId 169
1 9
1 10
1 27
1 40
1 42
1 722536
2 4
2 5
2 202
2 2294
2 2296
2 722537
3 3
3 4
3 5
3 5469
3 5471
3 722538
4 76
4 342
4 343
4 345
4 722539
5 5
5 27
5 99
5 131
5 132
5 133
5 135
5 722540
6 3
6 4
6 5
6 78328
6 78330
6 722541
7 4
7 5
7 99
7 131
7 132
7 133
7 152
7 722542
8 660
8 2347
8 2348
8 2350
8 722543
9 4
9 5
9 202
9 4447
9 6176
9 722544
10 158
10 159
10 160
10 162
10 384939
11 9
11 10
11 11
11 13
11 163
12 5
12 20
12 99
12 131
12 132
12 133
12 165
12 166
13 3
13 5
13 20
13 2081
13 29574
13 384940
14 10
14 283
14 284
14 286
14 722545
15 5
15 27
15 99
15 131
15 132
15 133
15 135
15 722546
16 3
16 4
16 5
16 2818
16 5508
16 722547
17 5
17 84
17 91
17 93
17 121
17 702
17 703
17 705
17 722548
18 5
18 20
18 90
18 122
18 708
18 769
18 4845
18 4847
18 401723
19 10
19 146
19 147
19 149
19 401724
20 90
20 443
20 5094
20 34555
20 722549
21 4
21 5
21 99
21 131
21 132
21 133
21 152
21 38647
22 3
22 4
22 5
22 3691
22 3693
22 722550
23 10
23 126
23 127
23 129
23 722551
24 4
24 5
24 99
24 131
24 132
24 133
24 152
24 722552
25 3
25 4
25 5
25 3615
25 3617
25 722553
26 9
26 10
26 11
26 13
26 347355
27 90
27 443
27 3624
27 16509
27 722554
28 99
28 131
28 132
28 133
28 195
28 237
28 722555
29 3
29 20
29 195
29 2723
29 3278
29 722556
30 10
30 1605
30 1606
30 1608
30 218347
31 5
31 20
31 99
31 131
31 132
31 133
31 166
31 722557
32 3
32 5
32 20
32 222
32 224
32 304505
33 158
33 159
33 160
33 162
33 384961
34 9
34 10
34 11
34 13
34 163
35 5
35 20
35 99
35 131
35 132
35 133
35 165
35 166
36 3
36 5
36 20
36 1320
36 1322
36 722558
37 243
37 244
37 245
37 247
37 496887
38 5
38 20
38 99
38 131
38 132
38 133
38 166
38 722559
39 3
39 5
39 20
39 12336
39 15959
39 722560
40 5
40 20
40 202
40 254
40 256
40 722561
41 76
41 413
41 414
41 416
41 722562
42 71
42 509
42 1639
42 1640
42 1642
42 7753
43 99
43 131
43 132
43 133
43 195
43 237
43 172386
44 3
44 20
44 195
44 1320
44 3384
44 722563
45 9
45 10
45 11
45 13
45 722564
46 67
46 71
46 16138
46 95651
46 95652
46 722565
47 67
47 340
47 518
47 22209
47 22210
47 22212
47 722566
48 76
48 433
48 434
48 436
48 722567
49 71
49 76
49 190
49 191
49 722568
seqId 170
1 10
1 109
1 878
1 1539
1 496896
2 660
2 4185
2 4186
2 4188
2 722569
3 76
3 342
3 343
3 345
3 722570
4 51
4 195
4 1501
4 1503
4 722571
5 3
5 4
5 195
5 340
5 10248
5 10250
5 463518
6 10
6 109
6 110
6 112
6 96190
7 3
7 5
7 20
7 389
7 391
7 722572
8 9
8 10
8 11
8 13
8 722573
9 3
9 4
9 5
9 154
9 156
9 722574
10 84
10 90
10 91
10 93
10 121
10 195
10 702
10 1062
10 722575
11 660
11 71225
11 71226
11 71228
11 722576
12 10
12 378
12 379
12 381
12 722577
13 3
13 5
13 20
13 10801
13 10803
13 722578
14 4
14 5
14 98
14 99
14 100
14 1927
14 51070
15 3
15 4
15 5
15 8152
15 9005
15 722579
16 4
16 5
16 202
16 461971
16 461973
16 722580
17 9
17 10
17 11
17 13
17 722581
18 3
18 4
18 5
18 4851
18 4853
18 722582
19 717
19 718
19 719
19 721
19 722583
20 10
20 146
20 147
20 149
20 722
21 5
21 20
21 99
21 131
21 132
21 133
21 165
21 166
22 3
22 5
22 20
22 1320
22 1322
22 722584
23 27
23 82
23 759
23 944
23 1463
23 722585
24 5
24 84
24 91
24 93
24 121
24 703
24 707
24 956
24 722586
25 4
25 5
25 99
25 131
25 132
25 133
25 152
25 722587
26 3
26 4
26 5
26 227717
26 227719
26 722588
27 9
27 10
27 11
27 13
27 189934
28 3
28 4
28 5
28 18260
28 39872
28 722589
29 9
29 10
29 24
29 26
29 27
29 722590
30 3
30 4
30 5
30 4406
30 24330
30 722591
31 76
31 413
31 414
31 416
31 401778
32 36
32 67
32 71
32 18488
32 18489
32 722592
33 67
33 96
33 61746
33 162200
33 722594
33 722595
33 722596
34 76
34 433
34 434
34 436
34 722597
35 243
35 244
35 245
35 247
35 722598
36 99
36 131
36 132
36 133
36 195
36 237
36 364107
37 3
37 20
37 195
37 340
37 34220
37 34222
37 722599
38 9
38 10
38 24
38 26
38 27
38 722600
39 3
39 20
39 195
39 220378
39 220380
39 722601
40 76
40 413
40 414
40 416
40 189945
41 67
41 71
41 310
41 18785
41 18786
41 722602
42 67
42 15213
42 144367
42 158457
42 722604
42 722605
42 722606
43 76
43 433
43 434
43 436
43 722607
44 71
44 76
44 190
44 191
44 722608
seqId 171
1 3
1 5
1 20
1 1026
1 1104
1 9565
1 28544
1 722609
2 51
2 52
2 2054
2 2056
2 722610
3 76
3 592
3 593
3 595
3 722611
seqId 172
1 5
1 27
1 99
1 131
1 132
1 133
1 699
1 722612
2 3
2 4
2 5
2 1784
2 10502
2 189952
3 230
3 231
3 232
3 234
3 722613
4 9
4 10
4 11
4 13
4 163
5 99
5 131
5 132
5 133
5 195
5 236
5 237
6 3
6 4
6 195
6 8152
6 8154
6 722614
7 9
7 10
7 11
7 13
7 611305
8 5
8 27
8 99
8 131
8 132
8 133
8 135
8 124281
9 3
9 4
9 5
9 2818
9 5508
9 722615
seqId 173
1 51
1 195
1 10375
1 23408
1 722616
2 3
2 4
2 195
2 22729
2 22731
2 722617
3 4
3 195
3 202
3 3501
3 10383
3 722618
4 84
4 91
4 93
4 121
4 195
4 702
4 703
4 1062
4 722619
5 5
5 20
5 122
5 703
5 707
5 708
5 710
5 51115
6 4
6 90
6 122
6 195
6 708
6 713
6 2787
6 35819
6 35870
6 722620
7 82
7 758
7 759
7 761
7 218431
8 84
8 91
8 93
8 121
8 195
8 702
8 703
8 1062
8 722621
9 5
9 20
9 90
9 122
9 708
9 769
9 2333
9 7738
9 722622
10 660
10 30977
10 30978
10 30980
10 218434
11 9
11 10
11 24
11 26
11 27
11 722623
12 90
12 443
12 43357
12 43359
12 722624
13 76
13 342
13 343
13 345
13 528392
14 660
14 30977
14 30978
14 30980
14 722625
15 9
15 10
15 11
15 13
15 60949
16 90
16 443
16 12009
16 21485
16 722626
17 99
17 133
17 175
17 176
17 195
17 234
17 722627
18 3
18 4
18 195
18 3691
18 6873
18 722628
19 4
19 90
19 122
19 195
19 708
19 713
19 3686
19 5120
19 611324
20 9
20 10
20 11
20 13
20 347435
21 4
21 5
21 202
21 12237
21 12322
21 722629
22 3
22 4
22 5
22 28222
22 28224
22 722630
23 717
23 718
23 719
23 721
23 190000
24 10
24 146
24 147
24 149
24 722
25 5
25 20
25 99
25 131
25 132
25 133
25 165
25 166
26 3
26 5
26 20
26 1325
26 1327
26 190001
27 9
27 10
27 11
27 13
27 190002
28 5
28 27
28 99
28 131
28 132
28 133
28 135
28 328231
29 5
29 67
29 5492
29 5494
29 5495
29 722631
30 76
30 342
30 343
30 345
30 722632
31 5
31 20
31 99
31 133
31 175
31 176
31 1316
31 38753
32 3
32 5
32 20
32 5498
32 5500
32 722633
33 82
33 758
33 759
33 761
33 722634
34 76
34 342
34 343
34 345
34 722635
35 945
35 1010
35 1011
35 1013
35 722636
36 4
36 5
36 99
36 115
36 773
36 774
36 775
36 776
36 3330
36 722637
37 3
37 4
37 5
37 78660
37 78662
37 722638
38 5
38 27
38 82
38 83
38 84
38 115
38 135
38 763
38 722639
39 5
39 84
39 90
39 91
39 93
39 121
39 26940
39 439880
39 722640
40 76
40 342
40 343
40 345
40 601439
41 27
41 82
41 84
41 114
41 115
41 116
41 118
41 722641
42 5
42 84
42 91
42 93
42 121
42 703
42 707
42 956
42 722642
43 5
43 20
43 90
43 122
43 708
43 769
43 10527
43 42062
43 722643
44 10
44 3889
44 3891
44 9630
44 722644
45 99
45 115
45 195
45 773
45 774
45 775
45 776
45 3400
45 722645
46 3
46 4
46 195
46 25373
46 115094
46 722646
47 10
47 126
47 127
47 129
47 304607
48 99
48 131
48 132
48 133
48 195
48 237
48 60976
49 3
49 20
49 195
49 43492
49 43494
49 722647
50 9
50 10
50 11
50 13
50 133129
51 5
51 27
51 99
51 131
51 132
51 133
51 135
51 722648
52 3
52 4
52 5
52 2818
52 5508
52 722649
53 71
53 76
53 190
53 191
53 722650
seqId 174
1 51
1 52
1 680
1 1993
1 722651
2 76
2 433
2 434
2 436
2 133132
seqId 175
1 4
1 5
1 99
1 131
1 132
1 133
1 811
1 722652
2 4
2 5
2 202
2 784
2 786
2 611350
3 3
3 4
3 5
3 22729
3 89983
3 722653
4 5
4 84
4 91
4 93
4 121
4 702
4 703
4 705
4 328259
5 5
5 20
5 90
5 122
5 708
5 769
5 4379
5 5722
5 722654
6 10
6 126
6 127
6 129
6 722655
7 4
7 5
7 99
7 131
7 132
7 133
7 152
7 124337
8 3
8 4
8 5
8 3707
8 3709
8 722656
9 660
9 2310
9 2311
9 2313
9 722657
10 9
10 10
10 24
10 26
10 27
10 722658
11 3
11 4
11 5
11 2818
11 5508
11 722659
12 76
12 342
12 343
12 345
12 722660
13 10
13 109
13 110
13 112
13 722661
14 90
14 121
14 122
14 34541
14 45171
14 722662
15 10
15 146
15 147
15 149
15 364197
16 90
16 443
16 10796
16 10798
16 722663
17 4
17 5
17 99
17 133
17 175
17 176
17 178
17 722664
18 3
18 4
18 5
18 125453
18 125455
18 722665
19 10
19 146
19 147
19 149
19 722666
20 4
20 5
20 99
20 131
20 132
20 133
20 152
20 722667
21 3
21 4
21 5
21 3707
21 3709
21 722668
22 9
22 10
22 11
22 13
22 218496
23 3
23 4
23 5
23 7178
23 21009
23 722669
24 76
24 342
24 343
24 345
24 722670
25 4
25 5
25 202
25 6111
25 96318
25 151303
26 944
26 945
26 946
26 948
26 722671
27 4
27 5
27 90
27 122
27 708
27 713
27 1104
27 366032
27 379080
27 722673
28 10
28 828
28 829
28 831
28 722674
29 5
29 20
29 99
29 131
29 132
29 133
29 166
29 722675
30 3
30 5
30 20
30 222
30 224
30 722676
31 5
31 20
31 202
31 1616
31 1618
31 722677
32 71
32 76
32 190
32 191
32 61021
seqId 176
1 4
1 5
1 98
1 99
1 100
1 4105
1 601473
2 3
2 4
2 5
2 14730
2 179039
2 722678
3 27
3 82
3 84
3 114
3 115
3 116
3 118
3 722679
4 5
4 84
4 91
4 93
4 121
4 703
4 707
4 956
4 722680
5 4
5 5
5 90
5 122
5 708
5 769
5 4258
5 25896
5 96324
6 10
6 283
6 284
6 286
6 426285
7 4
7 5
7 99
7 133
7 175
7 176
7 178
7 722681
8 4
8 5
8 202
8 29679
8 29681
8 722682
9 3
9 4
9 5
9 4107
9 4109
9 722683
10 71
10 76
10 190
10 191
10 722684
seqId 177
1 9
1 10
1 27
1 40
1 42
1 722685
2 4
2 5
2 99
2 133
2 175
2 176
2 178
2 722686
3 3
3 4
3 5
3 5469
3 5471
3 722687
4 76
4 342
4 343
4 345
4 463637
5 5
5 20
5 82
5 83
5 84
5 115
5 763
5 1002
5 722688
6 27
6 82
6 84
6 114
6 115
6 116
6 118
6 722689
7 5
7 84
7 91
7 93
7 121
7 703
7 707
7 956
7 722690
8 5
8 20
8 90
8 122
8 708
8 1815
8 3315
8 401890
9 9
9 10
9 11
9 13
9 218513
10 90
10 443
10 9141
10 10481
10 722691
11 4
11 5
11 99
11 133
11 175
11 176
11 178
11 722692
12 3
12 4
12 5
12 3989
12 16983
12 34778
12 34780
12 722693
13 230
13 231
13 232
13 234
13 722694
14 9
14 10
14 11
14 13
14 163
15 99
15 131
15 132
15 133
15 195
15 236
15 237
16 3
16 4
16 195
16 61335
16 61337
16 722695
17 9
17 10
17 11
17 13
17 96348
18 3
18 5
18 20
18 1320
18 1322
18 722696
19 3
19 2548
19 10996
19 10998
19 722697
20 2822
20 2823
20 2824
20 2826
20 722698
21 10
21 146
21 147
21 149
21 722
22 99
22 131
22 132
22 133
22 195
22 236
22 237
23 4
23 195
23 202
23 795
23 3439
23 722699
24 3
24 4
24 195
24 8152
24 8154
24 722700
25 9
25 10
25 24
25 26
25 27
25 722701
26 3
26 4
26 5
26 2608
26 4490
26 722702
27 71
27 76
27 190
27 191
27 722703
seqId 178
1 4
1 5
1 99
1 131
1 132
1 133
1 811
1 722704
2 3
2 4
2 5
2 4298
2 4300
2 722705
3 27
3 82
3 84
3 114
3 115
3 116
3 118
3 601504
4 5
4 84
4 90
4 91
4 93
4 121
4 6786
4 89587
4 722706
5 660
5 976
5 977
5 979
5 722707
6 10
6 146
6 147
6 149
6 218535
7 4
7 5
7 99
7 131
7 132
7 133
7 152
7 172582
8 3
8 4
8 5
8 34647
8 34649
8 722708
9 9
9 10
9 11
9 13
9 133219
10 4
10 195
10 202
10 795
10 3439
10 722709
11 3
11 4
11 195
11 340
11 39435
11 39437
11 722710
12 4
12 195
12 202
12 340
12 5516
12 5518
12 722711
13 71
13 76
13 190
13 191
13 722712
seqId 179
1 9
1 10
1 27
1 40
1 42
1 722713
2 4
2 5
2 202
2 2294
2 2296
2 722714
3 3
3 4
3 5
3 5469
3 5471
3 722715
4 76
4 342
4 343
4 345
4 722716
5 4
5 5
5 99
5 131
5 132
5 133
5 152
5 172595
6 3
6 4
6 5
6 15
6 17
6 722717
7 9
7 10
7 24
7 26
7 27
7 722718
8 4
8 5
8 99
8 133
8 175
8 176
8 178
8 722719
9 3
9 4
9 5
9 125453
9 125455
9 722720
10 10
10 146
10 147
10 149
10 722721
11 4
11 5
11 99
11 131
11 132
11 133
11 152
11 364271
12 3
12 4
12 5
12 3707
12 3709
12 722722
13 9
13 10
13 11
13 13
13 722723
14 3
14 4
14 5
14 7178
14 21009
14 722724
15 5
15 84
15 90
15 91
15 93
15 121
15 4180
15 34509
15 722725
16 90
16 443
16 5450
16 8909
16 722726
17 2822
17 2823
17 2824
17 2826
17 356101
18 10
18 146
18 147
18 149
18 722
19 99
19 131
19 132
19 133
19 195
19 236
19 237
20 3
20 4
20 195
20 18624
20 18626
20 722727
21 82
21 759
21 944
21 948
21 601535
22 84
22 90
22 91
22 93
22 121
22 195
22 14641
22 137054
22 722728
23 99
23 131
23 132
23 133
23 195
23 237
23 722729
24 3
24 20
24 195
24 102171
24 102173
24 722730
25 20
25 90
25 122
25 195
25 708
25 713
25 255378
25 255380
25 722731
26 10
26 828
26 829
26 831
26 96415
27 4
27 5
27 99
27 131
27 132
27 133
27 152
27 356111
28 3
28 4
28 5
28 370526
28 370528
28 722732
29 9
29 10
29 24
29 26
29 27
29 722733
30 5
30 20
30 99
30 133
30 175
30 176
30 1316
30 722734
31 3
31 5
31 20
31 13609
31 13611
31 722735
32 9
32 10
32 11
32 13
32 722736
33 3
33 4
33 195
33 7178
33 7180
33 51304
34 243
34 244
34 245
34 247
34 722737
35 20
35 195
35 202
35 76348
35 76350
35 722738
36 9
36 10
36 24
36 26
36 27
36 722739
37 90
37 443
37 1815
37 29773
37 722740
38 10
38 3987
38 6141
38 6142
38 722741
39 4
39 5
39 99
39 131
39 132
39 133
39 152
39 385147
40 3
40 4
40 5
40 7178
40 21009
40 722742
41 3
41 4
41 5
41 59560
41 59562
41 722743
42 76
42 413
42 414
42 416
42 722744
43 71
43 509
43 1639
43 1640
43 1642
43 722745
44 99
44 131
44 132
44 133
44 195
44 237
44 722746
45 3
45 20
45 195
45 1320
45 3384
45 722747
46 9
46 10
46 24
46 26
46 27
46 722748
47 67
47 583123
47 583124
47 583126
47 722749
48 67
48 340
48 45884
48 719848
48 719849
48 719851
48 722750
49 76
49 433
49 434
49 436
49 722751
50 71
50 76
50 190
50 191
50 722752
seqId 180
1 5
1 20
1 99
1 131
1 132
1 133
1 967
1 61175
2 3
2 5
2 20
2 222
2 224
2 722753
3 158
3 159
3 160
3 162
3 722754
4 9
4 10
4 11
4 13
4 163
5 5
5 20
5 99
5 131
5 132
5 133
5 165
5 166
6 3
6 5
6 20
6 1320
6 1322
6 722755
7 121
7 122
7 703
7 707
7 1107
7 722756
8 5
8 20
8 90
8 122
8 708
8 713
8 10796
8 36031
8 722757
9 660
9 3261
9 3262
9 3264
9 722758
10 9
10 10
10 11
10 13
10 401958
11 4
11 5
11 99
11 131
11 132
11 133
11 152
11 722759
12 3
12 4
12 5
12 33651
12 33653
12 722760
13 9
13 10
13 11
13 13
13 722761
14 5
14 27
14 99
14 131
14 132
14 133
14 135
14 722762
15 3
15 5
15 20
15 220378
15 258515
15 722763
16 76
16 342
16 343
16 345
16 722764
17 4
17 5
17 99
17 133
17 175
17 176
17 178
17 722765
18 4
18 5
18 202
18 6111
18 151303
18 722766
19 3
19 4
19 5
19 4804
19 33065
19 722767
20 82
20 84
20 114
20 115
20 116
20 1361
20 124468
21 5
21 84
21 90
21 91
21 93
21 121
21 1437
21 59855
21 722768
22 10
22 109
22 110
22 112
22 722769
23 5
23 85
23 99
23 13851
23 160015
23 501111
24 3
24 4
24 5
24 17932
24 17934
24 722770
25 4
25 5
25 90
25 122
25 708
25 713
25 1104
25 582890
25 722772
25 722773
26 71
26 76
26 190
26 191
26 722774
seqId 181
1 4
1 85
1 99
1 195
1 1951
1 2787
1 30630
1 722775
2 3
2 4
2 195
2 4298
2 4504
2 722776
3 9
3 10
3 24
3 26
3 27
3 722777
4 3
4 4
4 5
4 34824
4 51349
4 388331
4 722779
5 84
5 90
5 91
5 93
5 121
5 195
5 2081
5 14250
5 133298
6 443
6 703
6 707
6 2086
6 133299
7 660
7 918
7 919
7 921
7 722780
8 4
8 90
8 122
8 195
8 340
8 708
8 713
8 23821
8 23823
8 722781
9 75
9 76
9 77
9 79
9 722782
10 3
10 4
10 5
10 3707
10 3709
10 722783
11 9
11 10
11 11
11 13
11 51358
12 3
12 5
12 20
12 72
12 5390
12 103423
12 124484
12 722785
13 76
13 342
13 343
13 345
13 124485
14 3
14 4
14 5
14 4804
14 33065
14 722786
15 10
15 109
15 110
15 112
15 722787
16 3
16 4
16 5
16 7698
16 7700
16 722788
17 4
17 5
17 202
17 226
17 2228
17 722789
18 10
18 3987
18 6141
18 6142
18 722790
19 4
19 5
19 99
19 131
19 132
19 133
19 152
19 304784
20 3
20 4
20 5
20 7178
20 21009
20 722791
21 3
21 4
21 5
21 59560
21 59562
21 722792
22 76
22 342
22 343
22 345
22 722793
23 5
23 20
23 99
23 131
23 132
23 133
23 166
23 722794
24 3
24 5
24 20
24 75747
24 222360
24 722795
25 90
25 121
25 122
25 1815
25 1817
25 385202
26 660
26 918
26 919
26 921
26 124499
27 659
27 660
27 661
27 1539
27 2274
27 722796
28 660
28 2347
28 2348
28 2350
28 426391
29 10
29 109
29 110
29 112
29 61234
30 3
30 4
30 5
30 6713
30 6715
30 722797
31 9
31 10
31 11
31 13
31 501146
32 3
32 5
32 20
32 102171
32 219839
32 722798
33 244
33 1249
33 1250
33 1252
33 722799
34 9
34 10
34 11
34 13
34 8142
35 3
35 5
35 20
35 2597
35 2599
35 722800
36 71
36 76
36 190
36 191
36 722801
seqId 182
1 10
1 109
1 876
1 878
1 722802
2 3
2 4
2 5
2 49696
2 49698
2 722803
3 76
3 342
3 343
3 345
3 722804
4 5
4 20
4 27
4 82
4 84
4 98
4 100
4 2487
4 722805
5 5
5 84
5 91
5 93
5 121
5 703
5 707
5 956
5 722806
6 660
6 3768
6 3769
6 3771
6 722807
7 5
7 27
7 99
7 131
7 132
7 133
7 135
7 722808
8 3
8 4
8 5
8 33948
8 33950
8 722809
9 158
9 159
9 160
9 162
9 671536
10 9
10 10
10 11
10 13
10 163
11 5
11 20
11 99
11 131
11 132
11 133
11 165
11 166
12 3
12 5
12 20
12 222
12 224
12 722810
13 158
13 159
13 160
13 162
13 722811
14 9
14 10
14 11
14 13
14 163
15 5
15 20
15 99
15 131
15 132
15 133
15 165
15 166
16 3
16 5
16 20
16 1320
16 1322
16 722812
17 82
17 758
17 759
17 761
17 96518
18 82
18 84
18 114
18 115
18 116
18 1361
18 722813
19 5
19 84
19 90
19 91
19 93
19 121
19 25415
19 59697
19 722814
20 660
20 8167
20 30602
20 30603
20 30605
21 4
21 5
21 90
21 122
21 708
21 713
21 1104
21 29550
21 109652
21 722815
22 10
22 828
22 829
22 831
22 722816
23 4
23 5
23 99
23 131
23 132
23 133
23 152
23 722817
24 3
24 4
24 5
24 4851
24 4853
24 722818
25 10
25 146
25 147
25 149
25 722819
26 3
26 5
26 20
26 116831
26 116834
26 722820
27 9
27 10
27 11
27 13
27 722821
28 3
28 4
28 195
28 3707
28 41983
28 722822
29 82
29 758
29 759
29 761
29 722823
30 82
30 83
30 84
30 109
30 112
30 115
30 722824
31 84
31 90
31 91
31 93
31 195
31 914
31 1509
31 9969
31 31427
31 38915
31 722825
32 5
32 20
32 99
32 131
32 132
32 133
32 166
32 722826
33 3
33 5
33 20
33 8760
33 8762
33 722827
34 76
34 342
34 343
34 345
34 722828
35 20
35 82
35 84
35 98
35 100
35 102
35 722829
36 82
36 759
36 2852
36 2854
36 722830
37 5
37 84
37 91
37 93
37 121
37 702
37 703
37 705
37 722831
38 5
38 20
38 90
38 122
38 708
38 769
38 4180
38 22441
38 722832
39 90
39 443
39 5661
39 31000
39 722833
40 3
40 5
40 20
40 10695
40 10697
40 722834
41 5
41 20
41 99
41 131
41 132
41 133
41 166
41 722835
42 3
42 5
42 20
42 2887
42 2889
42 722836
43 9
43 10
43 11
43 13
43 722837
44 5
44 27
44 99
44 131
44 132
44 133
44 699
44 722838
45 5
45 67
45 5492
45 5494
45 5495
45 722839
46 5
46 20
46 90
46 122
46 708
46 713
46 4243
46 8467
46 722840
47 2822
47 2823
47 2824
47 2826
47 722841
48 10
48 146
48 147
48 149
48 722
49 99
49 131
49 132
49 133
49 195
49 236
49 237
50 3
50 20
50 195
50 340
50 255241
50 255243
50 722842
51 20
51 195
51 202
51 3386
51 3388
51 722843
52 10
52 378
52 379
52 381
52 722844
53 3
53 5
53 20
53 146094
53 213045
53 722845
54 5
54 20
54 202
54 254
54 256
54 722846
55 243
55 244
55 245
55 247
55 722847
56 2822
56 2823
56 2824
56 2826
56 722848
57 10
57 146
57 147
57 149
57 722
58 99
58 131
58 132
58 133
58 195
58 236
58 237
59 3
59 4
59 195
59 340
59 492
59 44426
59 722849
60 76
60 413
60 414
60 416
60 722850
61 3
61 5
61 20
61 1875
61 1877
61 722851
62 51
62 195
62 4162
62 4164
62 722852
63 76
63 433
63 434
63 436
63 722853
64 71
64 76
64 190
64 191
64 722854
seqId 183
1 5
1 27
1 99
1 131
1 132
1 133
1 699
1 722855
2 3
2 5
2 20
2 3394
2 3396
2 722856
3 9
3 10
3 11
3 13
3 722857
4 98
4 99
4 100
4 195
4 2073
4 61287
5 3
5 4
5 195
5 18624
5 18626
5 722858
6 27
6 660
6 661
6 910
6 912
6 364429
7 5
7 84
7 91
7 93
7 121
7 703
7 707
7 956
7 722859
8 660
8 661
8 1240
8 1242
8 722860
9 10
9 2408
9 2410
9 10221
9 722861
10 90
10 443
10 10527
10 38747
10 722862
11 10
11 126
11 127
11 129
11 39131
12 99
12 131
12 132
12 133
12 195
12 237
12 218715
13 3
13 4
13 195
13 4298
13 4504
13 722863
14 4
14 195
14 202
14 27620
14 27622
14 722864
15 9
15 10
15 11
15 13
15 497271
16 90
16 443
16 768
16 4129
16 722865
17 4
17 5
17 99
17 133
17 175
17 176
17 178
17 722866
18 3
18 4
18 5
18 3325
18 116899
18 722867
19 4
19 5
19 202
19 1399
19 3538
19 722868
20 10
20 146
20 147
20 149
20 96583
21 5
21 27
21 99
21 131
21 132
21 133
21 135
21 722869
22 3
22 4
22 5
22 2818
22 5508
22 722870
23 71
23 76
23 190
23 191
23 722871
seqId 184
1 10
1 109
1 876
1 878
1 722872
2 5
2 99
2 115
2 773
2 774
2 775
2 776
2 778
2 722873
3 3
3 5
3 20
3 2601
3 2603
3 722874
4 76
4 342
4 343
4 345
4 190347
5 4
5 5
5 99
5 131
5 132
5 133
5 152
5 190348
6 3
6 4
6 5
6 5987
6 55143
6 722875
7 9
7 10
7 11
7 13
7 722876
8 5
8 27
8 99
8 131
8 132
8 133
8 135
8 722877
9 3
9 4
9 5
9 347
9 7681
9 722878
10 5
10 84
10 91
10 93
10 702
10 703
10 914
10 2233
10 722879
11 5
11 20
11 90
11 122
11 708
11 769
11 45148
11 544874
11 722880
12 9
12 10
12 11
12 13
12 722881
13 90
13 443
13 6804
13 44868
13 722882
14 4
14 5
14 99
14 133
14 175
14 176
14 178
14 722883
15 3
15 4
15 5
15 33173
15 33763
15 722884
16 4
16 5
16 202
16 107754
16 269396
16 722885
17 9
17 10
17 11
17 13
17 8257
18 5
18 27
18 99
18 131
18 132
18 133
18 135
18 722886
19 3
19 4
19 5
19 2818
19 5508
19 722887
20 76
20 342
20 343
20 345
20 426482
21 10
21 2408
21 2410
21 10221
21 722888
22 660
22 77557
22 77558
22 77560
22 722889
23 90
23 443
23 76935
23 76937
23 722890
24 76
24 342
24 343
24 345
24 722891
25 10
25 109
25 112
25 1539
25 722892
26 3
26 4
26 5
26 1542
26 1544
26 722893
27 660
27 6695
27 6696
27 6698
27 61328
28 9
28 10
28 11
28 13
28 124621
29 99
29 115
29 195
29 773
29 774
29 775
29 776
29 3400
29 722894
30 3
30 4
30 195
30 39474
30 213325
30 722895
31 4
31 195
31 202
31 340
31 104915
31 104917
31 722896
32 71
32 76
32 190
32 191
32 722897
seqId 185
1 27
1 660
1 21971
1 21975
1 133967
1 201345
1 722898
2 76
2 342
2 343
2 345
2 722899
3 5
3 20
3 99
3 131
3 132
3 133
3 166
3 385305
4 3
4 5
4 20
4 1587
4 45266
4 49237
4 107612
4 722900
5 5
5 20
5 202
5 1399
5 3538
5 722901
6 5
6 84
6 90
6 93
6 121
6 2081
6 4621
6 10555
6 722902
7 90
7 443
7 1509
7 36186
7 722903
8 4
8 5
8 99
8 131
8 132
8 133
8 152
8 722904
9 3
9 4
9 5
9 4298
9 4300
9 722905
10 10
10 146
10 147
10 149
10 722906
11 90
11 443
11 3346
11 13386
11 722907
12 76
12 342
12 343
12 345
12 722908
13 660
13 918
13 921
13 941
13 722909
14 944
14 945
14 946
14 948
14 328594
15 5
15 27
15 99
15 131
15 132
15 133
15 135
15 722910
16 3
16 5
16 20
16 3937
16 37531
16 364484
17 5
17 84
17 91
17 93
17 121
17 703
17 707
17 956
17 304928
18 660
18 2368
18 2369
18 2371
18 722911
19 9
19 10
19 11
19 13
19 133456
20 90
20 443
20 439789
20 439925
20 722912
21 99
21 131
21 132
21 133
21 195
21 237
21 722913
22 3
22 20
22 195
22 7259
22 23768
22 722914
23 9
23 10
23 11
23 13
23 426515
24 4
24 5
24 202
24 1377
24 12034
24 722915
25 4
25 5
25 99
25 133
25 175
25 176
25 178
25 402139
26 3
26 4
26 5
26 57494
26 57496
26 722916
27 9
27 10
27 11
27 13
27 61361
28 3
28 4
28 195
28 6046
28 62963
28 463873
29 4
29 195
29 202
29 37550
29 96512
29 722917
30 71
30 76
30 190
30 191
30 722918
seqId 186
1 51
1 52
1 2054
1 2056
1 722919
2 76
2 433
2 434
2 436
2 722920
seqId 187
1 4
1 5
1 99
1 133
1 175
1 176
1 5129
1 463878
2 4
2 5
2 202
2 15064
2 15067
2 722921
3 3
3 4
3 5
3 22729
3 89983
3 722922
4 5
4 84
4 91
4 93
4 121
4 702
4 703
4 705
4 722923
5 5
5 20
5 90
5 122
5 708
5 769
5 10652
5 13580
5 13981
5 42855
5 722924
6 10
6 146
6 147
6 149
6 722925
7 82
7 84
7 114
7 115
7 116
7 1361
7 124670
8 90
8 443
8 57599
8 63896
8 722926
9 660
9 2906
9 19025
9 36107
9 722927
10 5
10 20
10 99
10 131
10 132
10 133
10 166
10 190431
11 3
11 5
11 20
11 222
11 224
11 722928
12 230
12 231
12 232
12 234
12 412012
13 9
13 10
13 11
13 13
13 163
14 99
14 131
14 132
14 133
14 195
14 236
14 237
15 3
15 4
15 195
15 7178
15 7180
15 722929
16 5
16 84
16 90
16 93
16 121
16 2081
16 4621
16 10555
16 722930
17 90
17 443
17 4190
17 4192
17 722931
18 5
18 20
18 99
18 133
18 175
18 176
18 1316
18 497346
19 3
19 5
19 20
19 19820
19 19822
19 124680
20 660
20 2347
20 2348
20 2350
20 722932
21 5
21 20
21 90
21 122
21 708
21 713
21 22310
21 68511
21 96675
22 10
22 1387
22 1388
22 1390
22 722933
23 5
23 20
23 99
23 131
23 132
23 133
23 166
23 96678
24 3
24 5
24 20
24 222
24 224
24 8341
25 158
25 159
25 160
25 162
25 722934
26 9
26 10
26 11
26 13
26 163
27 5
27 20
27 99
27 131
27 132
27 133
27 165
27 166
28 3
28 5
28 20
28 1320
28 1322
28 722935
29 76
29 342
29 343
29 345
29 722936
30 9
30 10
30 13
30 1539
30 671642
31 3
31 4
31 5
31 17932
31 17934
31 172874
32 27
32 944
32 945
32 1463
32 3308
32 722937
33 5
33 20
33 82
33 83
33 84
33 115
33 763
33 1002
33 722938
34 5
34 84
34 90
34 91
34 93
34 121
34 2163
34 7359
34 304973
35 660
35 28289
35 28290
35 28292
35 722939
36 99
36 131
36 132
36 133
36 195
36 237
36 304977
37 3
37 4
37 195
37 28589
37 28591
37 722940
38 4
38 195
38 202
38 322
38 324
38 722941
39 71
39 76
39 190
39 191
39 39267
seqId 188
1 4
1 5
1 99
1 131
1 132
1 133
1 811
1 402174
2 3
2 4
2 5
2 7178
2 21009
2 722942
3 5
3 84
3 91
3 93
3 121
3 703
3 707
3 956
3 528771
4 4
4 5
4 90
4 122
4 708
4 713
4 17308
4 17310
4 528772
5 10
5 828
5 829
5 831
5 722943
6 5
6 20
6 99
6 131
6 132
6 133
6 166
6 722944
7 3
7 5
7 20
7 222
7 224
7 722945
8 5
8 20
8 202
8 1616
8 1618
8 51714
9 10
9 1010
9 1011
9 1013
9 96699
10 5
10 20
10 99
10 133
10 175
10 176
10 1316
10 722946
11 3
11 5
11 20
11 384
11 386
11 722947
12 6151
12 6152
12 6153
12 6155
12 722948
13 10
13 146
13 147
13 149
13 722
14 5
14 20
14 82
14 759
14 1432
14 6157
14 6158
15 99
15 131
15 132
15 133
15 195
15 237
15 722949
16 3
16 20
16 195
16 102171
16 102173
16 722950
17 84
17 91
17 93
17 121
17 195
17 703
17 707
17 1858
17 722951
18 99
18 133
18 175
18 176
18 195
18 234
18 364541
19 3
19 20
19 195
19 2597
19 2599
19 722952
20 76
20 342
20 343
20 345
20 218914
21 9
21 10
21 11
21 13
21 364543
22 4
22 5
22 99
22 131
22 132
22 133
22 152
22 172899
23 4
23 5
23 202
23 2310
23 2313
23 124726
24 3
24 4
24 5
24 3615
24 3617
24 722953
25 944
25 945
25 946
25 948
25 722954
26 99
26 131
26 132
26 133
26 195
26 237
26 305000
27 3
27 20
27 195
27 722956
27 722957
27 722958
28 244
28 418
28 419
28 421
28 722959
29 20
29 195
29 202
29 2294
29 3837
29 722960
30 3
30 20
30 195
30 552316
30 552318
30 722961
31 9
31 10
31 11
31 13
31 172914
32 4
32 5
32 99
32 131
32 132
32 133
32 152
32 356400
33 3
33 4
33 5
33 7178
33 21009
33 722962
34 71
34 76
34 190
34 191
34 722963
seqId 189
1 4
1 5
1 98
1 99
1 100
1 4105
1 722964
2 3
2 4
2 5
2 33173
2 33763
2 722965
3 660
3 661
3 910
3 1234
3 671678
4 5
4 84
4 90
4 91
4 93
4 121
4 76935
4 722967
4 722968
5 660
5 661
5 1240
5 1242
5 722969
6 71
6 76
6 190
6 191
6 722970
seqId 190
1 10
1 19283
1 30094
1 30096
1 722971
2 99
2 131
2 132
2 133
2 195
2 237
2 722972
3 3
3 4
3 195
3 272652
3 272654
3 722973
4 9
4 10
4 11
4 13
4 501338
5 3
5 4
5 5
5 33368
5 33370
5 722974
6 10
6 146
6 147
6 149
6 722975
7 90
7 443
7 21513
7 21515
7 722976
8 99
8 131
8 132
8 133
8 195
8 237
8 722977
9 3
9 4
9 195
9 5512
9 5514
9 722978
10 10
10 1605
10 1606
10 1608
10 722979
11 3
11 5
11 20
11 222
11 224
11 722980
12 99
12 133
12 175
12 176
12 195
12 234
12 385400
13 3
13 4
13 195
13 7178
13 7180
13 385401
14 243
14 244
14 245
14 247
14 722981
15 3
15 5
15 20
15 222
15 224
15 722982
16 158
16 159
16 160
16 162
16 722983
17 9
17 10
17 11
17 13
17 163
18 5
18 20
18 99
18 131
18 132
18 133
18 165
18 166
19 3
19 5
19 20
19 1320
19 1322
19 722984
20 76
20 342
20 343
20 345
20 722985
21 5
21 84
21 91
21 93
21 121
21 702
21 703
21 705
21 305036
22 5
22 20
22 90
22 122
22 708
22 769
22 53938
22 722987
22 722988
23 4
23 5
23 99
23 131
23 132
23 133
23 152
23 722989
24 3
24 4
24 5
24 15973
24 15975
24 39336
25 9
25 10
25 11
25 13
25 722990
26 4
26 5
26 99
26 131
26 132
26 133
26 152
26 722991
27 3
27 4
27 5
27 4420
27 4422
27 722992
28 230
28 231
28 232
28 234
28 722993
29 9
29 10
29 11
29 13
29 163
30 99
30 131
30 132
30 133
30 195
30 236
30 237
31 3
31 20
31 195
31 7808
31 7810
31 722994
32 230
32 231
32 232
32 234
32 722995
33 9
33 10
33 11
33 13
33 163
34 99
34 131
34 132
34 133
34 195
34 236
34 237
35 3
35 20
35 195
35 102171
35 102173
35 722996
36 717
36 718
36 719
36 721
36 8441
37 10
37 146
37 147
37 149
37 722
38 5
38 20
38 99
38 131
38 132
38 133
38 165
38 166
39 3
39 5
39 20
39 11030
39 11032
39 722997
40 9
40 10
40 24
40 26
40 27
40 722998
41 3
41 4
41 5
41 22606
41 22608
41 722999
42 76
42 342
42 343
42 345
42 723000
43 244
43 15672
43 15673
43 15675
43 723001
44 10
44 146
44 147
44 149
44 61494
45 5
45 27
45 99
45 131
45 132
45 133
45 135
45 723002
46 3
46 4
46 5
46 3730
46 19553
46 723003
47 4
47 5
47 202
47 3244
47 3246
47 723004
48 230
48 231
48 232
48 234
48 723005
49 9
49 10
49 11
49 13
49 163
50 99
50 131
50 132
50 133
50 195
50 236
50 237
51 3
51 20
51 195
51 220482
51 723007
51 723008
52 71
52 76
52 190
52 191
52 723009
seqId 191
1 98
1 99
1 100
1 195
1 8870
1 723010
2 3
2 4
2 195
2 4249
2 26359
2 305076
3 84
3 91
3 93
3 121
3 195
3 702
3 703
3 1062
3 528858
4 5
4 20
4 122
4 703
4 707
4 708
4 710
4 723011
5 4
5 90
5 122
5 195
5 708
5 713
5 2787
5 32374
5 44380
5 328737
6 10
6 146
6 149
6 2548
6 723012
7 3
7 5
7 20
7 38959
7 38961
7 723013
8 4
8 5
8 99
8 131
8 132
8 133
8 152
8 671716
9 3
9 4
9 5
9 7803
9 7805
9 723014
10 9
10 10
10 11
10 13
10 96810
11 85
11 99
11 195
11 638
11 640
11 723015
12 3
12 20
12 195
12 2034
12 3403
12 723016
13 9
13 10
13 11
13 13
13 497444
14 5
14 27
14 99
14 131
14 132
14 133
14 135
14 8477
15 5
15 67
15 5492
15 5494
15 5495
15 723017
16 76
16 413
16 414
16 416
16 723018
17 64
17 67
17 71
17 53047
17 53048
17 723019
18 67
18 340
18 45884
18 719848
18 719849
18 719851
18 723020
19 76
19 342
19 343
19 345
19 723021
20 67
20 71
20 16138
20 95651
20 95652
20 723022
21 67
21 340
21 518
21 22209
21 22210
21 22212
21 723023
22 76
22 433
22 434
22 436
22 723024
23 76
23 342
23 343
23 345
23 723025
24 717
24 718
24 719
24 721
24 601809
25 10
25 146
25 147
25 149
25 722
26 5
26 20
26 99
26 131
26 132
26 133
26 165
26 166
27 3
27 5
27 20
27 13609
27 13611
27 497450
28 9
28 10
28 11
28 13
28 497451
29 3
29 4
29 5
29 15
29 17
29 723026
30 158
30 159
30 160
30 162
30 501387
31 9
31 10
31 11
31 13
31 163
32 5
32 20
32 99
32 131
32 132
32 133
32 165
32 166
33 3
33 5
33 20
33 56527
33 56529
33 723027
34 67
34 22378
34 111532
34 252824
34 723028
35 76
35 342
35 343
35 345
35 723029
36 3
36 5
36 20
36 26371
36 50027
36 723030
37 243
37 244
37 245
37 247
37 723031
38 3
38 4
38 5
38 7178
38 21009
38 723032
39 158
39 159
39 160
39 162
39 723033
40 9
40 10
40 11
40 13
40 163
41 5
41 20
41 99
41 131
41 132
41 133
41 165
41 166
42 3
42 5
42 20
42 24554
42 24556
42 723034
43 230
43 231
43 232
43 234
43 723035
44 9
44 10
44 11
44 13
44 163
45 99
45 131
45 132
45 133
45 195
45 236
45 237
46 3
46 20
46 195
46 69948
46 363093
46 723037
46 723038
46 723039
47 10
47 126
47 127
47 129
47 723040
48 5
48 27
48 99
48 131
48 132
48 133
48 135
48 723041
49 3
49 4
49 5
49 2818
49 5508
49 723042
50 76
50 342
50 343
50 345
50 124832
51 10
51 279
51 11672
51 11673
51 723043
52 4
52 5
52 99
52 131
52 132
52 133
52 152
52 190582
53 3
53 4
53 5
53 813
53 815
53 723044
54 660
54 6695
54 6696
54 6698
54 723045
55 158
55 159
55 160
55 162
55 723046
56 9
56 10
56 11
56 13
56 163
57 5
57 20
57 99
57 131
57 132
57 133
57 165
57 166
58 3
58 5
58 20
58 1980
58 69666
58 723047
59 67
59 31157
59 31159
59 57124
59 723048
60 67
60 1845
60 26225
60 56855
60 723050
60 723051
60 723052
61 71
61 76
61 190
61 191
61 723053
seqId 192
1 51
1 52
1 1705
1 1707
1 723054
2 76
2 433
2 434
2 436
2 723055
seqId 193
1 4
1 5
1 99
1 133
1 175
1 176
1 5129
1 723056
2 4
2 5
2 202
2 15304
2 15306
2 723057
3 3
3 4
3 5
3 22729
3 89983
3 723058
4 5
4 84
4 91
4 93
4 121
4 702
4 703
4 705
4 723059
5 5
5 20
5 90
5 122
5 708
5 769
5 10652
5 13580
5 13981
5 42855
5 723060
6 76
6 342
6 343
6 345
6 190602
7 10
7 283
7 284
7 286
7 723061
8 5
8 20
8 99
8 131
8 132
8 133
8 166
8 723062
9 3
9 5
9 20
9 161144
9 161146
9 723063
10 9
10 10
10 11
10 13
10 124849
11 4
11 5
11 99
11 131
11 132
11 133
11 152
11 124850
12 4
12 5
12 202
12 2244
12 3490
12 723064
13 76
13 342
13 343
13 345
13 723065
14 10
14 146
14 147
14 149
14 723066
15 90
15 443
15 3446
15 3448
15 173038
16 4
16 5
16 99
16 131
16 132
16 133
16 152
16 723067
17 3
17 4
17 5
17 3595
17 3597
17 723068
18 9
18 10
18 11
18 13
18 723069
19 4
19 5
19 99
19 131
19 132
19 133
19 152
19 723070
20 3
20 4
20 5
20 1957
20 1959
20 723071
21 82
21 759
21 2852
21 2854
21 723072
22 5
22 84
22 90
22 91
22 93
22 121
22 3777
22 4766
22 723073
23 5
23 27
23 99
23 131
23 132
23 133
23 135
23 412179
24 3
24 5
24 20
24 10801
24 10803
24 723074
25 4
25 5
25 99
25 131
25 132
25 133
25 152
25 723075
26 3
26 4
26 5
26 7698
26 7700
26 723076
27 4
27 5
27 202
27 322
27 22672
27 723077
28 230
28 231
28 232
28 234
28 723078
29 9
29 10
29 11
29 13
29 163
30 99
30 131
30 132
30 133
30 195
30 236
30 237
31 3
31 4
31 195
31 2818
31 2820
31 723079
32 71
32 76
32 190
32 191
32 723080
seqId 194
1 85
1 99
1 195
1 638
1 6239
1 723081
2 3
2 4
2 195
2 4249
2 26359
2 173058
3 84
3 91
3 93
3 121
3 195
3 702
3 703
3 1062
3 723082
4 5
4 20
4 90
4 122
4 708
4 769
4 3884
4 3886
4 328821
5 660
5 918
5 919
5 921
5 723083
6 5
6 27
6 99
6 131
6 132
6 133
6 135
6 723084
7 3
7 4
7 5
7 33906
7 33908
7 723085
8 71
8 76
8 190
8 191
8 723086
seqId 195
1 20
1 195
1 202
1 2905
1 2906
1 41604
1 723087
2 72
2 84
2 91
2 93
2 121
2 195
2 703
2 14250
2 55169
2 173066
2 723089
3 99
3 131
3 132
3 133
3 195
3 237
3 305163
4 3
4 20
4 195
4 21035
4 21037
4 723090
5 20
5 90
5 122
5 195
5 708
5 713
5 3433
5 27627
5 61637
6 10
6 378
6 379
6 381
6 723091
7 90
7 443
7 78065
7 144482
7 723092
8 4
8 5
8 99
8 131
8 132
8 133
8 152
8 723093
9 4
9 5
9 67
9 35144
9 35147
9 723094
10 243
10 244
10 245
10 247
10 601877
11 10
11 1387
11 1388
11 1390
11 528949
12 4
12 5
12 99
12 2905
12 2906
12 39818
12 528950
13 3
13 4
13 5
13 3441
13 33896
13 39516
14 4
14 5
14 202
14 1399
14 3538
14 723095
15 76
15 2911
15 2912
15 2914
15 219292
seqId 196
1 5
1 84
1 90
1 91
1 93
1 121
1 5045
1 723097
1 723098
2 5
2 20
2 82
2 84
2 115
2 595
2 763
2 1186
2 723099
3 9
3 10
3 11
3 13
3 528958
4 90
4 443
4 13152
4 18265
4 189306
4 723100
5 2822
5 2823
5 2824
5 2826
5 723101
6 10
6 146
6 147
6 149
6 722
7 99
7 131
7 132
7 133
7 195
7 236
7 237
8 3
8 20
8 195
8 5479
8 5481
8 61655
9 9
9 10
9 11
9 13
9 61656
10 4
10 5
10 202
10 22623
10 22625
10 723102
11 3
11 4
11 5
11 25202
11 70033
11 723103
12 5
12 20
12 99
12 133
12 175
12 176
12 1316
12 723104
13 3
13 5
13 20
13 12137
13 12139
13 723105
14 5
14 202
14 1399
14 3538
14 723106
15 5
15 202
15 2742
15 16528
15 723107
16 244
16 418
16 419
16 421
16 39534
17 9
17 10
17 11
17 13
17 8605
18 82
18 84
18 115
18 195
18 237
18 1824
18 412234
19 90
19 443
19 535
19 2653
19 16539
19 723108
20 76
20 342
20 343
20 345
20 96949
21 945
21 1010
21 1011
21 1013
21 723109
22 5
22 20
22 27
22 82
22 84
22 98
22 100
22 2487
22 723110
23 5
23 84
23 91
23 93
23 121
23 703
23 707
23 956
23 723111
24 5
24 20
24 99
24 131
24 132
24 133
24 166
24 96952
25 3
25 5
25 20
25 10622
25 10624
25 723112
26 27
26 660
26 21971
26 21974
26 21975
26 39567
26 723113
27 76
27 342
27 343
27 345
27 426738
28 10
28 146
28 147
28 149
28 723114
29 99
29 133
29 175
29 176
29 195
29 234
29 61678
30 3
30 4
30 195
30 2773
30 2775
30 723115
31 4
31 195
31 202
31 2787
31 3681
31 32330
31 32332
31 723116
32 10
32 1010
32 1011
32 1013
32 723117
33 5
33 27
33 99
33 131
33 132
33 133
33 135
33 723118
34 3
34 5
34 20
34 11005
34 11007
34 723119
35 5
35 20
35 202
35 31396
35 213016
35 722330
35 723120
36 244
36 418
36 419
36 421
36 723121
37 5
37 20
37 99
37 131
37 132
37 133
37 166
37 723122
38 3
38 5
38 20
38 2894
38 2896
38 723123
39 5
39 20
39 202
39 24227
39 24229
39 723124
40 76
40 2911
40 2912
40 2914
40 723125
seqId 197
1 5
1 20
1 99
1 131
1 132
1 133
1 967
1 328884
2 3
2 5
2 20
2 3360
2 66438
2 723126
3 9
3 10
3 11
3 13
3 671826
4 3
4 4
4 5
4 65367
4 65369
4 723127
5 5
5 20
5 90
5 122
5 708
5 713
5 4243
5 8467
5 723128
6 10
6 283
6 284
6 286
6 723129
7 4
7 5
7 99
7 131
7 132
7 133
7 152
7 723130
8 3
8 4
8 5
8 7190
8 17555
8 723131
9 158
9 159
9 160
9 162
9 723132
10 9
10 10
10 11
10 13
10 163
11 5
11 20
11 99
11 131
11 132
11 133
11 165
11 166
12 5
12 51
12 10790
12 10792
12 723133
13 3
13 5
13 20
13 5883
13 5885
13 723134
14 51
14 195
14 4167
14 4169
14 723135
15 76
15 342
15 343
15 345
15 723136
16 5
16 84
16 90
16 91
16 93
16 121
16 2081
16 2426
16 723137
17 5
17 20
17 82
17 83
17 84
17 115
17 595
17 763
17 1186
17 723138
18 27
18 82
18 84
18 114
18 115
18 116
18 118
18 723139
19 90
19 443
19 4258
19 4260
19 723140
20 10
20 283
20 284
20 286
20 426762
21 4
21 5
21 99
21 131
21 132
21 133
21 152
21 328904
22 3
22 4
22 5
22 4884
22 4886
22 723141
23 9
23 10
23 11
23 13
23 51981
24 4
24 5
24 99
24 131
24 132
24 133
24 152
24 133781
25 4
25 5
25 67
25 35144
25 35147
25 723142
26 76
26 2911
26 2912
26 2914
26 723143
seqId 198
1 660
1 2547
1 2548
1 2550
1 723144
2 2822
2 2823
2 2824
2 2826
2 723145
3 10
3 146
3 147
3 149
3 722
4 99
4 131
4 132
4 133
4 195
4 236
4 237
5 3
5 20
5 195
5 3632
5 3634
5 723146
6 76
6 342
6 343
6 345
6 723147
7 5
7 20
7 27
7 82
7 84
7 98
7 100
7 2487
7 723148
8 5
8 84
8 91
8 93
8 121
8 703
8 707
8 956
8 385592
9 660
9 6680
9 6681
9 6683
9 723149
10 5
10 20
10 99
10 131
10 132
10 133
10 166
10 529009
11 3
11 5
11 20
11 31623
11 31625
11 723150
12 230
12 231
12 232
12 234
12 723151
13 9
13 10
13 11
13 13
13 163
14 99
14 131
14 132
14 133
14 195
14 236
14 237
15 3
15 4
15 195
15 2608
15 33258
15 723152
16 4
16 195
16 202
16 36833
16 221640
16 723153
17 82
17 758
17 759
17 761
17 723154
18 5
18 84
18 90
18 91
18 93
18 121
18 10527
18 41845
18 723155
19 76
19 342
19 343
19 345
19 723156
20 4
20 72
20 82
20 84
20 100
20 195
20 4682
20 6825
20 6828
20 723157
21 82
21 84
21 114
21 115
21 116
21 1361
21 723158
22 121
22 122
22 703
22 25415
22 723160
22 723161
23 4
23 90
23 122
23 195
23 340
23 708
23 713
23 4702
23 55733
23 136994
23 170999
23 625600
23 723163
24 10
24 828
24 829
24 831
24 723164
25 99
25 131
25 132
25 133
25 195
25 237
25 611908
26 3
26 4
26 195
26 36765
26 36767
26 723165
27 71
27 76
27 190
27 191
27 8703
seqId 199
1 4
1 82
1 84
1 85
1 195
1 1589
1 31729
1 723166
2 9
2 10
2 11
2 13
2 385614
3 98
3 99
3 100
3 195
3 2073
3 723167
4 3
4 4
4 195
4 4249
4 26359
4 61763
5 84
5 91
5 93
5 121
5 195
5 702
5 703
5 1062
5 723168
6 660
6 6695
6 6696
6 6698
6 723169
7 5
7 20
7 90
7 122
7 708
7 769
7 3777
7 4766
7 601957
8 5
8 27
8 99
8 131
8 132
8 133
8 135
8 601958
9 3
9 5
9 20
9 10801
9 10803
9 723170
10 9
10 10
10 24
10 26
10 27
10 61766
11 5
11 20
11 99
11 133
11 175
11 176
11 1316
11 723171
12 3
12 5
12 20
12 2723
12 2725
12 723172
13 20
13 90
13 122
13 708
13 713
13 8667
13 8669
13 723173
14 10
14 146
14 147
14 149
14 190823
15 4
15 5
15 99
15 131
15 132
15 133
15 152
15 723174
16 3
16 4
16 5
16 3154
16 17710
16 723175
17 67
17 72
17 204
17 3152
17 22792
17 22793
17 723177
17 723178
17 723179
18 76
18 342
18 343
18 345
18 8727
19 10
19 126
19 127
19 129
19 723180
20 76
20 137
20 138
20 140
20 723181
21 5
21 27
21 99
21 131
21 132
21 133
21 699
21 723182
22 3
22 4
22 5
22 8619
22 8621
22 723183
23 230
23 231
23 232
23 234
23 348212
24 9
24 10
24 11
24 13
24 163
25 99
25 131
25 132
25 133
25 195
25 236
25 237
26 3
26 20
26 195
26 5479
26 5481
26 723184
27 9
27 10
27 11
27 13
27 723185
28 3
28 4
28 5
28 5484
28 5486
28 723186
29 76
29 185
29 186
29 188
29 723187
30 76
30 342
30 343
30 345
30 601974
31 5
31 20
31 90
31 122
31 708
31 713
31 23543
31 64421
31 723188
32 10
32 828
32 829
32 831
32 723189
33 5
33 27
33 99
33 131
33 132
33 133
33 135
33 723190
34 5
34 67
34 5492
34 5494
34 5495
34 723191
35 76
35 342
35 343
35 345
35 173224
36 10
36 146
36 149
36 2548
36 385634
37 3
37 5
37 20
37 38959
37 38961
37 723192
38 67
38 16138
38 283386
38 723194
38 723195
38 723196
39 67
39 340
39 518
39 22209
39 22210
39 22212
39 723197
40 76
40 413
40 414
40 416
40 723198
41 5
41 99
41 131
41 132
41 133
41 171
41 699
41 723199
42 3
42 4
42 5
42 8619
42 8621
42 723200
43 230
43 231
43 232
43 234
43 723201
44 9
44 10
44 11
44 13
44 163
45 99
45 131
45 132
45 133
45 195
45 236
45 237
46 3
46 20
46 195
46 5479
46 5481
46 723202
47 9
47 10
47 11
47 13
47 219489
48 3
48 4
48 5
48 5484
48 5486
48 723203
49 76
49 342
49 343
49 345
49 8767
50 3
50 5
50 20
50 2723
50 55670
50 723204
51 20
51 90
51 122
51 708
51 713
51 8667
51 8669
51 723205
52 10
52 146
52 147
52 149
52 723206
53 4
53 5
53 99
53 131
53 132
53 133
53 152
53 723207
54 3
54 4
54 5
54 3154
54 17710
54 723208
55 67
55 72
55 204
55 3152
55 22793
55 723210
55 723211
55 723212
55 723213
56 76
56 342
56 343
56 345
56 723214
57 3
57 5
57 20
57 2202
57 2204
57 723215
58 51
58 195
58 4167
58 4169
58 723216
59 76
59 433
59 434
59 436
59 723217
60 71
60 76
60 190
60 191
60 723218
seqId 200
1 4
1 5
1 99
1 133
1 175
1 176
1 5129
1 723219
2 3
2 4
2 5
2 10248
2 10250
2 723220
3 76
3 342
3 343
3 345
3 501580
4 10
4 109
4 110
4 112
4 501581
5 3
5 5
5 20
5 389
5 391
5 723221
6 9
6 10
6 11
6 13
6 723222
7 3
7 4
7 5
7 154
7 156
7 723223
8 76
8 342
8 343
8 345
8 723224
9 5
9 84
9 91
9 93
9 121
9 703
9 707
9 956
9 723225
10 4
10 5
10 202
10 7602
10 7687
10 723226
11 717
11 718
11 719
11 721
11 329010
12 10
12 146
12 147
12 149
12 722
13 5
13 20
13 99
13 131
13 132
13 133
13 165
13 166
14 3
14 5
14 20
14 222
14 224
14 464188
15 158
15 159
15 160
15 162
15 464189
16 9
16 10
16 11
16 13
16 163
17 5
17 20
17 99
17 131
17 132
17 133
17 165
17 166
18 3
18 5
18 20
18 1320
18 1322
18 602007
19 243
19 244
19 245
19 247
19 52085
20 717
20 718
20 719
20 721
20 8800
21 10
21 146
21 147
21 149
21 722
22 5
22 20
22 99
22 131
22 132
22 133
22 165
22 166
23 3
23 5
23 20
23 16848
23 16850
23 723227
24 5
24 20
24 202
24 29358
24 29360
24 723228
25 76
25 413
25 414
25 416
25 723229
26 67
26 71
26 310
26 18785
26 18786
26 723230
27 67
27 9507
27 24729
27 33101
27 723232
27 723233
27 723234
28 76
28 433
28 434
28 436
28 723235
29 71
29 76
29 190
29 191
29 723236
seqId 201
1 51
1 52
1 1427
1 1962
1 723237
2 76
2 433
2 434
2 436
2 723238
seqId 202
1 4
1 5
1 99
1 131
1 132
1 133
1 811
1 348247
2 3
2 4
2 5
2 15
2 17
2 723239
3 10
3 126
3 127
3 129
3 723240
4 5
4 27
4 99
4 131
4 132
4 133
4 135
4 356725
5 3
5 4
5 5
5 1784
5 10502
5 219526
6 230
6 231
6 232
6 234
6 723241
7 9
7 10
7 11
7 13
7 163
8 99
8 131
8 132
8 133
8 195
8 236
8 237
9 3
9 4
9 195
9 8152
9 8154
9 723242
10 9
10 10
10 11
10 13
10 723243
11 5
11 27
11 99
11 131
11 132
11 133
11 135
11 723244
12 3
12 4
12 5
12 2818
12 5508
12 723245
13 660
13 661
13 910
13 1234
13 723246
14 5
14 84
14 90
14 91
14 93
14 914
14 2081
14 4219
14 723247
15 90
15 443
15 1845
15 93980
15 328660
15 723249
16 4
16 5
16 99
16 133
16 175
16 176
16 178
16 611984
17 4
17 5
17 202
17 9960
17 19296
17 723250
18 3
18 4
18 5
18 22729
18 89983
18 723251
19 75
19 76
19 77
19 79
19 723252
20 99
20 131
20 132
20 133
20 195
20 237
20 501608
21 3
21 4
21 195
21 340
21 4360
21 4362
21 723253
22 158
22 159
22 160
22 162
22 723254
23 9
23 10
23 11
23 13
23 163
24 5
24 20
24 99
24 131
24 132
24 133
24 165
24 166
25 3
25 5
25 20
25 16848
25 16850
25 723255
26 82
26 759
26 944
26 948
26 723256
27 84
27 90
27 91
27 93
27 121
27 195
27 11691
27 46608
27 723257
28 99
28 131
28 132
28 133
28 195
28 237
28 723258
29 3
29 4
29 195
29 8152
29 8154
29 723259
30 9
30 10
30 24
30 26
30 27
30 39740
31 3
31 5
31 20
31 11913
31 22480
31 723260
32 9
32 10
32 11
32 13
32 329048
33 5
33 27
33 99
33 131
33 132
33 133
33 135
33 723261
34 3
34 4
34 5
34 897
34 899
34 723262
35 4
35 5
35 202
35 254
35 256
35 723263
36 4
36 90
36 122
36 195
36 708
36 713
36 1159
36 39857
36 723264
37 10
37 146
37 147
37 149
37 723265
38 3
38 5
38 20
38 72
38 2466
38 203976
38 710398
38 723266
39 9
39 10
39 11
39 13
39 723267
40 5
40 27
40 99
40 131
40 132
40 133
40 135
40 723268
41 3
41 4
41 5
41 897
41 899
41 723269
42 4
42 5
42 202
42 128480
42 518391
42 723270
43 243
43 244
43 245
43 247
43 125095
44 9
44 10
44 11
44 13
44 723271
45 5
45 27
45 99
45 131
45 132
45 133
45 135
45 723272
46 3
46 4
46 5
46 897
46 899
46 723273
47 4
47 5
47 202
47 1104
47 102171
47 219839
47 723274
48 76
48 413
48 414
48 416
48 723275
49 243
49 244
49 245
49 247
49 723276
50 660
50 19069
50 19070
50 19072
50 723277
51 4
51 5
51 90
51 122
51 708
51 713
51 1104
51 723279
51 723280
51 723281
52 76
52 433
52 434
52 436
52 723282
53 71
53 76
53 190
53 191
53 190947
seqId 203
1 4
1 5
1 99
1 133
1 175
1 176
1 5129
1 723283
2 3
2 4
2 5
2 10248
2 10250
2 464241
3 10
3 109
3 110
3 112
3 219579
4 3
4 4
4 5
4 4298
4 4300
4 723284
5 9
5 10
5 24
5 26
5 27
5 723285
6 3
6 5
6 20
6 47350
6 47352
6 723286
7 5
7 84
7 90
7 91
7 93
7 121
7 7704
7 30340
7 723287
8 660
8 2347
8 2348
8 2350
8 723288
9 660
9 6286
9 6287
9 6289
9 723289
10 99
10 131
10 132
10 133
10 195
10 237
10 39795
11 3
11 20
11 195
11 75747
11 75749
11 723290
12 10
12 126
12 127
12 129
12 356787
13 3
13 4
13 5
13 31920
13 31922
13 723291
14 76
14 342
14 343
14 345
14 723292
15 82
15 759
15 2852
15 2854
15 723293
16 5
16 27
16 99
16 131
16 132
16 133
16 135
16 723294
17 3
17 4
17 5
17 897
17 899
17 723295
18 5
18 84
18 90
18 91
18 93
18 121
18 31757
18 68596
18 723296
19 4
19 5
19 99
19 131
19 132
19 133
19 152
19 723297
20 3
20 4
20 5
20 3691
20 3693
20 723298
21 76
21 413
21 414
21 416
21 723299
22 67
22 71
22 407
22 18660
22 18661
22 723300
23 67
23 51433
23 52861
23 697502
23 697503
23 723301
24 76
24 433
24 434
24 436
24 723302
25 71
25 76
25 190
25 191
25 723303
seqId 204
1 99
1 131
1 132
1 133
1 195
1 1220
1 723304
2 3
2 20
2 195
2 1320
2 3384
2 723305
3 20
3 90
3 122
3 195
3 340
3 708
3 713
3 22735
3 77958
3 723306
4 76
4 342
4 343
4 345
4 723307
5 10
5 146
5 149
5 2548
5 305410
6 3
6 5
6 20
6 38959
6 38961
6 52191
7 5
7 20
7 98
7 99
7 100
7 102
7 39827
8 5
8 20
8 202
8 15064
8 15067
8 723308
9 3
9 5
9 20
9 2320
9 2322
9 723309
10 76
10 342
10 343
10 345
10 723310
11 84
11 91
11 93
11 121
11 195
11 702
11 703
11 1062
11 723311
12 5
12 20
12 122
12 703
12 707
12 708
12 710
12 723312
13 20
13 90
13 122
13 195
13 708
13 713
13 6804
13 198016
13 723313
14 10
14 283
14 284
14 286
14 723314
15 5
15 20
15 99
15 131
15 132
15 133
15 166
15 8933
16 3
16 5
16 20
16 4345
16 4347
16 723315
17 9
17 10
17 24
17 26
17 27
17 723316
18 4
18 5
18 99
18 133
18 175
18 176
18 178
18 412437
19 3
19 4
19 5
19 3691
19 3693
19 723317
20 660
20 2347
20 2348
20 2350
20 723318
21 4
21 5
21 202
21 3244
21 3246
21 356820
22 10
22 126
22 127
22 129
22 723319
23 5
23 27
23 99
23 131
23 132
23 133
23 135
23 723320
24 3
24 4
24 5
24 2608
24 4490
24 365053
25 71
25 76
25 190
25 191
25 365054
seqId 205
1 10
1 146
1 1024
1 1026
1 464292
2 99
2 133
2 175
2 176
2 195
2 234
2 723321
3 3
3 20
3 195
3 91915
3 91917
3 723322
4 20
4 195
4 202
4 1951
4 18077
4 723323
5 76
5 342
5 343
5 345
5 671989
6 20
6 82
6 83
6 84
6 115
6 195
6 1824
6 1826
6 61966
7 84
7 91
7 93
7 121
7 195
7 702
7 703
7 1062
7 402584
8 5
8 20
8 90
8 122
8 708
8 769
8 2333
8 7738
8 723324
9 9
9 10
9 11
9 13
9 723325
10 90
10 443
10 4063
10 5056
10 723326
11 944
11 945
11 946
11 948
11 329128
12 5
12 27
12 99
12 131
12 132
12 133
12 135
12 125160
13 3
13 4
13 5
13 2608
13 4490
13 723327
14 660
14 661
14 910
14 1234
14 219636
15 5
15 84
15 90
15 91
15 93
15 121
15 1509
15 16289
15 723328
16 660
16 661
16 1240
16 1242
16 723329
17 4
17 5
17 99
17 133
17 175
17 176
17 178
17 723330
18 3
18 4
18 5
18 1742
18 7210
18 723331
19 4
19 5
19 202
19 6251
19 173412
19 723333
20 717
20 718
20 719
20 721
20 305439
21 10
21 146
21 147
21 149
21 722
22 5
22 20
22 99
22 131
22 132
22 133
22 165
22 166
23 3
23 5
23 20
23 222
23 224
23 723334
24 76
24 342
24 343
24 345
24 125171
25 4
25 5
25 90
25 122
25 708
25 713
25 6804
25 46889
25 529222
26 10
26 828
26 829
26 831
26 365078
27 99
27 133
27 175
27 176
27 195
27 234
27 219645
28 3
28 20
28 195
28 340
28 12336
28 15959
28 723335
29 20
29 195
29 202
29 13830
29 13832
29 723336
30 10
30 146
30 147
30 149
30 125178
31 5
31 20
31 98
31 99
31 100
31 102
31 125179
32 5
32 20
32 202
32 9960
32 32945
32 723337
33 76
33 342
33 343
33 345
33 723338
34 244
34 1249
34 1250
34 1252
34 723339
35 5
35 84
35 90
35 91
35 93
35 121
35 3777
35 4766
35 723340
36 5
36 27
36 99
36 131
36 132
36 133
36 135
36 329144
37 3
37 5
37 20
37 10801
37 10803
37 723341
38 9
38 10
38 24
38 26
38 27
38 723342
39 4
39 5
39 99
39 133
39 175
39 176
39 178
39 219655
40 3
40 4
40 5
40 34306
40 34308
40 723343
41 4
41 5
41 202
41 1399
41 3538
41 723344
42 4
42 5
42 202
42 2742
42 16528
42 723345
43 71
43 76
43 190
43 191
43 723346
seqId 206
1 5
1 20
1 82
1 83
1 84
1 115
1 763
1 3948
1 723347
2 5
2 84
2 91
2 93
2 121
2 703
2 707
2 956
2 723348
3 5
3 20
3 90
3 122
3 708
3 769
3 28145
3 28147
3 723349
4 10
4 1387
4 1388
4 1390
4 723350
5 3
5 4
5 5
5 3441
5 33896
5 723351
6 944
6 945
6 946
6 948
6 365104
7 945
7 2473
7 2474
7 2476
7 305467
8 99
8 131
8 132
8 133
8 195
8 237
8 723352
9 3
9 20
9 195
9 104255
9 104256
9 305469
10 20
10 195
10 202
10 254
10 3637
10 723353
11 243
11 244
11 245
11 247
11 402633
12 20
12 195
12 202
12 1445
12 44860
12 723354
13 82
13 758
13 759
13 761
13 723355
14 84
14 90
14 91
14 93
14 121
14 195
14 4180
14 47269
14 723356
15 90
15 443
15 25690
15 41081
15 723357
16 243
16 244
16 245
16 247
16 723358
17 90
17 443
17 8685
17 43320
17 722180
17 723359
18 99
18 131
18 132
18 133
18 195
18 237
18 723360
19 3
19 4
19 195
19 2049
19 2051
19 723361
20 4
20 195
20 202
20 254
20 3637
20 723362
21 84
21 91
21 93
21 121
21 195
21 703
21 707
21 1858
21 723363
22 4
22 195
22 202
22 2773
22 2775
22 365127
23 9
23 10
23 11
23 13
23 365128
24 3
24 20
24 195
24 36714
24 36716
24 36717
24 723364
25 158
25 159
25 160
25 162
25 602148
26 9
26 10
26 11
26 13
26 163
27 5
27 20
27 99
27 131
27 132
27 133
27 165
27 166
28 3
28 5
28 20
28 222
28 224
28 723365
29 158
29 159
29 160
29 162
29 723366
30 9
30 10
30 11
30 13
30 163
31 5
31 20
31 99
31 131
31 132
31 133
31 165
31 166
32 3
32 5
32 20
32 1320
32 1322
32 723367
33 76
33 342
33 343
33 345
33 723368
34 4
34 5
34 98
34 99
34 100
34 1927
34 723369
35 3
35 4
35 5
35 13569
35 22485
35 723370
36 660
36 661
36 910
36 1234
36 39932
37 82
37 84
37 114
37 115
37 116
37 1361
37 134137
38 5
38 84
38 90
38 91
38 93
38 121
38 324710
38 342696
38 723372
39 660
39 661
39 1240
39 1242
39 723373
40 10
40 146
40 147
40 149
40 723374
41 90
41 443
41 1488
41 57815
41 723375
42 13
42 99
42 133
42 175
42 176
42 195
42 348430
43 20
43 195
43 202
43 6111
43 9710
43 723376
44 3
44 20
44 195
44 340
44 12336
44 15959
44 723377
45 75
45 76
45 77
45 79
45 173496
46 10
46 146
46 147
46 149
46 723378
47 5
47 27
47 99
47 131
47 132
47 133
47 135
47 723379
48 3
48 4
48 5
48 7295
48 7297
48 723380
49 9
49 10
49 11
49 13
49 348438
50 5
50 99
50 115
50 773
50 775
50 776
50 2192
50 3593
50 348439
51 3
51 4
51 5
51 14523
51 14525
51 723381
52 10
52 283
52 284
52 286
52 723382
53 5
53 20
53 99
53 131
53 132
53 133
53 166
53 723383
54 3
54 5
54 20
54 222
54 224
54 723384
55 158
55 159
55 160
55 162
55 39954
56 9
56 10
56 11
56 13
56 163
57 5
57 20
57 99
57 131
57 132
57 133
57 165
57 166
58 3
58 5
58 20
58 1320
58 1322
58 723385
59 76
59 342
59 343
59 345
59 723386
60 20
60 72
60 82
60 84
60 100
60 195
60 6825
60 6827
60 6828
60 723387
61 82
61 84
61 114
61 115
61 116
61 1361
61 385846
62 84
62 90
62 91
62 93
62 121
62 195
62 34676
62 34678
62 723388
63 660
63 228423
63 228424
63 228426
63 723389
64 71
64 76
64 190
64 191
64 723390
seqId 207
1 3
1 5
1 20
1 1026
1 1104
1 9565
1 28544
1 723391
2 51
2 52
2 1705
2 1707
2 723392
3 76
3 592
3 593
3 595
3 723393
4 3
4 4
4 5
4 3162
4 3164
4 723394
5 243
5 244
5 245
5 247
5 723395
6 3
6 20
6 195
6 222
6 4204
6 723396
7 20
7 195
7 202
7 958
7 4207
7 723397
seqId 208
1 4
1 5
1 99
1 131
1 132
1 133
1 811
1 723398
2 3
2 4
2 5
2 15
2 17
2 723399
3 5
3 84
3 91
3 93
3 121
3 703
3 707
3 956
3 723400
4 4
4 5
4 90
4 122
4 708
4 769
4 1334
4 6048
4 723401
5 660
5 9120
5 30602
5 30603
5 30605
6 9
6 10
6 26
6 169
6 171
6 9121
7 5
7 20
7 99
7 133
7 175
7 176
7 1316
7 356932
8 3
8 5
8 20
8 7580
8 22010
8 723402
9 75
9 76
9 77
9 79
9 723403
10 5
10 99
10 131
10 132
10 133
10 135
10 171
10 723404
11 3
11 4
11 5
11 2106
11 2108
11 723405
12 4
12 5
12 202
12 47321
12 47323
12 723406
13 230
13 231
13 232
13 234
13 723407
14 9
14 10
14 11
14 13
14 163
15 99
15 131
15 132
15 133
15 195
15 236
15 237
16 3
16 20
16 195
16 222
16 4204
16 723408
17 20
17 195
17 202
17 958
17 4207
17 723409
18 10
18 126
18 127
18 129
18 723410
19 5
19 20
19 99
19 131
19 132
19 133
19 166
19 39983
20 3
20 5
20 20
20 222
20 224
20 723411
21 158
21 159
21 160
21 162
21 412551
22 9
22 10
22 11
22 13
22 163
23 5
23 20
23 99
23 131
23 132
23 133
23 165
23 166
24 3
24 5
24 20
24 1320
24 1322
24 412552
25 71
25 76
25 190
25 191
25 412553
seqId 209
1 660
1 9011
1 53273
1 53275
1 723412
2 76
2 342
2 343
2 345
2 97334
3 4
3 5
3 99
3 131
3 132
3 133
3 152
3 723413
4 3
4 4
4 5
4 33368
4 33370
4 723414
5 230
5 231
5 232
5 234
5 723415
6 9
6 10
6 11
6 13
6 163
7 99
7 131
7 132
7 133
7 195
7 236
7 237
8 3
8 4
8 195
8 33489
8 34524
8 723416
9 90
9 121
9 122
9 35983
9 45037
9 723417
10 9
10 10
10 24
10 26
10 27
10 501837
11 4
11 5
11 99
11 133
11 175
11 176
11 178
11 134207
12 4
12 5
12 202
12 6111
12 151303
12 723418
13 3
13 4
13 5
13 2106
13 2108
13 723419
14 5
14 84
14 90
14 91
14 93
14 121
14 5640
14 18000
14 723420
15 4
15 5
15 90
15 122
15 708
15 713
15 1104
15 549846
15 671039
15 723422
15 723423
16 71
16 76
16 190
16 191
16 723424
seqId 210
1 10
1 378
1 3871
1 3873
1 723425
2 82
2 83
2 84
2 109
2 112
2 115
2 9165
3 90
3 443
3 5661
3 31000
3 723426
4 3
4 5
4 20
4 10695
4 10697
4 723427
5 76
5 342
5 343
5 345
5 723428
6 99
6 131
6 132
6 133
6 195
6 237
6 723429
7 3
7 4
7 195
7 3707
7 41983
7 723430
8 9
8 10
8 26
8 169
8 171
8 723431
9 3
9 4
9 5
9 13423
9 57433
9 58924
9 125137
9 410343
9 723432
10 76
10 342
10 343
10 345
10 723433
11 9
11 10
11 11
11 13
11 402739
12 3
12 4
12 5
12 6072
12 60270
12 721765
12 723434
13 244
13 418
13 419
13 421
13 723435
14 660
14 2509
14 2510
14 2512
14 723436
15 9
15 10
15 11
15 13
15 356979
16 3
16 4
16 5
16 960
16 13423
16 723438
16 723439
17 84
17 91
17 93
17 121
17 195
17 702
17 703
17 1062
17 501865
18 5
18 20
18 122
18 703
18 707
18 708
18 710
18 723440
19 4
19 90
19 122
19 195
19 708
19 713
19 2784
19 2786
19 2787
19 723441
20 243
20 244
20 245
20 247
20 365299
21 51
21 195
21 1368
21 1370
21 348507
22 3
22 20
22 195
22 340
22 276384
22 276386
22 723442
23 84
23 91
23 93
23 121
23 195
23 702
23 703
23 1062
23 723443
24 5
24 20
24 122
24 703
24 707
24 708
24 710
24 9209
25 20
25 90
25 122
25 195
25 708
25 713
25 3346
25 5030
25 723444
26 75
26 76
26 77
26 79
26 427120
27 5
27 20
27 99
27 131
27 132
27 133
27 166
27 723445
28 3
28 5
28 20
28 1587
28 45266
28 49237
28 107612
28 723446
29 230
29 231
29 232
29 234
29 402763
30 9
30 10
30 11
30 13
30 163
31 99
31 131
31 132
31 133
31 195
31 236
31 237
32 3
32 4
32 195
32 2773
32 2775
32 723447
33 76
33 342
33 343
33 345
33 723448
34 5
34 20
34 99
34 131
34 132
34 133
34 166
34 723449
35 3
35 5
35 20
35 46030
35 46032
35 723450
36 243
36 244
36 245
36 247
36 612180
37 4
37 5
37 99
37 131
37 132
37 133
37 152
37 723451
38 3
38 4
38 5
38 26724
38 26726
38 723452
39 4
39 5
39 202
39 250
39 175825
39 723454
39 723455
40 71
40 76
40 190
40 191
40 723456
seqId 211
1 51
1 52
1 680
1 1993
1 723457
2 76
2 433
2 434
2 436
2 723458
seqId 212
1 5
1 20
1 99
1 131
1 132
1 133
1 967
1 723459
2 3
2 5
2 20
2 1587
2 45266
2 49237
2 107612
2 723460
3 230
3 231
3 232
3 234
3 305630
4 9
4 10
4 11
4 13
4 163
5 99
5 131
5 132
5 133
5 195
5 236
5 237
6 3
6 4
6 195
6 2773
6 2775
6 723461
seqId 213
1 20
1 85
1 99
1 195
1 1589
1 11078
1 723462
2 3
2 20
2 195
2 1320
2 3384
2 723463
3 84
3 91
3 93
3 121
3 195
3 702
3 703
3 1062
3 191237
4 5
4 20
4 90
4 122
4 708
4 769
4 5661
4 8025
4 723464
5 3
5 5
5 20
5 10695
5 10697
5 723465
6 9
6 10
6 11
6 13
6 402777
7 5
7 27
7 99
7 131
7 132
7 133
7 135
7 402778
8 3
8 4
8 5
8 66879
8 66881
8 723466
9 9
9 10
9 11
9 13
9 723467
10 3
10 4
10 195
10 2773
10 2775
10 529395
11 2822
11 2823
11 2824
11 2826
11 723468
12 10
12 146
12 147
12 149
12 722
13 99
13 131
13 132
13 133
13 195
13 236
13 237
14 3
14 4
14 195
14 25373
14 115094
14 723469
15 243
15 244
15 245
15 247
15 348539
16 2822
16 2823
16 2824
16 2826
16 723470
17 10
17 146
17 147
17 149
17 722
18 99
18 131
18 132
18 133
18 195
18 236
18 237
19 3
19 4
19 195
19 13716
19 21248
19 723471
20 4
20 195
20 202
20 1399
20 1401
20 723472
21 4
21 195
21 202
21 37108
21 41398
21 275764
21 723474
21 723475
22 76
22 342
22 343
22 345
22 723476
23 82
23 758
23 759
23 761
23 501909
24 84
24 90
24 91
24 93
24 121
24 195
24 755
24 23260
24 167237
24 723477
25 99
25 133
25 175
25 176
25 195
25 234
25 723478
26 3
26 20
26 195
26 222
26 4204
26 723479
27 20
27 195
27 202
27 958
27 4207
27 723480
28 75
28 76
28 77
28 79
28 385967
29 3
29 20
29 195
29 7626
29 7628
29 723481
30 9
30 10
30 11
30 13
30 191264
31 3
31 5
31 20
31 222
31 224
31 723482
32 5
32 20
32 202
32 646
32 25589
32 723483
33 76
33 413
33 414
33 416
33 723484
34 67
34 235665
34 723486
34 723487
34 723488
34 723489
35 76
35 342
35 343
35 345
35 723490
36 3
36 5
36 20
36 851
36 90645
36 572346
36 700431
36 723492
37 9
37 10
37 11
37 13
37 723493
38 4
38 5
38 99
38 131
38 132
38 133
38 152
38 723494
39 3
39 4
39 5
39 6070
39 306311
39 723495
40 9
40 10
40 11
40 13
40 723496
41 51
41 195
41 249851
41 723498
41 723499
42 76
42 342
42 343
42 345
42 723500
43 3
43 4
43 5
43 6070
43 306311
43 723501
44 9
44 10
44 11
44 13
44 723502
45 51
45 195
45 228355
45 228357
45 723503
46 76
46 342
46 343
46 345
46 365425
47 3
47 4
47 195
47 1350
47 7600
47 723504
48 4
48 195
48 202
48 27329
48 27331
48 723505
49 76
49 433
49 434
49 436
49 723506
50 76
50 342
50 343
50 345
50 402817
51 3
51 20
51 195
51 7626
51 7628
51 723507
52 20
52 195
52 202
52 2923
52 14156
52 723508
53 76
53 413
53 414
53 416
53 723509
54 3
54 4
54 195
54 7319
54 58061
54 723510
55 9
55 10
55 11
55 13
55 723511
56 5
56 99
56 131
56 132
56 133
56 135
56 171
56 723512
57 5
57 67
57 222716
57 222719
57 723513
58 76
58 433
58 434
58 436
58 723514
59 76
59 342
59 343
59 345
59 191291
60 3
60 20
60 195
60 7626
60 7628
60 723515
61 20
61 195
61 202
61 1403
61 53011
61 723516
62 76
62 413
62 414
62 416
62 365449
63 3
63 4
63 195
63 5370
63 238661
63 723517
64 76
64 342
64 343
64 345
64 723518
65 3
65 4
65 5
65 65399
65 175076
65 723519
66 230
66 231
66 232
66 234
66 723520
67 9
67 10
67 11
67 13
67 163
68 99
68 131
68 132
68 133
68 195
68 236
68 237
69 3
69 20
69 195
69 222
69 4204
69 723521
70 20
70 195
70 202
70 958
70 4207
70 723522
71 76
71 342
71 343
71 345
71 9332
72 3
72 5
72 20
72 2004
72 2006
72 723523
73 51
73 195
73 11455
73 16959
73 329375
74 9
74 10
74 11
74 13
74 125437
75 4
75 5
75 99
75 131
75 132
75 133
75 152
75 723524
76 4
76 5
76 67
76 268
76 19561
76 401008
76 723525
77 6151
77 6152
77 6153
77 6155
77 723526
78 10
78 146
78 147
78 149
78 722
79 5
79 20
79 82
79 759
79 1432
79 6157
79 6158
80 82
80 84
80 114
80 115
80 116
80 118
80 171
80 723527
81 5
81 84
81 90
81 91
81 93
81 121
81 17531
81 21077
81 723528
82 5
82 20
82 99
82 131
82 132
82 133
82 166
82 723529
83 3
83 5
83 20
83 45007
83 45009
83 723530
84 912
84 2717
84 5178
84 9432
84 9434
84 134339
85 51
85 195
85 14489
85 14491
85 723531
86 76
86 433
86 434
86 436
86 723532
87 71
87 76
87 190
87 191
87 386022
seqId 214
1 4
1 5
1 98
1 99
1 100
1 4105
1 723533
2 3
2 4
2 5
2 33048
2 33050
2 723534
3 9
3 10
3 11
3 13
3 723535
4 3
4 20
4 195
4 7626
4 7628
4 723536
5 5
5 84
5 91
5 93
5 121
5 703
5 3777
5 4766
5 97486
6 90
6 443
6 28145
6 76973
6 723537
7 4
7 5
7 99
7 133
7 175
7 176
7 178
7 9370
8 4
8 5
8 202
8 7021
8 7023
8 723538
9 3
9 4
9 5
9 4737
9 38801
9 150267
9 328559
9 723539
10 10
10 283
10 284
10 286
10 723540
11 4
11 5
11 99
11 131
11 132
11 133
11 152
11 40161
12 3
12 4
12 5
12 27335
12 27337
12 40162
13 660
13 6695
13 6696
13 6698
13 723541
14 230
14 231
14 232
14 234
14 723542
15 9
15 10
15 11
15 13
15 163
16 99
16 131
16 132
16 133
16 195
16 236
16 237
17 3
17 4
17 195
17 24833
17 26709
17 723543
18 9
18 10
18 26
18 169
18 171
18 723544
19 3
19 4
19 5
19 26362
19 26364
19 723545
20 71
20 76
20 190
20 191
20 723546
seqId 215
1 99
1 131
1 132
1 133
1 195
1 1220
1 357105
2 3
2 4
2 195
2 340
2 78660
2 78662
2 723547
3 84
3 90
3 91
3 93
3 121
3 195
3 60080
3 239859
3 723548
4 75
4 76
4 77
4 79
4 723549
5 660
5 30602
5 30603
5 30605
5 723550
6 76
6 137
6 138
6 140
6 52602
7 3
7 5
7 20
7 11067
7 11069
7 723551
8 76
8 185
8 186
8 188
8 723552
9 76
9 342
9 343
9 345
9 723553
10 660
10 2305
10 2306
10 2308
10 191342
11 76
11 137
11 138
11 140
11 723554
12 3
12 4
12 5
12 3974
12 195150
12 348616
13 76
13 185
13 186
13 188
13 723555
14 76
14 1267
14 1268
14 1270
14 723556
seqId 216
1 4
1 82
1 84
1 115
1 195
1 1824
1 3621
1 672246
2 84
2 90
2 91
2 93
2 121
2 195
2 14730
2 39860
2 723557
3 3
3 5
3 20
3 1539
3 137162
3 137164
3 723558
4 10
4 146
4 147
4 149
4 40182
5 3
5 5
5 20
5 137162
5 137164
5 329421
6 5
6 99
6 131
6 132
6 133
6 135
6 171
6 723559
7 3
7 4
7 5
7 26362
7 26364
7 723560
8 76
8 342
8 343
8 345
8 501987
9 4
9 5
9 99
9 131
9 132
9 133
9 152
9 427243
10 3
10 4
10 5
10 72
10 2274
10 64827
10 94759
10 98604
10 122795
10 723561
11 76
11 342
11 343
11 345
11 40190
12 5
12 99
12 131
12 132
12 133
12 135
12 171
12 723562
13 3
13 4
13 5
13 26362
13 26364
13 723563
14 9
14 10
14 11
14 13
14 357122
15 3
15 5
15 20
15 8494
15 8496
15 723564
16 660
16 30977
16 30978
16 30980
16 723565
17 10
17 378
17 379
17 381
17 723566
18 82
18 84
18 115
18 195
18 237
18 1824
18 348634
19 90
19 443
19 13574
19 212254
19 723567
20 76
20 342
20 343
20 345
20 723568
21 660
21 30977
21 30978
21 30980
21 723569
22 10
22 378
22 379
22 381
22 672268
23 82
23 84
23 115
23 195
23 237
23 1824
23 723570
24 90
24 443
24 682841
24 723572
24 723573
25 71
25 76
25 190
25 191
25 125504
seqId 217
1 4
1 5
1 99
1 133
1 175
1 176
1 5129
1 723574
2 4
2 5
2 202
2 48464
2 424157
2 723575
3 3
3 4
3 5
3 18624
3 18672
3 723576
4 9
4 10
4 26
4 169
4 171
4 723577
5 3
5 5
5 20
5 479
5 7526
5 719437
5 723578
6 82
6 84
6 114
6 115
6 116
6 1361
6 386096
7 5
7 84
7 90
7 91
7 93
7 121
7 3777
7 4766
7 602356
8 3
8 5
8 20
8 11297
8 18838
8 723579
9 76
9 342
9 343
9 345
9 723580
10 660
10 2136
10 2137
10 2139
10 723581
11 9
11 10
11 11
11 13
11 365545
12 4
12 5
12 99
12 131
12 132
12 133
12 152
12 723582
13 3
13 4
13 5
13 26724
13 26726
13 723583
14 9
14 10
14 26
14 169
14 171
14 723584
15 4
15 5
15 99
15 133
15 175
15 176
15 178
15 723585
16 3
16 4
16 5
16 3974
16 195150
16 723586
17 9
17 10
17 26
17 169
17 171
17 40220
18 3
18 4
18 5
18 26362
18 26364
18 723587
19 76
19 413
19 414
19 416
19 723588
20 71
20 1639
20 1640
20 1642
20 2717
20 191388
21 99
21 131
21 132
21 133
21 195
21 237
21 529528
22 3
22 20
22 195
22 9159
22 9161
22 723589
23 158
23 159
23 160
23 162
23 97560
24 9
24 10
24 11
24 13
24 163
25 5
25 20
25 99
25 131
25 132
25 133
25 165
25 166
26 3
26 5
26 20
26 2887
26 2889
26 723590
27 5
27 20
27 99
27 131
27 132
27 133
27 967
27 723591
28 3
28 5
28 20
28 222
28 224
28 723592
29 5
29 20
29 202
29 322
29 36035
29 723593
30 5
30 27
30 99
30 131
30 132
30 133
30 135
30 723594
31 3
31 4
31 5
31 26362
31 26364
31 723595
32 243
32 244
32 245
32 247
32 723596
33 99
33 131
33 132
33 133
33 195
33 237
33 723597
34 3
34 4
34 195
34 340
34 6146
34 6148
34 723598
35 76
35 433
35 434
35 436
35 723599
36 71
36 76
36 190
36 191
36 357160
seqId 218
1 27
1 42
1 99
1 133
1 175
1 176
1 195
1 723600
2 4
2 195
2 202
2 2294
2 3837
2 723601
3 3
3 4
3 15
3 195
3 4121
3 723602
4 84
4 91
4 93
4 121
4 195
4 702
4 703
4 1062
4 173792
5 5
5 20
5 90
5 122
5 708
5 769
5 1345
5 1347
5 723603
6 10
6 109
6 110
6 112
6 529547
7 3
7 4
7 5
7 23042
7 23044
7 723604
8 5
8 20
8 99
8 131
8 132
8 133
8 166
8 402940
9 3
9 5
9 20
9 34668
9 104164
9 307857
9 723605
10 5
10 20
10 202
10 1587
10 28005
10 107612
10 521223
10 723607
11 9
11 10
11 24
11 26
11 27
11 723608
12 3
12 4
12 195
12 24833
12 26709
12 723609
13 4
13 195
13 202
13 958
13 59953
13 723610
14 4
14 195
14 202
14 19826
14 19828
14 723611
15 9
15 10
15 11
15 13
15 723612
16 5
16 27
16 99
16 131
16 132
16 133
16 135
16 357181
17 3
17 4
17 5
17 26362
17 26364
17 723613
18 75
18 76
18 77
18 79
18 723614
19 3
19 4
19 5
19 17915
19 17917
19 723615
20 4
20 5
20 202
20 168724
20 178047
20 723616
21 76
21 413
21 414
21 416
21 723617
22 71
22 509
22 1639
22 1640
22 1642
22 723618
23 99
23 131
23 132
23 133
23 195
23 237
23 672318
24 3
24 20
24 195
24 1320
24 3384
24 723619
25 9
25 10
25 11
25 13
25 723620
26 36
26 67
26 71
26 18488
26 18489
26 723621
27 67
27 51670
27 103365
27 719214
27 719215
27 723622
28 243
28 244
28 245
28 247
28 502055
29 5
29 20
29 99
29 131
29 132
29 133
29 166
29 723623
30 3
30 5
30 20
30 2863
30 2865
30 723624
31 5
31 20
31 90
31 122
31 708
31 713
31 2832
31 5688
31 723625
32 10
32 1387
32 1388
32 1390
32 723626
33 5
33 20
33 99
33 131
33 132
33 133
33 166
33 723627
34 5
34 20
34 67
34 24568
34 40279
34 164111
34 398190
34 723628
35 76
35 433
35 434
35 436
35 723629
36 76
36 342
36 343
36 345
36 723630
37 3
37 5
37 20
37 222
37 224
37 723631
38 10
38 146
38 147
38 149
38 723632
39 4
39 5
39 99
39 131
39 132
39 133
39 152
39 305871
40 3
40 4
40 5
40 26985
40 26987
40 723633
41 76
41 413
41 414
41 416
41 220006
42 10
42 146
42 149
42 2548
42 723634
43 3
43 5
43 20
43 38959
43 38961
43 723635
44 99
44 131
44 132
44 133
44 195
44 237
44 723636
45 3
45 4
45 15
45 195
45 4121
45 723637
46 4
46 90
46 122
46 195
46 708
46 713
46 3686
46 5120
46 723638
47 10
47 126
47 127
47 129
47 723639
48 5
48 20
48 99
48 131
48 132
48 133
48 166
48 723640
49 3
49 5
49 20
49 1320
49 1322
49 723641
50 243
50 244
50 245
50 247
50 723642
51 5
51 27
51 99
51 131
51 132
51 133
51 135
51 723643
52 3
52 4
52 5
52 897
52 899
52 723644
53 9
53 10
53 11
53 13
53 40314
54 3
54 5
54 20
54 1320
54 1322
54 723645
55 76
55 433
55 434
55 436
55 723646
56 71
56 76
56 190
56 191
56 723647
seqId 219
1 51
1 52
1 2054
1 2056
1 723648
2 76
2 433
2 434
2 436
2 723649
seqId 220
1 5
1 20
1 99
1 131
1 132
1 133
1 967
1 723650
2 3
2 5
2 20
2 46030
2 46032
2 723651
seqId 221
1 4
1 5
1 99
1 131
1 132
1 133
1 811
1 723652
2 3
2 4
2 5
2 4420
2 4422
2 723653
3 4
3 5
3 90
3 122
3 708
3 713
3 4766
3 12104
3 723654
4 2822
4 2823
4 2824
4 2826
4 723655
5 10
5 146
5 147
5 149
5 722
6 99
6 131
6 132
6 133
6 195
6 236
6 237
7 3
7 20
7 195
7 222
7 4204
7 723656
8 20
8 195
8 202
8 958
8 4207
8 723657
9 10
9 283
9 284
9 286
9 723658
10 99
10 131
10 132
10 133
10 195
10 237
10 723659
11 3
11 20
11 195
11 340
11 30366
11 30368
11 723660
12 158
12 159
12 160
12 162
12 427343
13 9
13 10
13 11
13 13
13 163
14 5
14 20
14 99
14 131
14 132
14 133
14 165
14 166
15 3
15 5
15 20
15 1320
15 1322
15 723661
16 5
16 84
16 91
16 93
16 121
16 702
16 703
16 705
16 9644
17 5
17 20
17 90
17 122
17 708
17 768
17 769
17 771
17 723662
18 3
18 5
18 20
18 1905
18 1907
18 723663
19 10
19 146
19 147
19 149
19 386189
20 20
20 85
20 99
20 195
20 2075
20 2077
20 723664
21 3
21 20
21 195
21 1320
21 3384
21 723665
22 90
22 121
22 122
22 702
22 2506
22 723666
23 10
23 378
23 379
23 381
23 723667
24 3
24 5
24 20
24 10801
24 10803
24 723668
25 5
25 99
25 131
25 132
25 133
25 135
25 171
25 723669
26 3
26 5
26 20
26 8688
26 8690
26 125617
27 2822
27 2823
27 2824
27 2826
27 403006
28 10
28 146
28 147
28 149
28 722
29 99
29 131
29 132
29 133
29 195
29 236
29 237
30 3
30 4
30 195
30 340
30 45823
30 45825
30 723670
31 76
31 342
31 343
31 345
31 612411
32 5
32 99
32 131
32 132
32 133
32 135
32 171
32 612412
33 3
33 4
33 5
33 38362
33 339259
33 723671
34 243
34 244
34 245
34 247
34 723672
35 4
35 5
35 99
35 131
35 132
35 133
35 152
35 9668
36 3
36 4
36 5
36 2487
36 54159
36 97621
36 723674
36 723675
37 230
37 231
37 232
37 234
37 173880
38 9
38 10
38 11
38 13
38 163
39 99
39 131
39 132
39 133
39 195
39 236
39 237
40 3
40 4
40 195
40 1998
40 6305
40 723676
41 76
41 342
41 343
41 345
41 723677
42 5
42 20
42 99
42 131
42 132
42 133
42 166
42 723678
43 3
43 5
43 20
43 222
43 224
43 723679
44 10
44 146
44 147
44 149
44 723680
45 5
45 99
45 131
45 132
45 133
45 135
45 171
45 723681
46 3
46 4
46 5
46 4507
46 4509
46 723682
47 230
47 231
47 232
47 234
47 723683
48 9
48 10
48 11
48 13
48 163
49 99
49 131
49 132
49 133
49 195
49 236
49 237
50 3
50 4
50 195
50 19020
50 19022
50 723684
51 9
51 10
51 11
51 13
51 723685
52 3
52 4
52 5
52 3162
52 5832
52 723686
53 76
53 342
53 343
53 345
53 723687
54 4
54 5
54 99
54 131
54 132
54 133
54 152
54 723688
55 3
55 4
55 5
55 8694
55 8696
55 723689
56 158
56 159
56 160
56 162
56 723690
57 9
57 10
57 11
57 13
57 163
58 5
58 20
58 99
58 131
58 132
58 133
58 165
58 166
59 3
59 5
59 20
59 222
59 224
59 723691
60 717
60 718
60 719
60 721
60 723692
61 10
61 146
61 147
61 149
61 722
62 5
62 20
62 99
62 131
62 132
62 133
62 165
62 166
63 3
63 5
63 20
63 13224
63 13226
63 723693
64 76
64 342
64 343
64 345
64 612429
65 5
65 27
65 99
65 131
65 132
65 133
65 135
65 723694
66 3
66 4
66 5
66 26362
66 26364
66 723695
67 230
67 231
67 232
67 234
67 723696
68 9
68 10
68 11
68 13
68 163
69 99
69 131
69 132
69 133
69 195
69 236
69 237
70 3
70 4
70 195
70 314091
70 314093
70 723697
71 660
71 9694
71 25604
71 160495
71 160496
72 76
72 413
72 414
72 416
72 723698
73 71
73 1639
73 1640
73 1642
73 2717
73 52894
74 99
74 131
74 132
74 133
74 195
74 237
74 125647
75 20
75 195
75 202
75 1888
75 1890
75 723699
76 3
76 20
76 195
76 1320
76 3384
76 723700
77 9
77 10
77 11
77 13
77 386221
78 67
78 71
78 6078
78 9551
78 9552
78 723701
79 67
79 857
79 145670
79 337029
79 719632
79 719633
79 723702
80 76
80 433
80 434
80 436
80 723703
81 71
81 76
81 190
81 191
81 723704
seqId 222
1 51
1 52
1 1705
1 1707
1 723705
2 76
2 433
2 434
2 436
2 723706
seqId 223
1 4
1 5
1 99
1 131
1 132
1 133
1 811
1 365689
2 3
2 4
2 5
2 26724
2 26726
2 723707
3 4
3 5
3 202
3 250
3 175825
3 723455
3 723708
seqId 224
1 90
1 121
1 122
1 587
1 12009
1 97224
1 118763
1 723710
2 99
2 131
2 132
2 133
2 195
2 237
2 386231
3 3
3 4
3 15
3 195
3 4121
3 723711
4 10
4 126
4 127
4 129
4 723712
5 5
5 20
5 99
5 131
5 132
5 133
5 166
5 173919
6 3
6 5
6 20
6 46030
6 46032
6 723713
7 76
7 342
7 343
7 345
7 173921
8 20
8 85
8 99
8 195
8 1589
8 2970
8 723714
9 3
9 20
9 195
9 1320
9 3384
9 723715
10 82
10 84
10 114
10 115
10 116
10 1361
10 602502
11 84
11 91
11 93
11 121
11 195
11 703
11 707
11 1858
11 723716
12 20
12 90
12 122
12 195
12 708
12 769
12 15104
12 44665
12 79110
12 425835
12 723717
13 9
13 10
13 24
13 26
13 27
13 723718
14 90
14 443
14 36172
14 78363
14 723719
15 5
15 99
15 131
15 132
15 133
15 135
15 171
15 723720
16 3
16 5
16 20
16 23785
16 28259
16 723721
17 5
17 20
17 72
17 82
17 84
17 115
17 116
17 765
17 1261
17 1262
17 1265
17 723722
18 158
18 159
18 160
18 162
18 723723
19 9
19 10
19 11
19 13
19 163
20 5
20 20
20 99
20 131
20 132
20 133
20 165
20 166
21 3
21 5
21 20
21 250
21 252
21 723724
22 90
22 121
22 122
22 4379
22 4381
22 723725
23 10
23 126
23 127
23 129
23 723726
24 99
24 131
24 132
24 133
24 195
24 237
24 723727
25 3
25 20
25 195
25 222
25 4204
25 723728
26 20
26 195
26 202
26 958
26 4207
26 723729
27 230
27 231
27 232
27 234
27 97746
28 9
28 10
28 11
28 13
28 163
29 99
29 131
29 132
29 133
29 195
29 236
29 237
30 3
30 20
30 195
30 102171
30 102173
30 723730
31 75
31 76
31 77
31 79
31 723731
32 3
32 5
32 20
32 10801
32 10803
32 723732
33 99
33 133
33 175
33 176
33 195
33 234
33 723733
34 3
34 4
34 195
34 4804
34 5101
34 723734
35 243
35 244
35 245
35 247
35 191573
36 3
36 20
36 195
36 340
36 30366
36 30368
36 723735
37 76
37 342
37 343
37 345
37 329640
38 3
38 4
38 5
38 3615
38 3617
38 9796
39 82
39 759
39 2852
39 2854
39 723736
40 99
40 131
40 132
40 133
40 195
40 237
40 723737
41 3
41 4
41 195
41 340
41 45823
41 45825
41 723738
42 82
42 83
42 84
42 115
42 195
42 1824
42 3593
42 723739
43 84
43 90
43 91
43 93
43 121
43 195
43 768
43 23861
43 723740
44 3
44 4
44 5
44 86695
44 86697
44 723741
45 71
45 76
45 190
45 191
45 723742
seqId 225
1 10
1 146
1 1026
1 1539
1 723743
2 3
2 5
2 20
2 219729
2 219731
2 529680
3 9
3 10
3 11
3 13
3 723744
4 4
4 5
4 99
4 131
4 132
4 133
4 152
4 723745
5 3
5 4
5 5
5 44971
5 44973
5 723746
6 4
6 5
6 202
6 97775
6 105369
6 106283
7 9
7 10
7 11
7 13
7 9822
8 4
8 5
8 99
8 131
8 132
8 133
8 152
8 220142
9 3
9 4
9 5
9 15
9 17
9 723747
10 10
10 109
10 110
10 112
10 723748
11 3
11 4
11 195
11 313
11 6526
11 723749
12 4
12 195
12 202
12 322
12 324
12 723750
13 76
13 342
13 343
13 345
13 723751
14 98
14 99
14 100
14 195
14 2073
14 723752
15 3
15 20
15 195
15 1320
15 3384
15 723753
16 84
16 90
16 91
16 93
16 121
16 195
16 14730
16 39860
16 723754
17 717
17 718
17 719
17 721
17 9835
18 10
18 146
18 147
18 149
18 722
19 5
19 20
19 99
19 131
19 132
19 133
19 165
19 166
20 3
20 5
20 20
20 10370
20 10372
20 723755
21 10
21 146
21 147
21 149
21 357316
22 90
22 443
22 9903
22 12062
22 723756
23 4
23 5
23 99
23 133
23 175
23 176
23 178
23 723757
24 3
24 4
24 5
24 36230
24 36232
24 723758
25 158
25 159
25 160
25 162
25 9840
26 9
26 10
26 11
26 13
26 163
27 5
27 20
27 99
27 131
27 132
27 133
27 165
27 166
28 3
28 5
28 20
28 250
28 252
28 723759
29 82
29 758
29 759
29 761
29 173977
30 5
30 84
30 90
30 91
30 93
30 121
30 2163
30 7359
30 723760
31 5
31 99
31 131
31 132
31 133
31 135
31 171
31 723761
32 3
32 4
32 5
32 4804
32 33065
32 723762
33 230
33 231
33 232
33 234
33 723763
34 9
34 10
34 11
34 13
34 163
35 99
35 131
35 132
35 133
35 195
35 236
35 237
36 3
36 4
36 195
36 6046
36 62963
36 723764
37 76
37 342
37 343
37 345
37 723765
38 10
38 2408
38 2410
38 10221
38 723766
39 82
39 84
39 114
39 115
39 116
39 1361
39 191639
40 90
40 443
40 1587
40 324708
40 324710
40 723768
41 717
41 718
41 719
41 721
41 529710
42 10
42 146
42 147
42 149
42 722
43 5
43 20
43 99
43 131
43 132
43 133
43 165
43 166
44 3
44 5
44 20
44 34150
44 34152
44 723769
45 9
45 10
45 11
45 13
45 723770
46 4
46 5
46 99
46 131
46 132
46 133
46 152
46 329684
47 3
47 4
47 5
47 19020
47 23943
47 723771
48 158
48 159
48 160
48 162
48 9863
49 9
49 10
49 11
49 13
49 163
50 5
50 20
50 99
50 131
50 132
50 133
50 165
50 166
51 3
51 5
51 20
51 9362
51 9364
51 723772
52 71
52 76
52 190
52 191
52 723773
seqId 226
1 10
1 283
1 3640
1 3642
1 306030
2 5
2 20
2 98
2 99
2 100
2 3961
2 723774
3 3
3 5
3 20
3 39897
3 39899
3 723775
4 76
4 342
4 343
4 345
4 723776
5 5
5 84
5 91
5 93
5 121
5 702
5 703
5 705
5 40483
6 5
6 20
6 122
6 703
6 707
6 708
6 710
6 173996
7 4
7 5
7 90
7 122
7 708
7 713
7 5094
7 5096
7 723777
8 243
8 244
8 245
8 247
8 723778
9 4
9 5
9 90
9 122
9 708
9 713
9 22166
9 170806
9 723779
10 4
10 5
10 99
10 131
10 132
10 133
10 152
10 723780
11 3
11 4
11 5
11 15
11 17
11 723781
12 10
12 126
12 127
12 129
12 357353
13 99
13 131
13 132
13 133
13 195
13 237
13 723782
14 3
14 4
14 195
14 340
14 6146
14 6148
14 723783
15 10
15 19644
15 19645
15 19647
15 723784
16 99
16 131
16 132
16 133
16 195
16 237
16 723785
17 3
17 20
17 195
17 389
17 391
17 723786
18 9
18 10
18 26
18 169
18 171
18 723787
19 3
19 5
19 20
19 5458
19 8342
19 723788
20 76
20 342
20 343
20 345
20 723789
21 4
21 5
21 90
21 122
21 708
21 713
21 11173
21 66856
21 723790
22 10
22 828
22 829
22 831
22 723791
23 5
23 99
23 131
23 132
23 133
23 135
23 171
23 723792
24 5
24 67
24 5492
24 5494
24 5495
24 723793
25 10
25 279
25 11672
25 11673
25 602581
26 4
26 5
26 99
26 131
26 132
26 133
26 152
26 125758
27 3
27 4
27 5
27 813
27 815
27 723794
28 9
28 10
28 26
28 169
28 171
28 723795
29 64
29 67
29 71
29 53047
29 53048
29 723796
30 67
30 26224
30 108368
30 719689
30 719690
30 723797
31 243
31 244
31 245
31 247
31 125764
32 67
32 71
32 6078
32 9551
32 9552
32 723798
33 67
33 857
33 145670
33 337029
33 719632
33 719633
33 723799
34 76
34 342
34 343
34 345
34 174027
35 10
35 283
35 284
35 286
35 723800
36 5
36 20
36 99
36 131
36 132
36 133
36 166
36 723801
37 3
37 5
37 20
37 4345
37 4347
37 723802
38 9
38 10
38 24
38 26
38 27
38 723803
39 5
39 20
39 99
39 133
39 175
39 176
39 1316
39 348892
40 3
40 5
40 20
40 4862
40 9651
40 723804
41 10
41 1605
41 1606
41 1608
41 125771
42 5
42 20
42 99
42 131
42 132
42 133
42 166
42 612540
43 3
43 5
43 20
43 14392
43 71969
43 723805
44 9
44 10
44 11
44 13
44 723806
45 3
45 4
45 5
45 1470
45 1472
45 723807
46 243
46 244
46 245
46 247
46 723808
47 9
47 10
47 26
47 169
47 171
47 723809
48 3
48 4
48 195
48 1395
48 1397
48 723810
49 9
49 10
49 11
49 13
49 723811
50 4
50 5
50 99
50 131
50 132
50 133
50 152
50 723812
51 3
51 4
51 5
51 17016
51 17018
51 723813
52 9
52 10
52 11
52 13
52 723814
53 3
53 4
53 5
53 17021
53 17023
53 723815
54 243
54 244
54 245
54 247
54 502244
55 5
55 27
55 99
55 131
55 132
55 133
55 135
55 723816
56 3
56 4
56 5
56 597
56 599
56 723817
57 67
57 72
57 603
57 792
57 9773
57 18319
57 21380
57 21381
57 723818
58 76
58 413
58 414
58 416
58 723819
59 99
59 133
59 175
59 176
59 195
59 5187
59 723820
60 3
60 4
60 195
60 37606
60 193431
60 723821
61 230
61 231
61 232
61 234
61 9946
62 9
62 10
62 11
62 13
62 163
63 99
63 131
63 132
63 133
63 195
63 236
63 237
64 3
64 4
64 195
64 2787
64 219839
64 538229
64 723822
65 3
65 4
65 5
65 4550
65 8014
65 723823
66 9
66 10
66 11
66 13
66 40537
67 3
67 4
67 5
67 6146
67 6148
67 723824
68 243
68 244
68 245
68 247
68 427546
69 9
69 10
69 24
69 26
69 27
69 723825
70 3
70 4
70 5
70 26362
70 26364
70 723826
71 75
71 76
71 77
71 79
71 723827
72 99
72 131
72 132
72 133
72 195
72 237
72 723828
73 3
73 20
73 195
73 13108
73 13110
73 723829
74 9
74 10
74 24
74 26
74 27
74 723830
75 5
75 20
75 99
75 133
75 175
75 176
75 1316
75 723831
76 3
76 5
76 20
76 278803
76 471745
76 723832
77 9
77 10
77 24
77 26
77 27
77 723833
78 3
78 20
78 195
78 50764
78 399165
78 723834
79 5
79 20
79 90
79 122
79 708
79 713
79 10941
79 43188
79 723835
80 9
80 10
80 11
80 13
80 723836
81 4
81 5
81 99
81 131
81 132
81 133
81 152
81 723837
82 3
82 4
82 5
82 11412
82 14762
82 723838
83 67
83 9179
83 38770
83 58543
83 723840
83 723841
83 723842
84 76
84 413
84 414
84 416
84 723843
85 51
85 72
85 195
85 55694
85 175012
85 723845
85 723846
86 76
86 433
86 434
86 436
86 723847
87 76
87 342
87 343
87 345
87 723848
88 3
88 4
88 5
88 3154
88 3156
88 723849
89 5
89 20
89 202
89 222
89 224
89 723850
90 243
90 244
90 245
90 247
90 723851
91 3
91 4
91 5
91 3162
91 5832
91 723852
92 76
92 342
92 343
92 345
92 723853
93 51
93 195
93 1851
93 1853
93 723854
94 71
94 76
94 190
94 191
94 723855
seqId 227
1 71
1 509
1 1725
1 1726
1 1728
1 723856
2 660
2 1622
2 1623
2 1625
2 723857
3 99
3 131
3 132
3 133
3 195
3 237
3 723858
4 3
4 20
4 195
4 1320
4 3384
4 529801
5 20
5 195
5 202
5 2553
5 24170
5 723859
6 9
6 10
6 11
6 13
6 723860
7 67
7 71
7 6078
7 9551
7 9552
7 723861
8 67
8 857
8 145670
8 337029
8 719632
8 719633
8 723862
9 76
9 433
9 434
9 436
9 723863
10 71
10 76
10 190
10 191
10 191770
seqId 228
1 10
1 828
1 1336
1 1539
1 723864
2 660
2 2210
2 2211
2 2213
2 723865
3 76
3 342
3 343
3 345
3 723866
4 5
4 20
4 99
4 133
4 175
4 176
4 1316
4 723867
5 3
5 5
5 20
5 2887
5 2889
5 723868
6 10
6 126
6 127
6 129
6 723869
7 5
7 27
7 99
7 131
7 132
7 133
7 135
7 723870
8 3
8 5
8 20
8 23785
8 28259
8 723871
9 158
9 159
9 160
9 162
9 464864
10 9
10 10
10 11
10 13
10 163
11 5
11 20
11 99
11 131
11 132
11 133
11 165
11 166
12 3
12 5
12 20
12 250
12 252
12 723872
13 5
13 20
13 202
13 7602
13 23462
13 723873
14 2822
14 2823
14 2824
14 2826
14 10014
15 10
15 146
15 147
15 149
15 722
16 99
16 131
16 132
16 133
16 195
16 236
16 237
17 3
17 4
17 195
17 340
17 6146
17 6148
17 723874
18 5
18 84
18 91
18 93
18 121
18 702
18 703
18 705
18 723875
19 5
19 20
19 122
19 703
19 707
19 708
19 710
19 723876
20 5
20 20
20 90
20 122
20 708
20 713
20 2832
20 5688
20 723877
21 10
21 146
21 147
21 149
21 220311
22 4
22 5
22 99
22 131
22 132
22 133
22 152
22 723878
23 3
23 4
23 5
23 4447
23 4449
23 174127
24 9
24 10
24 11
24 13
24 723879
25 5
25 99
25 131
25 132
25 133
25 135
25 171
25 723880
26 3
26 4
26 5
26 729
26 4454
26 464875
27 51
27 195
27 1851
27 1853
27 723881
28 71
28 76
28 190
28 191
28 723882
seqId 229
1 3
1 5
1 20
1 1026
1 1104
1 9565
1 28544
1 723883
2 51
2 52
2 1427
2 1962
2 97948
seqId 230
1 76
1 592
1 593
1 595
1 191796
2 99
2 131
2 132
2 133
2 195
2 1220
2 53156
3 3
3 4
3 195
3 33489
3 34524
3 723884
4 9
4 10
4 11
4 13
4 403221
5 5
5 27
5 99
5 131
5 132
5 133
5 135
5 723885
6 3
6 5
6 20
6 72
6 49464
6 218012
6 723887
6 723888
seqId 231
1 3
1 5
1 20
1 34139
1 146946
1 723890
1 723891
2 9
2 10
2 11
2 13
2 723892
3 4
3 5
3 99
3 131
3 132
3 133
3 152
3 329845
4 3
4 4
4 5
4 39435
4 39437
4 723893
5 76
5 342
5 343
5 345
5 723894
6 3
6 4
6 5
6 222444
6 222446
6 723895
7 158
7 159
7 160
7 162
7 723896
8 9
8 10
8 11
8 13
8 163
9 5
9 20
9 99
9 131
9 132
9 133
9 165
9 166
10 3
10 5
10 20
10 22488
10 22490
10 723897
11 158
11 159
11 160
11 162
11 723898
12 9
12 10
12 11
12 13
12 163
13 5
13 20
13 99
13 131
13 132
13 133
13 165
13 166
14 3
14 5
14 20
14 1320
14 1322
14 723899
15 243
15 244
15 245
15 247
15 723900
16 3
16 4
16 5
16 4002
16 4004
16 723901
17 230
17 231
17 232
17 234
17 723902
18 9
18 10
18 11
18 13
18 163
19 99
19 131
19 132
19 133
19 195
19 236
19 237
20 3
20 4
20 195
20 3419
20 3421
20 723903
21 76
21 342
21 343
21 345
21 723904
22 3
22 4
22 5
22 3989
22 16983
22 34778
22 34780
22 723905
23 230
23 231
23 232
23 234
23 723906
24 9
24 10
24 11
24 13
24 163
25 99
25 131
25 132
25 133
25 195
25 236
25 237
26 3
26 4
26 195
26 247798
26 247800
26 723907
27 4
27 195
27 202
27 322
27 324
27 723908
28 76
28 342
28 343
28 345
28 191840
29 20
29 195
29 202
29 6111
29 9710
29 723909
30 84
30 91
30 93
30 121
30 195
30 703
30 707
30 1858
30 723910
31 99
31 131
31 132
31 133
31 195
31 237
31 349010
32 51
32 195
32 1368
32 1370
32 723911
33 3
33 20
33 195
33 272
33 6282
33 723912
34 10
34 283
34 284
34 286
34 723913
35 20
35 82
35 195
35 759
35 1432
35 4333
35 723914
36 99
36 131
36 132
36 133
36 195
36 237
36 723915
37 3
37 4
37 195
37 33489
37 34524
37 723916
38 9
38 10
38 11
38 13
38 10110
39 5
39 27
39 99
39 131
39 132
39 133
39 135
39 502345
40 3
40 5
40 20
40 23785
40 54281
40 723917
41 5
41 20
41 202
41 322
41 36035
41 723918
42 84
42 91
42 93
42 121
42 195
42 702
42 703
42 1062
42 723919
43 5
43 20
43 90
43 122
43 708
43 769
43 3744
43 3746
43 427629
44 5
44 20
44 99
44 133
44 175
44 176
44 1316
44 10115
45 3
45 5
45 20
45 25868
45 102486
45 723920
46 5
46 20
46 202
46 1601
46 1603
46 413116
47 71
47 76
47 190
47 191
47 723921
seqId 232
1 51
1 52
1 680
1 1993
1 723922
2 76
2 433
2 434
2 436
2 723923
3 3
3 5
3 20
3 34139
3 146946
3 723891
3 723924
4 9
4 10
4 11
4 13
4 220368
5 4
5 5
5 99
5 131
5 132
5 133
5 152
5 723925
6 3
6 4
6 5
6 39435
6 39437
6 723926
seqId 233
1 27
1 82
1 84
1 114
1 115
1 116
1 310
1 723927
2 90
2 443
2 37175
2 37177
2 723928
3 10
3 146
3 147
3 149
3 125921
4 5
4 20
4 99
4 133
4 175
4 176
4 1316
4 125922
5 5
5 20
5 202
5 6111
5 6113
5 723929
6 3
6 5
6 20
6 34139
6 34140
6 723930
7 76
7 342
7 343
7 345
7 723931
8 5
8 20
8 27
8 82
8 84
8 98
8 100
8 2487
8 723932
9 5
9 84
9 91
9 93
9 121
9 703
9 707
9 956
9 723933
10 72
10 90
10 279
10 443
10 723935
10 723936
10 723937
11 944
11 945
11 946
11 948
11 723938
12 4
12 85
12 99
12 195
12 1589
12 1591
12 723939
13 3
13 4
13 195
13 3419
13 3421
13 723940
14 82
14 83
14 84
14 109
14 112
14 115
14 134846
15 84
15 91
15 93
15 121
15 195
15 703
15 707
15 1858
15 723941
16 4
16 90
16 122
16 195
16 340
16 708
16 713
16 92104
16 723943
16 723944
17 71
17 76
17 190
17 191
17 464966
seqId 234
1 10
1 146
1 1024
1 1026
1 723945
2 5
2 20
2 90
2 122
2 708
2 769
2 2081
2 2083
2 723946
3 443
3 703
3 707
3 2086
3 723947
4 4
4 5
4 90
4 122
4 708
4 713
4 1104
4 11082
4 11084
4 723949
5 5
5 27
5 99
5 131
5 132
5 133
5 135
5 723950
6 3
6 4
6 5
6 24687
6 24689
6 723951
7 10
7 3221
7 53306
7 53308
7 602710
8 4
8 5
8 82
8 759
8 1432
8 1434
8 723952
9 5
9 27
9 99
9 131
9 132
9 133
9 135
9 403290
10 3
10 4
10 5
10 3268
10 3270
10 723953
11 230
11 231
11 232
11 234
11 602712
12 9
12 10
12 11
12 13
12 163
13 99
13 131
13 132
13 133
13 195
13 236
13 237
14 3
14 20
14 195
14 76785
14 76787
14 723954
15 9
15 10
15 11
15 13
15 10170
16 3
16 4
16 5
16 38050
16 38052
16 723955
17 20
17 90
17 122
17 195
17 340
17 708
17 713
17 20465
17 23982
17 723956
18 660
18 1796
18 1797
18 1799
18 723957
19 10
19 828
19 829
19 831
19 723958
20 4
20 5
20 99
20 131
20 132
20 133
20 152
20 174265
21 3
21 4
21 5
21 4002
21 4004
21 723959
22 4
22 5
22 202
22 322
22 22672
22 723960
23 944
23 945
23 946
23 948
23 723961
24 10
24 828
24 829
24 831
24 10182
25 5
25 27
25 99
25 131
25 132
25 133
25 135
25 723962
26 3
26 4
26 5
26 44916
26 44918
26 723963
27 4
27 5
27 202
27 322
27 22672
27 723964
28 5
28 84
28 91
28 93
28 121
28 703
28 707
28 956
28 366040
29 4
29 5
29 202
29 2742
29 16528
29 366041
30 10
30 146
30 147
30 149
30 723965
31 90
31 443
31 36172
31 78363
31 723966
32 4
32 5
32 99
32 131
32 132
32 133
32 152
32 602727
33 3
33 4
33 5
33 3441
33 33896
33 672630
34 230
34 231
34 232
34 234
34 723967
35 9
35 10
35 11
35 13
35 163
36 99
36 131
36 132
36 133
36 195
36 236
36 237
37 3
37 20
37 195
37 1650
37 4819
37 723968
38 82
38 759
38 944
38 948
38 403312
39 84
39 90
39 91
39 93
39 121
39 195
39 4379
39 13099
39 386517
40 98
40 99
40 100
40 195
40 2073
40 329952
41 3
41 4
41 195
41 347
41 349
41 723969
42 76
42 413
42 414
42 416
42 723970
43 660
43 6695
43 6696
43 6698
43 723971
44 5
44 20
44 82
44 84
44 100
44 4680
44 7814
44 723972
45 9
45 10
45 24
45 26
45 27
45 723973
46 3
46 4
46 5
46 33143
46 35839
46 723975
46 723976
47 76
47 433
47 434
47 436
47 220435
48 660
48 976
48 979
48 1458
48 723977
49 944
49 945
49 946
49 948
49 723978
50 4
50 5
50 99
50 131
50 132
50 133
50 152
50 672643
51 3
51 4
51 5
51 33368
51 33370
51 723979
52 230
52 231
52 232
52 234
52 723980
53 9
53 10
53 11
53 13
53 163
54 99
54 131
54 132
54 133
54 195
54 236
54 237
55 3
55 20
55 195
55 222
55 4204
55 723981
56 27
56 82
56 759
56 944
56 1463
56 723982
57 4
57 82
57 83
57 84
57 115
57 195
57 1824
57 3621
57 349103
58 84
58 90
58 91
58 93
58 121
58 195
58 5073
58 247481
58 723983
59 2822
59 2823
59 2824
59 2826
59 529939
60 10
60 146
60 147
60 149
60 722
61 99
61 131
61 132
61 133
61 195
61 236
61 237
62 3
62 4
62 195
62 3419
62 3421
62 723984
63 76
63 413
63 414
63 416
63 723985
64 5
64 99
64 115
64 773
64 775
64 776
64 2192
64 3593
64 723986
65 3
65 4
65 5
65 960
65 4737
65 723988
65 723989
66 76
66 433
66 434
66 436
66 306292
67 71
67 76
67 190
67 191
67 723990
seqId 235
1 5
1 20
1 27
1 36
1 82
1 84
1 98
1 100
1 529946
2 5
2 84
2 91
2 93
2 121
2 703
2 707
2 956
2 723991
3 660
3 976
3 977
3 979
3 10256
4 27
4 944
4 945
4 1463
4 3308
4 723992
5 660
5 918
5 921
5 941
5 125997
6 944
6 945
6 946
6 948
6 723993
7 5
7 20
7 99
7 131
7 132
7 133
7 166
7 10262
8 3
8 5
8 20
8 13358
8 28067
8 723994
9 5
9 20
9 202
9 13322
9 13324
9 329980
10 27
10 82
10 84
10 114
10 115
10 116
10 118
10 723995
11 82
11 83
11 84
11 109
11 112
11 115
11 357583
12 5
12 84
12 90
12 91
12 93
12 121
12 7785
12 46773
12 403347
13 10
13 146
13 147
13 149
13 672661
14 4
14 5
14 99
14 133
14 175
14 176
14 178
14 672662
15 3
15 4
15 5
15 24032
15 24034
15 723996
16 4
16 5
16 202
16 47432
16 47434
16 723997
17 9
17 10
17 11
17 13
17 723998
18 5
18 27
18 99
18 131
18 132
18 133
18 135
18 723999
19 3
19 5
19 20
19 13830
19 14171
19 126010
20 76
20 342
20 343
20 345
20 126011
21 10
21 146
21 149
21 1539
21 724000
22 90
22 443
22 1334
22 8849
22 349135
23 9
23 10
23 11
23 13
23 724001
24 4
24 5
24 99
24 131
24 132
24 133
24 152
24 724002
25 3
25 4
25 5
25 26959
25 49967
25 724003
26 9
26 10
26 11
26 13
26 724004
27 3
27 4
27 5
27 14363
27 14365
27 724005
28 76
28 342
28 343
28 345
28 724006
29 5
29 20
29 99
29 131
29 132
29 133
29 166
29 502435
30 3
30 5
30 20
30 222
30 224
30 724007
31 9
31 10
31 11
31 13
31 40777
32 5
32 27
32 99
32 131
32 132
32 133
32 135
32 40778
33 3
33 4
33 5
33 18373
33 18375
33 724008
34 4
34 5
34 202
34 1403
34 7713
34 724009
35 82
35 83
35 84
35 109
35 112
35 115
35 724010
36 5
36 84
36 90
36 91
36 93
36 121
36 9903
36 10728
36 724011
37 4
37 5
37 99
37 133
37 175
37 176
37 178
37 724012
38 3
38 4
38 5
38 35824
38 35826
38 724013
39 4
39 5
39 90
39 122
39 708
39 713
39 31757
39 31759
39 724014
40 76
40 342
40 343
40 345
40 220493
41 4
41 5
41 90
41 122
41 708
41 713
41 33961
41 33963
41 724015
42 10
42 126
42 127
42 129
42 724016
43 4
43 5
43 99
43 131
43 132
43 133
43 152
43 502448
44 3
44 4
44 5
44 207262
44 339707
44 502449
45 244
45 418
45 419
45 421
45 403373
46 660
46 2509
46 2510
46 2512
46 386573
47 5
47 27
47 99
47 131
47 132
47 133
47 135
47 724017
48 3
48 4
48 5
48 55065
48 104238
48 724018
49 9
49 10
49 11
49 13
49 724019
50 3
50 4
50 5
50 122720
50 233472
50 724020
51 4
51 5
51 202
51 322
51 22672
51 724021
52 71
52 76
52 190
52 191
52 724022
seqId 236
1 4
1 5
1 99
1 133
1 175
1 176
1 5129
1 220505
2 3
2 4
2 5
2 10248
2 10250
2 724023
3 5
3 84
3 91
3 93
3 121
3 702
3 703
3 705
3 724024
4 5
4 20
4 122
4 703
4 707
4 708
4 710
4 724025
5 4
5 5
5 90
5 122
5 708
5 713
5 4243
5 4245
5 724026
6 10
6 146
6 147
6 149
6 724027
7 98
7 99
7 100
7 195
7 2073
7 403382
8 3
8 4
8 195
8 4249
8 26359
8 724028
9 76
9 342
9 343
9 345
9 724029
10 82
10 758
10 759
10 761
10 724030
11 5
11 84
11 91
11 93
11 121
11 702
11 703
11 705
11 724031
12 5
12 20
12 90
12 122
12 708
12 769
12 5568
12 5570
12 724032
13 13
13 99
13 133
13 175
13 176
13 195
13 672703
14 20
14 195
14 202
14 1888
14 1890
14 724033
15 3
15 20
15 195
15 19318
15 19320
15 98182
16 76
16 413
16 414
16 416
16 724034
17 67
17 699
17 98611
17 719666
17 719667
17 724035
18 67
18 48608
18 56132
18 120595
18 273102
18 273103
18 724036
19 76
19 342
19 343
19 345
19 724037
20 76
20 137
20 138
20 140
20 10345
21 5
21 27
21 99
21 131
21 132
21 133
21 699
21 724038
22 3
22 5
22 20
22 13830
22 14171
22 724039
23 243
23 244
23 245
23 247
23 724040
24 4
24 5
24 99
24 131
24 132
24 133
24 152
24 724041
25 3
25 4
25 5
25 8694
25 8696
25 724042
26 4
26 5
26 202
26 322
26 22672
26 724043
27 76
27 185
27 186
27 188
27 724044
28 76
28 433
28 434
28 436
28 330036
29 71
29 76
29 190
29 191
29 330037
seqId 237
1 72
1 660
1 55166
1 55169
1 280009
1 328496
1 724045
2 660
2 1513
2 1514
2 1516
2 349183
3 4
3 5
3 90
3 122
3 708
3 713
3 2653
3 93132
3 724046
4 10
4 146
4 147
4 149
4 357648
5 4
5 5
5 99
5 131
5 132
5 133
5 152
5 330043
6 3
6 4
6 5
6 4249
6 4251
6 724047
7 158
7 159
7 160
7 162
7 330046
8 9
8 10
8 11
8 13
8 163
9 5
9 20
9 99
9 131
9 132
9 133
9 165
9 166
10 3
10 5
10 20
10 34139
10 34140
10 724048
11 9
11 10
11 11
11 13
11 40848
12 4
12 5
12 99
12 131
12 132
12 133
12 152
12 724049
13 3
13 4
13 5
13 39435
13 39437
13 174427
14 4
14 5
14 99
14 133
14 175
14 176
14 178
14 724050
15 3
15 4
15 5
15 10248
15 10250
15 502482
16 10
16 109
16 110
16 112
16 386612
17 3
17 5
17 20
17 389
17 391
17 724051
18 9
18 10
18 11
18 13
18 672732
19 3
19 4
19 5
19 154
19 156
19 724052
20 82
20 758
20 759
20 761
20 724053
21 27
21 82
21 84
21 114
21 115
21 116
21 118
21 724054
22 5
22 84
22 90
22 91
22 93
22 121
22 79110
22 135238
22 724055
23 9
23 10
23 24
23 26
23 27
23 724056
24 90
24 443
24 94536
24 94538
24 724057
25 4
25 5
25 99
25 131
25 132
25 133
25 152
25 63162
26 3
26 4
26 5
26 33037
26 33039
26 724058
27 230
27 231
27 232
27 234
27 724059
28 9
28 10
28 11
28 13
28 163
29 99
29 131
29 132
29 133
29 195
29 236
29 237
30 3
30 20
30 195
30 222
30 4204
30 724060
31 10
31 109
31 110
31 112
31 724061
32 3
32 4
32 5
32 4550
32 8014
32 724062
33 9
33 10
33 11
33 13
33 724063
34 3
34 4
34 5
34 8694
34 8696
34 724064
35 4
35 5
35 202
35 322
35 22672
35 724065
36 76
36 413
36 414
36 416
36 220556
37 67
37 71
37 1026
37 18413
37 18414
37 724066
38 67
38 811
38 11572
38 11573
38 11575
38 724067
39 76
39 433
39 434
39 436
39 724068
40 71
40 76
40 190
40 191
40 724069
seqId 238
1 51
1 52
1 2054
1 2056
1 724070
2 76
2 433
2 434
2 436
2 612836
3 3
3 4
3 5
3 9819
3 222444
3 264341
3 724072
4 158
4 159
4 160
4 162
4 366181
5 9
5 10
5 11
5 13
5 163
6 5
6 20
6 99
6 131
6 132
6 133
6 165
6 166
7 3
7 5
7 20
7 22488
7 22490
7 724073
8 158
8 159
8 160
8 162
8 330078
9 9
9 10
9 11
9 13
9 163
10 5
10 20
10 99
10 131
10 132
10 133
10 165
10 166
11 3
11 5
11 20
11 1320
11 1322
11 724074
12 243
12 244
12 245
12 247
12 530045
13 3
13 4
13 5
13 4002
13 4004
13 724075
14 230
14 231
14 232
14 234
14 349222
15 9
15 10
15 11
15 13
15 163
16 99
16 131
16 132
16 133
16 195
16 236
16 237
17 3
17 4
17 195
17 3419
17 3421
17 724076
seqId 239
1 99
1 131
1 132
1 133
1 195
1 1220
1 349224
2 3
2 4
2 195
2 18773
2 20364
2 530051
3 4
3 195
3 202
3 1399
3 1401
3 724077
4 4
4 195
4 202
4 27620
4 27622
4 724078
5 9
5 10
5 11
5 13
5 427810
6 90
6 443
6 439789
6 439925
6 724079
7 98
7 99
7 100
7 195
7 2073
7 724080
8 51
8 195
8 1501
8 1503
8 724081
9 3
9 20
9 195
9 1650
9 4819
9 724082
10 76
10 413
10 414
10 416
10 724083
11 3
11 4
11 5
11 1692
11 33213
11 349134
11 724085
11 724086
12 76
12 433
12 434
12 436
12 724087
13 84
13 91
13 93
13 121
13 195
13 702
13 703
13 1062
13 357708
14 5
14 20
14 122
14 703
14 707
14 708
14 710
14 724088
15 4
15 90
15 122
15 195
15 708
15 713
15 1345
15 22505
15 403457
16 10
16 109
16 110
16 112
16 724089
17 3
17 5
17 20
17 22348
17 22350
17 724090
18 10
18 146
18 149
18 2548
18 465131
19 3
19 5
19 20
19 38959
19 38961
19 724091
20 20
20 85
20 99
20 195
20 1589
20 2970
20 724092
21 3
21 20
21 195
21 1320
21 3384
21 724093
22 76
22 342
22 343
22 345
22 724094
23 20
23 82
23 195
23 759
23 1432
23 4333
23 724095
24 82
24 84
24 114
24 115
24 116
24 1361
24 502544
25 84
25 91
25 93
25 121
25 195
25 703
25 707
25 1858
25 724096
26 20
26 90
26 122
26 195
26 340
26 708
26 769
26 11097
26 11099
26 724097
27 10
27 126
27 127
27 129
27 126140
28 5
28 27
28 99
28 131
28 132
28 133
28 135
28 724098
29 3
29 4
29 5
29 22971
29 38820
29 724099
30 4
30 5
30 202
30 27270
30 64023
30 724100
31 75
31 76
31 77
31 79
31 427833
32 660
32 2906
32 19025
32 36107
32 724101
33 90
33 443
33 824
33 9665
33 724102
34 2822
34 2823
34 2824
34 2826
34 724103
35 10
35 146
35 147
35 149
35 722
36 99
36 131
36 132
36 133
36 195
36 236
36 237
37 3
37 20
37 195
37 34294
37 34296
37 724104
38 5
38 20
38 99
38 131
38 132
38 133
38 166
38 724105
39 3
39 5
39 20
39 12014
39 12016
39 724106
40 5
40 20
40 202
40 7325
40 103815
40 724107
41 9
41 10
41 11
41 13
41 724108
42 3
42 4
42 195
42 99674
42 99676
42 724109
43 4
43 195
43 202
43 2553
43 29601
43 724110
44 82
44 758
44 759
44 761
44 724111
45 84
45 90
45 91
45 93
45 121
45 195
45 755
45 1586
45 126587
45 724112
46 4
46 5
46 99
46 131
46 132
46 133
46 152
46 174518
47 3
47 4
47 5
47 4737
47 504092
47 504094
47 724113
48 230
48 231
48 232
48 234
48 724114
49 9
49 10
49 11
49 13
49 163
50 99
50 131
50 132
50 133
50 195
50 236
50 237
51 3
51 4
51 195
51 2567
51 41688
51 724115
52 9
52 10
52 11
52 13
52 724116
53 3
53 5
53 20
53 1320
53 1322
53 724117
54 76
54 2911
54 2912
54 2914
54 724118
seqId 240
1 90
1 443
1 2832
1 326940
1 724119
2 4
2 5
2 99
2 131
2 132
2 133
2 152
2 724120
3 3
3 4
3 5
3 2902
3 107236
3 724122
3 724123
4 230
4 231
4 232
4 234
4 724124
5 9
5 10
5 11
5 13
5 163
6 99
6 131
6 132
6 133
6 195
6 236
6 237
7 3
7 20
7 195
7 222
7 4204
7 724125
8 20
8 90
8 122
8 708
8 713
8 17975
8 40687
8 724126
9 5
9 84
9 90
9 91
9 93
9 121
9 1509
9 16289
9 724127
10 4
10 5
10 99
10 133
10 175
10 176
10 178
10 413354
11 4
11 5
11 202
11 784
11 786
11 724128
12 3
12 4
12 5
12 5331
12 5333
12 724129
13 76
13 413
13 414
13 416
13 724130
14 71
14 1639
14 1642
14 2717
14 5178
14 174542
15 99
15 131
15 132
15 133
15 195
15 237
15 53533
16 3
16 20
16 195
16 2004
16 11847
16 40977
17 67
17 452
17 15151
17 15152
17 724131
18 67
18 22218
18 22219
18 22221
18 724132
19 67
19 13403
19 301049
19 719839
19 719840
19 724133
20 243
20 244
20 245
20 247
20 63263
21 9
21 10
21 11
21 13
21 126192
22 67
22 51608
22 51609
22 51611
22 724134
23 67
23 857
23 145670
23 337029
23 719632
23 719633
23 724135
24 20
24 90
24 122
24 195
24 708
24 713
24 7602
24 29111
24 724136
25 2822
25 2823
25 2824
25 2826
25 40993
26 10
26 146
26 147
26 149
26 722
27 99
27 131
27 132
27 133
27 195
27 236
27 237
28 3
28 4
28 195
28 3707
28 41983
28 126198
29 9
29 10
29 11
29 13
29 135125
30 3
30 4
30 5
30 2902
30 107236
30 724122
30 724137
31 243
31 244
31 245
31 247
31 724138
32 9
32 10
32 11
32 13
32 41001
33 3
33 20
33 195
33 12684
33 12686
33 724139
34 20
34 195
34 202
34 5516
34 6792
34 724140
35 76
35 433
35 434
35 436
35 724141
36 71
36 76
36 190
36 191
36 41006
seqId 241
1 4
1 5
1 99
1 133
1 175
1 176
1 5129
1 366289
2 3
2 4
2 5
2 10248
2 10250
2 724142
3 10
3 109
3 110
3 112
3 724143
4 3
4 4
4 5
4 4298
4 4300
4 724144
5 9
5 10
5 24
5 26
5 27
5 724145
6 3
6 5
6 20
6 47350
6 47352
6 724146
7 27
7 82
7 84
7 114
7 115
7 116
7 118
7 220689
8 5
8 84
8 90
8 91
8 93
8 121
8 33058
8 33876
8 403532
9 10
9 146
9 147
9 149
9 427889
10 90
10 443
10 3446
10 3448
10 724147
11 660
11 2347
11 2348
11 2350
11 386727
12 660
12 6286
12 6287
12 6289
12 724148
13 99
13 131
13 132
13 133
13 195
13 237
13 724149
14 3
14 4
14 195
14 33489
14 34524
14 724150
15 9
15 10
15 11
15 13
15 724151
16 4
16 5
16 99
16 131
16 132
16 133
16 152
16 465213
17 3
17 4
17 5
17 8694
17 8696
17 724152
18 4
18 5
18 202
18 322
18 22672
18 724153
19 4
19 5
19 202
19 60847
19 60849
19 724154
20 76
20 342
20 343
20 345
20 724155
21 479
21 660
21 168882
21 193410
21 193411
21 724156
22 230
22 231
22 232
22 234
22 724157
23 9
23 10
23 11
23 13
23 163
24 99
24 131
24 132
24 133
24 195
24 236
24 237
25 3
25 4
25 195
25 340
25 8356
25 8358
25 724158
26 4
26 195
26 202
26 340
26 5516
26 5518
26 724159
27 76
27 413
27 414
27 416
27 724160
28 5
28 27
28 99
28 131
28 132
28 133
28 135
28 724161
29 3
29 5
29 20
29 824
29 20556
29 724162
30 5
30 84
30 90
30 91
30 93
30 121
30 28320
30 120720
30 724163
31 5
31 20
31 72
31 82
31 83
31 84
31 115
31 595
31 763
31 1186
31 7291
31 724164
32 99
32 115
32 195
32 773
32 774
32 775
32 776
32 3400
32 98405
33 3
33 4
33 195
33 53612
33 99674
33 99676
34 76
34 2911
34 2912
34 2914
34 724165
35 76
35 433
35 434
35 436
35 357814
36 76
36 413
36 414
36 416
36 724166
37 67
37 70
37 71
37 64117
37 64118
37 724167
38 67
38 115852
38 196049
38 196050
38 724168
39 67
39 46444
39 393086
39 724170
39 724171
39 724172
40 76
40 433
40 434
40 436
40 724173
41 71
41 76
41 190
41 191
41 724174
seqId 242
1 660
1 5049
1 7881
1 7883
1 724175
2 76
2 342
2 343
2 345
2 724176
3 4
3 5
3 99
3 133
3 175
3 176
3 178
3 724177
4 3
4 4
4 5
4 3691
4 3693
4 724178
5 27
5 82
5 84
5 114
5 115
5 116
5 118
5 724179
6 5
6 84
6 90
6 91
6 93
6 121
6 10666
6 33495
6 215437
7 10
7 109
7 110
7 112
7 53621
8 3
8 5
8 20
8 468618
8 468620
8 724180
9 10
9 126
9 127
9 129
9 724181
10 4
10 5
10 99
10 131
10 132
10 133
10 152
10 724182
11 3
11 4
11 5
11 4420
11 4422
11 63325
12 158
12 159
12 160
12 162
12 724183
13 9
13 10
13 11
13 13
13 163
14 5
14 20
14 99
14 131
14 132
14 133
14 165
14 166
15 3
15 5
15 20
15 1320
15 1322
15 724184
16 10
16 283
16 284
16 286
16 724185
17 5
17 20
17 99
17 131
17 132
17 133
17 166
17 724186
18 3
18 5
18 20
18 222
18 224
18 724187
19 158
19 159
19 160
19 162
19 349365
20 9
20 10
20 11
20 13
20 163
21 5
21 20
21 99
21 131
21 132
21 133
21 165
21 166
22 3
22 5
22 20
22 1320
22 1322
22 306569
23 76
23 413
23 414
23 416
23 724188
24 36
24 67
24 71
24 18488
24 18489
24 724189
25 67
25 51670
25 103365
25 719214
25 719215
25 724190
26 76
26 433
26 434
26 436
26 724191
27 243
27 244
27 245
27 247
27 357837
28 76
28 342
28 343
28 345
28 330279
29 10
29 146
29 149
29 1539
29 41095
30 90
30 443
30 1334
30 8849
30 724192
31 9
31 10
31 24
31 26
31 27
31 724193
32 4
32 5
32 99
32 133
32 175
32 176
32 178
32 724194
33 3
33 4
33 5
33 33173
33 33763
33 724195
34 4
34 5
34 202
34 623
34 625
34 626
34 724196
35 76
35 342
35 343
35 345
35 192278
36 10
36 126
36 127
36 129
36 98446
37 5
37 27
37 99
37 131
37 132
37 133
37 135
37 724197
38 3
38 4
38 5
38 897
38 899
38 724198
39 9
39 10
39 11
39 13
39 126280
40 3
40 5
40 20
40 1320
40 1322
40 724199
41 76
41 413
41 414
41 416
41 724200
42 71
42 1639
42 1640
42 1642
42 2717
42 63357
43 4
43 5
43 99
43 131
43 132
43 133
43 152
43 192284
44 3
44 4
44 5
44 7803
44 7805
44 724201
45 9
45 10
45 11
45 13
45 724202
46 5
46 27
46 99
46 131
46 132
46 133
46 135
46 174652
47 5
47 67
47 5492
47 5494
47 5495
47 724203
48 2822
48 2823
48 2824
48 2826
48 724204
49 10
49 146
49 147
49 149
49 722
50 99
50 131
50 132
50 133
50 195
50 236
50 237
51 42
51 67
51 195
51 461
51 135684
51 724205
52 67
52 37402
52 222558
52 222559
52 222561
52 724206
53 76
53 342
53 343
53 345
53 330309
54 5
54 20
54 90
54 122
54 708
54 769
54 981
54 983
54 724207
55 67
55 34242
55 34244
55 91090
55 724208
56 76
56 342
56 343
56 345
56 724209
57 10
57 146
57 149
57 2548
57 126294
58 3
58 5
58 20
58 38959
58 38961
58 724210
59 67
59 71
59 3204
59 3206
59 24193
59 724211
60 67
60 105664
60 112648
60 721416
60 721417
60 724212
61 243
61 244
61 245
61 247
61 724213
62 36
62 67
62 71
62 18488
62 18489
62 724214
63 67
63 51670
63 103365
63 719214
63 719215
63 724215
64 76
64 342
64 343
64 345
64 724216
65 3
65 20
65 195
65 2034
65 3403
65 724217
66 158
66 159
66 160
66 162
66 724218
67 9
67 10
67 11
67 13
67 163
68 5
68 20
68 99
68 131
68 132
68 133
68 165
68 166
69 3
69 5
69 20
69 1222
69 1281
69 724219
70 76
70 1267
70 1268
70 1270
70 724220
71 71
71 509
71 1639
71 1640
71 1642
71 724221
72 660
72 1513
72 1514
72 1516
72 724222
73 4
73 5
73 99
73 131
73 132
73 133
73 152
73 427969
74 3
74 4
74 5
74 7803
74 7805
74 724223
75 10
75 146
75 147
75 149
75 724224
76 99
76 133
76 175
76 176
76 195
76 234
76 174673
77 3
77 4
77 195
77 340
77 5256
77 5258
77 724225
78 4
78 195
78 202
78 340
78 32064
78 78111
78 82032
78 724227
78 724228
79 76
79 342
79 343
79 345
79 192317
80 660
80 976
80 979
80 1458
80 724229
81 944
81 945
81 946
81 948
81 724230
82 4
82 85
82 99
82 195
82 1951
82 1953
82 724231
83 3
83 4
83 195
83 8842
83 8844
83 724232
84 76
84 433
84 434
84 436
84 724233
85 71
85 76
85 190
85 191
85 724234
seqId 243
1 51
1 52
1 1705
1 1707
1 724235
2 76
2 433
2 434
2 436
2 724236
3 3
3 4
3 5
3 477
3 3989
3 34778
3 34780
3 724238
4 230
4 231
4 232
4 234
4 724239
5 9
5 10
5 11
5 13
5 163
6 99
6 131
6 132
6 133
6 195
6 236
6 237
7 3
7 4
7 195
7 247798
7 247800
7 724240
8 4
8 195
8 202
8 322
8 324
8 724241
seqId 244
1 10
1 360
1 11672
1 112736
1 724242
2 5
2 27
2 99
2 131
2 132
2 133
2 135
2 428003
3 3
3 4
3 5
3 780
3 782
3 724243
4 9
4 10
4 11
4 13
4 41168
5 5
5 27
5 99
5 131
5 132
5 133
5 135
5 724244
6 3
6 4
6 5
6 18373
6 18375
6 724245
7 4
7 5
7 202
7 1403
7 7713
7 724246
8 76
8 342
8 343
8 345
8 174709
9 5
9 20
9 99
9 131
9 132
9 133
9 166
9 10804
10 3
10 5
10 20
10 42748
10 42770
10 724247
11 9
11 10
11 24
11 26
11 27
11 724248
12 76
12 137
12 138
12 140
12 10806
13 3
13 5
13 20
13 49462
13 49464
13 724249
14 5
14 20
14 202
14 322
14 36035
14 724250
15 5
15 20
15 202
15 8973
15 47975
15 724251
16 76
16 185
16 186
16 188
16 174715
17 5
17 84
17 90
17 91
17 93
17 121
17 199023
17 620982
17 724252
18 5
18 20
18 98
18 99
18 100
18 102
18 349436
19 3
19 5
19 20
19 4919
19 4922
19 174719
20 82
20 759
20 41486
20 41488
20 724253
21 99
21 131
21 132
21 133
21 195
21 237
21 366426
22 3
22 20
22 195
22 13358
22 13360
22 724254
23 20
23 195
23 202
23 3001
23 7424
23 724255
24 9
24 10
24 11
24 13
24 724256
25 3
25 4
25 5
25 8694
25 8696
25 724257
26 4
26 5
26 202
26 322
26 22672
26 724258
27 84
27 90
27 93
27 121
27 195
27 3360
27 4621
27 4623
27 724259
28 90
28 443
28 2574
28 40541
28 724260
29 71
29 76
29 190
29 191
29 306658
seqId 245
1 5
1 20
1 82
1 83
1 84
1 115
1 763
1 3948
1 724261
2 5
2 84
2 90
2 93
2 121
2 3584
2 4621
2 5045
2 5047
2 724262
3 660
3 12693
3 12694
3 12696
3 724263
4 944
4 945
4 946
4 948
4 98544
5 99
5 131
5 132
5 133
5 195
5 237
5 41217
6 3
6 4
6 195
6 26959
6 27007
6 724264
7 9
7 10
7 24
7 26
7 27
7 724265
8 3
8 4
8 5
8 3181
8 3183
8 724266
9 230
9 231
9 232
9 234
9 724267
10 9
10 10
10 11
10 13
10 163
11 99
11 131
11 132
11 133
11 195
11 236
11 237
12 3
12 4
12 195
12 247798
12 247800
12 724268
13 84
13 90
13 91
13 93
13 121
13 195
13 4710
13 63059
13 63060
13 724270
13 724271
14 99
14 115
14 195
14 773
14 775
14 776
14 2192
14 2194
14 724272
15 3
15 20
15 195
15 230916
15 230918
15 724273
16 76
16 342
16 343
16 345
16 41232
17 90
17 121
17 122
17 2333
17 15757
17 724274
18 9
18 10
18 24
18 26
18 27
18 98572
19 90
19 443
19 1815
19 29773
19 724275
20 10
20 146
20 147
20 149
20 724276
21 5
21 20
21 98
21 99
21 100
21 102
21 428055
22 3
22 5
22 20
22 6686
22 6688
22 366466
23 5
23 20
23 202
23 7169
23 76875
23 724277
24 9
24 10
24 11
24 13
24 724278
25 3
25 4
25 5
25 49696
25 49698
25 724279
26 82
26 759
26 944
26 948
26 10897
27 5
27 84
27 90
27 91
27 93
27 121
27 1509
27 16289
27 724280
28 4
28 5
28 99
28 133
28 175
28 176
28 178
28 724281
29 3
29 4
29 5
29 29295
29 29297
29 724282
30 71
30 76
30 190
30 191
30 330445
seqId 246
1 945
1 2473
1 4518
1 4520
1 724283
2 5
2 20
2 99
2 133
2 175
2 176
2 1316
2 428066
3 5
3 20
3 202
3 6111
3 6113
3 724284
4 3
4 5
4 20
4 1892
4 37252
4 413537
5 5
5 84
5 91
5 93
5 121
5 702
5 703
5 705
5 724285
6 660
6 1305
6 1306
6 1308
6 220864
7 5
7 20
7 122
7 703
7 707
7 708
7 710
7 220865
8 660
8 231690
8 231691
8 231693
8 724286
9 5
9 20
9 90
9 122
9 708
9 713
9 25690
9 31544
9 724287
10 76
10 413
10 414
10 416
10 724288
11 71
11 1639
11 1642
11 2717
11 5178
11 724289
12 99
12 131
12 132
12 133
12 195
12 237
12 724290
13 3
13 20
13 195
13 1320
13 3384
13 724291
14 9
14 10
14 24
14 26
14 27
14 724292
15 67
15 71
15 71
15 1026
15 3213
15 724294
15 724295
15 724296
16 67
16 13403
16 301049
16 719839
16 719840
16 724297
17 76
17 433
17 434
17 436
17 220874
18 76
18 342
18 343
18 345
18 220875
19 5
19 20
19 99
19 133
19 175
19 176
19 1316
19 220876
20 3
20 5
20 20
20 3118
20 3120
20 349486
21 5
21 20
21 202
21 111655
21 111657
21 724298
22 5
22 84
22 90
22 91
22 93
22 914
22 68692
22 158022
22 724300
22 724301
22 724302
23 75
23 76
23 77
23 79
23 724303
24 5
24 20
24 99
24 2905
24 2906
24 178689
24 724304
25 3
25 5
25 20
25 31623
25 31625
25 724305
26 5
26 84
26 90
26 91
26 93
26 121
26 32078
26 41824
26 724306
27 660
27 30602
27 30603
27 30605
27 306716
28 5
28 20
28 99
28 131
28 132
28 133
28 166
28 724307
29 3
29 5
29 20
29 22365
29 22367
29 724308
30 5
30 20
30 202
30 80032
30 179728
30 724309
31 76
31 2911
31 2912
31 2914
31 403724
seqId 247
1 4
1 5
1 98
1 99
1 100
1 4105
1 724310
2 3
2 4
2 5
2 4249
2 4251
2 724311
3 5
3 84
3 91
3 93
3 121
3 702
3 703
3 705
3 349499
4 5
4 20
4 122
4 703
4 707
4 708
4 710
4 349500
5 4
5 5
5 90
5 122
5 708
5 713
5 1104
5 32374
5 44380
5 724312
6 660
6 2136
6 2137
6 2139
6 724313
7 9
7 10
7 24
7 26
7 27
7 724314
8 4
8 5
8 99
8 133
8 175
8 176
8 178
8 465379
9 3
9 4
9 5
9 6862
9 6864
9 724315
10 9
10 10
10 24
10 26
10 27
10 724316
11 3
11 4
11 5
11 1395
11 5941
11 724317
12 4
12 5
12 90
12 122
12 708
12 713
12 5400
12 13045
12 724318
13 76
13 137
13 138
13 140
13 724319
14 3
14 4
14 195
14 80032
14 460908
14 724320
15 243
15 244
15 245
15 247
15 724321
16 3
16 4
16 195
16 337
16 3929
16 724322
17 76
17 185
17 186
17 188
17 724323
18 76
18 342
18 343
18 345
18 192450
19 4
19 5
19 90
19 122
19 708
19 713
19 2832
19 7571
19 724324
20 10
20 828
20 829
20 831
20 724325
21 5
21 27
21 99
21 131
21 132
21 133
21 135
21 724326
22 5
22 67
22 5492
22 5494
22 5495
22 724327
23 76
23 342
23 343
23 345
23 724328
24 5
24 20
24 99
24 131
24 132
24 133
24 166
24 98654
25 5
25 51
25 10862
25 10864
25 724329
26 3
26 5
26 20
26 8779
26 8781
26 724330
27 51
27 195
27 1851
27 1853
27 724331
28 76
28 342
28 343
28 345
28 724332
29 10
29 279
29 11672
29 11673
29 724333
30 5
30 27
30 99
30 131
30 132
30 133
30 135
30 724334
31 3
31 4
31 5
31 158776
31 158778
31 428110
32 158
32 159
32 160
32 162
32 724335
33 9
33 10
33 11
33 13
33 163
34 5
34 20
34 99
34 131
34 132
34 133
34 165
34 166
35 3
35 5
35 20
35 17780
35 51835
35 724336
36 5
36 20
36 202
36 222
36 224
36 724337
37 76
37 342
37 343
37 345
37 98666
38 3
38 4
38 195
38 313
38 6526
38 41322
39 4
39 195
39 202
39 18773
39 20364
39 724338
40 71
40 76
40 190
40 191
40 724339
seqId 248
1 4
1 5
1 82
1 83
1 84
1 115
1 763
1 4750
1 724340
2 5
2 84
2 91
2 93
2 121
2 702
2 703
2 705
2 724341
3 5
3 20
3 90
3 122
3 708
3 769
3 11691
3 46225
3 724342
4 99
4 133
4 175
4 176
4 195
4 234
4 724343
5 3
5 20
5 195
5 340
5 16650
5 16652
5 306758
6 10
6 146
6 149
6 2548
6 220924
7 3
7 5
7 20
7 38959
7 38961
7 724344
8 99
8 131
8 132
8 133
8 195
8 237
8 403758
9 3
9 20
9 195
9 1320
9 3384
9 724345
10 9
10 10
10 24
10 26
10 27
10 724346
11 67
11 71
11 3204
11 3206
11 24193
11 724347
12 67
12 13525
12 37110
12 201018
12 719579
12 719580
12 724348
13 10
13 126
13 127
13 129
13 724349
14 76
14 137
14 138
14 140
14 724350
15 4
15 5
15 99
15 131
15 132
15 133
15 152
15 63572
16 3
16 4
16 5
16 5484
16 5486
16 724351
17 10
17 828
17 829
17 831
17 724352
18 99
18 131
18 132
18 133
18 195
18 237
18 11025
19 3
19 20
19 195
19 340
19 1832
19 1834
19 724353
20 76
20 185
20 186
20 188
20 724354
21 2822
21 2823
21 2824
21 2826
21 386979
22 10
22 146
22 147
22 149
22 722
23 99
23 131
23 132
23 133
23 195
23 236
23 237
24 3
24 20
24 195
24 174069
24 174071
24 724355
25 9
25 10
25 11
25 13
25 330526
26 4
26 5
26 99
26 131
26 132
26 133
26 152
26 724356
27 3
27 4
27 5
27 2196
27 2649
27 724357
28 4
28 5
28 202
28 625
28 30531
28 38915
28 42100
28 724359
29 158
29 159
29 160
29 162
29 724360
30 9
30 10
30 11
30 13
30 163
31 5
31 20
31 99
31 131
31 132
31 133
31 165
31 166
32 3
32 5
32 20
32 222
32 224
32 724361
33 5
33 20
33 202
33 322
33 36035
33 724362
34 76
34 342
34 343
34 345
34 724363
35 243
35 244
35 245
35 247
35 724364
36 10
36 126
36 127
36 129
36 11043
37 99
37 131
37 132
37 133
37 195
37 237
37 126482
38 3
38 20
38 195
38 33053
38 33055
38 724365
39 20
39 90
39 122
39 195
39 340
39 708
39 713
39 2990
39 2992
39 724366
40 717
40 718
40 719
40 721
40 724367
41 10
41 146
41 147
41 149
41 722
42 5
42 20
42 99
42 131
42 132
42 133
42 165
42 166
43 3
43 5
43 20
43 7633
43 7635
43 724368
44 230
44 231
44 232
44 234
44 724369
45 9
45 10
45 11
45 13
45 163
46 99
46 131
46 132
46 133
46 195
46 236
46 237
47 3
47 20
47 195
47 222
47 4204
47 724370
48 243
48 244
48 245
48 247
48 366574
49 3
49 20
49 195
49 11067
49 65491
49 724371
50 20
50 90
50 122
50 195
50 708
50 713
50 7704
50 39883
50 724372
51 71
51 76
51 190
51 191
51 724373
seqId 249
1 5
1 20
1 81
1 82
1 83
1 84
1 85
1 2423
1 41374
2 5
2 84
2 90
2 91
2 92
2 93
2 96
2 535
2 2653
2 16539
2 724375
3 76
3 342
3 343
3 345
3 724376
4 660
4 5049
4 5050
4 5052
4 724377
5 76
5 342
5 343
5 345
5 724378
6 2822
6 2823
6 2824
6 2826
6 724379
7 10
7 146
7 147
7 149
7 722
8 99
8 131
8 132
8 133
8 195
8 236
8 237
9 76
9 137
9 138
9 140
9 724380
10 3
10 4
10 195
10 33489
10 34524
10 724381
11 9
11 10
11 11
11 13
11 126500
12 5
12 27
12 99
12 131
12 132
12 133
12 135
12 724382
13 3
13 5
13 20
13 23785
13 54281
13 724383
14 5
14 20
14 202
14 322
14 36035
14 724384
15 76
15 185
15 186
15 188
15 673037
16 99
16 131
16 132
16 133
16 195
16 237
16 724385
17 51
17 195
17 1501
17 1503
17 724386
18 3
18 20
18 195
18 340
18 2887
18 2889
18 724387
19 20
19 72
19 90
19 122
19 195
19 708
19 713
19 5390
19 21424
19 32018
19 44665
19 724388
20 10
20 828
20 829
20 831
20 724389
21 5
21 27
21 99
21 131
21 132
21 133
21 135
21 724390
22 5
22 67
22 5492
22 5494
22 5495
22 724391
23 243
23 244
23 245
23 247
23 126511
24 5
24 20
24 99
24 131
24 132
24 133
24 166
24 724392
25 5
25 20
25 36
25 67
25 17718
25 611295
25 724394
25 724395
26 76
26 413
26 414
26 416
26 41408
27 67
27 340
27 15543
27 48945
27 724396
27 724397
27 724398
28 76
28 433
28 434
28 436
28 63631
29 3
29 4
29 195
29 340
29 8696
29 15543
29 720322
29 724399
30 76
30 433
30 434
30 436
30 724400
31 3
31 4
31 195
31 340
31 15543
31 22672
31 720326
31 724401
32 76
32 433
32 434
32 436
32 724402
33 660
33 30062
33 30063
33 30065
33 724403
34 76
34 342
34 343
34 345
34 724404
35 3
35 5
35 20
35 1132
35 1134
35 724405
36 51
36 195
36 5922
36 5924
36 306827
37 76
37 1267
37 1268
37 1270
37 724406
38 3
38 5
38 20
38 1320
38 26965
38 724407
39 243
39 244
39 245
39 247
39 724408
40 3
40 4
40 5
40 8694
40 8696
40 724409
41 4
41 5
41 202
41 322
41 22672
41 724410
42 75
42 76
42 77
42 79
42 724411
43 13
43 99
43 133
43 175
43 176
43 195
43 724412
44 4
44 195
44 202
44 795
44 3439
44 724413
45 3
45 4
45 195
45 4198
45 4662
45 724414
46 76
46 342
46 343
46 345
46 724415
47 3
47 5
47 20
47 2202
47 2204
47 673061
48 51
48 195
48 5342
48 5344
48 724416
49 76
49 433
49 434
49 436
49 724417
50 76
50 342
50 343
50 345
50 221008
51 4
51 5
51 99
51 133
51 175
51 176
51 178
51 98769
52 3
52 4
52 5
52 10248
52 10250
52 724418
53 10
53 109
53 110
53 112
53 724419
54 3
54 5
54 20
54 389
54 391
54 724420
55 9
55 10
55 11
55 13
55 724421
56 3
56 4
56 5
56 154
56 156
56 724422
57 82
57 758
57 759
57 761
57 724423
58 5
58 84
58 90
58 91
58 93
58 121
58 14730
58 17654
58 724424
59 10
59 146
59 147
59 149
59 724425
60 90
60 443
60 1345
60 9933
60 724426
61 10
61 109
61 110
61 112
61 724427
62 3
62 4
62 5
62 23042
62 23044
62 724428
63 99
63 131
63 132
63 133
63 195
63 237
63 366634
64 3
64 4
64 195
64 5512
64 5514
64 724429
65 10
65 1605
65 1606
65 1608
65 724430
66 5
66 20
66 99
66 131
66 132
66 133
66 166
66 724431
67 3
67 5
67 20
67 222
67 224
67 724432
68 158
68 159
68 160
68 162
68 724433
69 9
69 10
69 11
69 13
69 163
70 5
70 20
70 99
70 131
70 132
70 133
70 165
70 166
71 3
71 5
71 20
71 1320
71 1322
71 403849
72 243
72 244
72 245
72 247
72 63681
73 5
73 20
73 99
73 131
73 132
73 133
73 166
73 724434
74 3
74 5
74 20
74 222
74 224
74 724435
75 9
75 10
75 11
75 13
75 724436
76 4
76 5
76 99
76 131
76 132
76 133
76 152
76 41467
77 3
77 4
77 5
77 8694
77 8696
77 724437
78 4
78 5
78 202
78 322
78 22672
78 724438
79 10
79 109
79 112
79 1539
79 724439
80 3
80 4
80 5
80 3123
80 3125
80 724440
81 9
81 10
81 11
81 13
81 724441
82 90
82 443
82 28212
82 60806
82 724442
83 76
83 137
83 138
83 140
83 174957
84 5
84 27
84 99
84 131
84 132
84 133
84 135
84 724443
85 2
85 3
85 4
85 5
85 181
85 349639
86 158
86 159
86 160
86 162
86 724444
87 9
87 10
87 11
87 13
87 163
88 5
88 20
88 99
88 131
88 132
88 133
88 165
88 166
89 3
89 5
89 20
89 222
89 224
89 724445
90 5
90 20
90 202
90 322
90 36035
90 724446
91 76
91 185
91 186
91 188
91 613219
92 76
92 413
92 414
92 416
92 724447
93 67
93 191817
93 191818
93 191820
93 724448
94 67
94 20905
94 38195
94 57393
94 724450
94 724451
94 724452
95 76
95 433
95 434
95 436
95 724453
96 76
96 342
96 343
96 345
96 724454
97 660
97 976
97 979
97 1458
97 724455
98 944
98 945
98 946
98 948
98 724456
99 4
99 5
99 99
99 131
99 132
99 133
99 152
99 41483
100 3
100 4
100 5
100 11834
100 18383
100 724457
101 4
101 5
101 202
101 11147
101 18941
101 330625
102 9
102 10
102 11
102 13
102 330626
103 3
103 5
103 20
103 222
103 224
103 724458
104 9
104 10
104 11
104 13
104 724459
105 4
105 5
105 99
105 131
105 132
105 133
105 152
105 724460
106 3
106 4
106 5
106 8694
106 8696
106 724461
107 4
107 5
107 202
107 322
107 22672
107 724462
108 4
108 5
108 90
108 122
108 708
108 713
108 7643
108 162020
108 724463
109 10
109 146
109 147
109 149
109 724464
110 4
110 5
110 99
110 131
110 132
110 133
110 152
110 63710
111 3
111 4
111 5
111 9329
111 9660
111 724465
112 3
112 5
112 20
112 222
112 371
112 724466
113 5
113 20
113 202
113 220909
113 220911
113 724467
114 10
114 828
114 829
114 831
114 126590
115 67
115 72
115 1026
115 3213
115 724469
115 724470
115 724471
116 67
116 13403
116 301049
116 719839
116 719840
116 724472
117 243
117 244
117 245
117 247
117 724473
118 67
118 71
118 857
118 6078
118 145670
118 446991
118 724475
118 724476
118 724477
119 76
119 342
119 343
119 345
119 724478
120 243
120 244
120 245
120 247
120 724479
121 99
121 131
121 132
121 133
121 195
121 237
121 724480
122 3
122 4
122 195
122 3813
122 8756
122 20565
122 98814
122 724481
123 158
123 159
123 160
123 162
123 63723
124 9
124 10
124 11
124 13
124 163
125 5
125 20
125 99
125 131
125 132
125 133
125 165
125 166
126 3
126 5
126 20
126 5479
126 31411
126 724482
127 9
127 10
127 11
127 13
127 724483
128 4
128 5
128 99
128 131
128 132
128 133
128 152
128 724484
129 3
129 4
129 5
129 4002
129 4004
129 724485
130 4
130 5
130 202
130 322
130 22672
130 724486
131 10
131 828
131 829
131 831
131 724487
132 99
132 131
132 132
132 133
132 195
132 237
132 724488
133 20
133 195
133 202
133 2310
133 11264
133 126603
134 3
134 20
134 195
134 15235
134 15237
134 724489
135 71
135 76
135 190
135 191
135 724490
seqId 250
1 3
1 4
1 195
1 1742
1 1744
1 724491
2 4
2 195
2 202
2 15437
2 15439
2 724492
seqId 251
1 71
1 509
1 1725
1 1726
1 1728
1 330663
2 3
2 5
2 20
2 1731
2 15444
2 724493
3 67
3 1735
3 1736
3 1738
3 724494
seqId 252
1 3
1 4
1 5
1 19693
1 19695
1 724495
2 230
2 231
2 232
2 234
2 724496
3 9
3 10
3 11
3 13
3 163
4 99
4 131
4 132
4 133
4 195
4 236
4 237
5 3
5 20
5 195
5 9675
5 9677
5 724497
6 243
6 244
6 245
6 247
6 126619
7 230
7 231
7 232
7 234
7 724498
8 9
8 10
8 11
8 13
8 163
9 99
9 131
9 132
9 133
9 195
9 236
9 237
10 3
10 4
10 195
10 897
10 3520
10 724499
11 9
11 10
11 11
11 13
11 724500
12 3
12 4
12 5
12 15
12 17
12 724501
seqId 253
1 3
1 71
1 1725
1 1726
1 1728
1 724502
2 3
2 4
2 5
2 1701
2 19706
2 724503
3 51
3 52
3 1427
3 1962
3 724504
seqId 254
1 3
1 20
1 195
1 340
1 3775
1 4045
1 724505
2 20
2 195
2 202
2 340
2 4047
2 4049
2 724506
seqId 255
1 3
1 4
1 5
1 4228
1 111154
1 724507
2 9
2 10
2 11
2 13
2 724508
3 3
3 4
3 195
3 4094
3 4096
3 724509
seqId 256
1 5
1 85
1 99
1 10078
1 27149
1 724510
2 3
2 4
2 5
2 729
2 4454
2 724511
3 76
3 342
3 343
3 345
3 724512
4 5
4 27
4 99
4 131
4 132
4 133
4 135
4 724513
5 5
5 67
5 5492
5 5494
5 5495
5 724514
6 5
6 84
6 90
6 91
6 93
6 121
6 2832
6 11345
6 724515
7 4
7 5
7 99
7 133
7 175
7 176
7 178
7 428274
8 3
8 4
8 5
8 2828
8 6317
8 724516
9 76
9 413
9 414
9 416
9 724517
10 3
10 5
10 20
10 2887
10 2889
10 724518
11 76
11 342
11 343
11 345
11 724519
12 3
12 4
12 195
12 13471
12 13473
12 724520
13 76
13 342
13 343
13 345
13 724521
14 67
14 72
14 1587
14 50512
14 50513
14 724522
14 724523
14 724524
15 76
15 433
15 434
15 436
15 724525
16 10
16 126
16 127
16 129
16 192685
17 5
17 20
17 99
17 133
17 175
17 176
17 1316
17 98905
18 3
18 5
18 20
18 1684
18 13711
18 724526
19 82
19 758
19 759
19 761
19 221113
20 82
20 84
20 114
20 115
20 116
20 1361
20 724527
21 5
21 84
21 90
21 91
21 93
21 121
21 1159
21 67952
21 724528
22 717
22 718
22 719
22 721
22 603336
23 10
23 146
23 147
23 149
23 722
24 5
24 20
24 99
24 131
24 132
24 133
24 165
24 166
25 3
25 5
25 20
25 33570
25 33572
25 724529
26 9
26 10
26 11
26 13
26 724530
27 5
27 27
27 99
27 131
27 132
27 133
27 135
27 724531
28 3
28 4
28 5
28 6854
28 6856
28 724532
29 4
29 5
29 202
29 1399
29 3538
29 724533
30 243
30 244
30 245
30 247
30 724534
31 9
31 10
31 11
31 13
31 403954
32 3
32 20
32 195
32 1320
32 3384
32 530511
33 20
33 90
33 122
33 195
33 708
33 713
33 3686
33 9599
33 724535
34 717
34 718
34 719
34 721
34 724536
35 10
35 146
35 147
35 149
35 722
36 5
36 20
36 99
36 131
36 132
36 133
36 165
36 166
37 3
37 5
37 20
37 1325
37 1327
37 724537
38 9
38 10
38 11
38 13
38 502981
39 5
39 99
39 115
39 773
39 776
39 2192
39 28103
39 28105
39 192698
40 3
40 5
40 20
40 4434
40 4436
40 724538
41 71
41 76
41 190
41 191
41 330725
seqId 257
1 4
1 5
1 98
1 99
1 100
1 4105
1 54087
2 3
2 4
2 5
2 1579
2 1581
2 428295
3 9
3 10
3 11
3 13
3 330728
4 443
4 703
4 4766
4 5065
4 613290
5 82
5 84
5 114
5 115
5 116
5 1361
5 724539
6 90
6 443
6 14641
6 249535
6 724540
7 5
7 20
7 99
7 131
7 132
7 133
7 166
7 724541
8 3
8 5
8 20
8 2601
8 2603
8 724542
9 5
9 20
9 202
9 11717
9 359439
9 724543
10 243
10 244
10 245
10 247
10 306993
11 5
11 20
11 82
11 84
11 100
11 4680
11 7814
11 613295
12 9
12 10
12 11
12 13
12 724544
13 4
13 5
13 99
13 131
13 132
13 133
13 152
13 724545
14 3
14 4
14 5
14 15
14 17
14 724546
15 76
15 342
15 343
15 345
15 135687
16 10
16 109
16 110
16 112
16 175105
17 90
17 121
17 122
17 792
17 97445
17 97447
17 724547
18 4
18 5
18 99
18 133
18 175
18 176
18 178
18 330746
19 3
19 4
19 5
19 6763
19 6765
19 724548
20 4
20 5
20 202
20 623
20 625
20 626
20 724549
21 76
21 413
21 414
21 416
21 724550
22 3
22 20
22 195
22 340
22 23234
22 23236
22 724551
23 76
23 342
23 343
23 345
23 724552
24 3
24 20
24 195
24 340
24 23229
24 23231
24 724553
25 76
25 342
25 343
25 345
25 724554
26 3
26 20
26 195
26 340
26 54743
26 54745
26 54746
26 724555
27 76
27 433
27 434
27 436
27 724556
28 76
28 342
28 343
28 345
28 724557
29 5
29 84
29 90
29 91
29 93
29 121
29 2333
29 2335
29 530552
30 9
30 10
30 11
30 13
30 41653
31 90
31 443
31 44662
31 105150
31 724558
32 243
32 244
32 245
32 247
32 724559
33 90
33 443
33 1345
33 9933
33 724560
34 10
34 109
34 110
34 112
34 724561
35 3
35 4
35 5
35 4107
35 4109
35 724562
36 13
36 99
36 133
36 175
36 176
36 195
36 724563
37 20
37 195
37 202
37 1888
37 1890
37 41662
38 3
38 20
38 195
38 22743
38 22745
38 724564
39 10
39 2408
39 2410
39 10221
39 724565
40 27
40 82
40 84
40 114
40 115
40 116
40 118
40 724566
41 82
41 83
41 84
41 109
41 112
41 115
41 307045
42 90
42 443
42 7785
42 41290
42 724567
43 10
43 146
43 147
43 149
43 724568
44 5
44 99
44 115
44 773
44 775
44 776
44 2192
44 3593
44 724569
45 5
45 20
45 202
45 7365
45 21213
45 724570
46 3
46 5
46 20
46 91915
46 210458
46 724571
47 9
47 10
47 11
47 13
47 724572
48 3
48 4
48 5
48 21217
48 21219
48 724573
49 71
49 76
49 190
49 191
49 11434
seqId 258
1 4
1 5
1 82
1 83
1 84
1 115
1 763
1 4750
1 724574
2 5
2 84
2 91
2 93
2 121
2 702
2 703
2 705
2 724575
3 5
3 20
3 90
3 122
3 708
3 769
3 11691
3 46225
3 724576
4 51
4 195
4 1501
4 1503
4 724577
5 3
5 20
5 195
5 34150
5 36434
5 428350
6 20
6 195
6 202
6 3303
6 10106
6 724578
7 75
7 76
7 77
7 79
7 724579
8 5
8 20
8 99
8 131
8 132
8 133
8 166
8 724580
9 3
9 5
9 20
9 2887
9 2889
9 724581
10 158
10 159
10 160
10 162
10 724582
11 9
11 10
11 11
11 13
11 163
12 5
12 20
12 99
12 131
12 132
12 133
12 165
12 166
13 5
13 51
13 4934
13 4936
13 724583
14 3
14 5
14 20
14 1875
14 1877
14 724584
15 51
15 195
15 4162
15 4164
15 724585
16 10
16 126
16 127
16 129
16 724586
17 5
17 20
17 99
17 131
17 132
17 133
17 166
17 724587
18 3
18 5
18 20
18 1684
18 13711
18 724588
19 76
19 137
19 138
19 140
19 330793
20 3
20 20
20 195
20 699
20 6828
20 24371
20 75353
20 255241
20 274176
20 724589
21 10
21 378
21 379
21 381
21 724590
22 3
22 5
22 20
22 146094
22 213045
22 404025
23 5
23 20
23 202
23 254
23 256
23 724591
24 243
24 244
24 245
24 247
24 724592
25 3
25 4
25 195
25 340
25 492
25 44426
25 724593
26 75
26 76
26 77
26 79
26 724594
27 10
27 4919
27 4920
27 4922
27 724595
28 4
28 5
28 99
28 133
28 175
28 176
28 178
28 724596
29 3
29 4
29 5
29 58507
29 58509
29 724597
30 230
30 231
30 232
30 234
30 724598
31 9
31 10
31 11
31 13
31 163
32 99
32 131
32 132
32 133
32 195
32 236
32 237
33 3
33 4
33 195
33 7698
33 25421
33 724599
34 76
34 185
34 186
34 188
34 724600
35 76
35 342
35 343
35 345
35 724601
36 5
36 20
36 82
36 84
36 100
36 4680
36 7814
36 11485
37 158
37 159
37 160
37 162
37 11486
38 9
38 10
38 11
38 13
38 163
39 5
39 20
39 99
39 131
39 132
39 133
39 165
39 166
40 5
40 51
40 11487
40 14418
40 14420
41 3
41 5
41 20
41 4604
41 4606
41 724602
42 51
42 195
42 5342
42 5344
42 724603
43 5
43 20
43 90
43 122
43 708
43 713
43 5400
43 5402
43 724604
44 76
44 137
44 138
44 140
44 724605
45 3
45 4
45 5
45 8917
45 94883
45 724606
46 9
46 10
46 11
46 13
46 724607
47 4
47 5
47 99
47 131
47 132
47 133
47 152
47 724608
48 3
48 4
48 5
48 7190
48 17555
48 724609
49 5
49 20
49 202
49 26965
49 724610
49 724611
50 75
50 76
50 77
50 79
50 724612
51 99
51 131
51 132
51 133
51 195
51 237
51 126761
52 3
52 4
52 195
52 340
52 720306
52 720308
52 724613
53 9
53 10
53 24
53 26
53 27
53 724614
54 4
54 5
54 99
54 133
54 175
54 176
54 178
54 724615
55 3
55 4
55 5
55 497
55 16981
55 16983
55 16984
55 307118
56 76
56 185
56 186
56 188
56 530598
57 71
57 76
57 190
57 191
57 724616
seqId 259
1 4
1 5
1 82
1 84
1 85
1 1310
1 162547
1 724617
2 9
2 10
2 11
2 13
2 724618
3 98
3 99
3 100
3 195
3 2073
3 724619
4 3
4 4
4 195
4 2828
4 2830
4 724620
5 76
5 342
5 343
5 345
5 366843
6 82
6 758
6 759
6 761
6 724621
7 27
7 82
7 84
7 114
7 115
7 116
7 118
7 724622
8 5
8 84
8 91
8 93
8 121
8 703
8 707
8 956
8 724623
9 4
9 5
9 90
9 122
9 708
9 769
9 50978
9 50980
9 724624
10 10
10 13688
10 20559
10 20561
10 724625
11 4
11 5
11 99
11 133
11 175
11 176
11 178
11 724626
12 3
12 4
12 5
12 6862
12 6864
12 724627
13 4
13 5
13 202
13 28325
13 28327
13 724628
14 76
14 342
14 343
14 345
14 54199
15 5
15 84
15 91
15 93
15 121
15 702
15 703
15 705
15 724629
16 5
16 20
16 90
16 122
16 708
16 769
16 8855
16 51624
16 724630
17 5
17 20
17 99
17 133
17 175
17 176
17 1316
17 613382
18 3
18 5
18 20
18 1832
18 1834
18 724631
19 5
19 20
19 202
19 1466
19 18974
19 724632
20 9
20 10
20 11
20 13
20 724633
21 3
21 20
21 195
21 25752
21 25754
21 724634
22 243
22 244
22 245
22 247
22 724635
23 5
23 84
23 91
23 93
23 121
23 702
23 703
23 705
23 724636
24 5
24 20
24 90
24 122
24 708
24 769
24 6786
24 48711
24 724637
25 4
25 5
25 99
25 131
25 132
25 133
25 152
25 673247
26 3
26 4
26 5
26 27599
26 62043
26 724638
27 2822
27 2823
27 2824
27 2826
27 724639
28 10
28 146
28 147
28 149
28 722
29 99
29 131
29 132
29 133
29 195
29 236
29 237
30 3
30 20
30 195
30 2034
30 3403
30 724640
31 9
31 10
31 11
31 13
31 724641
32 5
32 27
32 99
32 131
32 132
32 133
32 135
32 724642
33 5
33 67
33 5492
33 5494
33 5495
33 724643
34 76
34 413
34 414
34 416
34 724644
35 3
35 20
35 195
35 10402
35 10404
35 724645
36 10
36 109
36 110
36 112
36 613395
37 3
37 5
37 20
37 1126
37 1128
37 724646
38 10
38 1010
38 1011
38 1013
38 724647
39 3
39 20
39 195
39 1806
39 1808
39 1809
39 1810
39 724648
40 76
40 433
40 434
40 436
40 724649
41 9
41 10
41 11
41 13
41 413951
42 90
42 443
42 3482
42 7519
42 724650
43 4
43 5
43 99
43 133
43 175
43 176
43 178
43 366882
44 3
44 4
44 5
44 14174
44 27570
44 724651
45 71
45 76
45 190
45 191
45 724652
seqId 260
1 3
1 4
1 195
1 9397
1 35930
1 36844
1 724653
2 10
2 1387
2 1388
2 1390
2 724654
3 3
3 5
3 20
3 20716
3 20718
3 724655
4 5
4 20
4 202
4 322
4 36035
4 724656
5 76
5 342
5 343
5 345
5 724657
6 5
6 20
6 202
6 254
6 256
6 724658
7 243
7 244
7 245
7 247
7 724659
8 5
8 20
8 202
8 8705
8 49241
8 724660
seqId 261
1 3
1 5
1 20
1 595
1 1693
1 250978
1 724662
1 724663
2 9
2 10
2 11
2 13
2 135834
3 3
3 4
3 5
3 15
3 17
3 724664
4 67
4 48317
4 48318
4 48320
4 48321
4 724665
seqId 262
1 5
1 99
1 131
1 132
1 133
1 171
1 699
1 724666
2 3
2 4
2 5
2 8619
2 8621
2 724667
3 230
3 231
3 232
3 234
3 724668
4 9
4 10
4 11
4 13
4 163
5 99
5 131
5 132
5 133
5 195
5 236
5 237
6 3
6 20
6 195
6 5479
6 5481
6 41821
7 9
7 10
7 11
7 13
7 135841
8 3
8 4
8 5
8 5486
8 48321
8 48328
8 724670
8 724671
9 76
9 342
9 343
9 345
9 724672
10 5
10 20
10 90
10 122
10 708
10 713
10 5533
10 8486
10 724673
11 10
11 828
11 829
11 831
11 724674
12 4
12 5
12 99
12 131
12 132
12 133
12 152
12 724675
13 3
13 4
13 5
13 3154
13 3156
13 724676
14 3
14 5
14 20
14 222
14 371
14 724677
15 243
15 244
15 245
15 247
15 724678
16 3
16 4
16 5
16 3162
16 5832
16 724679
seqId 263
1 5
1 20
1 99
1 131
1 132
1 133
1 967
1 724680
2 3
2 5
2 20
2 10672
2 10674
2 724681
3 9
3 10
3 11
3 13
3 673289
4 3
4 4
4 5
4 15
4 17
4 724682
5 67
5 48317
5 48318
5 48320
5 48321
5 724683
seqId 264
1 5
1 99
1 131
1 132
1 133
1 171
1 699
1 503130
2 3
2 4
2 5
2 8619
2 8621
2 724684
3 230
3 231
3 232
3 234
3 724685
4 9
4 10
4 11
4 13
4 163
5 99
5 131
5 132
5 133
5 195
5 236
5 237
6 3
6 20
6 195
6 5479
6 5481
6 724686
7 9
7 10
7 11
7 13
7 428464
8 3
8 4
8 5
8 5486
8 48321
8 48328
8 724670
8 724687
9 76
9 342
9 343
9 345
9 724688
10 5
10 20
10 90
10 122
10 708
10 713
10 5533
10 8486
10 221317
11 10
11 828
11 829
11 831
11 724689
12 4
12 5
12 99
12 131
12 132
12 133
12 152
12 330927
13 3
13 4
13 5
13 3154
13 3156
13 724690
14 3
14 5
14 20
14 222
14 371
14 724691
15 243
15 244
15 245
15 247
15 724692
16 3
16 4
16 5
16 3162
16 5832
16 724693
17 76
17 342
17 343
17 345
17 175326
18 5
18 84
18 91
18 93
18 121
18 702
18 703
18 705
18 387299
19 5
19 20
19 122
19 703
19 707
19 708
19 710
19 387300
20 5
20 99
20 131
20 132
20 133
20 135
20 171
20 724694
21 3
21 4
21 5
21 7295
21 7297
21 724695
22 76
22 342
22 343
22 345
22 724696
23 10
23 378
23 379
23 381
23 11713
24 5
24 99
24 131
24 132
24 133
24 135
24 171
24 724697
25 5
25 67
25 5492
25 5494
25 5495
25 724698
26 76
26 342
26 343
26 345
26 54294
27 9
27 10
27 11
27 13
27 64018
28 90
28 443
28 1845
28 413319
28 413321
28 724699
29 243
29 244
29 245
29 247
29 11721
30 9
30 10
30 26
30 169
30 171
30 724700
31 90
31 443
31 4114
31 4116
31 724701
32 4
32 5
32 99
32 115
32 773
32 774
32 775
32 776
32 3330
32 41867
33 3
33 4
33 5
33 5859
33 24599
33 724702
34 230
34 231
34 232
34 234
34 724703
35 9
35 10
35 11
35 13
35 163
36 99
36 131
36 132
36 133
36 195
36 236
36 237
37 3
37 4
37 15
37 195
37 4121
37 724704
38 4
38 195
38 202
38 340
38 623
38 625
38 626
38 724705
39 71
39 76
39 190
39 191
39 724706
seqId 265
1 5
1 99
1 131
1 132
1 133
1 171
1 699
1 724707
2 3
2 5
2 20
2 10801
2 10803
2 724708
3 9
3 10
3 11
3 13
3 192935
4 5
4 20
4 98
4 99
4 100
4 102
4 724709
5 3
5 5
5 20
5 10672
5 10674
5 724710
6 82
6 84
6 114
6 115
6 116
6 1361
6 175351
7 5
7 84
7 90
7 91
7 93
7 121
7 1159
7 67952
7 724711
8 717
8 718
8 719
8 721
8 99196
9 10
9 146
9 147
9 149
9 722
10 5
10 20
10 99
10 131
10 132
10 133
10 165
10 166
11 3
11 5
11 20
11 21165
11 21167
11 724712
12 9
12 10
12 11
12 13
12 530698
13 4
13 85
13 99
13 195
13 1951
13 1953
13 724713
14 3
14 4
14 195
14 22957
14 22959
14 724714
15 4
15 195
15 202
15 7602
15 7604
15 724715
16 10
16 146
16 147
16 149
16 724716
17 4
17 5
17 99
17 131
17 132
17 133
17 152
17 99203
18 3
18 4
18 5
18 5484
18 5486
18 724717
19 230
19 231
19 232
19 234
19 724718
20 9
20 10
20 11
20 13
20 163
21 99
21 131
21 132
21 133
21 195
21 236
21 237
22 3
22 4
22 195
22 2818
22 2820
22 724719
23 76
23 413
23 414
23 416
23 724720
24 3
24 4
24 5
24 15
24 17
24 724721
25 230
25 231
25 232
25 234
25 724722
26 9
26 10
26 11
26 13
26 163
27 99
27 131
27 132
27 133
27 195
27 236
27 237
28 3
28 4
28 195
28 340
28 44727
28 44729
28 724723
29 9
29 10
29 26
29 169
29 171
29 724724
30 4
30 5
30 99
30 133
30 175
30 176
30 178
30 724725
31 4
31 5
31 202
31 22623
31 22625
31 724726
32 3
32 4
32 5
32 5484
32 5486
32 724727
33 76
33 342
33 343
33 345
33 126919
34 3
34 4
34 5
34 3268
34 3270
34 724728
35 9
35 10
35 11
35 13
35 387356
36 3
36 4
36 195
36 18773
36 20364
36 724729
37 4
37 195
37 202
37 912
37 27311
37 27313
37 27314
37 724730
38 82
38 758
38 759
38 761
38 724731
39 84
39 90
39 91
39 93
39 121
39 195
39 1236
39 1238
39 724732
40 158
40 159
40 160
40 162
40 724733
41 9
41 10
41 11
41 13
41 163
42 5
42 20
42 99
42 131
42 132
42 133
42 165
42 166
43 3
43 5
43 20
43 222
43 224
43 503191
44 5
44 20
44 202
44 40773
44 53236
44 724734
45 76
45 342
45 343
45 345
45 530724
46 3
46 4
46 5
46 4420
46 4422
46 331011
47 230
47 231
47 232
47 234
47 331012
48 9
48 10
48 11
48 13
48 163
49 99
49 131
49 132
49 133
49 195
49 236
49 237
50 3
50 20
50 195
50 21035
50 21037
50 724735
51 20
51 195
51 202
51 340
51 230837
51 230839
51 724736
52 10
52 283
52 284
52 286
52 349986
53 5
53 99
53 131
53 132
53 133
53 135
53 171
53 64141
54 3
54 5
54 20
54 10238
54 10240
54 724737
55 9
55 10
55 11
55 13
55 414084
56 4
56 5
56 99
56 131
56 132
56 133
56 152
56 724738
57 3
57 4
57 5
57 5484
57 5486
57 724739
58 76
58 342
58 343
58 345
58 724740
59 71
59 509
59 25601
59 25602
59 25604
59 724741
60 76
60 433
60 434
60 436
60 724742
61 71
61 76
61 190
61 191
61 724743
seqId 266
1 5
1 99
1 131
1 132
1 133
1 171
1 699
1 724744
2 3
2 4
2 5
2 14541
2 14543
2 724745
3 9
3 10
3 11
3 13
3 724746
4 3
4 20
4 195
4 217
4 1506
4 724747
5 9
5 10
5 11
5 13
5 11832
6 3
6 4
6 15
6 195
6 4121
6 387386
7 20
7 90
7 122
7 195
7 708
7 713
7 54752
7 54754
7 724748
8 10
8 283
8 284
8 286
8 724749
9 99
9 133
9 175
9 176
9 195
9 234
9 724750
10 3
10 4
10 195
10 13569
10 13571
10 724751
11 4
11 195
11 202
11 1399
11 1401
11 724752
12 4
12 195
12 202
12 2294
12 3837
12 126952
13 944
13 945
13 946
13 948
13 503226
14 5
14 20
14 99
14 131
14 132
14 133
14 166
14 724753
15 3
15 5
15 20
15 222
15 224
15 724754
16 158
16 159
16 160
16 162
16 530750
17 9
17 10
17 11
17 13
17 163
18 5
18 20
18 99
18 131
18 132
18 133
18 165
18 166
19 3
19 5
19 20
19 1320
19 1322
19 724755
20 76
20 413
20 414
20 416
20 724756
21 5
21 20
21 99
21 131
21 132
21 133
21 166
21 724757
22 5
22 20
22 67
22 265
22 268
22 269
22 270
22 724758
23 76
23 433
23 434
23 436
23 724759
24 76
24 342
24 343
24 345
24 41977
25 9
25 10
25 26
25 169
25 171
25 724760
26 4
26 5
26 99
26 133
26 175
26 176
26 178
26 724761
27 3
27 4
27 5
27 642
27 23331
27 724762
28 9
28 10
28 26
28 169
28 171
28 724763
29 3
29 20
29 195
29 340
29 23229
29 23231
29 724764
30 76
30 413
30 414
30 416
30 724765
31 67
31 61611
31 163206
31 282339
31 724767
31 724768
31 724769
32 10
32 146
32 147
32 149
32 724770
33 5
33 99
33 131
33 132
33 133
33 135
33 171
33 724771
34 3
34 4
34 5
34 597
34 599
34 724772
35 67
35 601
35 603
35 1197
35 724773
36 67
36 605
36 607
36 1199
36 724774
37 244
37 418
37 419
37 421
37 503241
38 5
38 20
38 99
38 131
38 132
38 133
38 166
38 613518
39 5
39 20
39 67
39 96
39 143982
39 724776
39 724777
40 9
40 10
40 11
40 13
40 367037
41 5
41 99
41 131
41 132
41 133
41 135
41 171
41 724778
42 3
42 4
42 5
42 597
42 599
42 724779
43 67
43 601
43 603
43 1197
43 724780
44 67
44 605
44 607
44 1199
44 724781
45 76
45 433
45 434
45 436
45 724782
46 243
46 244
46 245
46 247
46 724783
47 9
47 10
47 11
47 13
47 724784
48 3
48 20
48 195
48 10402
48 10404
48 724785
49 10
49 109
49 110
49 112
49 126994
50 3
50 4
50 195
50 313
50 6526
50 126995
51 9
51 10
51 11
51 13
51 724786
52 3
52 4
52 5
52 6422
52 6424
52 724787
53 9
53 10
53 11
53 13
53 54428
54 5
54 99
54 131
54 132
54 133
54 135
54 171
54 724788
55 3
55 4
55 5
55 2997
55 2999
55 724789
56 230
56 231
56 232
56 234
56 724790
57 9
57 10
57 11
57 13
57 163
58 99
58 131
58 132
58 133
58 195
58 236
58 237
59 3
59 4
59 195
59 340
59 50138
59 50140
59 724791
60 76
60 342
60 343
60 345
60 724792
61 5
61 84
61 91
61 93
61 121
61 702
61 703
61 705
61 358516
62 5
62 20
62 90
62 122
62 708
62 769
62 2333
62 7738
62 127009
63 5
63 20
63 99
63 133
63 175
63 176
63 1316
63 64228
64 5
64 20
64 202
64 19896
64 19898
64 724793
65 3
65 5
65 20
65 33570
65 33572
65 724794
66 99
66 133
66 175
66 176
66 195
66 234
66 724795
67 3
67 4
67 195
67 3268
67 11866
67 724796
68 10
68 126
68 127
68 129
68 307388
69 99
69 131
69 132
69 133
69 195
69 237
69 350039
70 3
70 20
70 195
70 1684
70 1686
70 387457
71 20
71 90
71 122
71 195
71 708
71 713
71 32374
71 32376
71 724797
72 71
72 76
72 190
72 191
72 724798
seqId 267
1 4
1 5
1 98
1 99
1 100
1 4105
1 99304
2 3
2 4
2 5
2 4734
2 4736
2 4737
2 724799
3 5
3 84
3 91
3 93
3 121
3 702
3 703
3 705
3 724800
4 5
4 20
4 122
4 703
4 707
4 708
4 710
4 724801
5 4
5 5
5 90
5 122
5 708
5 713
5 31018
5 724803
5 724804
6 10
6 828
6 829
6 831
6 350043
7 4
7 5
7 99
7 131
7 132
7 133
7 152
7 175538
8 3
8 4
8 5
8 19879
8 19881
8 404254
9 9
9 10
9 11
9 13
9 404255
10 3
10 5
10 20
10 1320
10 1322
10 724805
11 71
11 76
11 190
11 191
11 724806
seqId 268
1 660
1 976
1 7272
1 7274
1 724807
2 76
2 342
2 343
2 345
2 193092
3 660
3 2136
3 2137
3 2139
3 724808
4 230
4 231
4 232
4 234
4 350049
5 9
5 10
5 11
5 13
5 163
6 99
6 131
6 132
6 133
6 195
6 236
6 237
7 3
7 20
7 195
7 2863
7 10735
7 724809
8 9
8 10
8 26
8 169
8 171
8 724810
9 3
9 4
9 195
9 11949
9 11951
9 724811
10 76
10 342
10 343
10 345
10 724812
11 99
11 131
11 132
11 133
11 195
11 237
11 724813
12 3
12 4
12 195
12 11475
12 11807
12 350055
13 230
13 231
13 232
13 234
13 530805
14 9
14 10
14 11
14 13
14 163
15 99
15 131
15 132
15 133
15 195
15 236
15 237
16 3
16 20
16 195
16 25752
16 25754
16 724814
17 84
17 91
17 93
17 121
17 195
17 702
17 703
17 1062
17 724815
18 5
18 20
18 122
18 703
18 707
18 708
18 710
18 724816
19 660
19 3377
19 3378
19 3380
19 724817
20 4
20 90
20 122
20 195
20 708
20 713
20 2787
20 3718
20 18949
20 175563
21 10
21 828
21 829
21 831
21 724818
22 99
22 133
22 175
22 176
22 195
22 234
22 42051
23 3
23 20
23 195
23 2217
23 8955
23 530813
24 9
24 10
24 26
24 169
24 171
24 724819
25 4
25 195
25 202
25 2294
25 3837
25 64274
26 3
26 4
26 195
26 11969
26 70648
26 138647
27 4
27 195
27 202
27 302
27 1655
27 724820
28 71
28 76
28 190
28 191
28 414185
seqId 269
1 10
1 828
1 1336
1 1539
1 724821
2 660
2 2210
2 2211
2 2213
2 724822
3 76
3 342
3 343
3 345
3 350076
4 99
4 133
4 175
4 176
4 195
4 234
4 367107
5 3
5 20
5 195
5 6665
5 6667
5 724823
6 76
6 413
6 414
6 416
6 724824
7 3
7 5
7 20
7 2034
7 2036
7 724825
8 158
8 159
8 160
8 162
8 724826
9 9
9 10
9 11
9 13
9 163
10 5
10 20
10 99
10 131
10 132
10 133
10 165
10 166
11 5
11 20
11 202
11 21213
11 173772
11 724827
12 3
12 5
12 20
12 11030
12 11032
12 724828
13 10
13 126
13 127
13 129
13 724829
14 4
14 5
14 99
14 131
14 132
14 133
14 152
14 724830
15 3
15 4
15 5
15 5484
15 5486
15 724831
16 76
16 342
16 343
16 345
16 724832
17 3
17 5
17 20
17 2034
17 2036
17 724833
18 9
18 10
18 11
18 13
18 724834
19 5
19 99
19 131
19 132
19 133
19 135
19 171
19 724835
20 3
20 5
20 20
20 5498
20 5500
20 724836
21 5
21 20
21 202
21 13322
21 194422
21 724837
22 230
22 231
22 232
22 234
22 724838
23 9
23 10
23 11
23 13
23 163
24 99
24 131
24 132
24 133
24 195
24 236
24 237
25 3
25 20
25 195
25 52451
25 724840
25 724841
26 76
26 433
26 434
26 436
26 724842
27 84
27 91
27 93
27 121
27 195
27 702
27 703
27 1062
27 724843
28 5
28 20
28 122
28 703
28 707
28 708
28 710
28 724844
29 20
29 90
29 122
29 195
29 708
29 713
29 3372
29 5735
29 54533
30 10
30 146
30 147
30 149
30 724845
31 4
31 5
31 99
31 131
31 132
31 133
31 152
31 724846
32 3
32 4
32 5
32 15
32 17
32 387509
33 9
33 10
33 11
33 13
33 724847
34 3
34 4
34 5
34 3615
34 3617
34 724848
35 10
35 146
35 147
35 149
35 724849
36 90
36 443
36 94536
36 94538
36 724850
37 99
37 131
37 132
37 133
37 195
37 237
37 42097
38 3
38 20
38 195
38 340
38 60001
38 60003
38 724851
39 20
39 90
39 122
39 195
39 340
39 708
39 713
39 20210
39 20212
39 724853
40 243
40 244
40 245
40 247
40 724854
41 99
41 131
41 132
41 133
41 195
41 237
41 724855
42 3
42 4
42 195
42 3737
42 23135
42 724856
43 4
43 90
43 122
43 195
43 708
43 713
43 2787
43 11082
43 11084
43 724857
44 71
44 76
44 190
44 191
44 724858
seqId 270
1 3
1 4
1 195
1 340
1 595
1 454231
1 724860
1 724861
2 660
2 3261
2 3262
2 3264
2 724862
3 230
3 231
3 232
3 234
3 613621
4 9
4 10
4 11
4 13
4 163
5 99
5 131
5 132
5 133
5 195
5 236
5 237
6 3
6 4
6 195
6 340
6 7524
6 7526
6 724863
seqId 271
1 660
1 29942
1 57766
1 57768
1 724864
2 76
2 342
2 343
2 345
2 724865
3 5
3 27
3 99
3 131
3 132
3 133
3 135
3 724866
4 5
4 67
4 5492
4 5494
4 5495
4 724867
5 5
5 84
5 91
5 93
5 121
5 702
5 703
5 705
5 724868
6 5
6 20
6 90
6 122
6 708
6 769
6 2832
6 5688
6 724869
7 51
7 195
7 1501
7 1503
7 724870
8 4
8 195
8 202
8 7021
8 38246
8 724871
9 3
9 4
9 195
9 13471
9 13492
9 724872
10 660
10 3261
10 3262
10 3264
10 724873
11 230
11 231
11 232
11 234
11 724874
12 9
12 10
12 11
12 13
12 163
13 99
13 131
13 132
13 133
13 195
13 236
13 237
14 3
14 4
14 195
14 340
14 7524
14 7526
14 724875
15 4
15 90
15 122
15 195
15 708
15 713
15 23744
15 37757
15 724876
16 67
16 7200
16 7201
16 7203
16 724877
17 76
17 342
17 343
17 345
17 387548
18 5
18 20
18 99
18 131
18 132
18 133
18 166
18 724878
19 5
19 51
19 14051
19 14053
19 724879
20 3
20 5
20 20
20 7511
20 7513
20 724880
21 51
21 195
21 4167
21 4169
21 724881
22 243
22 244
22 245
22 247
22 724882
23 5
23 20
23 99
23 131
23 132
23 133
23 166
23 724883
24 5
24 51
24 13966
24 13968
24 724884
25 3
25 5
25 20
25 8779
25 8781
25 42140
26 51
26 195
26 1879
26 1881
26 724885
27 71
27 76
27 190
27 191
27 12077
seqId 272
1 5
1 27
1 99
1 131
1 132
1 133
1 699
1 724886
2 3
2 5
2 20
2 1650
2 3499
2 724887
3 9
3 10
3 11
3 13
3 724888
4 98
4 99
4 100
4 195
4 2073
4 724889
5 3
5 4
5 195
5 13471
5 13492
5 724890
6 5
6 84
6 91
6 93
6 703
6 707
6 914
6 916
6 724891
7 9
7 10
7 11
7 13
7 99418
8 90
8 443
8 3969
8 3971
8 724892
9 99
9 131
9 132
9 133
9 195
9 237
9 350142
10 3
10 20
10 195
10 13338
10 15681
10 724893
11 9
11 10
11 24
11 26
11 27
11 64362
12 3
12 20
12 195
12 6881
12 6883
12 724894
13 243
13 244
13 245
13 247
13 42159
14 9
14 10
14 11
14 13
14 603733
15 3
15 20
15 195
15 5516
15 6792
15 724895
16 158
16 159
16 160
16 162
16 42166
17 9
17 10
17 11
17 13
17 163
18 5
18 20
18 99
18 131
18 132
18 133
18 165
18 166
19 3
19 5
19 20
19 222
19 224
19 724896
20 76
20 413
20 414
20 416
20 724897
21 3
21 20
21 195
21 2803
21 2805
21 724898
22 76
22 342
22 343
22 345
22 724899
23 3
23 20
23 195
23 16995
23 16997
23 724900
24 76
24 433
24 434
24 436
24 99431
25 10
25 109
25 110
25 112
25 99432
26 90
26 121
26 122
26 9141
26 77883
26 724901
27 99
27 131
27 132
27 133
27 195
27 237
27 724902
28 3
28 20
28 195
28 10660
28 10662
28 724903
29 99
29 131
29 132
29 133
29 195
29 237
29 99436
30 660
30 2347
30 2348
30 2350
30 724904
31 20
31 195
31 202
31 9048
31 39998
31 724905
32 20
32 195
32 202
32 10504
32 85871
32 724906
33 71
33 76
33 190
33 191
33 724907
seqId 273
1 3
1 4
1 5
1 14541
1 38399
1 38400
1 136149
2 10
2 283
2 284
2 286
2 724908
3 4
3 5
3 99
3 131
3 132
3 133
3 152
3 724909
4 3
4 4
4 5
4 4900
4 4902
4 724910
seqId 274
1 5
1 20
1 99
1 131
1 132
1 133
1 967
1 367208
2 3
2 5
2 20
2 2863
2 2865
2 724911
3 9
3 10
3 11
3 13
3 724912
4 67
4 45613
4 47754
4 47755
4 47757
4 47758
4 724913
5 10
5 109
5 110
5 112
5 724914
6 67
6 49447
6 153184
6 724916
6 724917
6 724918
7 10
7 146
7 147
7 149
7 414328
8 3
8 4
8 5
8 7144
8 7146
8 724919
9 230
9 231
9 232
9 234
9 12155
10 9
10 10
10 11
10 13
10 163
11 99
11 131
11 132
11 133
11 195
11 236
11 237
12 3
12 20
12 195
12 1806
12 1808
12 1809
12 1810
12 724920
13 5
13 84
13 90
13 91
13 93
13 121
13 1509
13 16289
13 724921
14 4
14 5
14 99
14 133
14 175
14 176
14 178
14 724922
15 3
15 4
15 5
15 740
15 742
15 724923
16 4
16 5
16 202
16 3272
16 3274
16 724924
17 71
17 76
17 190
17 191
17 724925
seqId 275
1 5
1 20
1 82
1 83
1 84
1 115
1 763
1 3948
1 54634
2 27
2 82
2 84
2 114
2 115
2 116
2 118
2 54635
3 5
3 84
3 90
3 91
3 93
3 121
3 1815
3 2122
3 724926
4 9
4 10
4 24
4 26
4 27
4 724927
5 90
5 443
5 4075
5 4077
5 12171
6 5
6 20
6 99
6 131
6 132
6 133
6 166
6 724928
7 3
7 5
7 20
7 1320
7 1322
7 724929
8 9
8 10
8 24
8 26
8 27
8 724930
9 3
9 4
9 5
9 6471
9 6473
9 724931
10 230
10 231
10 232
10 234
10 613708
11 9
11 10
11 11
11 13
11 163
12 99
12 131
12 132
12 133
12 195
12 236
12 237
13 3
13 20
13 195
13 1806
13 1808
13 1809
13 1810
13 724932
14 10
14 27969
14 27970
14 27972
14 724933
15 4
15 5
15 99
15 133
15 175
15 176
15 178
15 42222
16 3
16 4
16 5
16 126142
16 126144
16 724934
17 76
17 342
17 343
17 345
17 724935
18 10
18 283
18 284
18 286
18 136187
19 5
19 20
19 99
19 133
19 175
19 176
19 1316
19 127194
20 3
20 5
20 20
20 4345
20 4347
20 331249
21 82
21 759
21 5284
21 5286
21 331250
22 82
22 84
22 114
22 115
22 116
22 1361
22 136190
23 84
23 90
23 91
23 93
23 121
23 195
23 35344
23 124864
23 724936
24 5
24 27
24 99
24 131
24 132
24 133
24 135
24 724937
25 3
25 4
25 5
25 625
25 7538
25 33143
25 44466
25 724938
26 230
26 231
26 232
26 234
26 724939
27 9
27 10
27 11
27 13
27 163
28 99
28 131
28 132
28 133
28 195
28 236
28 237
29 3
29 4
29 195
29 10638
29 10640
29 724940
30 10
30 1387
30 1388
30 1390
30 54667
31 99
31 133
31 175
31 176
31 195
31 234
31 724941
32 3
32 20
32 72
32 195
32 340
32 1227
32 1229
32 1230
32 1231
32 724942
33 20
33 90
33 122
33 195
33 340
33 708
33 713
33 135962
33 135964
33 724943
34 76
34 342
34 343
34 345
34 724944
35 243
35 244
35 245
35 247
35 724945
36 4
36 5
36 99
36 131
36 132
36 133
36 152
36 127210
37 3
37 4
37 5
37 127211
37 673297
37 724947
38 9
38 10
38 11
38 13
38 724948
39 3
39 4
39 195
39 1970
39 1972
39 724949
40 4
40 195
40 202
40 25505
40 188365
40 724950
41 71
41 76
41 190
41 191
41 724951
seqId 276
1 99
1 131
1 132
1 133
1 195
1 1220
1 724952
2 3
2 20
2 195
2 25752
2 25754
2 724953
3 717
3 718
3 719
3 721
3 367280
4 10
4 146
4 147
4 149
4 722
5 5
5 20
5 99
5 131
5 132
5 133
5 165
5 166
6 3
6 5
6 20
6 2863
6 2865
6 724954
7 76
7 342
7 343
7 345
7 54684
8 660
8 6695
8 6696
8 6698
8 724955
9 99
9 131
9 132
9 133
9 195
9 237
9 724956
10 3
10 20
10 195
10 1229
10 27157
10 724957
11 3
11 20
11 195
11 10402
11 10404
11 724958
12 76
12 342
12 343
12 345
12 350242
13 84
13 90
13 91
13 93
13 121
13 195
13 5640
13 8889
13 127228
14 660
14 77612
14 77613
14 77615
14 724959
15 51
15 195
15 4934
15 4936
15 724960
16 3
16 20
16 195
16 11297
16 11299
16 724961
17 71
17 76
17 190
17 191
17 724962
seqId 277
1 10
1 3221
1 3222
1 3224
1 724963
2 99
2 131
2 132
2 133
2 195
2 237
2 127237
3 3
3 4
3 195
3 729
3 731
3 724964
4 76
4 342
4 343
4 345
4 724965
5 10
5 1605
5 1606
5 1608
5 54699
6 51
6 195
6 1705
6 1707
6 127245
7 243
7 244
7 245
7 247
7 42275
8 51
8 195
8 2151
8 2153
8 724966
9 3
9 20
9 195
9 4434
9 14602
9 724967
10 9
10 10
10 11
10 13
10 724968
11 3
11 5
11 20
11 222
11 224
11 724969
12 5
12 20
12 202
12 322
12 36035
12 724970
13 84
13 91
13 93
13 121
13 195
13 703
13 707
13 1858
13 724971
14 20
14 90
14 122
14 195
14 708
14 713
14 3372
14 5735
14 724972
15 717
15 718
15 719
15 721
15 724973
16 10
16 146
16 147
16 149
16 722
17 5
17 20
17 99
17 131
17 132
17 133
17 165
17 166
18 3
18 5
18 20
18 2863
18 2865
18 724974
19 75
19 76
19 77
19 79
19 724975
20 67
20 8099
20 34064
20 92621
20 724977
20 724978
20 724979
21 76
21 413
21 414
21 416
21 724980
22 3
22 4
22 5
22 597
22 599
22 724981
23 9
23 10
23 11
23 13
23 724982
24 67
24 51866
24 51867
24 51869
24 724983
25 243
25 244
25 245
25 247
25 724984
26 9
26 10
26 11
26 13
26 724985
27 67
27 6363
27 32189
27 32190
27 724986
28 67
28 92632
28 724988
28 724989
28 724990
29 76
29 433
29 434
29 436
29 414428
30 76
30 342
30 343
30 345
30 724991
31 67
31 75755
31 251127
31 724993
31 724994
31 724995
32 76
32 413
32 414
32 416
32 724996
33 3
33 4
33 5
33 597
33 599
33 724997
34 67
34 601
34 603
34 1197
34 724998
35 51
35 195
35 14081
35 14083
35 724999
36 76
36 433
36 434
36 436
36 725000
37 76
37 342
37 343
37 345
37 725001
38 67
38 65944
38 154195
38 260314
38 725003
38 725004
38 725005
39 76
39 413
39 414
39 416
39 725006
40 3
40 4
40 5
40 597
40 599
40 725007
41 9
41 10
41 11
41 13
41 725008
42 67
42 144394
42 144395
42 144397
42 725009
43 76
43 433
43 434
43 436
43 725010
44 76
44 342
44 343
44 345
44 725011
45 67
45 3212
45 14294
45 725013
45 725014
45 725015
46 76
46 413
46 414
46 416
46 725016
47 3
47 4
47 5
47 597
47 599
47 725017
48 9
48 10
48 11
48 13
48 725018
49 67
49 57264
49 57265
49 57267
49 725019
50 76
50 433
50 434
50 436
50 725020
51 76
51 342
51 343
51 345
51 725021
52 42
52 67
52 3232
52 725023
52 725024
52 725025
53 76
53 413
53 414
53 416
53 99570
54 3
54 4
54 5
54 597
54 599
54 725026
55 9
55 10
55 11
55 13
55 725027
56 67
56 70336
56 70337
56 70339
56 725028
57 76
57 433
57 434
57 436
57 725029
58 76
58 342
58 343
58 345
58 725030
59 67
59 3206
59 5619
59 725032
59 725033
59 725034
60 76
60 413
60 414
60 416
60 725035
61 3
61 4
61 5
61 597
61 599
61 725036
62 9
62 10
62 11
62 13
62 725037
63 67
63 90898
63 90899
63 90901
63 725038
64 76
64 433
64 434
64 436
64 725039
65 71
65 76
65 190
65 191
65 331350
seqId 278
1 5
1 27
1 99
1 131
1 132
1 133
1 699
1 673633
2 3
2 4
2 5
2 740
2 742
2 725040
3 5
3 84
3 91
3 93
3 121
3 702
3 703
3 705
3 725041
4 5
4 20
4 122
4 703
4 707
4 708
4 710
4 725042
5 4
5 5
5 90
5 122
5 708
5 713
5 1104
5 39619
5 140931
5 156588
5 725044
5 725045
6 10
6 828
6 829
6 831
6 428814
7 99
7 131
7 132
7 133
7 195
7 237
7 725046
8 3
8 20
8 195
8 1806
8 1808
8 1809
8 1810
8 725047
9 243
9 244
9 245
9 247
9 428817
10 4
10 5
10 90
10 122
10 708
10 713
10 31757
10 31759
10 725048
11 5
11 85
11 99
11 10078
11 10080
11 367352
12 3
12 4
12 5
12 729
12 4454
12 725049
13 71
13 76
13 190
13 191
13 725050
seqId 279
1 5
1 20
1 99
1 131
1 132
1 133
1 967
1 725051
2 3
2 5
2 20
2 2863
2 2865
2 725052
3 5
3 84
3 90
3 91
3 93
3 121
3 2333
3 2335
3 725053
4 10
4 109
4 112
4 1539
4 725054
5 660
5 4185
5 4186
5 4188
5 531002
6 9
6 10
6 11
6 13
6 725055
7 90
7 443
7 36191
7 55017
7 720872
7 725057
8 99
8 131
8 132
8 133
8 195
8 237
8 99604
9 3
9 20
9 195
9 5228
9 5230
9 725058
10 10
10 1605
10 1606
10 1608
10 725059
11 3
11 20
11 195
11 4434
11 14602
11 725060
12 243
12 244
12 245
12 247
12 725061
13 20
13 195
13 202
13 38807
13 144827
13 725062
14 3
14 20
14 72
14 195
14 340
14 1227
14 1229
14 1230
14 1231
14 725063
15 71
15 76
15 190
15 191
15 725064
seqId 280
1 660
1 2347
1 108273
1 108275
1 725065
2 660
2 228423
2 228424
2 228426
2 725066
3 76
3 342
3 343
3 345
3 54804
4 5
4 20
4 82
4 83
4 84
4 115
4 763
4 1002
4 725067
5 5
5 84
5 90
5 91
5 93
5 121
5 1509
5 16289
5 725068
6 660
6 1513
6 1514
6 1516
6 725069
7 5
7 20
7 99
7 133
7 175
7 176
7 1316
7 387752
8 3
8 5
8 20
8 1905
8 1907
8 725070
9 9
9 10
9 11
9 13
9 54814
10 3
10 5
10 20
10 19603
10 19605
10 725071
11 10
11 126
11 127
11 129
11 42384
12 99
12 131
12 132
12 133
12 195
12 237
12 725072
13 3
13 4
13 195
13 19911
13 83577
13 725073
14 4
14 195
14 202
14 340
14 10649
14 10651
14 10652
14 10653
14 37976
14 725074
15 9
15 10
15 11
15 13
15 725075
16 4
16 5
16 99
16 131
16 132
16 133
16 152
16 725076
17 3
17 4
17 5
17 15
17 17
17 725077
18 10
18 109
18 110
18 112
18 725078
19 3
19 5
19 20
19 222
19 224
19 725079
20 5
20 20
20 202
20 322
20 36035
20 725080
21 9
21 10
21 11
21 13
21 725081
22 660
22 30062
22 30063
22 30065
22 725082
23 71
23 76
23 190
23 191
23 725083
seqId 281
1 51
1 52
1 1427
1 1962
1 725084
2 76
2 592
2 593
2 595
2 725085
3 3
3 4
3 5
3 2608
3 2610
3 725086
4 243
4 244
4 245
4 247
4 725087
5 3
5 4
5 5
5 2613
5 2615
5 725088
6 9
6 10
6 11
6 13
6 725089
7 5
7 27
7 99
7 131
7 132
7 133
7 135
7 725090
8 2
8 3
8 4
8 5
8 181
8 725091
9 244
9 418
9 419
9 421
9 42404
10 9
10 10
10 11
10 13
10 725092
11 5
11 27
11 99
11 131
11 132
11 133
11 135
11 466268
12 3
12 4
12 5
12 642
12 23331
12 725093
13 660
13 2473
13 2474
13 2476
13 331416
14 5
14 20
14 202
14 43863
14 53223
14 725094
seqId 282
1 3
1 4
1 195
1 1742
1 1744
1 725095
2 4
2 195
2 202
2 15437
2 15439
2 725096
seqId 283
1 71
1 509
1 1639
1 1640
1 1642
1 725097
seqId 284
1 5
1 20
1 99
1 131
1 132
1 133
1 967
1 331422
2 3
2 5
2 20
2 1709
2 14619
2 725098
3 3
3 4
3 5
3 13599
3 13601
3 725099
4 20
4 195
4 202
4 2553
4 24170
4 725100
5 2
5 3
5 4
5 5
5 181
5 725101
6 71
6 76
6 190
6 191
6 725102
seqId 285
1 3
1 5
1 20
1 1186
1 4796
1 23193
1 24176
1 725103
2 76
2 342
2 343
2 345
2 414584
3 3
3 4
3 5
3 24179
3 24181
3 725104
4 76
4 342
4 343
4 345
4 725105
5 3
5 4
5 5
5 2608
5 4490
5 725106
6 9
6 10
6 11
6 13
6 404576
7 5
7 27
7 99
7 131
7 132
7 133
7 135
7 725107
8 2
8 3
8 4
8 5
8 181
8 725108
seqId 286
1 5
1 20
1 99
1 131
1 132
1 133
1 967
1 725109
2 3
2 5
2 20
2 10700
2 29791
2 725110
3 27
3 82
3 84
3 114
3 115
3 116
3 118
3 367437
4 5
4 84
4 91
4 93
4 121
4 703
4 707
4 956
4 725111
5 5
5 20
5 122
5 703
5 708
5 3777
5 4766
5 725112
6 90
6 443
6 125849
6 207808
6 725113
7 9
7 10
7 11
7 13
7 387798
8 90
8 443
8 8685
8 43218
8 43220
8 725114
9 99
9 115
9 195
9 773
9 776
9 2192
9 28103
9 28931
9 725115
10 3
10 20
10 195
10 13025
10 13027
10 725116
11 9
11 10
11 11
11 13
11 725117
12 3
12 5
12 20
12 24881
12 24883
12 725118
13 10
13 146
13 149
13 2548
13 725119
14 3
14 5
14 20
14 38959
14 38961
14 725120
15 5
15 20
15 99
15 133
15 175
15 176
15 1316
15 331449
16 3
16 5
16 20
16 2894
16 2896
16 503616
17 5
17 20
17 202
17 24227
17 24229
17 725121
18 82
18 84
18 114
18 115
18 116
18 1361
18 673709
19 90
19 121
19 122
19 1363
19 135670
19 725122
20 10
20 146
20 147
20 149
20 725123
21 90
21 443
21 4955
21 42616
21 725124
22 85
22 99
22 195
22 13851
22 13853
22 725125
23 3
23 4
23 195
23 3974
23 3976
23 725126
24 9
24 10
24 11
24 13
24 12487
25 3
25 4
25 5
25 11412
25 14762
25 673714
26 76
26 413
26 414
26 416
26 725127
27 71
27 509
27 1642
27 721061
27 721062
27 721064
27 725128
28 3
28 5
28 20
28 1689
28 1693
28 75863
28 84243
28 725129
29 5
29 20
29 202
29 1695
29 1697
29 725130
30 76
30 433
30 434
30 436
30 64708
31 71
31 76
31 190
31 191
31 725131
seqId 287
1 945
1 1010
1 10746
1 28725
1 725132
2 5
2 20
2 82
2 83
2 84
2 115
2 763
2 1002
2 331466
3 5
3 84
3 91
3 93
3 121
3 703
3 707
3 956
3 725133
4 5
4 20
4 90
4 122
4 708
4 713
4 26940
4 65017
4 725134
5 76
5 413
5 414
5 416
5 725135
6 10
6 71
6 1639
6 1640
6 1642
6 725136
7 3
7 4
7 5
7 1701
7 1703
7 725137
8 51
8 195
8 1705
8 1707
8 725138
9 76
9 433
9 434
9 436
9 725139
10 76
10 342
10 343
10 345
10 725140
11 5
11 20
11 82
11 83
11 84
11 115
11 763
11 1002
11 414627
12 5
12 84
12 90
12 91
12 93
12 121
12 1274
12 1276
12 725141
13 10
13 7340
13 9033
13 9035
13 725142
14 660
14 2347
14 2350
14 2522
14 725143
15 9
15 10
15 11
15 13
15 725144
16 51
16 195
16 204643
16 204645
16 725145
17 3
17 20
17 195
17 6913
17 6915
17 725146
18 5
18 20
18 99
18 133
18 175
18 176
18 1316
18 725147
19 3
19 5
19 20
19 2863
19 2865
19 725148
20 5
20 20
20 202
20 10523
20 10525
20 127444
21 82
21 759
21 5284
21 5286
21 673733
22 84
22 90
22 91
22 93
22 121
22 195
22 7504
22 52609
22 725149
23 479
23 660
23 125455
23 177290
23 177291
23 725150
24 99
24 133
24 175
24 176
24 195
24 234
24 603977
25 3
25 4
25 195
25 74788
25 74790
25 725151
26 4
26 195
26 202
26 8082
26 8084
26 725152
27 243
27 244
27 245
27 247
27 725153
28 230
28 231
28 232
28 234
28 613876
29 9
29 10
29 11
29 13
29 163
30 99
30 131
30 132
30 133
30 195
30 236
30 237
31 3
31 20
31 195
31 2034
31 3403
31 725154
32 9
32 10
32 11
32 13
32 725155
33 5
33 27
33 99
33 131
33 132
33 133
33 135
33 725156
34 5
34 67
34 5492
34 5494
34 5495
34 725157
35 76
35 342
35 343
35 345
35 414648
36 10
36 126
36 127
36 129
36 725158
37 99
37 133
37 175
37 176
37 195
37 234
37 725159
38 3
38 20
38 195
38 1684
38 1686
38 307845
39 82
39 758
39 759
39 761
39 725160
40 82
40 84
40 114
40 115
40 116
40 1361
40 99749
41 84
41 90
41 91
41 93
41 121
41 195
41 535
41 755
41 2653
41 103544
41 725161
42 660
42 30977
42 30978
42 30980
42 725162
43 10
43 146
43 147
43 149
43 613887
44 5
44 27
44 99
44 131
44 132
44 133
44 135
44 193591
45 3
45 4
45 5
45 6854
45 6856
45 725163
46 244
46 30977
46 30978
46 30980
46 725164
47 2822
47 2823
47 2824
47 2826
47 725165
48 10
48 146
48 147
48 149
48 722
49 99
49 131
49 132
49 133
49 195
49 236
49 237
50 3
50 4
50 195
50 39474
50 213325
50 725166
51 158
51 159
51 160
51 162
51 350456
52 9
52 10
52 11
52 13
52 163
53 5
53 20
53 99
53 131
53 132
53 133
53 165
53 166
54 3
54 5
54 20
54 222
54 224
54 725167
55 5
55 20
55 202
55 322
55 36035
55 725168
56 71
56 76
56 190
56 191
56 12565
seqId 288
1 5
1 85
1 99
1 10078
1 27149
1 64772
2 3
2 5
2 20
2 724
2 726
2 725169
3 9
3 10
3 24
3 26
3 27
3 725170
4 3
4 4
4 5
4 729
4 4454
4 725171
5 76
5 342
5 343
5 345
5 725172
6 27
6 82
6 84
6 114
6 115
6 116
6 118
6 725173
7 5
7 84
7 90
7 91
7 93
7 121
7 6786
7 89587
7 725174
8 4
8 5
8 99
8 133
8 175
8 176
8 178
8 725175
9 3
9 4
9 5
9 10638
9 10812
9 725176
10 10
10 1605
10 1606
10 1608
10 725177
11 20
11 195
11 202
11 1377
11 5238
11 725178
12 99
12 131
12 132
12 133
12 195
12 237
12 725179
13 3
13 20
13 195
13 2034
13 3403
13 725180
14 158
14 159
14 160
14 162
14 503697
15 9
15 10
15 11
15 13
15 163
16 5
16 20
16 99
16 131
16 132
16 133
16 165
16 166
17 3
17 5
17 20
17 217
17 800
17 54944
18 9
18 10
18 11
18 13
18 54945
19 3
19 4
19 5
19 15
19 17
19 725181
20 76
20 342
20 343
20 345
20 176089
21 660
21 3319
21 3320
21 3322
21 725182
22 9
22 10
22 24
22 26
22 27
22 725183
23 90
23 443
23 10192
23 398873
23 725184
24 99
24 131
24 132
24 133
24 195
24 237
24 725185
25 3
25 20
25 195
25 1684
25 1686
25 725186
26 82
26 758
26 759
26 761
26 725187
27 84
27 90
27 91
27 92
27 93
27 195
27 4766
27 154294
27 725188
28 5
28 27
28 99
28 131
28 132
28 133
28 135
28 725189
29 3
29 5
29 20
29 10801
29 10803
29 725190
30 230
30 231
30 232
30 234
30 604016
31 9
31 10
31 11
31 13
31 163
32 99
32 131
32 132
32 133
32 195
32 236
32 237
33 3
33 4
33 195
33 10683
33 62014
33 604017
34 10
34 146
34 147
34 149
34 725191
35 90
35 442
35 443
35 445
35 725192
36 660
36 976
36 979
36 1458
36 725193
37 944
37 945
37 946
37 948
37 725194
38 4
38 5
38 99
38 131
38 132
38 133
38 152
38 725195
39 3
39 4
39 5
39 6713
39 6715
39 725196
40 230
40 231
40 232
40 234
40 64813
41 9
41 10
41 11
41 13
41 163
42 99
42 131
42 132
42 133
42 195
42 236
42 237
43 3
43 20
43 195
43 14495
43 14501
43 725197
44 243
44 244
44 245
44 247
44 725198
45 3
45 20
45 195
45 1810
45 114409
45 306186
45 725199
46 76
46 342
46 343
46 345
46 387994
47 10
47 283
47 284
47 286
47 613921
48 4
48 5
48 99
48 133
48 175
48 176
48 178
48 725200
49 3
49 4
49 5
49 4107
49 4109
49 725201
50 660
50 1796
50 1797
50 1799
50 725202
51 4
51 5
51 202
51 327
51 329
51 725203
52 27
52 944
52 945
52 1463
52 3308
52 725204
53 4
53 5
53 202
53 623
53 625
53 626
53 725205
54 76
54 342
54 343
54 345
54 725206
55 4
55 5
55 202
55 3001
55 3003
55 725207
56 27
56 944
56 945
56 1463
56 3308
56 725208
57 4
57 5
57 202
57 13830
57 18206
57 725209
58 71
58 76
58 190
58 191
58 725210
59 5211
59 5212
59 5213
59 5215
59 725211
seqId 289
1 10
1 146
1 147
1 149
1 722
2 5
2 20
2 99
2 131
2 132
2 133
2 165
2 166
3 3
3 5
3 20
3 389
3 391
3 725212
4 9
4 10
4 11
4 13
4 42593
5 5
5 27
5 99
5 131
5 132
5 133
5 135
5 725213
6 3
6 4
6 5
6 729
6 4454
6 12658
7 51
7 195
7 32987
7 32989
7 725214
8 10
8 828
8 831
8 1539
8 725215
9 3
9 5
9 20
9 6890
9 6892
9 725216
10 76
10 342
10 343
10 345
10 725217
11 99
11 131
11 132
11 133
11 195
11 237
11 725218
12 3
12 4
12 195
12 10683
12 62014
12 725219
13 84
13 91
13 93
13 121
13 195
13 702
13 703
13 1062
13 725220
14 5
14 20
14 122
14 703
14 707
14 708
14 710
14 725221
15 4
15 90
15 122
15 195
15 340
15 708
15 713
15 4243
15 4245
15 725222
16 2822
16 2823
16 2824
16 2826
16 725223
17 10
17 146
17 147
17 149
17 722
18 99
18 131
18 132
18 133
18 195
18 236
18 237
19 3
19 4
19 195
19 1784
19 1786
19 725224
20 4
20 90
20 122
20 195
20 708
20 713
20 2787
20 78755
20 78757
20 725225
21 10
21 828
21 829
21 831
21 358997
22 99
22 131
22 132
22 133
22 195
22 237
22 12672
23 3
23 4
23 195
23 340
23 7524
23 7526
23 725226
24 158
24 159
24 160
24 162
24 42611
25 9
25 10
25 11
25 13
25 163
26 5
26 20
26 99
26 131
26 132
26 133
26 165
26 166
27 5
27 51
27 1559
27 1561
27 725227
28 3
28 5
28 20
28 2202
28 2204
28 725228
29 51
29 195
29 4167
29 4169
29 725229
30 76
30 342
30 343
30 345
30 725230
31 10
31 146
31 147
31 149
31 725231
32 4
32 5
32 99
32 131
32 132
32 133
32 152
32 725232
33 3
33 4
33 5
33 7190
33 17555
33 725233
34 9
34 10
34 11
34 13
34 404710
35 3
35 5
35 20
35 2778
35 2780
35 725234
36 9
36 10
36 11
36 13
36 725235
37 4
37 5
37 99
37 131
37 132
37 133
37 152
37 725236
38 3
38 4
38 5
38 4002
38 4004
38 388076
39 4
39 5
39 202
39 322
39 22672
39 725237
40 76
40 342
40 343
40 345
40 331593
41 717
41 718
41 719
41 721
41 331594
42 10
42 146
42 147
42 149
42 722
43 5
43 20
43 99
43 131
43 132
43 133
43 165
43 166
44 3
44 5
44 20
44 831
44 3584
44 10891
44 288450
44 725238
45 76
45 342
45 343
45 345
45 725239
46 10
46 146
46 147
46 149
46 725240
47 4
47 5
47 99
47 131
47 132
47 133
47 152
47 193715
48 3
48 4
48 5
48 216867
48 223612
48 725241
49 4
49 5
49 202
49 3386
49 6768
49 725242
50 10
50 126
50 127
50 129
50 725243
51 4
51 5
51 99
51 131
51 132
51 133
51 152
51 176170
52 3
52 4
52 5
52 26985
52 26987
52 725244
53 243
53 244
53 245
53 247
53 725245
54 5
54 20
54 99
54 131
54 132
54 133
54 166
54 55038
55 3
55 5
55 20
55 1320
55 1322
55 725246
56 71
56 76
56 190
56 191
56 42639
seqId 290
1 5
1 85
1 99
1 10078
1 27149
1 725247
2 3
2 4
2 5
2 729
2 4454
2 725248
3 27
3 82
3 84
3 114
3 115
3 116
3 118
3 604079
4 5
4 84
4 90
4 91
4 93
4 121
4 6786
4 89587
4 725249
5 660
5 1513
5 1514
5 1516
5 725250
6 4
6 5
6 99
6 133
6 175
6 176
6 178
6 725251
7 3
7 4
7 5
7 10638
7 10812
7 725252
8 10
8 126
8 127
8 129
8 725253
9 99
9 131
9 132
9 133
9 195
9 237
9 222021
10 3
10 20
10 195
10 5458
10 5460
10 725254
11 9
11 10
11 24
11 26
11 27
11 725255
12 3
12 4
12 195
12 10713
12 32482
12 725256
13 82
13 758
13 759
13 761
13 725257
14 82
14 83
14 115
14 195
14 4940
14 4941
14 28267
14 725258
15 84
15 91
15 93
15 121
15 195
15 703
15 707
15 1858
15 725259
16 20
16 90
16 122
16 195
16 708
16 713
16 24284
16 160628
16 725260
17 243
17 244
17 245
17 247
17 367609
18 5
18 27
18 99
18 131
18 132
18 133
18 135
18 725261
19 3
19 4
19 5
19 17302
19 77832
19 725262
20 9
20 10
20 24
20 26
20 27
20 725263
21 82
21 83
21 84
21 115
21 5729
21 5731
21 136696
22 90
22 443
22 5450
22 8909
22 725264
23 71
23 76
23 190
23 191
23 12750
seqId 291
1 660
1 5049
1 7881
1 7883
1 725265
2 76
2 342
2 343
2 345
2 725266
3 10
3 283
3 284
3 286
3 725267
4 5
4 20
4 99
4 131
4 132
4 133
4 166
4 725268
5 3
5 5
5 20
5 11731
5 11733
5 725269
6 9
6 10
6 11
6 13
6 725270
7 90
7 443
7 5661
7 31000
7 725271
8 660
8 2347
8 2348
8 2350
8 725272
9 4
9 5
9 202
9 428493
9 428495
9 725273
10 4
10 5
10 99
10 131
10 132
10 133
10 152
10 725274
11 3
11 4
11 5
11 2613
11 2615
11 725275
12 9
12 10
12 11
12 13
12 725276
13 5
13 27
13 99
13 131
13 132
13 133
13 135
13 725277
14 3
14 4
14 5
14 42386
14 98772
14 725278
15 76
15 342
15 343
15 345
15 725279
16 5
16 20
16 82
16 83
16 84
16 115
16 763
16 1002
16 725280
17 5
17 84
17 90
17 91
17 93
17 121
17 1274
17 1276
17 725281
18 5
18 20
18 99
18 133
18 175
18 176
18 1316
18 404759
19 3
19 5
19 20
19 9758
19 9760
19 725282
20 3
20 5
20 20
20 27573
20 27575
20 725283
21 5
21 20
21 202
21 2742
21 16528
21 725284
22 10
22 146
22 147
22 149
22 725285
23 5
23 27
23 99
23 131
23 132
23 133
23 135
23 725286
24 5
24 67
24 5492
24 5494
24 5495
24 725287
25 71
25 76
25 190
25 191
25 725288
seqId 292
1 5
1 99
1 115
1 773
1 776
1 2192
1 28103
1 62724
1 725289
2 3
2 5
2 20
2 4434
2 4436
2 531243
3 5
3 84
3 91
3 93
3 121
3 702
3 703
3 705
3 725290
4 5
4 20
4 90
4 122
4 708
4 769
4 1488
4 14134
4 725291
5 717
5 718
5 719
5 721
5 725292
6 10
6 146
6 147
6 149
6 722
7 5
7 20
7 99
7 131
7 132
7 133
7 165
7 166
8 3
8 5
8 20
8 389
8 391
8 725293
9 230
9 231
9 232
9 234
9 725294
10 9
10 10
10 11
10 13
10 163
11 99
11 131
11 132
11 133
11 195
11 236
11 237
12 51
12 195
12 11257
12 11259
12 308058
13 4
13 195
13 202
13 9960
13 28670
13 725295
14 3
14 4
14 195
14 729
14 731
14 725296
15 13
15 99
15 133
15 175
15 176
15 195
15 725297
16 20
16 195
16 202
16 1888
16 1890
16 725298
17 20
17 195
17 202
17 795
17 2446
17 725299
18 3
18 20
18 195
18 1806
18 1808
18 1809
18 1810
18 725300
19 71
19 76
19 190
19 191
19 12802
seqId 293
1 99
1 115
1 195
1 773
1 775
1 776
1 2192
1 12803
1 52605
2 3
2 20
2 195
2 1320
2 3384
2 725301
3 84
3 90
3 91
3 93
3 121
3 195
3 4766
3 6444
3 725302
4 5
4 27
4 99
4 131
4 132
4 133
4 135
4 725303
5 3
5 5
5 20
5 10801
5 10803
5 725304
6 9
6 10
6 24
6 26
6 27
6 725305
7 5
7 20
7 99
7 133
7 175
7 176
7 1316
7 725306
8 3
8 5
8 20
8 10300
8 10302
8 404787
9 5
9 20
9 202
9 302
9 304
9 725307
10 9
10 10
10 11
10 13
10 725308
11 4
11 5
11 99
11 131
11 132
11 133
11 152
11 42724
12 3
12 4
12 5
12 5469
12 5471
12 55127
13 230
13 231
13 232
13 234
13 725309
14 9
14 10
14 11
14 13
14 163
15 99
15 131
15 132
15 133
15 195
15 236
15 237
16 3
16 20
16 195
16 1980
16 1982
16 725310
17 3
17 20
17 195
17 2034
17 3403
17 725311
18 158
18 159
18 160
18 162
18 414824
19 9
19 10
19 11
19 13
19 163
20 5
20 20
20 99
20 131
20 132
20 133
20 165
20 166
21 3
21 5
21 20
21 217
21 800
21 331678
22 9
22 10
22 11
22 13
22 367678
23 3
23 4
23 5
23 15
23 17
23 725312
24 82
24 758
24 759
24 761
24 725313
25 82
25 83
25 84
25 109
25 112
25 115
25 604153
26 84
26 90
26 91
26 93
26 121
26 195
26 824
26 53463
26 725314
27 4
27 5
27 99
27 131
27 132
27 133
27 152
27 725315
28 3
28 4
28 5
28 813
28 815
28 725316
29 71
29 76
29 190
29 191
29 55148
seqId 294
1 4
1 5
1 99
1 133
1 175
1 176
1 5129
1 725317
2 3
2 4
2 5
2 8152
2 9005
2 725318
3 9
3 10
3 11
3 13
3 725319
4 3
4 5
4 20
4 10300
4 10302
4 725320
5 5
5 84
5 90
5 91
5 93
5 121
5 2081
5 2426
5 725321
6 443
6 703
6 707
6 2086
6 176289
7 660
7 1513
7 1514
7 1516
7 725322
8 4
8 5
8 90
8 122
8 708
8 713
8 824
8 826
8 725323
9 10
9 146
9 147
9 149
9 42751
10 5
10 27
10 99
10 131
10 132
10 133
10 135
10 725324
11 3
11 4
11 5
11 7295
11 7297
11 503856
12 158
12 159
12 160
12 162
12 222105
13 9
13 10
13 11
13 13
13 163
14 5
14 20
14 99
14 131
14 132
14 133
14 165
14 166
15 3
15 5
15 20
15 2863
15 2865
15 725325
16 5
16 20
16 202
16 10523
16 10525
16 725326
17 76
17 342
17 343
17 345
17 725327
18 10
18 3221
18 53306
18 53308
18 725328
19 99
19 131
19 132
19 133
19 195
19 237
19 222111
20 3
20 20
20 195
20 1684
20 1686
20 222112
21 20
21 90
21 122
21 195
21 708
21 713
21 32374
21 32376
21 725329
22 76
22 342
22 343
22 345
22 725330
23 945
23 1010
23 1011
23 1013
23 725331
24 10
24 283
24 284
24 286
24 725332
25 5
25 20
25 99
25 131
25 132
25 133
25 166
25 367705
26 3
26 5
26 20
26 4345
26 4347
26 725333
27 230
27 231
27 232
27 234
27 725334
28 9
28 10
28 11
28 13
28 163
29 99
29 131
29 132
29 133
29 195
29 236
29 237
30 3
30 4
30 195
30 642
30 644
30 725335
31 4
31 195
31 202
31 12924
31 59333
31 725336
32 76
32 413
32 414
32 416
32 725337
33 72
33 368
33 509
33 699
33 4586
33 5178
33 33199
33 725339
33 725340
34 76
34 433
34 434
34 436
34 725341
35 82
35 759
35 2852
35 2854
35 725342
36 99
36 131
36 132
36 133
36 195
36 237
36 193840
37 3
37 20
37 195
37 1806
37 1808
37 1809
37 1810
37 466546
38 84
38 91
38 93
38 121
38 195
38 703
38 707
38 1858
38 725343
39 3
39 20
39 195
39 2034
39 3403
39 725344
40 71
40 76
40 190
40 191
40 367714
seqId 295
1 10
1 109
1 878
1 1539
1 367715
2 660
2 4185
2 4186
2 4188
2 725345
3 76
3 342
3 343
3 345
3 531311
4 98
4 99
4 100
4 195
4 2073
4 614068
5 20
5 195
5 202
5 9960
5 9962
5 725346
6 84
6 90
6 91
6 93
6 121
6 195
6 1301
6 91832
6 725347
7 5
7 85
7 99
7 10078
7 10080
7 725348
8 3
8 4
8 5
8 729
8 4454
8 55198
9 76
9 342
9 343
9 345
9 55199
10 10
10 13688
10 20559
10 20561
10 725349
11 4
11 5
11 99
11 133
11 175
11 176
11 178
11 725350
12 3
12 4
12 5
12 126142
12 126144
12 725351
13 4
13 5
13 202
13 28325
13 28327
13 350690
14 76
14 342
14 343
14 345
14 350691
15 9
15 10
15 24
15 26
15 27
15 725352
16 4
16 5
16 99
16 133
16 175
16 176
16 178
16 725353
17 3
17 4
17 5
17 4900
17 4902
17 725354
18 660
18 2347
18 2348
18 2350
18 725355
19 660
19 6286
19 6287
19 6289
19 725356
20 4
20 5
20 90
20 122
20 708
20 713
20 6565
20 247099
20 725357
21 10
21 4919
21 4920
21 4922
21 100020
22 5
22 27
22 99
22 131
22 132
22 133
22 135
22 725358
23 3
23 4
23 5
23 33948
23 33950
23 725359
24 76
24 342
24 343
24 345
24 725360
25 4
25 5
25 99
25 131
25 132
25 133
25 152
25 725361
26 3
26 4
26 5
26 34306
26 34308
26 725362
27 9
27 10
27 11
27 13
27 725363
28 3
28 4
28 195
28 21181
28 21183
28 725364
29 243
29 244
29 245
29 247
29 429162
30 5
30 27
30 99
30 131
30 132
30 133
30 135
30 725365
31 3
31 4
31 5
31 6471
31 6473
31 404865
32 9
32 10
32 24
32 26
32 27
32 725366
33 5
33 20
33 99
33 133
33 175
33 176
33 1316
33 725367
34 3
34 5
34 20
34 1320
34 1322
34 725368
35 9
35 10
35 11
35 13
35 725369
36 3
36 4
36 5
36 15
36 17
36 725370
37 5
37 20
37 202
37 6111
37 6113
37 55232
38 944
38 945
38 946
38 948
38 55233
39 4
39 5
39 99
39 131
39 132
39 133
39 152
39 222177
40 3
40 4
40 5
40 10248
40 10250
40 725371
41 76
41 413
41 414
41 416
41 725372
42 3
42 5
42 20
42 71
42 1639
42 1642
42 12953
43 3
43 5
43 20
43 4539
43 4542
43 725373
44 3
44 20
44 195
44 3775
44 19731
44 308195
45 20
45 195
45 202
45 340
45 4047
45 4049
45 725374
46 76
46 433
46 434
46 436
46 725375
47 71
47 76
47 190
47 191
47 725376
seqId 296
1 3
1 4
1 5
1 1336
1 4737
1 26335
1 725377
seqId 297
1 99
1 131
1 132
1 133
1 195
1 1220
1 725378
2 3
2 20
2 195
2 340
2 2094
2 2096
2 725379
3 230
3 231
3 232
3 234
3 725380
4 9
4 10
4 11
4 13
4 163
5 99
5 131
5 132
5 133
5 195
5 236
5 237
6 4
6 195
6 202
6 9960
6 28670
6 725381
7 3
7 4
7 195
7 729
7 731
7 725382
8 243
8 244
8 245
8 247
8 55252
9 99
9 131
9 132
9 133
9 195
9 237
9 673962
10 3
10 4
10 195
10 7698
10 25421
10 725383
11 717
11 718
11 719
11 721
11 367767
12 10
12 146
12 147
12 149
12 722
13 5
13 20
13 99
13 131
13 132
13 133
13 165
13 166
14 3
14 5
14 20
14 1325
14 1327
14 725384
15 9
15 10
15 11
15 13
15 331778
16 5
16 99
16 115
16 773
16 776
16 2192
16 28103
16 28105
16 367770
17 3
17 5
17 20
17 4434
17 4436
17 725385
18 84
18 90
18 91
18 93
18 121
18 195
18 26703
18 104125
18 725386
19 5
19 20
19 99
19 133
19 175
19 176
19 1316
19 725387
20 3
20 5
20 20
20 29331
20 29333
20 725388
21 20
21 195
21 202
21 26371
21 26373
21 725389
22 3
22 4
22 195
22 14397
22 14399
22 725390
23 71
23 76
23 190
23 191
23 725391
seqId 298
1 3
1 4
1 5
1 4737
1 26574
1 26576
1 136971
2 5
2 202
2 302
2 304
2 725392
seqId 299
1 3
1 4
1 5
1 8694
1 26853
1 725393
2 243
2 244
2 245
2 247
2 725394
3 3
3 4
3 5
3 4002
3 4004
3 725395
seqId 300
1 4
1 5
1 99
1 131
1 132
1 133
1 811
1 176421
2 3
2 4
2 5
2 26646
2 26648
2 725396
3 230
3 231
3 232
3 234
3 725397
4 9
4 10
4 11
4 13
4 163
5 99
5 131
5 132
5 133
5 195
5 236
5 237
6 3
6 20
6 195
6 2034
6 3403
6 725398
7 9
7 10
7 11
7 13
7 725399
8 5
8 27
8 99
8 131
8 132
8 133
8 135
8 725400
9 2
9 3
9 4
9 5
9 181
9 331806
10 243
10 244
10 245
10 247
10 725401
11 230
11 231
11 232
11 234
11 604258
12 9
12 10
12 11
12 13
12 163
13 99
13 131
13 132
13 133
13 195
13 236
13 237
14 3
14 20
14 195
14 7149
14 7151
14 725402
15 76
15 342
15 343
15 345
15 725403
16 10
16 146
16 147
16 149
16 725404
17 4
17 5
17 99
17 131
17 132
17 133
17 152
17 725405
18 3
18 4
18 5
18 27110
18 27112
18 725406
19 230
19 231
19 232
19 234
19 136998
20 9
20 10
20 11
20 13
20 163
21 99
21 131
21 132
21 133
21 195
21 236
21 237
22 3
22 20
22 195
22 12983
22 23115
22 136999
23 20
23 195
23 202
23 5516
23 6792
23 725407
24 76
24 342
24 343
24 345
24 725408
25 10
25 146
25 147
25 149
25 725409
26 4
26 5
26 99
26 131
26 132
26 133
26 152
26 725410
27 3
27 4
27 5
27 4002
27 4004
27 725411
28 76
28 342
28 343
28 345
28 725412
29 10
29 146
29 147
29 149
29 222239
30 5
30 27
30 99
30 131
30 132
30 133
30 135
30 604269
31 3
31 4
31 5
31 5821
31 5823
31 725413
32 4
32 5
32 202
32 254
32 256
32 725414
33 76
33 342
33 343
33 345
33 503966
34 71
34 509
34 25601
34 25602
34 25604
34 503967
35 76
35 1267
35 1268
35 1270
35 725415
seqId 301
1 5
1 20
1 99
1 131
1 132
1 133
1 967
1 725416
2 3
2 5
2 20
2 10295
2 26947
2 725417
3 9
3 10
3 24
3 26
3 27
3 725418
4 3
4 4
4 5
4 26950
4 26952
4 725419
5 76
5 342
5 343
5 345
5 725420
6 3
6 4
6 5
6 4002
6 26956
6 725421
7 243
7 244
7 245
7 247
7 725422
8 3
8 4
8 195
8 26959
8 26961
8 725423
9 9
9 10
9 11
9 13
9 725424
10 3
10 5
10 20
10 1320
10 26965
10 725425
11 76
11 413
11 414
11 416
11 725426
12 67
12 26968
12 26969
12 26971
12 725427
13 76
13 433
13 434
13 436
13 725428
14 76
14 342
14 343
14 345
14 725429
15 3
15 4
15 5
15 6950
15 7026
15 725430
16 9
16 10
16 11
16 13
16 725431
17 5
17 27
17 99
17 131
17 132
17 133
17 135
17 725432
18 3
18 5
18 20
18 64
18 522
18 525
18 725433
19 76
19 342
19 343
19 345
19 725434
20 5
20 84
20 90
20 91
20 93
20 121
20 8415
20 26981
20 725435
21 10
21 146
21 147
21 149
21 725436
22 4
22 5
22 99
22 131
22 132
22 133
22 152
22 725437
23 3
23 4
23 5
23 26985
23 26987
23 725438
24 4
24 5
24 202
24 26989
24 26991
24 725439
25 243
25 244
25 245
25 247
25 531420
26 4
26 5
26 202
26 26994
26 26996
26 531421
27 243
27 244
27 245
27 247
27 725440
28 10
28 146
28 147
28 149
28 725441
29 5
29 27
29 99
29 131
29 132
29 133
29 135
29 725442
30 3
30 4
30 5
30 27001
30 27003
30 725443
31 230
31 231
31 232
31 234
31 531423
32 9
32 10
32 11
32 13
32 163
33 99
33 131
33 132
33 133
33 195
33 236
33 237
34 3
34 4
34 195
34 26959
34 27007
34 725444
35 9
35 10
35 11
35 13
35 194015
36 3
36 5
36 20
36 1320
36 1322
36 725445
37 71
37 76
37 190
37 191
37 725446
seqId 302
1 4
1 5
1 98
1 99
1 100
1 4105
1 725447
2 3
2 4
2 5
2 6950
2 7026
2 725448
3 82
3 758
3 759
3 761
3 725449
4 82
4 84
4 114
4 115
4 116
4 1361
4 367859
5 5
5 84
5 90
5 91
5 93
5 121
5 8855
5 13550
5 725450
6 660
6 12538
6 12539
6 12541
6 725451
7 5
7 84
7 90
7 91
7 93
7 121
7 24448
7 27015
7 725452
8 5
8 20
8 99
8 131
8 132
8 133
8 166
8 350827
9 3
9 5
9 20
9 27018
9 27020
9 725453
10 9
10 10
10 11
10 13
10 725454
11 3
11 4
11 5
11 26985
11 26987
11 725455
12 243
12 244
12 245
12 247
12 466698
13 3
13 4
13 5
13 4002
13 4004
13 725456
14 717
14 718
14 719
14 721
14 725457
15 10
15 146
15 147
15 149
15 722
16 5
16 20
16 99
16 131
16 132
16 133
16 165
16 166
17 3
17 5
17 20
17 1320
17 1322
17 725458
18 10
18 146
18 147
18 149
18 725459
19 3
19 4
19 5
19 1350
19 1352
19 725460
20 158
20 159
20 160
20 162
20 65218
21 9
21 10
21 11
21 13
21 163
22 5
22 20
22 99
22 131
22 132
22 133
22 165
22 166
23 3
23 5
23 20
23 2553
23 2555
23 725461
24 71
24 76
24 190
24 191
24 176512
seqId 303
1 5
1 20
1 99
1 131
1 132
1 133
1 967
1 725462
2 5
2 20
2 67
2 26968
2 26971
2 725463
3 5
3 84
3 91
3 93
3 121
3 703
3 707
3 956
3 725464
4 660
4 11739
4 11740
4 11742
4 725465
5 4
5 5
5 90
5 122
5 708
5 713
5 3372
5 24510
5 725466
6 10
6 146
6 147
6 149
6 194045
7 4
7 5
7 99
7 131
7 132
7 133
7 152
7 614180
8 3
8 4
8 5
8 8229
8 12263
8 127863
9 9
9 10
9 24
9 26
9 27
9 725467
10 3
10 4
10 5
10 44
10 621
10 725468
11 230
11 231
11 232
11 234
11 725469
12 9
12 10
12 11
12 13
12 163
13 99
13 131
13 132
13 133
13 195
13 236
13 237
14 3
14 20
14 195
14 12983
14 23115
14 725470
15 20
15 195
15 202
15 5516
15 6792
15 725471
16 71
16 76
16 190
16 191
16 725472
seqId 304
1 5
1 27
1 99
1 131
1 132
1 133
1 699
1 725473
2 3
2 5
2 20
2 64
2 522
2 525
2 725474
3 5
3 84
3 91
3 93
3 121
3 702
3 703
3 705
3 725475
4 5
4 20
4 90
4 122
4 708
4 769
4 5874
4 5876
4 725476
5 10
5 109
5 110
5 112
5 466719
6 51
6 195
6 4167
6 4169
6 725477
7 4
7 5
7 99
7 133
7 175
7 176
7 178
7 725478
8 3
8 4
8 5
8 7388
8 27055
8 725479
9 10
9 126
9 127
9 129
9 137089
10 4
10 5
10 99
10 131
10 132
10 133
10 152
10 725480
11 3
11 4
11 5
11 6713
11 6715
11 725481
12 9
12 10
12 11
12 13
12 531467
13 3
13 4
13 5
13 2613
13 2615
13 725482
14 717
14 718
14 719
14 721
14 604351
15 10
15 146
15 147
15 149
15 722
16 5
16 20
16 99
16 131
16 132
16 133
16 165
16 166
17 3
17 5
17 20
17 1320
17 1322
17 725483
18 660
18 5576
18 5577
18 5579
18 725484
19 9
19 10
19 11
19 13
19 504035
20 5
20 27
20 99
20 131
20 132
20 133
20 135
20 725485
21 3
21 5
21 20
21 3394
21 3396
21 725486
22 230
22 231
22 232
22 234
22 65275
23 9
23 10
23 11
23 13
23 163
24 99
24 131
24 132
24 133
24 195
24 236
24 237
25 3
25 20
25 195
25 2553
25 24170
25 725487
26 71
26 76
26 190
26 191
26 725488
seqId 305
1 5
1 20
1 99
1 133
1 175
1 176
1 9647
1 725489
2 3
2 5
2 20
2 1320
2 1322
2 725490
3 5
3 84
3 91
3 93
3 121
3 703
3 707
3 956
3 725491
4 660
4 26477
4 26478
4 26480
4 725492
5 5
5 20
5 90
5 122
5 708
5 713
5 3686
5 27076
5 725493
6 717
6 718
6 719
6 721
6 725494
7 10
7 146
7 147
7 149
7 722
8 5
8 20
8 99
8 131
8 132
8 133
8 165
8 166
9 3
9 5
9 20
9 1325
9 1327
9 725495
10 9
10 10
10 11
10 13
10 429306
11 5
11 27
11 99
11 131
11 132
11 133
11 135
11 725496
12 2
12 3
12 4
12 5
12 181
12 725497
13 9
13 10
13 11
13 13
13 725498
14 3
14 4
14 5
14 4900
14 55285
14 725499
15 243
15 244
15 245
15 247
15 725500
16 9
16 10
16 11
16 13
16 725501
17 3
17 4
17 5
17 15
17 5937
17 725502
18 5
18 20
18 202
18 222
18 224
18 725503
19 3
19 4
19 5
19 313
19 5251
19 725504
20 4
20 5
20 202
20 3199
20 5132
20 725505
21 10
21 126
21 127
21 129
21 725506
22 5
22 27
22 99
22 131
22 132
22 133
22 135
22 100214
23 3
23 4
23 5
23 44
23 621
23 725507
24 230
24 231
24 232
24 234
24 127924
25 9
25 10
25 11
25 13
25 163
26 99
26 131
26 132
26 133
26 195
26 236
26 237
27 3
27 20
27 195
27 12983
27 23115
27 725508
28 20
28 195
28 202
28 5516
28 6792
28 725509
29 71
29 76
29 190
29 191
29 405026
seqId 306
1 5
1 20
1 99
1 131
1 132
1 133
1 967
1 725510
2 3
2 5
2 20
2 1320
2 1322
2 725511
3 5
3 84
3 90
3 91
3 93
3 121
3 13580
3 13582
3 725512
4 10
4 146
4 147
4 149
4 604389
5 90
5 443
5 3257
5 14916
5 725513
6 5
6 27
6 99
6 131
6 132
6 133
6 135
6 725514
7 3
7 5
7 20
7 3394
7 3396
7 725515
8 230
8 231
8 232
8 234
8 137139
9 9
9 10
9 11
9 13
9 163
10 99
10 131
10 132
10 133
10 195
10 236
10 237
11 3
11 20
11 195
11 12983
11 23115
11 137140
12 20
12 195
12 202
12 5516
12 6792
12 725516
13 76
13 342
13 343
13 345
13 43054
14 10
14 146
14 147
14 149
14 725517
15 90
15 443
15 23260
15 24694
15 725518
16 99
16 131
16 132
16 133
16 195
16 237
16 725519
17 3
17 4
17 195
17 5280
17 7167
17 725520
18 9
18 10
18 11
18 13
18 367949
19 3
19 4
19 5
19 27110
19 27112
19 725521
20 243
20 244
20 245
20 247
20 725522
21 10
21 146
21 147
21 149
21 176605
22 90
22 443
22 9903
22 12062
22 725523
23 99
23 133
23 175
23 176
23 195
23 234
23 13237
24 3
24 4
24 195
24 4804
24 5101
24 725524
25 9
25 10
25 11
25 13
25 415083
26 3
26 4
26 5
26 27110
26 27112
26 725525
27 71
27 76
27 190
27 191
27 614249
seqId 307
1 5
1 27
1 99
1 131
1 132
1 133
1 699
1 614250
2 5
2 67
2 1256
2 1258
2 1259
2 725526
3 5
3 84
3 90
3 91
3 93
3 121
3 702
3 705
3 725527
4 51
4 195
4 1368
4 1370
4 725528
5 3
5 20
5 195
5 340
5 27126
5 27128
5 725529
6 9
6 10
6 11
6 13
6 43074
7 3
7 4
7 5
7 27110
7 27112
7 725530
8 10
8 19283
8 19284
8 19286
8 725531
9 5
9 20
9 99
9 131
9 132
9 133
9 166
9 725532
10 3
10 5
10 20
10 2553
10 2555
10 725533
11 5
11 20
11 202
11 1449
11 9927
11 725534
12 4326
12 4327
12 4328
12 4330
12 725535
13 10
13 146
13 147
13 149
13 722
14 20
14 82
14 195
14 759
14 1432
14 4332
14 4333
15 27
15 82
15 84
15 114
15 115
15 116
15 118
15 725536
16 5
16 84
16 90
16 91
16 93
16 121
16 17531
16 21077
16 614261
17 4
17 5
17 99
17 131
17 132
17 133
17 152
17 725537
18 3
18 4
18 5
18 27140
18 27142
18 27143
18 725538
19 9
19 10
19 11
19 13
19 725539
20 3
20 5
20 20
20 14392
20 14394
20 725540
21 71
21 76
21 190
21 191
21 725541
seqId 308
1 5
1 85
1 99
1 10078
1 27149
1 725542
2 3
2 4
2 5
2 729
2 4454
2 725543
3 76
3 342
3 343
3 345
3 614268
4 85
4 99
4 195
4 638
4 640
4 725544
5 3
5 20
5 195
5 2553
5 24170
5 725545
6 82
6 759
6 2852
6 2854
6 725546
7 99
7 133
7 175
7 176
7 195
7 234
7 725547
8 3
8 20
8 195
8 1229
8 27157
8 725548
9 3
9 20
9 195
9 10402
9 10404
9 725549
10 84
10 90
10 91
10 93
10 121
10 195
10 3906
10 27162
10 725550
11 5
11 20
11 99
11 131
11 132
11 133
11 166
11 308478
12 3
12 5
12 20
12 27165
12 27167
12 725551
13 3
13 5
13 20
13 27170
13 27172
13 27173
13 725552
14 5
14 20
14 202
14 1361
14 27175
14 27177
14 27178
14 725553
15 158
15 159
15 160
15 162
15 725554
16 9
16 10
16 11
16 13
16 163
17 5
17 20
17 99
17 131
17 132
17 133
17 165
17 166
18 3
18 5
18 20
18 1320
18 1322
18 725555
19 71
19 76
19 190
19 191
19 725556
seqId 309
1 660
1 5049
1 7881
1 7883
1 725557
2 76
2 342
2 343
2 345
2 194195
3 51
3 195
3 9463
3 12680
3 725558
4 3
4 20
4 195
4 25331
4 25718
4 725559
5 84
5 91
5 93
5 121
5 195
5 703
5 707
5 1858
5 614295
6 20
6 90
6 122
6 195
6 708
6 713
6 9952
6 27190
6 725560
7 10
7 109
7 112
7 2548
7 725561
8 660
8 1796
8 1797
8 1799
8 725562
9 944
9 945
9 946
9 948
9 725563
10 3
10 20
10 195
10 27195
10 27197
10 725564
11 9
11 10
11 24
11 26
11 27
11 604447
12 3
12 4
12 5
12 27200
12 27202
12 725565
13 243
13 244
13 245
13 247
13 725566
14 9
14 10
14 11
14 13
14 725567
15 3
15 4
15 5
15 9384
15 20103
15 725568
16 71
16 76
16 190
16 191
16 725569
seqId 310
1 4
1 5
1 99
1 131
1 132
1 133
1 811
1 725570
2 3
2 4
2 5
2 3199
2 5132
2 725571
3 9
3 10
3 11
3 13
3 43147
4 3
4 4
4 5
4 4002
4 4004
4 725572
5 230
5 231
5 232
5 234
5 725573
6 9
6 10
6 11
6 13
6 163
7 99
7 131
7 132
7 133
7 195
7 236
7 237
8 3
8 20
8 195
8 13358
8 13360
8 725574
9 9
9 10
9 24
9 26
9 27
9 725575
10 3
10 4
10 5
10 194
10 14840
10 725576
11 4
11 5
11 90
11 122
11 708
11 713
11 1345
11 4853
11 725577
12 10
12 109
12 110
12 112
12 725578
13 3
13 4
13 5
13 4406
13 24330
13 43157
14 10
14 283
14 284
14 286
14 725579
15 5
15 27
15 99
15 131
15 132
15 133
15 135
15 725580
16 2
16 3
16 4
16 5
16 181
16 725581
seqId 311
1 4
1 5
1 99
1 131
1 132
1 133
1 811
1 725582
2 3
2 4
2 5
2 3199
2 5132
2 725583
3 9
3 10
3 11
3 13
3 725584
4 3
4 4
4 5
4 4002
4 4004
4 725585
5 230
5 231
5 232
5 234
5 725586
6 9
6 10
6 11
6 13
6 163
7 99
7 131
7 132
7 133
7 195
7 236
7 237
8 3
8 20
8 195
8 13358
8 13360
8 725587
9 9
9 10
9 24
9 26
9 27
9 725588
10 3
10 4
10 5
10 194
10 14840
10 725589
11 5
11 84
11 91
11 93
11 121
11 703
11 707
11 956
11 725590
12 10
12 109
12 110
12 112
12 359440
13 3
13 5
13 20
13 389
13 391
13 725591
14 9
14 10
14 24
14 26
14 27
14 725592
15 3
15 4
15 5
15 9634
15 9636
15 725593
16 717
16 718
16 719
16 721
16 359443
17 10
17 146
17 147
17 149
17 722
18 5
18 20
18 99
18 131
18 132
18 133
18 165
18 166
19 3
19 5
19 20
19 1325
19 1327
19 725594
20 9
20 10
20 11
20 13
20 100344
21 5
21 27
21 99
21 131
21 132
21 133
21 135
21 725595
22 3
22 5
22 20
22 64
22 522
22 525
22 725596
23 71
23 76
23 190
23 191
23 725597
seqId 312
1 4
1 5
1 82
1 83
1 84
1 115
1 763
1 4750
1 725598
2 5
2 84
2 91
2 92
2 93
2 703
2 707
2 16563
2 725599
3 4
3 5
3 90
3 122
3 708
3 713
3 1548
3 3082
3 725600
4 3
4 4
4 5
4 4447
4 4449
4 725601
5 3
5 5
5 20
5 4604
5 4606
5 725602
6 51
6 195
6 1879
6 1881
6 725603
7 71
7 76
7 190
7 191
7 725604
seqId 313
1 85
1 99
1 195
1 638
1 6239
1 725605
2 3
2 20
2 195
2 11368
2 11370
2 725606
3 243
3 244
3 245
3 247
3 725607
4 3
4 20
4 195
4 4157
4 4159
4 725608
5 84
5 91
5 93
5 121
5 195
5 702
5 703
5 1062
5 725609
6 5
6 20
6 122
6 703
6 707
6 708
6 710
6 725610
7 20
7 90
7 122
7 195
7 708
7 713
7 3686
7 9599
7 725611
8 660
8 3319
8 3320
8 3322
8 725612
9 9
9 10
9 11
9 13
9 725613
10 90
10 443
10 1587
10 4347
10 125811
10 308571
11 4
11 5
11 98
11 99
11 100
11 1927
11 725614
12 3
12 4
12 5
12 3199
12 5132
12 725615
13 10
13 1387
13 1388
13 1390
13 725616
14 99
14 131
14 132
14 133
14 195
14 237
14 725617
15 20
15 195
15 202
15 2075
15 2077
15 725618
16 3
16 20
16 195
16 340
16 3533
16 3535
16 725619
17 71
17 76
17 190
17 191
17 725620
seqId 314
1 51
1 52
1 4934
1 4936
1 725621
2 76
2 592
2 593
2 595
2 725622
3 3
3 4
3 5
3 3268
3 5994
3 725623
4 67
4 24198
4 27254
4 27255
4 27257
4 725624
seqId 315
1 3
1 20
1 195
1 3118
1 27276
1 725625
2 20
2 195
2 202
2 3303
2 10106
2 725626
seqId 316
1 5
1 20
1 82
1 83
1 84
1 115
1 763
1 3948
1 725627
2 82
2 83
2 115
2 195
2 4940
2 4941
2 28267
2 725628
3 5
3 84
3 90
3 91
3 93
3 121
3 3787
3 16535
3 725629
4 944
4 945
4 946
4 948
4 725630
5 99
5 131
5 132
5 133
5 195
5 237
5 405154
6 3
6 20
6 195
6 3118
6 10103
6 725631
7 20
7 195
7 202
7 3303
7 10106
7 725632
8 20
8 90
8 122
8 195
8 708
8 713
8 1236
8 375428
8 725633
9 10
9 828
9 829
9 831
9 725634
10 5
10 27
10 99
10 131
10 132
10 133
10 135
10 725635
11 5
11 67
11 1026
11 3228
11 3231
11 3232
11 725636
12 10
12 109
12 110
12 112
12 308603
13 51
13 195
13 1851
13 1853
13 725637
14 5
14 20
14 82
14 83
14 84
14 115
14 166
14 763
14 725638
15 84
15 90
15 91
15 93
15 121
15 195
15 5640
15 8889
15 725639
16 75
16 76
16 77
16 79
16 725640
17 3
17 4
17 5
17 15116
17 15118
17 725641
18 4
18 5
18 202
18 3001
18 3003
18 725642
19 243
19 244
19 245
19 247
19 405168
20 4
20 5
20 202
20 2923
20 5110
20 725643
21 76
21 1267
21 1268
21 1270
21 725644
seqId 317
1 3
1 4
1 195
1 4228
1 4230
1 725645
2 4
2 5
2 202
2 302
2 304
2 725646
3 76
3 1267
3 1268
3 1270
3 725647
seqId 318
1 3
1 4
1 5
1 8943
1 32404
1 43269
2 10
2 4919
2 4920
2 4922
2 725648
3 99
3 131
3 132
3 133
3 195
3 237
3 725649
4 3
4 20
4 195
4 34626
4 34628
4 725650
5 20
5 72
5 195
5 202
5 340
5 6756
5 220553
5 220555
5 725651
6 76
6 1267
6 1268
6 1270
6 725652
seqId 319
1 3
1 4
1 5
1 2613
1 2615
1 725653
2 9
2 10
2 11
2 13
2 308634
3 3
3 5
3 20
3 4434
3 4436
3 308635
4 5
4 20
4 202
4 15583
4 15585
4 725654
5 76
5 1267
5 1268
5 1270
5 194315
seqId 320
1 3
1 5
1 20
1 1832
1 1834
1 725655
2 5
2 20
2 202
2 1466
2 18974
2 725656
3 9
3 10
3 11
3 13
3 100472
4 3
4 20
4 195
4 1806
4 1808
4 1809
4 1810
4 725657
5 243
5 244
5 245
5 247
5 725658
6 9
6 10
6 11
6 13
6 725659
7 3
7 4
7 195
7 340
7 10248
7 10250
7 725660
8 4
8 90
8 122
8 195
8 340
8 708
8 713
8 2514
8 12161
8 725661
9 76
9 25774
9 25775
9 25777
9 725662
seqId 321
1 3
1 20
1 195
1 3118
1 27276
1 725663
2 10
2 146
2 147
2 149
2 388923
3 90
3 443
3 8109
3 17672
3 725664
4 75
4 76
4 77
4 79
4 725665
seqId 322
1 76
1 592
1 593
1 595
1 725666
2 5
2 20
2 99
2 131
2 132
2 133
2 967
2 176822
3 3
3 5
3 20
3 475
3 25021
3 725667
4 5
4 20
4 202
4 65159
4 725669
4 725670
5 230
5 231
5 232
5 234
5 725671
6 9
6 10
6 11
6 13
6 163
7 99
7 131
7 132
7 133
7 195
7 236
7 237
8 3
8 20
8 195
8 2034
8 3403
8 725672
9 9
9 10
9 11
9 13
9 43312
10 5
10 27
10 99
10 131
10 132
10 133
10 135
10 194334
11 2
11 3
11 4
11 5
11 181
11 725673
12 76
12 413
12 414
12 416
12 359530
13 3
13 20
13 195
13 340
13 1942
13 1944
13 725674
14 10
14 146
14 147
14 149
14 725675
15 4
15 5
15 99
15 131
15 132
15 133
15 152
15 725676
16 3
16 4
16 5
16 2019
16 2021
16 725677
17 76
17 342
17 343
17 345
17 725678
18 3
18 4
18 5
18 2049
18 2290
18 725679
19 244
19 418
19 419
19 421
19 725680
20 3
20 4
20 5
20 1957
20 1959
20 725681
21 76
21 433
21 434
21 436
21 725682
22 27
22 660
22 661
22 910
22 912
22 351093
23 5
23 84
23 91
23 93
23 121
23 703
23 707
23 956
23 725683
24 660
24 661
24 1240
24 1242
24 405215
25 660
25 2509
25 2510
25 2512
25 725684
26 660
26 77557
26 77558
26 77560
26 725685
27 5
27 20
27 90
27 122
27 708
27 713
27 824
27 20556
27 725686
28 71
28 76
28 190
28 191
28 725687
seqId 323
1 76
1 592
1 593
1 595
1 725688
2 660
2 1305
2 60399
2 60401
2 725689
3 4
3 195
3 202
3 82780
3 121886
3 725690
4 76
4 342
4 343
4 345
4 359552
5 99
5 131
5 132
5 133
5 195
5 237
5 725691
6 3
6 4
6 15
6 195
6 4121
6 725692
7 82
7 84
7 114
7 115
7 116
7 1361
7 466989
8 90
8 121
8 122
8 792
8 1159
8 202913
8 725693
9 717
9 718
9 719
9 721
9 725694
10 10
10 146
10 147
10 149
10 722
11 5
11 20
11 99
11 131
11 132
11 133
11 165
11 166
12 3
12 5
12 20
12 21165
12 21167
12 725695
13 158
13 159
13 160
13 162
13 725696
14 9
14 10
14 11
14 13
14 163
15 5
15 20
15 99
15 131
15 132
15 133
15 165
15 166
16 3
16 5
16 20
16 222
16 224
16 725697
17 5
17 20
17 202
17 322
17 36035
17 405233
18 243
18 244
18 245
18 247
18 725698
19 26
19 27
19 99
19 133
19 175
19 176
19 195
19 725699
20 4
20 195
20 202
20 2294
20 3837
20 725700
21 3
21 4
21 195
21 13569
21 13571
21 725701
22 84
22 90
22 91
22 93
22 121
22 195
22 3360
22 23413
22 725702
23 443
23 703
23 707
23 2086
23 467016
24 20
24 90
24 122
24 195
24 340
24 708
24 713
24 5094
24 15904
24 725703
25 71
25 76
25 190
25 191
25 725704
seqId 324
1 76
1 592
1 593
1 595
1 405244
2 10
2 27775
2 87159
2 87161
2 674264
3 4
3 5
3 99
3 131
3 132
3 133
3 152
3 725705
4 3
4 4
4 5
4 172297
4 172299
4 725706
5 230
5 231
5 232
5 234
5 725707
6 9
6 10
6 11
6 13
6 163
7 99
7 131
7 132
7 133
7 195
7 236
7 237
8 3
8 20
8 195
8 1548
8 1715
8 725708
9 9
9 10
9 11
9 13
9 137432
10 5
10 99
10 773
10 776
10 28105
10 725709
11 2
11 3
11 4
11 5
11 181
11 725710
12 76
12 342
12 343
12 345
12 467028
13 5
13 20
13 82
13 84
13 115
13 763
13 1002
13 176895
14 5
14 84
14 90
14 93
14 121
14 3584
14 4621
14 5045
14 5047
14 725711
15 9
15 10
15 11
15 13
15 674274
16 90
16 443
16 40954
16 40956
16 725712
17 99
17 131
17 132
17 133
17 195
17 237
17 725713
18 3
18 4
18 195
18 5331
18 7585
18 725714
19 10
19 146
19 147
19 149
19 725715
20 3
20 20
20 195
20 5458
20 5460
20 725716
21 10
21 146
21 147
21 149
21 351127
22 3
22 20
22 195
22 429
22 4265
22 725717
23 71
23 76
23 190
23 191
23 725718
seqId 325
1 76
1 592
1 593
1 595
1 725719
2 99
2 131
2 132
2 133
2 195
2 1220
2 725720
3 3
3 4
3 195
3 4298
3 4504
3 604597
4 243
4 244
4 245
4 247
4 65645
5 3
5 20
5 195
5 1718
5 1720
5 725721
6 9
6 10
6 24
6 26
6 27
6 725722
7 4
7 5
7 99
7 133
7 175
7 176
7 178
7 176909
8 660
8 2347
8 2348
8 2350
8 725723
9 4
9 5
9 202
9 7021
9 7023
9 725724
10 3
10 4
10 5
10 4884
10 4886
10 725725
11 230
11 231
11 232
11 234
11 725726
12 9
12 10
12 11
12 13
12 163
13 99
13 131
13 132
13 133
13 195
13 236
13 237
14 3
14 4
14 15
14 195
14 4121
14 725727
15 82
15 84
15 114
15 115
15 116
15 1361
15 614460
16 90
16 121
16 122
16 535
16 755
16 2653
16 720603
16 725728
17 10
17 146
17 147
17 149
17 467057
18 5
18 99
18 115
18 773
18 776
18 2192
18 28103
18 28105
18 725729
19 3
19 5
19 20
19 4434
19 4436
19 725730
20 84
20 90
20 91
20 93
20 121
20 195
20 6965
20 6967
20 429589
21 660
21 2509
21 2510
21 2512
21 725731
22 9
22 10
22 24
22 26
22 27
22 725732
23 443
23 703
23 707
23 2086
23 65669
24 20
24 90
24 122
24 195
24 340
24 708
24 713
24 22310
24 68511
24 725733
25 71
25 76
25 190
25 191
25 725734
seqId 326
1 51
1 52
1 2151
1 2153
1 725735
2 76
2 592
2 593
2 595
2 725736
3 3
3 5
3 20
3 429
3 23585
3 725737
4 5
4 202
4 302
4 304
4 725738
5 10
5 146
5 147
5 149
5 725739
6 51
6 52
6 11257
6 11259
6 725740
7 3
7 20
7 195
7 6913
7 6915
7 725741
seqId 327
1 71
1 509
1 3204
1 3206
1 24193
1 725742
seqId 328
1 3
1 5
1 20
1 13025
1 49708
1 725743
2 9
2 10
2 11
2 13
2 725744
3 3
3 4
3 5
3 1536
3 4896
3 725745
seqId 329
1 5
1 20
1 99
1 131
1 132
1 133
1 967
1 725746
2 3
2 5
2 20
2 13025
2 30421
2 725747
3 9
3 10
3 11
3 13
3 725748
4 3
4 4
4 5
4 1536
4 4896
4 725749
5 5
5 84
5 90
5 91
5 92
5 93
5 28166
5 35437
5 725750
6 5
6 20
6 202
6 314151
6 314153
6 725751
7 76
7 342
7 343
7 345
7 725752
8 5
8 27
8 99
8 131
8 132
8 133
8 135
8 725753
9 2
9 3
9 4
9 5
9 181
9 725754
10 82
10 84
10 114
10 115
10 116
10 1361
10 725755
11 90
11 121
11 122
11 10330
11 104005
11 725756
12 9
12 10
12 24
12 26
12 27
12 725757
13 4
13 5
13 99
13 133
13 175
13 176
13 178
13 725758
14 4
14 5
14 202
14 3106
14 26492
14 504313
15 3
15 4
15 5
15 642
15 23331
15 725759
16 71
16 76
16 190
16 191
16 725760
seqId 330
1 51
1 195
1 4790
1 4792
1 725761
2 71
2 76
2 190
2 191
2 389080
seqId 331
1 3
1 20
1 195
1 1548
1 26802
1 62981
1 725762
seqId 332
1 27
1 82
1 84
1 114
1 115
1 116
1 310
1 725763
2 90
2 121
2 122
2 1815
2 1817
2 725764
3 99
3 133
3 175
3 176
3 195
3 234
3 725765
4 3
4 20
4 195
4 1548
4 1715
4 725766
5 76
5 342
5 343
5 345
5 725767
6 82
6 83
6 115
6 195
6 4940
6 4941
6 28267
6 725768
7 90
7 91
7 92
7 93
7 195
7 4941
7 4948
7 24322
7 32237
7 725769
8 10
8 146
8 147
8 149
8 137503
9 5
9 99
9 115
9 773
9 775
9 776
9 2192
9 3593
9 725770
10 3
10 5
10 20
10 475
10 25021
10 725771
11 76
11 342
11 343
11 345
11 725772
12 5
12 20
12 90
12 122
12 702
12 708
12 769
12 1903
12 725773
13 3
13 5
13 20
13 3963
13 3965
13 13667
14 717
14 718
14 719
14 721
14 725774
15 10
15 146
15 147
15 149
15 722
16 5
16 20
16 99
16 131
16 132
16 133
16 165
16 166
17 3
17 5
17 20
17 1832
17 1834
17 725775
18 9
18 10
18 11
18 13
18 725776
19 3
19 20
19 195
19 340
19 1942
19 1944
19 332251
20 71
20 76
20 190
20 191
20 332252
seqId 333
1 945
1 1010
1 10746
1 28725
1 725777
2 5
2 20
2 82
2 83
2 84
2 115
2 763
2 1002
2 725778
3 5
3 84
3 91
3 93
3 121
3 702
3 703
3 705
3 725779
4 660
4 1305
4 1306
4 1308
4 725780
5 5
5 20
5 122
5 703
5 707
5 708
5 710
5 674346
6 5
6 20
6 90
6 122
6 708
6 713
6 26940
6 65017
6 725781
7 76
7 342
7 343
7 345
7 725782
8 84
8 91
8 93
8 121
8 195
8 703
8 707
8 1858
8 725783
9 660
9 1305
9 1306
9 1308
9 725784
10 20
10 90
10 122
10 195
10 708
10 713
10 9388
10 17977
10 216155
10 725786
11 5
11 20
11 99
11 131
11 132
11 133
11 166
11 725787
12 3
12 5
12 20
12 2094
12 2096
12 725788
13 9
13 10
13 24
13 26
13 27
13 725789
14 5
14 20
14 99
14 133
14 175
14 176
14 1316
14 725790
15 3
15 5
15 20
15 1980
15 2182
15 725791
16 10
16 146
16 147
16 149
16 725792
17 4
17 5
17 99
17 131
17 132
17 133
17 152
17 725793
18 3
18 4
18 5
18 29374
18 29376
18 725794
19 51
19 195
19 1879
19 1881
19 725795
20 76
20 342
20 343
20 345
20 725796
21 10
21 378
21 379
21 381
21 725797
22 90
22 443
22 46370
22 166819
22 725798
23 67
23 10819
23 10820
23 10822
23 725799
24 67
24 699
24 15105
24 483778
24 719627
24 719628
24 725800
25 76
25 342
25 343
25 345
25 725801
26 243
26 244
26 245
26 247
26 725802
27 9
27 10
27 24
27 26
27 27
27 725803
28 5
28 20
28 99
28 133
28 175
28 176
28 1316
28 100694
29 3
29 5
29 20
29 1965
29 2157
29 725804
30 9
30 10
30 11
30 13
30 332275
31 3
31 4
31 195
31 1970
31 1972
31 725805
32 10
32 283
32 284
32 286
32 725806
33 99
33 131
33 132
33 133
33 195
33 237
33 725807
34 51
34 195
34 1501
34 1503
34 725808
35 3
35 20
35 195
35 6913
35 6915
35 308889
36 10
36 146
36 147
36 149
36 194530
37 90
37 442
37 443
37 445
37 725809
38 76
38 342
38 343
38 345
38 177010
39 10
39 378
39 379
39 381
39 725810
40 90
40 443
40 46370
40 166819
40 725811
41 67
41 51608
41 51609
41 51611
41 725812
42 67
42 857
42 145670
42 337029
42 719632
42 719633
42 725813
43 76
43 413
43 414
43 416
43 725814
44 71
44 509
44 1639
44 1640
44 1642
44 725815
45 3
45 4
45 5
45 3199
45 5132
45 725816
46 4
46 5
46 202
46 302
46 304
46 725817
47 76
47 433
47 434
47 436
47 725818
48 71
48 76
48 190
48 191
48 725819
seqId 334
1 51
1 195
1 26052
1 26054
1 725820
2 71
2 76
2 190
2 191
2 614536
seqId 335
1 3
1 20
1 195
1 340
1 1718
1 57849
1 725821
2 243
2 244
2 245
2 247
2 725822
3 3
3 5
3 20
3 4862
3 9651
3 725823
seqId 336
1 99
1 131
1 132
1 133
1 195
1 1220
1 725824
2 3
2 20
2 195
2 4862
2 4864
2 725825
3 10
3 109
3 110
3 112
3 415405
4 3
4 5
4 20
4 389
4 391
4 614543
5 84
5 91
5 92
5 93
5 195
5 703
5 707
5 12595
5 725826
6 20
6 90
6 122
6 195
6 340
6 708
6 713
6 5094
6 15904
6 725827
7 76
7 342
7 343
7 345
7 725828
8 10
8 109
8 110
8 112
8 725829
9 5
9 20
9 202
9 2310
9 2313
9 725830
10 3
10 5
10 20
10 2601
10 2603
10 725831
11 944
11 945
11 946
11 948
11 725832
12 99
12 131
12 132
12 133
12 195
12 237
12 65789
13 3
13 20
13 195
13 1650
13 4819
13 725833
14 9
14 10
14 11
14 13
14 308930
15 3
15 4
15 5
15 4900
15 4902
15 725834
16 10
16 828
16 829
16 831
16 725835
17 4
17 5
17 99
17 131
17 132
17 133
17 152
17 725836
18 3
18 4
18 5
18 15
18 17
18 725837
19 84
19 91
19 92
19 93
19 195
19 703
19 707
19 12595
19 222777
20 20
20 90
20 122
20 195
20 708
20 713
20 7537
20 44665
20 252015
20 295432
20 499741
20 725839
21 76
21 413
21 414
21 416
21 725840
22 10
22 71
22 1639
22 1640
22 1642
22 725841
23 3
23 4
23 5
23 1701
23 1703
23 725842
24 51
24 52
24 1427
24 1962
24 725843
25 76
25 433
25 434
25 436
25 725844
26 71
26 76
26 190
26 191
26 725845
seqId 337
1 660
1 3319
1 39691
1 39693
1 725846
2 9
2 10
2 11
2 13
2 725847
3 90
3 443
3 21513
3 21515
3 194571
4 98
4 99
4 100
4 195
4 2073
4 725848
5 3
5 20
5 195
5 1650
5 4819
5 351258
6 76
6 342
6 343
6 345
6 725849
7 5
7 20
7 99
7 131
7 132
7 133
7 166
7 504388
8 3
8 5
8 20
8 36755
8 84654
8 725850
9 5
9 84
9 91
9 93
9 121
9 702
9 703
9 705
9 725851
10 5
10 20
10 122
10 703
10 707
10 708
10 710
10 725852
11 20
11 90
11 122
11 708
11 713
11 1064
11 1066
11 43564
12 9
12 10
12 11
12 13
12 13810
13 90
13 443
13 18929
13 18931
13 725853
14 5
14 20
14 99
14 131
14 132
14 133
14 166
14 405409
15 3
15 5
15 20
15 130930
15 130932
15 725854
16 9
16 10
16 11
16 13
16 65820
17 99
17 115
17 195
17 773
17 776
17 2192
17 28103
17 28931
17 725855
18 3
18 20
18 195
18 340
18 2887
18 2889
18 725856
19 243
19 244
19 245
19 247
19 351272
20 9
20 10
20 11
20 13
20 504395
21 90
21 443
21 28692
21 536722
21 725857
22 99
22 131
22 132
22 133
22 195
22 237
22 725858
23 76
23 137
23 138
23 140
23 429761
24 3
24 4
24 195
24 13471
24 13473
24 725859
25 76
25 185
25 186
25 188
25 725860
26 4
26 90
26 122
26 195
26 340
26 708
26 713
26 4243
26 4245
26 137609
27 10
27 146
27 147
27 149
27 725861
28 99
28 133
28 175
28 176
28 195
28 234
28 725862
29 3
29 4
29 195
29 21181
29 21183
29 725863
30 660
30 7237
30 10032
30 10034
30 725864
31 4
31 195
31 202
31 2787
31 86641
31 359744
31 725865
32 71
32 76
32 190
32 191
32 359745
seqId 338
1 84
1 91
1 92
1 93
1 195
1 703
1 707
1 13153
1 92366
1 332350
2 660
2 1513
2 1514
2 1516
2 13837
3 4
3 90
3 122
3 195
3 708
3 713
3 2832
3 2834
3 725866
4 230
4 231
4 232
4 234
4 725867
5 9
5 10
5 11
5 13
5 163
6 99
6 131
6 132
6 133
6 195
6 236
6 237
7 3
7 4
7 195
7 6862
7 94731
7 725868
8 4
8 195
8 202
8 11147
8 12947
8 725869
9 9
9 10
9 24
9 26
9 27
9 725870
10 3
10 4
10 5
10 6854
10 6856
10 725871
11 158
11 159
11 160
11 162
11 725872
12 9
12 10
12 11
12 13
12 163
13 5
13 20
13 99
13 131
13 132
13 133
13 165
13 166
14 3
14 5
14 20
14 222
14 224
14 725873
15 5
15 20
15 202
15 322
15 36035
15 725874
16 76
16 413
16 414
16 416
16 725875
17 4
17 90
17 122
17 195
17 708
17 713
17 6804
17 6806
17 725876
18 10
18 279
18 11672
18 11673
18 725877
19 4
19 5
19 99
19 131
19 132
19 133
19 152
19 222841
20 3
20 4
20 5
20 8152
20 9005
20 725878
21 9
21 10
21 24
21 26
21 27
21 725879
22 3
22 20
22 195
22 4157
22 4159
22 725880
23 243
23 244
23 245
23 247
23 725881
24 9
24 10
24 11
24 13
24 725882
25 3
25 4
25 195
25 10683
25 62014
25 725883
26 4
26 195
26 202
26 340
26 11350
26 11352
26 725884
27 76
27 433
27 434
27 436
27 725885
28 82
28 758
28 759
28 761
28 725886
29 84
29 90
29 93
29 121
29 195
29 3360
29 4621
29 4623
29 725887
30 90
30 443
30 2333
30 3366
30 725888
31 2822
31 2823
31 2824
31 2826
31 725889
32 10
32 146
32 147
32 149
32 722
33 99
33 131
33 132
33 133
33 195
33 236
33 237
34 3
34 20
34 195
34 3632
34 3634
34 725890
35 158
35 159
35 160
35 162
35 405464
36 9
36 10
36 11
36 13
36 163
37 5
37 20
37 99
37 131
37 132
37 133
37 165
37 166
38 3
38 5
38 20
38 5018
38 5020
38 725891
39 5
39 20
39 72
39 202
39 6754
39 6756
39 6757
39 725892
40 9
40 10
40 11
40 13
40 368430
41 90
41 443
41 149479
41 149481
41 725893
42 10
42 109
42 110
42 112
42 531853
43 4
43 5
43 202
43 46696
43 213223
43 725894
44 3
44 4
44 5
44 17915
44 17917
44 725895
45 71
45 76
45 190
45 191
45 725896
seqId 339
1 660
1 5049
1 7881
1 7883
1 725897
2 76
2 342
2 343
2 345
2 368444
3 99
3 131
3 132
3 133
3 195
3 237
3 137675
4 3
4 4
4 195
4 340
4 5104
4 5106
4 725898
5 9
5 10
5 11
5 13
5 725899
6 5
6 27
6 99
6 131
6 132
6 133
6 135
6 725900
7 5
7 67
7 5492
7 5494
7 5495
7 725901
8 10
8 1387
8 1388
8 1390
8 467269
9 99
9 131
9 132
9 133
9 195
9 237
9 725902
10 3
10 4
10 195
10 597
10 31151
10 725903
11 4
11 195
11 202
11 13830
11 53096
11 725904
12 84
12 91
12 92
12 93
12 195
12 703
12 707
12 12595
12 725905
13 660
13 1539
13 2347
13 2350
13 725906
14 944
14 945
14 946
14 948
14 725907
15 660
15 661
15 179717
15 179719
15 725908
16 4
16 90
16 122
16 195
16 340
16 708
16 713
16 18929
16 61296
16 725909
17 75
17 76
17 77
17 79
17 725910
18 3
18 4
18 195
18 340
18 26519
18 26521
18 725911
19 9
19 10
19 11
19 13
19 725912
20 3
20 20
20 195
20 1980
20 1982
20 725913
21 243
21 244
21 245
21 247
21 194698
22 3
22 20
22 195
22 1806
22 1808
22 1809
22 1810
22 351342
23 20
23 195
23 202
23 13830
23 13832
23 725914
24 76
24 342
24 343
24 345
24 725915
25 3
25 4
25 5
25 7803
25 7805
25 725916
26 10
26 146
26 147
26 149
26 725917
27 99
27 133
27 175
27 176
27 195
27 234
27 725918
28 3
28 20
28 195
28 32417
28 32419
28 222905
29 9
29 10
29 11
29 13
29 222906
30 3
30 4
30 5
30 15
30 17
30 725919
31 10
31 146
31 147
31 149
31 309069
32 5
32 27
32 99
32 131
32 132
32 133
32 135
32 725920
33 3
33 5
33 20
33 13830
33 14171
33 725921
34 76
34 342
34 343
34 345
34 389335
35 3
35 4
35 5
35 2608
35 4490
35 725922
36 9
36 10
36 11
36 13
36 504469
37 3
37 20
37 195
37 2863
37 10735
37 725923
38 9
38 10
38 24
38 26
38 27
38 725924
39 3
39 4
39 5
39 1395
39 5941
39 725925
40 10
40 146
40 147
40 149
40 725926
41 5
41 27
41 99
41 131
41 132
41 133
41 135
41 725927
42 3
42 5
42 20
42 13830
42 14171
42 725928
43 76
43 342
43 343
43 345
43 725929
44 3
44 5
44 20
44 2863
44 2865
44 725930
45 9
45 10
45 11
45 13
45 504475
46 3
46 5
46 20
46 222
46 224
46 725931
47 5
47 20
47 90
47 122
47 708
47 713
47 22567
47 22569
47 725932
48 158
48 159
48 160
48 162
48 725933
49 9
49 10
49 11
49 13
49 163
50 5
50 20
50 99
50 131
50 132
50 133
50 165
50 166
51 3
51 5
51 20
51 1320
51 1322
51 725934
52 10
52 109
52 110
52 112
52 604803
53 3
53 4
53 5
53 9853
53 9855
53 725935
54 9
54 10
54 24
54 26
54 27
54 725936
55 3
55 20
55 195
55 14495
55 14501
55 725937
56 9
56 10
56 11
56 13
56 725938
57 85
57 99
57 195
57 638
57 640
57 405538
58 3
58 20
58 195
58 22020
58 22022
58 725939
59 10
59 283
59 284
59 286
59 725940
60 5
60 20
60 99
60 131
60 132
60 133
60 166
60 725941
61 3
61 5
61 20
61 4345
61 4347
61 725942
62 158
62 159
62 160
62 162
62 725943
63 9
63 10
63 11
63 13
63 163
64 5
64 20
64 99
64 131
64 132
64 133
64 165
64 166
65 5
65 20
65 67
65 31939
65 31942
65 725944
66 51
66 195
66 2054
66 2056
66 725945
67 3
67 5
67 20
67 222
67 224
67 725946
68 5
68 20
68 202
68 322
68 36035
68 725947
69 243
69 244
69 245
69 247
69 725948
70 3
70 4
70 195
70 5512
70 5514
70 725949
71 4
71 195
71 202
71 340
71 5516
71 5518
71 725950
72 71
72 76
72 190
72 191
72 725951
seqId 340
1 51
1 236453
1 338683
1 341232
1 725952
2 71
2 76
2 190
2 191
2 725953
seqId 341
1 3
1 20
1 195
1 340
1 1650
1 1652
1 725954
2 20
2 195
2 202
2 302
2 1655
2 725955
3 243
3 244
3 245
3 247
3 725956
4 20
4 195
4 202
4 2359
4 2361
4 725957
5 5211
5 5212
5 5213
5 5215
5 725958
seqId 342
1 10
1 146
1 147
1 149
1 722
2 5
2 20
2 99
2 131
2 132
2 133
2 165
2 166
3 3
3 5
3 20
3 13338
3 13340
3 725959
4 9
4 10
4 11
4 13
4 725960
5 4
5 5
5 99
5 131
5 132
5 133
5 152
5 725961
6 4
6 5
6 202
6 2244
6 3490
6 725962
7 3
7 4
7 5
7 214609
7 328404
7 725963
8 9
8 10
8 11
8 13
8 725964
9 3
9 4
9 5
9 3199
9 5132
9 725965
10 4
10 5
10 202
10 302
10 304
10 725966
11 76
11 342
11 343
11 345
11 725967
12 5
12 20
12 99
12 131
12 132
12 133
12 166
12 725968
13 3
13 5
13 20
13 429
13 431
13 725969
14 9
14 10
14 11
14 13
14 725970
15 5
15 27
15 99
15 131
15 132
15 133
15 135
15 725971
16 5
16 67
16 5492
16 5494
16 5495
16 725972
17 10
17 378
17 379
17 381
17 725973
18 99
18 131
18 132
18 133
18 195
18 237
18 725974
19 51
19 195
19 11257
19 11259
19 725975
20 4
20 195
20 202
20 566
20 28454
20 725976
21 3
21 4
21 195
21 729
21 731
21 725977
22 5
22 84
22 91
22 92
22 93
22 703
22 707
22 16563
22 725978
23 5
23 20
23 90
23 122
23 708
23 713
23 21159
23 208830
23 725979
24 10
24 279
24 11672
24 11673
24 725980
25 5
25 20
25 99
25 131
25 132
25 133
25 166
25 100954
26 3
26 5
26 20
26 83059
26 121289
26 725981
27 9
27 10
27 11
27 13
27 725982
28 4
28 5
28 99
28 131
28 132
28 133
28 152
28 725983
29 3
29 4
29 5
29 1767
29 1769
29 725984
30 76
30 342
30 343
30 345
30 504534
31 27
31 944
31 945
31 1463
31 3308
31 725985
32 5
32 20
32 82
32 83
32 84
32 115
32 763
32 1002
32 14103
33 27
33 82
33 84
33 114
33 115
33 116
33 118
33 725986
34 5
34 84
34 90
34 93
34 121
34 1815
34 4415
34 21609
34 725987
35 9
35 10
35 11
35 13
35 725988
36 5
36 99
36 115
36 773
36 774
36 775
36 776
36 778
36 725989
37 3
37 4
37 5
37 120346
37 120348
37 725990
38 244
38 418
38 419
38 421
38 309149
39 9
39 10
39 11
39 13
39 137798
40 4
40 5
40 99
40 115
40 773
40 774
40 775
40 776
40 3330
40 725991
41 3
41 4
41 5
41 4851
41 4853
41 725992
42 10
42 109
42 110
42 112
42 137802
43 3
43 4
43 5
43 4406
43 24330
43 725993
44 71
44 76
44 190
44 191
44 725994
seqId 343
1 10
1 146
1 1024
1 1026
1 725995
2 71
2 76
2 190
2 191
2 222996
3 3
3 4
3 5
3 120346
3 725997
3 725998
4 158
4 159
4 160
4 162
4 405592
5 9
5 10
5 11
5 13
5 163
6 5
6 20
6 99
6 131
6 132
6 133
6 165
6 166
7 3
7 5
7 20
7 429
7 431
7 725999
seqId 344
1 4
1 5
1 99
1 131
1 132
1 133
1 811
1 726000
2 3
2 4
2 5
2 1767
2 1769
2 726001
3 5
3 84
3 90
3 91
3 92
3 93
3 1648
3 7704
3 30340
3 726002
4 9
4 10
4 26
4 27
4 1539
4 726003
5 3
5 5
5 20
5 7120
5 7122
5 504554
6 99
6 131
6 132
6 133
6 195
6 237
6 66037
7 3
7 4
7 195
7 19879
7 26830
7 726004
8 4
8 90
8 122
8 195
8 340
8 708
8 713
8 20465
8 20467
8 726005
9 76
9 342
9 343
9 345
9 726006
10 660
10 1377
10 6485
10 6487
10 726007
11 660
11 6286
11 6287
11 6289
11 726008
12 5
12 20
12 99
12 131
12 132
12 133
12 166
12 100989
13 3
13 5
13 20
13 13224
13 13226
13 100990
14 717
14 718
14 719
14 721
14 100991
15 10
15 146
15 147
15 149
15 722
16 5
16 20
16 99
16 131
16 132
16 133
16 165
16 166
17 3
17 5
17 20
17 96
17 42925
17 151571
17 325932
17 726009
18 71
18 76
18 190
18 191
18 726010
seqId 345
1 5
1 20
1 90
1 122
1 708
1 713
1 878
1 11164
1 11166
1 11167
1 726011
2 10
2 283
2 284
2 286
2 726012
3 4
3 5
3 99
3 133
3 175
3 176
3 178
3 726013
4 3
4 4
4 5
4 4107
4 4109
4 726014
5 660
5 24605
5 24606
5 24608
5 726015
6 4
6 5
6 202
6 1403
6 7713
6 101001
7 76
7 342
7 343
7 345
7 726016
8 4
8 5
8 98
8 99
8 100
8 1927
8 726017
9 3
9 4
9 5
9 19879
9 19881
9 726018
10 5
10 84
10 90
10 91
10 93
10 121
10 2333
10 2335
10 726019
11 9
11 10
11 11
11 13
11 430017
12 90
12 443
12 10796
12 10798
12 726020
13 99
13 133
13 175
13 176
13 195
13 234
13 332541
14 3
14 20
14 195
14 10801
14 14877
14 726021
15 243
15 244
15 245
15 247
15 674583
16 3
16 4
16 195
16 32860
16 41465
16 726022
17 10
17 109
17 110
17 112
17 726023
18 3
18 4
18 5
18 3123
18 3125
18 531980
19 9
19 10
19 11
19 13
19 726024
20 90
20 443
20 27393
20 119307
20 726025
21 76
21 342
21 343
21 345
21 415644
22 10
22 72
22 831
22 5080
22 142971
22 357056
22 726026
23 99
23 131
23 132
23 133
23 195
23 237
23 726027
24 3
24 4
24 195
24 340
24 35277
24 35279
24 726028
25 4
25 195
25 202
25 8705
25 37392
25 726029
26 76
26 342
26 343
26 345
26 504593
27 4
27 135
27 195
27 202
27 8742
27 46410
27 150317
27 150319
27 726030
28 243
28 244
28 245
28 247
28 726031
29 4
29 195
29 202
29 18773
29 20364
29 726032
30 76
30 342
30 343
30 345
30 309241
31 99
31 133
31 175
31 176
31 195
31 234
31 726033
32 3
32 20
32 195
32 340
32 28122
32 28124
32 726034
33 76
33 342
33 343
33 345
33 14222
34 99
34 133
34 175
34 176
34 195
34 234
34 726035
35 3
35 4
35 195
35 340
35 33969
35 33971
35 726036
36 71
36 76
36 190
36 191
36 674601
seqId 346
1 244
1 1249
1 2068
1 2070
1 726037
2 5
2 20
2 99
2 131
2 132
2 133
2 166
2 726038
3 3
3 5
3 20
3 96
3 42925
3 151571
3 325932
3 726039
4 5
4 84
4 90
4 91
4 93
4 121
4 2081
4 2426
4 726040
5 443
5 703
5 707
5 2086
5 726041
6 660
6 1622
6 1623
6 1625
6 604917
7 5
7 20
7 90
7 122
7 708
7 713
7 33672
7 132646
7 726042
8 10
8 283
8 284
8 286
8 726043
9 4
9 5
9 99
9 133
9 175
9 176
9 178
9 726044
10 3
10 4
10 5
10 4107
10 4109
10 726045
11 660
11 726047
11 726048
11 726049
11 726050
12 4
12 5
12 202
12 48841
12 48843
12 726051
13 76
13 342
13 343
13 345
13 726052
14 10
14 146
14 147
14 149
14 405673
15 4
15 5
15 99
15 131
15 132
15 133
15 152
15 726053
16 3
16 4
16 5
16 13716
16 13718
16 726054
17 4
17 5
17 202
17 5918
17 26316
17 80034
17 94507
17 726055
18 4
18 5
18 202
18 134903
18 134905
18 726056
19 71
19 76
19 190
19 191
19 101062
seqId 347
1 5
1 20
1 82
1 83
1 84
1 115
1 763
1 3948
1 351493
2 27
2 82
2 84
2 114
2 115
2 116
2 118
2 726057
3 5
3 84
3 90
3 91
3 93
3 121
3 1815
3 2122
3 604932
4 660
4 918
4 919
4 921
4 726058
5 76
5 342
5 343
5 345
5 368641
6 3
6 2548
6 9789
6 9791
6 726059
7 10
7 146
7 147
7 149
7 726060
8 4
8 5
8 99
8 131
8 132
8 133
8 152
8 223085
9 3
9 4
9 5
9 4094
9 12255
9 726061
10 243
10 244
10 245
10 247
10 194936
11 4
11 5
11 99
11 131
11 132
11 133
11 152
11 14274
12 3
12 4
12 5
12 34518
12 34520
12 726062
13 9
13 10
13 24
13 26
13 27
13 467471
14 5
14 20
14 99
14 133
14 175
14 176
14 1316
14 726063
15 244
15 418
15 419
15 421
15 726064
16 85
16 99
16 195
16 638
16 640
16 726065
17 3
17 20
17 195
17 222
17 4204
17 726066
18 20
18 195
18 202
18 13830
18 13832
18 726067
19 76
19 342
19 343
19 345
19 467476
20 9
20 10
20 11
20 13
20 726068
21 660
21 22631
21 22632
21 22634
21 726069
22 90
22 443
22 1345
22 9933
22 726070
23 10
23 109
23 110
23 112
23 101092
24 3
24 4
24 5
24 23042
24 23044
24 726071
25 99
25 131
25 132
25 133
25 195
25 237
25 726072
26 3
26 4
26 195
26 12778
26 12780
26 726073
27 76
27 342
27 343
27 345
27 726074
28 99
28 131
28 132
28 133
28 195
28 237
28 726075
29 3
29 4
29 195
29 340
29 64972
29 64974
29 726077
30 9
30 10
30 24
30 26
30 27
30 726078
31 5
31 20
31 99
31 133
31 175
31 176
31 1316
31 177388
32 3
32 5
32 20
32 22743
32 32222
32 726079
33 5
33 202
33 1399
33 3538
33 726080
34 5
34 20
34 202
34 2742
34 16528
34 368667
35 717
35 718
35 719
35 721
35 43894
36 10
36 146
36 147
36 149
36 722
37 5
37 20
37 99
37 131
37 132
37 133
37 165
37 166
38 3
38 5
38 20
38 222
38 224
38 726081
39 5
39 20
39 202
39 13322
39 13324
39 726082
40 76
40 342
40 343
40 345
40 726083
41 9
41 10
41 11
41 13
41 726084
42 90
42 443
42 4646
42 4648
42 726085
43 20
43 82
43 84
43 98
43 100
43 102
43 430096
44 82
44 759
44 944
44 948
44 726086
45 4
45 5
45 99
45 131
45 132
45 133
45 152
45 177397
46 3
46 4
46 5
46 337
46 150313
46 726087
47 660
47 661
47 910
47 1234
47 726088
48 5
48 84
48 90
48 91
48 93
48 121
48 23744
48 30039
48 726089
49 660
49 661
49 1240
49 1242
49 726090
50 71
50 76
50 190
50 191
50 726091
seqId 348
1 4
1 5
1 99
1 131
1 132
1 133
1 811
1 66189
2 3
2 4
2 5
2 1767
2 1769
2 726092
3 5
3 84
3 90
3 91
3 92
3 93
3 1648
3 7704
3 30340
3 726093
4 660
4 818
4 819
4 821
4 726094
5 5
5 20
5 99
5 131
5 132
5 133
5 166
5 726095
6 3
6 5
6 20
6 4345
6 4347
6 726096
7 5
7 20
7 202
7 3244
7 7638
7 726097
8 230
8 231
8 232
8 234
8 726098
9 9
9 10
9 11
9 13
9 163
10 99
10 131
10 132
10 133
10 195
10 236
10 237
11 3
11 4
11 15
11 195
11 4121
11 726099
12 71
12 76
12 190
12 191
12 368690
seqId 349
1 84
1 90
1 91
1 92
1 93
1 195
1 26497
1 28710
1 91043
1 726101
2 9
2 10
2 24
2 26
2 27
2 726102
3 443
3 703
3 707
3 2086
3 726103
4 20
4 90
4 122
4 195
4 708
4 713
4 3346
4 5030
4 726104
5 99
5 131
5 132
5 133
5 195
5 237
5 309355
6 3
6 20
6 195
6 1320
6 3384
6 726105
7 20
7 72
7 90
7 122
7 195
7 279
7 340
7 708
7 713
7 4025
7 4027
7 532068
8 10
8 828
8 829
8 831
8 504691
9 4
9 5
9 99
9 133
9 175
9 176
9 178
9 726107
10 3
10 4
10 5
10 21181
10 44341
10 726108
11 10
11 126
11 127
11 129
11 177433
12 5
12 27
12 99
12 131
12 132
12 133
12 135
12 726109
13 3
13 4
13 5
13 44
13 621
13 726110
14 158
14 159
14 160
14 162
14 726111
15 9
15 10
15 11
15 13
15 163
16 5
16 20
16 99
16 131
16 132
16 133
16 165
16 166
17 3
17 5
17 20
17 222
17 224
17 726112
18 71
18 76
18 190
18 191
18 726113
seqId 350
1 660
1 2906
1 36107
1 41384
1 726114
2 4
2 5
2 99
2 131
2 132
2 133
2 152
2 66234
3 3
3 4
3 5
3 3974
3 177441
3 195150
4 4
4 5
4 202
4 1399
4 3538
4 726115
5 5
5 84
5 90
5 91
5 93
5 121
5 12400
5 12402
5 726116
6 4
6 5
6 82
6 83
6 84
6 115
6 595
6 763
6 13452
6 726117
7 99
7 115
7 195
7 773
7 774
7 775
7 776
7 3400
7 177448
8 3
8 20
8 195
8 2429
8 22565
8 177449
9 243
9 244
9 245
9 247
9 726118
10 5
10 84
10 90
10 91
10 93
10 121
10 201163
10 488200
10 726120
11 4
11 5
11 72
11 82
11 83
11 84
11 115
11 595
11 763
11 7291
11 13452
11 726121
12 10
12 126
12 127
12 129
12 726122
13 99
13 131
13 132
13 133
13 195
13 237
13 726123
14 3
14 20
14 195
14 352
14 354
14 726124
15 76
15 2911
15 2912
15 2914
15 726125
seqId 351
1 20
1 85
1 99
1 195
1 2075
1 199633
1 726126
2 3
2 20
2 195
2 340
2 27018
2 27020
2 726127
3 84
3 90
3 91
3 92
3 93
3 195
3 3360
3 21993
3 726128
4 443
4 703
4 707
4 2086
4 726129
5 660
5 2509
5 2510
5 2512
5 726130
6 20
6 90
6 122
6 195
6 340
6 708
6 713
6 35819
6 35870
6 726131
7 76
7 342
7 343
7 345
7 223189
8 4
8 5
8 99
8 131
8 132
8 133
8 152
8 726132
9 3
9 4
9 5
9 3974
9 195150
9 726133
10 9
10 10
10 11
10 13
10 726134
11 3
11 5
11 20
11 222
11 224
11 726135
12 90
12 121
12 122
12 2081
12 59620
12 605018
13 443
13 703
13 707
13 2086
13 504727
14 3
14 5
14 20
14 1539
14 137162
14 137164
14 726136
15 10
15 146
15 147
15 149
15 405781
16 3
16 5
16 20
16 137162
16 137164
16 726137
17 4
17 5
17 90
17 122
17 708
17 713
17 17308
17 17310
17 726138
18 10
18 279
18 11672
18 11673
18 726139
19 5
19 27
19 99
19 131
19 132
19 133
19 135
19 467584
20 3
20 5
20 20
20 16388
20 16390
20 726140
21 9
21 10
21 11
21 13
21 726141
22 5
22 99
22 115
22 773
22 774
22 775
22 776
22 778
22 726142
23 3
23 4
23 5
23 15102
23 15104
23 15105
23 15106
23 726143
24 76
24 342
24 343
24 345
24 726144
25 9
25 10
25 11
25 13
25 309406
26 5
26 99
26 115
26 773
26 774
26 775
26 776
26 778
26 726145
27 3
27 4
27 5
27 8619
27 8621
27 726146
28 244
28 418
28 419
28 421
28 726147
29 660
29 2509
29 2510
29 2512
29 674727
30 9
30 10
30 11
30 13
30 138031
31 5
31 99
31 115
31 773
31 774
31 775
31 776
31 778
31 605028
32 3
32 4
32 5
32 71445
32 71447
32 726148
33 71
33 76
33 190
33 191
33 726149
seqId 352
1 5
1 20
1 82
1 84
1 85
1 1310
1 28058
1 726150
2 9
2 10
2 11
2 13
2 351611
3 98
3 99
3 100
3 195
3 2073
3 726151
4 3
4 20
4 195
4 340
4 27018
4 27020
4 43996
5 5
5 84
5 90
5 91
5 93
5 121
5 98427
5 98429
5 726152
6 99
6 133
6 175
6 176
6 195
6 234
6 726153
7 3
7 4
7 195
7 18624
7 18626
7 726154
8 4
8 195
8 202
8 2742
8 2744
8 726155
9 90
9 121
9 122
9 702
9 2506
9 726156
10 3
10 5
10 20
10 22992
10 22994
10 726157
11 10
11 146
11 147
11 149
11 405812
12 4
12 5
12 99
12 131
12 132
12 133
12 152
12 726158
13 3
13 4
13 5
13 68061
13 68063
13 726159
14 158
14 159
14 160
14 162
14 415832
15 9
15 10
15 11
15 13
15 163
16 5
16 20
16 99
16 131
16 132
16 133
16 165
16 166
17 3
17 5
17 20
17 352
17 327565
17 614933
18 5
18 20
18 90
18 122
18 708
18 713
18 29368
18 181988
18 614934
19 10
19 828
19 829
19 831
19 726160
20 4
20 5
20 99
20 131
20 132
20 133
20 152
20 605053
21 3
21 4
21 5
21 3974
21 195150
21 726161
22 945
22 1010
22 1011
22 1013
22 726162
23 10
23 146
23 147
23 149
23 66312
24 4
24 5
24 99
24 131
24 132
24 133
24 152
24 726163
25 3
25 4
25 5
25 4094
25 12255
25 389694
26 9
26 10
26 11
26 13
26 726164
27 99
27 115
27 195
27 773
27 774
27 775
27 776
27 3400
27 726165
28 3
28 4
28 195
28 102735
28 102737
28 726166
29 76
29 342
29 343
29 345
29 66317
30 10
30 109
30 110
30 112
30 726167
31 5
31 20
31 202
31 2310
31 2313
31 726168
32 3
32 5
32 20
32 2601
32 2603
32 467622
33 27
33 944
33 945
33 1463
33 3308
33 726169
34 5
34 20
34 82
34 83
34 84
34 115
34 763
34 1002
34 14493
35 5
35 84
35 90
35 91
35 93
35 121
35 3777
35 4766
35 726170
36 3
36 5
36 20
36 5458
36 8342
36 726171
37 10
37 146
37 147
37 149
37 726172
38 99
38 133
38 175
38 176
38 195
38 234
38 726173
39 3
39 20
39 195
39 1320
39 3384
39 726174
40 9
40 10
40 11
40 13
40 726175
41 3
41 4
41 5
41 33368
41 33370
41 674763
42 4
42 5
42 202
42 1104
42 1951
42 18077
42 726176
43 9
43 10
43 11
43 13
43 726177
44 3
44 5
44 20
44 465
44 40514
44 726178
45 5
45 20
45 202
45 105379
45 105381
45 726179
46 244
46 418
46 419
46 421
46 726180
47 5
47 20
47 202
47 48841
47 48843
47 726181
48 71
48 76
48 190
48 191
48 726182
seqId 353
1 5
1 27
1 99
1 131
1 132
1 133
1 699
1 726183
2 3
2 4
2 5
2 44
2 621
2 405846
3 158
3 159
3 160
3 162
3 405847
4 9
4 10
4 11
4 13
4 163
5 5
5 20
5 99
5 131
5 132
5 133
5 165
5 166
6 3
6 5
6 20
6 222
6 224
6 726184
7 5
7 84
7 90
7 91
7 93
7 121
7 165697
7 189759
7 726185
8 76
8 342
8 343
8 345
8 726186
9 10
9 109
9 112
9 1539
9 726187
10 660
10 4185
10 4186
10 4188
10 726188
11 76
11 342
11 343
11 345
11 332837
12 9
12 10
12 11
12 13
12 726189
13 27
13 82
13 84
13 114
13 115
13 116
13 118
13 726190
14 90
14 443
14 10527
14 38747
14 726191
15 10
15 126
15 127
15 129
15 332840
16 5
16 27
16 99
16 131
16 132
16 133
16 135
16 726192
17 3
17 4
17 5
17 66879
17 66881
17 101282
18 244
18 418
18 419
18 421
18 101283
19 659
19 660
19 661
19 2274
19 726193
20 9
20 10
20 24
20 26
20 27
20 726194
21 4
21 5
21 99
21 133
21 175
21 176
21 178
21 726195
22 3
22 4
22 5
22 5512
22 34639
22 726196
23 9
23 10
23 11
23 13
23 614978
24 3
24 4
24 5
24 72508
24 72510
24 726197
25 243
25 244
25 245
25 247
25 614981
26 76
26 342
26 343
26 345
26 332846
27 660
27 2347
27 2348
27 2350
27 14536
28 660
28 10581
28 10582
28 10584
28 726198
29 76
29 342
29 343
29 345
29 726199
30 10
30 126
30 127
30 129
30 726200
31 4
31 5
31 99
31 131
31 132
31 133
31 152
31 66370
32 3
32 4
32 5
32 33368
32 33370
32 726201
33 230
33 231
33 232
33 234
33 223306
34 9
34 10
34 11
34 13
34 163
35 99
35 131
35 132
35 133
35 195
35 236
35 237
36 3
36 20
36 195
36 2723
36 3278
36 726202
37 10
37 1605
37 1606
37 1608
37 726203
38 4
38 5
38 99
38 131
38 132
38 133
38 152
38 14549
39 3
39 4
39 5
39 3974
39 195150
39 726204
40 4
40 5
40 202
40 1399
40 3538
40 726205
41 243
41 244
41 245
41 247
41 532177
42 5
42 27
42 99
42 131
42 132
42 133
42 135
42 726206
43 3
43 4
43 5
43 4804
43 33065
43 726207
44 71
44 76
44 190
44 191
44 726208
seqId 354
1 10
1 283
1 3640
1 3642
1 368813
2 4
2 5
2 99
2 133
2 175
2 176
2 178
2 726209
3 3
3 4
3 5
3 4107
3 4109
3 726210
4 4
4 5
4 202
4 2075
4 108442
4 726211
5 76
5 342
5 343
5 345
5 726212
6 84
6 91
6 92
6 93
6 195
6 703
6 707
6 12595
6 726213
7 4
7 90
7 122
7 195
7 340
7 708
7 713
7 5094
7 5096
7 726214
8 244
8 15672
8 15673
8 15675
8 726215
9 4
9 90
9 122
9 195
9 708
9 713
9 2787
9 28692
9 87088
9 726216
10 99
10 131
10 132
10 133
10 195
10 237
10 726217
11 3
11 4
11 15
11 195
11 4121
11 726218
12 82
12 84
12 114
12 115
12 116
12 1361
12 14573
13 90
13 121
13 122
13 792
13 1159
13 202913
13 726219
14 717
14 718
14 719
14 721
14 101334
15 10
15 146
15 147
15 149
15 722
16 5
16 20
16 99
16 131
16 132
16 133
16 165
16 166
17 3
17 5
17 20
17 21165
17 21167
17 726220
18 158
18 159
18 160
18 162
18 726221
19 9
19 10
19 11
19 13
19 163
20 5
20 20
20 99
20 131
20 132
20 133
20 165
20 166
21 3
21 5
21 20
21 222
21 224
21 14582
22 5
22 20
22 202
22 322
22 36035
22 726222
23 243
23 244
23 245
23 247
23 726223
24 26
24 27
24 99
24 133
24 175
24 176
24 195
24 351719
25 4
25 195
25 202
25 2294
25 3837
25 726224
26 3
26 4
26 195
26 13569
26 13571
26 726225
27 71
27 76
27 190
27 191
27 726226
seqId 355
1 67
1 71
1 407
1 18660
1 18661
1 101349
2 3
2 4
2 5
2 4851
2 62313
2 101350
3 10
3 109
3 110
3 112
3 177598
4 3
4 4
4 5
4 4406
4 24330
4 726227
5 158
5 159
5 160
5 162
5 726228
6 9
6 10
6 11
6 13
6 163
7 5
7 20
7 99
7 131
7 132
7 133
7 165
7 166
8 3
8 5
8 20
8 429
8 431
8 726229
seqId 356
1 10
1 146
1 1024
1 1026
1 223348
2 4
2 5
2 99
2 131
2 132
2 133
2 152
2 726230
3 3
3 4
3 5
3 369227
3 369229
3 726231
4 2822
4 2823
4 2824
4 2826
4 726232
5 10
5 146
5 147
5 149
5 722
6 99
6 131
6 132
6 133
6 195
6 236
6 237
7 3
7 4
7 195
7 19879
7 26830
7 726233
8 243
8 244
8 245
8 247
8 726234
9 717
9 718
9 719
9 721
9 726235
10 10
10 146
10 147
10 149
10 722
11 5
11 20
11 99
11 131
11 132
11 133
11 165
11 166
12 3
12 5
12 20
12 4345
12 4347
12 726236
13 5
13 20
13 202
13 3244
13 7638
13 726237
14 76
14 342
14 343
14 345
14 726238
15 5
15 84
15 90
15 91
15 92
15 93
15 4766
15 90628
15 726239
16 3
16 5
16 20
16 17801
16 17803
16 605131
17 4
17 5
17 99
17 131
17 132
17 133
17 152
17 195219
18 3
18 4
18 5
18 34587
18 34589
18 101366
19 230
19 231
19 232
19 234
19 351735
20 9
20 10
20 11
20 13
20 163
21 99
21 131
21 132
21 133
21 195
21 236
21 237
22 4
22 195
22 202
22 7021
22 38246
22 726240
23 3
23 4
23 195
23 24335
23 24337
23 726241
24 660
24 3261
24 3262
24 3264
24 726242
25 12196
25 12197
25 12198
25 12200
25 351739
26 9
26 10
26 11
26 13
26 163
27 4
27 82
27 195
27 759
27 1432
27 12202
27 12203
28 82
28 84
28 114
28 115
28 116
28 1361
28 504858
29 84
29 91
29 93
29 121
29 195
29 703
29 707
29 1858
29 726243
30 4
30 90
30 122
30 195
30 708
30 769
30 2787
30 246914
30 615051
30 719429
31 99
31 115
31 195
31 773
31 776
31 2192
31 28103
31 28931
31 726245
32 3
32 4
32 15
32 195
32 4121
32 726246
33 10
33 13688
33 20559
33 20561
33 726247
34 98
34 99
34 100
34 195
34 2073
34 726248
35 51
35 195
35 11257
35 11259
35 726249
36 4
36 195
36 202
36 9960
36 28670
36 726250
37 3
37 4
37 195
37 729
37 731
37 726251
38 71
38 76
38 190
38 191
38 726252
seqId 357
1 5
1 99
1 115
1 773
1 776
1 2192
1 28103
1 62724
1 726253
2 3
2 4
2 5
2 3199
2 5132
2 726254
3 27
3 82
3 84
3 114
3 115
3 116
3 118
3 605153
4 5
4 84
4 91
4 93
4 121
4 703
4 707
4 956
4 726255
5 4
5 5
5 90
5 122
5 708
5 769
5 4190
5 53926
5 726256
6 10
6 146
6 149
6 1539
6 726257
7 90
7 443
7 1334
7 8849
7 726258
8 9
8 10
8 11
8 13
8 726259
9 51
9 195
9 10375
9 10377
9 726260
10 20
10 195
10 202
10 7021
10 36568
10 532249
11 3
11 20
11 195
11 2320
11 16794
11 726261
12 75
12 76
12 77
12 79
12 726262
13 5
13 27
13 99
13 131
13 132
13 133
13 699
13 726263
14 3
14 5
14 20
14 479
14 7526
14 719437
14 726264
15 5
15 20
15 202
15 1399
15 3538
15 368909
16 230
16 231
16 232
16 234
16 726265
17 9
17 10
17 11
17 13
17 163
18 99
18 131
18 132
18 133
18 195
18 236
18 237
19 3
19 4
19 195
19 5512
19 5514
19 726266
20 158
20 159
20 160
20 162
20 726267
21 9
21 10
21 11
21 13
21 163
22 5
22 20
22 99
22 131
22 132
22 133
22 165
22 166
23 3
23 5
23 20
23 1320
23 1322
23 726268
24 76
24 1267
24 1268
24 1270
24 138249
seqId 358
1 5
1 27
1 99
1 131
1 132
1 133
1 699
1 726269
2 3
2 4
2 5
2 1784
2 10502
2 726270
3 230
3 231
3 232
3 234
3 726271
4 9
4 10
4 11
4 13
4 163
5 99
5 131
5 132
5 133
5 195
5 236
5 237
6 3
6 4
6 195
6 8152
6 8154
6 415972
7 9
7 10
7 11
7 13
7 467752
8 5
8 27
8 99
8 131
8 132
8 133
8 135
8 726272
9 3
9 4
9 5
9 2818
9 5508
9 726273
10 76
10 1267
10 1268
10 1270
10 726274
seqId 359
1 3
1 4
1 5
1 3162
1 3164
1 726275
2 243
2 244
2 245
2 247
2 726276
3 3
3 20
3 195
3 222
3 4204
3 726277
4 20
4 195
4 202
4 958
4 4207
4 726278
5 76
5 1267
5 1268
5 1270
5 66534
seqId 360
1 99
1 131
1 132
1 133
1 195
1 1220
1 726279
2 3
2 4
2 195
2 33489
2 34524
2 726280
3 9
3 10
3 11
3 13
3 726281
4 5
4 27
4 99
4 131
4 132
4 133
4 135
4 726282
5 3
5 5
5 20
5 23785
5 54281
5 726283
6 5
6 20
6 202
6 322
6 36035
6 726284
7 71
7 76
7 190
7 191
7 726285
seqId 361
1 98
1 99
1 100
1 195
1 8870
1 726286
2 3
2 20
2 195
2 2320
2 16794
2 101436
3 84
3 91
3 93
3 121
3 195
3 702
3 703
3 1062
3 726287
4 5
4 20
4 90
4 122
4 708
4 769
4 3777
4 4766
4 726288
5 4
5 5
5 99
5 131
5 132
5 133
5 152
5 726289
6 3
6 4
6 5
6 23500
6 23502
6 726290
7 9
7 10
7 11
7 13
7 726291
8 5
8 99
8 115
8 773
8 775
8 776
8 2192
8 3593
8 726292
9 3
9 4
9 5
9 30555
9 30557
9 726293
10 10
10 146
10 147
10 149
10 726294
11 90
11 443
11 36172
11 78363
11 726295
12 99
12 131
12 132
12 133
12 195
12 237
12 674885
13 3
13 20
13 195
13 1892
13 1894
13 726296
14 9
14 10
14 11
14 13
14 605193
15 3
15 5
15 20
15 10370
15 10372
15 101450
16 82
16 758
16 759
16 761
16 726297
17 84
17 90
17 91
17 93
17 121
17 195
17 97300
17 97302
17 726298
18 5
18 20
18 99
18 131
18 132
18 133
18 166
18 504920
19 3
19 5
19 20
19 222
19 224
19 726299
20 5
20 20
20 202
20 322
20 36035
20 726300
21 76
21 342
21 343
21 345
21 726301
22 660
22 1377
22 6485
22 6487
22 726302
23 10
23 109
23 110
23 112
23 177714
24 90
24 121
24 122
24 5661
24 5663
24 726303
25 3
25 5
25 20
25 10695
25 10697
25 726304
26 9
26 10
26 11
26 13
26 726305
27 4
27 5
27 99
27 131
27 132
27 133
27 152
27 726306
28 3
28 4
28 5
28 35277
28 35279
28 726307
29 230
29 231
29 232
29 234
29 504930
30 9
30 10
30 11
30 13
30 163
31 99
31 131
31 132
31 133
31 195
31 236
31 237
32 3
32 20
32 195
32 1320
32 3384
32 726308
33 20
33 90
33 122
33 195
33 708
33 713
33 3563
33 42648
33 726309
34 10
34 828
34 829
34 831
34 44220
35 99
35 131
35 132
35 133
35 195
35 237
35 726310
36 3
36 20
36 195
36 2034
36 3403
36 726311
37 9
37 10
37 11
37 13
37 726312
38 5
38 27
38 99
38 131
38 132
38 133
38 135
38 726313
39 5
39 67
39 5492
39 5494
39 5495
39 726314
40 71
40 76
40 190
40 191
40 726315
seqId 362
1 20
1 82
1 83
1 84
1 115
1 195
1 1824
1 9780
1 726316
2 84
2 91
2 92
2 93
2 195
2 703
2 707
2 12595
2 532308
3 660
3 14750
3 19069
3 19070
3 19072
4 20
4 90
4 122
4 195
4 340
4 708
4 713
4 18929
4 28054
4 726317
5 71
5 76
5 190
5 191
5 726318
seqId 363
1 51
1 52
1 680
1 1993
1 726319
2 76
2 433
2 434
2 436
2 504940
seqId 364
1 5
1 27
1 99
1 131
1 132
1 133
1 699
1 726320
2 3
2 5
2 20
2 479
2 7526
2 719437
2 726321
3 230
3 231
3 232
3 234
3 726322
4 9
4 10
4 11
4 13
4 163
5 99
5 131
5 132
5 133
5 195
5 236
5 237
6 3
6 4
6 195
6 5512
6 5514
6 726323
7 158
7 159
7 160
7 162
7 14764
8 9
8 10
8 11
8 13
8 163
9 5
9 20
9 99
9 131
9 132
9 133
9 165
9 166
10 3
10 5
10 20
10 1320
10 1322
10 726324
seqId 365
1 5
1 20
1 98
1 99
1 100
1 8099
1 138404
2 5
2 20
2 202
2 784
2 4033
2 726325
3 3
3 5
3 20
3 2320
3 2322
3 726326
4 5
4 84
4 91
4 93
4 121
4 703
4 707
4 956
4 416037
5 3
5 5
5 20
5 424
5 426
5 416038
6 9
6 10
6 24
6 26
6 27
6 726327
7 3
7 4
7 195
7 3781
7 15598
7 726328
8 4
8 195
8 202
8 795
8 3439
8 726329
9 71
9 76
9 190
9 191
9 504954
seqId 366
1 10
1 126
1 1922
1 1924
1 726330
2 5
2 20
2 99
2 131
2 132
2 133
2 166
2 726331
3 3
3 5
3 20
3 7393
3 7395
3 101507
4 9
4 10
4 11
4 13
4 66616
5 5
5 27
5 99
5 131
5 132
5 133
5 135
5 726332
6 3
6 4
6 5
6 36053
6 36055
6 726333
7 243
7 244
7 245
7 247
7 333043
8 9
8 10
8 11
8 13
8 333044
9 4
9 5
9 99
9 131
9 132
9 133
9 152
9 430420
10 3
10 4
10 5
10 49414
10 49416
10 726334
11 230
11 231
11 232
11 234
11 726335
12 9
12 10
12 11
12 13
12 163
13 99
13 131
13 132
13 133
13 195
13 236
13 237
14 3
14 20
14 195
14 7259
14 23768
14 726336
15 20
15 195
15 202
15 3386
15 3388
15 726337
16 230
16 231
16 232
16 234
16 726338
17 9
17 10
17 11
17 13
17 163
18 99
18 131
18 132
18 133
18 195
18 236
18 237
19 3
19 20
19 195
19 102171
19 102173
19 726339
20 76
20 342
20 343
20 345
20 726340
21 5
21 20
21 82
21 83
21 84
21 115
21 763
21 1002
21 726341
22 5
22 84
22 90
22 91
22 92
22 93
22 1648
22 4714
22 4716
22 726342
23 9
23 10
23 11
23 13
23 726343
24 90
24 443
24 1345
24 9933
24 726344
25 10
25 109
25 110
25 112
25 726345
26 3
26 4
26 5
26 23042
26 23044
26 726346
27 5
27 20
27 99
27 131
27 132
27 133
27 166
27 726347
28 3
28 5
28 20
28 108655
28 434436
28 434438
28 726348
29 82
29 758
29 759
29 761
29 44283
30 27
30 82
30 84
30 114
30 115
30 116
30 118
30 406044
31 5
31 84
31 90
31 91
31 93
31 121
31 12294
31 39710
31 177773
32 10
32 283
32 284
32 286
32 177774
33 99
33 131
33 132
33 133
33 195
33 237
33 309666
34 3
34 20
34 195
34 31126
34 38752
34 726349
35 9
35 10
35 11
35 13
35 467867
36 3
36 4
36 5
36 7803
36 7805
36 726350
37 76
37 342
37 343
37 345
37 532352
38 10
38 279
38 11672
38 11673
38 504988
39 5
39 27
39 99
39 131
39 132
39 133
39 135
39 726351
40 3
40 5
40 20
40 20035
40 20037
40 726352
41 230
41 231
41 232
41 234
41 726353
42 9
42 10
42 11
42 13
42 163
43 99
43 131
43 132
43 133
43 195
43 236
43 237
44 3
44 4
44 195
44 340
44 7524
44 7526
44 726354
45 158
45 159
45 160
45 162
45 726355
46 9
46 10
46 11
46 13
46 163
47 5
47 20
47 99
47 131
47 132
47 133
47 165
47 166
48 51
48 52
48 1559
48 1561
48 101564
49 3
49 5
49 20
49 2202
49 2204
49 726356
50 51
50 52
50 4167
50 4169
50 726357
51 71
51 76
51 190
51 191
51 726358
seqId 367
1 945
1 2473
1 4518
1 4520
1 726359
2 4
2 5
2 99
2 131
2 132
2 133
2 152
2 726360
3 3
3 4
3 5
3 216867
3 223612
3 726361
4 4
4 5
4 202
4 3386
4 6768
4 726362
5 9
5 10
5 24
5 26
5 27
5 309695
6 3
6 4
6 5
6 2818
6 5508
6 726363
7 10
7 1387
7 1388
7 1390
7 726364
8 99
8 131
8 132
8 133
8 195
8 237
8 177802
9 3
9 20
9 195
9 36760
9 36762
9 505001
10 20
10 195
10 202
10 340
10 99070
10 99072
10 726365
11 243
11 244
11 245
11 247
11 726366
12 5
12 27
12 99
12 131
12 132
12 133
12 135
12 726367
13 3
13 5
13 20
13 11279
13 11281
13 14848
14 5
14 20
14 202
14 3386
14 10488
14 726368
15 82
15 758
15 759
15 761
15 195423
16 4
16 5
16 99
16 131
16 132
16 133
16 152
16 369051
17 3
17 4
17 5
17 671350
17 717017
17 726369
18 27
18 660
18 661
18 910
18 912
18 615192
19 84
19 91
19 93
19 121
19 195
19 702
19 703
19 1062
19 726370
20 660
20 661
20 179717
20 179719
20 726371
21 122
21 703
21 707
21 708
21 710
21 726372
22 660
22 17966
22 17967
22 17969
22 726373
23 20
23 90
23 122
23 195
23 340
23 708
23 713
23 2784
23 2786
23 726374
24 76
24 342
24 343
24 345
24 726375
25 20
25 85
25 99
25 195
25 1589
25 2970
25 726376
26 3
26 20
26 195
26 22743
26 22745
26 726377
27 84
27 90
27 91
27 93
27 121
27 195
27 6786
27 34699
27 726378
28 4
28 5
28 99
28 131
28 132
28 133
28 152
28 406079
29 3
29 4
29 5
29 4298
29 4300
29 726379
30 10
30 146
30 147
30 149
30 223590
31 99
31 133
31 175
31 176
31 195
31 234
31 223591
32 3
32 4
32 195
32 8152
32 8154
32 726380
33 4
33 195
33 202
33 39745
33 181682
33 726381
34 9
34 10
34 11
34 13
34 223593
35 3
35 4
35 5
35 497
35 59441
35 470354
35 726383
35 726384
36 244
36 418
36 419
36 421
36 726385
37 9
37 10
37 11
37 13
37 390137
38 3
38 4
38 5
38 392863
38 470354
38 726387
38 726388
39 76
39 413
39 414
39 416
39 726389
40 660
40 2522
40 17966
40 17969
40 726390
41 9
41 10
41 11
41 13
41 66709
42 3
42 4
42 195
42 3707
42 41983
42 177835
43 82
43 758
43 759
43 761
43 605311
44 84
44 90
44 91
44 93
44 121
44 195
44 165697
44 167437
44 726391
45 9
45 10
45 24
45 26
45 27
45 726392
46 443
46 703
46 707
46 2086
46 467925
47 4
47 90
47 122
47 195
47 340
47 708
47 713
47 36172
47 610553
47 726393
48 76
48 433
48 434
48 436
48 177841
49 10
49 1387
49 1388
49 1390
49 726394
50 26
50 27
50 99
50 133
50 175
50 176
50 195
50 726395
51 20
51 195
51 202
51 2294
51 3837
51 726396
52 3
52 20
52 195
52 3632
52 3634
52 726397
53 944
53 945
53 946
53 948
53 726398
54 99
54 131
54 132
54 133
54 195
54 237
54 406106
55 3
55 20
55 195
55 36760
55 36762
55 726399
56 76
56 342
56 343
56 345
56 726400
57 10
57 146
57 147
57 149
57 726401
58 5
58 27
58 99
58 131
58 132
58 133
58 135
58 726402
59 3
59 4
59 5
59 35292
59 35294
59 406112
60 158
60 159
60 160
60 162
60 406113
61 9
61 10
61 11
61 13
61 163
62 5
62 20
62 99
62 131
62 132
62 133
62 165
62 166
63 3
63 5
63 20
63 13358
63 28067
63 726403
64 5
64 20
64 202
64 22424
64 179192
64 726404
65 71
65 76
65 190
65 191
65 726405
seqId 368
1 98
1 99
1 100
1 195
1 8870
1 726406
2 3
2 4
2 195
2 1784
2 1786
2 726407
3 660
3 661
3 910
3 1234
3 726408
4 84
4 90
4 91
4 93
4 121
4 195
4 2081
4 14250
4 726409
5 90
5 443
5 188523
5 407375
5 726411
6 9
6 10
6 11
6 13
6 726412
7 90
7 443
7 31757
7 33170
7 101639
8 4
8 5
8 99
8 131
8 132
8 133
8 152
8 406124
9 3
9 4
9 5
9 3691
9 3693
9 138568
10 10
10 126
10 127
10 129
10 101644
11 5
11 20
11 99
11 131
11 132
11 133
11 166
11 726413
12 3
12 5
12 20
12 217733
12 287283
12 726415
13 82
13 758
13 759
13 761
13 138572
14 5
14 84
14 90
14 91
14 93
14 121
14 128614
14 721246
14 726416
15 27
15 660
15 21971
15 21974
15 21975
15 39567
15 726417
16 5
16 27
16 99
16 131
16 132
16 133
16 135
16 726418
17 3
17 5
17 20
17 7259
17 7261
17 726419
18 5
18 20
18 202
18 3244
18 7638
18 726420
19 82
19 759
19 2852
19 2854
19 726421
20 99
20 131
20 132
20 133
20 195
20 237
20 726422
21 3
21 20
21 195
21 43492
21 43494
21 726423
22 82
22 84
22 114
22 115
22 116
22 1361
22 726424
23 84
23 90
23 91
23 93
23 121
23 195
23 755
23 38175
23 726426
23 726427
23 726428
24 76
24 342
24 343
24 345
24 726429
25 5
25 27
25 99
25 131
25 132
25 133
25 135
25 726430
26 3
26 5
26 20
26 7259
26 7261
26 195514
27 5
27 20
27 202
27 3386
27 10488
27 726431
28 76
28 342
28 343
28 345
28 44410
29 82
29 758
29 759
29 761
29 726432
30 660
30 661
30 910
30 1234
30 605348
31 5
31 84
31 90
31 93
31 121
31 4621
31 12336
31 12338
31 726433
32 82
32 84
32 114
32 115
32 116
32 1361
32 726434
33 90
33 443
33 13574
33 212254
33 505073
34 10
34 1387
34 1388
34 1390
34 726435
35 4
35 5
35 99
35 131
35 132
35 133
35 152
35 726436
36 3
36 4
36 5
36 3290
36 3292
36 726437
37 230
37 231
37 232
37 234
37 138597
38 9
38 10
38 11
38 13
38 163
39 99
39 131
39 132
39 133
39 195
39 236
39 237
40 3
40 20
40 195
40 7259
40 23768
40 726438
41 20
41 195
41 202
41 6690
41 9994
41 726439
42 76
42 342
42 343
42 345
42 726440
43 243
43 244
43 245
43 247
43 726441
44 5
44 27
44 99
44 131
44 132
44 133
44 135
44 726442
45 3
45 5
45 20
45 7259
45 7261
45 726443
46 9
46 10
46 11
46 13
46 726444
47 5
47 27
47 99
47 131
47 132
47 133
47 135
47 726445
48 3
48 4
48 5
48 2818
48 5508
48 726446
49 71
49 76
49 190
49 191
49 726447
seqId 369
1 72
1 660
1 5077
1 5080
1 5215
1 6232
1 726448
2 76
2 342
2 343
2 345
2 726449
3 82
3 84
3 114
3 115
3 116
3 1361
3 726450
4 5
4 84
4 90
4 91
4 93
4 121
4 1104
4 4985
4 726452
4 726453
5 4
5 5
5 99
5 133
5 175
5 176
5 178
5 726454
6 3
6 4
6 5
6 4249
6 4251
6 726455
7 82
7 758
7 759
7 761
7 726456
8 5
8 84
8 90
8 91
8 93
8 121
8 37621
8 93372
8 726457
9 2822
9 2823
9 2824
9 2826
9 177911
10 10
10 146
10 147
10 149
10 722
11 99
11 131
11 132
11 133
11 195
11 236
11 237
12 3
12 4
12 195
12 2196
12 2198
12 177912
13 243
13 244
13 245
13 247
13 726458
14 3
14 4
14 195
14 340
14 20436
14 20438
14 726459
15 10
15 4919
15 4920
15 4922
15 726460
16 4
16 82
16 195
16 759
16 1432
16 12203
16 726461
17 5
17 84
17 91
17 93
17 121
17 703
17 707
17 956
17 726462
18 4
18 5
18 90
18 122
18 708
18 713
18 6565
18 247099
18 726463
19 4
19 5
19 99
19 131
19 132
19 133
19 152
19 675043
20 3
20 4
20 5
20 4228
20 13593
20 333238
21 4
21 5
21 202
21 159667
21 233854
21 726464
22 9
22 10
22 11
22 13
22 726465
23 3
23 4
23 195
23 337
23 3929
23 726466
24 10
24 283
24 284
24 286
24 726467
25 99
25 131
25 132
25 133
25 195
25 237
25 726468
26 3
26 4
26 195
26 5512
26 5514
26 726469
27 9
27 10
27 11
27 13
27 726470
28 3
28 5
28 20
28 1320
28 1322
28 726471
29 71
29 76
29 190
29 191
29 726472
seqId 370
1 10
1 126
1 1922
1 1924
1 726473
2 5
2 20
2 99
2 131
2 132
2 133
2 166
2 390270
3 3
3 5
3 20
3 7393
3 7395
3 726474
4 158
4 159
4 160
4 162
4 726475
5 9
5 10
5 11
5 13
5 163
6 5
6 20
6 99
6 131
6 132
6 133
6 165
6 166
7 3
7 5
7 20
7 2723
7 2725
7 726476
8 9
8 10
8 24
8 26
8 27
8 138643
9 3
9 5
9 20
9 38181
9 38183
9 726477
10 76
10 342
10 343
10 345
10 726478
11 99
11 131
11 132
11 133
11 195
11 237
11 726479
12 3
12 4
12 195
12 18624
12 18626
12 726480
13 4
13 90
13 122
13 195
13 708
13 713
13 2787
13 98427
13 110297
13 726481
14 10
14 828
14 829
14 831
14 726482
15 4
15 5
15 99
15 131
15 132
15 133
15 152
15 309860
16 3
16 4
16 5
16 4851
16 4853
16 726483
17 10
17 109
17 110
17 112
17 675064
18 3
18 4
18 5
18 4406
18 24330
18 726484
19 230
19 231
19 232
19 234
19 726485
20 9
20 10
20 11
20 13
20 163
21 99
21 131
21 132
21 133
21 195
21 236
21 237
22 3
22 4
22 195
22 340
22 41326
22 41328
22 675066
23 4
23 195
23 202
23 340
23 159667
23 233854
23 726487
24 4
24 195
24 202
24 3386
24 3523
24 726488
25 76
25 342
25 343
25 345
25 101770
26 4
26 90
26 122
26 195
26 340
26 708
26 21938
26 416264
26 677824
27 230
27 231
27 232
27 234
27 726489
28 9
28 10
28 11
28 13
28 163
29 99
29 131
29 132
29 133
29 195
29 236
29 237
30 3
30 4
30 195
30 340
30 7524
30 7526
30 726490
31 158
31 159
31 160
31 162
31 726491
32 9
32 10
32 11
32 13
32 163
33 5
33 20
33 99
33 131
33 132
33 133
33 165
33 166
34 51
34 52
34 1559
34 1561
34 532554
35 3
35 5
35 20
35 2202
35 2204
35 726492
36 51
36 52
36 4167
36 4169
36 726493
37 76
37 342
37 343
37 345
37 726494
38 84
38 90
38 91
38 92
38 93
38 195
38 3744
38 26497
38 138672
38 174079
39 4
39 5
39 99
39 131
39 132
39 133
39 152
39 138673
40 660
40 2347
40 2348
40 2350
40 726496
41 4
41 5
41 202
41 7021
41 7023
41 726497
42 3
42 4
42 5
42 33906
42 33908
42 726498
43 76
43 342
43 343
43 345
43 726499
44 660
44 1796
44 1797
44 1799
44 605422
45 5
45 20
45 82
45 84
45 115
45 763
45 1002
45 726500
46 5
46 84
46 91
46 93
46 121
46 703
46 707
46 956
46 726501
47 5
47 20
47 202
47 48464
47 48466
47 66858
48 944
48 945
48 946
48 948
48 726502
49 5
49 20
49 98
49 99
49 100
49 102
49 726503
50 3
50 5
50 20
50 465
50 40514
50 726504
51 9
51 10
51 11
51 13
51 726505
52 3
52 4
52 5
52 41326
52 41328
52 195609
53 5
53 84
53 90
53 91
53 93
53 121
53 23260
53 167237
53 726506
54 13
54 99
54 133
54 175
54 176
54 195
54 430661
55 4
55 195
55 202
55 795
55 3439
55 675086
56 3
56 4
56 195
56 3239
56 33884
56 66869
57 9
57 10
57 11
57 13
57 333328
58 3
58 5
58 20
58 5292
58 44681
58 726507
59 10
59 1605
59 1606
59 1608
59 726508
60 5
60 27
60 99
60 131
60 132
60 133
60 135
60 726509
61 3
61 5
61 20
61 31396
61 213016
61 722330
61 726510
62 76
62 342
62 343
62 345
62 726511
63 5
63 20
63 99
63 131
63 132
63 133
63 166
63 726512
64 3
64 5
64 20
64 7992
64 7994
64 726513
65 243
65 244
65 245
65 247
65 416313
66 5
66 20
66 99
66 131
66 132
66 133
66 166
66 416314
67 3
67 5
67 20
67 159667
67 159669
67 726514
68 71
68 76
68 190
68 191
68 195635
seqId 371
1 10
1 828
1 1336
1 1539
1 223768
2 660
2 2210
2 2211
2 2213
2 726515
3 76
3 342
3 343
3 345
3 468096
4 99
4 131
4 132
4 133
4 195
4 237
4 726516
5 3
5 4
5 195
5 63172
5 168535
5 726517
6 4
6 195
6 202
6 340
6 22805
6 22976
6 47259
6 70870
6 112034
6 130136
6 399151
6 726519
7 4
7 195
7 202
7 340
7 47321
7 47323
7 675106
8 660
8 2547
8 2548
8 4275
8 726520
9 10
9 146
9 147
9 149
9 726521
10 4
10 5
10 99
10 131
10 132
10 133
10 152
10 138728
11 3
11 4
11 5
11 468105
11 719525
11 719526
12 243
12 244
12 245
12 247
12 726522
13 2822
13 2823
13 2824
13 2826
13 726523
14 10
14 146
14 147
14 149
14 722
15 99
15 131
15 132
15 133
15 195
15 236
15 237
16 3
16 4
16 195
16 340
16 4360
16 4362
16 726524
17 158
17 159
17 160
17 162
17 532608
18 9
18 10
18 11
18 13
18 163
19 5
19 20
19 99
19 131
19 132
19 133
19 165
19 166
20 3
20 5
20 20
20 11067
20 11069
20 726525
21 9
21 10
21 24
21 26
21 27
21 726526
22 3
22 4
22 5
22 26362
22 26364
22 726527
23 244
23 418
23 419
23 421
23 726528
24 9
24 10
24 11
24 13
24 468112
25 5
25 27
25 99
25 131
25 132
25 133
25 135
25 726529
26 3
26 4
26 5
26 6905
26 10843
26 726530
27 9
27 10
27 11
27 13
27 726531
28 3
28 4
28 5
28 4002
28 4004
28 726532
29 76
29 342
29 343
29 345
29 726533
30 10
30 126
30 127
30 129
30 369270
31 4
31 5
31 99
31 131
31 132
31 133
31 152
31 726534
32 3
32 4
32 5
32 60155
32 60157
32 726535
33 9
33 10
33 24
33 26
33 27
33 178017
34 3
34 5
34 20
34 11913
34 22480
34 726536
35 158
35 159
35 160
35 162
35 726537
36 9
36 10
36 11
36 13
36 163
37 5
37 20
37 99
37 131
37 132
37 133
37 165
37 166
38 3
38 5
38 20
38 2081
38 29574
38 726538
39 5
39 20
39 202
39 14296
39 112742
39 217526
39 726539
40 76
40 342
40 343
40 345
40 726540
41 84
41 90
41 91
41 92
41 93
41 195
41 26497
41 30182
41 405415
41 605477
42 5
42 20
42 99
42 133
42 175
42 176
42 1316
42 726542
43 3
43 5
43 20
43 25868
43 102486
43 726543
44 5
44 20
44 202
44 726545
44 726546
44 726547
45 71
45 76
45 190
45 191
45 726548
seqId 372
1 10
1 126
1 1922
1 1924
1 44578
2 5
2 20
2 99
2 133
2 175
2 176
2 1316
2 726549
3 3
3 5
3 20
3 7393
3 7395
3 726550
4 5
4 20
4 135
4 202
4 299385
4 578533
4 726552
4 726553
5 76
5 342
5 343
5 345
5 333406
6 5
6 27
6 99
6 131
6 132
6 133
6 135
6 726554
7 3
7 4
7 5
7 24833
7 24835
7 726555
8 9
8 10
8 11
8 13
8 66931
9 3
9 4
9 5
9 59861
9 59863
9 726556
10 230
10 231
10 232
10 234
10 726557
11 9
11 10
11 11
11 13
11 163
12 99
12 131
12 132
12 133
12 195
12 236
12 237
13 3
13 20
13 195
13 340
13 255241
13 255243
13 726558
14 5
14 84
14 90
14 91
14 92
14 93
14 4766
14 90628
14 726559
15 5
15 27
15 99
15 131
15 132
15 133
15 135
15 726560
16 3
16 5
16 20
16 10801
16 10803
16 726561
17 9
17 10
17 24
17 26
17 27
17 726562
18 4
18 5
18 99
18 133
18 175
18 176
18 178
18 726563
19 4
19 5
19 202
19 795
19 8936
19 101871
20 3
20 4
20 5
20 44
20 621
20 726564
21 10
21 146
21 147
21 149
21 101877
22 5
22 27
22 99
22 131
22 132
22 133
22 135
22 726565
23 3
23 4
23 5
23 705
23 161186
23 201479
23 726566
24 230
24 231
24 232
24 234
24 726567
25 9
25 10
25 11
25 13
25 163
26 99
26 131
26 132
26 133
26 195
26 236
26 237
27 3
27 4
27 195
27 3974
27 3976
27 726568
28 4
28 195
28 202
28 4699
28 4701
28 4702
28 4703
28 726569
29 243
29 244
29 245
29 247
29 726570
30 9
30 10
30 11
30 13
30 101884
31 4
31 5
31 99
31 131
31 132
31 133
31 152
31 726571
32 3
32 4
32 5
32 13423
32 95444
32 109174
32 726573
32 726574
33 4
33 195
33 202
33 7185
33 7187
33 726575
34 230
34 231
34 232
34 234
34 675156
35 9
35 10
35 11
35 13
35 163
36 99
36 131
36 132
36 133
36 195
36 236
36 237
37 3
37 4
37 195
37 340
37 7524
37 7526
37 726576
38 4
38 195
38 202
38 28847
38 28849
38 726577
39 71
39 76
39 190
39 191
39 726578
seqId 373
1 82
1 84
1 114
1 115
1 116
1 92366
1 726579
2 5
2 84
2 90
2 91
2 93
2 121
2 104298
2 104300
2 726580
3 660
3 5049
3 5050
3 5052
3 726581
4 5
4 20
4 99
4 133
4 175
4 176
4 1316
4 726582
5 3
5 5
5 20
5 951
5 953
5 390458
6 9
6 10
6 24
6 26
6 27
6 726583
7 3
7 4
7 5
7 35340
7 44107
7 726584
8 10
8 146
8 147
8 149
8 726585
9 4
9 5
9 99
9 131
9 132
9 133
9 152
9 369328
10 3
10 4
10 5
10 29247
10 51885
10 726586
11 9
11 10
11 11
11 13
11 66973
12 5
12 20
12 98
12 99
12 100
12 3961
12 406340
13 3
13 5
13 20
13 2320
13 2322
13 726587
14 243
14 244
14 245
14 247
14 44620
15 9
15 10
15 11
15 13
15 726588
16 5
16 20
16 82
16 84
16 100
16 4680
16 7814
16 726589
17 5
17 20
17 90
17 122
17 708
17 713
17 4243
17 8467
17 726590
18 2822
18 2823
18 2824
18 2826
18 223879
19 10
19 146
19 147
19 149
19 722
20 99
20 131
20 132
20 133
20 195
20 236
20 237
21 3
21 20
21 195
21 222
21 4204
21 726591
22 20
22 195
22 202
22 958
22 4207
22 726592
23 76
23 342
23 343
23 345
23 390486
24 82
24 758
24 759
24 761
24 726593
25 5
25 84
25 90
25 91
25 93
25 121
25 7785
25 46773
25 726594
26 10
26 146
26 147
26 149
26 726595
27 4
27 5
27 99
27 131
27 132
27 133
27 152
27 726596
28 3
28 4
28 5
28 3615
28 3617
28 726597
29 82
29 759
29 2852
29 2854
29 726598
30 5
30 20
30 99
30 131
30 132
30 133
30 166
30 369344
31 3
31 5
31 20
31 1320
31 1322
31 726599
32 76
32 413
32 414
32 416
32 726600
33 3
33 4
33 5
33 897
33 899
33 726601
34 76
34 342
34 343
34 345
34 726602
35 3
35 4
35 5
35 8004
35 8006
35 726603
36 76
36 342
36 343
36 345
36 468216
37 3
37 4
37 5
37 201971
37 201973
37 726604
38 76
38 433
38 434
38 436
38 726605
39 76
39 342
39 343
39 345
39 15286
40 5
40 84
40 91
40 93
40 121
40 703
40 707
40 956
40 726606
41 5
41 20
41 90
41 122
41 708
41 713
41 17308
41 105754
41 726607
42 10
42 828
42 829
42 831
42 726608
43 4
43 5
43 99
43 131
43 132
43 133
43 152
43 726609
44 3
44 4
44 5
44 337
44 150313
44 726610
45 4
45 5
45 202
45 1399
45 3538
45 726611
46 76
46 342
46 343
46 345
46 726612
47 479
47 660
47 13665
47 499258
47 499259
47 726613
48 10
48 146
48 147
48 149
48 726614
49 26
49 27
49 99
49 133
49 175
49 176
49 195
49 726615
50 4
50 195
50 202
50 2294
50 3837
50 726616
51 3
51 4
51 195
51 13569
51 13571
51 726617
52 71
52 76
52 190
52 191
52 726618
seqId 374
1 51
1 52
1 2054
1 2056
1 726619
2 76
2 433
2 434
2 436
2 726620
seqId 375
1 5
1 27
1 99
1 131
1 132
1 133
1 699
1 15310
2 3
2 4
2 5
2 1784
2 10502
2 138838
3 230
3 231
3 232
3 234
3 726621
4 9
4 10
4 11
4 13
4 163
5 99
5 131
5 132
5 133
5 195
5 236
5 237
6 3
6 4
6 195
6 8152
6 8154
6 726622
7 9
7 10
7 24
7 26
7 27
7 726623
8 3
8 4
8 5
8 2818
8 5508
8 726624
seqId 376
1 51
1 195
1 1368
1 17432
1 726625
2 3
2 4
2 195
2 22729
2 22731
2 726626
3 4
3 195
3 202
3 3501
3 10383
3 726627
4 84
4 90
4 91
4 93
4 121
4 195
4 28470
4 28472
4 605558
5 443
5 703
5 707
5 2086
5 726628
6 4
6 90
6 122
6 195
6 708
6 713
6 2787
6 35819
6 35870
6 726629
7 10
7 283
7 284
7 286
7 726630
8 99
8 131
8 132
8 133
8 195
8 237
8 726631
9 3
9 4
9 195
9 729
9 731
9 726632
10 10
10 146
10 147
10 149
10 726633
11 90
11 442
11 443
11 445
11 726634
12 71
12 76
12 190
12 191
12 726635
seqId 377
1 10
1 595
1 132953
1 726637
1 726638
1 726639
2 5
2 20
2 202
2 784
2 4033
2 726640
3 3
3 5
3 20
3 1905
3 1907
3 726641
4 76
4 342
4 343
4 345
4 726642
5 99
5 131
5 132
5 133
5 195
5 237
5 505283
6 3
6 4
6 15
6 195
6 4121
6 726643
7 4
7 195
7 202
7 7602
7 7604
7 369399
8 2822
8 2823
8 2824
8 2826
8 726644
9 10
9 146
9 147
9 149
9 722
10 99
10 131
10 132
10 133
10 195
10 236
10 237
11 3
11 4
11 195
11 4298
11 4504
11 726645
12 9
12 10
12 24
12 26
12 27
12 726646
13 3
13 4
13 5
13 34824
13 388331
13 722779
13 726647
14 9
14 10
14 11
14 13
14 726648
15 3
15 4
15 5
15 7698
15 7700
15 726649
16 84
16 91
16 92
16 93
16 195
16 703
16 707
16 12595
16 726650
17 4
17 90
17 122
17 195
17 340
17 708
17 713
17 22310
17 37235
17 726651
18 71
18 76
18 190
18 191
18 505298
seqId 378
1 945
1 2473
1 4518
1 4520
1 369415
2 4
2 5
2 99
2 131
2 132
2 133
2 152
2 726652
3 3
3 4
3 5
3 15116
3 15118
3 726653
4 158
4 159
4 160
4 162
4 726654
5 9
5 10
5 11
5 13
5 163
6 5
6 20
6 99
6 131
6 132
6 133
6 165
6 166
7 3
7 5
7 20
7 72
7 5390
7 103423
7 722785
7 726655
8 5
8 84
8 91
8 93
8 121
8 702
8 703
8 705
8 369422
9 479
9 660
9 117021
9 137292
9 137293
9 726656
10 5
10 20
10 90
10 122
10 708
10 769
10 3541
10 3543
10 726657
11 5
11 20
11 99
11 131
11 132
11 133
11 166
11 726658
12 3
12 5
12 20
12 1240
12 1242
12 726659
13 76
13 342
13 343
13 345
13 726660
14 5
14 20
14 99
14 131
14 132
14 133
14 166
14 430855
15 3
15 5
15 20
15 56623
15 56625
15 532766
16 9
16 10
16 11
16 13
16 726661
17 4
17 5
17 99
17 131
17 132
17 133
17 152
17 726662
18 3
18 4
18 5
18 7190
18 17555
18 726663
19 4
19 5
19 202
19 7602
19 7687
19 726664
20 717
20 718
20 719
20 721
20 138890
21 10
21 146
21 147
21 149
21 722
22 5
22 20
22 99
22 131
22 132
22 133
22 165
22 166
23 3
23 5
23 20
23 3360
23 66438
23 726665
24 230
24 231
24 232
24 234
24 726666
25 9
25 10
25 11
25 13
25 163
26 99
26 131
26 132
26 133
26 195
26 236
26 237
27 3
27 4
27 195
27 340
27 65367
27 65369
27 726668
28 230
28 231
28 232
28 234
28 726669
29 9
29 10
29 11
29 13
29 163
30 99
30 131
30 132
30 133
30 195
30 236
30 237
31 3
31 4
31 195
31 7178
31 7180
31 726670
32 4
32 195
32 202
32 15397
32 59560
32 550666
33 5
33 84
33 91
33 93
33 121
33 702
33 703
33 705
33 726671
34 5
34 20
34 90
34 122
34 708
34 769
34 6786
34 48711
34 726672
35 4
35 5
35 99
35 131
35 132
35 133
35 152
35 726673
36 3
36 4
36 5
36 4298
36 4300
36 726674
37 10
37 146
37 147
37 149
37 224025
38 5
38 20
38 99
38 133
38 175
38 176
38 1316
38 726675
39 3
39 5
39 20
39 20293
39 405887
39 726676
40 9
40 10
40 11
40 13
40 726677
41 3
41 4
41 5
41 497
41 63059
41 63060
41 88398
41 726678
42 5
42 20
42 90
42 122
42 708
42 713
42 33961
42 51225
42 726679
43 10
43 126
43 127
43 129
43 726680
44 4
44 5
44 99
44 131
44 132
44 133
44 152
44 726681
45 3
45 4
45 5
45 504
45 14984
45 726682
46 9
46 10
46 24
46 26
46 27
46 369471
47 3
47 4
47 195
47 6905
47 6907
47 726683
48 4
48 195
48 202
48 7169
48 7171
48 726684
49 10
49 146
49 147
49 149
49 224040
50 4
50 5
50 99
50 131
50 132
50 133
50 152
50 726685
51 3
51 4
51 5
51 8004
51 8006
51 726686
52 9
52 10
52 11
52 13
52 726687
53 4
53 5
53 99
53 131
53 132
53 133
53 152
53 726688
54 3
54 4
54 5
54 7178
54 21009
54 726689
55 3
55 4
55 5
55 59560
55 59562
55 726690
56 244
56 418
56 419
56 421
56 195894
57 9
57 10
57 11
57 13
57 369491
58 4
58 5
58 99
58 131
58 132
58 133
58 152
58 726691
59 3
59 4
59 5
59 7178
59 21009
59 44748
60 4
60 5
60 202
60 2419
60 12243
60 726693
60 726694
61 9
61 10
61 24
61 26
61 27
61 726695
62 3
62 5
62 20
62 3696
62 3698
62 726696
63 71
63 76
63 190
63 191
63 505349
seqId 379
1 660
1 35658
1 540612
1 540614
1 726697
2 944
2 945
2 946
2 948
2 726698
3 9
3 10
3 11
3 13
3 726699
4 90
4 443
4 5661
4 31000
4 726700
5 5
5 20
5 202
5 26010
5 26012
5 726701
6 4
6 5
6 99
6 133
6 175
6 176
6 178
6 532808
7 3
7 4
7 5
7 7178
7 15454
7 21009
8 10
8 109
8 110
8 112
8 726702
9 5
9 20
9 82
9 83
9 84
9 115
9 763
9 765
9 726703
10 90
10 121
10 122
10 792
10 3067
10 216769
10 726704
11 4
11 5
11 99
11 131
11 132
11 133
11 152
11 178226
12 3
12 4
12 5
12 6713
12 6715
12 726705
13 9
13 10
13 24
13 26
13 27
13 726706
14 3
14 5
14 20
14 220378
14 258515
14 726707
15 76
15 342
15 343
15 345
15 726708
16 4
16 5
16 99
16 131
16 132
16 133
16 152
16 138970
17 3
17 4
17 5
17 34647
17 34649
17 726709
18 9
18 10
18 24
18 26
18 27
18 726710
19 4
19 5
19 99
19 133
19 175
19 176
19 178
19 726711
20 3
20 4
20 5
20 7698
20 7700
20 726712
21 4
21 5
21 202
21 42347
21 42349
21 726713
22 99
22 133
22 175
22 176
22 195
22 234
22 726714
23 3
23 4
23 195
23 7178
23 7180
23 726715
24 76
24 342
24 343
24 345
24 726716
25 4
25 90
25 122
25 195
25 340
25 708
25 713
25 33961
25 33963
25 726717
26 10
26 126
26 127
26 129
26 726718
27 99
27 133
27 175
27 176
27 195
27 234
27 726719
28 3
28 4
28 195
28 6905
28 6907
28 726720
29 4
29 195
29 202
29 60847
29 65170
29 726721
30 76
30 342
30 343
30 345
30 468387
31 5
31 84
31 90
31 91
31 93
31 121
31 6965
31 8103
31 726722
32 9
32 10
32 24
32 26
32 27
32 726723
33 443
33 703
33 707
33 2086
33 726724
34 4
34 5
34 90
34 122
34 708
34 713
34 4190
34 53926
34 726725
35 71
35 76
35 190
35 191
35 726726
seqId 380
1 76
1 592
1 593
1 595
1 726727
2 10
2 109
2 876
2 878
2 726728
3 5
3 20
3 202
3 4294
3 58878
3 726729
4 3
4 5
4 20
4 1905
4 1907
4 726730
5 76
5 342
5 343
5 345
5 726731
6 10
6 146
6 149
6 1539
6 726732
7 90
7 443
7 1334
7 8849
7 726733
8 9
8 10
8 11
8 13
8 726734
9 4
9 5
9 99
9 131
9 132
9 133
9 152
9 726735
10 3
10 4
10 5
10 15
10 17
10 726736
11 10
11 126
11 127
11 129
11 726737
12 5
12 27
12 99
12 131
12 132
12 133
12 135
12 726738
13 3
13 4
13 5
13 2818
13 5508
13 726739
14 4
14 5
14 90
14 122
14 708
14 713
14 3686
14 3765
14 726740
15 10
15 283
15 284
15 286
15 675318
16 5
16 20
16 99
16 131
16 132
16 133
16 166
16 369581
17 3
17 5
17 20
17 4345
17 4347
17 726741
18 158
18 159
18 160
18 162
18 726742
19 9
19 10
19 11
19 13
19 163
20 5
20 20
20 99
20 131
20 132
20 133
20 165
20 166
21 3
21 5
21 20
21 56527
21 56529
21 726743
22 3
22 4
22 5
22 22378
22 111532
22 726744
23 76
23 342
23 343
23 345
23 505394
24 3
24 5
24 20
24 26371
24 50027
24 726745
25 243
25 244
25 245
25 247
25 726746
26 3
26 4
26 5
26 7178
26 21009
26 726747
27 158
27 159
27 160
27 162
27 726748
28 9
28 10
28 11
28 13
28 163
29 5
29 20
29 99
29 131
29 132
29 133
29 165
29 166
30 3
30 5
30 20
30 24554
30 24556
30 726749
31 230
31 231
31 232
31 234
31 726750
32 9
32 10
32 11
32 13
32 163
33 99
33 131
33 132
33 133
33 195
33 236
33 237
34 3
34 20
34 195
34 69948
34 363093
34 723037
34 723039
34 726751
35 10
35 126
35 127
35 129
35 416601
36 5
36 27
36 99
36 131
36 132
36 133
36 135
36 726752
37 3
37 4
37 5
37 2818
37 5508
37 726753
38 76
38 342
38 343
38 345
38 726754
39 84
39 91
39 92
39 93
39 195
39 703
39 707
39 12595
39 726755
40 4
40 90
40 122
40 195
40 708
40 713
40 4190
40 6946
40 726756
41 99
41 133
41 175
41 176
41 195
41 234
41 430990
42 3
42 4
42 195
42 3691
42 6873
42 726757
43 10
43 126
43 127
43 129
43 67195
44 4
44 5
44 99
44 131
44 132
44 133
44 152
44 44825
45 3
45 4
45 5
45 15973
45 15975
45 726758
46 9
46 10
46 11
46 13
46 726759
47 4
47 5
47 99
47 131
47 132
47 133
47 152
47 726760
48 3
48 4
48 5
48 4420
48 4422
48 726761
49 230
49 231
49 232
49 234
49 615606
50 9
50 10
50 11
50 13
50 163
51 99
51 131
51 132
51 133
51 195
51 236
51 237
52 3
52 20
52 195
52 7808
52 7810
52 726762
53 230
53 231
53 232
53 234
53 726763
54 9
54 10
54 11
54 13
54 163
55 99
55 131
55 132
55 133
55 195
55 236
55 237
56 3
56 20
56 195
56 102171
56 102173
56 726764
57 717
57 718
57 719
57 721
57 726765
58 10
58 146
58 147
58 149
58 722
59 5
59 20
59 99
59 131
59 132
59 133
59 165
59 166
60 3
60 5
60 20
60 11030
60 11032
60 726766
61 9
61 10
61 24
61 26
61 27
61 726767
62 3
62 4
62 5
62 22606
62 22608
62 726768
63 76
63 342
63 343
63 345
63 532881
64 244
64 15672
64 15673
64 15675
64 726769
65 10
65 146
65 147
65 149
65 726770
66 5
66 27
66 99
66 131
66 132
66 133
66 135
66 726771
67 3
67 4
67 5
67 3730
67 19553
67 726772
68 4
68 5
68 202
68 3244
68 3246
68 726773
69 230
69 231
69 232
69 234
69 726774
70 9
70 10
70 11
70 13
70 163
71 99
71 131
71 132
71 133
71 195
71 236
71 237
72 3
72 20
72 195
72 220482
72 723008
72 726775
73 71
73 76
73 190
73 191
73 178326
seqId 381
1 660
1 46492
1 726777
1 726778
1 726779
2 4
2 5
2 90
2 122
2 708
2 713
2 1104
2 328660
2 328662
2 726781
3 76
3 342
3 343
3 345
3 726782
4 660
4 941
4 2490
4 2492
4 726783
5 27
5 944
5 945
5 1463
5 3308
5 726784
6 4
6 5
6 82
6 83
6 84
6 115
6 763
6 1264
6 726785
7 5
7 84
7 90
7 91
7 93
7 914
7 3787
7 3821
7 726786
8 90
8 443
8 14641
8 249535
8 726787
9 4
9 5
9 99
9 131
9 132
9 133
9 152
9 333690
10 3
10 4
10 5
10 726789
10 726790
10 726791
11 660
11 1796
11 1797
11 1799
11 431024
12 158
12 159
12 160
12 162
12 333693
13 9
13 10
13 11
13 13
13 163
14 5
14 20
14 99
14 131
14 132
14 133
14 165
14 166
15 3
15 5
15 20
15 222749
15 222751
15 726792
16 944
16 945
16 946
16 948
16 102164
17 9
17 10
17 11
17 13
17 726793
18 20
18 85
18 99
18 195
18 1589
18 2970
18 726794
19 3
19 20
19 195
19 36760
19 36762
19 726795
20 20
20 195
20 202
20 13322
20 13324
20 726796
21 76
21 342
21 343
21 345
21 726797
22 4
22 5
22 82
22 83
22 84
22 115
22 763
22 1264
22 15599
23 5
23 84
23 90
23 91
23 93
23 121
23 40928
23 55498
23 726798
24 27
24 660
24 21971
24 21974
24 21975
24 39567
24 726799
25 10
25 146
25 147
25 149
25 505441
26 4
26 5
26 99
26 131
26 132
26 133
26 152
26 310289
27 3
27 4
27 5
27 37498
27 37500
27 726800
28 76
28 342
28 343
28 345
28 369660
29 5
29 20
29 99
29 131
29 132
29 133
29 166
29 726801
30 3
30 5
30 20
30 222
30 224
30 726802
31 5
31 20
31 202
31 22424
31 179192
31 726803
32 121
32 122
32 703
32 707
32 1107
32 726804
33 660
33 12080
33 12081
33 12083
33 726805
34 20
34 90
34 122
34 708
34 713
34 1064
34 1066
34 726806
35 10
35 378
35 379
35 381
35 726807
36 3
36 5
36 20
36 31126
36 31128
36 726808
37 71
37 76
37 190
37 191
37 369669
seqId 382
1 9
1 10
1 27
1 42
1 2548
1 726809
2 82
2 759
2 5284
2 5286
2 15625
3 4
3 5
3 99
3 131
3 132
3 133
3 152
3 139128
4 3
4 4
4 5
4 12288
4 12290
4 726810
5 9
5 10
5 24
5 26
5 27
5 726811
6 4
6 5
6 99
6 133
6 175
6 176
6 178
6 726812
7 3
7 4
7 5
7 33173
7 33763
7 726813
8 4
8 5
8 202
8 13663
8 13665
8 726814
9 10
9 126
9 127
9 129
9 726815
10 5
10 20
10 99
10 131
10 132
10 133
10 166
10 726816
11 3
11 5
11 20
11 4279
11 4281
11 726817
12 71
12 76
12 190
12 191
12 726818
seqId 383
1 595
1 660
1 140028
1 726820
1 726821
1 726822
2 76
2 342
2 343
2 345
2 726823
3 99
3 133
3 175
3 176
3 195
3 234
3 726824
4 3
4 4
4 195
4 3737
4 23135
4 726825
5 9
5 10
5 11
5 13
5 726826
6 3
6 4
6 5
6 7537
6 15645
6 141040
6 141042
7 9
7 10
7 11
7 13
7 67305
8 5
8 27
8 99
8 131
8 132
8 133
8 135
8 726827
9 3
9 5
9 20
9 2004
9 2006
9 726828
10 51
10 195
10 14420
10 214021
10 726830
10 726831
11 158
11 159
11 160
11 162
11 726832
12 9
12 10
12 11
12 13
12 163
13 5
13 20
13 99
13 131
13 132
13 133
13 165
13 166
14 3
14 5
14 20
14 5479
14 31411
14 726833
15 5
15 20
15 202
15 226
15 228
15 726834
16 5
16 20
16 202
16 7602
16 23462
16 726835
17 10
17 146
17 147
17 149
17 468501
18 4
18 5
18 99
18 131
18 132
18 133
18 152
18 67313
19 76
19 137
19 138
19 140
19 726836
20 3
20 4
20 5
20 7178
20 21009
20 726837
21 76
21 185
21 186
21 188
21 726838
22 82
22 84
22 114
22 115
22 116
22 1361
22 505478
23 84
23 91
23 93
23 121
23 195
23 703
23 707
23 1858
23 726839
24 5
24 20
24 90
24 122
24 708
24 769
24 3777
24 4766
24 726840
25 3
25 5
25 20
25 11297
25 18838
25 726841
26 71
26 76
26 190
26 191
26 726842
seqId 384
1 660
1 976
1 7272
1 7274
1 726843
2 76
2 342
2 343
2 345
2 726844
3 5
3 20
3 99
3 131
3 132
3 133
3 166
3 139173
4 3
4 5
4 20
4 2723
4 2725
4 726845
5 67
5 2468
5 3142
5 726847
5 726848
5 726849
6 243
6 244
6 245
6 247
6 726850
7 67
7 857
7 106511
7 726852
7 726853
7 726854
8 5
8 84
8 90
8 91
8 93
8 121
8 9903
8 10728
8 726855
9 9
9 10
9 24
9 26
9 27
9 726856
10 90
10 443
10 17531
10 25104
10 431093
11 5
11 20
11 99
11 133
11 175
11 176
11 1316
11 333764
12 3
12 5
12 20
12 726858
12 726859
12 726860
13 2822
13 2823
13 2824
13 2826
13 505493
14 10
14 146
14 147
14 149
14 722
15 99
15 131
15 132
15 133
15 195
15 236
15 237
16 3
16 20
16 195
16 1866
16 10151
16 726861
17 12584
17 12585
17 12586
17 12588
17 726862
18 9
18 10
18 11
18 13
18 163
19 5
19 20
19 82
19 759
19 1432
19 6157
19 6158
20 76
20 137
20 138
20 140
20 726863
21 4
21 5
21 99
21 131
21 132
21 133
21 152
21 726864
22 3
22 4
22 5
22 7178
22 21009
22 726865
23 5
23 84
23 90
23 91
23 93
23 121
23 3360
23 5608
23 726866
24 443
24 703
24 707
24 2086
24 726867
25 4
25 5
25 90
25 122
25 708
25 713
25 3111
25 114536
25 196185
26 10
26 283
26 284
26 286
26 726868
27 5
27 99
27 115
27 773
27 774
27 775
27 776
27 778
27 726869
28 3
28 5
28 20
28 7259
28 7261
28 726870
29 5
29 20
29 202
29 2742
29 16528
29 726871
30 76
30 342
30 343
30 345
30 505505
31 10
31 109
31 110
31 112
31 139197
32 90
32 121
32 122
32 10094
32 101941
32 726872
33 99
33 131
33 132
33 133
33 195
33 237
33 615692
34 3
34 20
34 195
34 3937
34 3939
34 615693
35 20
35 195
35 202
35 322
35 357
35 726873
36 243
36 244
36 245
36 247
36 726874
37 20
37 195
37 202
37 22675
37 33345
37 726875
38 9
38 10
38 11
38 13
38 726876
39 5
39 99
39 115
39 773
39 774
39 775
39 776
39 778
39 505515
40 3
40 4
40 5
40 897
40 899
40 726877
41 76
41 185
41 186
41 188
41 726878
42 71
42 76
42 190
42 191
42 726879
seqId 385
1 5
1 20
1 82
1 83
1 84
1 115
1 763
1 3948
1 726880
2 27
2 82
2 84
2 114
2 115
2 116
2 118
2 726881
3 5
3 84
3 90
3 93
3 121
3 1815
3 4621
3 30837
3 726882
4 660
4 976
4 977
4 979
4 726883
5 76
5 342
5 343
5 345
5 139216
6 10
6 378
6 379
6 381
6 726884
7 99
7 131
7 132
7 133
7 195
7 237
7 726885
8 3
8 20
8 195
8 15235
8 15237
8 726886
9 76
9 342
9 343
9 345
9 726887
10 9
10 10
10 24
10 26
10 27
10 406639
11 90
11 443
11 36932
11 500451
11 726888
12 2822
12 2823
12 2824
12 2826
12 726889
13 10
13 146
13 147
13 149
13 722
14 99
14 131
14 132
14 133
14 195
14 236
14 237
15 3
15 20
15 195
15 96424
15 96426
15 726890
16 9
16 10
16 24
16 26
16 27
16 726891
17 90
17 443
17 702
17 10559
17 726892
18 4
18 5
18 99
18 133
18 175
18 176
18 178
18 726893
19 3
19 4
19 5
19 28589
19 63192
19 726894
20 10
20 378
20 379
20 381
20 726895
21 99
21 131
21 132
21 133
21 195
21 237
21 726896
22 3
22 20
22 195
22 12983
22 23115
22 726897
23 20
23 195
23 202
23 322
23 357
23 102290
24 243
24 244
24 245
24 247
24 67398
25 20
25 195
25 202
25 22675
25 33345
25 726898
26 20
26 90
26 122
26 195
26 708
26 713
26 4530
26 4532
26 533000
27 10
27 146
27 147
27 149
27 726899
28 5
28 27
28 99
28 131
28 132
28 133
28 135
28 726900
29 3
29 4
29 5
29 897
29 899
29 726901
30 9
30 10
30 11
30 13
30 533002
31 5
31 27
31 99
31 131
31 132
31 133
31 135
31 726902
32 3
32 4
32 5
32 2818
32 5508
32 726903
33 76
33 342
33 343
33 345
33 533004
34 660
34 3319
34 3320
34 3322
34 533005
35 9
35 10
35 11
35 13
35 416759
36 90
36 443
36 57755
36 702951
36 726904
37 4
37 5
37 98
37 99
37 100
37 1927
37 726905
38 4
38 5
38 202
38 9960
38 19296
38 726906
39 9
39 10
39 11
39 13
39 726907
40 5
40 99
40 115
40 773
40 774
40 775
40 776
40 778
40 726908
41 3
41 5
41 20
41 8981
41 67417
41 115817
41 168864
42 5
42 20
42 202
42 726910
42 726911
42 726912
43 71
43 76
43 190
43 191
43 45011
seqId 386
1 4
1 5
1 99
1 133
1 175
1 176
1 5129
1 726913
2 4
2 5
2 202
2 6111
2 151303
2 726914
3 3
3 4
3 5
3 24032
3 24034
3 726915
4 4
4 5
4 202
4 21294
4 726917
4 726918
5 9
5 10
5 11
5 13
5 416770
6 5
6 27
6 99
6 131
6 132
6 133
6 135
6 726919
7 3
7 5
7 20
7 7259
7 7261
7 726920
8 5
8 20
8 202
8 322
8 36035
8 726921
9 90
9 121
9 122
9 79673
9 86450
9 726922
10 76
10 342
10 343
10 345
10 726923
11 945
11 1010
11 1011
11 1013
11 726924
12 5
12 20
12 27
12 82
12 84
12 98
12 100
12 2487
12 726925
13 5
13 84
13 91
13 93
13 121
13 703
13 707
13 956
13 726926
14 10
14 7340
14 9033
14 9035
14 726927
15 660
15 19655
15 19656
15 19658
15 726928
16 5
16 20
16 99
16 131
16 132
16 133
16 166
16 605835
17 3
17 5
17 20
17 10622
17 10624
17 726929
18 717
18 718
18 719
18 721
18 726930
19 10
19 146
19 147
19 149
19 722
20 5
20 20
20 99
20 131
20 132
20 133
20 165
20 166
21 5
21 20
21 67
21 72
21 49602
21 49604
21 49605
21 726931
22 76
22 342
22 343
22 345
22 726932
23 99
23 131
23 132
23 133
23 195
23 237
23 726933
24 3
24 20
24 195
24 7259
24 23768
24 726934
25 230
25 231
25 232
25 234
25 533035
26 9
26 10
26 11
26 13
26 163
27 99
27 131
27 132
27 133
27 195
27 236
27 237
28 3
28 20
28 195
28 102171
28 102173
28 726935
29 76
29 342
29 343
29 345
29 726936
30 5
30 84
30 90
30 91
30 93
30 121
30 10063
30 68309
30 726937
31 660
31 8875
31 8876
31 8878
31 726938
32 90
32 443
32 1587
32 724300
32 726940
32 726941
33 13
33 99
33 133
33 175
33 176
33 195
33 726942
34 4
34 195
34 202
34 1888
34 3548
34 726943
35 3
35 4
35 195
35 22971
35 22973
35 726944
36 71
36 76
36 190
36 191
36 726945
seqId 387
1 99
1 131
1 132
1 133
1 195
1 1220
1 726946
2 3
2 20
2 195
2 7259
2 23768
2 102347
3 84
3 93
3 121
3 195
3 703
3 707
3 4621
3 10328
3 726947
4 20
4 82
4 83
4 84
4 115
4 195
4 595
4 1824
4 31226
4 726948
5 20
5 90
5 122
5 195
5 708
5 713
5 27750
5 43210
5 43212
5 43213
5 43214
5 726949
6 76
6 2911
6 2912
6 2914
6 726950
seqId 388
1 10
1 283
1 3640
1 3642
1 726951
2 4
2 5
2 99
2 2905
2 2906
2 39818
2 726952
3 3
3 4
3 5
3 5280
3 5282
3 726953
4 4
4 5
4 98
4 99
4 100
4 1927
4 726954
5 3
5 4
5 5
5 13423
5 43212
5 43213
5 43214
5 43297
5 726955
6 5
6 84
6 90
6 93
6 121
6 2081
6 4621
6 10555
6 726956
7 4
7 5
7 82
7 83
7 84
7 115
7 595
7 763
7 13452
7 726957
8 443
8 703
8 707
8 2086
8 726958
9 4
9 5
9 90
9 122
9 708
9 713
9 54376
9 726960
9 726961
10 10
10 828
10 829
10 831
10 369827
11 5
11 20
11 99
11 133
11 175
11 176
11 1316
11 726962
12 3
12 5
12 20
12 9362
12 9364
12 726963
13 243
13 244
13 245
13 247
13 726964
14 10
14 126
14 127
14 129
14 391057
15 20
15 99
15 195
15 2905
15 2906
15 41535
15 726965
16 3
16 20
16 195
16 76785
16 76787
16 726966
17 76
17 2911
17 2912
17 2914
17 615778
seqId 389
1 99
1 131
1 132
1 133
1 195
1 1220
1 615779
2 3
2 20
2 195
2 102171
2 102173
2 726967
3 84
3 93
3 121
3 195
3 703
3 707
3 4621
3 10328
3 726968
4 20
4 82
4 83
4 84
4 115
4 195
4 595
4 1824
4 31226
4 615782
5 20
5 195
5 202
5 340
5 726970
5 726971
5 726972
6 10
6 146
6 147
6 149
6 15839
7 90
7 443
7 1815
7 15840
7 29773
8 10
8 109
8 110
8 112
8 431193
9 3
9 4
9 5
9 3162
9 5832
9 726973
10 10
10 378
10 379
10 381
10 726974
11 90
11 443
11 824
11 9665
11 726975
12 4
12 5
12 99
12 131
12 132
12 133
12 152
12 726976
13 3
13 4
13 5
13 49414
13 49416
13 416840
14 9
14 10
14 11
14 13
14 726977
15 99
15 115
15 195
15 773
15 775
15 776
15 2192
15 2194
15 726978
16 3
16 20
16 195
16 7259
16 23768
16 726979
17 20
17 195
17 202
17 2742
17 2744
17 726980
18 76
18 2911
18 2912
18 2914
18 726981
seqId 390
1 51
1 52
1 1705
1 1707
1 726982
2 76
2 433
2 434
2 436
2 726983
3 3
3 4
3 5
3 3162
3 3164
3 726984
4 243
4 244
4 245
4 247
4 726985
5 3
5 20
5 195
5 222
5 4204
5 726986
6 20
6 195
6 202
6 958
6 4207
6 726987
seqId 391
1 99
1 131
1 132
1 133
1 195
1 1220
1 726988
2 3
2 4
2 15
2 195
2 4121
2 726989
3 84
3 90
3 91
3 92
3 93
3 195
3 1334
3 8849
3 26497
3 726990
4 9
4 10
4 11
4 13
4 224450
5 5
5 27
5 99
5 131
5 132
5 133
5 135
5 726991
6 3
6 4
6 5
6 10073
6 10075
6 726992
7 4
7 5
7 202
7 27270
7 64023
7 726993
8 71
8 76
8 190
8 191
8 615804
seqId 392
1 99
1 131
1 132
1 133
1 195
1 1220
1 726994
2 3
2 20
2 195
2 222
2 4204
2 726995
3 20
3 195
3 202
3 958
3 4207
3 726996
4 20
4 90
4 122
4 195
4 708
4 713
4 4530
4 4532
4 726997
5 10
5 146
5 147
5 149
5 726998
6 4
6 5
6 99
6 131
6 132
6 133
6 152
6 726999
7 3
7 4
7 5
7 3419
7 5414
7 727000
8 158
8 159
8 160
8 162
8 727001
9 9
9 10
9 11
9 13
9 163
10 5
10 20
10 99
10 131
10 132
10 133
10 165
10 166
11 3
11 5
11 20
11 102171
11 196359
11 219839
12 84
12 90
12 91
12 93
12 121
12 195
12 43506
12 83399
12 727002
13 4
13 5
13 99
13 133
13 175
13 176
13 178
13 727003
14 3
14 4
14 5
14 2106
14 2108
14 605923
15 4
15 5
15 202
15 47321
15 47323
15 727004
16 10
16 126
16 127
16 129
16 727005
17 5
17 20
17 99
17 131
17 132
17 133
17 166
17 727006
18 3
18 5
18 20
18 222
18 224
18 727007
19 158
19 159
19 160
19 162
19 102444
20 9
20 10
20 11
20 13
20 163
21 5
21 20
21 99
21 131
21 132
21 133
21 165
21 166
22 3
22 5
22 20
22 1320
22 1322
22 727008
23 76
23 342
23 343
23 345
23 406771
24 99
24 131
24 132
24 133
24 195
24 237
24 406772
25 3
25 4
25 195
25 33489
25 34524
25 727009
26 4
26 90
26 122
26 195
26 340
26 708
26 713
26 21938
26 677824
26 727010
27 9
27 10
27 11
27 13
27 391134
28 4
28 5
28 98
28 99
28 100
28 1927
28 727011
29 3
29 4
29 5
29 72104
29 72106
29 727012
30 10
30 109
30 110
30 112
30 102456
31 3
31 4
31 5
31 3441
31 33896
31 102457
32 121
32 122
32 703
32 707
32 1107
32 333973
33 4
33 195
33 202
33 71806
33 72255
33 727013
34 9
34 10
34 24
34 26
34 27
34 727014
35 3
35 4
35 195
35 63172
35 168535
35 727015
36 71
36 76
36 190
36 191
36 727016
seqId 393
1 945
1 2473
1 4518
1 4520
1 196389
2 4
2 5
2 99
2 131
2 132
2 133
2 152
2 431282
3 3
3 4
3 5
3 43780
3 43782
3 727017
4 230
4 231
4 232
4 234
4 727018
5 9
5 10
5 11
5 13
5 163
6 99
6 131
6 132
6 133
6 195
6 236
6 237
7 3
7 4
7 195
7 2773
7 2775
7 727019
8 660
8 30602
8 30603
8 30605
8 727020
9 4
9 90
9 122
9 195
9 708
9 713
9 2787
9 103079
9 306214
9 727021
10 5
10 84
10 90
10 91
10 92
10 93
10 28710
10 31664
10 727022
11 9
11 10
11 11
11 13
11 727023
12 90
12 443
12 3884
12 124747
12 727024
13 5
13 27
13 99
13 131
13 132
13 133
13 135
13 727025
14 3
14 4
14 5
14 33906
14 33908
14 727026
15 76
15 342
15 343
15 345
15 727027
16 4
16 5
16 99
16 131
16 132
16 133
16 152
16 727028
17 3
17 4
17 5
17 3691
17 3693
17 675606
18 4
18 5
18 202
18 7602
18 7687
18 727029
19 10
19 146
19 147
19 149
19 727030
20 5
20 27
20 99
20 131
20 132
20 133
20 135
20 45205
21 3
21 5
21 20
21 23785
21 28259
21 727031
22 158
22 159
22 160
22 162
22 416911
23 9
23 10
23 11
23 13
23 163
24 5
24 20
24 99
24 131
24 132
24 133
24 165
24 166
25 3
25 5
25 20
25 250
25 252
25 727032
26 5
26 84
26 91
26 92
26 93
26 703
26 707
26 16563
26 727033
27 4
27 5
27 90
27 122
27 708
27 713
27 3346
27 19726
27 727034
28 76
28 342
28 343
28 345
28 727035
29 27
29 944
29 945
29 1463
29 3308
29 727036
30 5
30 20
30 82
30 84
30 115
30 763
30 1002
30 505703
31 27
31 82
31 84
31 114
31 115
31 116
31 118
31 727037
32 5
32 84
32 90
32 93
32 121
32 1815
32 4415
32 21609
32 727038
33 158
33 159
33 160
33 162
33 334018
34 9
34 10
34 11
34 13
34 163
35 5
35 20
35 99
35 131
35 132
35 133
35 165
35 166
36 3
36 5
36 20
36 11067
36 11069
36 727039
37 9
37 10
37 24
37 26
37 27
37 727040
38 3
38 4
38 5
38 26362
38 26364
38 727041
39 9
39 10
39 11
39 13
39 727042
40 3
40 5
40 20
40 8494
40 8496
40 727043
41 10
41 1605
41 1606
41 1608
41 727044
42 3
42 20
42 195
42 102171
42 102173
42 727045
43 76
43 413
43 414
43 416
43 727046
44 945
44 1010
44 1011
44 1013
44 727047
45 5
45 20
45 82
45 84
45 100
45 6672
45 28729
45 727048
46 5
46 84
46 91
46 93
46 703
46 707
46 708
46 16941
46 727049
47 5
47 20
47 99
47 131
47 132
47 133
47 166
47 727050
48 3
48 5
48 20
48 10622
48 10624
48 727051
49 660
49 2136
49 2137
49 2139
49 102518
50 230
50 231
50 232
50 234
50 727052
51 9
51 10
51 11
51 13
51 163
52 99
52 131
52 132
52 133
52 195
52 236
52 237
53 3
53 4
53 195
53 729
53 731
53 727053
54 4
54 195
54 202
54 2244
54 46153
54 727054
55 76
55 433
55 434
55 436
55 727055
56 244
56 418
56 419
56 421
56 310613
57 26
57 27
57 99
57 133
57 175
57 176
57 195
57 727056
58 4
58 195
58 202
58 2294
58 3837
58 727057
59 3
59 4
59 195
59 24833
59 26709
59 727058
60 4
60 195
60 202
60 958
60 59953
60 727059
61 71
61 76
61 190
61 191
61 727060
seqId 394
1 84
1 91
1 92
1 93
1 195
1 703
1 707
1 13153
1 92366
1 727061
2 4
2 90
2 122
2 195
2 708
2 713
2 1345
2 22505
2 727062
3 3
3 4
3 5
3 23042
3 23044
3 727063
4 99
4 131
4 132
4 133
4 195
4 237
4 416950
5 3
5 4
5 195
5 9397
5 9399
5 727064
6 195
6 202
6 25638
6 25640
6 727065
7 10
7 1605
7 1606
7 1608
7 727066
8 99
8 131
8 132
8 133
8 195
8 237
8 727067
9 3
9 20
9 195
9 340
9 22365
9 22367
9 727068
10 20
10 90
10 122
10 195
10 708
10 713
10 3433
10 27627
10 727069
11 10
11 828
11 829
11 831
11 727070
12 99
12 131
12 132
12 133
12 195
12 237
12 468743
13 3
13 4
13 195
13 340
13 45823
13 45825
13 727071
14 4
14 195
14 202
14 1403
14 1405
14 727072
15 243
15 244
15 245
15 247
15 615896
16 4
16 195
16 202
16 3001
16 5088
16 615897
17 10
17 109
17 110
17 112
17 727073
18 3
18 4
18 5
18 4550
18 8014
18 727074
19 9
19 10
19 11
19 13
19 406855
20 3
20 4
20 5
20 17915
20 17917
20 727075
21 4
21 5
21 202
21 168724
21 178047
21 727076
22 71
22 76
22 190
22 191
22 727077
seqId 395
1 4
1 5
1 99
1 131
1 132
1 133
1 811
1 727078
2 3
2 4
2 5
2 3595
2 3597
2 727079
3 158
3 159
3 160
3 162
3 727080
4 9
4 10
4 11
4 13
4 163
5 5
5 20
5 99
5 131
5 132
5 133
5 165
5 166
6 3
6 5
6 20
6 222
6 224
6 727081
7 10
7 146
7 147
7 149
7 727082
8 4
8 5
8 99
8 131
8 132
8 133
8 152
8 727083
9 3
9 4
9 5
9 26985
9 26987
9 727084
10 660
10 661
10 910
10 1234
10 606019
11 5
11 84
11 90
11 91
11 92
11 93
11 96
11 188523
11 407375
11 727085
12 660
12 661
12 1240
12 1242
12 727086
13 660
13 1513
13 1514
13 1516
13 727087
14 9
14 10
14 24
14 26
14 27
14 727088
15 443
15 703
15 707
15 2086
15 505764
16 4
16 5
16 90
16 122
16 708
16 713
16 1104
16 3718
16 18949
16 727089
17 10
17 146
17 149
17 2548
17 727090
18 3
18 5
18 20
18 38959
18 38961
18 727091
19 99
19 131
19 132
19 133
19 195
19 237
19 727092
20 3
20 4
20 195
20 5512
20 5514
20 727093
21 82
21 759
21 944
21 948
21 67684
22 4
22 85
22 99
22 195
22 1589
22 1591
22 727094
23 3
23 4
23 195
23 1350
23 7600
23 727095
24 4
24 195
24 202
24 27329
24 27331
24 727096
25 244
25 418
25 419
25 421
25 727097
26 3
26 4
26 195
26 19020
26 19022
26 727098
27 4
27 195
27 202
27 6594
27 6649
27 16052
28 84
28 90
28 91
28 93
28 121
28 195
28 768
28 23861
28 727099
29 10
29 146
29 147
29 149
29 727100
30 90
30 443
30 25415
30 33649
30 727101
31 10
31 1605
31 1606
31 1608
31 727102
32 5
32 27
32 99
32 131
32 132
32 133
32 135
32 727103
33 3
33 4
33 5
33 2608
33 4490
33 727104
34 158
34 159
34 160
34 162
34 196544
35 9
35 10
35 11
35 13
35 163
36 5
36 20
36 99
36 131
36 132
36 133
36 165
36 166
37 3
37 5
37 20
37 1320
37 1322
37 45329
38 243
38 244
38 245
38 247
38 727105
39 4
39 5
39 99
39 131
39 132
39 133
39 152
39 727106
40 3
40 4
40 5
40 26985
40 26987
40 727107
41 230
41 231
41 232
41 234
41 727108
42 9
42 10
42 11
42 13
42 163
43 99
43 131
43 132
43 133
43 195
43 236
43 237
44 3
44 20
44 195
44 102171
44 102173
44 727109
45 71
45 76
45 190
45 191
45 727110
seqId 396
1 10
1 146
1 1024
1 1026
1 727111
2 4
2 5
2 99
2 131
2 132
2 133
2 152
2 727112
3 3
3 4
3 5
3 43109
3 43111
3 727113
4 76
4 342
4 343
4 345
4 727114
5 4
5 5
5 98
5 99
5 100
5 1927
5 727115
6 3
6 4
6 5
6 1931
6 1933
6 727116
7 717
7 718
7 719
7 721
7 727117
8 10
8 146
8 147
8 149
8 722
9 5
9 20
9 99
9 131
9 132
9 133
9 165
9 166
10 3
10 5
10 20
10 222
10 224
10 727118
11 10
11 146
11 147
11 149
11 468811
12 4
12 5
12 99
12 131
12 132
12 133
12 152
12 727119
13 3
13 4
13 5
13 26985
13 26987
13 334140
14 5
14 84
14 91
14 93
14 121
14 703
14 707
14 956
14 727120
15 660
15 60479
15 60480
15 60482
15 727121
16 9
16 10
16 24
16 26
16 27
16 727122
17 90
17 443
17 1587
17 169230
17 169232
17 727123
18 4
18 5
18 99
18 131
18 132
18 133
18 152
18 727124
19 3
19 4
19 5
19 4249
19 4251
19 431406
20 9
20 10
20 11
20 13
20 102643
21 4
21 5
21 99
21 131
21 132
21 133
21 152
21 16082
22 3
22 4
22 5
22 26985
22 26987
22 727125
23 158
23 159
23 160
23 162
23 334150
24 9
24 10
24 11
24 13
24 163
25 5
25 20
25 99
25 131
25 132
25 133
25 165
25 166
26 3
26 5
26 20
26 102171
26 219839
26 727126
27 717
27 718
27 719
27 721
27 615944
28 10
28 146
28 147
28 149
28 722
29 5
29 20
29 99
29 131
29 132
29 133
29 165
29 166
30 3
30 5
30 20
30 1320
30 1322
30 727127
31 71
31 76
31 190
31 191
31 102652
seqId 397
1 10
1 126
1 1922
1 1924
1 727128
2 5
2 20
2 98
2 99
2 100
2 102
2 727129
3 3
3 5
3 20
3 15008
3 15010
3 727130
4 9
4 10
4 24
4 26
4 27
4 45357
5 4
5 195
5 202
5 2294
5 3837
5 727131
6 3
6 4
6 195
6 313
6 6526
6 727132
7 4
7 195
7 202
7 6111
7 13114
7 727133
8 944
8 945
8 946
8 948
8 727134
9 5
9 27
9 99
9 131
9 132
9 133
9 135
9 727135
10 3
10 4
10 5
10 72551
10 72553
10 727136
11 244
11 418
11 419
11 421
11 727137
12 5
12 20
12 99
12 131
12 132
12 133
12 166
12 178799
13 3
13 5
13 20
13 95227
13 95229
13 727138
14 84
14 90
14 91
14 93
14 121
14 195
14 6965
14 6967
14 727139
15 9
15 10
15 24
15 26
15 27
15 727140
16 443
16 703
16 707
16 2086
16 102665
17 4
17 90
17 122
17 195
17 708
17 713
17 2787
17 3433
17 80311
17 727141
18 660
18 3319
18 3320
18 3322
18 727142
19 9
19 10
19 11
19 13
19 310725
20 660
20 22631
20 22632
20 22634
20 727143
21 90
21 443
21 44662
21 105150
21 505820
22 5
22 27
22 99
22 131
22 132
22 133
22 135
22 727144
23 3
23 5
23 20
23 10464
23 68239
23 727145
24 5
24 20
24 202
24 2742
24 16528
24 727146
25 243
25 244
25 245
25 247
25 727147
26 5
26 20
26 202
26 795
26 797
26 727148
27 158
27 159
27 160
27 162
27 727149
28 9
28 10
28 11
28 13
28 163
29 5
29 20
29 99
29 131
29 132
29 133
29 165
29 166
30 3
30 5
30 20
30 222
30 224
30 727150
31 158
31 159
31 160
31 162
31 727151
32 9
32 10
32 11
32 13
32 163
33 5
33 20
33 99
33 131
33 132
33 133
33 165
33 166
34 3
34 5
34 20
34 222
34 224
34 178818
35 158
35 159
35 160
35 162
35 16127
36 9
36 10
36 11
36 13
36 163
37 5
37 20
37 99
37 131
37 132
37 133
37 165
37 166
38 3
38 5
38 20
38 1320
38 1322
38 727152
39 71
39 76
39 190
39 191
39 468896
seqId 398
1 5
1 20
1 82
1 83
1 84
1 115
1 763
1 3948
1 727153
2 82
2 83
2 84
2 115
2 5729
2 5731
2 727154
3 5
3 84
3 90
3 91
3 93
3 121
3 702
3 705
3 468902
4 660
4 2305
4 2306
4 2308
4 727155
5 10
5 1539
5 2408
5 2410
5 334191
6 3
6 5
6 20
6 2412
6 2414
6 727156
7 3
7 4
7 5
7 4550
7 8014
7 727157
8 10
8 146
8 147
8 149
8 727158
9 90
9 443
9 4190
9 4192
9 727159
10 5
10 20
10 99
10 133
10 175
10 176
10 1316
10 727160
11 3
11 5
11 20
11 951
11 953
11 727161
12 9
12 10
12 11
12 13
12 727162
13 3
13 4
13 15
13 195
13 4121
13 727163
14 4
14 5
14 202
14 45629
14 45631
14 727164
15 76
15 342
15 343
15 345
15 468936
16 717
16 718
16 719
16 721
16 727165
17 10
17 146
17 147
17 149
17 722
18 5
18 20
18 99
18 131
18 132
18 133
18 165
18 166
19 3
19 5
19 20
19 3118
19 3120
19 727166
20 27
20 944
20 945
20 1463
20 3308
20 727167
21 5
21 20
21 82
21 83
21 84
21 115
21 763
21 1002
21 727168
22 5
22 84
22 90
22 93
22 121
22 2081
22 4621
22 10555
22 727169
23 90
23 443
23 1845
23 199135
23 199137
23 727170
24 4
24 5
24 99
24 131
24 132
24 133
24 152
24 727171
25 3
25 4
25 5
25 504
25 14984
25 727172
26 9
26 10
26 24
26 26
26 27
26 727173
27 5
27 20
27 99
27 133
27 175
27 176
27 1316
27 370120
28 3
28 5
28 20
28 2320
28 2322
28 727174
29 10
29 146
29 149
29 21976
29 727175
30 3
30 4
30 5
30 5469
30 5471
30 727176
31 4
31 5
31 202
31 28325
31 28327
31 727177
32 10
32 146
32 147
32 149
32 606108
33 5
33 27
33 99
33 131
33 132
33 133
33 135
33 727178
34 3
34 4
34 5
34 7295
34 7297
34 727179
35 158
35 159
35 160
35 162
35 224721
36 9
36 10
36 11
36 13
36 163
37 5
37 20
37 99
37 131
37 132
37 133
37 165
37 166
38 5
38 20
38 202
38 566
38 568
38 224722
39 3
39 5
39 20
39 384
39 386
39 727180
40 5
40 20
40 202
40 761
40 4399
40 8684
40 24369
40 24371
40 24372
40 727181
41 71
41 76
41 190
41 191
41 727182
seqId 399
1 51
1 52
1 1427
1 1962
1 727183
2 76
2 433
2 434
2 436
2 727184
3 3
3 4
3 195
3 340
3 33141
3 33489
3 39461
3 727185
4 9
4 10
4 11
4 13
4 727186
5 5
5 27
5 99
5 131
5 132
5 133
5 135
5 727187
6 3
6 5
6 20
6 23785
6 54281
6 727188
7 5
7 20
7 202
7 322
7 36035
7 727189
seqId 400
1 10
1 283
1 3640
1 3642
1 727190
2 5
2 20
2 99
2 131
2 132
2 133
2 166
2 406994
3 3
3 5
3 20
3 16650
3 16652
3 727191
4 9
4 10
4 11
4 13
4 196673
5 3
5 4
5 15
5 195
5 4121
5 334248
6 4
6 195
6 202
6 340
6 62990
6 66705
6 727192
7 10
7 126
7 127
7 129
7 727193
8 99
8 131
8 132
8 133
8 195
8 237
8 727194
9 3
9 20
9 195
9 340
9 34139
9 34140
9 727195
10 9
10 10
10 11
10 13
10 727196
11 5
11 99
11 131
11 132
11 133
11 135
11 171
11 727197
12 3
12 4
12 5
12 24833
12 24835
12 727198
13 9
13 10
13 11
13 13
13 727199
14 3
14 4
14 5
14 39435
14 39437
14 727200
15 76
15 342
15 343
15 345
15 67890
16 5
16 99
16 131
16 132
16 133
16 135
16 171
16 727201
17 3
17 4
17 5
17 34917
17 34919
17 727202
18 230
18 231
18 232
18 234
18 102755
19 9
19 10
19 11
19 13
19 163
20 99
20 131
20 132
20 133
20 195
20 236
20 237
21 3
21 20
21 195
21 222
21 4204
21 727203
22 20
22 195
22 202
22 322
22 357
22 727204
23 10
23 146
23 147
23 149
23 727205
24 13
24 99
24 133
24 175
24 176
24 195
24 606146
25 4
25 195
25 202
25 795
25 3439
25 606147
26 3
26 4
26 195
26 32860
26 41465
26 727206
27 9
27 10
27 11
27 13
27 727207
28 4
28 5
28 99
28 131
28 132
28 133
28 152
28 727208
29 3
29 4
29 5
29 29295
29 29297
29 727209
30 4
30 195
30 202
30 2294
30 3837
30 727210
31 944
31 945
31 946
31 948
31 727211
32 99
32 131
32 132
32 133
32 195
32 237
32 727212
33 3
33 20
33 195
33 75747
33 75749
33 727213
34 243
34 244
34 245
34 247
34 139834
35 99
35 115
35 195
35 773
35 775
35 776
35 2192
35 2194
35 727214
36 20
36 195
36 202
36 340
36 2506
36 590106
36 727215
37 3
37 20
37 195
37 222
37 4204
37 727216
38 76
38 342
38 343
38 345
38 102782
39 5
39 84
39 90
39 91
39 93
39 121
39 10527
39 41845
39 727217
40 10
40 146
40 147
40 149
40 727218
41 660
41 2347
41 2350
41 2522
41 727219
42 9
42 10
42 26
42 169
42 171
42 727220
43 5
43 51
43 175
43 1316
43 727221
44 3
44 5
44 20
44 7837
44 7839
44 727222
45 71
45 76
45 190
45 191
45 727223
seqId 401
1 5
1 20
1 98
1 99
1 100
1 8099
1 727224
2 3
2 5
2 20
2 30034
2 46931
2 727225
3 76
3 342
3 343
3 345
3 391494
4 660
4 9231
4 9232
4 9234
4 727226
5 5
5 20
5 90
5 122
5 708
5 713
5 31897
5 31899
5 431521
6 10
6 279
6 11672
6 11673
6 469060
7 5
7 27
7 99
7 131
7 132
7 133
7 135
7 469061
8 3
8 4
8 5
8 168893
8 168895
8 727227
9 9
9 10
9 26
9 169
9 171
9 727228
10 3
10 4
10 5
10 29607
10 35839
10 369106
10 727230
11 9
11 10
11 11
11 13
11 196736
12 4
12 5
12 99
12 131
12 132
12 133
12 152
12 727231
13 3
13 4
13 5
13 8694
13 8696
13 727232
14 4
14 5
14 202
14 322
14 22672
14 727233
15 76
15 342
15 343
15 345
15 727234
16 5
16 84
16 90
16 91
16 93
16 121
16 1437
16 59855
16 727235
17 4
17 5
17 99
17 133
17 175
17 176
17 178
17 727236
18 3
18 4
18 5
18 26165
18 127633
18 431531
19 9
19 10
19 11
19 13
19 431532
20 3
20 5
20 20
20 614
20 4760
20 727237
21 10
21 146
21 149
21 2548
21 505926
22 3
22 5
22 20
22 38959
22 38961
22 727238
23 4
23 5
23 99
23 131
23 132
23 133
23 152
23 727239
24 3
24 4
24 5
24 8694
24 8696
24 727240
25 4
25 5
25 202
25 169377
25 169379
25 727241
26 3
26 4
26 5
26 35392
26 35394
26 727242
27 76
27 413
27 414
27 416
27 727243
28 67
28 38897
28 77753
28 727245
28 727246
28 727247
29 76
29 433
29 434
29 436
29 505936
30 10
30 1539
30 3889
30 3891
30 606191
31 660
31 2136
31 2137
31 2139
31 727248
32 944
32 945
32 946
32 948
32 727249
33 5
33 99
33 115
33 773
33 774
33 775
33 776
33 778
33 727250
34 3
34 5
34 20
34 12014
34 12016
34 727251
35 5
35 84
35 91
35 93
35 121
35 703
35 707
35 956
35 727252
36 5
36 20
36 90
36 122
36 708
36 713
36 93407
36 93409
36 727254
37 10
37 828
37 829
37 831
37 727255
38 5
38 99
38 131
38 132
38 133
38 135
38 171
38 727256
39 3
39 5
39 20
39 11913
39 22480
39 727257
40 9
40 10
40 26
40 169
40 171
40 727258
41 4
41 5
41 99
41 133
41 175
41 176
41 178
41 606201
42 3
42 4
42 5
42 897
42 899
42 606202
43 4
43 5
43 202
43 5516
43 5518
43 727259
44 244
44 418
44 419
44 421
44 727260
45 10
45 146
45 147
45 149
45 727261
46 3
46 5
46 20
46 26873
46 26875
46 727262
47 10
47 828
47 829
47 831
47 727263
48 5
48 99
48 131
48 132
48 133
48 135
48 171
48 727264
49 3
49 4
49 5
49 66879
49 66881
49 727265
50 9
50 10
50 26
50 169
50 171
50 727266
51 4
51 5
51 99
51 133
51 175
51 176
51 178
51 334349
52 3
52 4
52 5
52 207262
52 339707
52 727267
53 4
53 5
53 202
53 2674
53 2676
53 727268
54 243
54 244
54 245
54 247
54 727269
55 4
55 5
55 202
55 6269
55 10569
55 727270
56 71
56 76
56 190
56 191
56 727271
seqId 402
1 660
1 9011
1 53273
1 53275
1 727272
2 76
2 342
2 343
2 345
2 727273
3 5
3 20
3 99
3 133
3 175
3 176
3 1316
3 16317
4 5
4 20
4 202
4 6111
4 6113
4 727274
5 3
5 5
5 20
5 20293
5 405887
5 727275
6 5
6 84
6 90
6 91
6 93
6 121
6 1236
6 18019
6 727276
7 10
7 109
7 110
7 112
7 727277
8 3
8 4
8 5
8 49696
8 49698
8 727278
9 660
9 28289
9 28290
9 28292
9 727279
10 9
10 10
10 24
10 26
10 27
10 727280
11 4
11 5
11 99
11 133
11 175
11 176
11 178
11 727281
12 3
12 4
12 5
12 85631
12 85633
12 727282
13 9
13 10
13 11
13 13
13 727283
14 4
14 5
14 99
14 131
14 132
14 133
14 152
14 727284
15 3
15 4
15 5
15 8694
15 8696
15 727285
16 4
16 5
16 202
16 322
16 22672
16 727286
17 944
17 945
17 946
17 948
17 727287
18 9
18 10
18 24
18 26
18 27
18 727288
19 4
19 5
19 99
19 133
19 175
19 176
19 178
19 727289
20 4
20 5
20 202
20 19896
20 19898
20 727290
21 3
21 4
21 5
21 29607
21 35839
21 369106
21 727291
22 71
22 76
22 190
22 191
22 727292
seqId 403
1 9
1 10
1 1539
1 1886
1 431603
2 660
2 2347
2 2348
2 2350
2 727293
3 76
3 342
3 343
3 345
3 727294
4 945
4 2473
4 2474
4 2476
4 727295
5 10
5 283
5 284
5 286
5 727296
6 5
6 20
6 99
6 131
6 132
6 133
6 166
6 196819
7 3
7 5
7 20
7 951
7 953
7 727297
8 9
8 10
8 11
8 13
8 727298
9 4
9 5
9 99
9 131
9 132
9 133
9 152
9 727299
10 3
10 4
10 5
10 4002
10 4004
10 727300
11 4
11 5
11 202
11 322
11 22672
11 727301
12 76
12 342
12 343
12 345
12 370262
13 4
13 5
13 99
13 131
13 132
13 133
13 152
13 370263
14 3
14 4
14 5
14 39435
14 39437
14 727302
15 82
15 84
15 114
15 115
15 116
15 1361
15 727303
16 5
16 84
16 90
16 91
16 93
16 121
16 47017
16 47019
16 727304
17 4
17 5
17 202
17 3001
17 3003
17 727305
18 10
18 828
18 829
18 831
18 727306
19 5
19 27
19 99
19 131
19 132
19 133
19 135
19 727307
20 3
20 5
20 20
20 2429
20 2431
20 727308
21 9
21 10
21 24
21 26
21 27
21 727309
22 4
22 5
22 99
22 133
22 175
22 176
22 178
22 727310
23 3
23 4
23 5
23 7190
23 17555
23 727311
24 76
24 342
24 343
24 345
24 727312
25 4
25 5
25 99
25 131
25 132
25 133
25 152
25 407120
26 3
26 4
26 5
26 8694
26 8696
26 727313
27 4
27 5
27 202
27 322
27 16393
27 22672
28 5
28 84
28 90
28 91
28 93
28 121
28 3787
28 16535
28 102930
29 660
29 2643
29 2644
29 2646
29 727314
30 4
30 5
30 90
30 122
30 708
30 713
30 34647
30 34649
30 727315
31 76
31 342
31 343
31 345
31 727316
32 660
32 2547
32 2548
32 4275
32 727317
33 10
33 146
33 147
33 149
33 727318
34 4
34 5
34 82
34 84
34 115
34 763
34 1262
34 1264
34 727319
35 76
35 342
35 343
35 345
35 727320
36 10
36 126
36 127
36 129
36 727321
37 4
37 5
37 99
37 131
37 132
37 133
37 152
37 68050
38 3
38 4
38 5
38 11412
38 14762
38 727322
39 9
39 10
39 11
39 13
39 370295
40 3
40 4
40 195
40 340
40 39435
40 39437
40 727323
41 660
41 2347
41 2348
41 2350
41 179052
42 4
42 195
42 202
42 2787
42 124738
42 182652
42 727324
43 76
43 342
43 343
43 345
43 102951
44 243
44 244
44 245
44 247
44 727325
45 90
45 121
45 122
45 792
45 2081
45 19447
45 727326
46 660
46 3768
46 3769
46 3771
46 727327
47 660
47 12080
47 12081
47 12083
47 727328
48 99
48 115
48 195
48 773
48 775
48 776
48 2192
48 2194
48 727329
49 3
49 4
49 195
49 325202
49 325204
49 417270
50 10
50 283
50 284
50 286
50 727330
51 99
51 133
51 175
51 176
51 195
51 234
51 727331
52 3
52 4
52 195
52 337
52 3929
52 727332
53 9
53 10
53 26
53 169
53 171
53 727333
54 3
54 4
54 5
54 25373
54 25375
54 727334
55 4
55 5
55 202
55 5516
55 5518
55 727335
56 75
56 76
56 77
56 79
56 727336
57 3
57 4
57 5
57 7319
57 7321
57 727337
58 4
58 5
58 202
58 3386
58 6768
58 727338
59 76
59 342
59 343
59 345
59 727339
60 3
60 5
60 20
60 223283
60 223285
60 727340
61 76
61 342
61 343
61 345
61 224953
62 3
62 4
62 5
62 19020
62 23943
62 727341
63 4
63 5
63 202
63 722330
63 722422
63 727343
64 9
64 10
64 11
64 13
64 334427
65 5
65 99
65 131
65 132
65 133
65 135
65 171
65 727344
66 3
66 5
66 20
66 220378
66 258515
66 727345
67 71
67 76
67 190
67 191
67 727346
seqId 404
1 4
1 5
1 99
1 131
1 132
1 133
1 811
1 727347
2 3
2 4
2 5
2 85631
2 85633
2 727348
3 9
3 10
3 11
3 13
3 727349
4 4
4 5
4 99
4 131
4 132
4 133
4 152
4 407173
5 3
5 4
5 5
5 330816
5 330818
5 727350
6 4
6 5
6 202
6 60847
6 60849
6 727351
7 3
7 4
7 5
7 26985
7 26987
7 727352
8 230
8 231
8 232
8 234
8 727353
9 9
9 10
9 11
9 13
9 163
10 99
10 131
10 132
10 133
10 195
10 236
10 237
11 20
11 195
11 202
11 3106
11 15663
11 727354
12 3
12 20
12 195
12 102171
12 102173
12 727355
13 4
13 5
13 90
13 122
13 708
13 713
13 1104
13 47017
13 169871
13 727357
14 10
14 828
14 829
14 831
14 727358
15 4
15 5
15 99
15 131
15 132
15 133
15 152
15 675923
16 3
16 4
16 5
16 7190
16 17555
16 675924
17 9
17 10
17 11
17 13
17 616179
18 3
18 4
18 5
18 221328
18 221330
18 727359
19 9
19 10
19 11
19 13
19 727360
20 5
20 99
20 131
20 132
20 133
20 135
20 171
20 727361
21 3
21 5
21 20
21 38181
21 38183
21 727362
22 10
22 109
22 110
22 112
22 727363
23 51
23 195
23 1851
23 1853
23 727364
24 82
24 84
24 114
24 115
24 116
24 118
24 171
24 727365
25 5
25 84
25 91
25 93
25 121
25 703
25 707
25 956
25 179099
26 4
26 5
26 90
26 122
26 708
26 769
26 3563
26 22559
26 727366
27 10
27 828
27 829
27 831
27 727367
28 3
28 4
28 5
28 4298
28 4300
28 727368
29 9
29 10
29 26
29 169
29 171
29 727369
30 3
30 5
30 20
30 11279
30 11281
30 727370
31 5
31 20
31 202
31 3386
31 10488
31 727371
32 244
32 418
32 419
32 421
32 140049
33 10
33 146
33 147
33 149
33 727372
34 3
34 5
34 20
34 26873
34 26875
34 727373
35 10
35 828
35 829
35 831
35 727374
36 3
36 4
36 5
36 19020
36 23943
36 727375
37 4
37 5
37 202
37 722330
37 722422
37 727376
38 9
38 10
38 11
38 13
38 727377
39 5
39 99
39 131
39 132
39 133
39 135
39 171
39 727378
40 3
40 5
40 20
40 220378
40 258515
40 727379
41 71
41 76
41 190
41 191
41 727380
seqId 405
1 660
1 976
1 7272
1 7274
1 727381
2 76
2 342
2 343
2 345
2 727382
3 10
3 146
3 149
3 1539
3 727383
4 3
4 4
4 5
4 5280
4 5282
4 16497
5 944
5 945
5 946
5 948
5 727384
6 4
6 5
6 99
6 131
6 132
6 133
6 152
6 727385
7 3
7 4
7 5
7 32860
7 32862
7 727386
8 230
8 231
8 232
8 234
8 727387
9 9
9 10
9 11
9 13
9 163
10 99
10 131
10 132
10 133
10 195
10 236
10 237
11 3
11 20
11 195
11 230916
11 230918
11 727388
12 230
12 231
12 232
12 234
12 727389
13 9
13 10
13 11
13 13
13 163
14 99
14 131
14 132
14 133
14 195
14 236
14 237
15 3
15 4
15 195
15 247798
15 247800
15 727390
16 9
16 10
16 11
16 13
16 727391
17 3
17 4
17 5
17 4002
17 26956
17 727392
18 4
18 5
18 202
18 322
18 22672
18 727393
19 5
19 84
19 90
19 91
19 93
19 121
19 3787
19 16535
19 727394
20 82
20 84
20 114
20 115
20 116
20 1361
20 727395
21 26
21 90
21 443
21 49794
21 303625
21 727397
21 727398
22 76
22 342
22 343
22 345
22 727399
23 4
23 5
23 82
23 84
23 100
23 4680
23 7233
23 727400
24 230
24 231
24 232
24 234
24 616210
25 9
25 10
25 11
25 13
25 163
26 99
26 131
26 132
26 133
26 195
26 236
26 237
27 3
27 20
27 195
27 230916
27 230918
27 727401
28 230
28 231
28 232
28 234
28 675967
29 9
29 10
29 11
29 13
29 163
30 99
30 131
30 132
30 133
30 195
30 236
30 237
31 3
31 4
31 195
31 247798
31 247800
31 727402
32 9
32 10
32 11
32 13
32 506097
33 3
33 4
33 5
33 8694
33 8696
33 727403
34 4
34 5
34 202
34 322
34 22672
34 727404
35 4
35 5
35 202
35 60847
35 60849
35 727405
36 243
36 244
36 245
36 247
36 727406
37 4
37 5
37 202
37 71885
37 71887
37 727407
38 5
38 84
38 90
38 93
38 121
38 3840
38 4621
38 620803
38 727408
39 82
39 84
39 114
39 115
39 116
39 1361
39 727409
40 90
40 443
40 77379
40 77381
40 727410
41 10
41 146
41 147
41 149
41 727411
42 4
42 85
42 99
42 195
42 1589
42 1591
42 616226
43 3
43 4
43 195
43 32860
43 41465
43 727412
44 660
44 2276
44 2277
44 2279
44 179160
45 9
45 10
45 11
45 13
45 225051
46 4
46 5
46 99
46 131
46 132
46 133
46 152
46 727413
47 3
47 4
47 5
47 29295
47 29297
47 727414
48 71
48 76
48 190
48 191
48 727415
seqId 406
1 10
1 828
1 1336
1 1539
1 727416
2 660
2 2210
2 2211
2 2213
2 727417
3 76
3 342
3 343
3 345
3 727418
4 5
4 27
4 99
4 131
4 132
4 133
4 135
4 675984
5 3
5 4
5 5
5 29607
5 35839
5 369106
5 727419
6 230
6 231
6 232
6 234
6 727420
7 9
7 10
7 11
7 13
7 163
8 99
8 131
8 132
8 133
8 195
8 236
8 237
9 3
9 20
9 195
9 222
9 4204
9 727421
10 20
10 195
10 202
10 322
10 357
10 417395
11 5
11 84
11 90
11 91
11 93
11 121
11 98427
11 98429
11 727422
12 85
12 99
12 195
12 13851
12 13853
12 727423
13 3
13 4
13 195
13 18624
13 18626
13 727424
14 10
14 109
14 110
14 112
14 727425
15 3
15 4
15 5
15 4550
15 8014
15 727426
16 9
16 10
16 11
16 13
16 506140
17 3
17 5
17 20
17 2778
17 2780
17 727427
18 71
18 76
18 190
18 191
18 727428
seqId 407
1 4
1 5
1 82
1 83
1 84
1 115
1 763
1 4750
1 727429
2 82
2 84
2 114
2 115
2 116
2 118
2 171
2 727430
3 5
3 84
3 90
3 91
3 93
3 121
3 4075
3 11984
3 727431
4 660
4 10454
4 10455
4 10457
4 727432
5 9
5 10
5 26
5 169
5 171
5 727433
6 4
6 5
6 99
6 133
6 175
6 176
6 178
6 727434
7 3
7 4
7 5
7 3691
7 3693
7 727435
8 10
8 126
8 127
8 129
8 727436
9 4
9 5
9 99
9 131
9 132
9 133
9 152
9 225084
10 3
10 4
10 5
10 4779
10 12778
10 225085
11 158
11 159
11 160
11 162
11 616258
12 9
12 10
12 11
12 13
12 163
13 5
13 20
13 99
13 131
13 132
13 133
13 165
13 166
14 3
14 5
14 20
14 2778
14 2780
14 727437
15 9
15 10
15 11
15 13
15 727438
16 4
16 5
16 99
16 131
16 132
16 133
16 152
16 727439
17 3
17 4
17 5
17 8694
17 8696
17 727440
18 4
18 5
18 202
18 322
18 22672
18 727441
19 71
19 76
19 190
19 191
19 727442
20 68224
20 108780
20 108781
20 108782
20 108784
seqId 408
1 10
1 146
1 147
1 149
1 722
2 99
2 131
2 132
2 133
2 195
2 236
2 237
3 4
3 195
3 202
3 37132
3 37134
3 727443
4 3
4 4
4 195
4 533609
4 727445
4 727446
5 4
5 195
5 202
5 322
5 324
5 727447
6 76
6 342
6 343
6 345
6 727448
7 82
7 84
7 114
7 115
7 116
7 1361
7 727449
8 84
8 90
8 91
8 93
8 121
8 195
8 755
8 46947
8 727451
8 727452
9 230
9 231
9 232
9 234
9 727453
10 9
10 10
10 11
10 13
10 163
11 99
11 131
11 132
11 133
11 195
11 236
11 237
12 3
12 20
12 195
12 13025
12 13027
12 727454
13 9
13 10
13 11
13 13
13 727455
14 3
14 5
14 20
14 2778
14 2780
14 140191
15 90
15 121
15 122
15 792
15 11281
15 12304
15 727456
16 4
16 5
16 99
16 133
16 175
16 176
16 178
16 727457
17 3
17 4
17 5
17 4420
17 4422
17 727458
18 660
18 2347
18 2348
18 2350
18 16617
19 4
19 5
19 202
19 1466
19 1468
19 727459
20 10
20 146
20 147
20 149
20 727460
21 5
21 99
21 131
21 132
21 133
21 135
21 171
21 727461
22 3
22 5
22 20
22 249694
22 249696
22 727462
23 71
23 76
23 190
23 191
23 16621
seqId 409
1 5
1 20
1 99
1 131
1 132
1 133
1 967
1 506185
2 3
2 5
2 20
2 429
2 431
2 727463
3 9
3 10
3 11
3 13
3 727464
4 3
4 4
4 5
4 2868
4 7692
4 727465
5 9
5 10
5 11
5 13
5 727466
6 5
6 99
6 131
6 132
6 133
6 135
6 171
6 727467
7 3
7 4
7 5
7 15283
7 347073
7 727468
8 3
8 5
8 20
8 220659
8 220661
8 727469
9 5
9 84
9 90
9 91
9 93
9 121
9 10063
9 68309
9 311150
10 90
10 443
10 1608
10 318253
10 503645
10 727470
11 99
11 131
11 132
11 133
11 195
11 237
11 727471
12 3
12 4
12 195
12 340
12 14541
12 14543
12 727472
13 9
13 10
13 26
13 169
13 171
13 140217
14 4
14 5
14 99
14 133
14 175
14 176
14 178
14 727473
15 4
15 5
15 202
15 6111
15 151303
15 727474
16 3
16 4
16 5
16 3691
16 3693
16 727475
17 71
17 76
17 190
17 191
17 727476
seqId 410
1 10
1 109
1 878
1 1539
1 727477
2 3
2 5
2 20
2 2429
2 2431
2 727478
3 76
3 342
3 343
3 345
3 16641
4 4
4 5
4 99
4 131
4 132
4 133
4 152
4 727479
5 3
5 4
5 5
5 12807
5 13423
5 727481
5 727482
6 4
6 5
6 202
6 10504
6 10506
6 727483
7 158
7 159
7 160
7 162
7 727484
8 9
8 10
8 11
8 13
8 163
9 5
9 20
9 99
9 131
9 132
9 133
9 165
9 166
10 3
10 5
10 20
10 2778
10 2780
10 727485
11 9
11 10
11 11
11 13
11 727486
12 5
12 20
12 98
12 99
12 100
12 102
12 676050
13 3
13 5
13 20
13 7633
13 7635
13 727487
14 5
14 84
14 90
14 91
14 93
14 120
14 121
14 40681
14 727488
15 5
15 99
15 115
15 773
15 774
15 775
15 776
15 778
15 727489
16 3
16 4
16 5
16 34917
16 34919
16 727490
17 2822
17 2823
17 2824
17 2826
17 727491
18 10
18 146
18 147
18 149
18 722
19 99
19 131
19 132
19 133
19 195
19 236
19 237
20 3
20 20
20 195
20 75747
20 75749
20 727492
21 20
21 195
21 202
21 128480
21 128482
21 727493
22 71
22 76
22 190
22 191
22 727494
seqId 411
1 4
1 5
1 98
1 99
1 100
1 4105
1 727495
2 3
2 4
2 5
2 1784
2 10502
2 727496
3 171
3 660
3 661
3 910
3 912
3 727497
4 5
4 84
4 91
4 93
4 121
4 703
4 707
4 956
4 727498
5 660
5 661
5 1240
5 1242
5 16667
6 10
6 2408
6 2410
6 10221
6 727499
7 3
7 4
7 195
7 25430
7 37321
7 727500
8 10
8 126
8 127
8 129
8 407349
9 4
9 5
9 99
9 131
9 132
9 133
9 152
9 727501
10 3
10 4
10 5
10 5484
10 5486
10 727502
11 660
11 2310
11 2311
11 2313
11 676063
12 158
12 159
12 160
12 162
12 197134
13 9
13 10
13 11
13 13
13 163
14 5
14 20
14 99
14 131
14 132
14 133
14 165
14 166
15 3
15 5
15 20
15 322
15 36035
15 727503
16 71
16 76
16 190
16 191
16 431857
seqId 412
1 10
1 283
1 3640
1 3642
1 727504
2 5
2 20
2 99
2 133
2 175
2 176
2 1316
2 506237
3 5
3 20
3 202
3 6111
3 6113
3 727505
4 3
4 5
4 20
4 13358
4 28067
4 727506
5 76
5 342
5 343
5 345
5 727507
6 5
6 99
6 131
6 132
6 133
6 135
6 171
6 727508
7 3
7 5
7 20
7 23785
7 54281
7 727509
8 5
8 84
8 90
8 91
8 93
8 121
8 43124
8 43126
8 727510
9 5
9 20
9 99
9 133
9 175
9 176
9 1316
9 1539
9 727511
10 3
10 19655
10 19656
10 19658
10 727512
11 660
11 2347
11 2348
11 2350
11 727513
12 4
12 5
12 99
12 131
12 132
12 133
12 152
12 179344
13 3
13 4
13 5
13 18260
13 39872
13 727514
14 10
14 126
14 127
14 129
14 727515
15 4
15 5
15 99
15 131
15 132
15 133
15 152
15 727516
16 3
16 4
16 5
16 6422
16 6424
16 727517
17 243
17 244
17 245
17 247
17 68326
18 4
18 5
18 99
18 131
18 132
18 133
18 152
18 727518
19 3
19 4
19 5
19 813
19 815
19 727519
20 158
20 159
20 160
20 162
20 727520
21 9
21 10
21 11
21 13
21 163
22 5
22 20
22 99
22 131
22 132
22 133
22 165
22 166
23 3
23 5
23 20
23 13358
23 28067
23 727521
24 9
24 10
24 11
24 13
24 727522
25 3
25 4
25 5
25 8694
25 8696
25 727523
26 4
26 5
26 202
26 322
26 22672
26 727524
27 10
27 283
27 284
27 286
27 727525
28 5
28 99
28 115
28 773
28 774
28 775
28 776
28 778
28 727526
29 3
29 5
29 20
29 3394
29 3396
29 727527
30 71
30 76
30 190
30 191
30 727528
seqId 413
1 5
1 20
1 82
1 84
1 100
1 6672
1 6674
1 727529
2 171
2 660
2 661
2 910
2 912
2 727530
3 5
3 84
3 91
3 93
3 121
3 703
3 707
3 956
3 727531
4 660
4 661
4 1240
4 1242
4 727532
5 5
5 20
5 202
5 727534
5 727535
5 727536
6 660
6 918
6 921
6 941
6 727537
7 171
7 944
7 945
7 1461
7 1463
7 727538
8 4
8 5
8 99
8 133
8 175
8 176
8 178
8 727539
9 4
9 5
9 202
9 1589
9 36390
9 727540
10 3
10 4
10 5
10 23011
10 23013
10 727541
11 5
11 84
11 91
11 93
11 121
11 702
11 703
11 705
11 727542
12 660
12 2586
12 2587
12 2589
12 727543
13 5
13 20
13 122
13 703
13 707
13 708
13 710
13 727544
14 4
14 5
14 90
14 122
14 708
14 713
14 1104
14 7254
14 7256
14 727545
15 10
15 146
15 147
15 149
15 727546
16 5
16 20
16 98
16 99
16 100
16 102
16 417525
17 3
17 5
17 20
17 4279
17 4281
17 727547
18 10
18 68360
18 92093
18 92094
18 92095
19 99
19 131
19 132
19 133
19 195
19 237
19 197175
20 3
20 20
20 195
20 2960
20 2962
20 727548
21 20
21 195
21 202
21 322
21 357
21 727549
22 71
22 76
22 190
22 191
22 727550
seqId 414
1 244
1 1249
1 2068
1 2070
1 727551
2 82
2 944
2 948
2 2906
2 727552
3 5
3 84
3 90
3 91
3 93
3 121
3 1495
3 28166
3 727553
4 5
4 20
4 72
4 82
4 83
4 84
4 115
4 763
4 1186
4 106442
4 727555
5 660
5 918
5 919
5 921
5 727556
6 5
6 20
6 99
6 133
6 158
6 162
6 176
6 727557
7 3
7 5
7 20
7 831
7 3584
7 10891
7 288450
7 727558
8 10
8 146
8 147
8 149
8 727559
9 4
9 5
9 99
9 131
9 132
9 133
9 152
9 727560
10 3
10 4
10 5
10 31197
10 289210
10 727561
11 76
11 2911
11 2912
11 2914
11 727562
seqId 415
1 5
1 99
1 131
1 132
1 133
1 171
1 699
1 417542
2 3
2 4
2 5
2 29607
2 35839
2 369106
2 727563
3 230
3 231
3 232
3 234
3 68388
4 9
4 10
4 11
4 13
4 163
5 99
5 131
5 132
5 133
5 195
5 236
5 237
6 3
6 20
6 195
6 222
6 4204
6 727564
7 20
7 195
7 202
7 322
7 357
7 727565
8 171
8 660
8 661
8 910
8 912
8 103244
9 5
9 84
9 90
9 91
9 93
9 121
9 6204
9 204670
9 727566
10 4
10 5
10 82
10 83
10 84
10 115
10 595
10 763
10 13452
10 727567
11 660
11 661
11 1240
11 1242
11 616379
12 10
12 146
12 147
12 149
12 16750
13 4
13 5
13 99
13 133
13 175
13 176
13 178
13 727568
14 3
14 4
14 5
14 58507
14 58509
14 727569
15 230
15 231
15 232
15 234
15 727570
16 9
16 10
16 11
16 13
16 163
17 99
17 131
17 132
17 133
17 195
17 236
17 237
18 3
18 20
18 195
18 31623
18 41607
18 727571
19 76
19 2911
19 2912
19 2914
19 676118
seqId 416
1 84
1 90
1 91
1 92
1 93
1 195
1 4766
1 26497
1 69708
1 727573
2 5
2 27
2 99
2 131
2 132
2 133
2 135
2 616384
3 3
3 5
3 20
3 10801
3 10803
3 727574
4 10
4 146
4 147
4 149
4 727575
5 5
5 20
5 98
5 99
5 100
5 3961
5 606539
6 3
6 5
6 20
6 3963
6 3965
6 727576
7 9
7 10
7 24
7 26
7 27
7 727577
8 4
8 5
8 99
8 133
8 175
8 176
8 178
8 103257
9 3
9 4
9 5
9 33906
9 33908
9 727578
10 4
10 5
10 202
10 1601
10 18277
10 727579
11 99
11 131
11 132
11 133
11 195
11 237
11 506305
12 3
12 4
12 195
12 2868
12 3551
12 727580
13 10
13 109
13 110
13 112
13 506309
14 3
14 4
14 5
14 4550
14 8014
14 727581
15 9
15 10
15 11
15 13
15 676128
16 3
16 4
16 5
16 4900
16 4902
16 370622
17 4
17 5
17 202
17 5516
17 5518
17 727582
18 243
18 244
18 245
18 247
18 407439
19 9
19 10
19 24
19 26
19 27
19 727583
20 3
20 4
20 5
20 15283
20 347073
20 727584
21 3
21 5
21 20
21 220659
21 220661
21 727585
22 71
22 76
22 190
22 191
22 727586
seqId 417
1 4
1 72
1 82
1 84
1 100
1 195
1 6825
1 6828
1 254772
1 727587
2 84
2 90
2 91
2 93
2 121
2 195
2 755
2 12294
2 39710
2 727588
3 4
3 5
3 99
3 133
3 175
3 176
3 178
3 727589
4 3
4 4
4 5
4 58507
4 58509
4 727590
5 230
5 231
5 232
5 234
5 727591
6 9
6 10
6 11
6 13
6 163
7 99
7 131
7 132
7 133
7 195
7 236
7 237
8 3
8 20
8 195
8 2081
8 36474
8 727592
9 717
9 718
9 719
9 721
9 727593
10 10
10 146
10 147
10 149
10 722
11 5
11 20
11 99
11 131
11 132
11 133
11 165
11 166
12 3
12 5
12 20
12 6840
12 6842
12 727594
13 9
13 10
13 24
13 26
13 27
13 727595
14 3
14 4
14 195
14 97232
14 97234
14 727596
15 26309
15 26310
15 26312
15 110269
15 727597
16 9
16 10
16 11
16 13
16 163
17 5
17 20
17 99
17 131
17 132
17 133
17 165
17 166
18 3
18 5
18 20
18 26314
18 26316
18 26317
18 727598
19 76
19 342
19 343
19 345
19 334777
20 82
20 758
20 759
20 761
20 727599
21 27
21 660
21 661
21 910
21 912
21 727600
22 5
22 84
22 90
22 91
22 93
22 121
22 707
22 956
22 533770
23 660
23 661
23 1240
23 1242
23 68439
24 10
24 2408
24 2410
24 10221
24 727601
25 90
25 443
25 27470
25 27472
25 27473
25 27474
25 727602
26 4
26 5
26 99
26 131
26 132
26 133
26 152
26 68443
27 3
27 4
27 5
27 4420
27 4422
27 727603
28 158
28 159
28 160
28 162
28 727604
29 9
29 10
29 11
29 13
29 163
30 5
30 20
30 99
30 131
30 132
30 133
30 165
30 166
31 3
31 5
31 20
31 831
31 3584
31 10891
31 288450
31 727605
32 71
32 76
32 190
32 191
32 727606
seqId 418
1 10
1 126
1 1922
1 1924
1 606585
2 5
2 20
2 99
2 133
2 175
2 176
2 1316
2 533778
3 5
3 20
3 202
3 2294
3 2296
3 727607
4 3
4 5
4 20
4 27018
4 27020
4 727608
5 944
5 945
5 946
5 948
5 407469
6 5
6 27
6 99
6 131
6 132
6 133
6 135
6 727609
7 3
7 4
7 5
7 29607
7 35839
7 369106
7 727610
8 230
8 231
8 232
8 234
8 727611
9 9
9 10
9 11
9 13
9 163
10 99
10 131
10 132
10 133
10 195
10 236
10 237
11 3
11 20
11 195
11 222
11 4204
11 727612
12 76
12 342
12 343
12 345
12 392122
13 4
13 5
13 99
13 131
13 132
13 133
13 152
13 727613
14 3
14 4
14 5
14 3691
14 3693
14 727614
15 4
15 5
15 202
15 7602
15 7687
15 727615
16 10
16 146
16 147
16 149
16 469563
17 4
17 5
17 99
17 131
17 132
17 133
17 152
17 68469
18 3
18 4
18 5
18 2902
18 107236
18 724122
18 727616
19 230
19 231
19 232
19 234
19 417609
20 9
20 10
20 11
20 13
20 163
21 99
21 131
21 132
21 133
21 195
21 236
21 237
22 3
22 20
22 195
22 222
22 4204
22 727617
23 20
23 90
23 122
23 195
23 708
23 713
23 17975
23 40687
23 676162
24 5
24 84
24 91
24 92
24 93
24 703
24 707
24 16563
24 676163
25 4
25 5
25 90
25 122
25 708
25 713
25 5094
25 5096
25 727618
26 10
26 109
26 110
26 112
26 431996
27 5
27 27
27 82
27 83
27 84
27 115
27 135
27 763
27 727619
28 90
28 121
28 122
28 4258
28 15694
28 727620
29 10
29 283
29 284
29 286
29 727621
30 4
30 5
30 99
30 133
30 175
30 176
30 178
30 197294
31 3
31 4
31 5
31 22971
31 38820
31 727622
32 4
32 5
32 202
32 3244
32 3246
32 727623
33 75
33 76
33 77
33 79
33 727624
34 660
34 2906
34 19025
34 36107
34 727625
35 90
35 443
35 824
35 9665
35 727626
36 2822
36 2823
36 2824
36 2826
36 727627
37 10
37 146
37 147
37 149
37 722
38 99
38 131
38 132
38 133
38 195
38 236
38 237
39 3
39 20
39 195
39 34294
39 34296
39 727628
40 5
40 20
40 99
40 131
40 132
40 133
40 166
40 727629
41 3
41 5
41 20
41 12014
41 12016
41 727630
42 5
42 20
42 202
42 7325
42 103815
42 311341
43 9
43 10
43 11
43 13
43 311342
44 3
44 4
44 195
44 99674
44 99676
44 727631
45 4
45 195
45 202
45 2553
45 29601
45 727632
46 82
46 758
46 759
46 761
46 727633
47 84
47 90
47 91
47 93
47 121
47 195
47 30010
47 433803
47 727634
48 4
48 5
48 99
48 131
48 132
48 133
48 152
48 727635
49 3
49 4
49 5
49 4737
49 504092
49 504094
49 727636
50 230
50 231
50 232
50 234
50 311355
51 9
51 10
51 11
51 13
51 163
52 99
52 131
52 132
52 133
52 195
52 236
52 237
53 3
53 4
53 195
53 2567
53 41688
53 727637
54 9
54 10
54 11
54 13
54 727638
55 3
55 5
55 20
55 1320
55 1322
55 727639
56 76
56 342
56 343
56 345
56 727640
57 90
57 121
57 122
57 2333
57 15757
57 727641
58 660
58 976
58 977
58 979
58 727642
59 9
59 10
59 11
59 13
59 727643
60 90
60 443
60 7382
60 104077
60 727644
61 99
61 131
61 132
61 133
61 195
61 237
61 727645
62 3
62 4
62 195
62 340
62 33277
62 33279
62 727646
63 4
63 195
63 202
63 340
63 5516
63 5518
63 727647
64 71
64 76
64 190
64 191
64 727648
seqId 419
1 10
1 109
1 876
1 878
1 727649
2 3
2 4
2 5
2 43109
2 43111
2 727650
3 76
3 342
3 343
3 345
3 533850
4 99
4 131
4 132
4 133
4 195
4 237
4 727651
5 4
5 195
5 202
5 2075
5 2771
5 727652
6 3
6 4
6 195
6 22729
6 22731
6 727653
7 9
7 10
7 11
7 13
7 727654
8 3
8 4
8 5
8 15
8 17
8 727655
9 82
9 758
9 759
9 761
9 727656
10 84
10 90
10 91
10 93
10 121
10 195
10 755
10 316060
10 333889
10 727657
11 84
11 90
11 91
11 93
11 121
11 195
11 755
11 60103
11 60105
11 727658
12 10
12 146
12 147
12 149
12 727659
13 4
13 5
13 99
13 133
13 175
13 176
13 178
13 727660
14 3
14 4
14 5
14 22957
14 42872
14 727661
15 82
15 758
15 759
15 761
15 727662
16 27
16 660
16 661
16 910
16 912
16 727663
17 5
17 84
17 91
17 93
17 121
17 702
17 703
17 705
17 727664
18 660
18 661
18 179717
18 179719
18 727665
19 5
19 20
19 90
19 122
19 708
19 769
19 129341
19 129343
19 727666
20 9
20 10
20 24
20 26
20 27
20 727667
21 90
21 443
21 1587
21 10444
21 302318
21 521193
21 727668
22 5
22 20
22 99
22 131
22 132
22 133
22 166
22 16945
23 3
23 5
23 20
23 222
23 224
23 727669
24 9
24 10
24 11
24 13
24 727670
25 4
25 5
25 99
25 131
25 132
25 133
25 152
25 68542
26 3
26 4
26 5
26 8694
26 8696
26 727671
27 4
27 5
27 202
27 322
27 22672
27 727672
28 75
28 76
28 77
28 79
28 370763
29 4
29 195
29 202
29 2905
29 2906
29 2908
29 727673
30 84
30 91
30 93
30 121
30 195
30 703
30 707
30 1858
30 727674
31 99
31 131
31 132
31 133
31 195
31 237
31 727675
32 3
32 4
32 195
32 4298
32 4504
32 727676
33 243
33 244
33 245
33 247
33 727677
34 3
34 20
34 195
34 1718
34 1720
34 727678
35 9
35 10
35 11
35 13
35 727679
36 3
36 4
36 5
36 4851
36 4853
36 727680
37 10
37 109
37 110
37 112
37 103450
38 3
38 4
38 5
38 4406
38 24330
38 727681
39 9
39 10
39 11
39 13
39 727682
40 98
40 99
40 100
40 195
40 2073
40 727683
41 51
41 195
41 1501
41 1503
41 311408
42 3
42 20
42 195
42 11067
42 65491
42 727684
43 20
43 195
43 202
43 958
43 4207
43 727685
44 76
44 342
44 343
44 345
44 727686
45 5
45 27
45 99
45 131
45 132
45 133
45 135
45 727687
46 3
46 4
46 5
46 26362
46 26364
46 727688
47 9
47 10
47 11
47 13
47 727689
48 3
48 5
48 20
48 8494
48 8496
48 727690
49 243
49 244
49 245
49 247
49 225405
50 4
50 5
50 99
50 131
50 132
50 133
50 152
50 469695
51 3
51 4
51 5
51 39435
51 39437
51 727691
52 76
52 2911
52 2912
52 2914
52 727692
seqId 420
1 3
1 4
1 195
1 340
1 22957
1 90645
1 727694
1 727695
2 82
2 758
2 759
2 761
2 616507
3 84
3 90
3 91
3 93
3 121
3 195
3 755
3 16983
3 116787
3 727697
3 727698
4 9
4 10
4 24
4 26
4 27
4 727699
5 3
5 4
5 5
5 93675
5 93677
5 727700
6 10
6 283
6 284
6 286
6 727701
7 5
7 20
7 99
7 133
7 175
7 176
7 1316
7 225420
8 3
8 5
8 20
8 3533
8 3535
8 727702
9 5
9 20
9 202
9 1399
9 3538
9 727703
10 82
10 759
10 5284
10 5286
10 370804
11 99
11 131
11 132
11 133
11 195
11 237
11 727704
12 3
12 4
12 195
12 7190
12 7192
12 727705
13 158
13 159
13 160
13 162
13 727706
14 9
14 10
14 11
14 13
14 163
15 5
15 20
15 99
15 131
15 132
15 133
15 165
15 166
16 3
16 5
16 20
16 22488
16 22490
16 727707
17 84
17 90
17 91
17 93
17 121
17 195
17 43506
17 83399
17 727708
18 4
18 5
18 99
18 133
18 175
18 176
18 178
18 727709
19 3
19 4
19 5
19 2106
19 2108
19 727710
20 4
20 5
20 202
20 47321
20 47323
20 727711
21 10
21 126
21 127
21 129
21 727712
22 4
22 5
22 99
22 131
22 132
22 133
22 152
22 727713
23 3
23 4
23 5
23 8694
23 8696
23 469724
24 4
24 5
24 202
24 322
24 22672
24 727714
25 71
25 76
25 190
25 191
25 727715
seqId 421
1 660
1 5049
1 7881
1 7883
1 727716
2 76
2 342
2 343
2 345
2 727717
3 10
3 283
3 284
3 286
3 727718
4 4
4 5
4 99
4 133
4 175
4 176
4 178
4 727719
5 3
5 4
5 5
5 4107
5 4109
5 727720
6 660
6 2347
6 2348
6 2350
6 727721
7 660
7 3662
7 3663
7 3665
7 727722
8 4
8 5
8 90
8 122
8 708
8 713
8 7593
8 7595
8 727723
9 10
9 126
9 127
9 129
9 727724
10 4
10 5
10 99
10 131
10 132
10 133
10 152
10 140614
11 3
11 4
11 5
11 34306
11 34308
11 727725
12 9
12 10
12 11
12 13
12 727726
13 5
13 99
13 115
13 773
13 776
13 2192
13 28103
13 28105
13 727727
14 3
14 4
14 5
14 13569
14 22485
14 727728
15 76
15 342
15 343
15 345
15 727729
16 84
16 91
16 92
16 93
16 195
16 703
16 707
16 12595
16 727730
17 660
17 2509
17 2510
17 2512
17 727731
18 20
18 90
18 122
18 195
18 340
18 708
18 713
18 35819
18 35870
18 727732
19 99
19 131
19 132
19 133
19 195
19 237
19 727733
20 3
20 20
20 195
20 5228
20 5230
20 727734
21 660
21 2586
21 2587
21 2589
21 727735
22 660
22 2347
22 2348
22 2350
22 727736
23 20
23 195
23 202
23 25638
23 25640
23 370848
24 10
24 1605
24 1606
24 1608
24 676285
25 3
25 4
25 5
25 8694
25 8696
25 727737
26 4
26 5
26 202
26 322
26 22672
26 727738
27 243
27 244
27 245
27 247
27 311490
28 3
28 5
28 20
28 222
28 224
28 727739
29 158
29 159
29 160
29 162
29 432146
30 9
30 10
30 11
30 13
30 163
31 5
31 20
31 99
31 131
31 132
31 133
31 165
31 166
32 3
32 5
32 20
32 1320
32 1322
32 727740
33 71
33 76
33 190
33 191
33 727741
seqId 422
1 27
1 70
1 660
1 661
1 910
1 727742
2 5
2 84
2 90
2 91
2 93
2 121
2 14844
2 209542
2 727743
3 5
3 20
3 72
3 81
3 82
3 83
3 84
3 85
3 595
3 7291
3 13403
3 68642
4 660
4 661
4 1240
4 1242
4 140652
5 10
5 146
5 147
5 149
5 370862
6 13
6 99
6 133
6 175
6 176
6 195
6 370863
7 20
7 195
7 202
7 795
7 2446
7 407635
8 3
8 20
8 195
8 340
8 33570
8 33572
8 179743
9 10
9 1605
9 1606
9 1608
9 392373
10 98
10 99
10 100
10 195
10 2073
10 727744
11 51
11 195
11 1501
11 1503
11 727745
12 3
12 20
12 195
12 1777
12 417758
12 727747
12 727748
13 158
13 159
13 160
13 162
13 727749
14 9
14 10
14 11
14 13
14 163
15 5
15 20
15 99
15 131
15 132
15 133
15 165
15 166
16 3
16 5
16 20
16 222
16 224
16 727750
17 5
17 20
17 202
17 322
17 36035
17 727751
18 76
18 2911
18 2912
18 2914
18 311515
seqId 423
1 5
1 99
1 115
1 773
1 775
1 776
1 2192
1 24360
1 727752
2 3
2 4
2 5
2 1395
2 5941
2 727753
3 4
3 5
3 202
3 42347
3 42349
3 727754
4 5
4 84
4 90
4 91
4 93
4 121
4 28145
4 37519
4 727755
5 76
5 342
5 343
5 345
5 727756
6 10
6 109
6 110
6 112
6 727757
7 5
7 20
7 85
7 99
7 1377
7 6487
7 727758
8 3
8 5
8 20
8 10622
8 10624
8 727759
9 76
9 342
9 343
9 345
9 727760
10 660
10 2347
10 2348
10 2350
10 727761
11 944
11 945
11 946
11 948
11 197486
12 660
12 661
12 179717
12 179719
12 727762
13 4
13 5
13 202
13 3954
13 3956
13 727763
14 660
14 3319
14 3320
14 3322
14 506537
15 9
15 10
15 24
15 26
15 27
15 727764
16 90
16 443
16 36172
16 78363
16 727765
17 99
17 131
17 132
17 133
17 195
17 237
17 727766
18 3
18 4
18 195
18 22971
18 22973
18 727767
19 9
19 10
19 11
19 13
19 506543
20 3
20 5
20 20
20 10370
20 10372
20 727768
21 76
21 342
21 343
21 345
21 727769
22 9
22 10
22 24
22 26
22 27
22 727770
23 4
23 5
23 99
23 133
23 175
23 176
23 178
23 727771
24 3
24 4
24 5
24 35179
24 35181
24 727772
25 4
25 5
25 202
25 1601
25 18277
25 727773
26 27
26 660
26 21971
26 21974
26 21975
26 39567
26 727774
27 76
27 342
27 343
27 345
27 727775
28 10
28 126
28 127
28 129
28 727776
29 5
29 20
29 99
29 131
29 132
29 133
29 166
29 311553
30 3
30 5
30 20
30 18025
30 18027
30 727777
31 243
31 244
31 245
31 247
31 727778
32 5
32 20
32 99
32 131
32 132
32 133
32 166
32 68685
33 3
33 5
33 20
33 981
33 11977
33 727779
34 9
34 10
34 11
34 13
34 727780
35 5
35 20
35 98
35 99
35 100
35 102
35 197509
36 3
36 5
36 20
36 33272
36 34089
36 727781
37 158
37 159
37 160
37 162
37 727782
38 9
38 10
38 11
38 13
38 163
39 5
39 20
39 99
39 131
39 132
39 133
39 165
39 166
40 3
40 5
40 20
40 222
40 224
40 727783
41 71
41 76
41 190
41 191
41 727784
seqId 424
1 3
1 4
1 195
1 1701
1 4815
1 5528
1 32734
1 727785
seqId 425
1 3
1 4
1 5
1 1701
1 19706
1 179791
2 51
2 52
2 680
2 1993
2 727786
3 75
3 76
3 77
3 79
3 727787
seqId 426
1 3
1 4
1 5
1 14834
1 32740
1 727788
2 9
2 10
2 11
2 13
2 727789
3 3
3 4
3 5
3 3154
3 17710
3 727790
4 4
4 5
4 202
4 7992
4 20221
4 727791
seqId 427
1 4
1 5
1 99
1 133
1 175
1 176
1 5129
1 727792
2 3
2 4
2 5
2 32746
2 32748
2 727793
3 9
3 10
3 11
3 13
3 533990
4 4
4 5
4 99
4 131
4 132
4 133
4 152
4 370941
5 3
5 4
5 5
5 14834
5 32753
5 727794
6 9
6 10
6 11
6 13
6 417805
7 3
7 4
7 5
7 3154
7 17710
7 225538
8 4
8 5
8 90
8 122
8 708
8 713
8 32757
8 32759
8 727795
9 10
9 71
9 721
9 25047
9 32761
9 32762
9 727796
10 4
10 5
10 99
10 131
10 132
10 133
10 152
10 727797
11 3
11 4
11 5
11 71
11 373
11 376
11 1299
11 727798
12 9
12 10
12 24
12 26
12 27
12 727799
13 2
13 3
13 4
13 5
13 181
13 727800
14 9
14 10
14 11
14 13
14 727801
15 3
15 4
15 5
15 15
15 17
15 727802
16 10
16 109
16 110
16 112
16 727803
17 3
17 5
17 20
17 724
17 726
17 727804
18 9
18 10
18 11
18 13
18 727805
19 3
19 5
19 20
19 384
19 386
19 727806
20 76
20 342
20 343
20 345
20 727807
21 945
21 2473
21 2474
21 2476
21 727808
22 4
22 5
22 82
22 84
22 115
22 763
22 1264
22 727809
23 5
23 84
23 90
23 91
23 93
23 121
23 1274
23 1276
23 727810
24 76
24 342
24 343
24 345
24 727811
25 5
25 84
25 91
25 92
25 93
25 703
25 707
25 16563
25 727812
26 4
26 5
26 90
26 122
26 708
26 713
26 32782
26 32784
26 676358
27 717
27 718
27 719
27 721
27 197543
28 10
28 146
28 147
28 149
28 722
29 5
29 20
29 99
29 131
29 132
29 133
29 165
29 166
30 3
30 5
30 19
30 20
30 105
30 727813
31 71
31 76
31 190
31 191
31 727814
seqId 428
1 3
1 4
1 5
1 1701
1 19706
1 727815
2 51
2 52
2 2054
2 2056
2 727816
3 75
3 76
3 77
3 79
3 727817
4 3
4 20
4 195
4 340
4 24887
4 32793
4 727818
5 76
5 342
5 343
5 345
5 727819
6 3
6 4
6 195
6 31920
6 32797
6 727820
seqId 429
1 4
1 5
1 99
1 133
1 175
1 176
1 5129
1 727821
2 3
2 4
2 5
2 539
2 18239
2 432228
3 230
3 231
3 232
3 234
3 727822
4 9
4 10
4 11
4 13
4 163
5 99
5 131
5 132
5 133
5 195
5 236
5 237
6 3
6 20
6 195
6 24887
6 26865
6 727823
7 243
7 244
7 245
7 247
7 727824
8 99
8 133
8 175
8 176
8 195
8 234
8 727825
9 3
9 4
9 195
9 31920
9 32797
9 727826
10 20
10 90
10 122
10 195
10 708
10 713
10 33672
10 33674
10 727827
11 10
11 828
11 829
11 831
11 370981
12 5
12 27
12 99
12 131
12 132
12 133
12 135
12 727828
13 2
13 3
13 4
13 5
13 181
13 727829
14 9
14 10
14 11
14 13
14 727830
15 3
15 4
15 5
15 15
15 17
15 616625
16 5
16 84
16 91
16 92
16 93
16 703
16 707
16 16563
16 727831
17 4
17 5
17 90
17 122
17 708
17 713
17 32782
17 32784
17 68755
18 717
18 718
18 719
18 721
18 432248
19 10
19 146
19 147
19 149
19 722
20 5
20 20
20 99
20 131
20 132
20 133
20 165
20 166
21 3
21 5
21 19
21 20
21 105
21 727832
22 71
22 76
22 190
22 191
22 727833
seqId 430
1 3
1 4
1 5
1 1701
1 19706
1 727834
2 51
2 52
2 1705
2 1707
2 727835
3 75
3 76
3 77
3 79
3 727836
4 3
4 5
4 20
4 1689
4 1691
4 1692
4 1693
4 727837
5 5
5 20
5 202
5 1695
5 1697
5 727838
seqId 431
1 4
1 5
1 99
1 133
1 175
1 176
1 5129
1 727839
2 3
2 4
2 5
2 682
2 10854
2 727840
3 4
3 5
3 202
3 9578
3 32816
3 32818
3 727841
4 158
4 159
4 160
4 162
4 534057
5 9
5 10
5 11
5 13
5 163
6 5
6 20
6 99
6 131
6 132
6 133
6 165
6 166
7 3
7 5
7 20
7 13025
7 30421
7 727842
8 9
8 10
8 24
8 26
8 27
8 727843
9 3
9 4
9 5
9 2608
9 4490
9 727844
10 9
10 10
10 11
10 13
10 727845
11 5
11 27
11 99
11 131
11 132
11 133
11 135
11 727846
12 2
12 3
12 4
12 5
12 181
12 727847
13 9
13 10
13 11
13 13
13 727848
14 3
14 4
14 5
14 15
14 17
14 727849
15 5
15 84
15 91
15 92
15 93
15 703
15 707
15 16563
15 727850
16 4
16 5
16 90
16 122
16 708
16 713
16 32782
16 32784
16 727851
17 717
17 718
17 719
17 721
17 197611
18 10
18 146
18 147
18 149
18 722
19 5
19 20
19 99
19 131
19 132
19 133
19 165
19 166
20 3
20 5
20 19
20 20
20 105
20 727852
21 71
21 76
21 190
21 191
21 727853
seqId 432
1 3
1 4
1 5
1 1701
1 19706
1 727854
2 51
2 52
2 1427
2 1962
2 727855
3 75
3 76
3 77
3 79
3 727856
4 3
4 4
4 5
4 19693
4 19695
4 727857
5 230
5 231
5 232
5 234
5 727858
6 9
6 10
6 11
6 13
6 163
7 99
7 131
7 132
7 133
7 195
7 236
7 237
8 3
8 20
8 195
8 9675
8 9677
8 371032
9 243
9 244
9 245
9 247
9 371033
10 230
10 231
10 232
10 234
10 727859
11 9
11 10
11 11
11 13
11 163
12 99
12 131
12 132
12 133
12 195
12 236
12 237
13 3
13 4
13 195
13 897
13 3520
13 727860
14 9
14 10
14 11
14 13
14 311658
15 3
15 4
15 5
15 15
15 17
15 727861
seqId 433
1 90
1 443
1 768
1 32846
1 727862
2 4
2 5
2 99
2 131
2 132
2 133
2 152
2 727863
3 3
3 4
3 5
3 19693
3 32850
3 727864
4 230
4 231
4 232
4 234
4 727865
5 9
5 10
5 11
5 13
5 163
6 99
6 131
6 132
6 133
6 195
6 236
6 237
7 3
7 4
7 195
7 4228
7 4230
7 371047
8 243
8 244
8 245
8 247
8 225626
9 230
9 231
9 232
9 234
9 727866
10 9
10 10
10 11
10 13
10 163
11 99
11 131
11 132
11 133
11 195
11 236
11 237
12 3
12 4
12 195
12 897
12 3520
12 727867
13 9
13 10
13 11
13 13
13 68805
14 3
14 4
14 5
14 15
14 17
14 727868
15 10
15 828
15 829
15 831
15 727869
16 3
16 4
16 5
16 32860
16 32862
16 727870
17 10
17 109
17 110
17 112
17 727871
18 90
18 121
18 122
18 26002
18 32866
18 727872
19 717
19 718
19 719
19 721
19 727873
20 10
20 146
20 147
20 149
20 722
21 5
21 20
21 99
21 131
21 132
21 133
21 165
21 166
22 3
22 5
22 20
22 32869
22 32871
22 140895
23 76
23 137
23 138
23 140
23 727874
24 3
24 4
24 5
24 19693
24 19695
24 727875
25 230
25 231
25 232
25 234
25 727876
26 9
26 10
26 11
26 13
26 163
27 99
27 131
27 132
27 133
27 195
27 236
27 237
28 3
28 20
28 195
28 9675
28 9677
28 727877
29 243
29 244
29 245
29 247
29 727878
30 230
30 231
30 232
30 234
30 17319
31 9
31 10
31 11
31 13
31 163
32 99
32 131
32 132
32 133
32 195
32 236
32 237
33 3
33 4
33 195
33 897
33 3520
33 727879
34 9
34 10
34 11
34 13
34 727880
35 3
35 4
35 5
35 15
35 17
35 727881
36 76
36 185
36 186
36 188
36 179950
37 71
37 76
37 190
37 191
37 727882
seqId 434
1 10
1 283
1 3640
1 3642
1 727883
2 99
2 131
2 132
2 133
2 195
2 237
2 68821
3 3
3 4
3 195
3 8842
3 8844
3 727884
4 4
4 195
4 202
4 3386
4 3523
4 727885
5 76
5 342
5 343
5 345
5 371077
6 99
6 131
6 132
6 133
6 195
6 237
6 727886
7 3
7 20
7 195
7 209
7 32891
7 727887
8 230
8 231
8 232
8 234
8 727888
9 9
9 10
9 11
9 13
9 163
10 99
10 131
10 132
10 133
10 195
10 236
10 237
11 3
11 20
11 195
11 2034
11 3403
11 727889
12 9
12 10
12 11
12 13
12 727890
13 5
13 27
13 99
13 131
13 132
13 133
13 135
13 727891
14 2
14 3
14 4
14 5
14 181
14 727892
15 76
15 342
15 343
15 345
15 727893
16 9
16 10
16 11
16 13
16 17342
17 5
17 27
17 99
17 131
17 132
17 133
17 135
17 727894
18 3
18 4
18 5
18 642
18 23331
18 727895
19 244
19 418
19 419
19 421
19 225659
20 158
20 159
20 160
20 162
20 140919
21 9
21 10
21 11
21 13
21 163
22 5
22 20
22 99
22 131
22 132
22 133
22 165
22 166
23 3
23 5
23 20
23 1684
23 13711
23 727896
24 84
24 91
24 92
24 93
24 195
24 703
24 707
24 12595
24 727897
25 20
25 90
25 122
25 195
25 340
25 708
25 713
25 4063
25 19887
25 727898
26 71
26 76
26 190
26 191
26 727899
seqId 435
1 5
1 20
1 81
1 82
1 83
1 84
1 85
1 2423
1 727900
2 5
2 84
2 90
2 91
2 92
2 93
2 96
2 24322
2 32237
2 727901
3 10
3 146
3 147
3 149
3 727902
4 443
4 703
4 4766
4 5065
4 727903
5 90
5 443
5 22686
5 32915
5 727904
6 99
6 131
6 132
6 133
6 195
6 237
6 727905
7 3
7 4
7 195
7 4228
7 4230
7 727906
8 4
8 90
8 122
8 195
8 708
8 713
8 3595
8 30277
8 727907
9 10
9 828
9 829
9 831
9 727908
10 5
10 27
10 99
10 131
10 132
10 133
10 135
10 727909
11 2
11 3
11 4
11 5
11 181
11 727910
12 76
12 342
12 343
12 345
12 470006
13 5
13 27
13 99
13 131
13 132
13 133
13 135
13 727911
14 3
14 4
14 5
14 642
14 23331
14 727912
15 244
15 418
15 419
15 421
15 727913
16 5
16 20
16 99
16 131
16 132
16 133
16 166
16 727914
17 3
17 5
17 20
17 1684
17 13711
17 727915
18 76
18 413
18 414
18 416
18 727916
19 10
19 828
19 831
19 1539
19 140946
20 3
20 5
20 20
20 6890
20 6892
20 727917
21 10
21 283
21 284
21 286
21 727918
22 20
22 85
22 99
22 195
22 1589
22 2970
22 727919
23 3
23 20
23 195
23 272
23 6282
23 727920
24 76
24 342
24 343
24 345
24 727921
25 99
25 131
25 132
25 133
25 195
25 237
25 727922
26 3
26 4
26 195
26 8842
26 8844
26 727923
27 4
27 90
27 122
27 195
27 340
27 708
27 713
27 11903
27 32939
27 727924
28 10
28 109
28 110
28 112
28 727925
29 5
29 20
29 202
29 784
29 4033
29 727926
30 244
30 418
30 419
30 421
30 311738
31 5
31 20
31 202
31 9960
31 32945
31 727927
32 3
32 5
32 20
32 15235
32 32948
32 727928
33 76
33 433
33 434
33 436
33 727929
34 71
34 76
34 190
34 191
34 727930
