seqId 1
1 2
1 3
1 4
1 5
1 6
1 7
2 9
2 10
2 11
2 12
2 13
3 3
3 4
3 5
3 15
3 16
3 17
seqId 2
1 3
1 5
1 19
1 20
1 21
1 22
2 9
2 10
2 24
2 25
2 26
2 27
3 3
3 4
3 5
3 29
3 30
3 31
3 32
seqId 3
1 3
1 4
1 5
1 34
1 35
1 36
1 37
1 38
2 9
2 10
2 27
2 40
2 41
2 42
3 3
3 4
3 5
3 44
3 45
3 46
3 47
3 48
4 50
4 51
4 52
4 53
4 54
seqId 4
1 3
1 4
1 5
1 56
1 57
1 58
1 59
2 3
2 61
2 62
2 63
2 64
seqId 5
1 3
1 4
1 194
1 195
1 45365
1 119861
2 4
2 195
2 202
2 3244
2 24645
2 119862
seqId 6
1 3
1 5
1 20
1 209
1 211
1 119863
2 9
2 10
2 11
2 13
2 119864
3 5
3 27
3 99
3 131
3 132
3 133
3 135
3 119865
4 2
4 3
4 4
4 5
4 181
4 119866
5 75
5 76
5 77
5 79
5 119867
6 3
6 5
6 20
6 217
6 219
6 119868
7 9
7 10
7 26
7 169
7 171
7 119869
8 3
8 4
8 195
8 340
8 6005
8 6007
8 119870
9 4
9 195
9 202
9 340
9 1399
9 119872
9 119873
10 4
10 195
10 202
10 340
10 1403
10 49907
10 119874
11 243
11 244
11 245
11 247
11 119875
12 4
12 195
12 202
12 1408
12 4561
12 39393
12 119877
seqId 7
1 3
1 5
1 20
1 258
1 260
1 261
1 262
1 119878
2 75
2 76
2 77
2 79
2 119879
3 67
3 268
3 1413
3 1414
3 1416
3 1417
3 119880
seqId 8
1 3
1 5
1 20
1 272
1 274
1 119881
2 243
2 244
2 245
2 247
2 119882
3 3
3 5
3 20
3 72
3 277
3 279
3 280
3 281
3 119883
4 10
4 283
4 284
4 286
4 119884
5 4
5 5
5 99
5 131
5 132
5 133
5 152
5 119885
6 3
6 4
6 5
6 289
6 291
6 119886
7 158
7 159
7 160
7 162
7 119887
8 9
8 10
8 11
8 13
8 163
9 5
9 20
9 99
9 131
9 132
9 133
9 165
9 166
10 5
10 20
10 67
10 294
10 296
10 297
10 298
10 119888
11 75
11 76
11 77
11 79
11 119889
12 310
12 311
12 335
12 364
12 367
12 368
12 509
12 5178
12 119890
seqId 9
1 3
1 4
1 5
1 71
1 373
1 375
1 376
1 119891
2 10
2 378
2 379
2 381
2 119892
3 5
3 20
3 99
3 131
3 132
3 133
3 166
3 119893
4 3
4 5
4 20
4 384
4 386
4 119894
5 10
5 109
5 110
5 112
5 55331
6 3
6 5
6 20
6 389
6 391
6 119895
7 75
7 76
7 77
7 79
7 119896
8 67
8 119898
8 119899
8 119900
8 119901
9 67
9 1416
9 3231
9 119903
9 119904
9 119905
9 119906
9 119907
10 243
10 244
10 245
10 247
10 119908
11 67
11 22218
11 22219
11 22221
11 119909
12 67
12 8683
12 67730
12 119911
12 119912
12 119913
12 119914
seqId 10
1 3
1 4
1 5
1 71
1 373
1 375
1 376
1 119915
2 76
2 413
2 414
2 416
2 119916
3 244
3 418
3 419
3 421
3 33102
4 158
4 159
4 160
4 162
4 119917
5 9
5 10
5 11
5 13
5 163
6 5
6 20
6 99
6 131
6 132
6 133
6 165
6 166
7 3
7 5
7 20
7 424
7 426
7 119918
8 9
8 10
8 11
8 13
8 119919
9 3
9 5
9 20
9 429
9 431
9 119920
10 76
10 433
10 434
10 436
10 119921
11 10
11 378
11 379
11 381
11 119922
12 5
12 20
12 99
12 131
12 132
12 133
12 166
12 119923
13 3
13 5
13 20
13 384
13 386
13 119924
14 10
14 146
14 147
14 149
14 119925
15 90
15 442
15 443
15 445
15 119926
16 75
16 76
16 77
16 79
16 119927
17 67
17 119898
17 119899
17 119901
17 119928
18 67
18 1416
18 3231
18 119903
18 119904
18 119906
18 119907
18 119929
19 243
19 244
19 245
19 247
19 119930
20 67
20 22218
20 22219
20 22221
20 119931
21 67
21 8683
21 67730
21 119911
21 119912
21 119914
21 119932
seqId 11
1 3
1 5
1 20
1 465
1 467
1 119933
2 9
2 10
2 11
2 13
2 119934
3 3
3 4
3 5
3 470
3 472
3 119935
4 75
4 76
4 77
4 79
4 119936
seqId 12
1 3
1 5
1 20
1 475
1 477
1 478
1 479
1 119937
2 10
2 146
2 147
2 149
2 119938
3 5
3 27
3 99
3 131
3 132
3 133
3 135
3 119939
4 3
4 5
4 20
4 483
4 485
4 119940
5 2717
5 5178
5 45536
5 45539
5 119941
6 3
6 4
6 5
6 492
6 494
6 495
6 496
6 497
6 119942
7 76
7 499
7 500
7 502
7 119943
8 3
8 4
8 5
8 504
8 506
8 119944
9 508
9 509
9 510
9 512
9 119945
10 509
10 514
10 515
10 517
10 518
10 519
10 119946
11 76
11 499
11 500
11 502
11 119947
seqId 13
1 3
1 20
1 195
1 340
1 522
1 524
1 525
1 33152
2 243
2 244
2 245
2 247
2 119948
3 3
3 20
3 195
3 528
3 530
3 119949
4 9
4 10
4 11
4 13
4 119950
5 3
5 5
5 20
5 533
5 535
5 536
5 119951
6 75
6 76
6 77
6 79
6 119952
seqId 14
1 3
1 4
1 5
1 539
1 541
1 119953
2 230
2 231
2 232
2 234
2 119954
3 9
3 10
3 11
3 13
3 163
4 99
4 131
4 132
4 133
4 195
4 236
4 237
5 3
5 20
5 195
5 522
5 545
5 119955
6 243
6 244
6 245
6 247
6 119956
7 3
7 20
7 195
7 528
7 530
7 119957
8 4
8 195
8 202
8 340
8 549
8 551
8 119958
9 9
9 10
9 11
9 13
9 119959
10 5
10 27
10 99
10 131
10 132
10 133
10 135
10 119960
11 2
11 3
11 4
11 5
11 181
11 119961
12 9
12 10
12 11
12 13
12 119962
13 3
13 4
13 5
13 15
13 17
13 119963
14 10
14 378
14 379
14 381
14 119964
15 5
15 20
15 99
15 131
15 132
15 133
15 166
15 55397
16 3
16 5
16 20
16 384
16 386
16 119965
17 10
17 109
17 110
17 112
17 55400
18 3
18 5
18 20
18 389
18 391
18 119966
19 243
19 244
19 245
19 247
19 422
20 10
20 378
20 379
20 381
20 119967
21 5
21 20
21 99
21 131
21 132
21 133
21 166
21 119968
22 5
22 20
22 202
22 566
22 568
22 119969
23 3
23 5
23 20
23 384
23 386
23 119970
24 76
24 413
24 414
24 416
24 119971
25 3
25 4
25 195
25 340
25 549
25 551
25 119972
26 76
26 433
26 434
26 436
26 119973
27 71
27 76
27 190
27 191
27 119974
seqId 15
1 3
1 5
1 20
1 384
1 576
1 119975
2 10
2 109
2 110
2 112
2 119976
3 3
3 5
3 20
3 389
3 391
3 119977
4 75
4 76
4 77
4 79
4 119978
5 5
5 20
5 202
5 566
5 587
5 588
5 119979
6 3
6 5
6 20
6 384
6 386
6 119980
7 75
7 76
7 77
7 79
7 119981
seqId 16
1 76
1 592
1 593
1 595
1 119982
2 3
2 4
2 5
2 597
2 599
2 119983
3 5
3 20
3 67
3 601
3 603
3 119984
4 5
4 20
4 67
4 605
4 607
4 119985
seqId 17
1 76
1 592
1 593
1 595
1 119986
2 3
2 4
2 5
2 597
2 599
2 119987
3 5
3 20
3 67
3 601
3 603
3 119988
4 5
4 20
4 67
4 605
4 607
4 119989
seqId 18
1 76
1 592
1 593
1 595
1 119990
2 76
2 25774
2 25775
2 25777
2 119991
3 76
3 592
3 593
3 595
3 91539
4 76
4 25774
4 25775
4 25777
4 119992
seqId 19
1 76
1 592
1 593
1 595
1 119993
2 76
2 25774
2 25775
2 25777
2 119994
3 76
3 592
3 593
3 595
3 119995
4 76
4 25774
4 25775
4 25777
4 119996
seqId 20
1 76
1 592
1 593
1 595
1 119997
2 76
2 25774
2 25775
2 25777
2 119998
3 76
3 592
3 593
3 595
3 119999
4 76
4 25774
4 25775
4 25777
4 120000
seqId 21
1 3
1 5
1 20
1 595
1 37859
1 75038
1 120002
1 120003
1 120004
2 9
2 10
2 11
2 13
2 120005
3 5
3 27
3 99
3 131
3 132
3 133
3 135
3 120006
4 3
4 4
4 5
4 44
4 621
4 120007
5 5
5 202
5 623
5 625
5 626
5 120008
6 9
6 10
6 11
6 13
6 120009
7 5
7 27
7 99
7 131
7 132
7 133
7 135
7 120010
8 2
8 3
8 4
8 5
8 181
8 120011
9 9
9 10
9 11
9 13
9 120012
10 3
10 4
10 5
10 15
10 17
10 120013
11 76
11 413
11 414
11 416
11 120014
12 244
12 418
12 419
12 421
12 120015
13 9
13 10
13 24
13 26
13 27
13 120016
14 4
14 5
14 99
14 133
14 175
14 176
14 178
14 120017
15 244
15 418
15 419
15 421
15 91565
16 85
16 99
16 195
16 638
16 640
16 120018
17 3
17 4
17 195
17 642
17 644
17 120019
18 4
18 195
18 202
18 646
18 648
18 120020
19 76
19 433
19 434
19 436
19 120021
20 75
20 76
20 77
20 79
20 120022
seqId 22
1 659
1 660
1 661
1 663
1 55449
2 509
2 45536
2 45537
2 45539
2 120023
seqId 23
1 3
1 5
1 19
1 20
1 42
1 667
1 668
1 120024
2 9
2 10
2 27
2 40
2 42
2 120025
3 3
3 4
3 5
3 29
3 48
3 672
3 673
3 674
3 675
3 120026
seqId 24
1 3
1 72
1 677
1 678
1 680
1 120027
2 3
2 4
2 5
2 682
2 684
2 120028
3 9
3 10
3 11
3 13
3 120029
4 5
4 27
4 99
4 131
4 132
4 133
4 135
4 120030
5 2
5 3
5 4
5 5
5 181
5 120031
seqId 25
1 3
1 4
1 5
1 689
1 691
1 120032
seqId 26
1 76
1 40466
1 40467
1 40469
1 120033
seqId 27
1 5
1 20
1 90
1 122
1 708
1 712
1 713
1 120035
1 120036
2 10
2 109
2 110
2 112
2 120037
3 51
3 195
3 733
3 735
3 120038
4 76
4 342
4 343
4 345
4 120039
5 5
5 20
5 99
5 131
5 132
5 133
5 166
5 120040
6 3
6 5
6 20
6 217
6 219
6 120041
7 9
7 10
7 24
7 26
7 27
7 120042
8 3
8 4
8 195
8 1395
8 1397
8 120043
9 4
9 195
9 202
9 1399
9 1401
9 120044
10 4
10 195
10 202
10 1403
10 1405
10 120045
11 243
11 244
11 245
11 247
11 120046
12 4
12 195
12 202
12 340
12 1408
12 1410
12 120047
13 76
13 413
13 414
13 416
13 120048
14 67
14 268
14 1413
14 1414
14 1416
14 1417
14 120049
15 76
15 342
15 343
15 345
15 120050
16 3
16 4
16 5
16 642
16 1016
16 120051
17 9
17 10
17 24
17 26
17 27
17 120052
18 3
18 5
18 20
18 1019
18 25531
18 120053
19 51
19 195
19 1484
19 1862
19 120055
19 120056
20 76
20 433
20 434
20 436
20 120057
21 5
21 84
21 90
21 91
21 93
21 121
21 8855
21 13550
21 120058
22 717
22 718
22 719
22 721
22 120059
23 10
23 146
23 147
23 149
23 722
24 5
24 20
24 99
24 131
24 132
24 133
24 165
24 166
25 3
25 5
25 20
25 1325
25 1327
25 120060
26 9
26 10
26 11
26 13
26 120061
27 5
27 27
27 99
27 131
27 132
27 133
27 135
27 120062
28 5
28 67
28 1256
28 1258
28 1259
28 120063
29 9
29 10
29 11
29 13
29 120064
30 3
30 5
30 20
30 222
30 371
30 120065
31 243
31 244
31 245
31 247
31 55491
32 3
32 4
32 5
32 313
32 120067
32 120068
33 4
33 5
33 202
33 3199
33 5132
33 120069
34 243
34 244
34 245
34 247
34 91620
35 9
35 10
35 11
35 13
35 120070
36 5
36 27
36 99
36 131
36 132
36 133
36 135
36 120071
37 3
37 4
37 5
37 2997
37 34126
37 120072
38 4
38 5
38 202
38 4904
38 4906
38 120073
39 9
39 10
39 11
39 13
39 120074
40 3
40 4
40 195
40 313
40 315
40 120075
41 4
41 195
41 202
41 1399
41 1401
41 120076
42 243
42 244
42 245
42 247
42 120077
43 4
43 195
43 202
43 3199
43 4859
43 120078
44 9
44 10
44 11
44 13
44 120079
45 5
45 27
45 99
45 131
45 132
45 133
45 135
45 120080
46 3
46 4
46 5
46 597
46 599
46 120081
47 67
47 601
47 603
47 1197
47 120082
48 67
48 605
48 607
48 1199
48 120083
49 76
49 342
49 343
49 345
49 120084
50 4
50 5
50 99
50 133
50 175
50 176
50 178
50 120085
51 3
51 4
51 5
51 642
51 23331
51 120086
52 9
52 10
52 11
52 13
52 120087
53 51
53 195
53 46307
53 46309
53 120088
54 3
54 20
54 72
54 195
54 340
54 1227
54 1229
54 1230
54 1231
54 120089
55 243
55 244
55 245
55 247
55 55530
56 3
56 20
56 195
56 10402
56 10404
56 120090
57 76
57 413
57 414
57 416
57 120091
58 51
58 195
58 14051
58 14053
58 120092
59 3
59 20
59 195
59 2034
59 3403
59 120093
60 243
60 244
60 245
60 247
60 120094
61 51
61 195
61 14418
61 14420
61 120095
62 3
62 20
62 195
62 5735
62 24494
62 120096
63 76
63 433
63 434
63 436
63 55543
64 243
64 244
64 245
64 247
64 120097
65 9
65 10
65 11
65 13
65 120098
66 51
66 195
66 10790
66 10792
66 120099
67 3
67 20
67 195
67 1806
67 1808
67 1809
67 1810
67 120100
68 71
68 76
68 190
68 191
68 120101
seqId 28
1 5
1 99
1 115
1 773
1 774
1 775
1 776
1 31621
1 120102
2 3
2 4
2 5
2 897
2 899
2 120103
3 9
3 10
3 11
3 13
3 120104
4 3
4 4
4 5
4 15
4 17
4 120105
5 27
5 82
5 84
5 114
5 115
5 116
5 118
5 120106
6 5
6 84
6 90
6 91
6 93
6 121
6 4258
6 4469
6 120107
7 10
7 283
7 284
7 286
7 120108
8 4
8 5
8 99
8 133
8 175
8 176
8 178
8 120109
9 4
9 5
9 202
9 29679
9 29681
9 120110
10 3
10 4
10 5
10 4107
10 4109
10 120111
11 4
11 5
11 202
11 1399
11 3538
11 120112
12 4
12 5
12 202
12 1403
12 7713
12 120113
13 243
13 244
13 245
13 247
13 120114
14 4
14 5
14 90
14 122
14 708
14 713
14 1410
14 22567
14 120115
15 27
15 82
15 759
15 944
15 1463
15 120116
16 5
16 20
16 82
16 83
16 84
16 115
16 763
16 1002
16 120117
17 27
17 82
17 84
17 114
17 115
17 116
17 118
17 120118
18 5
18 84
18 90
18 91
18 93
18 121
18 33058
18 33876
18 120119
19 10
19 146
19 147
19 149
19 120120
20 90
20 443
20 4190
20 4192
20 120121
21 717
21 718
21 719
21 721
21 45668
22 10
22 146
22 147
22 149
22 722
23 5
23 20
23 99
23 131
23 132
23 133
23 165
23 166
24 3
24 5
24 20
24 1325
24 1327
24 45670
25 9
25 10
25 11
25 13
25 120122
26 5
26 27
26 99
26 131
26 132
26 133
26 135
26 120123
27 3
27 4
27 5
27 597
27 599
27 120124
28 76
28 342
28 343
28 345
28 120125
29 945
29 1010
29 1011
29 1013
29 120126
30 82
30 83
30 84
30 109
30 112
30 115
30 120127
31 84
31 90
31 91
31 93
31 121
31 195
31 5326
31 5328
31 120128
32 99
32 131
32 132
32 133
32 195
32 237
32 120129
33 3
33 20
33 195
33 340
33 4925
33 31942
33 120130
34 20
34 195
34 202
34 340
34 120132
34 120133
34 120134
35 9
35 10
35 11
35 13
35 120135
36 3
36 5
36 20
36 222
36 224
36 120136
37 5
37 20
37 202
37 13322
37 13324
37 120137
38 243
38 244
38 245
38 247
38 120138
39 3
39 20
39 195
39 222
39 4204
39 120139
40 20
40 195
40 202
40 13830
40 13832
40 120140
41 76
41 413
41 414
41 416
41 120141
42 67
42 73
42 335
42 9490
42 120143
42 120144
42 120145
42 120146
43 76
43 433
43 434
43 436
43 120147
44 243
44 244
44 245
44 247
44 120148
45 3
45 5
45 20
45 2813
45 18337
45 26498
45 120150
46 5
46 20
46 202
46 1403
46 14323
46 120151
47 230
47 231
47 232
47 234
47 120152
48 9
48 10
48 11
48 13
48 163
49 99
49 131
49 132
49 133
49 195
49 236
49 237
50 3
50 4
50 195
50 239
50 241
50 120153
51 76
51 413
51 414
51 416
51 120154
52 67
52 335
52 9490
52 31973
52 120155
52 120156
53 67
53 111229
53 111231
53 120157
53 120158
54 76
54 433
54 434
54 436
54 55618
55 898
55 4326
55 4327
55 4328
55 4330
56 10
56 146
56 147
56 149
56 722
57 20
57 82
57 195
57 759
57 1432
57 4332
57 4333
58 5
58 20
58 82
58 83
58 84
58 115
58 763
58 900
58 1002
59 5
59 84
59 91
59 93
59 121
59 703
59 707
59 956
59 120159
60 5
60 20
60 90
60 122
60 708
60 713
60 4929
60 4931
60 120160
61 71
61 76
61 190
61 191
61 120161
seqId 29
1 76
1 40466
1 40467
1 40469
1 120162
seqId 30
1 10
1 283
1 3640
1 3642
1 120163
2 5
2 20
2 99
2 133
2 175
2 176
2 1316
2 120164
3 3
3 5
3 20
3 3533
3 3535
3 120165
4 660
4 6286
4 6287
4 6289
4 120166
5 5
5 20
5 202
5 12901
5 34080
5 120167
6 10
6 146
6 147
6 149
6 120168
7 4
7 5
7 99
7 133
7 175
7 176
7 178
7 120169
8 3
8 4
8 5
8 33173
8 33763
8 120170
9 4
9 5
9 202
9 2923
9 5110
9 120171
10 243
10 244
10 245
10 247
10 120172
11 4
11 5
11 202
11 1403
11 7713
11 120173
12 76
12 342
12 343
12 345
12 120174
13 5
13 20
13 99
13 131
13 132
13 133
13 166
13 949
14 5
14 20
14 67
14 268
14 1413
14 1416
14 1417
14 120175
15 5
15 84
15 90
15 91
15 93
15 121
15 4190
15 17942
15 120176
16 99
16 133
16 175
16 176
16 195
16 234
16 120177
17 3
17 4
17 15
17 195
17 4121
17 120178
18 4
18 195
18 202
18 1403
18 1405
18 120179
19 243
19 244
19 245
19 247
19 120180
20 4
20 195
20 202
20 340
20 22806
20 54437
20 61639
20 120182
21 76
21 342
21 343
21 345
21 120183
22 5
22 20
22 90
22 122
22 708
22 713
22 22310
22 68511
22 120184
23 4
23 5
23 99
23 131
23 132
23 133
23 152
23 120185
24 3
24 4
24 5
24 4094
24 12255
24 120186
25 243
25 244
25 245
25 247
25 120187
26 5
26 84
26 90
26 91
26 93
26 121
26 824
26 24311
26 120188
27 4
27 5
27 99
27 131
27 132
27 133
27 152
27 120189
28 3
28 4
28 5
28 13389
28 13391
28 120190
29 230
29 231
29 232
29 234
29 120191
30 9
30 10
30 11
30 13
30 163
31 99
31 131
31 132
31 133
31 195
31 236
31 237
32 3
32 20
32 195
32 222
32 4204
32 120192
33 20
33 195
33 202
33 13830
33 13832
33 120193
34 76
34 342
34 343
34 345
34 120194
35 5
35 20
35 202
35 81520
35 81522
35 120195
36 5
36 20
36 202
36 66245
36 66247
36 120196
37 10
37 146
37 147
37 149
37 120197
38 4
38 5
38 99
38 133
38 175
38 176
38 178
38 120198
39 3
39 4
39 5
39 15
39 17
39 120199
40 4
40 5
40 96
40 202
40 42925
40 54746
40 120201
40 120202
41 76
41 342
41 343
41 345
41 120203
42 5
42 84
42 90
42 91
42 93
42 121
42 4845
42 4847
42 120204
43 99
43 133
43 175
43 176
43 195
43 234
43 120205
44 3
44 4
44 15
44 195
44 4121
44 120206
45 4
45 195
45 202
45 3386
45 3523
45 120207
46 10
46 126
46 127
46 129
46 120208
47 4
47 5
47 99
47 131
47 132
47 133
47 152
47 120209
48 3
48 4
48 5
48 13351
48 13353
48 120210
49 10
49 283
49 284
49 286
49 120211
50 5
50 20
50 99
50 131
50 132
50 133
50 166
50 120212
51 3
51 5
51 20
51 222
51 224
51 120213
52 10
52 283
52 284
52 286
52 120214
53 4
53 5
53 99
53 133
53 175
53 176
53 178
53 120215
54 4
54 5
54 202
54 115130
54 115132
54 120216
55 3
55 4
55 5
55 6763
55 6765
55 120217
56 4
56 5
56 202
56 1068
56 3001
56 3003
57 76
57 342
57 343
57 345
57 1069
58 4
58 5
58 202
58 2923
58 5110
58 120218
59 243
59 244
59 245
59 247
59 120219
60 4
60 5
60 202
60 1403
60 7713
60 120220
61 71
61 76
61 190
61 191
61 120221
seqId 31
1 660
1 2347
1 108273
1 108275
1 120222
2 660
2 2368
2 2369
2 2371
2 120223
3 76
3 342
3 343
3 345
3 120224
4 5
4 27
4 99
4 131
4 132
4 133
4 135
4 120225
5 3
5 4
5 5
5 4804
5 33065
5 120226
6 158
6 159
6 160
6 162
6 120227
7 9
7 10
7 11
7 13
7 163
8 5
8 20
8 99
8 131
8 132
8 133
8 165
8 166
9 5
9 20
9 67
9 268
9 1413
9 1416
9 1417
9 120228
10 27
10 82
10 84
10 114
10 115
10 116
10 118
10 120229
11 5
11 84
11 90
11 91
11 93
11 121
11 40148
11 46684
11 57195
11 120231
12 10
12 283
12 284
12 286
12 120232
13 4
13 5
13 99
13 133
13 175
13 176
13 178
13 120233
14 4
14 5
14 202
14 29679
14 29681
14 120234
15 3
15 4
15 5
15 4107
15 4109
15 120235
16 71
16 76
16 190
16 191
16 120236
seqId 32
1 4
1 5
1 82
1 83
1 84
1 115
1 763
1 4750
1 120237
2 27
2 82
2 84
2 114
2 115
2 116
2 118
2 120238
3 5
3 84
3 90
3 91
3 93
3 121
3 6565
3 120240
3 120241
4 9
4 10
4 26
4 27
4 1539
4 120242
5 3
5 5
5 20
5 7120
5 7122
5 120243
6 10
6 4919
6 4920
6 4922
6 120244
7 4
7 5
7 99
7 131
7 132
7 133
7 152
7 120245
8 3
8 4
8 5
8 15
8 17
8 120246
9 10
9 109
9 110
9 112
9 120247
10 3
10 5
10 20
10 222
10 224
10 120248
11 5
11 20
11 202
11 1403
11 14323
11 120249
12 71
12 76
12 190
12 191
12 120250
seqId 33
1 4
1 5
1 98
1 99
1 100
1 4105
1 120251
2 3
2 4
2 5
2 8943
2 32404
2 120252
3 10
3 4919
3 4920
3 4922
3 120253
4 5
4 20
4 99
4 131
4 132
4 133
4 166
4 120254
5 3
5 5
5 20
5 222
5 224
5 120255
6 5
6 20
6 202
6 1403
6 14323
6 120256
7 82
7 84
7 114
7 115
7 116
7 1361
7 120257
8 5
8 84
8 90
8 91
8 93
8 121
8 1159
8 67952
8 120258
9 10
9 283
9 284
9 286
9 120259
10 5
10 20
10 99
10 131
10 132
10 133
10 166
10 33600
11 3
11 5
11 20
11 4345
11 4347
11 120260
12 9
12 10
12 11
12 13
12 120261
13 4
13 5
13 99
13 131
13 132
13 133
13 152
13 120262
14 4
14 5
14 202
14 7021
14 7023
14 120263
15 4
15 5
15 67
15 5959
15 5962
15 120264
16 71
16 76
16 190
16 191
16 33606
seqId 34
1 84
1 91
1 93
1 121
1 195
1 703
1 707
1 99252
1 120265
2 4
2 90
2 122
2 195
2 340
2 708
2 713
2 11164
2 31705
2 120266
3 660
3 1796
3 1797
3 1799
3 120267
4 5
4 20
4 99
4 131
4 132
4 133
4 166
4 120268
5 3
5 5
5 20
5 222
5 224
5 120269
6 9
6 10
6 11
6 13
6 120270
7 5
7 27
7 99
7 131
7 132
7 133
7 135
7 120271
8 3
8 4
8 5
8 18373
8 18375
8 120272
9 4
9 5
9 202
9 1403
9 7713
9 120273
10 944
10 945
10 946
10 948
10 120274
11 5
11 20
11 82
11 84
11 100
11 4680
11 7814
11 120275
12 158
12 159
12 160
12 162
12 33632
13 9
13 10
13 11
13 13
13 163
14 5
14 20
14 99
14 131
14 132
14 133
14 165
14 166
15 3
15 5
15 20
15 11030
15 11032
15 120276
16 9
16 10
16 11
16 13
16 120277
17 5
17 27
17 99
17 131
17 132
17 133
17 135
17 120278
18 5
18 67
18 5959
18 5962
18 120279
19 76
19 342
19 343
19 345
19 120280
20 9
20 10
20 13
20 1539
20 120281
21 660
21 2310
21 2311
21 2313
21 120282
22 944
22 945
22 946
22 948
22 120283
23 99
23 131
23 132
23 133
23 195
23 237
23 120284
24 3
24 4
24 195
24 9397
24 9399
24 120285
25 90
25 121
25 122
25 2081
25 59620
25 120286
26 90
26 443
26 1274
26 120288
26 120289
27 10
27 1605
27 1606
27 1608
27 120290
28 99
28 131
28 132
28 133
28 195
28 237
28 120291
29 3
29 4
29 195
29 897
29 3520
29 120292
30 9
30 10
30 11
30 13
30 120293
31 98
31 99
31 100
31 195
31 2073
31 120294
32 51
32 195
32 1501
32 1503
32 120295
33 3
33 4
33 195
33 347
33 349
33 120296
34 71
34 76
34 190
34 191
34 120297
seqId 35
1 5
1 27
1 99
1 131
1 132
1 133
1 699
1 120298
2 3
2 4
2 5
2 4804
2 33065
2 120299
3 9
3 10
3 11
3 13
3 120300
4 5
4 99
4 131
4 132
4 133
4 135
4 171
4 120301
5 2
5 3
5 4
5 5
5 181
5 120302
6 82
6 84
6 114
6 115
6 116
6 118
6 171
6 120303
7 5
7 84
7 90
7 91
7 93
7 121
7 4258
7 4469
7 120304
8 660
8 818
8 819
8 821
8 120305
9 10
9 283
9 284
9 286
9 120306
10 4
10 5
10 99
10 133
10 175
10 176
10 178
10 120307
11 3
11 4
11 5
11 4107
11 4109
11 120308
12 4
12 5
12 96
12 202
12 42925
12 54746
12 120201
12 120309
13 71
13 76
13 190
13 191
13 120310
seqId 36
1 4
1 5
1 90
1 122
1 708
1 713
1 878
1 1104
1 4027
1 4180
1 120312
2 717
2 718
2 719
2 721
2 45914
3 10
3 146
3 147
3 149
3 722
4 5
4 20
4 99
4 131
4 132
4 133
4 165
4 166
5 3
5 5
5 20
5 18025
5 18027
5 120313
6 5
6 20
6 99
6 131
6 132
6 133
6 166
6 120314
7 660
7 2347
7 2348
7 2350
7 120315
8 5
8 20
8 202
8 4270
8 18030
8 120316
9 76
9 342
9 343
9 345
9 120317
10 4
10 5
10 72
10 82
10 84
10 100
10 6825
10 6828
10 7233
10 120318
11 5
11 84
11 90
11 91
11 93
11 121
11 1104
11 44950
11 101851
11 120319
12 660
12 1539
12 1622
12 1625
12 120320
13 660
13 3768
13 3769
13 3771
13 120321
14 4
14 5
14 99
14 131
14 132
14 133
14 152
14 120322
15 3
15 4
15 5
15 13351
15 13353
15 120323
16 230
16 231
16 232
16 234
16 120324
17 9
17 10
17 11
17 13
17 163
18 99
18 131
18 132
18 133
18 195
18 236
18 237
19 20
19 195
19 202
19 2075
19 2077
19 120325
20 3
20 20
20 195
20 13358
20 13360
20 120326
21 9
21 10
21 11
21 13
21 120327
22 3
22 5
22 20
22 222
22 224
22 120328
23 944
23 945
23 946
23 948
23 120329
24 4
24 5
24 99
24 131
24 132
24 133
24 152
24 120330
25 3
25 4
25 5
25 13351
25 13353
25 120331
26 4
26 5
26 202
26 22806
26 54437
26 61639
26 120332
27 71
27 76
27 190
27 191
27 120333
seqId 37
1 84
1 91
1 93
1 121
1 195
1 703
1 707
1 99252
1 120334
2 660
2 976
2 977
2 979
2 120335
3 4
3 90
3 122
3 195
3 340
3 708
3 713
3 3979
3 3981
3 120336
4 99
4 131
4 132
4 133
4 195
4 237
4 120337
5 3
5 4
5 195
5 9397
5 9399
5 120338
6 90
6 121
6 122
6 2081
6 59620
6 120339
7 90
7 443
7 1274
7 120289
7 120340
8 10
8 1605
8 1606
8 1608
8 120341
9 99
9 131
9 132
9 133
9 195
9 237
9 120342
10 3
10 20
10 195
10 222
10 4204
10 120343
11 9
11 10
11 24
11 26
11 27
11 120344
12 3
12 4
12 5
12 120346
12 120347
12 120348
13 4
13 5
13 72
13 202
13 9567
13 74523
13 82641
13 97085
13 120350
13 120351
13 120352
14 243
14 244
14 245
14 247
14 120353
15 99
15 131
15 132
15 133
15 195
15 237
15 120354
16 3
16 20
16 195
16 222
16 4204
16 120355
17 20
17 90
17 122
17 195
17 340
17 708
17 713
17 23744
17 30039
17 120356
18 9
18 10
18 11
18 13
18 120357
19 509
19 5376
19 13403
19 120359
19 120360
19 120361
20 152
20 509
20 5376
20 13743
20 13745
20 120362
21 71
21 76
21 190
21 191
21 120363
seqId 38
1 4
1 5
1 99
1 131
1 132
1 133
1 811
1 120364
2 3
2 4
2 5
2 13351
2 13353
2 120365
3 4
3 5
3 202
3 22806
3 54437
3 61639
3 120366
4 5
4 84
4 90
4 91
4 93
4 121
4 14730
4 17654
4 120367
5 10
5 146
5 147
5 149
5 120368
6 90
6 443
6 1345
6 9933
6 120369
7 10
7 109
7 110
7 112
7 120370
8 3
8 5
8 20
8 120372
8 120373
8 120374
9 99
9 131
9 132
9 133
9 195
9 237
9 120375
10 3
10 4
10 195
10 2106
10 120377
10 120378
11 9
11 10
11 24
11 26
11 27
11 120379
12 4
12 5
12 99
12 133
12 175
12 176
12 178
12 120380
13 3
13 4
13 5
13 13569
13 22485
13 120381
14 10
14 126
14 127
14 129
14 120382
15 5
15 27
15 99
15 131
15 132
15 133
15 135
15 120383
16 5
16 82
16 84
16 85
16 2294
16 2296
16 120384
17 244
17 418
17 419
17 421
17 120385
18 10
18 146
18 147
18 149
18 120386
19 90
19 443
19 10527
19 38747
19 120387
20 99
20 131
20 132
20 133
20 195
20 237
20 120388
21 3
21 4
21 195
21 120390
21 120391
21 120392
22 158
22 159
22 160
22 162
22 120393
23 9
23 10
23 11
23 13
23 163
24 5
24 20
24 99
24 131
24 132
24 133
24 165
24 166
25 3
25 5
25 20
25 222
25 224
25 120394
26 71
26 76
26 190
26 191
26 46003
seqId 39
1 76
1 40466
1 40467
1 40469
1 46004
seqId 40
1 10
1 283
1 3640
1 3642
1 120395
2 5
2 99
2 773
2 776
2 778
2 120396
3 3
3 5
3 20
3 24881
3 24883
3 120397
4 76
4 342
4 343
4 345
4 120398
5 5
5 20
5 99
5 131
5 132
5 133
5 166
5 120399
6 5
6 20
6 67
6 268
6 1413
6 1416
6 1417
6 120400
7 82
7 84
7 114
7 115
7 116
7 118
7 171
7 120401
8 5
8 84
8 90
8 91
8 93
8 120
8 121
8 40681
8 120402
9 10
9 126
9 127
9 129
9 120403
10 51
10 52
10 195
10 1368
10 1370
10 120404
11 3
11 20
11 195
11 24210
11 24238
11 120405
12 75
12 76
12 77
12 79
12 120406
13 5
13 99
13 131
13 132
13 133
13 135
13 171
13 120407
14 3
14 4
14 5
14 3730
14 19553
14 120408
15 4
15 5
15 202
15 3244
15 3246
15 120409
16 76
16 342
16 343
16 345
16 120410
17 5
17 20
17 99
17 131
17 132
17 133
17 166
17 120411
18 3
18 5
18 20
18 11030
18 11032
18 120412
19 243
19 244
19 245
19 247
19 120413
20 4
20 5
20 99
20 131
20 132
20 133
20 152
20 120414
21 3
21 4
21 5
21 813
21 6625
21 120415
22 71
22 76
22 190
22 191
22 120416
seqId 41
1 5
1 99
1 131
1 132
1 133
1 171
1 699
1 120417
2 3
2 4
2 5
2 3730
2 19553
2 120418
3 4
3 5
3 202
3 3244
3 3246
3 120419
4 5
4 84
4 90
4 91
4 93
4 121
4 16673
4 45942
4 120420
5 20
5 195
5 202
5 1377
5 5238
5 120421
6 99
6 131
6 132
6 133
6 195
6 237
6 120422
7 3
7 20
7 195
7 2034
7 3403
7 120423
8 9
8 10
8 11
8 13
8 120424
9 5
9 99
9 131
9 132
9 133
9 135
9 171
9 120425
10 2
10 3
10 4
10 5
10 181
10 120426
11 76
11 413
11 414
11 416
11 120427
12 3
12 20
12 72
12 195
12 340
12 1227
12 1229
12 1230
12 1231
12 120428
13 76
13 342
13 343
13 345
13 120429
14 3
14 20
14 195
14 2034
14 3403
14 120430
15 20
15 195
15 202
15 5735
15 24494
15 120431
16 243
16 244
16 245
16 247
16 120432
17 3
17 20
17 195
17 1806
17 1808
17 1809
17 1810
17 120433
18 76
18 433
18 434
18 436
18 120434
19 71
19 76
19 190
19 191
19 120435
seqId 42
1 4
1 5
1 98
1 99
1 100
1 4105
1 120436
2 3
2 4
2 5
2 3730
2 3732
2 120437
3 82
3 84
3 114
3 115
3 116
3 1361
3 120438
4 5
4 84
4 90
4 91
4 93
4 121
4 8855
4 13550
4 120439
5 717
5 718
5 719
5 721
5 120440
6 10
6 146
6 149
6 722
6 1539
7 5
7 20
7 99
7 131
7 132
7 133
7 165
7 166
8 660
8 18003
8 18004
8 18006
8 33851
9 4
9 5
9 51
9 175
9 178
9 120441
10 3
10 4
10 5
10 3725
10 3727
10 120442
11 5
11 99
11 131
11 132
11 133
11 135
11 171
11 120443
12 3
12 5
12 20
12 6913
12 20565
12 120444
13 10
13 378
13 379
13 381
13 120445
14 90
14 443
14 4955
14 42616
14 120447
15 99
15 131
15 132
15 133
15 195
15 237
15 120448
16 3
16 4
16 195
16 24335
16 24337
16 120449
17 9
17 10
17 11
17 13
17 120450
18 5
18 99
18 131
18 132
18 133
18 135
18 171
18 120451
19 3
19 4
19 5
19 897
19 899
19 120452
20 158
20 159
20 160
20 162
20 33861
21 9
21 10
21 11
21 13
21 163
22 5
22 20
22 99
22 131
22 132
22 133
22 165
22 166
23 5
23 20
23 67
23 268
23 1413
23 1416
23 1417
23 120453
24 71
24 76
24 190
24 191
24 120454
seqId 43
1 660
1 2547
1 2548
1 2550
1 120455
2 717
2 718
2 719
2 721
2 120456
3 10
3 146
3 147
3 149
3 722
4 5
4 20
4 99
4 131
4 132
4 133
4 165
4 166
5 3
5 5
5 20
5 11030
5 11032
5 120457
6 76
6 342
6 343
6 345
6 120458
7 5
7 20
7 82
7 83
7 84
7 115
7 763
7 1002
7 120459
8 5
8 84
8 90
8 91
8 93
8 121
8 11204
8 11206
8 120460
9 99
9 131
9 132
9 133
9 195
9 237
9 120461
10 3
10 20
10 72
10 195
10 340
10 1227
10 1229
10 1230
10 1231
10 120462
11 20
11 90
11 122
11 195
11 340
11 708
11 713
11 2653
11 2655
11 120463
12 10
12 146
12 147
12 149
12 120464
13 3
13 5
13 20
13 7837
13 7839
13 120465
14 5
14 20
14 202
14 3501
14 3503
14 120466
15 10
15 146
15 147
15 149
15 120467
16 5
16 99
16 131
16 132
16 133
16 135
16 171
16 120468
17 2
17 3
17 4
17 5
17 181
17 1626
18 243
18 244
18 245
18 247
18 1627
19 51
19 195
19 1501
19 1503
19 120469
20 3
20 20
20 195
20 7808
20 7810
20 120470
21 20
21 90
21 122
21 195
21 708
21 713
21 24434
21 24436
21 120471
22 99
22 133
22 175
22 176
22 195
22 234
22 120472
23 3
23 20
23 195
23 1806
23 1808
23 1809
23 1810
23 120473
24 71
24 76
24 190
24 191
24 33892
seqId 44
1 5
1 20
1 82
1 83
1 84
1 115
1 763
1 3948
1 33893
2 5
2 84
2 90
2 91
2 93
2 121
2 7785
2 33895
2 46773
3 717
3 718
3 719
3 721
3 120474
4 10
4 146
4 149
4 722
4 1539
5 5
5 20
5 99
5 131
5 132
5 133
5 165
5 166
6 660
6 18003
6 18004
6 18006
6 120475
7 51
7 195
7 1501
7 1503
7 120476
8 3
8 4
8 195
8 8989
8 8991
8 120477
9 10
9 828
9 829
9 831
9 120478
10 3
10 5
10 20
10 6913
10 20565
10 120479
11 243
11 244
11 245
11 247
11 120480
12 82
12 84
12 114
12 115
12 116
12 1361
12 120481
13 5
13 84
13 90
13 91
13 93
13 121
13 113473
13 120483
13 120484
14 660
14 6695
14 6696
14 6698
14 120485
15 10
15 126
15 127
15 129
15 120486
16 99
16 131
16 132
16 133
16 195
16 237
16 1673
17 3
17 4
17 195
17 24335
17 24337
17 120487
18 4
18 195
18 202
18 302
18 1655
18 120488
19 243
19 244
19 245
19 247
19 120489
20 99
20 131
20 132
20 133
20 195
20 237
20 120490
21 3
21 4
21 195
21 2738
21 2740
21 120491
22 9
22 10
22 11
22 13
22 120492
23 5
23 99
23 131
23 132
23 133
23 135
23 171
23 120493
24 2
24 3
24 4
24 5
24 181
24 33925
25 243
25 244
25 245
25 247
25 120494
26 5
26 84
26 90
26 91
26 93
26 121
26 9903
26 10728
26 120495
27 230
27 231
27 232
27 234
27 56121
28 9
28 10
28 11
28 13
28 163
29 99
29 131
29 132
29 133
29 195
29 236
29 237
30 3
30 4
30 195
30 3419
30 3421
30 120496
31 4
31 195
31 202
31 27620
31 27622
31 120497
32 9
32 10
32 26
32 169
32 171
32 120498
33 82
33 83
33 84
33 109
33 112
33 115
33 120499
34 90
34 443
34 25485
34 120501
34 120502
35 4
35 5
35 99
35 131
35 132
35 133
35 152
35 120503
36 3
36 4
36 5
36 813
36 815
36 120504
37 71
37 76
37 190
37 191
37 120505
seqId 45
1 4
1 5
1 98
1 99
1 100
1 4105
1 120506
2 3
2 4
2 5
2 813
2 815
2 120507
3 82
3 84
3 114
3 115
3 116
3 1361
3 120508
4 5
4 84
4 90
4 91
4 93
4 121
4 10330
4 120510
4 120511
5 9
5 10
5 11
5 13
5 120512
6 51
6 195
6 1501
6 1503
6 120513
7 3
7 20
7 195
7 2034
7 3403
7 120514
8 3
8 20
8 72
8 195
8 340
8 1227
8 1229
8 1230
8 1231
8 120515
9 20
9 90
9 122
9 195
9 340
9 708
9 713
9 24268
9 24270
9 120516
10 10
10 378
10 379
10 381
10 120517
11 51
11 195
11 11257
11 11259
11 120518
12 3
12 20
12 195
12 6913
12 6915
12 120519
13 20
13 195
13 202
13 120521
13 120522
13 120523
14 4
14 5
14 99
14 133
14 175
14 176
14 178
14 120524
15 3
15 4
15 5
15 3725
15 3727
15 120525
16 10
16 828
16 829
16 831
16 120526
17 4
17 5
17 99
17 131
17 132
17 133
17 152
17 120527
18 3
18 4
18 5
18 17207
18 17209
18 120528
19 9
19 10
19 11
19 13
19 120529
20 5
20 99
20 131
20 132
20 133
20 135
20 171
20 120530
21 3
21 4
21 5
21 597
21 599
21 120531
22 76
22 342
22 343
22 345
22 120532
23 10
23 126
23 127
23 129
23 120533
24 3
24 4
24 5
24 3737
24 3739
24 120534
25 158
25 159
25 160
25 162
25 120535
26 9
26 10
26 11
26 13
26 163
27 5
27 20
27 99
27 131
27 132
27 133
27 165
27 166
28 3
28 5
28 20
28 11030
28 11032
28 120536
29 9
29 10
29 11
29 13
29 120537
30 5
30 99
30 131
30 132
30 133
30 135
30 171
30 120538
31 2
31 3
31 4
31 5
31 181
31 120539
32 243
32 244
32 245
32 247
32 120540
33 10
33 2518
33 2519
33 2521
33 120541
34 3
34 5
34 20
34 24295
34 24297
34 120542
35 9
35 10
35 11
35 13
35 120543
36 4
36 5
36 99
36 131
36 132
36 133
36 152
36 120544
37 3
37 4
37 5
37 14557
37 14559
37 120545
38 9
38 10
38 11
38 13
38 120546
39 4
39 5
39 99
39 131
39 132
39 133
39 152
39 120547
40 3
40 4
40 5
40 15
40 17
40 120548
41 71
41 76
41 190
41 191
41 120549
seqId 46
1 4
1 5
1 99
1 131
1 132
1 133
1 811
1 120550
2 3
2 4
2 5
2 813
2 815
2 120551
3 5
3 84
3 91
3 93
3 121
3 703
3 707
3 956
3 1804
4 10
4 109
4 110
4 112
4 92228
5 3
5 4
5 5
5 8004
5 8006
5 120552
6 9
6 10
6 11
6 13
6 120553
7 5
7 99
7 131
7 132
7 133
7 135
7 171
7 1813
8 3
8 4
8 5
8 24179
8 24181
8 120554
9 4
9 5
9 202
9 302
9 304
9 120555
10 9
10 10
10 11
10 13
10 56225
11 5
11 99
11 131
11 132
11 133
11 135
11 171
11 120556
12 2
12 3
12 4
12 5
12 181
12 120557
13 82
13 759
13 2852
13 2854
13 92240
14 4
14 5
14 82
14 83
14 84
14 115
14 763
14 1264
14 120558
15 5
15 84
15 90
15 91
15 93
15 121
15 824
15 24311
15 120559
16 10
16 828
16 831
16 1539
16 120560
17 660
17 2210
17 2211
17 2213
17 120561
18 4
18 5
18 99
18 131
18 132
18 133
18 152
18 120562
19 3
19 4
19 5
19 6422
19 6424
19 120563
20 4
20 5
20 202
20 25505
20 63100
20 120564
21 71
21 76
21 190
21 191
21 120565
22 5211
22 5212
22 5213
22 5215
22 120566
seqId 47
1 10
1 146
1 147
1 149
1 722
2 5
2 20
2 99
2 131
2 132
2 133
2 165
2 166
3 3
3 5
3 20
3 389
3 391
3 120567
4 9
4 10
4 11
4 13
4 120568
5 4
5 5
5 99
5 131
5 132
5 133
5 152
5 34026
6 3
6 4
6 5
6 1913
6 1915
6 120569
7 9
7 10
7 11
7 13
7 120570
8 3
8 4
8 5
8 1931
8 1933
8 120571
9 76
9 342
9 343
9 345
9 120572
10 4
10 5
10 99
10 131
10 132
10 133
10 152
10 120573
11 3
11 4
11 5
11 813
11 815
11 120574
12 5
12 84
12 91
12 93
12 121
12 702
12 703
12 705
12 120575
13 5
13 20
13 90
13 122
13 708
13 769
13 3777
13 4766
13 120576
14 5
14 99
14 131
14 132
14 133
14 135
14 171
14 120577
15 3
15 5
15 20
15 10801
15 10803
15 120578
16 9
16 10
16 26
16 169
16 171
16 120579
17 5
17 20
17 99
17 133
17 175
17 176
17 1316
17 1885
18 3
18 5
18 20
18 475
18 25021
18 120580
19 5
19 20
19 202
19 19972
19 74707
19 120581
20 71
20 76
20 190
20 191
20 120582
21 5211
21 5212
21 5213
21 5215
21 120583
seqId 48
1 10
1 146
1 147
1 149
1 722
2 5
2 20
2 99
2 131
2 132
2 133
2 165
2 166
3 3
3 5
3 20
3 1866
3 1868
3 120584
4 158
4 159
4 160
4 162
4 120585
5 9
5 10
5 11
5 13
5 163
6 5
6 20
6 99
6 131
6 132
6 133
6 165
6 166
7 3
7 5
7 20
7 24362
7 24364
7 120586
8 9
8 10
8 11
8 13
8 120587
9 3
9 5
9 20
9 1299
9 10243
9 120588
10 9
10 10
10 11
10 13
10 120589
11 3
11 5
11 20
11 71
11 9488
11 9490
11 120590
12 67
12 10653
12 19162
12 120592
12 120593
12 120594
12 120595
13 67
13 1104
13 100406
13 120597
13 120598
13 120599
13 120600
14 10
14 109
14 110
14 112
14 120601
15 3
15 5
15 20
15 2202
15 2204
15 120602
16 51
16 195
16 5342
16 5344
16 120603
17 76
17 342
17 343
17 345
17 120604
18 3
18 4
18 5
18 394
18 396
18 120605
19 67
19 16435
19 16436
19 16438
19 120606
20 67
20 4520
20 16440
20 16441
20 16443
20 16444
20 120607
21 76
21 342
21 343
21 345
21 34070
22 10
22 1113
22 120609
22 120610
22 120611
23 595
23 660
23 2305
23 11196
23 11198
23 120612
24 3
24 4
24 5
24 1082
24 1084
24 120613
25 4
25 5
25 202
25 53441
25 53443
25 120614
26 76
26 342
26 343
26 345
26 120615
27 5
27 20
27 82
27 83
27 84
27 115
27 763
27 765
27 120616
28 5
28 84
28 91
28 93
28 121
28 702
28 703
28 705
28 120617
29 5
29 20
29 90
29 122
29 708
29 769
29 120619
29 120620
29 120621
30 10
30 378
30 379
30 381
30 120622
31 4
31 5
31 99
31 133
31 175
31 176
31 178
31 120623
32 3
32 4
32 5
32 1913
32 1915
32 120624
33 4
33 5
33 202
33 105335
33 105337
33 120626
34 9
34 10
34 26
34 169
34 171
34 120627
35 4
35 5
35 99
35 133
35 175
35 176
35 178
35 120628
36 3
36 4
36 5
36 729
36 4454
36 120629
37 76
37 342
37 343
37 345
37 120630
38 4
38 5
38 90
38 122
38 708
38 713
38 3722
38 58878
38 120632
38 120633
39 10
39 828
39 829
39 831
39 34092
40 3
40 5
40 20
40 71
40 9488
40 9490
40 92361
41 67
41 119898
41 119899
41 119901
41 120634
42 67
42 61042
42 92654
42 100406
42 120636
42 120637
42 120638
43 71
43 76
43 190
43 191
43 120639
seqId 49
1 10
1 109
1 876
1 878
1 120640
2 3
2 5
2 20
2 2202
2 2204
2 120641
3 51
3 52
3 5342
3 5344
3 120642
4 76
4 342
4 343
4 345
4 120643
5 4
5 5
5 99
5 133
5 175
5 176
5 178
5 120644
6 4
6 5
6 202
6 795
6 8936
6 120645
7 3
7 4
7 5
7 5390
7 53453
7 71438
7 120647
8 4
8 5
8 90
8 122
8 708
8 713
8 10330
8 24481
8 120648
9 9
9 10
9 11
9 13
9 120649
10 3
10 5
10 20
10 71
10 9488
10 9490
10 120650
11 67
11 61042
11 92654
11 100406
11 120636
11 120637
11 120651
12 243
12 244
12 245
12 247
12 120652
13 3
13 4
13 5
13 394
13 396
13 120653
14 5
14 67
14 22218
14 22221
14 120654
15 67
15 9507
15 49447
15 120656
15 120657
15 120658
15 120659
16 5
16 84
16 91
16 93
16 121
16 703
16 707
16 956
16 120660
17 4
17 5
17 90
17 122
17 708
17 2035
17 35046
17 37229
18 10
18 109
18 110
18 112
18 2037
19 3
19 4
19 5
19 2038
19 2196
19 2649
20 71
20 76
20 190
20 191
20 2039
seqId 50
1 4
1 5
1 99
1 131
1 132
1 133
1 811
1 120661
2 3
2 4
2 5
2 3199
2 5132
2 120662
3 4
3 5
3 202
3 302
3 304
3 120663
4 243
4 244
4 245
4 247
4 120664
5 99
5 131
5 132
5 133
5 195
5 237
5 120665
6 3
6 4
6 195
6 897
6 3520
6 120666
7 9
7 10
7 11
7 13
7 46323
8 5
8 99
8 131
8 132
8 133
8 135
8 171
8 120667
9 2
9 3
9 4
9 5
9 181
9 120668
10 84
10 91
10 93
10 121
10 195
10 702
10 703
10 1062
10 120669
11 76
11 342
11 343
11 345
11 120670
12 10
12 27969
12 27970
12 27972
12 120671
13 4
13 5
13 98
13 99
13 100
13 1927
13 120672
14 3
14 4
14 5
14 1913
14 1915
14 120673
15 76
15 342
15 343
15 345
15 120674
16 5
16 20
16 90
16 122
16 708
16 28320
16 120676
16 120677
17 5
17 20
17 99
17 131
17 132
17 133
17 166
17 120678
18 3
18 5
18 20
18 70157
18 76696
18 120679
19 5
19 20
19 90
19 122
19 708
19 713
19 4955
19 10678
19 120680
20 10
20 828
20 829
20 831
20 120681
21 5
21 20
21 99
21 131
21 132
21 133
21 166
21 120682
22 3
22 5
22 20
22 384
22 386
22 120683
23 5
23 20
23 202
23 7185
23 48252
23 120684
24 9
24 10
24 11
24 13
24 120685
25 4
25 5
25 99
25 131
25 132
25 133
25 152
25 120686
26 4
26 5
26 202
26 2244
26 3490
26 120687
27 3
27 4
27 5
27 44
27 621
27 120688
28 71
28 76
28 190
28 191
28 120689
seqId 51
1 3
1 5
1 20
1 1709
1 1711
1 120690
2 230
2 231
2 232
2 234
2 120691
3 9
3 10
3 11
3 13
3 163
4 99
4 131
4 132
4 133
4 195
4 236
4 237
5 3
5 20
5 195
5 1548
5 1715
5 120692
6 243
6 244
6 245
6 247
6 120693
7 3
7 20
7 195
7 1718
7 1720
7 120694
8 9
8 10
8 11
8 13
8 120695
9 5
9 27
9 99
9 131
9 132
9 133
9 135
9 120696
10 2
10 3
10 4
10 5
10 181
10 120697
seqId 52
1 76
1 40466
1 40467
1 40469
1 120698
2 5211
2 5212
2 5213
2 5215
2 120699
seqId 53
1 10
1 146
1 147
1 149
1 722
2 5
2 20
2 99
2 131
2 132
2 133
2 165
2 166
3 3
3 5
3 20
3 389
3 391
3 120700
4 9
4 10
4 11
4 13
4 34161
5 4
5 5
5 99
5 131
5 132
5 133
5 152
5 120701
6 3
6 4
6 5
6 1913
6 1915
6 120702
7 9
7 10
7 11
7 13
7 120703
8 3
8 4
8 5
8 1931
8 1933
8 120704
9 76
9 342
9 343
9 345
9 120705
10 99
10 131
10 132
10 133
10 195
10 237
10 120706
11 3
11 20
11 195
11 1718
11 1720
11 120707
12 158
12 159
12 160
12 162
12 120708
13 9
13 10
13 11
13 13
13 163
14 5
14 20
14 99
14 131
14 132
14 133
14 165
14 166
15 5
15 20
15 67
15 268
15 1413
15 1416
15 1417
15 120709
16 82
16 84
16 114
16 115
16 116
16 1361
16 120710
17 84
17 90
17 91
17 93
17 121
17 195
17 10385
17 10387
17 120711
18 10
18 828
18 829
18 831
18 120712
19 4
19 5
19 99
19 133
19 175
19 176
19 178
19 120713
20 4
20 5
20 202
20 7602
20 7687
20 120714
21 3
21 4
21 5
21 2401
21 2403
21 120715
22 71
22 76
22 190
22 191
22 120716
seqId 54
1 5
1 20
1 99
1 131
1 132
1 133
1 967
1 120717
2 5
2 20
2 67
2 268
2 1413
2 1416
2 1417
2 120718
3 5
3 84
3 90
3 91
3 93
3 121
3 28320
3 92463
3 120720
4 10
4 109
4 112
4 1539
4 92464
5 3
5 5
5 20
5 2429
5 2431
5 120721
6 4
6 5
6 99
6 131
6 132
6 133
6 152
6 120722
7 4
7 5
7 202
7 2310
7 2313
7 120723
8 3
8 4
8 5
8 120725
8 120726
8 120727
9 9
9 10
9 11
9 13
9 120728
10 3
10 5
10 20
10 2553
10 2555
10 120729
11 4
11 5
11 90
11 122
11 708
11 713
11 41549
11 108451
11 120730
12 717
12 718
12 719
12 721
12 120731
13 10
13 146
13 147
13 149
13 722
14 5
14 20
14 99
14 131
14 132
14 133
14 165
14 166
15 3
15 20
15 389
15 391
15 120732
16 9
16 10
16 11
16 13
16 120733
17 4
17 5
17 99
17 131
17 132
17 133
17 152
17 120734
18 4
18 5
18 202
18 2244
18 3490
18 120735
19 3
19 4
19 5
19 44
19 621
19 120736
20 71
20 76
20 190
20 191
20 120737
seqId 55
1 660
1 976
1 7272
1 7274
1 120738
2 76
2 342
2 343
2 345
2 120739
3 5
3 20
3 99
3 131
3 132
3 133
3 166
3 120740
4 3
4 5
4 20
4 1832
4 1834
4 120741
5 9
5 10
5 26
5 169
5 171
5 120742
6 3
6 20
6 72
6 195
6 340
6 1227
6 1229
6 1230
6 1231
6 120743
7 20
7 195
7 202
7 24418
7 24420
7 120744
8 5
8 84
8 90
8 91
8 93
8 121
8 5640
8 18000
8 120745
9 10
9 146
9 147
9 149
9 120746
10 51
10 195
10 13557
10 13559
10 120747
11 3
11 4
11 195
11 3419
11 3421
11 120748
12 76
12 342
12 343
12 345
12 120749
13 5
13 20
13 90
13 122
13 708
13 713
13 10330
13 24413
13 120750
14 9
14 10
14 11
14 13
14 120751
15 51
15 195
15 9463
15 12680
15 120752
16 3
16 20
16 195
16 1980
16 1982
16 120753
17 243
17 244
17 245
17 247
17 120754
18 9
18 10
18 11
18 13
18 120755
19 51
19 195
19 4153
19 4155
19 120756
20 3
20 20
20 195
20 1965
20 1967
20 120757
21 9
21 10
21 11
21 13
21 120758
22 3
22 4
22 195
22 1970
22 1972
22 120759
23 71
23 76
23 190
23 191
23 120760
seqId 56
1 82
1 84
1 114
1 115
1 116
1 171
1 310
1 120761
2 90
2 121
2 122
2 1815
2 1817
2 120762
3 230
3 231
3 232
3 234
3 120763
4 9
4 10
4 11
4 13
4 163
5 99
5 131
5 132
5 133
5 195
5 236
5 237
6 3
6 20
6 195
6 340
6 1942
6 1944
6 120764
7 76
7 342
7 343
7 345
7 120765
8 5
8 20
8 82
8 83
8 84
8 115
8 763
8 1002
8 46475
9 5
9 84
9 91
9 93
9 121
9 703
9 707
9 956
9 120766
10 10
10 146
10 147
10 149
10 2248
11 90
11 443
11 1236
11 3792
11 120767
12 944
12 945
12 946
12 948
12 120768
13 3
13 4
13 5
13 9488
13 25310
13 120769
14 67
14 836
14 11556
14 11557
14 120770
15 67
15 871
15 120772
15 120773
15 120774
15 120775
16 76
16 342
16 343
16 345
16 56476
17 3
17 5
17 20
17 1965
17 2062
17 120776
18 9
18 10
18 11
18 13
18 56479
19 3
19 4
19 195
19 1970
19 1972
19 120777
20 5
20 84
20 91
20 93
20 121
20 702
20 703
20 705
20 120778
21 5
21 20
21 90
21 122
21 708
21 769
21 2235
21 2237
21 120779
22 5
22 20
22 99
22 131
22 132
22 133
22 166
22 120780
23 5
23 20
23 67
23 268
23 1413
23 1416
23 1417
23 120781
24 10
24 109
24 110
24 112
24 34274
25 51
25 195
25 4162
25 4164
25 120782
26 10
26 378
26 379
26 381
26 120783
27 90
27 443
27 2257
27 2259
27 120784
28 5
28 20
28 99
28 131
28 132
28 133
28 166
28 120785
29 3
29 5
29 20
29 217
29 219
29 120786
30 9
30 10
30 11
30 13
30 120787
31 3
31 5
31 20
31 222
31 371
31 120788
32 5
32 20
32 202
32 2923
32 2925
32 120789
33 9
33 10
33 11
33 13
33 120790
34 5
34 99
34 131
34 132
34 133
34 135
34 171
34 120791
35 3
35 4
35 5
35 597
35 599
35 120792
36 67
36 601
36 603
36 1197
36 120793
37 67
37 605
37 607
37 1199
37 120794
38 76
38 413
38 414
38 416
38 120795
39 67
39 268
39 5600
39 5602
39 15327
39 120796
40 76
40 433
40 434
40 436
40 120797
41 71
41 76
41 190
41 191
41 46514
seqId 57
1 10
1 109
1 878
1 1539
1 46515
2 660
2 4185
2 4186
2 4188
2 120798
3 76
3 342
3 343
3 345
3 120799
4 3
4 5
4 20
4 9488
4 49005
4 120800
5 67
5 72
5 51485
5 51486
5 51488
5 51489
5 120801
6 67
6 120803
6 120804
6 120805
6 120806
6 120807
7 243
7 244
7 245
7 247
7 2327
8 3
8 4
8 5
8 9488
8 25310
8 120808
9 4
9 5
9 67
9 112648
9 120810
9 120811
9 120812
10 67
10 120814
10 120815
10 120816
10 120817
11 76
11 342
11 343
11 345
11 120818
12 20
12 195
12 202
12 1377
12 5238
12 120819
13 51
13 52
13 1501
13 1503
13 120820
14 3
14 5
14 20
14 1965
14 2062
14 34311
15 9
15 10
15 11
15 13
15 120821
16 3
16 4
16 195
16 1970
16 1972
16 120822
17 76
17 342
17 343
17 345
17 120823
18 84
18 91
18 93
18 121
18 195
18 702
18 703
18 1062
18 120824
19 20
19 90
19 122
19 708
19 1064
19 1066
19 120825
20 5
20 99
20 773
20 776
20 3593
20 120826
21 3
21 4
21 5
21 2019
21 2021
21 120827
22 10
22 109
22 110
22 112
22 120828
23 3
23 5
23 20
23 2202
23 2204
23 120829
24 51
24 52
24 5342
24 5344
24 120830
25 71
25 76
25 190
25 191
25 120831
seqId 58
1 10
1 378
1 1539
1 3873
1 120832
2 660
2 17966
2 17967
2 17969
2 120833
3 76
3 342
3 343
3 345
3 120834
4 3
4 4
4 5
4 9488
4 25310
4 120835
5 67
5 112648
5 120810
5 120812
5 120836
5 120837
6 67
6 120814
6 120815
6 120817
6 120838
7 5
7 84
7 90
7 91
7 93
7 121
7 18929
7 120840
7 120841
8 4
8 5
8 99
8 133
8 175
8 176
8 178
8 120842
9 3
9 4
9 5
9 14541
9 14543
9 120843
10 660
10 7237
10 10032
10 10034
10 120844
11 4
11 5
11 202
11 8973
11 8975
11 120845
12 10
12 283
12 284
12 286
12 120846
13 99
13 131
13 132
13 133
13 195
13 237
13 120847
14 3
14 4
14 195
14 897
14 3520
14 120848
15 158
15 159
15 160
15 162
15 120849
16 9
16 10
16 11
16 13
16 163
17 5
17 20
17 99
17 131
17 132
17 133
17 165
17 166
18 5
18 20
18 67
18 268
18 1413
18 1416
18 1417
18 120850
19 71
19 76
19 190
19 191
19 120851
seqId 59
1 9
1 10
1 1539
1 1886
1 120852
2 3
2 5
2 20
2 6936
2 6938
2 120853
3 76
3 342
3 343
3 345
3 120854
4 3
4 4
4 5
4 9488
4 25310
4 120855
5 67
5 57096
5 57097
5 57099
5 120856
6 67
6 1886
6 14125
6 120858
6 120859
6 120860
7 76
7 342
7 343
7 345
7 92644
8 3
8 5
8 20
8 1965
8 2062
8 120861
9 9
9 10
9 11
9 13
9 120862
10 3
10 4
10 195
10 1970
10 1972
10 120863
11 76
11 342
11 343
11 345
11 120864
12 5
12 84
12 91
12 93
12 121
12 702
12 703
12 705
12 120865
13 5
13 20
13 90
13 122
13 708
13 769
13 2235
13 2237
13 120866
14 5
14 20
14 99
14 131
14 132
14 133
14 166
14 120867
15 5
15 20
15 67
15 268
15 1413
15 1416
15 1417
15 120868
16 10
16 146
16 147
16 149
16 120869
17 4
17 5
17 99
17 131
17 132
17 133
17 152
17 120870
18 3
18 4
18 5
18 6896
18 6898
18 120871
19 9
19 10
19 11
19 13
19 120872
20 5
20 99
20 115
20 773
20 774
20 775
20 776
20 778
20 120873
21 3
21 5
21 20
21 2790
21 2792
21 120874
22 717
22 718
22 719
22 721
22 120875
23 10
23 146
23 147
23 149
23 722
24 5
24 20
24 99
24 131
24 132
24 133
24 165
24 166
25 3
25 5
25 20
25 12619
25 12621
25 120876
26 9
26 10
26 26
26 169
26 171
26 120877
27 3
27 4
27 5
27 1988
27 1990
27 120878
28 4
28 5
28 202
28 8082
28 12624
28 120879
29 9
29 10
29 11
29 13
29 120880
30 3
30 5
30 20
30 222
30 371
30 120881
31 5
31 20
31 202
31 6519
31 6521
31 120882
32 10
32 109
32 110
32 112
32 56626
33 51
33 195
33 4167
33 4169
33 120883
34 10
34 378
34 379
34 381
34 92675
35 90
35 443
35 2257
35 2259
35 120884
36 5
36 99
36 131
36 132
36 133
36 135
36 171
36 120885
37 5
37 67
37 1256
37 1258
37 1259
37 120886
38 9
38 10
38 11
38 13
38 120887
39 3
39 5
39 20
39 222
39 371
39 120888
40 9
40 10
40 11
40 13
40 120889
41 67
41 72
41 72
41 6985
41 37788
41 45578
41 120891
41 120892
41 120893
42 9
42 10
42 11
42 13
42 120894
43 5
43 99
43 131
43 132
43 133
43 135
43 171
43 120895
44 3
44 4
44 5
44 597
44 599
44 120896
45 230
45 231
45 232
45 234
45 120897
46 9
46 10
46 11
46 13
46 163
47 99
47 131
47 132
47 133
47 195
47 236
47 237
48 67
48 195
48 120899
48 120900
48 120901
49 71
49 76
49 190
49 191
49 120902
seqId 60
1 660
1 5049
1 7881
1 7883
1 120903
2 76
2 342
2 343
2 345
2 120904
3 3
3 5
3 20
3 9488
3 49005
3 120905
4 67
4 55991
4 55993
4 57226
4 120906
5 67
5 49447
5 57211
5 120908
5 120909
5 120910
6 76
6 342
6 343
6 345
6 120911
7 660
7 1513
7 1514
7 1516
7 120912
8 3
8 5
8 20
8 1965
8 2062
8 120913
9 9
9 10
9 11
9 13
9 120914
10 3
10 4
10 195
10 1970
10 1972
10 120915
11 5
11 84
11 91
11 93
11 121
11 702
11 703
11 705
11 120916
12 5
12 20
12 90
12 122
12 708
12 769
12 2235
12 2237
12 120917
13 5
13 20
13 99
13 131
13 132
13 133
13 166
13 120918
14 5
14 20
14 67
14 268
14 1413
14 1416
14 1417
14 120919
15 10
15 109
15 110
15 112
15 120920
16 3
16 5
16 20
16 2202
16 2204
16 120921
17 51
17 195
17 1851
17 1853
17 120922
18 10
18 146
18 147
18 149
18 120923
19 4
19 5
19 99
19 131
19 132
19 133
19 152
19 120924
20 3
20 4
20 5
20 6896
20 6898
20 120925
21 9
21 10
21 11
21 13
21 120926
22 5
22 99
22 115
22 773
22 774
22 775
22 776
22 778
22 120927
23 3
23 5
23 20
23 2790
23 2792
23 120928
24 10
24 146
24 147
24 149
24 120929
25 5
25 99
25 131
25 132
25 133
25 135
25 171
25 120930
26 3
26 4
26 5
26 1988
26 1990
26 120931
27 4
27 5
27 202
27 646
27 25589
27 120932
28 9
28 10
28 11
28 13
28 120933
29 3
29 5
29 20
29 222
29 371
29 120934
30 5
30 20
30 202
30 6519
30 6521
30 120935
31 10
31 378
31 379
31 381
31 120936
32 90
32 443
32 2257
32 2259
32 120937
33 5
33 99
33 131
33 132
33 133
33 135
33 171
33 120938
34 3
34 4
34 5
34 597
34 599
34 120939
35 9
35 10
35 11
35 13
35 120940
36 4
36 5
36 67
36 120942
36 120943
36 120944
37 4
37 5
37 202
37 13322
37 31197
37 120945
38 660
38 8436
38 8437
38 8439
38 34450
39 9
39 10
39 11
39 13
39 120946
40 90
40 443
40 42092
40 42094
40 120947
41 717
41 718
41 719
41 721
41 120948
42 10
42 146
42 147
42 149
42 722
43 5
43 20
43 99
43 131
43 132
43 133
43 165
43 166
44 5
44 20
44 67
44 268
44 1413
44 1416
44 1417
44 120949
45 243
45 244
45 245
45 247
45 120950
46 10
46 146
46 147
46 149
46 120951
47 5
47 99
47 131
47 132
47 133
47 135
47 171
47 120952
48 3
48 4
48 5
48 597
48 599
48 120953
49 67
49 601
49 603
49 1197
49 120954
50 67
50 605
50 607
50 1199
50 120955
51 10
51 109
51 110
51 112
51 56705
52 3
52 5
52 20
52 2202
52 2204
52 120956
53 51
53 195
53 4167
53 4169
53 120957
54 71
54 76
54 190
54 191
54 120958
seqId 61
1 10
1 1791
1 15775
1 120959
1 120960
2 99
2 131
2 132
2 133
2 195
2 237
2 120961
3 3
3 20
3 195
3 67735
3 120963
3 120964
4 76
4 342
4 343
4 345
4 2595
5 3
5 4
5 5
5 9488
5 25310
5 120965
6 67
6 4066
6 26225
6 46409
6 120967
6 120968
6 120969
7 76
7 342
7 343
7 345
7 120970
8 3
8 5
8 20
8 1980
8 2182
8 120971
9 76
9 342
9 343
9 345
9 120972
10 5
10 84
10 91
10 93
10 121
10 703
10 707
10 956
10 120973
11 4
11 5
11 90
11 122
11 708
11 42092
11 120975
11 120976
12 10
12 109
12 110
12 112
12 120977
13 3
13 5
13 20
13 2202
13 2204
13 120978
14 51
14 52
14 5342
14 5344
14 120979
15 717
15 718
15 719
15 721
15 120980
16 10
16 146
16 147
16 149
16 722
17 5
17 20
17 99
17 131
17 132
17 133
17 165
17 166
18 67
18 268
18 1413
18 1414
18 1416
18 1417
18 120981
19 82
19 759
19 2852
19 2854
19 120982
20 4
20 5
20 82
20 83
20 84
20 115
20 763
20 1264
20 120983
21 5
21 84
21 91
21 93
21 703
21 707
21 914
21 916
21 120984
22 3
22 5
22 20
22 2034
22 2036
22 120985
23 10
23 7340
23 9033
23 9035
23 120986
24 51
24 52
24 120988
24 120989
24 120990
25 243
25 244
25 245
25 247
25 120991
26 82
26 171
26 759
26 944
26 1463
26 120992
27 4
27 5
27 82
27 84
27 115
27 763
27 1264
27 120993
28 5
28 84
28 91
28 93
28 702
28 703
28 914
28 2233
28 120994
29 5
29 20
29 90
29 122
29 708
29 2235
29 2237
29 120995
30 10
30 109
30 110
30 112
30 120996
31 51
31 52
31 8426
31 8428
31 120997
32 10
32 146
32 147
32 149
32 120998
33 4
33 5
33 99
33 131
33 132
33 133
33 152
33 120999
34 3
34 4
34 5
34 6896
34 6898
34 121000
35 9
35 10
35 11
35 13
35 121001
36 5
36 99
36 773
36 776
36 778
36 121002
37 3
37 5
37 20
37 2790
37 2792
37 121003
38 10
38 146
38 147
38 149
38 121004
39 5
39 99
39 131
39 132
39 133
39 135
39 171
39 121005
40 3
40 4
40 5
40 1988
40 1990
40 121006
41 5
41 202
41 8082
41 12624
41 121007
42 9
42 10
42 11
42 13
42 121008
43 3
43 5
43 20
43 222
43 371
43 121009
44 5
44 20
44 202
44 6519
44 6521
44 121010
45 10
45 378
45 379
45 381
45 121011
46 90
46 443
46 2257
46 2259
46 121012
47 5
47 99
47 131
47 132
47 133
47 135
47 171
47 121013
48 3
48 4
48 5
48 597
48 599
48 121014
49 9
49 10
49 26
49 169
49 171
49 121015
50 5
50 20
50 67
50 6533
50 6536
50 121016
51 71
51 76
51 190
51 191
51 121017
seqId 62
1 9
1 10
1 1539
1 1886
1 121018
2 3
2 5
2 20
2 6936
2 6938
2 121019
3 76
3 342
3 343
3 345
3 121020
4 3
4 4
4 5
4 9488
4 25310
4 121021
5 67
5 82647
5 121023
5 121024
5 121025
5 121026
6 67
6 1728
6 13403
6 121028
6 121029
6 121030
7 67
7 851
7 6985
7 11522
7 121032
7 121033
7 121034
7 121035
8 5
8 84
8 91
8 93
8 121
8 703
8 707
8 956
8 121036
9 4
9 5
9 90
9 122
9 708
9 769
9 981
9 1080
9 121037
10 3
10 5
10 20
10 2034
10 2036
10 121038
11 158
11 159
11 160
11 162
11 121039
12 9
12 10
12 11
12 13
12 163
13 5
13 20
13 99
13 131
13 132
13 133
13 165
13 166
14 5
14 20
14 67
14 268
14 1413
14 1416
14 1417
14 121040
15 10
15 109
15 110
15 112
15 121041
16 3
16 5
16 20
16 2202
16 2204
16 121042
17 51
17 195
17 5922
17 5924
17 121043
18 10
18 146
18 147
18 149
18 121044
19 4
19 5
19 99
19 131
19 132
19 133
19 152
19 121045
20 3
20 4
20 5
20 6896
20 6898
20 121046
21 9
21 10
21 11
21 13
21 121047
22 5
22 99
22 115
22 773
22 774
22 775
22 776
22 778
22 121048
23 3
23 5
23 20
23 2094
23 2096
23 121049
24 10
24 109
24 110
24 112
24 121050
25 3
25 4
25 5
25 6713
25 6715
25 121051
26 9
26 10
26 11
26 13
26 121052
27 3
27 5
27 20
27 1965
27 2062
27 121053
28 9
28 10
28 11
28 13
28 92805
29 3
29 4
29 195
29 1970
29 1972
29 121054
30 10
30 146
30 147
30 149
30 121055
31 5
31 99
31 131
31 132
31 133
31 135
31 171
31 121056
32 3
32 4
32 5
32 597
32 599
32 121057
33 67
33 601
33 603
33 1197
33 121058
34 67
34 605
34 607
34 1199
34 121059
35 71
35 76
35 190
35 191
35 121060
seqId 63
1 660
1 5049
1 7881
1 7883
1 121061
2 76
2 342
2 343
2 345
2 121062
3 3
3 4
3 5
3 9488
3 25310
3 121063
4 67
4 50081
4 50083
4 121064
4 121065
5 67
5 72
5 96
5 1047
5 13936
5 121067
5 121068
5 121069
5 121070
5 121071
5 121072
6 76
6 342
6 343
6 345
6 121073
7 3
7 5
7 20
7 1980
7 2182
7 121074
8 5
8 20
8 202
8 2221
8 2223
8 121075
9 158
9 159
9 160
9 162
9 121076
10 9
10 10
10 11
10 13
10 163
11 5
11 20
11 99
11 131
11 132
11 133
11 165
11 166
12 3
12 5
12 20
12 222
12 371
12 121077
13 9
13 10
13 11
13 13
13 121078
14 5
14 99
14 131
14 132
14 133
14 135
14 171
14 121079
15 3
15 4
15 5
15 18373
15 18375
15 121080
16 4
16 5
16 202
16 1403
16 7713
16 121081
17 76
17 342
17 343
17 345
17 121082
18 5
18 84
18 91
18 93
18 121
18 703
18 707
18 956
18 121083
19 4
19 5
19 90
19 122
19 708
19 769
19 981
19 1080
19 121084
20 3
20 5
20 20
20 2034
20 2036
20 121085
21 158
21 159
21 160
21 162
21 121086
22 9
22 10
22 11
22 13
22 163
23 5
23 20
23 99
23 131
23 132
23 133
23 165
23 166
24 5
24 20
24 67
24 268
24 1413
24 1416
24 1417
24 121087
25 5
25 20
25 99
25 131
25 132
25 133
25 166
25 121088
26 5
26 51
26 680
26 1843
26 1845
26 46795
27 3
27 5
27 20
27 16181
27 16183
27 121089
28 51
28 195
28 4167
28 4169
28 121090
29 10
29 109
29 110
29 112
29 121091
30 3
30 4
30 5
30 121093
30 121094
30 121095
31 158
31 159
31 160
31 162
31 121096
32 9
32 10
32 11
32 13
32 163
33 5
33 20
33 99
33 131
33 132
33 133
33 165
33 166
34 5
34 20
34 67
34 268
34 5600
34 5602
34 121097
35 9
35 10
35 11
35 13
35 121098
36 5
36 99
36 131
36 132
36 133
36 135
36 171
36 121099
37 3
37 4
37 5
37 597
37 599
37 121100
38 67
38 601
38 603
38 1197
38 121101
39 67
39 605
39 607
39 1199
39 121102
40 71
40 76
40 190
40 191
40 121103
seqId 64
1 660
1 2547
1 2548
1 2550
1 121104
2 2822
2 2823
2 2824
2 2826
2 121105
3 10
3 146
3 147
3 149
3 722
4 99
4 131
4 132
4 133
4 195
4 236
4 237
5 3
5 20
5 195
5 2034
5 3403
5 121106
6 20
6 90
6 122
6 195
6 708
6 713
6 3372
6 5735
6 121107
7 76
7 342
7 343
7 345
7 121108
8 5
8 99
8 115
8 773
8 775
8 776
8 2192
8 3593
8 121109
9 3
9 4
9 5
9 9853
9 9855
9 92854
10 82
10 84
10 114
10 115
10 116
10 118
10 171
10 121110
11 5
11 84
11 90
11 91
11 93
11 121
11 4258
11 4469
11 121111
12 479
12 660
12 121113
12 121114
12 121115
12 121116
13 10
13 283
13 284
13 286
13 121117
14 4
14 5
14 99
14 131
14 132
14 133
14 152
14 46824
15 3
15 4
15 5
15 2401
15 2403
15 121118
16 10
16 109
16 110
16 112
16 121119
17 3
17 4
17 5
17 13351
17 13353
17 121120
18 9
18 10
18 11
18 13
18 2874
19 4
19 5
19 99
19 131
19 132
19 133
19 152
19 121121
20 3
20 4
20 5
20 1913
20 1915
20 121122
21 4
21 5
21 202
21 2244
21 3490
21 121123
22 171
22 945
22 7958
22 7961
22 21705
22 121124
23 20
23 82
23 83
23 84
23 115
23 195
23 1824
23 1826
23 121125
24 84
24 91
24 93
24 121
24 195
24 703
24 707
24 1858
24 121126
25 717
25 718
25 719
25 721
25 121127
26 10
26 146
26 147
26 149
26 722
27 5
27 20
27 99
27 131
27 132
27 133
27 165
27 166
28 3
28 5
28 20
28 1832
28 1834
28 121128
29 9
29 10
29 11
29 13
29 121129
30 51
30 72
30 195
30 6995
30 121131
30 121132
30 121133
31 71
31 76
31 190
31 191
31 121134
seqId 65
1 10
1 828
1 1336
1 1539
1 121135
2 660
2 2210
2 2211
2 2213
2 121136
3 76
3 342
3 343
3 345
3 121137
4 5
4 20
4 99
4 131
4 132
4 133
4 166
4 121138
5 5
5 20
5 67
5 268
5 1413
5 1416
5 1417
5 121139
6 5
6 84
6 91
6 93
6 121
6 702
6 703
6 705
6 121140
7 5
7 20
7 90
7 122
7 708
7 769
7 20311
7 86092
7 121141
8 5
8 99
8 115
8 773
8 774
8 775
8 776
8 778
8 121142
9 3
9 5
9 20
9 2894
9 2896
9 121143
10 5
10 20
10 202
10 24227
10 24229
10 121144
11 10
11 378
11 379
11 381
11 121145
12 90
12 443
12 3067
12 93503
12 121146
13 4
13 5
13 99
13 131
13 132
13 133
13 152
13 121147
14 3
14 4
14 5
14 6713
14 6715
14 121148
15 9
15 10
15 11
15 13
15 121149
16 3
16 5
16 20
16 2034
16 2036
16 121150
17 5
17 20
17 90
17 122
17 708
17 713
17 3372
17 6990
17 121151
18 10
18 146
18 147
18 149
18 121152
19 20
19 195
19 202
19 1377
19 5238
19 121153
20 99
20 131
20 132
20 133
20 195
20 237
20 121154
21 3
21 20
21 195
21 340
21 11811
21 11813
21 121155
22 82
22 83
22 84
22 115
22 5729
22 5731
22 121156
23 121
23 122
23 702
23 703
23 2506
23 121157
24 5
24 20
24 90
24 122
24 708
24 769
24 7530
24 70798
24 121158
25 5
25 99
25 115
25 773
25 775
25 776
25 2192
25 3593
25 121159
26 3
26 4
26 5
26 10248
26 10250
26 121160
27 243
27 244
27 245
27 247
27 121161
28 20
28 195
28 202
28 76348
28 76350
28 121162
29 9
29 10
29 11
29 13
29 121163
30 90
30 443
30 28320
30 28322
30 121164
31 5
31 20
31 99
31 133
31 175
31 176
31 1316
31 121165
32 3
32 5
32 20
32 5228
32 15262
32 121166
33 10
33 1387
33 1388
33 1390
33 121167
34 5
34 20
34 82
34 84
34 115
34 763
34 765
34 1262
34 121168
35 71
35 76
35 190
35 191
35 121169
seqId 66
1 10
1 828
1 1336
1 38218
1 121170
2 660
2 2305
2 2306
2 2308
2 121171
3 76
3 342
3 343
3 345
3 121172
4 5
4 20
4 99
4 131
4 132
4 133
4 166
4 121173
5 5
5 20
5 67
5 268
5 1413
5 1416
5 1417
5 121174
6 5
6 84
6 90
6 91
6 93
6 121
6 4180
6 34509
6 121175
7 90
7 443
7 18929
7 18931
7 121176
8 4
8 5
8 99
8 133
8 175
8 176
8 178
8 121177
9 3
9 4
9 5
9 5512
9 34639
9 121178
10 4
10 5
10 202
10 29358
10 29360
10 121179
11 10
11 1387
11 1388
11 1390
11 121180
12 99
12 131
12 132
12 133
12 195
12 237
12 121181
13 3
13 20
13 195
13 1806
13 1808
13 1809
13 1810
13 121182
14 82
14 171
14 759
14 944
14 1463
14 121183
15 4
15 5
15 82
15 83
15 84
15 115
15 763
15 1264
15 121184
16 5
16 84
16 91
16 93
16 121
16 702
16 703
16 705
16 121185
17 5
17 20
17 90
17 122
17 708
17 769
17 8415
17 8417
17 121186
18 10
18 146
18 147
18 149
18 121187
19 90
19 443
19 9952
19 9954
19 121188
20 71
20 76
20 190
20 191
20 121189
21 5211
21 5212
21 5213
21 5215
21 121190
seqId 67
1 10
1 146
1 149
1 722
1 1539
2 5
2 20
2 99
2 131
2 132
2 133
2 165
2 166
3 3
3 5
3 20
3 4279
3 4281
3 121191
4 158
4 159
4 160
4 162
4 121192
5 9
5 10
5 11
5 13
5 163
6 5
6 20
6 99
6 131
6 132
6 133
6 165
6 166
7 3
7 5
7 20
7 2553
7 2555
7 121193
8 5
8 20
8 202
8 1449
8 9927
8 121194
9 76
9 342
9 343
9 345
9 121195
10 5
10 20
10 99
10 131
10 132
10 133
10 166
10 121196
11 5
11 20
11 67
11 268
11 1413
11 1416
11 1417
11 121197
12 5
12 84
12 91
12 93
12 121
12 702
12 703
12 705
12 46911
13 5
13 20
13 90
13 122
13 708
13 769
13 1301
13 7764
13 121198
14 76
14 342
14 343
14 345
14 121199
15 717
15 718
15 719
15 721
15 121200
16 10
16 146
16 147
16 149
16 722
17 5
17 20
17 99
17 131
17 132
17 133
17 165
17 166
18 3
18 5
18 20
18 389
18 391
18 121201
19 9
19 10
19 11
19 13
19 121202
20 4
20 5
20 99
20 131
20 132
20 133
20 152
20 121203
21 3
21 4
21 5
21 1913
21 1915
21 121204
22 9
22 10
22 11
22 13
22 121205
23 3
23 4
23 5
23 1931
23 1933
23 121206
24 76
24 342
24 343
24 345
24 121207
25 158
25 159
25 160
25 162
25 121208
26 9
26 10
26 11
26 13
26 163
27 5
27 20
27 99
27 131
27 132
27 133
27 165
27 166
28 3
28 5
28 20
28 12619
28 12621
28 121209
29 9
29 10
29 11
29 13
29 121210
30 3
30 4
30 5
30 9488
30 25310
30 121211
31 67
31 15178
31 91439
31 121213
31 121214
31 121215
31 121216
32 67
32 68693
32 72995
32 121218
32 121219
32 121220
33 71
33 76
33 190
33 191
33 121221
seqId 68
1 3
1 4
1 5
1 9488
1 25310
1 121222
2 67
2 68693
2 72995
2 121218
2 121219
2 121223
3 76
3 342
3 343
3 345
3 121224
4 3
4 5
4 20
4 25331
4 25333
4 121225
5 5
5 20
5 202
5 24418
5 64574
5 121226
6 9
6 10
6 11
6 13
6 3046
7 5
7 99
7 131
7 132
7 133
7 135
7 171
7 121227
8 3
8 4
8 5
8 597
8 599
8 121228
9 76
9 342
9 343
9 345
9 57166
10 5
10 84
10 90
10 91
10 93
10 121
10 43506
10 121230
10 121231
11 4
11 5
11 99
11 131
11 132
11 133
11 152
11 121232
12 3
12 4
12 5
12 2196
12 2649
12 121233
13 9
13 10
13 11
13 13
13 121234
14 3
14 5
14 20
14 1445
14 1447
14 121235
15 5
15 20
15 202
15 1449
15 9927
15 121236
16 243
16 244
16 245
16 247
16 121237
17 5
17 20
17 202
17 2625
17 12919
17 121238
18 158
18 159
18 160
18 162
18 121239
19 9
19 10
19 11
19 13
19 163
20 5
20 20
20 99
20 131
20 132
20 133
20 165
20 166
21 67
21 268
21 1413
21 1414
21 1416
21 1417
21 121240
22 71
22 76
22 190
22 191
22 121241
seqId 69
1 4
1 5
1 82
1 83
1 84
1 115
1 763
1 4750
1 121242
2 5
2 84
2 90
2 91
2 93
2 121
2 5290
2 5292
2 121243
3 5
3 99
3 115
3 773
3 774
3 775
3 776
3 778
3 121244
4 3
4 4
4 5
4 897
4 899
4 121245
5 10
5 1605
5 1606
5 1608
5 3073
6 5
6 20
6 99
6 131
6 132
6 133
6 166
6 121246
7 5
7 20
7 67
7 268
7 1413
7 1416
7 1417
7 121247
8 243
8 244
8 245
8 247
8 121248
9 5
9 20
9 99
9 131
9 132
9 133
9 166
9 121249
10 5
10 20
10 67
10 265
10 268
10 269
10 270
10 121250
11 76
11 342
11 343
11 345
11 121251
12 2
12 3
12 4
12 5
12 181
12 121252
13 9
13 10
13 11
13 13
13 3083
14 3
14 4
14 5
14 15
14 17
14 121253
15 82
15 759
15 2852
15 2854
15 121254
16 99
16 131
16 132
16 133
16 195
16 237
16 121255
17 3
17 20
17 195
17 1341
17 1343
17 121256
18 76
18 342
18 343
18 345
18 121257
19 5
19 20
19 99
19 131
19 132
19 133
19 166
19 121258
20 3
20 5
20 20
20 10370
20 10372
20 121259
21 5
21 20
21 202
21 24903
21 24905
21 121260
22 243
22 244
22 245
22 247
22 121261
23 5
23 99
23 131
23 132
23 133
23 135
23 171
23 121262
24 3
24 5
24 20
24 24887
24 24889
24 121263
25 84
25 91
25 93
25 121
25 195
25 703
25 707
25 1858
25 121264
26 20
26 90
26 122
26 195
26 708
26 713
26 33672
26 33674
26 121265
27 660
27 16882
27 16883
27 16885
27 121266
28 10
28 1387
28 1388
28 1390
28 121267
29 5
29 20
29 99
29 131
29 132
29 133
29 166
29 121268
30 5
30 20
30 67
30 268
30 1413
30 1416
30 1417
30 121269
31 71
31 76
31 190
31 191
31 121270
seqId 70
1 10
1 146
1 1024
1 1026
1 121271
2 3
2 5
2 20
2 31708
2 31710
2 121272
3 230
3 231
3 232
3 234
3 121273
4 9
4 10
4 11
4 13
4 163
5 99
5 131
5 132
5 133
5 195
5 236
5 237
6 3
6 20
6 195
6 1806
6 1808
6 1809
6 1810
6 121274
7 76
7 342
7 343
7 345
7 121275
8 4
8 5
8 99
8 131
8 132
8 133
8 152
8 121276
9 3
9 4
9 5
9 1913
9 1915
9 121277
10 9
10 10
10 11
10 13
10 121278
11 3
11 4
11 5
11 1931
11 1933
11 121279
12 5
12 84
12 90
12 91
12 93
12 121
12 28145
12 37519
12 121280
13 4
13 5
13 99
13 133
13 175
13 176
13 178
13 1539
13 121281
14 3
14 4
14 5
14 3725
14 3727
14 121282
15 9
15 10
15 13
15 1539
15 121283
16 660
16 2347
16 2348
16 2350
16 121284
17 10
17 279
17 11672
17 11673
17 121285
18 5
18 20
18 99
18 131
18 132
18 133
18 166
18 121286
19 3
19 5
19 20
19 83059
19 121288
19 121289
20 9
20 10
20 11
20 13
20 121290
21 4
21 5
21 99
21 131
21 132
21 133
21 152
21 121291
22 3
22 4
22 5
22 2401
22 2403
22 121292
23 71
23 76
23 190
23 191
23 121293
24 5211
24 5212
24 5213
24 5215
24 121294
seqId 71
1 10
1 146
1 147
1 149
1 722
2 5
2 20
2 99
2 131
2 132
2 133
2 165
2 166
3 5
3 51
3 1871
3 1873
3 121295
4 3
4 5
4 20
4 1875
4 1877
4 121296
5 51
5 195
5 4167
5 4169
5 121297
6 76
6 342
6 343
6 345
6 121298
7 51
7 72
7 195
7 11424
7 121300
7 121301
7 121302
8 3
8 20
8 195
8 1806
8 1808
8 1809
8 1810
8 121303
9 84
9 91
9 93
9 121
9 195
9 703
9 707
9 1858
9 121304
10 20
10 90
10 122
10 195
10 340
10 708
10 713
10 28090
10 121306
10 121307
11 717
11 718
11 719
11 721
11 121308
12 10
12 146
12 147
12 149
12 722
13 5
13 20
13 99
13 131
13 132
13 133
13 165
13 166
14 5
14 20
14 67
14 268
14 1413
14 1416
14 1417
14 121309
15 660
15 918
15 921
15 941
15 121310
16 171
16 944
16 945
16 1461
16 1463
16 121311
17 20
17 82
17 83
17 84
17 115
17 195
17 1824
17 1826
17 121312
18 84
18 91
18 93
18 195
18 703
18 707
18 914
18 1829
18 121313
19 717
19 718
19 719
19 721
19 3189
20 10
20 146
20 147
20 149
20 722
21 5
21 20
21 99
21 131
21 132
21 133
21 165
21 166
22 3
22 5
22 20
22 1832
22 1834
22 121314
23 9
23 10
23 11
23 13
23 121315
24 51
24 72
24 195
24 340
24 11424
24 120004
24 121317
24 121318
25 717
25 718
25 719
25 721
25 121319
26 10
26 146
26 147
26 149
26 722
27 5
27 20
27 99
27 131
27 132
27 133
27 165
27 166
28 3
28 5
28 20
28 389
28 391
28 121320
29 9
29 10
29 11
29 13
29 121321
30 4
30 5
30 99
30 131
30 132
30 133
30 152
30 121322
31 3
31 4
31 5
31 1913
31 1915
31 121323
32 4
32 5
32 202
32 2244
32 3490
32 121324
33 71
33 76
33 190
33 191
33 47039
seqId 72
1 5
1 99
1 131
1 132
1 133
1 171
1 699
1 121325
2 3
2 4
2 5
2 897
2 899
2 121326
3 230
3 231
3 232
3 234
3 121327
4 9
4 10
4 11
4 13
4 163
5 99
5 131
5 132
5 133
5 195
5 236
5 237
6 3
6 20
6 195
6 1806
6 1808
6 1809
6 1810
6 121328
7 5
7 84
7 90
7 91
7 93
7 121
7 33688
7 42703
7 121329
8 10
8 109
8 112
8 1539
8 34892
9 660
9 4185
9 4186
9 4188
9 121330
10 4
10 5
10 99
10 133
10 175
10 176
10 178
10 121331
11 3
11 4
11 5
11 5469
11 5471
11 121332
12 4
12 5
12 202
12 19972
12 19974
12 121333
13 230
13 231
13 232
13 234
13 121334
14 9
14 10
14 11
14 13
14 163
15 99
15 131
15 132
15 133
15 195
15 236
15 237
16 4
16 195
16 202
16 1951
16 1953
16 121335
17 3
17 4
17 195
17 897
17 3520
17 121336
18 158
18 159
18 160
18 162
18 47055
19 9
19 10
19 11
19 13
19 163
20 5
20 20
20 99
20 131
20 132
20 133
20 165
20 166
21 5
21 20
21 67
21 268
21 1413
21 1416
21 1417
21 121337
22 76
22 342
22 343
22 345
22 121338
23 660
23 976
23 979
23 1458
23 121339
24 944
24 945
24 946
24 948
24 121340
25 5
25 82
25 83
25 84
25 115
25 135
25 171
25 763
25 121341
26 5
26 84
26 90
26 91
26 93
26 121
26 29261
26 29263
26 121342
27 4
27 5
27 99
27 131
27 132
27 133
27 152
27 121343
28 3
28 4
28 5
28 539
28 18239
28 121344
29 4
29 5
29 202
29 18241
29 18243
29 121345
30 230
30 231
30 232
30 234
30 121346
31 9
31 10
31 11
31 13
31 163
32 99
32 131
32 132
32 133
32 195
32 236
32 237
33 3
33 20
33 195
33 9675
33 9677
33 121347
34 243
34 244
34 245
34 247
34 121348
35 3
35 4
35 195
35 897
35 3520
35 121349
36 71
36 76
36 190
36 191
36 121350
seqId 73
1 76
1 40466
1 40467
1 40469
1 121351
2 5211
2 5212
2 5213
2 5215
2 121352
seqId 74
1 10
1 146
1 147
1 149
1 722
2 5
2 20
2 99
2 131
2 132
2 133
2 165
2 166
3 3
3 5
3 20
3 7837
3 7839
3 121353
4 230
4 231
4 232
4 234
4 121354
5 9
5 10
5 11
5 13
5 163
6 99
6 131
6 132
6 133
6 195
6 236
6 237
7 3
7 20
7 195
7 1718
7 1720
7 121355
8 20
8 195
8 202
8 1527
8 45176
8 121356
9 76
9 342
9 343
9 345
9 121357
10 5
10 20
10 99
10 131
10 132
10 133
10 166
10 121358
11 3
11 5
11 20
11 4038
11 15485
11 121359
12 158
12 159
12 160
12 162
12 121360
13 9
13 10
13 11
13 13
13 163
14 5
14 20
14 99
14 131
14 132
14 133
14 165
14 166
15 5
15 20
15 67
15 268
15 1413
15 1416
15 1417
15 121361
16 5
16 84
16 91
16 93
16 121
16 703
16 707
16 956
16 121362
17 5
17 20
17 202
17 2674
17 2676
17 121363
18 243
18 244
18 245
18 247
18 121364
19 660
19 3823
19 3824
19 3826
19 121365
20 5
20 20
20 202
20 24610
20 24612
20 121366
21 2822
21 2823
21 2824
21 2826
21 121367
22 10
22 146
22 147
22 149
22 722
23 99
23 131
23 132
23 133
23 195
23 236
23 237
24 3
24 4
24 195
24 89195
24 121369
24 121370
25 9
25 10
25 11
25 13
25 121371
26 4
26 5
26 99
26 131
26 132
26 133
26 152
26 47090
27 4
27 5
27 202
27 2244
27 3490
27 121372
28 3
28 4
28 5
28 44
28 621
28 121373
29 71
29 76
29 190
29 191
29 121374
seqId 75
1 10
1 126
1 1922
1 1924
1 121375
2 5
2 20
2 99
2 131
2 132
2 133
2 166
2 121376
3 3
3 5
3 20
3 15008
3 15010
3 121377
4 5
4 20
4 202
4 2625
4 12919
4 121378
5 76
5 342
5 343
5 345
5 121379
6 4
6 5
6 99
6 131
6 132
6 133
6 152
6 121380
7 3
7 4
7 5
7 2631
7 2633
7 121381
8 9
8 10
8 11
8 13
8 121382
9 3
9 5
9 20
9 24881
9 24883
9 121383
10 9
10 10
10 11
10 13
10 57469
11 5
11 99
11 131
11 132
11 133
11 135
11 171
11 121384
12 3
12 4
12 5
12 597
12 599
12 121385
13 67
13 601
13 603
13 1197
13 121386
14 67
14 605
14 607
14 1199
14 121387
15 5
15 84
15 91
15 93
15 121
15 703
15 707
15 956
15 121388
16 660
16 3823
16 3824
16 3826
16 121389
17 4
17 5
17 202
17 2674
17 2676
17 121390
18 76
18 342
18 343
18 345
18 121391
19 660
19 3261
19 3262
19 3264
19 121392
20 9
20 10
20 11
20 13
20 121393
21 51
21 195
21 3074
21 14420
21 121395
21 121396
22 195
22 2717
22 2718
22 57937
22 57939
22 121397
23 71
23 76
23 190
23 191
23 121398
seqId 76
1 4
1 5
1 98
1 99
1 100
1 4105
1 121399
2 3
2 4
2 5
2 2631
2 2633
2 121400
3 5
3 84
3 90
3 91
3 93
3 121
3 77433
3 121402
3 121403
4 660
4 1897
4 1898
4 1900
4 121404
5 4
5 5
5 99
5 133
5 175
5 176
5 178
5 121405
6 3
6 4
6 5
6 66553
6 66555
6 121406
7 9
7 10
7 11
7 13
7 121407
8 51
8 195
8 2151
8 2153
8 121408
9 195
9 2716
9 2717
9 2718
9 2720
9 57508
10 717
10 718
10 719
10 721
10 121409
11 10
11 146
11 147
11 149
11 722
12 5
12 20
12 99
12 131
12 132
12 133
12 165
12 166
13 3
13 5
13 20
13 389
13 391
13 121410
14 9
14 10
14 11
14 13
14 121411
15 5
15 99
15 131
15 132
15 133
15 135
15 171
15 121412
16 3
16 5
16 20
16 11913
16 22480
16 121413
17 51
17 195
17 1879
17 1881
17 121414
18 4
18 5
18 90
18 122
18 708
18 713
18 30182
18 121416
18 121417
19 10
19 828
19 829
19 831
19 93164
20 99
20 131
20 132
20 133
20 195
20 237
20 121418
21 3
21 4
21 195
21 22378
21 36608
21 121419
22 4
22 195
22 202
22 3127
22 25074
22 121420
23 4
23 90
23 122
23 195
23 708
23 713
23 2787
23 35009
23 121422
23 121423
24 10
24 828
24 829
24 831
24 121424
25 99
25 131
25 132
25 133
25 195
25 237
25 121425
26 3
26 4
26 195
26 6950
26 6952
26 121426
27 4
27 195
27 202
27 4424
27 95640
27 121427
28 9
28 10
28 11
28 13
28 121428
29 5
29 99
29 131
29 132
29 133
29 135
29 171
29 121429
30 3
30 4
30 5
30 597
30 599
30 121430
31 67
31 601
31 603
31 1197
31 121431
32 67
32 605
32 607
32 1199
32 121432
33 10
33 146
33 147
33 149
33 121433
34 4
34 195
34 202
34 1377
34 1379
34 121434
35 99
35 131
35 132
35 133
35 195
35 237
35 121435
36 2
36 3
36 4
36 195
36 4286
36 121436
37 9
37 10
37 11
37 13
37 121437
38 3
38 4
38 5
38 15
38 17
38 121438
39 71
39 76
39 190
39 191
39 121439
seqId 77
1 10
1 828
1 1336
1 1539
1 121440
2 660
2 2210
2 2211
2 2213
2 121441
3 243
3 244
3 245
3 247
3 121442
4 10
4 378
4 379
4 381
4 93189
5 90
5 443
5 11744
5 15894
5 121443
6 99
6 115
6 195
6 773
6 774
6 775
6 776
6 3400
6 57596
7 3
7 20
7 195
7 1650
7 4819
7 121444
8 76
8 342
8 343
8 345
8 121445
9 5
9 20
9 99
9 131
9 132
9 133
9 166
9 121446
10 5
10 20
10 67
10 268
10 1413
10 1416
10 1417
10 121447
11 82
11 84
11 114
11 115
11 116
11 118
11 171
11 121448
12 5
12 84
12 91
12 93
12 121
12 703
12 707
12 956
12 121449
13 5
13 20
13 90
13 122
13 708
13 769
13 18530
13 121451
13 121452
13 121453
14 2822
14 2823
14 2824
14 2826
14 121454
15 10
15 146
15 147
15 149
15 722
16 99
16 131
16 132
16 133
16 195
16 236
16 237
17 3
17 4
17 195
17 47478
17 60305
17 121455
18 9
18 10
18 11
18 13
18 121456
19 5
19 99
19 131
19 132
19 133
19 135
19 171
19 121457
20 3
20 4
20 5
20 44
20 621
20 121458
21 4
21 5
21 202
21 2244
21 3490
21 121459
22 10
22 109
22 110
22 112
22 121460
23 90
23 121
23 122
23 792
23 2784
23 12536
23 121462
24 243
24 244
24 245
24 247
24 121463
25 90
25 121
25 122
25 5568
25 93938
25 121465
25 121466
26 99
26 133
26 175
26 176
26 195
26 234
26 121467
27 3
27 4
27 195
27 2738
27 2740
27 121468
28 4
28 195
28 202
28 2625
28 57873
28 121469
29 4
29 195
29 202
29 6251
29 6253
29 121470
30 71
30 76
30 190
30 191
30 121471
seqId 78
1 10
1 126
1 1922
1 1924
1 121472
2 5
2 99
2 131
2 132
2 133
2 135
2 171
2 121473
3 3
3 5
3 20
3 3394
3 3396
3 121474
4 9
4 10
4 11
4 13
4 35078
5 4
5 5
5 99
5 131
5 132
5 133
5 152
5 121475
6 3
6 4
6 5
6 1913
6 1915
6 121476
7 76
7 342
7 343
7 345
7 121477
8 98
8 99
8 100
8 195
8 2073
8 121478
9 3
9 4
9 195
9 2738
9 2740
9 121479
10 4
10 90
10 122
10 195
10 708
10 713
10 2315
10 2787
10 27745
10 121481
11 82
11 84
11 114
11 115
11 116
11 118
11 171
11 121482
12 84
12 90
12 91
12 93
12 121
12 195
12 121484
12 121485
12 121486
13 10
13 146
13 147
13 149
13 35094
14 660
14 2522
14 17010
14 17013
14 121487
15 9
15 10
15 11
15 13
15 121488
16 51
16 195
16 2381
16 3074
16 121490
16 121491
17 195
17 2717
17 2718
17 57937
17 57939
17 121492
18 71
18 76
18 190
18 191
18 121493
19 5211
19 5212
19 5213
19 5215
19 121494
seqId 79
1 10
1 146
1 149
1 722
1 1539
2 5
2 20
2 99
2 131
2 132
2 133
2 165
2 166
3 3
3 5
3 20
3 4279
3 4281
3 121495
4 230
4 231
4 232
4 234
4 121496
5 9
5 10
5 11
5 13
5 163
6 99
6 131
6 132
6 133
6 195
6 236
6 237
7 20
7 195
7 202
7 2294
7 3837
7 121497
8 3
8 20
8 195
8 1718
8 1720
8 121498
9 20
9 195
9 202
9 1527
9 45176
9 121499
10 76
10 342
10 343
10 345
10 121500
11 5
11 20
11 99
11 131
11 132
11 133
11 166
11 121501
12 5
12 20
12 67
12 268
12 1413
12 1416
12 1417
12 121502
13 5
13 84
13 90
13 91
13 93
13 121
13 5290
13 5292
13 121503
14 945
14 1010
14 1011
14 1013
14 121504
15 717
15 718
15 719
15 721
15 93253
16 10
16 146
16 147
16 149
16 722
17 5
17 20
17 99
17 131
17 132
17 133
17 165
17 166
18 3
18 5
18 20
18 389
18 391
18 121505
19 9
19 10
19 11
19 13
19 121506
20 4
20 5
20 99
20 131
20 132
20 133
20 152
20 121507
21 3
21 4
21 5
21 1913
21 1915
21 121508
22 4
22 5
22 202
22 2244
22 3490
22 121509
23 76
23 342
23 343
23 345
23 121510
24 99
24 131
24 132
24 133
24 195
24 237
24 121511
25 20
25 195
25 202
25 2310
25 11264
25 121512
26 3
26 20
26 195
26 1341
26 1343
26 121513
27 76
27 342
27 343
27 345
27 121514
28 5
28 20
28 99
28 131
28 132
28 133
28 166
28 121515
29 5
29 20
29 202
29 2310
29 2313
29 121516
30 3
30 5
30 20
30 10370
30 10372
30 121517
31 5
31 20
31 202
31 24903
31 24905
31 121518
32 243
32 244
32 245
32 247
32 121519
33 99
33 131
33 132
33 133
33 195
33 237
33 121520
34 20
34 195
34 202
34 2294
34 3837
34 121521
35 3
35 20
35 195
35 24887
35 26865
35 121522
36 10
36 1387
36 1388
36 1390
36 121523
37 5
37 20
37 99
37 131
37 132
37 133
37 166
37 121524
38 5
38 20
38 67
38 265
38 268
38 269
38 270
38 121525
39 71
39 76
39 190
39 191
39 121526
seqId 80
1 5
1 99
1 131
1 132
1 133
1 171
1 699
1 121527
2 3
2 4
2 5
2 24754
2 24756
2 121528
3 9
3 10
3 11
3 13
3 121529
4 98
4 99
4 100
4 195
4 2073
4 121530
5 3
5 20
5 195
5 1718
5 1720
5 121531
6 5
6 84
6 90
6 91
6 93
6 121
6 3906
6 14583
6 121532
7 10
7 828
7 829
7 831
7 121533
8 4
8 5
8 99
8 133
8 175
8 176
8 178
8 121534
9 3
9 4
9 5
9 14650
9 14652
9 121535
10 10
10 109
10 110
10 112
10 121536
11 4
11 5
11 202
11 22623
11 22625
11 121537
12 3
12 4
12 5
12 121539
12 121540
12 121541
13 10
13 1387
13 1388
13 1390
13 121542
14 99
14 131
14 132
14 133
14 195
14 237
14 121543
15 3
15 20
15 195
15 340
15 5390
15 15026
15 15028
15 121545
16 158
16 159
16 160
16 162
16 121546
17 9
17 10
17 11
17 13
17 163
18 5
18 20
18 99
18 131
18 132
18 133
18 165
18 166
19 5
19 20
19 67
19 265
19 268
19 269
19 270
19 121547
20 71
20 76
20 190
20 191
20 121548
seqId 81
1 76
1 40466
1 40467
1 40469
1 121549
seqId 82
1 10
1 378
1 3871
1 3873
1 121550
2 4
2 5
2 99
2 131
2 132
2 133
2 152
2 121551
3 3
3 4
3 5
3 1913
3 1915
3 93304
4 10
4 146
4 147
4 149
4 121552
5 90
5 442
5 443
5 445
5 121553
6 76
6 342
6 343
6 345
6 121554
7 5
7 20
7 99
7 131
7 132
7 133
7 166
7 121555
8 5
8 20
8 67
8 268
8 1413
8 1416
8 1417
8 121556
9 5
9 84
9 90
9 91
9 93
9 121
9 16502
9 24576
9 121557
10 4
10 5
10 99
10 133
10 175
10 176
10 178
10 35185
11 4
11 5
11 202
11 8157
11 47568
11 121558
12 3
12 4
12 5
12 2702
12 2704
12 121559
13 9
13 10
13 11
13 13
13 121560
14 5
14 99
14 115
14 773
14 774
14 775
14 776
14 778
14 121561
15 3
15 5
15 20
15 1548
15 1550
15 121562
16 71
16 76
16 190
16 191
16 121563
seqId 83
1 945
1 2473
1 4518
1 4520
1 121564
2 5
2 20
2 99
2 131
2 132
2 133
2 166
2 121565
3 3
3 5
3 20
3 1832
3 1834
3 121566
4 230
4 231
4 232
4 234
4 121567
5 9
5 10
5 11
5 13
5 163
6 99
6 131
6 132
6 133
6 195
6 236
6 237
7 3
7 20
7 72
7 195
7 340
7 1227
7 1229
7 1230
7 1231
7 121568
8 5
8 84
8 90
8 91
8 93
8 121
8 2081
8 2426
8 121569
9 443
9 703
9 707
9 2086
9 121570
10 5
10 20
10 90
10 122
10 708
10 713
10 10094
10 98462
10 121571
11 945
11 1010
11 1011
11 1013
11 121572
12 5
12 20
12 90
12 122
12 708
12 713
12 68466
12 104225
12 121573
13 76
13 342
13 343
13 345
13 121574
14 10
14 109
14 110
14 112
14 121575
15 3
15 4
15 5
15 2732
15 2734
15 121576
16 76
16 342
16 343
16 345
16 47316
17 5
17 99
17 131
17 132
17 133
17 135
17 171
17 121577
18 3
18 5
18 20
18 1548
18 1550
18 121578
19 230
19 231
19 232
19 234
19 121579
20 9
20 10
20 11
20 13
20 163
21 99
21 131
21 132
21 133
21 195
21 236
21 237
22 3
22 20
22 195
22 2034
22 3403
22 121580
23 20
23 90
23 122
23 195
23 708
23 713
23 3372
23 5735
23 121581
24 5
24 84
24 90
24 93
24 121
24 2081
24 4621
24 10555
24 121582
25 90
25 443
25 98039
25 121584
25 121585
26 479
26 660
26 19974
26 121587
26 121588
26 121589
27 71
27 76
27 190
27 191
27 121590
seqId 84
1 10
1 109
1 878
1 1539
1 121591
2 3
2 5
2 20
2 2429
2 2431
2 121592
3 76
3 342
3 343
3 345
3 121593
4 5
4 99
4 131
4 132
4 133
4 135
4 171
4 121594
5 3
5 4
5 5
5 27389
5 27391
5 121595
6 158
6 159
6 160
6 162
6 121596
7 9
7 10
7 11
7 13
7 163
8 5
8 20
8 99
8 131
8 132
8 133
8 165
8 166
9 5
9 20
9 67
9 268
9 1413
9 1416
9 1417
9 121597
10 5
10 84
10 90
10 91
10 93
10 121
10 3744
10 11637
10 121598
11 5
11 99
11 131
11 132
11 133
11 135
11 171
11 121599
12 3
12 4
12 5
12 3749
12 3751
12 121600
13 9
13 10
13 11
13 13
13 121601
14 4
14 85
14 99
14 195
14 1951
14 1953
14 121602
15 3
15 4
15 195
15 3419
15 3421
15 121603
16 4
16 90
16 122
16 195
16 708
16 713
16 121605
16 121606
16 121607
17 10
17 828
17 829
17 831
17 121608
18 99
18 131
18 132
18 133
18 195
18 237
18 121609
19 3
19 4
19 195
19 897
19 3520
19 121610
20 9
20 10
20 11
20 13
20 121611
21 3
21 4
21 5
21 15
21 17
21 121612
22 243
22 244
22 245
22 247
22 121613
23 9
23 10
23 26
23 169
23 171
23 121614
24 3
24 5
24 20
24 13108
24 29558
24 121615
25 10
25 283
25 284
25 286
25 121616
26 4
26 5
26 99
26 133
26 175
26 176
26 178
26 121617
27 4
27 5
27 202
27 29679
27 29681
27 121618
28 3
28 4
28 5
28 4107
28 4109
28 121619
29 4
29 5
29 202
29 1403
29 7713
29 121620
30 243
30 244
30 245
30 247
30 121621
31 4
31 5
31 90
31 122
31 708
31 713
31 1410
31 22567
31 121622
32 71
32 76
32 190
32 191
32 121623
seqId 85
1 10
1 109
1 878
1 1539
1 121624
2 660
2 4185
2 4186
2 4188
2 121625
3 76
3 342
3 343
3 345
3 121626
4 5
4 20
4 202
4 22623
4 34456
4 121627
5 3
5 5
5 20
5 1832
5 1834
5 121628
6 9
6 10
6 11
6 13
6 121629
7 3
7 20
7 195
7 1806
7 1808
7 1809
7 1810
7 121630
8 84
8 90
8 91
8 93
8 121
8 195
8 755
8 2784
8 121632
8 121633
9 4
9 5
9 99
9 133
9 175
9 176
9 178
9 121634
10 3
10 4
10 5
10 2532
10 2534
10 121635
11 10
11 146
11 147
11 149
11 121636
12 5
12 99
12 131
12 132
12 133
12 135
12 171
12 35282
13 3
13 4
13 5
13 597
13 599
13 121637
14 9
14 10
14 11
14 13
14 121638
15 67
15 605
15 607
15 1199
15 121639
16 10
16 1387
16 1388
16 1390
16 121640
17 3
17 4
17 5
17 80442
17 121642
17 121643
18 717
18 718
18 719
18 721
18 47385
19 10
19 146
19 147
19 149
19 722
20 5
20 20
20 99
20 131
20 132
20 133
20 165
20 166
21 5
21 20
21 67
21 268
21 1413
21 1416
21 1417
21 121644
22 10
22 126
22 127
22 129
22 121645
23 99
23 133
23 175
23 176
23 195
23 234
23 121646
24 3
24 4
24 15
24 195
24 4121
24 121647
25 4
25 90
25 122
25 195
25 708
25 713
25 4258
25 77104
25 121648
26 10
26 283
26 284
26 286
26 121649
27 5
27 20
27 99
27 131
27 132
27 133
27 166
27 121650
28 3
28 5
28 20
28 222
28 371
28 121651
29 5
29 20
29 202
29 1403
29 14323
29 121652
30 244
30 418
30 419
30 421
30 121653
31 5
31 20
31 99
31 131
31 132
31 133
31 166
31 121654
32 3
32 5
32 20
32 222
32 371
32 121655
33 5
33 20
33 90
33 122
33 708
33 713
33 22567
33 22569
33 121656
34 71
34 76
34 190
34 191
34 121657
35 5211
35 5212
35 5213
35 5215
35 121658
seqId 86
1 10
1 146
1 147
1 149
1 722
2 5
2 20
2 99
2 131
2 132
2 133
2 165
2 166
3 3
3 5
3 20
3 121660
3 121661
3 121662
4 76
4 342
4 343
4 345
4 121663
5 4
5 85
5 99
5 195
5 1951
5 1953
5 121664
6 3
6 4
6 195
6 340
6 121666
6 121667
6 121668
7 84
7 90
7 91
7 93
7 121
7 195
7 755
7 43032
7 43034
7 121670
8 9
8 10
8 11
8 13
8 121671
9 3
9 20
9 195
9 11274
9 11276
9 121672
10 20
10 195
10 202
10 1806
10 1808
10 1809
10 1810
10 121673
11 20
11 195
11 202
11 76348
11 76350
11 121674
12 9
12 10
12 11
12 13
12 121675
13 90
13 443
13 3686
13 3688
13 121676
14 5
14 99
14 115
14 773
14 775
14 776
14 2192
14 3593
14 121677
15 3
15 4
15 5
15 15
15 17
15 121678
16 10
16 283
16 284
16 286
16 121679
17 4
17 5
17 99
17 133
17 175
17 176
17 178
17 121680
18 3
18 4
18 5
18 13351
18 13353
18 121681
19 10
19 1605
19 1606
19 1608
19 121682
20 5
20 20
20 99
20 131
20 132
20 133
20 166
20 121683
21 3
21 5
21 20
21 222
21 371
21 121684
22 67
22 121686
22 121687
22 121688
22 121689
22 121690
23 243
23 244
23 245
23 247
23 121691
24 5
24 20
24 99
24 131
24 132
24 133
24 166
24 121692
25 3
25 5
25 20
25 222
25 371
25 121693
26 5
26 20
26 202
26 13322
26 13324
26 121694
27 244
27 418
27 419
27 421
27 121695
28 5
28 20
28 99
28 131
28 132
28 133
28 166
28 121696
29 3
29 5
29 20
29 222
29 371
29 121697
30 9
30 10
30 11
30 13
30 121698
31 5
31 99
31 131
31 132
31 133
31 135
31 171
31 121699
32 3
32 4
32 5
32 18373
32 18375
32 121700
33 4
33 5
33 202
33 1403
33 7713
33 121701
34 71
34 76
34 190
34 191
34 121702
seqId 87
1 660
1 3319
1 39691
1 39693
1 121703
2 9
2 10
2 11
2 13
2 121704
3 90
3 443
3 3563
3 31168
3 121705
4 5
4 99
4 115
4 773
4 774
4 775
4 776
4 778
4 121706
5 3
5 5
5 20
5 429
5 431
5 121707
6 5
6 20
6 202
6 4836
6 62225
6 121708
7 76
7 342
7 343
7 345
7 121709
8 5
8 20
8 99
8 131
8 132
8 133
8 166
8 121710
9 5
9 20
9 67
9 268
9 1413
9 1416
9 1417
9 121711
10 5
10 84
10 90
10 91
10 92
10 93
10 3360
10 89718
10 121712
11 90
11 443
11 21513
11 21515
11 121713
12 99
12 115
12 195
12 773
12 774
12 775
12 776
12 3400
12 121714
13 3
13 20
13 195
13 1718
13 1720
13 121715
14 71
14 76
14 190
14 191
14 121716
seqId 88
1 10
1 4185
1 21629
1 21631
1 121717
2 4
2 5
2 99
2 131
2 132
2 133
2 152
2 121718
3 3
3 4
3 5
3 34587
3 34589
3 121719
4 9
4 10
4 11
4 13
4 47453
5 4
5 5
5 99
5 131
5 132
5 133
5 152
5 121720
6 3
6 4
6 5
6 15
6 17
6 3897
7 9
7 10
7 11
7 13
7 93485
8 3
8 20
8 195
8 2778
8 8080
8 93486
9 243
9 244
9 245
9 247
9 47457
10 9
10 10
10 11
10 13
10 121721
11 3
11 20
11 195
11 4862
11 4864
11 121722
12 20
12 195
12 202
12 6251
12 8958
12 121723
13 76
13 342
13 343
13 345
13 121724
14 5
14 20
14 99
14 131
14 132
14 133
14 166
14 121725
15 5
15 20
15 67
15 268
15 1413
15 1416
15 1417
15 121726
16 5
16 84
16 90
16 91
16 92
16 93
16 3360
16 89718
16 121727
17 90
17 443
17 7370
17 14258
17 121728
18 5
18 20
18 99
18 131
18 132
18 133
18 166
18 121729
19 3
19 5
19 20
19 12619
19 12621
19 121730
20 76
20 342
20 343
20 345
20 121731
21 10
21 109
21 110
21 112
21 121732
22 3
22 4
22 5
22 14650
22 14652
22 121733
23 10
23 1387
23 1388
23 1390
23 121734
24 5
24 20
24 99
24 131
24 132
24 133
24 166
24 121735
25 5
25 20
25 67
25 265
25 268
25 269
25 270
25 121736
26 243
26 244
26 245
26 247
26 121737
27 4
27 5
27 99
27 131
27 132
27 133
27 152
27 121738
28 4
28 5
28 67
28 6076
28 6078
28 6079
28 121739
29 76
29 342
29 343
29 345
29 121740
30 9
30 10
30 26
30 169
30 171
30 121741
31 5
31 20
31 99
31 133
31 175
31 176
31 1316
31 121742
32 3
32 5
32 20
32 2553
32 2555
32 121743
33 5
33 20
33 90
33 122
33 708
33 713
33 121745
33 121746
33 121747
34 9
34 10
34 11
34 13
34 47487
35 3
35 4
35 195
35 3846
35 3848
35 121748
36 4
36 195
36 202
36 3954
36 35317
36 121749
37 10
37 109
37 110
37 112
37 121750
38 3
38 4
38 5
38 69912
38 69914
38 121751
39 9
39 10
39 11
39 13
39 121752
40 3
40 5
40 20
40 429
40 431
40 121753
41 71
41 76
41 190
41 191
41 121754
seqId 89
1 3
1 2548
1 9789
1 121756
1 121757
2 10
2 146
2 147
2 149
2 121758
3 5
3 20
3 98
3 99
3 100
3 102
3 121759
4 3
4 5
4 20
4 43329
4 43331
4 121760
5 76
5 342
5 343
5 345
5 3966
6 5
6 99
6 131
6 132
6 133
6 135
6 171
6 121761
7 2
7 3
7 4
7 5
7 181
7 121762
8 5
8 84
8 91
8 92
8 93
8 703
8 707
8 16563
8 121763
9 10
9 109
9 112
9 21976
9 121764
10 3
10 4
10 5
10 5280
10 5282
10 121765
11 9
11 10
11 11
11 13
11 121766
12 90
12 443
12 5450
12 8909
12 121767
13 660
13 69090
13 69091
13 69093
13 121768
14 2822
14 2823
14 2824
14 2826
14 121769
15 10
15 146
15 147
15 149
15 722
16 99
16 131
16 132
16 133
16 195
16 236
16 237
17 3
17 20
17 195
17 5458
17 5460
17 121770
18 9
18 10
18 26
18 169
18 171
18 121771
19 3
19 4
19 5
19 10713
19 10715
19 121772
20 90
20 121
20 122
20 43032
20 121774
20 121775
21 9
21 10
21 11
21 13
21 121776
22 4
22 5
22 99
22 131
22 132
22 133
22 152
22 121777
23 4
23 5
23 67
23 5583
23 5585
23 5586
23 121778
24 67
24 601
24 603
24 1197
24 121779
25 67
25 340
25 23042
25 34203
25 34205
25 121780
26 243
26 244
26 245
26 247
26 121781
27 9
27 10
27 26
27 169
27 171
27 121782
28 3
28 20
28 195
28 528
28 530
28 121783
29 20
29 195
29 202
29 6251
29 8958
29 121784
30 10
30 146
30 147
30 149
30 121785
31 5
31 99
31 131
31 132
31 133
31 135
31 171
31 121786
32 3
32 4
32 5
32 597
32 599
32 121787
33 67
33 601
33 603
33 1197
33 121788
34 67
34 605
34 607
34 1199
34 121789
35 243
35 244
35 245
35 247
35 121790
36 4
36 5
36 99
36 115
36 773
36 774
36 775
36 776
36 3330
36 121791
37 4
37 5
37 67
37 5583
37 5585
37 5586
37 121792
38 71
38 76
38 190
38 191
38 121793
seqId 90
1 3
1 4
1 5
1 3199
1 3201
1 121794
2 5
2 202
2 302
2 304
2 121795
seqId 91
1 76
1 40466
1 40467
1 40469
1 121796
seqId 92
1 660
1 121798
1 121799
1 121800
1 121801
2 10
2 146
2 147
2 149
2 121802
3 5
3 99
3 115
3 773
3 774
3 775
3 776
3 778
3 121803
4 3
4 5
4 20
4 429
4 431
4 121804
5 5
5 20
5 202
5 302
5 304
5 121805
6 5
6 20
6 90
6 122
6 708
6 713
6 10796
6 36031
6 121806
7 10
7 109
7 110
7 112
7 93578
8 51
8 195
8 1851
8 1853
8 121807
9 76
9 342
9 343
9 345
9 121808
10 5
10 20
10 99
10 131
10 132
10 133
10 166
10 121809
11 5
11 20
11 67
11 268
11 1413
11 1416
11 1417
11 121810
12 5
12 84
12 91
12 93
12 121
12 702
12 703
12 705
12 121811
13 5
13 20
13 90
13 122
13 708
13 769
13 4845
13 4847
13 121812
14 717
14 718
14 719
14 721
14 121813
15 10
15 146
15 147
15 149
15 722
16 5
16 20
16 99
16 131
16 132
16 133
16 165
16 166
17 3
17 5
17 20
17 389
17 391
17 121814
18 9
18 10
18 11
18 13
18 121815
19 4
19 5
19 99
19 131
19 132
19 133
19 152
19 121816
20 3
20 4
20 5
20 1913
20 1915
20 121817
21 9
21 10
21 11
21 13
21 121818
22 3
22 4
22 5
22 1931
22 1933
22 121819
23 4
23 5
23 99
23 133
23 175
23 176
23 178
23 121820
24 3
24 4
24 5
24 3199
24 5132
24 121821
25 4
25 5
25 90
25 122
25 708
25 713
25 1676
25 1678
25 121822
26 660
26 3261
26 3262
26 3264
26 121823
27 230
27 231
27 232
27 234
27 121824
28 9
28 10
28 11
28 13
28 163
29 99
29 131
29 132
29 133
29 195
29 236
29 237
30 51
30 195
30 1368
30 1370
30 121825
31 3
31 20
31 195
31 2320
31 16794
31 93601
32 20
32 195
32 202
32 27270
32 32369
32 121826
33 75
33 76
33 77
33 79
33 121827
seqId 93
1 660
1 110751
1 119541
1 119543
1 121828
2 76
2 342
2 343
2 345
2 121829
3 90
3 443
3 82402
3 93334
3 121830
4 99
4 131
4 132
4 133
4 195
4 237
4 121831
5 3
5 4
5 195
5 5083
5 5085
5 121832
6 9
6 10
6 11
6 13
6 121833
7 4
7 5
7 99
7 131
7 132
7 133
7 152
7 121834
8 3
8 4
8 5
8 4094
8 12255
8 121835
9 76
9 1267
9 1268
9 1270
9 121836
seqId 94
1 479
1 660
1 42970
1 110810
1 110811
1 121837
2 76
2 342
2 343
2 345
2 58134
3 90
3 443
3 4338
3 11506
3 121838
4 10
4 146
4 147
4 149
4 121839
5 5
5 99
5 131
5 132
5 133
5 135
5 171
5 121840
6 3
6 4
6 5
6 25576
6 25578
6 121841
7 9
7 10
7 11
7 13
7 121842
8 3
8 4
8 195
8 4094
8 4096
8 121843
9 90
9 121
9 122
9 6786
9 35595
9 40346
10 4
10 5
10 99
10 131
10 132
10 133
10 152
10 121844
11 3
11 4
11 5
11 4298
11 4300
11 121845
12 10
12 146
12 147
12 149
12 58160
13 99
13 133
13 175
13 176
13 195
13 234
13 47651
14 3
14 4
14 195
14 2930
14 85868
14 121846
15 4
15 90
15 122
15 195
15 708
15 713
15 2787
15 3257
15 3259
15 121848
16 76
16 1267
16 1268
16 1270
16 121849
seqId 95
1 479
1 660
1 43117
1 121851
1 121852
1 121853
2 76
2 342
2 343
2 345
2 121854
3 90
3 443
3 7530
3 12166
3 121855
4 99
4 133
4 175
4 176
4 195
4 234
4 121856
5 3
5 4
5 195
5 5331
5 7585
5 121857
6 10
6 146
6 147
6 149
6 121858
7 99
7 133
7 175
7 176
7 195
7 234
7 121859
8 3
8 20
8 195
8 3937
8 3939
8 121860
9 20
9 195
9 202
9 322
9 357
9 121861
10 76
10 342
10 343
10 345
10 121862
11 20
11 195
11 202
11 254
11 3637
11 121863
12 244
12 418
12 419
12 421
12 4138
13 20
13 195
13 202
13 8705
13 8707
13 121864
14 71
14 76
14 190
14 191
14 121865
seqId 96
1 10
1 146
1 1024
1 1026
1 121866
2 98
2 99
2 100
2 195
2 2073
2 121867
3 3
3 4
3 195
3 4447
3 20318
3 121868
4 76
4 342
4 343
4 345
4 47680
5 5
5 99
5 131
5 132
5 133
5 135
5 171
5 121869
6 3
6 4
6 5
6 897
6 899
6 121870
7 9
7 10
7 11
7 13
7 121871
8 5
8 99
8 131
8 132
8 133
8 135
8 171
8 121872
9 2
9 3
9 4
9 5
9 181
9 121873
10 82
10 84
10 114
10 115
10 116
10 118
10 171
10 121874
11 5
11 84
11 91
11 93
11 121
11 703
11 707
11 956
11 121875
12 4
12 5
12 90
12 122
12 708
12 769
12 11097
12 121877
12 121878
13 10
13 126
13 127
13 129
13 121879
14 4
14 5
14 99
14 133
14 175
14 176
14 178
14 93681
15 3
15 4
15 5
15 41391
15 41393
15 121880
16 4
16 5
16 202
16 8917
16 8919
16 121881
17 230
17 231
17 232
17 234
17 121882
18 9
18 10
18 11
18 13
18 163
19 99
19 131
19 132
19 133
19 195
19 236
19 237
20 3
20 4
20 195
20 337
20 3929
20 121883
21 4
21 195
21 202
21 82780
21 121885
21 121886
22 76
22 342
22 343
22 345
22 121887
23 660
23 1796
23 1797
23 1799
23 121888
24 10
24 283
24 284
24 286
24 121889
25 5
25 99
25 115
25 773
25 775
25 776
25 2192
25 3593
25 121890
26 3
26 4
26 5
26 118987
26 118989
26 121891
27 76
27 342
27 343
27 345
27 121892
28 5
28 99
28 115
28 773
28 775
28 776
28 2192
28 3593
28 121893
29 3
29 5
29 20
29 479
29 53077
29 95167
29 121894
30 944
30 945
30 946
30 948
30 121895
31 99
31 131
31 132
31 133
31 195
31 237
31 121896
32 3
32 4
32 195
32 340
32 44727
32 44729
32 121897
33 9
33 10
33 11
33 13
33 121898
34 5
34 99
34 115
34 773
34 775
34 776
34 2192
34 3593
34 93703
35 3
35 4
35 5
35 15102
35 15104
35 15105
35 15106
35 121899
36 71
36 76
36 190
36 191
36 121900
seqId 97
1 10
1 126
1 1922
1 1924
1 4210
2 98
2 99
2 100
2 195
2 2073
2 35671
3 3
3 4
3 195
3 14762
3 24957
3 121901
4 76
4 342
4 343
4 345
4 121902
5 5
5 20
5 99
5 131
5 132
5 133
5 166
5 121903
6 5
6 20
6 67
6 268
6 1413
6 1416
6 1417
6 121904
7 5
7 84
7 91
7 93
7 121
7 702
7 703
7 705
7 121905
8 5
8 20
8 90
8 122
8 708
8 769
8 2081
8 2083
8 121906
9 90
9 443
9 5094
9 34555
9 121907
10 243
10 244
10 245
10 247
10 121908
11 90
11 443
11 3563
11 31168
11 121909
12 51
12 195
12 1501
12 1503
12 47726
13 3
13 20
13 195
13 1650
13 4819
13 121910
14 20
14 195
14 202
14 340
14 66839
14 66841
14 121911
15 10
15 146
15 147
15 149
15 121912
16 5
16 99
16 115
16 773
16 774
16 775
16 776
16 778
16 121913
17 5
17 20
17 202
17 29679
17 29681
17 121914
18 3
18 5
18 20
18 41849
18 41851
18 121915
19 5
19 20
19 202
19 1403
19 14323
19 121916
20 243
20 244
20 245
20 247
20 121917
21 5
21 20
21 90
21 122
21 708
21 713
21 22567
21 22569
21 121918
22 75
22 76
22 77
22 79
22 121919
23 90
23 443
23 22310
23 22312
23 121920
24 4
24 5
24 99
24 131
24 132
24 133
24 152
24 121921
25 3
25 4
25 5
25 3691
25 3693
25 121922
26 10
26 126
26 127
26 129
26 121923
27 99
27 131
27 132
27 133
27 195
27 237
27 121924
28 3
28 20
28 195
28 3696
28 29521
28 121925
29 20
29 195
29 202
29 1399
29 1401
29 121926
30 10
30 378
30 379
30 381
30 121927
31 90
31 443
31 14715
31 14717
31 121928
32 99
32 133
32 175
32 176
32 195
32 234
32 121929
33 3
33 20
33 195
33 101416
33 101418
33 121930
34 243
34 244
34 245
34 247
34 121931
35 99
35 133
35 175
35 176
35 195
35 234
35 121932
36 3
36 20
36 195
36 31126
36 38752
36 121933
37 9
37 10
37 11
37 13
37 121934
38 3
38 4
38 5
38 34518
38 34520
38 121935
39 9
39 10
39 11
39 13
39 121936
40 4
40 5
40 99
40 131
40 132
40 133
40 152
40 121937
41 3
41 4
41 5
41 34306
41 34308
41 121938
42 9
42 10
42 11
42 13
42 121939
43 5
43 99
43 131
43 132
43 133
43 135
43 171
43 121940
44 3
44 4
44 5
44 18373
44 18375
44 121941
45 4
45 5
45 202
45 1403
45 7713
45 121942
46 9
46 10
46 26
46 169
46 171
46 121943
47 5
47 20
47 99
47 133
47 175
47 176
47 1316
47 121944
48 3
48 5
48 20
48 24951
48 38843
48 121945
49 243
49 244
49 245
49 247
49 121946
50 76
50 342
50 343
50 345
50 121947
51 9
51 10
51 11
51 13
51 121948
52 5
52 99
52 131
52 132
52 133
52 135
52 171
52 121949
53 5
53 20
53 202
53 2294
53 2296
53 121950
54 3
54 5
54 20
54 24951
54 38843
54 121951
55 76
55 342
55 343
55 345
55 121952
56 90
56 443
56 82402
56 93334
56 121953
57 99
57 131
57 132
57 133
57 195
57 237
57 121954
58 3
58 4
58 195
58 5083
58 5085
58 121955
59 9
59 10
59 11
59 13
59 121956
60 4
60 5
60 99
60 131
60 132
60 133
60 152
60 121957
61 3
61 4
61 5
61 4094
61 12255
61 121958
62 10
62 828
62 829
62 831
62 121959
63 5
63 99
63 131
63 132
63 133
63 135
63 171
63 121960
64 3
64 4
64 5
64 1395
64 5941
64 121961
65 230
65 231
65 232
65 234
65 121962
66 9
66 10
66 11
66 13
66 163
67 99
67 131
67 132
67 133
67 195
67 236
67 237
68 3
68 20
68 195
68 22743
68 22745
68 121963
69 243
69 244
69 245
69 247
69 121964
70 3
70 20
70 195
70 20293
70 20295
70 121965
71 20
71 195
71 202
71 2742
71 2744
71 121966
72 2822
72 2823
72 2824
72 2826
72 121967
73 10
73 146
73 147
73 149
73 722
74 99
74 131
74 132
74 133
74 195
74 236
74 237
75 3
75 20
75 195
75 13358
75 13360
75 121968
76 20
76 195
76 202
76 1399
76 1401
76 121969
77 20
77 195
77 202
77 13830
77 13832
77 121970
78 71
78 76
78 190
78 191
78 121971
seqId 98
1 4
1 5
1 99
1 131
1 132
1 133
1 811
1 121972
2 3
2 4
2 5
2 43780
2 43782
2 121973
3 230
3 231
3 232
3 234
3 121974
4 9
4 10
4 11
4 13
4 163
5 99
5 131
5 132
5 133
5 195
5 236
5 237
6 3
6 4
6 195
6 25373
6 115094
6 121975
7 230
7 231
7 232
7 234
7 121976
8 9
8 10
8 11
8 13
8 163
9 99
9 131
9 132
9 133
9 195
9 236
9 237
10 3
10 20
10 195
10 2034
10 3403
10 121977
11 158
11 159
11 160
11 162
11 121978
12 9
12 10
12 11
12 13
12 163
13 5
13 20
13 99
13 131
13 132
13 133
13 165
13 166
14 5
14 20
14 67
14 268
14 1413
14 1416
14 1417
14 121979
15 76
15 342
15 343
15 345
15 121980
16 5
16 20
16 90
16 122
16 708
16 713
16 10330
16 24413
16 121981
17 9
17 10
17 11
17 13
17 121982
18 3
18 20
18 195
18 2221
18 3410
18 121983
19 158
19 159
19 160
19 162
19 121984
20 9
20 10
20 11
20 13
20 163
21 5
21 20
21 99
21 131
21 132
21 133
21 165
21 166
22 3
22 5
22 20
22 222
22 224
22 121985
23 9
23 10
23 11
23 13
23 121986
24 5
24 99
24 131
24 132
24 133
24 135
24 171
24 121987
25 3
25 4
25 5
25 18373
25 18375
25 121988
26 4
26 5
26 202
26 1403
26 7713
26 121989
27 244
27 418
27 419
27 421
27 121990
28 158
28 159
28 160
28 162
28 121991
29 9
29 10
29 11
29 13
29 163
30 5
30 20
30 99
30 131
30 132
30 133
30 165
30 166
31 3
31 5
31 20
31 222
31 224
31 121992
32 158
32 159
32 160
32 162
32 121993
33 9
33 10
33 11
33 13
33 163
34 5
34 20
34 99
34 131
34 132
34 133
34 165
34 166
35 3
35 5
35 20
35 11030
35 11032
35 121994
36 9
36 10
36 11
36 13
36 121995
37 5
37 99
37 131
37 132
37 133
37 135
37 171
37 121996
38 5
38 67
38 5959
38 5962
38 121997
39 76
39 342
39 343
39 345
39 121998
40 9
40 10
40 11
40 13
40 121999
41 3
41 20
41 195
41 222
41 4204
41 122000
42 20
42 195
42 202
42 13830
42 13832
42 122001
43 244
43 418
43 419
43 421
43 122002
44 9
44 10
44 11
44 13
44 122003
45 3
45 4
45 195
45 13569
45 13571
45 122004
46 90
46 121
46 122
46 1236
46 3852
46 4401
47 158
47 159
47 160
47 162
47 122005
48 9
48 10
48 11
48 13
48 163
49 5
49 20
49 99
49 131
49 132
49 133
49 165
49 166
50 3
50 5
50 20
50 222
50 224
50 122006
51 5
51 20
51 202
51 646
51 25589
51 122007
52 76
52 342
52 343
52 345
52 122008
53 5
53 84
53 91
53 93
53 121
53 702
53 703
53 705
53 122009
54 660
54 7237
54 10032
54 10034
54 122010
55 660
55 69090
55 69091
55 69093
55 122011
56 5
56 20
56 90
56 122
56 708
56 769
56 31018
56 122013
56 122014
57 4
57 5
57 99
57 133
57 175
57 176
57 178
57 122015
58 3
58 4
58 5
58 4851
58 4853
58 122016
59 10
59 109
59 112
59 1539
59 122017
60 3
60 5
60 20
60 5335
60 8517
60 122018
61 230
61 231
61 232
61 234
61 122019
62 9
62 10
62 11
62 13
62 163
63 99
63 131
63 132
63 133
63 195
63 236
63 237
64 3
64 4
64 195
64 4094
64 4096
64 122020
65 4
65 195
65 202
65 3954
65 35317
65 122021
66 10
66 146
66 147
66 149
66 93832
67 4
67 5
67 99
67 131
67 132
67 133
67 152
67 122022
68 3
68 4
68 5
68 25624
68 25626
68 122023
69 230
69 231
69 232
69 234
69 122024
70 9
70 10
70 11
70 13
70 163
71 99
71 131
71 132
71 133
71 195
71 236
71 237
72 3
72 4
72 195
72 19879
72 26830
72 122025
73 4
73 195
73 202
73 7169
73 7171
73 122026
74 244
74 418
74 419
74 421
74 122027
75 9
75 10
75 26
75 169
75 171
75 122028
76 3
76 4
76 5
76 14523
76 14525
76 122029
77 9
77 10
77 26
77 169
77 171
77 122030
78 3
78 5
78 20
78 3696
78 3698
78 122031
79 5
79 20
79 202
79 1399
79 3538
79 122032
80 71
80 76
80 190
80 191
80 122033
seqId 99
1 99
1 131
1 132
1 133
1 195
1 1220
1 122034
2 3
2 4
2 195
2 897
2 3520
2 122035
3 10
3 109
3 110
3 112
3 122036
4 90
4 121
4 122
4 35983
4 45037
4 122037
5 84
5 91
5 93
5 121
5 195
5 702
5 703
5 1062
5 122038
6 5
6 20
6 122
6 703
6 707
6 708
6 710
6 122039
7 4
7 195
7 202
7 340
7 122041
7 122042
7 122043
8 717
8 718
8 719
8 721
8 122044
9 10
9 146
9 147
9 149
9 722
10 5
10 20
10 99
10 131
10 132
10 133
10 165
10 166
11 3
11 5
11 20
11 5018
11 5020
11 122045
12 9
12 10
12 11
12 13
12 122046
13 4
13 5
13 99
13 131
13 132
13 133
13 152
13 122047
14 3
14 4
14 5
14 15
14 17
14 122048
15 76
15 342
15 343
15 345
15 35851
16 2822
16 2823
16 2824
16 2826
16 122049
17 10
17 146
17 147
17 149
17 722
18 99
18 131
18 132
18 133
18 195
18 236
18 237
19 3
19 20
19 195
19 7149
19 7151
19 122050
20 76
20 342
20 343
20 345
20 122051
21 2822
21 2823
21 2824
21 2826
21 122052
22 10
22 146
22 147
22 149
22 722
23 99
23 131
23 132
23 133
23 195
23 236
23 237
24 3
24 20
24 195
24 3632
24 3634
24 122053
25 20
25 195
25 202
25 2964
25 2966
25 122054
26 76
26 342
26 343
26 345
26 122055
27 20
27 195
27 202
27 254
27 3637
27 122056
28 76
28 342
28 343
28 345
28 122057
29 20
29 195
29 202
29 322
29 357
29 122058
30 243
30 244
30 245
30 247
30 122059
31 20
31 195
31 202
31 8705
31 8707
31 122060
32 76
32 342
32 343
32 345
32 122061
33 717
33 718
33 719
33 721
33 122062
34 10
34 146
34 147
34 149
34 722
35 5
35 20
35 99
35 131
35 132
35 133
35 165
35 166
36 5
36 20
36 202
36 7021
36 19588
36 122063
37 3
37 5
37 20
37 5627
37 5629
37 122064
38 243
38 244
38 245
38 247
38 122065
39 10
39 146
39 147
39 149
39 122066
40 5
40 99
40 131
40 132
40 133
40 135
40 171
40 122067
41 2
41 3
41 4
41 5
41 181
41 122068
42 4
42 5
42 72
42 82
42 84
42 115
42 116
42 1261
42 1262
42 1264
42 1265
42 122069
43 71
43 76
43 190
43 191
43 122070
seqId 100
1 76
1 40466
1 40467
1 40469
1 122071
seqId 101
1 10
1 146
1 1024
1 1026
1 122072
2 5
2 99
2 131
2 132
2 133
2 135
2 171
2 122073
3 3
3 4
3 5
3 12440
3 12442
3 47928
4 9
4 10
4 11
4 13
4 47929
5 4
5 5
5 99
5 131
5 132
5 133
5 152
5 122074
6 3
6 4
6 5
6 1913
6 1915
6 122075
7 4
7 5
7 202
7 2244
7 3490
7 122076
8 76
8 342
8 343
8 345
8 122077
9 5
9 20
9 82
9 83
9 84
9 115
9 763
9 1002
9 122078
10 5
10 84
10 91
10 93
10 703
10 707
10 914
10 916
10 122079
11 5
11 20
11 90
11 122
11 708
11 713
11 70126
11 70128
11 122080
12 717
12 718
12 719
12 721
12 122081
13 10
13 146
13 147
13 149
13 722
14 5
14 20
14 99
14 131
14 132
14 133
14 165
14 166
15 5
15 20
15 67
15 268
15 1413
15 1416
15 1417
15 122082
16 9
16 10
16 11
16 13
16 35892
17 90
17 443
17 28710
17 29094
17 122083
18 10
18 146
18 147
18 149
18 122084
19 90
19 443
19 31811
19 69049
19 122085
20 99
20 133
20 175
20 176
20 195
20 234
20 4533
21 3
21 20
21 195
21 2960
21 2962
21 122086
22 20
22 195
22 202
22 6251
22 8958
22 122087
23 10
23 378
23 379
23 381
23 122088
24 90
24 443
24 1437
24 10356
24 122089
25 99
25 133
25 175
25 176
25 195
25 234
25 122090
26 3
26 4
26 195
26 2738
26 2740
26 122091
27 4
27 195
27 202
27 60847
27 65170
27 122092
28 10
28 146
28 147
28 149
28 122093
29 4
29 5
29 99
29 131
29 132
29 133
29 152
29 122094
30 3
30 4
30 5
30 19680
30 122096
30 122097
31 243
31 244
31 245
31 247
31 122098
32 660
32 1566
32 1567
32 1569
32 122099
33 90
33 443
33 28320
33 28322
33 122100
34 5
34 20
34 99
34 133
34 175
34 176
34 1316
34 93914
35 3
35 5
35 20
35 5228
35 15262
35 122101
36 660
36 1622
36 1623
36 1625
36 122102
37 5
37 20
37 202
37 5232
37 5234
37 122103
38 944
38 945
38 946
38 948
38 122104
39 5
39 20
39 202
39 10504
39 10506
39 122105
40 10
40 1387
40 1388
40 1390
40 122106
41 5
41 99
41 131
41 132
41 133
41 135
41 171
41 122107
42 3
42 5
42 20
42 20716
42 20718
42 122108
43 5
43 20
43 72
43 202
43 6754
43 6756
43 6757
43 122109
44 243
44 244
44 245
44 247
44 93926
45 5
45 20
45 202
45 8705
45 49241
45 122110
46 76
46 342
46 343
46 345
46 122111
47 5
47 20
47 202
47 3001
47 3343
47 122112
48 243
48 244
48 245
48 247
48 122113
49 5
49 20
49 202
49 2923
49 2925
49 122114
50 76
50 342
50 343
50 345
50 122115
51 20
51 195
51 202
51 3954
51 35317
51 122116
52 10
52 146
52 147
52 149
52 122117
53 4
53 5
53 99
53 131
53 132
53 133
53 152
53 122118
54 3
54 4
54 5
54 34587
54 34589
54 122119
55 9
55 10
55 26
55 169
55 171
55 122120
56 4
56 5
56 99
56 133
56 175
56 176
56 178
56 122121
57 3
57 4
57 5
57 15
57 17
57 122122
58 4
58 5
58 202
58 16756
58 16758
58 122123
59 71
59 76
59 190
59 191
59 122124
seqId 102
1 5
1 20
1 99
1 131
1 132
1 133
1 967
1 93950
2 5
2 20
2 67
2 268
2 1413
2 1416
2 1417
2 122125
3 82
3 84
3 114
3 115
3 116
3 118
3 171
3 122126
4 5
4 84
4 91
4 93
4 121
4 703
4 707
4 956
4 122127
5 660
5 60833
5 60834
5 60836
5 122128
6 5
6 20
6 90
6 122
6 708
6 769
6 3433
6 80311
6 122129
7 10
7 378
7 379
7 381
7 122130
8 90
8 443
8 5450
8 8909
8 122131
9 660
9 122133
9 122134
9 122135
9 122136
10 10
10 146
10 147
10 149
10 58600
11 4
11 5
11 98
11 99
11 100
11 1927
11 122137
12 3
12 4
12 5
12 47478
12 47480
12 122138
13 71
13 76
13 190
13 191
13 122139
seqId 103
1 10
1 109
1 876
1 878
1 122140
2 5
2 20
2 202
2 784
2 4033
2 122141
3 3
3 5
3 20
3 1905
3 1907
3 122142
4 76
4 342
4 343
4 345
4 122143
5 5
5 20
5 99
5 131
5 132
5 133
5 166
5 122144
6 3
6 5
6 20
6 5018
6 5020
6 122145
7 5
7 20
7 72
7 202
7 6754
7 6756
7 6757
7 122146
8 5
8 84
8 91
8 93
8 121
8 702
8 703
8 705
8 122147
9 5
9 20
9 122
9 703
9 707
9 708
9 710
9 122148
10 5
10 20
10 90
10 122
10 708
10 713
10 2784
10 2786
10 122149
11 10
11 1387
11 1388
11 1390
11 122150
12 3
12 5
12 20
12 2790
12 2792
12 122151
13 10
13 378
13 379
13 381
13 122152
14 90
14 443
14 4845
14 28921
14 122153
15 10
15 146
15 147
15 149
15 122154
16 660
16 3768
16 3769
16 3771
16 122155
17 5
17 20
17 99
17 133
17 175
17 176
17 1316
17 122156
18 3
18 5
18 20
18 429
18 431
18 122157
19 9
19 10
19 11
19 13
19 122158
20 3
20 4
20 5
20 15
20 17
20 122159
21 4
21 5
21 90
21 122
21 708
21 713
21 23918
21 23920
21 122160
22 71
22 76
22 190
22 191
22 122161
seqId 104
1 5
1 20
1 99
1 133
1 175
1 176
1 4675
1 9647
2 3
2 5
2 20
2 384
2 386
2 58630
3 9
3 10
3 26
3 169
3 171
3 122162
4 5
4 20
4 99
4 133
4 175
4 176
4 1316
4 122163
5 3
5 5
5 20
5 93454
5 93456
5 122164
6 9
6 10
6 11
6 13
6 122165
7 51
7 195
7 10792
7 58147
7 122167
7 122168
8 195
8 2717
8 2718
8 57937
8 57939
8 122169
9 5
9 20
9 90
9 122
9 708
9 713
9 7314
9 8640
9 122170
10 10
10 109
10 110
10 112
10 122171
11 51
11 195
11 4162
11 4164
11 122172
12 10
12 1387
12 1388
12 1390
12 122173
13 4
13 5
13 99
13 131
13 132
13 133
13 152
13 35992
14 3
14 4
14 5
14 122175
14 122176
14 122177
15 4
15 5
15 202
15 3244
15 3246
15 122178
16 158
16 159
16 160
16 162
16 122179
17 9
17 10
17 11
17 13
17 163
18 5
18 20
18 99
18 131
18 132
18 133
18 165
18 166
19 3
19 5
19 20
19 1320
19 26965
19 122180
20 76
20 413
20 414
20 416
20 122181
21 67
21 122183
21 122184
21 122185
21 122186
22 76
22 433
22 434
22 436
22 122187
23 5
23 84
23 91
23 93
23 121
23 702
23 703
23 705
23 122188
24 5
24 20
24 90
24 122
24 708
24 769
24 2333
24 7738
24 122189
25 76
25 342
25 343
25 345
25 94007
26 10
26 279
26 11672
26 11673
26 122190
27 4
27 5
27 99
27 131
27 132
27 133
27 152
27 122191
28 3
28 4
28 5
28 813
28 815
28 122192
29 9
29 10
29 26
29 169
29 171
29 122193
30 67
30 122195
30 122196
30 122197
30 122198
31 42
31 67
31 84561
31 122200
31 122201
31 122202
31 122203
32 76
32 342
32 343
32 345
32 122204
33 9
33 10
33 11
33 13
33 4717
34 90
34 443
34 1345
34 9933
34 122205
35 10
35 126
35 127
35 129
35 36012
36 3
36 5
36 20
36 122207
36 122208
36 122209
37 51
37 195
37 1501
37 1503
37 122210
38 3
38 20
38 195
38 340
38 2887
38 2889
38 122211
39 20
39 195
39 202
39 2923
39 14156
39 122212
40 82
40 759
40 2852
40 2854
40 122213
41 99
41 131
41 132
41 133
41 195
41 237
41 122214
42 3
42 20
42 195
42 9159
42 9161
42 122215
43 84
43 90
43 91
43 93
43 195
43 914
43 3360
43 21809
43 122216
44 90
44 443
44 31018
44 31020
44 122217
45 660
45 7237
45 10032
45 10034
45 122218
46 660
46 10581
46 10582
46 10584
46 122219
47 10
47 146
47 147
47 149
47 122220
48 5
48 99
48 131
48 132
48 133
48 135
48 171
48 122221
49 3
49 4
49 5
49 9634
49 9636
49 122222
50 9
50 10
50 26
50 169
50 171
50 122223
51 5
51 20
51 99
51 133
51 175
51 176
51 1316
51 94035
52 3
52 5
52 20
52 9469
52 10946
52 122224
53 5
53 20
53 90
53 122
53 708
53 713
53 9303
53 20830
53 48093
54 10
54 828
54 829
54 831
54 122225
55 99
55 131
55 132
55 133
55 195
55 237
55 122226
56 3
56 4
56 195
56 18168
56 18170
56 122227
57 42
57 67
57 9503
57 9504
57 9506
57 9507
57 122228
58 10
58 109
58 110
58 112
58 122229
59 51
59 195
59 4167
59 4169
59 122230
60 10
60 126
60 127
60 129
60 122231
61 67
61 48317
61 48318
61 48320
61 48321
61 122232
62 4
62 5
62 99
62 131
62 132
62 133
62 811
62 122233
63 3
63 4
63 5
63 3737
63 95163
63 122235
64 9
64 10
64 26
64 169
64 171
64 122236
65 5
65 20
65 99
65 133
65 175
65 176
65 1316
65 122237
66 5
66 20
66 202
66 795
66 797
66 122238
67 3
67 5
67 20
67 5479
67 15848
67 122239
68 158
68 159
68 160
68 162
68 122240
69 9
69 10
69 11
69 13
69 163
70 5
70 20
70 99
70 131
70 132
70 133
70 165
70 166
71 3
71 5
71 20
71 1322
71 48321
71 48328
71 122242
71 122243
72 71
72 76
72 190
72 191
72 122244
seqId 105
1 5
1 20
1 98
1 99
1 100
1 4215
1 94053
2 3
2 5
2 20
2 9469
2 10946
2 94054
3 5
3 84
3 90
3 91
3 93
3 121
3 35983
3 35985
3 122245
4 99
4 133
4 175
4 176
4 195
4 234
4 122246
5 3
5 20
5 195
5 1320
5 3384
5 122247
6 158
6 159
6 160
6 162
6 122248
7 9
7 10
7 11
7 13
7 163
8 5
8 20
8 99
8 131
8 132
8 133
8 165
8 166
9 3
9 5
9 20
9 13609
9 13611
9 122249
10 9
10 10
10 11
10 13
10 122250
11 3
11 4
11 5
11 15
11 17
11 122251
12 10
12 378
12 379
12 381
12 122252
13 5
13 20
13 99
13 133
13 175
13 176
13 1316
13 122253
14 5
14 20
14 202
14 2294
14 2296
14 122254
15 3
15 5
15 20
15 5479
15 15848
15 122255
16 158
16 159
16 160
16 162
16 122256
17 9
17 10
17 11
17 13
17 163
18 5
18 20
18 99
18 131
18 132
18 133
18 165
18 166
19 3
19 5
19 20
19 1320
19 1322
19 122257
20 76
20 413
20 414
20 416
20 122258
21 67
21 72
21 9577
21 90867
21 99042
21 122260
21 122261
21 122262
22 76
22 433
22 434
22 436
22 122263
23 90
23 121
23 122
23 8855
23 8857
23 122264
24 51
24 195
24 11422
24 11424
24 122265
25 3
25 20
25 72
25 195
25 340
25 1227
25 1229
25 1230
25 1231
25 122266
26 20
26 195
26 202
26 7185
26 18153
26 122267
27 9
27 10
27 11
27 13
27 122268
28 51
28 195
28 122270
28 122271
28 122272
29 3
29 4
29 195
29 597
29 31151
29 122273
30 4
30 195
30 202
30 2075
30 2771
30 122274
31 76
31 342
31 343
31 345
31 122275
32 82
32 759
32 2852
32 2854
32 122276
33 51
33 195
33 1368
33 1370
33 122277
34 3
34 20
34 195
34 2034
34 3403
34 122278
35 158
35 159
35 160
35 162
35 122279
36 9
36 10
36 11
36 13
36 163
37 5
37 20
37 99
37 131
37 132
37 133
37 165
37 166
38 5
38 20
38 67
38 268
38 1413
38 1416
38 1417
38 122280
39 71
39 76
39 190
39 191
39 122281
seqId 106
1 10
1 109
1 876
1 878
1 122282
2 5
2 20
2 202
2 15064
2 15067
2 122283
3 3
3 5
3 20
3 1905
3 1907
3 122284
4 76
4 342
4 343
4 345
4 122285
5 5
5 20
5 82
5 84
5 98
5 100
5 171
5 2487
5 122286
6 5
6 84
6 91
6 93
6 121
6 703
6 707
6 956
6 122287
7 5
7 20
7 99
7 131
7 132
7 133
7 166
7 122288
8 3
8 5
8 20
8 3140
8 3143
8 7132
8 122289
9 82
9 758
9 759
9 761
9 122290
10 5
10 84
10 91
10 93
10 121
10 702
10 703
10 705
10 122291
11 5
11 20
11 90
11 122
11 708
11 769
11 2784
11 2786
11 122292
12 5
12 20
12 99
12 131
12 132
12 133
12 166
12 122293
13 5
13 20
13 67
13 268
13 1413
13 1416
13 1417
13 122294
14 10
14 828
14 829
14 831
14 122295
15 5
15 20
15 99
15 131
15 132
15 133
15 166
15 4882
16 3
16 5
16 20
16 6618
16 6620
16 122296
17 9
17 10
17 11
17 13
17 122297
18 5
18 99
18 131
18 132
18 133
18 135
18 171
18 122298
19 3
19 4
19 5
19 17178
19 45718
19 122299
20 4
20 5
20 202
20 1403
20 7713
20 122300
21 230
21 231
21 232
21 234
21 122301
22 9
22 10
22 11
22 13
22 163
23 99
23 131
23 132
23 133
23 195
23 236
23 237
24 3
24 20
24 195
24 340
24 27018
24 122303
24 122304
25 20
25 195
25 202
25 97960
25 122306
25 122307
25 122308
26 76
26 413
26 414
26 416
26 122309
27 67
27 1026
27 122311
27 122312
27 122313
27 122314
28 76
28 433
28 434
28 436
28 122315
29 10
29 378
29 379
29 381
29 122316
30 90
30 443
30 8415
30 28349
30 122317
31 10
31 146
31 147
31 149
31 122318
32 5
32 99
32 131
32 132
32 133
32 135
32 171
32 122319
33 3
33 5
33 20
33 71359
33 71361
33 122320
34 158
34 159
34 160
34 162
34 122321
35 9
35 10
35 11
35 13
35 163
36 5
36 20
36 99
36 131
36 132
36 133
36 165
36 166
37 3
37 5
37 20
37 1320
37 1322
37 122322
38 9
38 10
38 11
38 13
38 122323
39 3
39 4
39 5
39 6070
39 6072
39 122324
40 9
40 10
40 26
40 169
40 171
40 122325
41 5
41 20
41 99
41 133
41 175
41 176
41 1316
41 122326
42 3
42 5
42 20
42 27018
42 27020
42 122327
43 5
43 20
43 202
43 8757
43 122306
43 122308
43 122329
44 10
44 146
44 147
44 149
44 122330
45 5
45 99
45 131
45 132
45 133
45 135
45 171
45 122331
46 3
46 4
46 5
46 14965
46 14967
46 122332
47 9
47 10
47 11
47 13
47 122333
48 5
48 99
48 131
48 132
48 133
48 135
48 171
48 122334
49 3
49 4
49 5
49 18373
49 18375
49 122335
50 4
50 5
50 202
50 1403
50 7713
50 122336
51 71
51 76
51 190
51 191
51 122337
seqId 107
1 4
1 5
1 90
1 122
1 708
1 713
1 1104
1 4222
1 75036
1 122339
1 122340
2 10
2 828
2 829
2 831
2 122341
3 5
3 20
3 99
3 133
3 175
3 176
3 1316
3 122342
4 3
4 5
4 20
4 384
4 386
4 122343
5 9
5 10
5 26
5 169
5 171
5 122344
6 5
6 20
6 99
6 133
6 175
6 176
6 1316
6 122345
7 3
7 5
7 20
7 93454
7 93456
7 122346
8 9
8 10
8 11
8 13
8 122347
9 51
9 195
9 1707
9 122349
9 122350
9 122351
10 195
10 2717
10 2718
10 57937
10 57939
10 122352
11 5
11 20
11 90
11 122
11 708
11 713
11 7314
11 8640
11 122353
12 10
12 109
12 110
12 112
12 122354
13 51
13 195
13 5922
13 5924
13 122355
14 76
14 342
14 343
14 345
14 122356
15 4
15 5
15 98
15 99
15 100
15 1927
15 122357
16 3
16 4
16 5
16 5256
16 5258
16 122358
17 4
17 5
17 90
17 122
17 708
17 713
17 4845
17 25202
17 122359
18 10
18 828
18 829
18 831
18 122360
19 67
19 14058
19 14060
19 93629
19 122361
20 67
20 28004
20 48273
20 122363
20 122364
20 122365
21 67
21 122367
21 122368
21 122369
21 122370
21 122371
22 5
22 84
22 91
22 93
22 121
22 702
22 703
22 705
22 122372
23 5
23 20
23 90
23 122
23 708
23 769
23 12400
23 12402
23 122373
24 5
24 20
24 99
24 133
24 175
24 176
24 1316
24 122374
25 3
25 5
25 20
25 2723
25 2725
25 122375
26 5
26 20
26 90
26 122
26 708
26 713
26 9303
26 20830
26 122376
27 10
27 126
27 127
27 129
27 122377
28 5
28 20
28 99
28 131
28 132
28 133
28 166
28 122378
29 3
29 5
29 20
29 9758
29 9760
29 122379
30 3
30 5
30 20
30 27573
30 27575
30 122380
31 9
31 10
31 11
31 13
31 48259
32 5
32 99
32 131
32 132
32 133
32 135
32 171
32 122381
33 5
33 67
33 1026
33 122311
33 122314
33 122382
34 71
34 76
34 190
34 191
34 122383
seqId 108
1 10
1 109
1 876
1 878
1 122384
2 5
2 20
2 202
2 15304
2 15306
2 122385
3 3
3 5
3 20
3 1905
3 1907
3 122386
4 76
4 342
4 343
4 345
4 122387
5 5
5 20
5 99
5 131
5 132
5 133
5 166
5 122388
6 5
6 20
6 67
6 268
6 1413
6 1416
6 1417
6 122389
7 5
7 84
7 91
7 93
7 121
7 702
7 703
7 705
7 122390
8 5
8 20
8 90
8 122
8 708
8 769
8 2081
8 2083
8 122391
9 660
9 6656
9 6657
9 6659
9 122392
10 90
10 443
10 54496
10 91132
10 122393
11 10
11 1387
11 1388
11 1390
11 122394
12 51
12 195
12 1501
12 1503
12 58862
13 3
13 4
13 195
13 2608
13 33258
13 122395
14 4
14 195
14 202
14 340
14 5516
14 5518
14 122396
15 4
15 195
15 202
15 16298
15 122398
15 122399
16 230
16 231
16 232
16 234
16 122400
17 9
17 10
17 11
17 13
17 163
18 99
18 131
18 132
18 133
18 195
18 236
18 237
19 3
19 4
19 195
19 897
19 3520
19 122401
20 4
20 195
20 202
20 2625
20 57873
20 122402
21 243
21 244
21 245
21 247
21 122403
22 4
22 195
22 202
22 18537
22 122405
22 122406
23 76
23 342
23 343
23 345
23 122407
24 660
24 71225
24 71226
24 71228
24 122408
25 5
25 99
25 131
25 132
25 133
25 135
25 171
25 122409
26 3
26 4
26 5
26 17178
26 45718
26 122410
27 4
27 5
27 202
27 13322
27 31197
27 122411
28 230
28 231
28 232
28 234
28 122412
29 9
29 10
29 11
29 13
29 163
30 99
30 131
30 132
30 133
30 195
30 236
30 237
31 3
31 20
31 195
31 5516
31 122414
31 122415
32 158
32 159
32 160
32 162
32 122416
33 9
33 10
33 11
33 13
33 163
34 5
34 20
34 99
34 131
34 132
34 133
34 165
34 166
35 3
35 5
35 20
35 7837
35 81843
35 122417
36 76
36 413
36 414
36 416
36 122418
37 67
37 37704
37 67622
37 122420
37 122421
37 122422
38 76
38 433
38 434
38 436
38 122423
39 243
39 244
39 245
39 247
39 122424
40 4
40 5
40 99
40 131
40 132
40 133
40 152
40 122425
41 3
41 4
41 5
41 6082
41 6084
41 122426
42 4
42 5
42 202
42 18537
42 18539
42 122427
43 4
43 5
43 202
43 13322
43 31197
43 122428
44 76
44 413
44 414
44 416
44 122429
45 67
45 15159
45 122431
45 122432
45 122433
45 122434
46 76
46 433
46 434
46 436
46 122435
47 71
47 76
47 190
47 191
47 122436
seqId 109
1 4
1 5
1 98
1 99
1 100
1 4105
1 122437
2 3
2 4
2 5
2 5256
2 5258
2 122438
3 82
3 84
3 114
3 115
3 116
3 118
3 171
3 122439
4 5
4 84
4 91
4 93
4 121
4 703
4 707
4 956
4 122440
5 4
5 5
5 90
5 122
5 708
5 769
5 7870
5 37617
5 122442
6 10
6 283
6 284
6 286
6 122443
7 5
7 20
7 99
7 133
7 175
7 176
7 1316
7 122444
8 3
8 5
8 20
8 4862
8 9651
8 122445
9 5
9 20
9 90
9 122
9 708
9 713
9 7314
9 8640
9 122446
10 10
10 109
10 110
10 112
10 122447
11 51
11 195
11 5922
11 5924
11 122448
12 10
12 1605
12 1606
12 1608
12 122449
13 98
13 99
13 100
13 195
13 2073
13 122450
14 51
14 195
14 1501
14 1503
14 122451
15 3
15 4
15 195
15 2608
15 33258
15 122452
16 4
16 195
16 202
16 340
16 5516
16 5518
16 122453
17 243
17 244
17 245
17 247
17 122454
18 5
18 99
18 131
18 132
18 133
18 135
18 171
18 122455
19 2
19 3
19 4
19 5
19 181
19 122456
20 10
20 378
20 379
20 381
20 122457
21 90
21 443
21 2832
21 10563
21 122458
22 5
22 20
22 99
22 133
22 175
22 176
22 1316
22 122459
23 3
23 5
23 20
23 9188
23 9190
23 122460
24 9
24 10
24 11
24 13
24 122461
25 51
25 195
25 2526
25 2528
25 122462
26 3
26 4
26 195
26 1970
26 1972
26 122463
27 10
27 126
27 127
27 129
27 122464
28 99
28 131
28 132
28 133
28 195
28 1220
28 122465
29 3
29 4
29 195
29 2868
29 3551
29 122466
30 9
30 10
30 11
30 13
30 122467
31 4
31 5
31 99
31 131
31 132
31 133
31 152
31 122468
32 3
32 4
32 5
32 29831
32 29833
32 122469
33 4
33 5
33 202
33 2625
33 25785
33 122470
34 4
34 5
34 202
34 1403
34 7713
34 122471
35 10
35 2518
35 2519
35 2521
35 122472
36 4
36 5
36 99
36 131
36 132
36 133
36 152
36 122473
37 3
37 4
37 5
37 35988
37 36102
37 122474
38 76
38 342
38 343
38 345
38 94270
39 82
39 759
39 2852
39 2854
39 122475
40 99
40 131
40 132
40 133
40 195
40 237
40 122476
41 3
41 20
41 195
41 9159
41 9161
41 122477
42 84
42 91
42 93
42 121
42 195
42 702
42 703
42 1062
42 122478
43 5
43 20
43 122
43 703
43 707
43 708
43 710
43 122479
44 660
44 122481
44 122482
44 122483
44 122484
45 20
45 90
45 122
45 195
45 708
45 713
45 9303
45 9305
45 122485
46 10
46 109
46 110
46 112
46 122486
47 51
47 195
47 5922
47 5924
47 122487
48 243
48 244
48 245
48 247
48 58972
49 10
49 109
49 110
49 112
49 36334
50 51
50 195
50 5342
50 5344
50 122488
51 717
51 718
51 719
51 721
51 122489
52 10
52 146
52 147
52 149
52 722
53 5
53 20
53 99
53 131
53 132
53 133
53 165
53 166
54 5
54 20
54 67
54 18613
54 122490
54 122491
55 67
55 9575
55 9576
55 18468
55 18469
55 122492
56 3
56 4
56 5
56 18554
56 18556
56 122493
57 71
57 76
57 190
57 191
57 122494
seqId 110
1 98
1 99
1 100
1 195
1 8870
1 122495
2 3
2 4
2 195
2 1970
2 1972
2 122496
3 82
3 84
3 114
3 115
3 116
3 1361
3 122497
4 84
4 91
4 93
4 121
4 195
4 703
4 707
4 1858
4 122498
5 4
5 90
5 122
5 195
5 708
5 769
5 7785
5 122500
5 122501
6 660
6 71225
6 71226
6 71228
6 122502
7 10
7 146
7 147
7 149
7 122503
8 5
8 99
8 131
8 132
8 133
8 135
8 171
8 122504
9 3
9 4
9 5
9 597
9 599
9 122505
10 67
10 601
10 603
10 1197
10 122506
11 67
11 605
11 607
11 1199
11 122507
12 76
12 413
12 414
12 416
12 122508
13 51
13 195
13 1501
13 1503
13 122509
14 3
14 4
14 195
14 1970
14 1972
14 122510
15 76
15 433
15 434
15 436
15 122511
16 243
16 244
16 245
16 247
16 122512
17 717
17 718
17 719
17 721
17 122513
18 10
18 146
18 147
18 149
18 722
19 5
19 20
19 99
19 131
19 132
19 133
19 165
19 166
20 3
20 5
20 20
20 53537
20 122515
20 122516
21 5
21 20
21 202
21 21447
21 108927
21 122517
22 9
22 10
22 11
22 13
22 122518
23 4
23 5
23 99
23 131
23 132
23 133
23 152
23 122519
24 3
24 4
24 5
24 6082
24 6084
24 122520
25 4
25 5
25 202
25 18537
25 18539
25 122521
26 4
26 5
26 202
26 13322
26 31197
26 122522
27 76
27 413
27 414
27 416
27 122523
28 51
28 195
28 10375
28 10377
28 122524
29 3
29 4
29 195
29 1970
29 1972
29 122525
30 76
30 433
30 434
30 436
30 122526
31 71
31 76
31 190
31 191
31 122527
seqId 111
1 5
1 20
1 98
1 99
1 100
1 8099
1 122528
2 3
2 5
2 20
2 9188
2 9190
2 122529
3 5
3 84
3 91
3 93
3 121
3 702
3 703
3 705
3 122530
4 5
4 20
4 90
4 122
4 708
4 768
4 769
4 771
4 122531
5 3
5 5
5 20
5 1905
5 1907
5 122532
6 10
6 146
6 147
6 149
6 48510
7 13
7 99
7 133
7 175
7 176
7 195
7 122533
8 20
8 195
8 202
8 15492
8 122535
8 122536
9 3
9 20
9 195
9 10660
9 10662
9 122537
10 10
10 1605
10 1606
10 1608
10 122538
11 99
11 131
11 132
11 133
11 195
11 237
11 122539
12 3
12 20
12 72
12 195
12 340
12 1227
12 1229
12 1230
12 1231
12 122540
13 9
13 10
13 11
13 13
13 122541
14 5
14 99
14 131
14 132
14 133
14 135
14 171
14 122542
15 3
15 4
15 5
15 597
15 599
15 122543
16 67
16 601
16 603
16 1197
16 122544
17 67
17 605
17 607
17 1199
17 122545
18 20
18 195
18 202
18 7185
18 18153
18 122546
19 660
19 1539
19 1622
19 1625
19 122547
20 660
20 3768
20 3769
20 3771
20 122548
21 158
21 159
21 160
21 162
21 122549
22 9
22 10
22 11
22 13
22 163
23 5
23 20
23 99
23 131
23 132
23 133
23 165
23 166
24 5
24 20
24 67
24 268
24 1413
24 1416
24 1417
24 122550
25 944
25 945
25 946
25 948
25 122551
26 9
26 10
26 26
26 169
26 171
26 122552
27 4
27 195
27 202
27 2294
27 3837
27 122553
28 2
28 3
28 4
28 195
28 4286
28 122554
29 660
29 976
29 979
29 1458
29 122555
30 944
30 945
30 946
30 948
30 122556
31 26
31 99
31 133
31 171
31 175
31 176
31 195
31 122557
32 4
32 195
32 202
32 2294
32 3837
32 122558
33 3
33 4
33 195
33 597
33 31151
33 122559
34 76
34 342
34 343
34 345
34 122560
35 99
35 131
35 132
35 133
35 195
35 237
35 122561
36 3
36 20
36 195
36 5516
36 6792
36 122562
37 9
37 10
37 11
37 13
37 122563
38 4
38 5
38 99
38 131
38 132
38 133
38 152
38 122564
39 3
39 4
39 5
39 95879
39 95881
39 122565
40 243
40 244
40 245
40 247
40 36451
41 9
41 10
41 11
41 13
41 122566
42 4
42 5
42 99
42 131
42 132
42 133
42 152
42 59082
43 3
43 4
43 5
43 22287
43 96123
43 122567
44 243
44 244
44 245
44 247
44 5285
45 99
45 131
45 132
45 133
45 195
45 237
45 122568
46 3
46 20
46 195
46 340
46 122570
46 122571
46 122572
47 20
47 195
47 202
47 3001
47 7424
47 122573
48 243
48 244
48 245
48 247
48 122574
49 20
49 195
49 202
49 1403
49 53011
49 122575
50 76
50 413
50 414
50 416
50 122576
51 3
51 4
51 5
51 97232
51 122578
51 122579
52 230
52 231
52 232
52 234
52 122580
53 9
53 10
53 11
53 13
53 163
54 99
54 131
54 132
54 133
54 195
54 236
54 237
55 3
55 20
55 195
55 340
55 22488
55 122582
55 122583
56 20
56 195
56 202
56 2625
56 2627
56 122584
57 76
57 342
57 343
57 345
57 122585
58 3
58 4
58 5
58 95879
58 122587
58 122588
59 9
59 10
59 11
59 13
59 122589
60 67
60 3042
60 3043
60 3045
60 122590
61 76
61 342
61 343
61 345
61 122591
62 3
62 4
62 5
62 97232
62 122579
62 122592
63 4
63 5
63 202
63 1403
63 7713
63 122593
64 230
64 231
64 232
64 234
64 122594
65 9
65 10
65 11
65 13
65 163
66 99
66 131
66 132
66 133
66 195
66 236
66 237
67 3
67 20
67 195
67 340
67 22488
67 122583
67 122595
68 20
68 195
68 202
68 2625
68 2627
68 122596
69 76
69 433
69 434
69 436
69 122597
70 71
70 76
70 190
70 191
70 122598
seqId 112
1 76
1 40466
1 40467
1 40469
1 122599
seqId 113
1 5
1 20
1 99
1 131
1 132
1 133
1 967
1 122600
2 3
2 5
2 20
2 2130
2 4985
2 122601
3 230
3 231
3 232
3 234
3 122602
4 9
4 10
4 11
4 13
4 163
5 99
5 131
5 132
5 133
5 195
5 236
5 237
6 3
6 4
6 195
6 897
6 3520
6 122603
7 158
7 159
7 160
7 162
7 122604
8 9
8 10
8 11
8 13
8 163
9 5
9 20
9 99
9 131
9 132
9 133
9 165
9 166
10 5
10 20
10 67
10 268
10 1413
10 1416
10 1417
10 122605
11 717
11 718
11 719
11 721
11 48672
12 10
12 146
12 147
12 149
12 722
13 5
13 20
13 99
13 131
13 132
13 133
13 165
13 166
14 3
14 5
14 20
14 389
14 391
14 122606
15 9
15 10
15 11
15 13
15 122607
16 4
16 5
16 99
16 131
16 132
16 133
16 152
16 122608
17 3
17 4
17 5
17 1913
17 1915
17 122609
18 9
18 10
18 11
18 13
18 122610
19 3
19 4
19 5
19 1931
19 1933
19 122611
20 82
20 84
20 114
20 115
20 116
20 1361
20 122612
21 5
21 84
21 90
21 91
21 93
21 121
21 27393
21 39671
21 122613
22 660
22 7237
22 10032
22 10034
22 122614
23 479
23 660
23 85058
23 122616
23 122617
23 122618
24 10
24 283
24 284
24 286
24 122619
25 4
25 5
25 99
25 131
25 132
25 133
25 152
25 122620
26 3
26 4
26 5
26 4228
26 13593
26 122621
27 9
27 10
27 11
27 13
27 122622
28 3
28 4
28 195
28 4094
28 4096
28 122623
29 243
29 244
29 245
29 247
29 122624
30 10
30 283
30 284
30 286
30 122625
31 4
31 5
31 99
31 133
31 175
31 176
31 178
31 122626
32 4
32 5
32 202
32 1589
32 36390
32 122627
33 3
33 4
33 5
33 5280
33 5282
33 122628
34 10
34 283
34 284
34 286
34 122629
35 5
35 99
35 131
35 132
35 133
35 135
35 171
35 122630
36 3
36 5
36 20
36 2558
36 2560
36 122631
37 10
37 146
37 147
37 149
37 122632
38 4
38 5
38 99
38 131
38 132
38 133
38 152
38 122633
39 3
39 4
39 5
39 51823
39 51825
39 122634
40 71
40 76
40 190
40 191
40 122635
seqId 114
1 82
1 84
1 114
1 115
1 116
1 171
1 310
1 122636
2 90
2 121
2 122
2 1815
2 1817
2 122637
3 9
3 10
3 11
3 13
3 122638
4 4
4 5
4 99
4 131
4 132
4 133
4 152
4 122639
5 3
5 4
5 5
5 4228
5 13593
5 122640
6 9
6 10
6 11
6 13
6 122641
7 3
7 4
7 195
7 4094
7 4096
7 122642
8 76
8 342
8 343
8 345
8 122643
9 5
9 99
9 131
9 132
9 133
9 135
9 171
9 122644
10 2
10 3
10 4
10 5
10 181
10 122645
11 5
11 84
11 91
11 93
11 121
11 702
11 703
11 705
11 122646
12 10
12 283
12 284
12 286
12 122647
13 5
13 20
13 99
13 133
13 175
13 176
13 1316
13 122648
14 5
14 20
14 202
14 784
14 4033
14 122649
15 3
15 5
15 20
15 2601
15 2603
15 122650
16 5
16 20
16 90
16 122
16 708
16 769
16 3433
16 80311
16 122651
17 99
17 115
17 195
17 773
17 774
17 775
17 776
17 3400
17 122652
18 3
18 4
18 195
18 3441
18 3443
18 122653
19 10
19 283
19 284
19 286
19 122654
20 4
20 5
20 99
20 131
20 132
20 133
20 152
20 122655
21 3
21 4
21 5
21 22519
21 22521
21 122656
22 230
22 231
22 232
22 234
22 122657
23 9
23 10
23 11
23 13
23 163
24 99
24 131
24 132
24 133
24 195
24 236
24 237
25 3
25 20
25 195
25 429
25 4265
25 122658
26 10
26 109
26 110
26 112
26 122659
27 3
27 4
27 5
27 122661
27 122662
27 122663
28 244
28 418
28 419
28 421
28 122664
29 20
29 90
29 122
29 195
29 340
29 708
29 713
29 10744
29 65708
29 122666
30 717
30 718
30 719
30 721
30 122667
31 10
31 146
31 147
31 149
31 722
32 5
32 20
32 99
32 131
32 132
32 133
32 165
32 166
33 3
33 5
33 20
33 389
33 391
33 122668
34 9
34 10
34 11
34 13
34 59207
35 4
35 5
35 99
35 131
35 132
35 133
35 152
35 59208
36 3
36 4
36 5
36 1913
36 1915
36 122669
37 4
37 5
37 202
37 2244
37 3490
37 122670
38 71
38 76
38 190
38 191
38 122671
seqId 115
1 10
1 283
1 3640
1 3642
1 122672
2 4
2 5
2 98
2 99
2 100
2 1927
2 122673
3 3
3 4
3 5
3 3645
3 3647
3 122674
4 76
4 342
4 343
4 345
4 122675
5 5
5 99
5 131
5 132
5 133
5 135
5 171
5 122676
6 3
6 5
6 20
6 9469
6 10946
6 122677
7 5
7 20
7 202
7 3386
7 10488
7 122678
8 90
8 121
8 122
8 4379
8 4381
8 122679
9 10
9 126
9 127
9 129
9 122680
10 99
10 131
10 132
10 133
10 195
10 1220
10 122681
11 3
11 4
11 195
11 4804
11 5101
11 122682
12 10
12 109
12 110
12 112
12 122683
13 3
13 4
13 5
13 3162
13 5832
13 122684
14 72
14 660
14 721
14 5077
14 5078
14 5080
14 122685
15 9
15 10
15 11
15 13
15 122686
16 5
16 99
16 131
16 132
16 133
16 135
16 171
16 122687
17 3
17 5
17 20
17 7259
17 7261
17 122688
18 5
18 20
18 202
18 2553
18 2555
18 122689
19 5
19 20
19 90
19 122
19 708
19 713
19 10347
19 12699
19 122690
20 10
20 828
20 829
20 831
20 122691
21 67
21 10653
21 19162
21 120592
21 120593
21 120595
21 122692
22 67
22 1104
22 100406
22 120597
22 120598
22 120600
22 122693
23 243
23 244
23 245
23 247
23 122694
24 67
24 16435
24 16436
24 16438
24 122695
25 67
25 4520
25 16440
25 16441
25 16443
25 16444
25 122696
26 5
26 84
26 91
26 93
26 121
26 702
26 703
26 705
26 122697
27 5
27 20
27 90
27 122
27 708
27 769
27 6204
27 6206
27 122698
28 10
28 146
28 147
28 149
28 122699
29 4
29 5
29 99
29 133
29 175
29 176
29 178
29 122700
30 3
30 4
30 5
30 8842
30 9174
30 48812
31 10
31 109
31 110
31 112
31 48813
32 3
32 5
32 20
32 8779
32 8781
32 122701
33 51
33 195
33 4162
33 4164
33 122702
34 2822
34 2823
34 2824
34 2826
34 122703
35 10
35 146
35 147
35 149
35 722
36 99
36 131
36 132
36 133
36 195
36 236
36 237
37 3
37 4
37 195
37 18168
37 18170
37 122704
38 42
38 67
38 9503
38 9504
38 9506
38 9507
38 122705
39 10
39 283
39 284
39 286
39 122706
40 4
40 5
40 99
40 131
40 132
40 133
40 152
40 122707
41 3
41 4
41 5
41 19388
41 20837
41 122708
42 3
42 20
42 195
42 1684
42 9517
42 122709
43 243
43 244
43 245
43 247
43 122710
44 3
44 20
44 195
44 9520
44 9522
44 122711
45 71
45 76
45 190
45 191
45 122712
seqId 116
1 9
1 10
1 1539
1 1886
1 122713
2 660
2 2310
2 2311
2 2313
2 122714
3 76
3 342
3 343
3 345
3 122715
4 5
4 20
4 99
4 131
4 132
4 133
4 166
4 36635
5 3
5 5
5 20
5 9188
5 9190
5 36637
6 9
6 10
6 11
6 13
6 36639
7 3
7 4
7 195
7 1970
7 1972
7 122716
8 10
8 126
8 127
8 129
8 122717
9 67
9 48317
9 48318
9 48320
9 48321
9 122718
10 3
10 4
10 5
10 18530
10 56857
10 122720
10 122721
10 122722
11 243
11 244
11 245
11 247
11 122723
12 3
12 4
12 5
12 8356
12 8358
12 122724
13 10
13 283
13 284
13 286
13 122725
14 5
14 99
14 131
14 132
14 133
14 135
14 171
14 122726
15 3
15 4
15 5
15 18373
15 18375
15 122727
16 4
16 5
16 202
16 7713
16 48321
16 48328
16 122729
16 122730
17 5
17 84
17 91
17 93
17 121
17 702
17 703
17 705
17 122731
18 5
18 20
18 90
18 122
18 708
18 769
18 2081
18 2083
18 122732
19 443
19 703
19 707
19 2086
19 122733
20 5
20 20
20 90
20 122
20 708
20 713
20 4845
20 4847
20 122734
21 10
21 146
21 147
21 149
21 122735
22 5
22 99
22 115
22 773
22 774
22 775
22 776
22 778
22 122736
23 3
23 5
23 20
23 1866
23 1868
23 122737
24 243
24 244
24 245
24 247
24 122738
25 90
25 443
25 768
25 4129
25 122739
26 3
26 5
26 20
26 1905
26 1907
26 122740
27 10
27 146
27 147
27 149
27 122741
28 4
28 5
28 99
28 133
28 175
28 176
28 178
28 122742
29 3
29 4
29 5
29 8842
29 9174
29 122743
30 2822
30 2823
30 2824
30 2826
30 122744
31 10
31 146
31 147
31 149
31 722
32 99
32 131
32 132
32 133
32 195
32 236
32 237
33 4
33 195
33 202
33 9342
33 9344
33 122745
34 3
34 4
34 195
34 340
34 9346
34 18889
34 122746
35 71
35 76
35 190
35 191
35 122747
seqId 117
1 5
1 20
1 98
1 99
1 100
1 4215
1 122748
2 3
2 5
2 20
2 1650
2 3499
2 122749
3 9
3 10
3 11
3 13
3 122750
4 3
4 4
4 5
4 4228
4 13593
4 122751
5 9
5 10
5 11
5 13
5 122752
6 3
6 4
6 195
6 4094
6 4096
6 122753
7 5
7 20
7 90
7 122
7 708
7 713
7 4559
7 4737
7 7537
7 11061
7 122754
8 10
8 283
8 284
8 286
8 122755
9 5
9 20
9 99
9 131
9 132
9 133
9 166
9 36704
10 3
10 5
10 20
10 429
10 431
10 122756
11 5
11 20
11 202
11 302
11 304
11 122757
12 9
12 10
12 11
12 13
12 5614
13 4
13 5
13 99
13 131
13 132
13 133
13 152
13 122758
14 3
14 4
14 5
14 1913
14 1915
14 122759
15 76
15 342
15 343
15 345
15 122760
16 82
16 84
16 114
16 115
16 116
16 118
16 171
16 122761
17 5
17 84
17 90
17 91
17 93
17 121
17 2101
17 2103
17 122762
18 660
18 6286
18 6287
18 6289
18 122763
19 10
19 283
19 284
19 286
19 122764
20 4
20 5
20 99
20 131
20 132
20 133
20 152
20 48918
21 3
21 4
21 5
21 34587
21 34589
21 122765
22 9
22 10
22 11
22 13
22 122766
23 3
23 20
23 195
23 9188
23 60940
23 122767
24 9
24 10
24 11
24 13
24 122768
25 3
25 4
25 195
25 1970
25 1972
25 122769
26 82
26 758
26 759
26 761
26 122770
27 84
27 90
27 91
27 93
27 121
27 195
27 1509
27 1511
27 122771
28 660
28 104182
28 104183
28 104185
28 122772
29 4
29 5
29 99
29 131
29 132
29 133
29 152
29 122773
30 3
30 4
30 5
30 35152
30 122774
30 122775
31 9
31 10
31 11
31 13
31 122776
32 3
32 4
32 5
32 38982
32 38984
32 122777
33 230
33 231
33 232
33 234
33 122778
34 9
34 10
34 11
34 13
34 163
35 99
35 131
35 132
35 133
35 195
35 236
35 237
36 3
36 4
36 195
36 897
36 3520
36 122779
37 158
37 159
37 160
37 162
37 122780
38 9
38 10
38 11
38 13
38 163
39 5
39 20
39 99
39 131
39 132
39 133
39 165
39 166
40 5
40 20
40 67
40 268
40 1413
40 1416
40 1417
40 122781
41 71
41 76
41 190
41 191
41 122782
seqId 118
1 10
1 109
1 876
1 878
1 5656
2 51
2 195
2 4162
2 4164
2 122783
3 76
3 342
3 343
3 345
3 122784
4 5
4 84
4 91
4 93
4 703
4 707
4 708
4 16941
4 122785
5 660
5 976
5 977
5 979
5 122786
6 5
6 20
6 90
6 122
6 708
6 713
6 3718
6 18949
6 122787
7 99
7 131
7 132
7 133
7 195
7 1220
7 122788
8 3
8 20
8 195
8 11067
8 65491
8 122789
9 9
9 10
9 26
9 169
9 171
9 122790
10 3
10 4
10 5
10 26362
10 26364
10 122791
11 243
11 244
11 245
11 247
11 122792
12 9
12 10
12 11
12 13
12 122793
13 3
13 4
13 5
13 72
13 2274
13 64827
13 94759
13 98604
13 122795
13 122796
14 76
14 342
14 343
14 345
14 122797
15 5
15 20
15 90
15 122
15 708
15 713
15 10302
15 13132
15 122798
16 10
16 109
16 110
16 112
16 5676
17 51
17 195
17 5922
17 5924
17 122799
18 10
18 828
18 829
18 831
18 122800
19 99
19 131
19 132
19 133
19 195
19 1220
19 122801
20 3
20 4
20 195
20 2868
20 3551
20 122802
21 9
21 10
21 11
21 13
21 122803
22 4
22 5
22 99
22 131
22 132
22 133
22 152
22 122804
23 3
23 4
23 5
23 29831
23 29833
23 122805
24 4
24 5
24 202
24 2625
24 25785
24 122806
25 9
25 10
25 11
25 13
25 122807
26 5
26 99
26 131
26 132
26 133
26 135
26 171
26 122808
27 3
27 4
27 5
27 18373
27 18375
27 122809
28 4
28 5
28 202
28 1403
28 7713
28 122810
29 10
29 2518
29 2519
29 2521
29 122811
30 4
30 5
30 99
30 131
30 132
30 133
30 152
30 122812
31 3
31 4
31 5
31 35988
31 36102
31 122813
32 76
32 342
32 343
32 345
32 122814
33 244
33 19444
33 19445
33 19447
33 122815
34 76
34 342
34 343
34 345
34 122816
35 10
35 109
35 110
35 112
35 36791
36 51
36 195
36 5342
36 5344
36 122817
37 10
37 828
37 829
37 831
37 122818
38 99
38 131
38 132
38 133
38 195
38 1220
38 122819
39 67
39 195
39 5959
39 5962
39 122820
40 10
40 109
40 110
40 112
40 122821
41 3
41 4
41 5
41 35988
41 36102
41 122822
42 243
42 244
42 245
42 247
42 122823
43 10
43 109
43 110
43 112
43 122824
44 51
44 195
44 4167
44 4169
44 122825
45 10
45 828
45 829
45 831
45 122826
46 99
46 131
46 132
46 133
46 195
46 1220
46 122827
47 3
47 4
47 195
47 17915
47 50130
47 122828
48 9
48 10
48 11
48 13
48 122829
49 3
49 4
49 5
49 50290
49 50292
49 122830
50 72
50 660
50 721
50 5077
50 5078
50 5080
50 122831
51 9
51 10
51 11
51 13
51 122832
52 5
52 99
52 131
52 132
52 133
52 135
52 171
52 122833
53 3
53 4
53 5
53 22378
53 22380
53 122834
54 71
54 76
54 190
54 191
54 122835
seqId 119
1 10
1 109
1 876
1 878
1 122836
2 3
2 4
2 5
2 31190
2 31192
2 122837
3 76
3 342
3 343
3 345
3 122838
4 20
4 85
4 99
4 195
4 1951
4 18077
4 122839
5 3
5 20
5 195
5 340
5 2887
5 2889
5 122840
6 84
6 91
6 93
6 121
6 195
6 702
6 703
6 1062
6 122841
7 5
7 20
7 122
7 703
7 707
7 708
7 710
7 122842
8 20
8 90
8 122
8 195
8 708
8 713
8 2832
8 9060
8 122843
9 10
9 828
9 829
9 831
9 122844
10 5
10 20
10 99
10 131
10 132
10 133
10 166
10 122845
11 5
11 20
11 67
11 268
11 1413
11 1416
11 1417
11 122846
12 76
12 342
12 343
12 345
12 122847
13 660
13 3607
13 3608
13 3610
13 122848
14 10
14 109
14 110
14 112
14 122849
15 3
15 5
15 20
15 4862
15 9651
15 122850
16 10
16 1387
16 1388
16 1390
16 122851
17 26
17 99
17 133
17 171
17 175
17 176
17 195
17 122852
18 4
18 195
18 202
18 2294
18 3837
18 122853
19 2
19 3
19 4
19 195
19 4286
19 122854
20 9
20 10
20 11
20 13
20 122855
21 3
21 4
21 5
21 15
21 17
21 122856
22 244
22 418
22 419
22 421
22 122857
23 99
23 133
23 175
23 176
23 195
23 234
23 5756
24 3
24 4
24 195
24 42386
24 42388
24 122858
25 4
25 195
25 202
25 6251
25 6253
25 122859
26 71
26 76
26 190
26 191
26 36845
seqId 120
1 9
1 10
1 1886
1 20009
1 36846
2 3
2 4
2 5
2 34668
2 36123
2 122860
3 659
3 660
3 661
3 2274
3 122861
4 4
4 5
4 202
4 122863
4 122864
4 122865
5 76
5 342
5 343
5 345
5 122866
6 5
6 20
6 81
6 82
6 83
6 84
6 85
6 87
6 122867
7 5
7 84
7 90
7 91
7 92
7 93
7 3884
7 122869
7 122870
8 20
8 82
8 84
8 100
8 195
8 4680
8 6827
8 122871
9 90
9 121
9 122
9 4379
9 4381
9 122872
10 10
10 126
10 127
10 129
10 122873
11 4
11 5
11 99
11 131
11 132
11 133
11 152
11 122874
12 3
12 4
12 5
12 6862
12 6864
12 122875
13 9
13 10
13 26
13 169
13 171
13 122876
14 3
14 4
14 5
14 1395
14 5941
14 122877
15 158
15 159
15 160
15 162
15 122878
16 9
16 10
16 11
16 13
16 163
17 5
17 20
17 99
17 131
17 132
17 133
17 165
17 166
18 5
18 20
18 67
18 204
18 122880
18 122881
18 122882
19 10
19 126
19 127
19 129
19 122883
20 5
20 20
20 99
20 131
20 132
20 133
20 967
20 122884
21 3
21 5
21 20
21 2081
21 29574
21 122885
22 5
22 20
22 202
22 10844
22 45825
22 122887
22 122888
23 10
23 283
23 284
23 286
23 122889
24 5
24 99
24 131
24 132
24 133
24 135
24 171
24 122890
25 3
25 5
25 20
25 33358
25 33360
25 122891
26 9
26 10
26 11
26 13
26 122892
27 3
27 4
27 5
27 17915
27 49383
27 122893
28 3
28 4
28 5
28 4002
28 26956
28 122894
29 243
29 244
29 245
29 247
29 122895
30 3
30 4
30 5
30 3162
30 3164
30 122896
31 244
31 247
31 48321
31 48328
31 122898
31 122899
31 122900
32 3
32 5
32 20
32 122902
32 122903
32 122904
33 5
33 20
33 202
33 322
33 36035
33 122905
34 243
34 244
34 245
34 247
34 122906
35 67
35 48321
35 48328
35 74072
35 122908
35 122909
35 122910
36 76
36 342
36 343
36 345
36 122911
37 20
37 195
37 202
37 1377
37 5238
37 122912
38 51
38 195
38 1501
38 1503
38 122913
39 10
39 109
39 110
39 112
39 122914
40 51
40 195
40 4162
40 4164
40 122915
41 76
41 342
41 343
41 345
41 122916
42 3
42 4
42 195
42 55065
42 122918
42 122919
43 9
43 10
43 26
43 169
43 171
43 122920
44 660
44 30602
44 30603
44 30605
44 122921
45 243
45 244
45 245
45 247
45 36901
46 9
46 10
46 26
46 171
46 1539
46 122922
47 660
47 2210
47 2211
47 2213
47 122923
48 10
48 378
48 379
48 381
48 122924
49 5
49 20
49 99
49 133
49 175
49 176
49 1316
49 122925
50 5
50 20
50 202
50 795
50 797
50 122926
51 3
51 5
51 20
51 5479
51 15848
51 122927
52 158
52 159
52 160
52 162
52 122928
53 9
53 10
53 11
53 13
53 163
54 5
54 20
54 99
54 131
54 132
54 133
54 165
54 166
55 3
55 5
55 20
55 1320
55 26965
55 122929
56 243
56 244
56 245
56 247
56 122930
57 3
57 4
57 5
57 5405
57 5407
57 5408
57 122931
58 4
58 5
58 202
58 1399
58 3538
58 122932
59 509
59 5420
59 103641
59 103643
59 122933
60 3
60 4
60 5
60 5424
60 5426
60 122934
61 4
61 5
61 202
61 254
61 256
61 122935
62 76
62 342
62 343
62 345
62 122936
63 20
63 195
63 202
63 1377
63 5238
63 122937
64 51
64 195
64 1501
64 1503
64 122938
65 10
65 109
65 110
65 112
65 122939
66 51
66 195
66 5342
66 5344
66 122940
67 660
67 976
67 979
67 1458
67 122941
68 944
68 945
68 946
68 948
68 122942
69 99
69 131
69 132
69 133
69 195
69 1220
69 122943
70 3
70 4
70 195
70 340
70 30876
70 30878
70 30879
70 122944
71 9
71 10
71 11
71 13
71 122945
72 5
72 99
72 131
72 132
72 133
72 135
72 171
72 122946
73 3
73 4
73 5
73 96
73 15106
73 30883
73 30885
73 122947
74 243
74 244
74 245
74 247
74 122948
75 5
75 99
75 131
75 132
75 133
75 171
75 699
75 122949
76 3
76 4
76 5
76 18373
76 18375
76 122950
77 4
77 5
77 202
77 1403
77 7713
77 122951
78 243
78 244
78 245
78 247
78 122952
79 99
79 131
79 132
79 133
79 195
79 237
79 122953
80 3
80 4
80 195
80 340
80 34850
80 34852
80 122954
81 76
81 342
81 343
81 345
81 122955
82 20
82 195
82 202
82 1377
82 5238
82 122956
83 51
83 195
83 1501
83 1503
83 122957
84 10
84 109
84 110
84 112
84 122958
85 51
85 195
85 4167
85 4169
85 122959
86 71
86 76
86 190
86 191
86 122960
seqId 121
1 90
1 121
1 122
1 7704
1 15775
1 122961
2 5
2 99
2 131
2 132
2 133
2 135
2 171
2 122962
3 3
3 5
3 20
3 2558
3 2560
3 122963
4 10
4 146
4 147
4 149
4 122964
5 4
5 5
5 99
5 131
5 132
5 133
5 152
5 122965
6 3
6 4
6 5
6 51823
6 51825
6 122966
7 76
7 342
7 343
7 345
7 49167
8 99
8 131
8 132
8 133
8 195
8 237
8 122967
9 51
9 195
9 1501
9 1503
9 122968
10 3
10 20
10 195
10 384
10 3094
10 122969
11 90
11 121
11 122
11 4379
11 4381
11 122970
12 660
12 71225
12 71226
12 71228
12 122971
13 10
13 126
13 127
13 129
13 122972
14 99
14 131
14 132
14 133
14 195
14 237
14 59543
15 3
15 20
15 195
15 1320
15 3384
15 122973
16 121
16 122
16 702
16 703
16 2506
16 122974
17 5
17 20
17 90
17 122
17 708
17 769
17 4845
17 4847
17 122975
18 10
18 146
18 147
18 149
18 122976
19 4
19 5
19 99
19 131
19 132
19 133
19 152
19 122977
20 3
20 4
20 5
20 3737
20 95163
20 122978
21 9
21 10
21 26
21 169
21 171
21 122979
22 5
22 20
22 99
22 133
22 175
22 176
22 1316
22 122980
23 5
23 20
23 202
23 795
23 797
23 122981
24 3
24 5
24 20
24 5479
24 15848
24 122982
25 158
25 159
25 160
25 162
25 122983
26 9
26 10
26 11
26 13
26 163
27 5
27 20
27 99
27 131
27 132
27 133
27 165
27 166
28 3
28 5
28 20
28 1320
28 26965
28 122984
29 243
29 244
29 245
29 247
29 122985
30 5
30 99
30 131
30 132
30 133
30 135
30 171
30 122986
31 3
31 5
31 20
31 71359
31 71361
31 122987
32 9
32 10
32 11
32 13
32 122988
33 4
33 5
33 99
33 131
33 132
33 133
33 152
33 122989
34 3
34 4
34 5
34 11412
34 14762
34 122990
35 9
35 10
35 11
35 13
35 37001
36 5
36 99
36 131
36 132
36 133
36 135
36 171
36 122991
37 3
37 4
37 5
37 17178
37 45718
37 122992
38 4
38 5
38 202
38 1403
38 7713
38 122993
39 230
39 231
39 232
39 234
39 122994
40 9
40 10
40 11
40 13
40 163
41 99
41 131
41 132
41 133
41 195
41 236
41 237
42 3
42 20
42 195
42 340
42 27018
42 27020
42 122995
43 20
43 195
43 202
43 97960
43 122306
43 122308
43 122996
44 84
44 90
44 91
44 93
44 121
44 195
44 33688
44 71879
44 122997
45 660
45 2522
45 17966
45 17969
45 122998
46 9
46 10
46 26
46 169
46 171
46 122999
47 3
47 4
47 195
47 897
47 3520
47 123000
48 9
48 10
48 11
48 13
48 123001
49 5
49 99
49 131
49 132
49 133
49 135
49 171
49 123002
50 2
50 3
50 4
50 5
50 181
50 123003
51 660
51 3662
51 3663
51 3665
51 123004
52 4
52 90
52 122
52 195
52 708
52 713
52 1345
52 22505
52 123005
53 717
53 718
53 719
53 721
53 123006
54 10
54 146
54 147
54 149
54 722
55 5
55 20
55 99
55 131
55 132
55 133
55 165
55 166
56 3
56 5
56 20
56 14392
56 14394
56 123007
57 158
57 159
57 160
57 162
57 123008
58 9
58 10
58 11
58 13
58 163
59 5
59 20
59 99
59 131
59 132
59 133
59 165
59 166
60 3
60 5
60 20
60 5018
60 5020
60 123009
61 5
61 20
61 72
61 202
61 6754
61 6756
61 6757
61 123010
62 71
62 76
62 190
62 191
62 123011
seqId 122
1 5
1 20
1 82
1 83
1 84
1 115
1 763
1 3948
1 94939
2 82
2 83
2 84
2 109
2 112
2 115
2 123012
3 5
3 84
3 91
3 93
3 121
3 703
3 707
3 956
3 123013
4 9
4 10
4 13
4 1539
4 123014
5 660
5 2310
5 2311
5 2313
5 123015
6 9
6 10
6 11
6 13
6 123016
7 20
7 85
7 99
7 195
7 1589
7 2970
7 123017
8 3
8 20
8 195
8 9188
8 60940
8 123018
9 9
9 10
9 11
9 13
9 123019
10 3
10 4
10 195
10 1970
10 1972
10 123020
11 4326
11 4327
11 4328
11 4330
11 123021
12 10
12 146
12 147
12 149
12 722
13 20
13 82
13 195
13 759
13 1432
13 4332
13 4333
14 84
14 91
14 93
14 121
14 195
14 702
14 703
14 1062
14 123022
15 5
15 20
15 90
15 122
15 708
15 769
15 1064
15 1066
15 123023
16 660
16 15804
16 15805
16 15807
16 59628
17 3
17 4
17 5
17 5469
17 5471
17 123024
18 99
18 133
18 175
18 176
18 195
18 234
18 123025
19 3
19 20
19 195
19 7808
19 7810
19 123026
20 158
20 159
20 160
20 162
20 123027
21 9
21 10
21 11
21 13
21 163
22 5
22 20
22 99
22 131
22 132
22 133
22 165
22 166
23 3
23 5
23 20
23 5018
23 5020
23 123028
24 5
24 20
24 202
24 33629
24 61249
24 123030
25 76
25 413
25 414
25 416
25 123031
26 67
26 34244
26 67622
26 123033
26 123034
26 123035
27 10
27 828
27 831
27 1539
27 6052
28 3
28 5
28 20
28 6890
28 6892
28 123036
29 244
29 418
29 419
29 421
29 123037
30 99
30 131
30 132
30 133
30 195
30 237
30 123038
31 3
31 4
31 195
31 17178
31 37733
31 123039
32 4
32 195
32 202
32 340
32 5516
32 5518
32 123040
33 158
33 159
33 160
33 162
33 6068
34 9
34 10
34 11
34 13
34 163
35 5
35 20
35 99
35 131
35 132
35 133
35 165
35 166
36 3
36 5
36 20
36 5018
36 5020
36 123041
37 9
37 10
37 11
37 13
37 123042
38 4
38 5
38 99
38 131
38 132
38 133
38 152
38 123043
39 3
39 4
39 5
39 95879
39 95881
39 123044
40 243
40 244
40 245
40 247
40 123045
41 9
41 10
41 11
41 13
41 123046
42 4
42 5
42 99
42 131
42 132
42 133
42 152
42 123047
43 3
43 4
43 5
43 22287
43 96123
43 123048
44 76
44 433
44 434
44 436
44 123049
45 71
45 76
45 190
45 191
45 123050
seqId 123
1 51
1 52
1 2054
1 2056
1 37083
2 76
2 592
2 593
2 595
2 123051
3 3
3 4
3 5
3 682
3 684
3 123052
4 9
4 10
4 11
4 13
4 123053
5 5
5 27
5 99
5 131
5 132
5 133
5 135
5 123054
6 3
6 5
6 20
6 4311
6 14516
6 123055
7 3
7 4
7 5
7 15
7 17
7 123056
8 9
8 10
8 11
8 13
8 123057
9 5
9 27
9 99
9 131
9 132
9 133
9 135
9 123058
10 2
10 3
10 4
10 5
10 181
10 123059
seqId 124
1 76
1 40466
1 40467
1 40469
1 123060
2 3
2 5
2 20
2 4311
2 4313
2 4314
2 123061
3 9
3 10
3 11
3 13
3 123062
4 5
4 99
4 131
4 132
4 133
4 135
4 171
4 123063
5 2
5 3
5 4
5 5
5 181
5 123064
seqId 125
1 5
1 20
1 99
1 131
1 132
1 133
1 967
1 123065
2 5
2 20
2 67
2 268
2 1413
2 1416
2 1417
2 123066
3 82
3 84
3 114
3 115
3 116
3 118
3 171
3 123067
4 5
4 84
4 90
4 91
4 93
4 121
4 40148
4 46684
4 57195
4 123068
5 10
5 283
5 284
5 286
5 123069
6 5
6 20
6 99
6 133
6 175
6 176
6 1316
6 123070
7 3
7 5
7 20
7 4311
7 14516
7 123071
8 5
8 20
8 90
8 122
8 708
8 713
8 10330
8 24413
8 123072
9 9
9 10
9 26
9 169
9 171
9 123073
10 4
10 5
10 99
10 133
10 175
10 176
10 178
10 123074
11 3
11 4
11 5
11 2997
11 12501
11 123075
12 4
12 5
12 202
12 4904
12 4906
12 123076
13 243
13 244
13 245
13 247
13 123077
14 9
14 10
14 26
14 169
14 171
14 123078
15 4
15 5
15 99
15 133
15 175
15 176
15 178
15 123079
16 3
16 4
16 5
16 4779
16 12778
16 123080
17 4
17 5
17 202
17 1587
17 14724
17 14726
17 14727
17 39562
17 123081
18 71
18 76
18 190
18 191
18 123082
seqId 126
1 5
1 20
1 99
1 131
1 132
1 133
1 967
1 123083
2 5
2 20
2 67
2 268
2 1413
2 1416
2 1417
2 123084
3 5
3 84
3 90
3 91
3 93
3 121
3 3777
3 4766
3 123085
4 10
4 109
4 112
4 1539
4 123086
5 3
5 5
5 20
5 2429
5 2431
5 123087
6 3
6 4
6 5
6 6046
6 6048
6 123088
7 9
7 10
7 11
7 13
7 123089
8 5
8 99
8 131
8 132
8 133
8 135
8 171
8 123090
9 3
9 4
9 5
9 2997
9 2999
9 123091
10 4
10 5
10 202
10 4904
10 4906
10 123092
11 3
11 5
11 20
11 222
11 371
11 123093
12 243
12 244
12 245
12 247
12 123094
13 3
13 4
13 5
13 313
13 120068
13 123095
14 4
14 5
14 202
14 3199
14 3201
14 59703
15 76
15 413
15 414
15 416
15 123096
16 67
16 5981
16 56315
16 123097
16 123098
17 42
17 67
17 5441
17 5442
17 5444
17 123099
18 76
18 433
18 434
18 436
18 123100
19 9
19 10
19 11
19 13
19 123101
20 5
20 99
20 131
20 132
20 133
20 135
20 171
20 123102
21 3
21 4
21 5
21 597
21 599
21 123103
22 67
22 601
22 603
22 1197
22 123104
23 67
23 605
23 607
23 1199
23 123105
24 71
24 76
24 190
24 191
24 123106
seqId 127
1 4
1 5
1 98
1 99
1 100
1 4105
1 123107
2 3
2 4
2 5
2 2997
2 12501
2 123108
3 4
3 5
3 202
3 4904
3 4906
3 123109
4 76
4 342
4 343
4 345
4 123110
5 4
5 5
5 90
5 122
5 708
5 713
5 9952
5 123112
5 123113
6 10
6 828
6 829
6 831
6 123114
7 51
7 195
7 7307
7 7309
7 123115
8 2
8 3
8 4
8 195
8 4286
8 123116
9 9
9 10
9 11
9 13
9 6167
10 3
10 4
10 5
10 15
10 17
10 123117
11 76
11 342
11 343
11 345
11 123118
12 5
12 84
12 90
12 91
12 93
12 121
12 115660
12 123120
12 123121
13 5
13 99
13 131
13 132
13 133
13 135
13 171
13 123122
14 3
14 4
14 5
14 123124
14 123125
14 123126
15 230
15 231
15 232
15 234
15 123127
16 9
16 10
16 11
16 13
16 163
17 99
17 131
17 132
17 133
17 195
17 236
17 237
18 3
18 20
18 195
18 951
18 13273
18 123128
19 20
19 195
19 202
19 327
19 329
19 340
19 123129
20 158
20 159
20 160
20 162
20 123130
21 9
21 10
21 11
21 13
21 163
22 5
22 20
22 99
22 131
22 132
22 133
22 165
22 166
23 3
23 5
23 20
23 222
23 224
23 123131
24 243
24 244
24 245
24 247
24 123132
25 9
25 10
25 11
25 13
25 123133
26 4
26 5
26 99
26 131
26 132
26 133
26 152
26 123134
27 3
27 4
27 5
27 313
27 120068
27 123135
28 4
28 5
28 202
28 3199
28 5132
28 123136
29 76
29 342
29 343
29 345
29 123137
30 90
30 121
30 122
30 712
30 41684
30 123138
31 5
31 20
31 99
31 133
31 175
31 176
31 1316
31 123139
32 3
32 5
32 20
32 20716
32 20718
32 123140
33 5
33 20
33 202
33 15492
33 15494
33 123141
34 9
34 10
34 26
34 169
34 171
34 123142
35 3
35 4
35 5
35 28808
35 42696
35 42698
35 42699
35 42700
35 123143
36 243
36 244
36 245
36 247
36 123144
37 9
37 10
37 11
37 13
37 123145
38 3
38 4
38 5
38 28808
38 42699
38 42700
38 54437
38 64827
38 123147
38 123148
39 4
39 195
39 202
39 340
39 123150
39 123151
39 123152
40 2822
40 2823
40 2824
40 2826
40 123153
41 10
41 146
41 147
41 149
41 722
42 99
42 131
42 132
42 133
42 195
42 236
42 237
43 3
43 4
43 195
43 897
43 3520
43 123154
44 158
44 159
44 160
44 162
44 49500
45 9
45 10
45 11
45 13
45 163
46 5
46 20
46 99
46 131
46 132
46 133
46 165
46 166
47 5
47 20
47 67
47 268
47 1413
47 1416
47 1417
47 123155
48 71
48 76
48 190
48 191
48 123156
seqId 128
1 5
1 99
1 115
1 773
1 776
1 2192
1 28103
1 62724
1 123157
2 2
2 3
2 4
2 5
2 181
2 123158
3 5
3 84
3 90
3 91
3 93
3 121
3 1064
3 32173
3 123159
4 4
4 5
4 202
4 1377
4 12034
4 123160
5 4
5 5
5 99
5 115
5 773
5 774
5 775
5 776
5 3330
5 123161
6 3
6 4
6 5
6 5469
6 5471
6 123162
7 10
7 283
7 284
7 286
7 123163
8 5
8 20
8 99
8 131
8 132
8 133
8 166
8 123164
9 3
9 5
9 20
9 24881
9 24883
9 123165
10 243
10 244
10 245
10 247
10 123166
11 99
11 131
11 132
11 133
11 195
11 237
11 123167
12 3
12 4
12 195
12 897
12 3520
12 123168
13 9
13 10
13 11
13 13
13 123169
14 5
14 99
14 131
14 132
14 133
14 135
14 171
14 123170
15 5
15 67
15 5981
15 56315
15 123171
16 42
16 67
16 5441
16 5442
16 5444
16 123172
17 71
17 76
17 190
17 191
17 123173
seqId 129
1 10
1 19283
1 30094
1 30096
1 123174
2 98
2 99
2 100
2 195
2 2073
2 123175
3 3
3 4
3 195
3 897
3 3520
3 123176
4 5
4 84
4 90
4 91
4 93
4 121
4 15945
4 123178
4 123179
5 660
5 6286
5 6287
5 6289
5 123180
6 4
6 5
6 99
6 131
6 132
6 133
6 152
6 123181
7 3
7 4
7 5
7 4900
7 4902
7 123182
8 4
8 5
8 202
8 4904
8 4906
8 123183
9 4
9 5
9 90
9 122
9 708
9 713
9 2101
9 123185
9 123186
10 10
10 828
10 829
10 831
10 59780
11 4
11 5
11 99
11 133
11 175
11 176
11 178
11 59781
12 3
12 4
12 5
12 5256
12 5258
12 123187
13 67
13 268
13 1413
13 1414
13 1416
13 1417
13 123188
14 67
14 595
14 5981
14 123190
14 123191
14 123192
15 42
15 67
15 5441
15 5442
15 5444
15 123193
16 10
16 283
16 284
16 286
16 123194
17 5
17 99
17 131
17 132
17 133
17 135
17 171
17 123195
18 3
18 4
18 5
18 2608
18 4490
18 123196
19 158
19 159
19 160
19 162
19 123197
20 9
20 10
20 11
20 13
20 163
21 5
21 20
21 99
21 131
21 132
21 133
21 165
21 166
22 3
22 5
22 20
22 2863
22 2865
22 123198
23 9
23 10
23 26
23 169
23 171
23 123199
24 3
24 4
24 5
24 6471
24 6473
24 123200
25 4
25 5
25 202
25 4904
25 4906
25 123201
26 5
26 20
26 202
26 11147
26 11149
26 123202
27 9
27 10
27 11
27 13
27 123203
28 67
28 45613
28 47754
28 47755
28 47757
28 47758
28 123204
29 71
29 76
29 190
29 191
29 123205
seqId 130
1 5
1 20
1 99
1 131
1 132
1 133
1 967
1 123206
2 5
2 20
2 67
2 268
2 1413
2 1416
2 1417
2 123207
3 5
3 84
3 91
3 93
3 121
3 703
3 707
3 956
3 123208
4 660
4 2509
4 2510
4 2512
4 123209
5 3
5 5
5 20
5 2034
5 2036
5 123210
6 9
6 10
6 11
6 13
6 123211
7 4
7 5
7 99
7 131
7 132
7 133
7 152
7 123212
8 3
8 4
8 5
8 6082
8 6084
8 123213
9 4
9 5
9 202
9 623
9 626
9 5407
9 123214
10 9
10 10
10 11
10 13
10 123215
11 67
11 605
11 607
11 1199
11 123216
12 10
12 109
12 110
12 112
12 123217
13 3
13 5
13 20
13 222
13 224
13 123218
14 76
14 413
14 414
14 416
14 123219
15 67
15 6076
15 6078
15 6079
15 14667
15 123220
16 76
16 433
16 434
16 436
16 123221
17 82
17 758
17 759
17 761
17 123222
18 5
18 84
18 90
18 91
18 93
18 121
18 11204
18 11206
18 123223
19 10
19 7340
19 9033
19 9035
19 123224
20 5
20 20
20 99
20 131
20 132
20 133
20 166
20 123225
21 5
21 51
21 680
21 1843
21 1845
21 123226
22 3
22 5
22 20
22 2202
22 2204
22 123227
23 51
23 195
23 1851
23 1853
23 123228
24 4
24 195
24 202
24 1377
24 1379
24 123229
25 99
25 131
25 132
25 133
25 195
25 237
25 123230
26 2
26 3
26 4
26 195
26 4286
26 123231
27 9
27 10
27 11
27 13
27 123232
28 3
28 4
28 5
28 15
28 17
28 123233
29 10
29 109
29 110
29 112
29 123234
30 3
30 5
30 20
30 222
30 224
30 123235
31 75
31 76
31 77
31 79
31 123236
32 3
32 5
32 20
32 222
32 224
32 123237
33 5
33 20
33 202
33 5627
33 5629
33 123238
34 76
34 342
34 343
34 345
34 123239
35 3
35 5
35 20
35 222
35 224
35 123240
36 5
36 20
36 202
36 6519
36 6521
36 123241
37 243
37 244
37 245
37 247
37 95146
38 3
38 4
38 5
38 14686
38 14688
38 123242
39 158
39 159
39 160
39 162
39 123243
40 9
40 10
40 11
40 13
40 163
41 5
41 20
41 99
41 131
41 132
41 133
41 165
41 166
42 3
42 5
42 20
42 222
42 224
42 123244
43 9
43 10
43 11
43 13
43 95149
44 5
44 27
44 99
44 131
44 132
44 133
44 135
44 123245
45 5
45 67
45 1256
45 1258
45 1259
45 123246
46 9
46 10
46 11
46 13
46 123247
47 3
47 5
47 20
47 222
47 371
47 123248
48 243
48 244
48 245
48 247
48 123249
49 9
49 10
49 11
49 13
49 123250
50 3
50 4
50 195
50 313
50 6526
50 123251
51 4
51 195
51 202
51 3199
51 4859
51 123252
52 9
52 10
52 11
52 13
52 123253
53 67
53 605
53 607
53 1199
53 123254
54 71
54 76
54 190
54 191
54 123255
seqId 131
1 99
1 115
1 195
1 773
1 774
1 775
1 776
1 14703
1 123256
2 3
2 20
2 195
2 11731
2 14706
2 123257
3 84
3 91
3 93
3 121
3 195
3 703
3 707
3 1858
3 123258
4 20
4 195
4 202
4 14709
4 14711
4 37380
5 76
5 342
5 343
5 345
5 37381
6 90
6 121
6 122
6 13580
6 82319
6 123259
7 10
7 146
7 147
7 149
7 123260
8 90
8 443
8 3257
8 14916
8 123261
9 99
9 131
9 132
9 133
9 195
9 237
9 123262
10 3
10 20
10 195
10 2778
10 8080
10 123263
11 20
11 195
11 202
11 14920
11 14922
11 14923
11 123264
12 10
12 378
12 379
12 381
12 123265
13 99
13 131
13 132
13 133
13 195
13 237
13 123266
14 3
14 20
14 195
14 429
14 4265
14 123267
15 9
15 10
15 11
15 13
15 123268
16 3
16 4
16 5
16 15
16 17
16 123269
17 243
17 244
17 245
17 247
17 123270
18 99
18 131
18 132
18 133
18 195
18 237
18 123271
19 3
19 4
19 195
19 2828
19 2830
19 123272
20 4
20 195
20 202
20 302
20 1655
20 123273
21 230
21 231
21 232
21 234
21 123274
22 9
22 10
22 11
22 13
22 163
23 99
23 131
23 132
23 133
23 195
23 236
23 237
24 2
24 3
24 4
24 195
24 4286
24 123275
25 76
25 342
25 343
25 345
25 59879
26 90
26 443
26 4075
26 4077
26 123276
27 5
27 20
27 99
27 131
27 132
27 133
27 166
27 123277
28 3
28 5
28 20
28 14940
28 14942
28 123278
29 9
29 10
29 11
29 13
29 123279
30 3
30 20
30 195
30 429
30 4265
30 123280
31 9
31 10
31 11
31 13
31 123281
32 3
32 4
32 5
32 15
32 17
32 123282
33 20
33 195
33 202
33 1587
33 14724
33 14726
33 14727
33 14728
33 123283
34 90
34 121
34 122
34 11204
34 14950
34 123284
35 85
35 99
35 195
35 638
35 640
35 123285
36 2
36 3
36 4
36 195
36 4286
36 123286
37 76
37 342
37 343
37 345
37 123287
38 90
38 443
38 2832
38 10563
38 123288
39 99
39 133
39 175
39 176
39 195
39 234
39 123289
40 3
40 4
40 195
40 2828
40 2830
40 123290
41 4
41 195
41 202
41 302
41 1655
41 123291
42 10
42 126
42 127
42 129
42 123292
43 99
43 133
43 175
43 176
43 195
43 234
43 123293
44 3
44 20
44 195
44 10801
44 14877
44 123294
45 20
45 195
45 202
45 5335
45 5564
45 123295
46 10
46 146
46 147
46 149
46 123296
47 4
47 195
47 202
47 1377
47 1379
47 123297
48 99
48 131
48 132
48 133
48 195
48 237
48 123298
49 2
49 3
49 4
49 195
49 4286
49 123299
50 76
50 342
50 343
50 345
50 123300
51 90
51 443
51 14844
51 14846
51 123301
52 99
52 131
52 132
52 133
52 195
52 237
52 123302
53 2
53 3
53 4
53 195
53 4286
53 123303
54 9
54 10
54 11
54 13
54 123304
55 3
55 4
55 5
55 15
55 17
55 123305
56 10
56 378
56 379
56 381
56 123306
57 4
57 5
57 99
57 131
57 132
57 133
57 152
57 123307
58 3
58 4
58 5
58 4851
58 4853
58 49780
59 10
59 109
59 110
59 112
59 37465
60 3
60 4
60 5
60 3239
60 3241
60 123308
61 9
61 10
61 24
61 26
61 27
61 123309
62 3
62 20
62 195
62 2004
62 11847
62 123310
63 10
63 109
63 110
63 112
63 123311
64 3
64 5
64 20
64 14860
64 14862
64 123312
65 340
65 509
65 2787
65 14864
65 14866
65 105451
65 123313
66 76
66 342
66 343
66 345
66 123314
67 90
67 443
67 14777
67 14779
67 123315
68 10
68 126
68 127
68 129
68 123316
69 99
69 131
69 132
69 133
69 195
69 237
69 123317
70 3
70 20
70 195
70 1320
70 3384
70 123318
71 230
71 231
71 232
71 234
71 123319
72 9
72 10
72 11
72 13
72 163
73 99
73 131
73 132
73 133
73 195
73 236
73 237
74 3
74 20
74 195
74 10402
74 10404
74 123320
75 10
75 109
75 110
75 112
75 59942
76 3
76 5
76 20
76 222
76 224
76 123321
77 76
77 342
77 343
77 345
77 123322
78 90
78 443
78 14715
78 14717
78 123323
79 99
79 133
79 175
79 176
79 195
79 234
79 123324
80 3
80 20
80 195
80 14720
80 14722
80 123325
81 20
81 195
81 202
81 1587
81 14724
81 14726
81 14727
81 14728
81 123326
82 90
82 121
82 122
82 14730
82 14732
82 123327
83 10
83 146
83 147
83 149
83 123328
84 90
84 443
84 11691
84 14741
84 123329
85 243
85 244
85 245
85 247
85 123330
86 443
86 703
86 4766
86 5065
86 123331
87 90
87 443
87 11691
87 14741
87 123332
88 99
88 131
88 132
88 133
88 195
88 237
88 123333
89 3
89 20
89 195
89 272
89 6282
89 123334
90 9
90 10
90 11
90 13
90 123335
91 3
91 4
91 5
91 15
91 17
91 123336
92 230
92 231
92 232
92 234
92 123337
93 9
93 10
93 11
93 13
93 163
94 99
94 131
94 132
94 133
94 195
94 236
94 237
95 51
95 195
95 14753
95 14755
95 123338
96 3
96 20
96 72
96 195
96 340
96 1227
96 1229
96 1230
96 1231
96 123339
97 243
97 244
97 245
97 247
97 123340
98 99
98 115
98 195
98 773
98 775
98 776
98 2192
98 2194
98 123341
99 3
99 4
99 195
99 8842
99 8844
99 123342
100 9
100 10
100 11
100 13
100 123343
101 4
101 5
101 99
101 131
101 132
101 133
101 152
101 123344
102 4
102 5
102 67
102 6076
102 6078
102 6079
102 123345
103 71
103 76
103 190
103 191
103 123346
seqId 132
1 10
1 146
1 1024
1 1026
1 123347
2 98
2 99
2 100
2 195
2 2073
2 123348
3 3
3 4
3 195
3 4447
3 20318
3 123349
4 76
4 342
4 343
4 345
4 123350
5 4
5 5
5 99
5 131
5 132
5 133
5 152
5 37526
6 4
6 5
6 67
6 6076
6 6078
6 6079
6 123351
7 5
7 84
7 90
7 91
7 93
7 121
7 7370
7 7372
7 123352
8 5
8 20
8 99
8 131
8 132
8 133
8 166
8 123353
9 3
9 5
9 20
9 12619
9 12621
9 123354
10 9
10 10
10 26
10 169
10 171
10 123355
11 4
11 5
11 99
11 133
11 175
11 176
11 178
11 123356
12 3
12 4
12 5
12 123358
12 123359
12 123360
13 9
13 10
13 24
13 26
13 27
13 123361
14 3
14 4
14 5
14 22606
14 22608
14 123362
15 4
15 5
15 90
15 122
15 708
15 713
15 2653
15 93132
15 123364
16 10
16 146
16 147
16 149
16 123365
17 4
17 5
17 99
17 131
17 132
17 133
17 152
17 123366
18 3
18 4
18 5
18 813
18 6625
18 123367
19 9
19 10
19 11
19 13
19 123368
20 4
20 5
20 99
20 131
20 132
20 133
20 152
20 123369
21 3
21 4
21 5
21 15
21 17
21 123370
22 243
22 244
22 245
22 247
22 123371
23 230
23 231
23 232
23 234
23 123372
24 9
24 10
24 11
24 13
24 163
25 99
25 131
25 132
25 133
25 195
25 236
25 237
26 3
26 4
26 195
26 1395
26 1397
26 123373
27 4
27 5
27 202
27 4904
27 4906
27 123374
28 9
28 10
28 11
28 13
28 123375
29 67
29 605
29 607
29 1199
29 123376
30 76
30 342
30 343
30 345
30 123377
31 5
31 84
31 90
31 91
31 93
31 121
31 1301
31 3298
31 123378
32 158
32 159
32 160
32 162
32 123379
33 9
33 10
33 11
33 13
33 163
34 5
34 20
34 99
34 131
34 132
34 133
34 165
34 166
35 3
35 5
35 20
35 9702
35 44909
35 123380
36 9
36 10
36 24
36 26
36 27
36 123381
37 5
37 20
37 99
37 133
37 175
37 176
37 1316
37 123382
38 3
38 5
38 20
38 9758
38 9760
38 123383
39 76
39 413
39 414
39 416
39 49894
40 71
40 71
40 2717
40 3812
40 5178
40 9768
40 9771
40 9772
40 9773
40 9774
40 9809
40 14823
40 19221
40 123385
40 123386
41 243
41 244
41 245
41 247
41 123387
42 9
42 10
42 24
42 26
42 27
42 123388
43 5
43 20
43 99
43 133
43 175
43 176
43 1316
43 123389
44 3
44 5
44 20
44 47573
44 47575
44 123390
45 5
45 20
45 202
45 11147
45 11149
45 123391
46 9
46 10
46 11
46 13
46 123392
47 51
47 195
47 2056
47 58157
47 123394
47 123395
48 3
48 20
48 195
48 2689
48 2691
48 123396
49 5
49 20
49 90
49 122
49 705
49 708
49 713
49 18530
49 123398
49 123399
49 123400
50 10
50 828
50 829
50 831
50 123401
51 99
51 131
51 132
51 133
51 195
51 237
51 123402
52 2
52 3
52 4
52 195
52 4286
52 123403
53 3
53 20
53 195
53 2034
53 3403
53 123404
54 71
54 76
54 190
54 191
54 123405
seqId 133
1 76
1 40466
1 40467
1 40469
1 123406
2 3
2 5
2 20
2 9146
2 38370
2 115769
2 123407
seqId 134
1 10
1 828
1 1336
1 38218
1 123408
2 4
2 5
2 99
2 115
2 773
2 774
2 775
2 776
2 3330
2 123409
3 3
3 4
3 5
3 33368
3 33370
3 123410
4 243
4 244
4 245
4 247
4 123411
5 4
5 5
5 99
5 115
5 773
5 774
5 775
5 776
5 3330
5 123412
6 3
6 4
6 5
6 21456
6 21458
6 123413
7 76
7 342
7 343
7 345
7 123414
8 5
8 20
8 99
8 131
8 132
8 133
8 166
8 123415
9 5
9 20
9 67
9 268
9 1413
9 1416
9 1417
9 123416
10 5
10 84
10 90
10 91
10 93
10 121
10 3686
10 21141
10 123417
11 99
11 133
11 175
11 176
11 195
11 234
11 123418
12 3
12 4
12 15
12 195
12 4121
12 123419
13 4
13 195
13 202
13 340
13 13663
13 13665
13 123420
14 10
14 126
14 127
14 129
14 123421
15 99
15 131
15 132
15 133
15 195
15 237
15 123422
16 3
16 20
16 195
16 222
16 4204
16 123423
17 20
17 195
17 202
17 3001
17 7424
17 123424
18 243
18 244
18 245
18 247
18 123425
19 20
19 195
19 202
19 1403
19 53011
19 123426
20 243
20 244
20 245
20 247
20 123427
21 5
21 20
21 90
21 122
21 708
21 713
21 7553
21 55240
21 123428
22 660
22 7588
22 7589
22 7591
22 123429
23 10
23 4919
23 4920
23 4922
23 123430
24 5
24 20
24 99
24 131
24 132
24 133
24 166
24 123431
25 3
25 5
25 20
25 222
25 224
25 123432
26 3
26 5
26 20
26 1527
26 1529
26 123433
27 71
27 76
27 190
27 191
27 123434
seqId 135
1 4
1 5
1 98
1 99
1 100
1 4105
1 123435
2 3
2 4
2 5
2 24335
2 34594
2 123436
3 5
3 20
3 82
3 83
3 84
3 115
3 166
3 763
3 123437
4 5
4 84
4 90
4 91
4 93
4 121
4 15531
4 123439
4 123440
5 230
5 231
5 232
5 234
5 123441
6 9
6 10
6 11
6 13
6 163
7 99
7 131
7 132
7 133
7 195
7 236
7 237
8 20
8 195
8 202
8 2294
8 3837
8 123442
9 3
9 20
9 195
9 217
9 1506
9 123443
10 9
10 10
10 11
10 13
10 123444
11 3
11 5
11 20
11 222
11 224
11 123445
12 20
12 195
12 202
12 1403
12 53011
12 123446
13 82
13 759
13 2852
13 2854
13 123447
14 5
14 27
14 99
14 131
14 132
14 133
14 135
14 123448
15 3
15 4
15 5
15 897
15 899
15 123449
16 5
16 84
16 91
16 93
16 121
16 703
16 707
16 956
16 123450
17 4
17 5
17 90
17 122
17 708
17 713
17 3513
17 32349
17 123451
18 10
18 126
18 127
18 129
18 123452
19 99
19 131
19 132
19 133
19 195
19 237
19 37653
20 3
20 20
20 195
20 23048
20 23050
20 123453
21 20
21 195
21 202
21 2964
21 2966
21 123454
22 9
22 10
22 11
22 13
22 123455
23 4
23 5
23 99
23 131
23 132
23 133
23 152
23 123456
24 3
24 4
24 5
24 34306
24 34308
24 123457
25 4
25 5
25 202
25 1403
25 7713
25 123458
26 71
26 76
26 190
26 191
26 123459
seqId 136
1 10
1 378
1 3871
1 3873
1 123460
2 90
2 443
2 4845
2 28921
2 123461
3 717
3 718
3 719
3 721
3 123462
4 10
4 146
4 149
4 722
4 1539
5 5
5 20
5 99
5 131
5 132
5 133
5 165
5 166
6 3
6 5
6 20
6 22631
6 22634
6 123463
7 98
7 99
7 100
7 195
7 2073
7 123464
8 3
8 4
8 195
8 897
8 3520
8 123465
9 76
9 342
9 343
9 345
9 123466
10 5
10 99
10 131
10 132
10 133
10 135
10 171
10 123467
11 2
11 3
11 4
11 5
11 181
11 123468
12 5
12 84
12 91
12 93
12 121
12 702
12 703
12 705
12 123469
13 5
13 20
13 90
13 122
13 708
13 769
13 12336
13 76933
13 123470
14 90
14 443
14 5138
14 20731
14 123471
15 99
15 133
15 175
15 176
15 195
15 234
15 123472
16 3
16 20
16 195
16 4862
16 4864
16 123473
17 660
17 1539
17 1622
17 1625
17 123474
18 660
18 3768
18 3769
18 3771
18 123475
19 717
19 718
19 719
19 721
19 123476
20 10
20 146
20 147
20 149
20 722
21 5
21 20
21 99
21 131
21 132
21 133
21 165
21 166
22 3
22 5
22 20
22 1325
22 1327
22 123477
23 9
23 10
23 11
23 13
23 60122
24 5
24 27
24 99
24 131
24 132
24 133
24 135
24 123478
25 5
25 67
25 1256
25 1258
25 1259
25 123479
26 3
26 5
26 20
26 222
26 371
26 123480
27 243
27 244
27 245
27 247
27 123481
28 3
28 4
28 5
28 313
28 5251
28 123482
29 4
29 5
29 202
29 3199
29 5132
29 123483
30 9
30 10
30 11
30 13
30 123484
31 67
31 605
31 607
31 1199
31 123485
32 27
32 944
32 945
32 1463
32 3308
32 123486
33 10
33 1387
33 1388
33 1390
33 123487
34 26
34 27
34 99
34 133
34 175
34 176
34 195
34 123488
35 4
35 195
35 202
35 2294
35 3837
35 123489
36 3
36 4
36 195
36 642
36 644
36 123490
37 4
37 195
37 202
37 13322
37 14471
37 123491
38 244
38 418
38 419
38 421
38 123492
39 4
39 195
39 202
39 13830
39 53096
39 123493
40 71
40 76
40 190
40 191
40 50071
seqId 137
1 99
1 131
1 132
1 133
1 195
1 1220
1 123494
2 3
2 20
2 195
2 2034
2 3403
2 123495
3 158
3 159
3 160
3 162
3 123496
4 9
4 10
4 11
4 13
4 163
5 5
5 20
5 99
5 131
5 132
5 133
5 165
5 166
6 5
6 20
6 67
6 268
6 1413
6 1416
6 1417
6 123497
7 84
7 91
7 93
7 121
7 195
7 702
7 703
7 1062
7 123498
8 82
8 83
8 84
8 109
8 112
8 115
8 123499
9 3
9 5
9 20
9 5292
9 44681
9 123500
10 4
10 5
10 98
10 99
10 100
10 1927
10 123501
11 3
11 4
11 5
11 8229
11 12263
11 123502
12 4
12 5
12 202
12 12971
12 12973
12 123503
13 71
13 76
13 190
13 191
13 123504
seqId 138
1 10
1 126
1 1922
1 1924
1 123505
2 5
2 20
2 99
2 131
2 132
2 133
2 166
2 123506
3 3
3 5
3 20
3 15008
3 15010
3 123507
4 5
4 20
4 202
4 646
4 25589
4 123508
5 76
5 342
5 343
5 345
5 123509
6 5
6 20
6 99
6 131
6 132
6 133
6 166
6 123510
7 5
7 20
7 67
7 268
7 1413
7 1416
7 1417
7 123511
8 5
8 84
8 90
8 91
8 93
8 121
8 2784
8 121633
8 123513
9 660
9 12538
9 12539
9 12541
9 123514
10 4
10 5
10 99
10 131
10 132
10 133
10 152
10 123515
11 4
11 5
11 67
11 6076
11 6078
11 6079
11 123516
12 243
12 244
12 245
12 247
12 95476
13 99
13 131
13 132
13 133
13 195
13 237
13 123517
14 4
14 195
14 202
14 2294
14 3837
14 123518
15 2
15 3
15 4
15 195
15 4286
15 123519
16 9
16 10
16 11
16 13
16 123520
17 3
17 4
17 5
17 15
17 17
17 123521
18 9
18 10
18 11
18 13
18 123522
19 5
19 27
19 99
19 131
19 132
19 133
19 135
19 123523
20 3
20 4
20 5
20 597
20 599
20 123524
21 67
21 601
21 603
21 1197
21 123525
22 67
22 605
22 607
22 1199
22 123526
23 71
23 76
23 190
23 191
23 123527
seqId 139
1 10
1 283
1 3640
1 3642
1 123528
2 4
2 5
2 99
2 131
2 132
2 133
2 152
2 37794
3 3
3 4
3 5
3 1913
3 1915
3 37795
4 4
4 5
4 202
4 28847
4 113831
4 123529
5 76
5 342
5 343
5 345
5 123530
6 5
6 20
6 82
6 83
6 84
6 115
6 763
6 1002
6 123531
7 5
7 84
7 91
7 93
7 121
7 702
7 703
7 705
7 123532
8 5
8 20
8 90
8 122
8 708
8 769
8 1301
8 7764
8 123533
9 158
9 159
9 160
9 162
9 123534
10 9
10 10
10 11
10 13
10 163
11 5
11 20
11 99
11 131
11 132
11 133
11 165
11 166
12 3
12 5
12 20
12 12619
12 12621
12 123535
13 158
13 159
13 160
13 162
13 60185
14 9
14 10
14 11
14 13
14 163
15 5
15 20
15 99
15 131
15 132
15 133
15 165
15 166
16 5
16 20
16 67
16 5785
16 5787
16 5788
16 123536
17 76
17 413
17 414
17 416
17 123537
18 3
18 5
18 20
18 217
18 219
18 123538
19 9
19 10
19 11
19 13
19 123539
20 3
20 5
20 20
20 222
20 224
20 123540
21 5
21 20
21 202
21 5794
21 5796
21 123541
22 243
22 244
22 245
22 247
22 123542
23 9
23 10
23 11
23 13
23 123543
24 3
24 4
24 5
24 5800
24 5802
24 5803
24 5804
24 123544
25 76
25 433
25 434
25 436
25 123545
26 76
26 342
26 343
26 345
26 50154
27 158
27 159
27 160
27 162
27 123546
28 9
28 10
28 11
28 13
28 163
29 5
29 20
29 99
29 131
29 132
29 133
29 165
29 166
30 5
30 20
30 67
30 265
30 268
30 269
30 270
30 123547
31 76
31 413
31 414
31 416
31 123548
32 3
32 5
32 20
32 217
32 219
32 123549
33 9
33 10
33 11
33 13
33 123550
34 3
34 5
34 20
34 222
34 224
34 123551
35 5
35 20
35 202
35 226
35 228
35 123552
36 230
36 231
36 232
36 234
36 123553
37 9
37 10
37 11
37 13
37 163
38 99
38 131
38 132
38 133
38 195
38 236
38 237
39 3
39 4
39 195
39 239
39 241
39 123554
40 243
40 244
40 245
40 247
40 123555
41 158
41 159
41 160
41 162
41 123556
42 9
42 10
42 11
42 13
42 163
43 5
43 20
43 99
43 131
43 132
43 133
43 165
43 166
44 3
44 5
44 20
44 250
44 252
44 123557
45 20
45 195
45 202
45 254
45 3637
45 123558
46 76
46 433
46 434
46 436
46 123559
47 76
47 342
47 343
47 345
47 123560
48 158
48 159
48 160
48 162
48 123561
49 9
49 10
49 11
49 13
49 163
50 5
50 20
50 99
50 131
50 132
50 133
50 165
50 166
51 5
51 20
51 67
51 268
51 5600
51 5602
51 123562
52 76
52 413
52 414
52 416
52 123563
53 3
53 5
53 20
53 217
53 219
53 123564
54 9
54 10
54 11
54 13
54 123565
55 3
55 5
55 20
55 222
55 224
55 123566
56 5
56 20
56 202
56 2923
56 2925
56 123567
57 76
57 433
57 434
57 436
57 123568
58 76
58 342
58 343
58 345
58 123569
59 158
59 159
59 160
59 162
59 123570
60 9
60 10
60 11
60 13
60 163
61 5
61 20
61 99
61 131
61 132
61 133
61 165
61 166
62 5
62 20
62 67
62 46520
62 46522
62 46523
62 123571
63 76
63 413
63 414
63 416
63 123572
64 3
64 5
64 20
64 217
64 219
64 123573
65 9
65 10
65 26
65 169
65 171
65 123574
66 3
66 4
66 5
66 14686
66 14688
66 123575
67 243
67 244
67 245
67 247
67 123576
68 9
68 10
68 26
68 169
68 171
68 123577
69 3
69 4
69 5
69 30801
69 30803
69 123578
70 158
70 159
70 160
70 162
70 123579
71 9
71 10
71 11
71 13
71 163
72 5
72 20
72 99
72 131
72 132
72 133
72 165
72 166
73 3
73 5
73 20
73 222
73 224
73 123580
74 76
74 433
74 434
74 436
74 123581
75 76
75 342
75 343
75 345
75 123582
76 158
76 159
76 160
76 162
76 123583
77 9
77 10
77 11
77 13
77 163
78 5
78 20
78 99
78 131
78 132
78 133
78 165
78 166
79 5
79 20
79 67
79 5616
79 5618
79 5619
79 123584
80 76
80 413
80 414
80 416
80 123585
81 3
81 5
81 20
81 217
81 219
81 123586
82 9
82 10
82 11
82 13
82 123587
83 3
83 4
83 5
83 15
83 17
83 123588
84 10
84 109
84 110
84 112
84 123589
85 3
85 5
85 20
85 222
85 224
85 123590
86 5
86 20
86 202
86 5627
86 5629
86 123591
87 76
87 433
87 434
87 436
87 123592
88 76
88 342
88 343
88 345
88 123593
89 9
89 10
89 11
89 13
89 6884
90 5
90 99
90 131
90 132
90 133
90 135
90 171
90 123594
91 5
91 67
91 6030
91 6032
91 123595
92 36
92 67
92 5978
92 5979
92 47866
92 47867
92 123596
93 76
93 413
93 414
93 416
93 123597
94 3
94 5
94 20
94 217
94 219
94 123598
95 9
95 10
95 11
95 13
95 123599
96 3
96 4
96 5
96 5987
96 55143
96 123600
97 243
97 244
97 245
97 247
97 123601
98 9
98 10
98 26
98 169
98 171
98 123602
99 3
99 4
99 5
99 3268
99 3270
99 123603
100 158
100 159
100 160
100 162
100 123604
101 9
101 10
101 11
101 13
101 163
102 5
102 20
102 99
102 131
102 132
102 133
102 165
102 166
103 3
103 5
103 20
103 222
103 224
103 123605
104 76
104 433
104 434
104 436
104 123606
105 76
105 342
105 343
105 345
105 123607
106 10
106 283
106 284
106 286
106 123608
107 5
107 99
107 131
107 132
107 133
107 135
107 171
107 123609
108 3
108 4
108 5
108 2608
108 4490
108 123610
109 9
109 10
109 11
109 13
109 123611
110 3
110 20
110 195
110 340
110 2887
110 2889
110 123612
111 76
111 342
111 343
111 345
111 37886
112 9
112 10
112 11
112 13
112 123613
113 3
113 20
113 195
113 9188
113 60940
113 123614
114 9
114 10
114 11
114 13
114 123615
115 3
115 4
115 195
115 1970
115 1972
115 123616
116 243
116 244
116 245
116 247
116 123617
117 9
117 10
117 11
117 13
117 123618
118 3
118 4
118 195
118 1970
118 1972
118 123619
119 3
119 20
119 195
119 19603
119 29160
119 123620
120 71
120 76
120 190
120 191
120 60265
seqId 140
1 10
1 126
1 1922
1 1924
1 123621
2 5
2 20
2 99
2 131
2 132
2 133
2 166
2 123622
3 3
3 5
3 20
3 15008
3 15010
3 123623
4 5
4 20
4 202
4 8082
4 12624
4 123624
5 76
5 342
5 343
5 345
5 123625
6 5
6 20
6 99
6 131
6 132
6 133
6 166
6 123626
7 5
7 20
7 67
7 268
7 1413
7 1416
7 1417
7 123627
8 5
8 84
8 91
8 93
8 121
8 703
8 707
8 956
8 123628
9 3
9 5
9 20
9 2034
9 2036
9 123629
10 5
10 20
10 202
10 62155
10 62157
10 123630
11 158
11 159
11 160
11 162
11 123631
12 9
12 10
12 11
12 13
12 163
13 5
13 20
13 99
13 131
13 132
13 133
13 165
13 166
14 5
14 20
14 67
14 204
14 122880
14 122882
14 123632
15 509
15 912
15 85142
15 123633
15 123634
16 509
16 5178
16 28622
16 80533
16 123636
16 123637
16 123638
17 76
17 137
17 138
17 140
17 123639
18 3
18 5
18 20
18 17780
18 51835
18 123640
19 5
19 20
19 202
19 6881
19 48305
19 123641
20 5
20 20
20 202
20 1403
20 14323
20 123642
21 3
21 5
21 20
21 222
21 371
21 123643
22 9
22 10
22 11
22 13
22 123644
23 5
23 27
23 99
23 131
23 132
23 133
23 135
23 123645
24 3
24 5
24 20
24 33358
24 33360
24 123646
25 9
25 10
25 11
25 13
25 123647
26 3
26 4
26 5
26 17915
26 17917
26 123648
27 76
27 342
27 343
27 345
27 123649
28 3
28 4
28 5
28 4002
28 4004
28 123650
29 243
29 244
29 245
29 247
29 123651
30 3
30 4
30 5
30 3162
30 5832
30 123652
31 76
31 185
31 186
31 188
31 123653
32 71
32 76
32 190
32 191
32 123654
seqId 141
1 5
1 20
1 90
1 122
1 708
1 712
1 713
1 120036
1 123655
2 10
2 109
2 110
2 112
2 123656
3 51
3 195
3 8426
3 8428
3 123657
4 10
4 828
4 829
4 831
4 123658
5 5
5 20
5 99
5 131
5 132
5 133
5 166
5 123659
6 5
6 20
6 67
6 41961
6 41964
6 123660
7 76
7 342
7 343
7 345
7 123661
8 5
8 20
8 98
8 99
8 100
8 102
8 123662
9 5
9 20
9 67
9 204
9 122880
9 122882
9 123663
10 5
10 84
10 90
10 91
10 93
10 121
10 8855
10 13550
10 123664
11 4
11 5
11 99
11 133
11 175
11 176
11 178
11 123665
12 4
12 5
12 67
12 6030
12 6032
12 123666
13 76
13 413
13 414
13 416
13 123667
14 67
14 268
14 102426
14 123669
14 123670
14 123671
15 9
15 10
15 11
15 13
15 123672
16 5
16 27
16 99
16 131
16 132
16 133
16 135
16 123673
17 3
17 4
17 5
17 597
17 599
17 123674
18 9
18 10
18 24
18 26
18 27
18 123675
19 67
19 123677
19 123678
19 123679
19 123680
20 67
20 48834
20 48835
20 48837
20 123681
21 76
21 342
21 343
21 345
21 123682
22 67
22 6030
22 6032
22 57336
22 123683
23 51
23 195
23 86489
23 123685
23 123686
23 123687
24 76
24 433
24 434
24 436
24 123688
25 243
25 244
25 245
25 247
25 123689
26 51
26 195
26 10375
26 10377
26 123690
27 3
27 4
27 195
27 642
27 644
27 123691
28 9
28 10
28 24
28 26
28 27
28 123692
29 3
29 5
29 20
29 1019
29 25531
29 123693
30 4
30 195
30 202
30 13322
30 14471
30 123694
31 76
31 413
31 414
31 416
31 123695
32 5
32 20
32 99
32 131
32 132
32 133
32 166
32 7008
33 5
33 20
33 67
33 5787
33 6746
33 123697
33 123698
34 9
34 10
34 11
34 13
34 123699
35 5
35 27
35 99
35 131
35 132
35 133
35 135
35 123700
36 3
36 4
36 5
36 597
36 599
36 123701
37 9
37 10
37 11
37 13
37 123702
38 67
38 123704
38 123705
38 123706
38 123707
39 243
39 244
39 245
39 247
39 7019
40 230
40 231
40 232
40 234
40 123708
41 9
41 10
41 11
41 13
41 163
42 99
42 131
42 132
42 133
42 195
42 236
42 237
43 3
43 20
43 195
43 22020
43 22022
43 123709
44 9
44 10
44 11
44 13
44 123710
45 5
45 27
45 99
45 131
45 132
45 133
45 135
45 123711
46 5
46 67
46 4702
46 123713
46 123714
46 123715
47 76
47 342
47 343
47 345
47 123716
48 67
48 55291
48 55292
48 55294
48 123717
49 51
49 195
49 33306
49 62282
49 123719
49 123720
50 76
50 342
50 343
50 345
50 123721
51 5
51 20
51 99
51 131
51 132
51 133
51 166
51 123722
52 5
52 20
52 67
52 268
52 102426
52 123669
52 123723
53 9
53 10
53 11
53 13
53 123724
54 5
54 27
54 99
54 131
54 132
54 133
54 135
54 123725
55 3
55 4
55 5
55 597
55 599
55 123726
56 9
56 10
56 24
56 26
56 27
56 123727
57 67
57 123677
57 123678
57 123680
57 123728
58 67
58 48834
58 48835
58 48837
58 123729
59 76
59 342
59 343
59 345
59 123730
60 67
60 6030
60 6032
60 57336
60 123731
61 51
61 195
61 86489
61 123685
61 123687
61 123732
62 76
62 342
62 343
62 345
62 123733
63 5
63 27
63 99
63 131
63 132
63 133
63 135
63 123734
64 5
64 67
64 1417
64 123736
64 123737
64 123738
65 9
65 10
65 11
65 13
65 123739
66 5
66 27
66 99
66 131
66 132
66 133
66 135
66 123740
67 3
67 4
67 5
67 597
67 599
67 123741
68 67
68 51488
68 69760
68 69761
68 123742
69 67
69 123744
69 123745
69 123746
69 123747
70 67
70 51866
70 51867
70 51869
70 123748
71 51
71 195
71 26052
71 26054
71 123749
72 76
72 413
72 414
72 416
72 123750
73 67
73 55291
73 55292
73 55294
73 123751
74 51
74 195
74 58246
74 123753
74 123754
74 123755
75 76
75 433
75 434
75 436
75 123756
76 76
76 433
76 434
76 436
76 123757
77 76
77 342
77 343
77 345
77 123758
78 5
78 27
78 99
78 131
78 132
78 133
78 135
78 123759
79 5
79 67
79 37858
79 75755
79 120146
79 123761
79 123762
80 9
80 10
80 11
80 13
80 123763
81 5
81 27
81 99
81 131
81 132
81 133
81 135
81 123764
82 3
82 4
82 5
82 597
82 599
82 123765
83 9
83 10
83 11
83 13
83 123766
84 67
84 90898
84 90899
84 90901
84 123767
85 51
85 195
85 3206
85 123769
85 123770
86 76
86 342
86 343
86 345
86 60364
87 67
87 55291
87 55292
87 55294
87 123771
88 51
88 195
88 80493
88 123773
88 123774
88 123775
89 76
89 433
89 434
89 436
89 123776
90 71
90 76
90 190
90 191
90 7069
seqId 142
1 10
1 126
1 1922
1 1924
1 7070
2 4
2 5
2 99
2 131
2 132
2 133
2 152
2 123777
3 3
3 4
3 5
3 1913
3 1915
3 123778
4 9
4 10
4 11
4 13
4 123779
5 3
5 4
5 5
5 1931
5 1933
5 123780
6 76
6 342
6 343
6 345
6 60372
7 5
7 20
7 99
7 131
7 132
7 133
7 166
7 60373
8 5
8 20
8 67
8 268
8 1413
8 1416
8 1417
8 123781
9 5
9 84
9 91
9 93
9 121
9 702
9 703
9 705
9 123782
10 5
10 20
10 90
10 122
10 708
10 769
10 1064
10 1066
10 123783
11 3
11 4
11 5
11 5469
11 5471
11 123784
12 10
12 146
12 147
12 149
12 123785
13 4
13 195
13 202
13 1377
13 1379
13 123786
14 99
14 131
14 132
14 133
14 195
14 237
14 123787
15 3
15 4
15 195
15 6862
15 14459
15 123788
16 9
16 10
16 26
16 169
16 171
16 123789
17 3
17 4
17 195
17 1395
17 1397
17 123790
18 76
18 342
18 343
18 345
18 123791
19 3
19 20
19 195
19 2863
19 10735
19 123792
20 243
20 244
20 245
20 247
20 123793
21 3
21 20
21 195
21 4157
21 4159
21 123794
22 20
22 195
22 202
22 1777
22 1808
22 1809
22 4904
22 123795
23 5
23 20
23 202
23 11147
23 11149
23 123796
24 158
24 159
24 160
24 162
24 123797
25 9
25 10
25 11
25 13
25 163
26 5
26 20
26 99
26 131
26 132
26 133
26 165
26 166
27 5
27 20
27 67
27 204
27 122880
27 122882
27 123798
28 90
28 121
28 122
28 91949
28 91951
28 123799
29 10
29 109
29 112
29 1539
29 123800
30 3
30 5
30 20
30 1601
30 1603
30 123801
31 20
31 82
31 84
31 100
31 195
31 4680
31 6827
31 123802
32 9
32 10
32 11
32 13
32 123803
33 51
33 195
33 4162
33 4164
33 123804
34 20
34 90
34 122
34 195
34 708
34 713
34 789
34 47050
34 123805
35 717
35 718
35 719
35 721
35 60407
36 10
36 146
36 147
36 149
36 722
37 5
37 20
37 99
37 131
37 132
37 133
37 165
37 166
38 3
38 5
38 20
38 2081
38 48543
38 123806
39 5
39 20
39 202
39 10844
39 45825
39 122887
39 123807
40 10
40 283
40 284
40 286
40 123808
41 5
41 99
41 131
41 132
41 133
41 135
41 171
41 123809
42 3
42 5
42 20
42 33358
42 35385
42 123810
43 9
43 10
43 11
43 13
43 123811
44 3
44 4
44 5
44 17915
44 17917
44 123812
45 76
45 342
45 343
45 345
45 123813
46 3
46 4
46 5
46 4002
46 4004
46 123814
47 243
47 244
47 245
47 247
47 123815
48 3
48 4
48 5
48 3162
48 5832
48 123816
49 71
49 76
49 190
49 191
49 123817
seqId 143
1 660
1 941
1 3768
1 14116
1 123818
2 944
2 945
2 946
2 948
2 123819
3 4
3 5
3 99
3 131
3 132
3 133
3 152
3 123820
4 3
4 4
4 5
4 7319
4 123822
4 123823
5 4
5 5
5 202
5 22258
5 22260
5 123825
6 158
6 159
6 160
6 162
6 123826
7 9
7 10
7 11
7 13
7 163
8 5
8 20
8 99
8 131
8 132
8 133
8 165
8 166
9 5
9 20
9 67
9 204
9 122880
9 122882
9 123827
10 10
10 1387
10 1388
10 1390
10 123828
11 5
11 20
11 99
11 131
11 132
11 133
11 166
11 123829
12 5
12 20
12 67
12 41961
12 41964
12 123830
13 5
13 84
13 93
13 121
13 702
13 703
13 4415
13 4763
13 123831
14 5
14 20
14 90
14 122
14 708
14 1064
14 1066
14 123832
15 3
15 4
15 5
15 4447
15 4449
15 123833
16 10
16 109
16 110
16 112
16 123834
17 51
17 52
17 4167
17 4169
17 123835
18 76
18 342
18 343
18 345
18 123836
19 99
19 195
19 773
19 776
19 3400
19 123837
20 3
20 20
20 195
20 2034
20 3403
20 38106
21 84
21 91
21 93
21 121
21 195
21 702
21 703
21 1062
21 123838
22 5
22 20
22 90
22 122
22 708
22 2251
22 2253
22 123839
23 9
23 10
23 11
23 13
23 123840
24 90
24 443
24 5094
24 34555
24 123841
25 5
25 99
25 131
25 132
25 133
25 135
25 171
25 123842
26 3
26 4
26 5
26 110915
26 110917
26 123843
27 4
27 5
27 202
27 5335
27 5337
27 123844
28 71
28 76
28 190
28 191
28 123845
seqId 144
1 10
1 109
1 878
1 1539
1 123846
2 660
2 4185
2 4186
2 4188
2 123847
3 76
3 342
3 343
3 345
3 123848
4 5
4 20
4 99
4 131
4 132
4 133
4 166
4 123849
5 5
5 20
5 67
5 268
5 1413
5 1416
5 1417
5 123850
6 5
6 84
6 90
6 91
6 93
6 121
6 2784
6 121633
6 123851
7 660
7 7237
7 10032
7 10034
7 123852
8 660
8 12538
8 12539
8 12541
8 123853
9 99
9 133
9 175
9 176
9 195
9 234
9 123854
10 3
10 20
10 195
10 10402
10 10404
10 123855
11 9
11 10
11 24
11 26
11 27
11 123856
12 4
12 195
12 202
12 2294
12 3837
12 123857
13 3
13 4
13 195
13 597
13 31151
13 123858
14 4
14 195
14 202
14 13322
14 14471
14 123859
15 243
15 244
15 245
15 247
15 123860
16 4
16 195
16 202
16 13830
16 53096
16 123861
17 10
17 378
17 379
17 381
17 123862
18 90
18 443
18 1064
18 8149
18 123863
19 3
19 4
19 5
19 5469
19 5471
19 123864
20 4
20 5
20 202
20 8973
20 8975
20 123865
21 2822
21 2823
21 2824
21 2826
21 123866
22 10
22 146
22 147
22 149
22 722
23 99
23 131
23 132
23 133
23 195
23 236
23 237
24 3
24 4
24 195
24 1970
24 1972
24 123867
25 27
25 82
25 759
25 944
25 1463
25 123868
26 5
26 20
26 82
26 83
26 84
26 115
26 763
26 1002
26 123869
27 5
27 84
27 90
27 91
27 93
27 121
27 2832
27 11345
27 123870
28 71
28 76
28 190
28 191
28 123871
29 5211
29 5212
29 5213
29 5215
29 123872
seqId 145
1 10
1 146
1 147
1 149
1 722
2 5
2 20
2 99
2 131
2 132
2 133
2 165
2 166
3 3
3 5
3 20
3 389
3 391
3 123873
4 9
4 10
4 11
4 13
4 60489
5 4
5 5
5 99
5 131
5 132
5 133
5 152
5 123874
6 3
6 4
6 5
6 1913
6 1915
6 123875
7 9
7 10
7 11
7 13
7 123876
8 3
8 4
8 5
8 1931
8 1933
8 123877
9 76
9 342
9 343
9 345
9 123878
10 660
10 2347
10 2350
10 2522
10 123879
11 9
11 10
11 26
11 169
11 171
11 123880
12 4
12 5
12 51
12 175
12 178
12 123881
13 3
13 4
13 5
13 13876
13 13878
13 123882
14 9
14 10
14 11
14 13
14 123883
15 3
15 20
15 195
15 10402
15 10404
15 123884
16 10
16 109
16 110
16 112
16 123885
17 3
17 4
17 5
17 121093
17 121095
17 123886
18 9
18 10
18 24
18 26
18 27
18 123887
19 4
19 195
19 202
19 2294
19 3837
19 123888
20 3
20 4
20 195
20 597
20 31151
20 123889
21 4
21 195
21 202
21 13322
21 14471
21 123890
22 243
22 244
22 245
22 247
22 123891
23 4
23 5
23 51
23 175
23 178
23 123892
24 3
24 4
24 5
24 11209
24 11211
24 123893
25 9
25 10
25 11
25 13
25 123894
26 3
26 20
26 195
26 10402
26 10404
26 123895
27 20
27 195
27 202
27 7185
27 18153
27 123896
28 9
28 10
28 24
28 26
28 27
28 123897
29 3
29 4
29 195
29 340
29 597
29 599
29 123898
30 244
30 418
30 419
30 421
30 123899
31 9
31 10
31 11
31 13
31 123900
32 3
32 20
32 195
32 4434
32 14602
32 123901
33 20
33 195
33 202
33 13830
33 13832
33 123902
34 84
34 91
34 93
34 121
34 195
34 702
34 703
34 1062
34 123903
35 660
35 976
35 977
35 979
35 123904
36 5
36 20
36 122
36 703
36 707
36 708
36 710
36 123905
37 20
37 90
37 122
37 195
37 708
37 713
37 1488
37 9698
37 123906
38 71
38 76
38 190
38 191
38 123907
seqId 146
1 9
1 10
1 1539
1 1886
1 123908
2 660
2 2347
2 2348
2 2350
2 123909
3 76
3 342
3 343
3 345
3 123910
4 5
4 20
4 99
4 131
4 132
4 133
4 166
4 123911
5 5
5 20
5 67
5 268
5 1413
5 1416
5 1417
5 123912
6 5
6 84
6 90
6 91
6 93
6 121
6 54496
6 66923
6 95833
7 10
7 1387
7 1388
7 1390
7 95834
8 5
8 20
8 99
8 131
8 132
8 133
8 166
8 123914
9 3
9 5
9 20
9 217
9 219
9 123915
10 5
10 20
10 202
10 1399
10 3538
10 60544
11 5
11 20
11 72
11 202
11 31324
11 85508
11 123917
11 123918
12 9
12 10
12 11
12 13
12 123919
13 5
13 99
13 131
13 132
13 133
13 135
13 171
13 123920
14 3
14 4
14 5
14 597
14 599
14 123921
15 9
15 10
15 11
15 13
15 123922
16 67
16 310
16 96149
16 123924
16 123925
16 123926
16 123927
16 123928
17 67
17 14076
17 14078
17 14127
17 123929
18 10
18 283
18 284
18 286
18 123930
19 5
19 20
19 99
19 131
19 132
19 133
19 166
19 123931
20 3
20 5
20 20
20 4345
20 4347
20 123932
21 9
21 10
21 26
21 169
21 171
21 123933
22 5
22 20
22 99
22 133
22 175
22 176
22 1316
22 123934
23 3
23 5
23 20
23 429
23 431
23 123935
24 5
24 20
24 202
24 5335
24 8517
24 123936
25 75
25 76
25 77
25 79
25 123937
26 99
26 131
26 132
26 133
26 195
26 237
26 123938
27 3
27 4
27 195
27 38270
27 114987
27 114989
28 158
28 159
28 160
28 162
28 123939
29 9
29 10
29 11
29 13
29 163
30 5
30 20
30 99
30 131
30 132
30 133
30 165
30 166
31 3
31 5
31 20
31 74070
31 74072
31 123940
32 10
32 283
32 284
32 286
32 123941
33 4
33 5
33 99
33 131
33 132
33 133
33 152
33 123942
34 4
34 5
34 202
34 7021
34 50769
34 123943
35 3
35 4
35 5
35 3032
35 3034
35 123944
36 71
36 76
36 190
36 191
36 7350
seqId 147
1 4
1 5
1 98
1 99
1 100
1 4105
1 123945
2 3
2 4
2 5
2 5256
2 5258
2 123946
3 4
3 5
3 90
3 122
3 708
3 713
3 11173
3 66856
3 123947
4 10
4 109
4 110
4 112
4 123948
5 51
5 195
5 5342
5 5344
5 123949
6 5
6 84
6 90
6 91
6 93
6 121
6 5094
6 43394
6 123950
7 5
7 99
7 131
7 132
7 133
7 135
7 171
7 123951
8 3
8 5
8 20
8 1650
8 3499
8 123952
9 9
9 10
9 26
9 169
9 171
9 123953
10 90
10 443
10 2832
10 10563
10 123954
11 51
11 195
11 11257
11 11259
11 123955
12 3
12 20
12 195
12 340
12 2887
12 2889
12 123956
13 10
13 1605
13 1606
13 1608
13 123957
14 51
14 195
14 5342
14 5344
14 123958
15 243
15 244
15 245
15 247
15 123959
16 51
16 195
16 56760
16 56762
16 123960
17 10
17 146
17 147
17 149
17 123961
18 5
18 99
18 131
18 132
18 133
18 135
18 171
18 123962
19 3
19 4
19 5
19 597
19 599
19 123963
20 9
20 10
20 11
20 13
20 123964
21 67
21 310
21 96149
21 123924
21 123925
21 123927
21 123928
21 123965
22 10
22 378
22 379
22 381
22 123966
23 90
23 443
23 3446
23 3448
23 123967
24 243
24 244
24 245
24 247
24 50675
25 90
25 443
25 63865
25 63867
25 123968
26 99
26 131
26 132
26 133
26 195
26 237
26 123969
27 3
27 4
27 195
27 25430
27 37321
27 123970
28 9
28 10
28 11
28 13
28 50681
29 5
29 99
29 131
29 132
29 133
29 135
29 171
29 123971
30 3
30 4
30 5
30 30166
30 30168
30 123972
31 4
31 5
31 202
31 1399
31 3538
31 123973
32 158
32 159
32 160
32 162
32 123974
33 9
33 10
33 11
33 13
33 163
34 5
34 20
34 99
34 131
34 132
34 133
34 165
34 166
35 3
35 5
35 20
35 74070
35 74072
35 123975
36 10
36 283
36 284
36 286
36 123976
37 4
37 5
37 99
37 131
37 132
37 133
37 152
37 123977
38 4
38 5
38 202
38 7021
38 50769
38 123978
39 3
39 4
39 5
39 3032
39 3034
39 123979
40 76
40 413
40 414
40 416
40 123980
41 3
41 4
41 5
41 3032
41 21445
41 123981
42 4
42 5
42 90
42 122
42 708
42 713
42 1159
42 1161
42 123982
43 717
43 718
43 719
43 721
43 123983
44 10
44 146
44 147
44 149
44 722
45 5
45 20
45 99
45 131
45 132
45 133
45 165
45 166
46 3
46 5
46 20
46 4710
46 13152
46 51675
46 123985
46 123986
47 9
47 10
47 11
47 13
47 123987
48 4
48 5
48 99
48 131
48 132
48 133
48 152
48 123988
49 4
49 5
49 67
49 3042
49 3045
49 123989
50 76
50 342
50 343
50 345
50 123990
51 9
51 10
51 11
51 13
51 123991
52 4
52 5
52 99
52 131
52 132
52 133
52 152
52 123992
53 4
53 5
53 67
53 14195
53 14198
53 123993
54 76
54 342
54 343
54 345
54 50721
55 158
55 159
55 160
55 162
55 123994
56 9
56 10
56 11
56 13
56 163
57 5
57 20
57 99
57 131
57 132
57 133
57 165
57 166
58 5
58 20
58 67
58 52889
58 52892
58 123995
59 243
59 244
59 245
59 247
59 123996
60 9
60 10
60 11
60 13
60 123997
61 5
61 99
61 131
61 132
61 133
61 135
61 171
61 123998
62 5
62 67
62 14076
62 14078
62 123999
63 76
63 433
63 434
63 436
63 124000
64 71
64 76
64 190
64 191
64 124001
seqId 148
1 660
1 5049
1 7881
1 7883
1 124002
2 76
2 342
2 343
2 345
2 124003
3 5
3 20
3 99
3 131
3 132
3 133
3 166
3 124004
4 5
4 20
4 67
4 268
4 1413
4 1416
4 1417
4 124005
5 5
5 84
5 91
5 93
5 121
5 702
5 703
5 705
5 124006
6 5
6 20
6 90
6 122
6 708
6 769
6 7314
6 8640
6 124007
7 10
7 109
7 110
7 112
7 124008
8 3
8 5
8 20
8 1875
8 1877
8 124009
9 51
9 195
9 5342
9 5344
9 124010
10 4
10 5
10 99
10 133
10 175
10 176
10 178
10 124011
11 3
11 4
11 5
11 7319
11 7321
11 124012
12 9
12 10
12 11
12 13
12 124013
13 3
13 4
13 5
13 5104
13 5106
13 124014
14 10
14 1387
14 1388
14 1390
14 124015
15 4
15 5
15 99
15 131
15 132
15 133
15 152
15 124016
16 3
16 4
16 5
16 22445
16 22447
16 124017
17 9
17 10
17 11
17 13
17 124018
18 3
18 5
18 20
18 222
18 224
18 124019
19 9
19 10
19 11
19 13
19 124020
20 5
20 99
20 131
20 132
20 133
20 135
20 171
20 124021
21 3
21 4
21 5
21 597
21 599
21 124022
22 9
22 10
22 26
22 169
22 171
22 124023
23 67
23 72
23 11542
23 14296
23 37859
23 124025
23 124026
23 124027
23 124028
23 124029
23 124030
24 717
24 718
24 719
24 721
24 124031
25 10
25 146
25 147
25 149
25 722
26 5
26 20
26 99
26 131
26 132
26 133
26 165
26 166
27 5
27 20
27 67
27 124033
27 124034
27 124035
28 71
28 76
28 190
28 191
28 124036
seqId 149
1 5
1 20
1 98
1 99
1 100
1 4215
1 124037
2 3
2 5
2 20
2 11279
2 11281
2 124038
3 5
3 84
3 90
3 91
3 93
3 121
3 9141
3 94553
3 124039
4 4
4 5
4 99
4 131
4 132
4 133
4 152
4 124040
5 3
5 4
5 5
5 8566
5 124042
5 124043
6 9
6 10
6 11
6 13
6 50780
7 3
7 4
7 195
7 7319
7 58061
7 124044
8 9
8 10
8 11
8 13
8 60690
9 3
9 4
9 72
9 195
9 1384
9 5390
9 7291
9 32430
9 32432
9 124045
10 9
10 10
10 11
10 13
10 38427
11 3
11 4
11 195
11 340
11 10248
11 10250
11 124046
12 76
12 342
12 343
12 345
12 124047
13 9
13 10
13 11
13 13
13 124048
14 3
14 20
14 195
14 340
14 11709
14 11711
14 124050
15 243
15 244
15 245
15 247
15 124051
16 5
16 99
16 131
16 132
16 133
16 135
16 171
16 124052
17 3
17 5
17 20
17 1019
17 25531
17 124053
18 5
18 20
18 202
18 72517
18 72519
18 124054
19 9
19 10
19 11
19 13
19 124055
20 3
20 20
20 195
20 10402
20 10404
20 124056
21 20
21 195
21 202
21 124058
21 124059
21 124060
22 660
22 6695
22 6696
22 6698
22 124061
23 10
23 283
23 284
23 286
23 124062
24 5
24 20
24 99
24 131
24 132
24 133
24 166
24 124063
25 3
25 5
25 20
25 3533
25 3535
25 124064
26 158
26 159
26 160
26 162
26 124065
27 9
27 10
27 11
27 13
27 163
28 5
28 20
28 99
28 131
28 132
28 133
28 165
28 166
29 3
29 5
29 20
29 222
29 224
29 124066
30 67
30 121686
30 121687
30 121689
30 121690
30 124067
31 76
31 413
31 414
31 416
31 124068
32 3
32 4
32 5
32 2608
32 2610
32 124069
33 10
33 378
33 379
33 381
33 124070
34 5
34 99
34 131
34 132
34 133
34 135
34 171
34 124071
35 3
35 4
35 5
35 13423
35 124073
35 124074
35 124075
36 10
36 109
36 110
36 112
36 124076
37 67
37 38120
37 38121
37 38123
37 124077
38 158
38 159
38 160
38 162
38 124078
39 9
39 10
39 11
39 13
39 163
40 5
40 20
40 99
40 131
40 132
40 133
40 165
40 166
41 3
41 5
41 20
41 222
41 371
41 124079
42 230
42 231
42 232
42 234
42 124080
43 9
43 10
43 11
43 13
43 163
44 99
44 131
44 132
44 133
44 195
44 236
44 237
45 3
45 4
45 195
45 239
45 6340
45 124081
46 76
46 433
46 434
46 436
46 124082
47 71
47 76
47 190
47 191
47 124083
seqId 150
1 51
1 52
1 1705
1 1707
1 124084
2 76
2 592
2 593
2 595
2 124085
3 3
3 20
3 195
3 9675
3 14622
3 124086
4 243
4 244
4 245
4 247
4 124087
5 3
5 4
5 195
5 897
5 3520
5 124088
6 9
6 10
6 11
6 13
6 124089
7 3
7 4
7 5
7 15
7 17
7 124090
seqId 151
1 76
1 413
1 414
1 416
1 124091
2 10
2 378
2 379
2 381
2 124092
3 5
3 27
3 99
3 131
3 132
3 133
3 135
3 124093
4 2
4 3
4 4
4 5
4 181
4 124094
5 244
5 7559
5 19444
5 19445
5 19447
6 10
6 828
6 829
6 831
6 60736
7 3
7 4
7 5
7 642
7 23331
7 124095
8 244
8 418
8 419
8 421
8 124096
9 3
9 5
9 20
9 1684
9 13711
9 124097
10 76
10 433
10 434
10 436
10 124098
seqId 152
1 3
1 5
1 20
1 4038
1 4040
1 124099
2 5
2 202
2 302
2 304
2 124100
seqId 153
1 5
1 99
1 131
1 132
1 133
1 171
1 699
1 124101
2 3
2 4
2 5
2 897
2 899
2 124102
3 158
3 159
3 160
3 162
3 124103
4 9
4 10
4 11
4 13
4 163
5 5
5 20
5 99
5 131
5 132
5 133
5 165
5 166
6 5
6 20
6 67
6 268
6 1413
6 1416
6 1417
6 124104
7 717
7 718
7 719
7 721
7 124105
8 10
8 146
8 147
8 149
8 722
9 5
9 20
9 99
9 131
9 132
9 133
9 165
9 166
10 3
10 5
10 20
10 389
10 391
10 124106
11 9
11 10
11 11
11 13
11 50855
12 4
12 5
12 99
12 131
12 132
12 133
12 152
12 38496
13 3
13 4
13 5
13 1913
13 1915
13 124107
14 9
14 10
14 11
14 13
14 124108
15 3
15 4
15 5
15 1931
15 1933
15 124109
16 5
16 84
16 90
16 91
16 93
16 121
16 107559
16 115297
16 124110
17 76
17 342
17 343
17 345
17 124111
18 660
18 30977
18 30978
18 30980
18 124112
19 10
19 283
19 284
19 286
19 124113
20 4
20 5
20 99
20 131
20 132
20 133
20 152
20 124114
21 3
21 4
21 5
21 4228
21 13593
21 124115
22 9
22 10
22 11
22 13
22 38513
23 3
23 4
23 195
23 4094
23 4096
23 124116
24 660
24 7237
24 10032
24 10034
24 124117
25 4
25 5
25 202
25 1104
25 124119
25 124120
25 124121
26 10
26 283
26 284
26 286
26 124122
27 5
27 99
27 131
27 132
27 133
27 135
27 171
27 124123
28 3
28 4
28 5
28 897
28 899
28 124124
29 9
29 10
29 11
29 13
29 124125
30 5
30 99
30 131
30 132
30 133
30 135
30 171
30 124126
31 2
31 3
31 4
31 5
31 181
31 124127
32 76
32 342
32 343
32 345
32 124128
33 244
33 30977
33 30978
33 30980
33 124129
34 10
34 283
34 284
34 286
34 124130
35 4
35 5
35 99
35 131
35 132
35 133
35 152
35 124131
36 3
36 4
36 5
36 4900
36 4902
36 124132
37 4
37 5
37 202
37 4904
37 4906
37 124133
38 76
38 342
38 343
38 345
38 124134
39 244
39 30977
39 30978
39 30980
39 124135
40 10
40 283
40 284
40 286
40 124136
41 5
41 99
41 131
41 132
41 133
41 135
41 171
41 124137
42 3
42 4
42 5
42 7615
42 7617
42 124138
43 71
43 76
43 190
43 191
43 124139
seqId 154
1 82
1 84
1 114
1 115
1 116
1 171
1 310
1 124140
2 90
2 121
2 122
2 1815
2 1817
2 124141
3 9
3 10
3 11
3 13
3 124142
4 4
4 5
4 99
4 131
4 132
4 133
4 152
4 124143
5 3
5 4
5 5
5 4228
5 13593
5 124144
6 9
6 10
6 11
6 13
6 124145
7 3
7 4
7 195
7 4094
7 4096
7 124146
8 76
8 342
8 343
8 345
8 124147
9 5
9 99
9 131
9 132
9 133
9 135
9 171
9 124148
10 2
10 3
10 4
10 5
10 181
10 124149
11 5
11 84
11 91
11 93
11 121
11 702
11 703
11 705
11 124150
12 5
12 20
12 90
12 122
12 708
12 769
12 2832
12 5688
12 124151
13 13
13 99
13 133
13 175
13 176
13 195
13 124152
14 20
14 195
14 202
14 1888
14 1890
14 124153
15 3
15 20
15 195
15 340
15 2887
15 2889
15 124154
16 243
16 244
16 245
16 247
16 124155
17 99
17 133
17 175
17 176
17 195
17 234
17 124156
18 3
18 4
18 195
18 1970
18 1972
18 124157
19 244
19 2696
19 2697
19 2699
19 124158
20 10
20 109
20 110
20 112
20 124159
21 3
21 20
21 195
21 9188
21 60940
21 124160
22 76
22 342
22 343
22 345
22 124161
23 244
23 2696
23 2697
23 2699
23 124162
24 10
24 109
24 110
24 112
24 124163
25 3
25 5
25 20
25 6812
25 6814
25 124164
26 5
26 20
26 202
26 22861
26 22863
26 124165
27 71
27 76
27 190
27 191
27 124166
seqId 155
1 99
1 131
1 132
1 133
1 195
1 1220
1 124167
2 3
2 20
2 195
2 2034
2 3403
2 124168
3 158
3 159
3 160
3 162
3 124169
4 9
4 10
4 11
4 13
4 163
5 5
5 20
5 99
5 131
5 132
5 133
5 165
5 166
6 5
6 20
6 67
6 268
6 1413
6 1416
6 1417
6 124170
7 84
7 91
7 93
7 121
7 195
7 702
7 703
7 1062
7 124171
8 5
8 20
8 90
8 122
8 708
8 769
8 1064
8 1066
8 124172
9 3
9 4
9 5
9 5469
9 5471
9 124173
10 10
10 146
10 147
10 149
10 124174
11 98
11 99
11 100
11 195
11 2073
11 124175
12 3
12 4
12 195
12 2828
12 2830
12 124176
13 243
13 244
13 245
13 247
13 124177
14 10
14 146
14 147
14 149
14 124178
15 26
15 99
15 133
15 171
15 175
15 176
15 195
15 124179
16 82
16 84
16 85
16 195
16 2294
16 3837
16 124180
17 4
17 90
17 122
17 195
17 340
17 708
17 713
17 11173
17 66856
17 124181
18 10
18 828
18 829
18 831
18 124182
19 99
19 133
19 175
19 176
19 195
19 234
19 124183
20 3
20 20
20 195
20 51651
20 51653
20 124184
21 20
21 195
21 202
21 6251
21 8958
21 124185
22 76
22 342
22 343
22 345
22 124186
23 244
23 2696
23 2697
23 2699
23 124187
24 10
24 109
24 110
24 112
24 50987
25 67
25 3042
25 3043
25 3045
25 124188
26 76
26 342
26 343
26 345
26 124189
27 244
27 2696
27 2697
27 2699
27 50990
28 10
28 146
28 147
28 149
28 50991
29 5
29 99
29 131
29 132
29 133
29 135
29 171
29 124190
30 3
30 5
30 20
30 13830
30 14171
30 124191
31 71
31 76
31 190
31 191
31 124192
seqId 156
1 4
1 5
1 99
1 131
1 132
1 133
1 811
1 124193
2 3
2 4
2 5
2 4228
2 13593
2 124194
3 9
3 10
3 11
3 13
3 124195
4 3
4 4
4 195
4 4094
4 4096
4 124196
5 82
5 84
5 114
5 115
5 116
5 1361
5 124197
6 5
6 84
6 90
6 91
6 93
6 121
6 27393
6 39671
6 124198
7 660
7 2509
7 2510
7 2512
7 124199
8 10
8 283
8 284
8 286
8 124200
9 4
9 5
9 99
9 131
9 132
9 133
9 152
9 124201
10 3
10 4
10 5
10 8842
10 9174
10 124202
11 9
11 10
11 11
11 13
11 51007
12 20
12 195
12 202
12 1888
12 1890
12 124203
13 3
13 20
13 195
13 2004
13 11847
13 124204
14 20
14 195
14 202
14 302
14 1655
14 124205
15 10
15 283
15 284
15 286
15 124206
16 99
16 133
16 175
16 176
16 195
16 234
16 124207
17 3
17 20
17 195
17 9469
17 9471
17 124208
18 20
18 195
18 202
18 3386
18 3388
18 124209
19 20
19 90
19 122
19 195
19 340
19 708
19 713
19 4397
19 16908
19 44665
19 89293
19 124211
20 10
20 828
20 829
20 831
20 124212
21 5
21 20
21 99
21 131
21 132
21 133
21 166
21 124213
22 5
22 20
22 67
22 268
22 1413
22 1416
22 1417
22 124214
23 244
23 418
23 419
23 421
23 96165
24 26
24 99
24 133
24 171
24 175
24 176
24 195
24 124215
25 82
25 84
25 85
25 195
25 2294
25 3837
25 124216
26 76
26 342
26 343
26 345
26 124217
27 99
27 133
27 175
27 176
27 195
27 234
27 124218
28 3
28 20
28 195
28 2004
28 11847
28 124219
29 20
29 195
29 202
29 302
29 1655
29 124220
30 76
30 342
30 343
30 345
30 124221
31 99
31 133
31 175
31 176
31 195
31 234
31 38662
32 3
32 4
32 195
32 73084
32 124223
32 124224
33 9
33 10
33 11
33 13
33 124225
34 3
34 4
34 5
34 11828
34 11830
34 124226
35 243
35 244
35 245
35 247
35 124227
36 3
36 4
36 195
36 44188
36 51481
36 52347
36 124229
36 124230
37 71
37 76
37 190
37 191
37 124231
seqId 157
1 90
1 121
1 122
1 7704
1 15775
1 124232
2 4
2 5
2 99
2 131
2 132
2 133
2 152
2 124233
3 3
3 4
3 5
3 4900
3 4902
3 124234
4 4
4 5
4 202
4 4904
4 4906
4 124235
5 76
5 342
5 343
5 345
5 124236
6 5
6 99
6 131
6 132
6 133
6 135
6 171
6 124237
7 3
7 4
7 5
7 14541
7 14543
7 124238
8 158
8 159
8 160
8 162
8 60892
9 9
9 10
9 11
9 13
9 163
10 5
10 20
10 99
10 131
10 132
10 133
10 165
10 166
11 5
11 20
11 67
11 268
11 1413
11 1416
11 1417
11 124239
12 82
12 84
12 114
12 115
12 116
12 1361
12 38678
13 5
13 84
13 90
13 91
13 93
13 121
13 4222
13 6678
13 124240
14 10
14 283
14 284
14 286
14 124241
15 99
15 131
15 132
15 133
15 195
15 237
15 96200
16 3
16 20
16 195
16 4157
16 4159
16 124242
17 20
17 195
17 202
17 340
17 124244
17 124245
17 124246
18 158
18 159
18 160
18 162
18 124247
19 9
19 10
19 11
19 13
19 163
20 5
20 20
20 99
20 131
20 132
20 133
20 165
20 166
21 5
21 20
21 67
21 72
21 204
21 1416
21 3213
21 122882
21 124249
21 124250
21 124251
22 76
22 342
22 343
22 345
22 124252
23 99
23 131
23 132
23 133
23 195
23 237
23 51075
24 3
24 5
24 20
24 50714
24 50716
24 51078
25 230
25 231
25 232
25 234
25 124253
26 9
26 10
26 11
26 13
26 163
27 99
27 131
27 132
27 133
27 195
27 236
27 237
28 3
28 20
28 195
28 340
28 1808
28 124255
28 124256
29 717
29 718
29 719
29 721
29 124257
30 10
30 146
30 147
30 149
30 722
31 5
31 20
31 99
31 131
31 132
31 133
31 165
31 166
32 3
32 5
32 20
32 389
32 391
32 124258
33 4349
33 4350
33 4351
33 4353
33 124259
34 9
34 10
34 11
34 13
34 163
35 20
35 82
35 195
35 759
35 1432
35 4332
35 4333
36 99
36 131
36 132
36 133
36 195
36 237
36 124260
37 3
37 20
37 195
37 1806
37 1808
37 1809
37 1810
37 124261
38 84
38 90
38 91
38 93
38 121
38 195
38 4766
38 6444
38 124262
39 5
39 20
39 99
39 131
39 132
39 133
39 166
39 124263
40 3
40 5
40 20
40 3118
40 3120
40 124264
41 10
41 109
41 110
41 112
41 124265
42 3
42 5
42 20
42 5627
42 5629
42 124266
43 243
43 244
43 245
43 247
43 124267
44 479
44 660
44 29418
44 124269
44 124270
44 124271
45 10
45 19644
45 19645
45 19647
45 124272
46 99
46 115
46 195
46 773
46 775
46 776
46 2192
46 2194
46 124273
47 3
47 20
47 195
47 24440
47 24442
47 124274
48 10
48 126
48 127
48 129
48 124275
49 5
49 99
49 115
49 773
49 775
49 776
49 2192
49 3593
49 124276
50 3
50 4
50 5
50 15
50 17
50 124277
51 71
51 76
51 190
51 191
51 124278
seqId 158
1 5
1 20
1 99
1 131
1 132
1 133
1 967
1 124279
2 3
2 5
2 20
2 2863
2 2865
2 124280
3 9
3 10
3 26
3 169
3 171
3 124281
4 3
4 4
4 5
4 6471
4 6473
4 124282
5 5
5 20
5 90
5 122
5 708
5 713
5 2832
5 5688
5 124283
6 10
6 146
6 147
6 149
6 124284
7 67
7 45613
7 47754
7 47755
7 47757
7 47758
7 124285
8 10
8 7340
8 9033
8 9035
8 124286
9 51
9 195
9 5922
9 5924
9 124287
10 5
10 84
10 90
10 91
10 93
10 121
10 102863
10 124289
10 124290
11 10
11 109
11 110
11 112
11 51116
12 3
12 4
12 5
12 8004
12 8006
12 51117
13 10
13 283
13 284
13 286
13 124291
14 4
14 5
14 98
14 99
14 100
14 1927
14 124292
15 3
15 4
15 5
15 4900
15 4902
15 60945
16 4
16 5
16 202
16 4904
16 4906
16 124293
17 243
17 244
17 245
17 247
17 124294
18 5
18 84
18 90
18 91
18 93
18 121
18 3744
18 11637
18 124295
19 5
19 99
19 131
19 132
19 133
19 135
19 171
19 124296
20 3
20 5
20 20
20 7259
20 7261
20 124297
21 230
21 231
21 232
21 234
21 124298
22 9
22 10
22 11
22 13
22 163
23 99
23 131
23 132
23 133
23 195
23 236
23 237
24 3
24 20
24 195
24 1806
24 1808
24 1809
24 1810
24 124299
25 158
25 159
25 160
25 162
25 7850
26 9
26 10
26 11
26 13
26 163
27 5
27 20
27 99
27 131
27 132
27 133
27 165
27 166
28 5
28 20
28 67
28 268
28 1413
28 1416
28 1417
28 124300
29 10
29 1010
29 1011
29 1013
29 124301
30 99
30 133
30 175
30 176
30 195
30 234
30 124302
31 2
31 3
31 4
31 195
31 4286
31 124303
32 4
32 195
32 202
32 124305
32 124306
32 124307
33 71
33 76
33 190
33 191
33 124308
seqId 159
1 660
1 2547
1 2548
1 2550
1 124309
2 10
2 146
2 147
2 149
2 124310
3 5
3 99
3 131
3 132
3 133
3 135
3 171
3 124311
4 3
4 4
4 5
4 7615
4 7617
4 124312
5 4
5 5
5 202
5 1399
5 3538
5 124313
6 76
6 342
6 343
6 345
6 124314
7 4
7 5
7 82
7 83
7 84
7 115
7 763
7 1264
7 124315
8 5
8 84
8 90
8 91
8 93
8 121
8 2101
8 2103
8 124316
9 5
9 20
9 99
9 133
9 175
9 176
9 1316
9 124317
10 5
10 20
10 202
10 2294
10 2296
10 124318
11 3
11 5
11 20
11 23048
11 77662
11 124319
12 9
12 10
12 11
12 13
12 124320
13 4
13 5
13 99
13 131
13 132
13 133
13 152
13 124321
14 3
14 4
14 5
14 115686
14 115688
14 124322
15 9
15 10
15 11
15 13
15 124323
16 5
16 99
16 131
16 132
16 133
16 135
16 171
16 124324
17 2
17 3
17 4
17 5
17 181
17 124325
18 76
18 342
18 343
18 345
18 96289
19 4
19 5
19 90
19 122
19 708
19 713
19 1385
19 18684
19 41068
19 124327
19 124328
20 10
20 828
20 829
20 831
20 124329
21 99
21 131
21 132
21 133
21 195
21 237
21 124330
22 3
22 20
22 195
22 384
22 3094
22 124331
23 9
23 10
23 11
23 13
23 51169
24 3
24 4
24 5
24 15
24 17
24 124332
25 20
25 90
25 122
25 195
25 708
25 713
25 4379
25 25478
25 124333
26 10
26 828
26 829
26 831
26 124334
27 67
27 122195
27 122196
27 122198
27 124335
28 42
28 67
28 84561
28 122200
28 122201
28 122203
28 124336
29 243
29 244
29 245
29 247
29 124337
30 67
30 14058
30 14060
30 93629
30 124338
31 67
31 28004
31 48273
31 122363
31 122364
31 124339
32 67
32 122367
32 122368
32 122370
32 122371
32 124340
33 76
33 342
33 343
33 345
33 124341
34 660
34 71225
34 71226
34 71228
34 124342
35 10
35 126
35 127
35 129
35 124343
36 4
36 5
36 99
36 131
36 132
36 133
36 152
36 124344
37 3
37 4
37 5
37 3737
37 3739
37 124345
38 9
38 10
38 26
38 169
38 171
38 124346
39 5
39 20
39 99
39 133
39 175
39 176
39 1316
39 124347
40 5
40 20
40 202
40 795
40 797
40 124348
41 3
41 5
41 20
41 5479
41 15848
41 124349
42 158
42 159
42 160
42 162
42 124350
43 9
43 10
43 11
43 13
43 163
44 5
44 20
44 99
44 131
44 132
44 133
44 165
44 166
45 3
45 5
45 20
45 1320
45 26965
45 124351
46 243
46 244
46 245
46 247
46 124352
47 5
47 20
47 99
47 131
47 132
47 133
47 166
47 124353
48 3
48 5
48 20
48 27018
48 27020
48 38821
49 5
49 20
49 202
49 8757
49 122306
49 122308
49 124354
50 5
50 20
50 202
50 1403
50 14323
50 124355
51 71
51 76
51 190
51 191
51 124356
seqId 160
1 3
1 4
1 195
1 1742
1 1744
1 124357
2 4
2 195
2 202
2 15437
2 15439
2 124358
seqId 161
1 99
1 131
1 132
1 133
1 195
1 1220
1 124359
2 3
2 20
2 195
2 9675
2 9677
2 124360
3 243
3 244
3 245
3 247
3 124361
4 3
4 4
4 195
4 897
4 3520
4 124362
5 158
5 159
5 160
5 162
5 38840
6 9
6 10
6 11
6 13
6 163
7 5
7 20
7 99
7 131
7 132
7 133
7 165
7 166
8 5
8 20
8 67
8 268
8 1413
8 1416
8 1417
8 124363
9 84
9 90
9 91
9 93
9 121
9 195
9 768
9 23861
9 124364
10 10
10 126
10 127
10 129
10 124365
11 4
11 5
11 99
11 131
11 132
11 133
11 152
11 124366
12 3
12 4
12 5
12 1913
12 1915
12 124367
13 9
13 10
13 11
13 13
13 124368
14 3
14 4
14 5
14 1931
14 1933
14 124369
15 5
15 20
15 99
15 133
15 175
15 176
15 1316
15 124370
16 3
16 5
16 20
16 2840
16 2842
16 124371
17 9
17 10
17 11
17 13
17 124372
18 51
18 195
18 1427
18 124374
18 124375
18 124376
19 76
19 342
19 343
19 345
19 124377
20 10
20 1387
20 1388
20 1390
20 124378
21 51
21 195
21 14420
21 57731
21 124380
21 124381
22 3
22 4
22 195
22 8842
22 8844
22 124382
23 4
23 195
23 202
23 340
23 1548
23 3082
23 124383
24 243
24 244
24 245
24 247
24 124384
25 660
25 2522
25 17010
25 17013
25 124385
26 9
26 10
26 11
26 13
26 124386
27 51
27 195
27 124388
27 124389
27 124390
28 3
28 4
28 195
28 13887
28 51280
28 124391
29 659
29 660
29 661
29 2274
29 124392
30 4
30 90
30 122
30 195
30 708
30 713
30 9303
30 11821
30 124393
31 10
31 109
31 110
31 112
31 124394
32 3
32 20
32 195
32 340
32 2887
32 2889
32 124395
33 243
33 244
33 245
33 247
33 124396
34 10
34 109
34 110
34 112
34 124397
35 3
35 4
35 195
35 1970
35 1972
35 124398
36 76
36 413
36 414
36 416
36 124399
37 4
37 82
37 84
37 85
37 195
37 1589
37 1591
37 124400
38 84
38 91
38 92
38 93
38 195
38 703
38 707
38 12595
38 124401
39 4
39 90
39 122
39 195
39 708
39 713
39 9303
39 11821
39 61096
40 479
40 660
40 124403
40 124404
40 124405
40 124406
41 10
41 146
41 147
41 149
41 124407
42 4
42 5
42 99
42 131
42 132
42 133
42 152
42 7983
43 3
43 4
43 5
43 1913
43 1915
43 7984
44 9
44 10
44 11
44 13
44 124408
45 3
45 4
45 5
45 1931
45 1933
45 124409
46 76
46 433
46 434
46 436
46 124410
47 71
47 76
47 190
47 191
47 124411
seqId 162
1 51
1 195
1 46307
1 46309
1 124412
2 3
2 4
2 195
2 340
2 7803
2 7805
2 124413
3 10
3 146
3 147
3 149
3 124414
4 99
4 133
4 175
4 176
4 195
4 234
4 124415
5 3
5 20
5 195
5 340
5 2887
5 2889
5 124416
6 20
6 90
6 122
6 195
6 708
6 713
6 2832
6 9060
6 124417
7 10
7 146
7 147
7 149
7 124418
8 5
8 99
8 131
8 132
8 133
8 135
8 171
8 124419
9 3
9 5
9 20
9 13830
9 14171
9 124420
10 84
10 91
10 93
10 121
10 195
10 703
10 707
10 1858
10 124421
11 10
11 146
11 147
11 149
11 124422
12 90
12 443
12 2979
12 2981
12 124423
13 76
13 342
13 343
13 345
13 124424
14 90
14 121
14 122
14 29261
14 124426
14 124427
15 158
15 159
15 160
15 162
15 124428
16 9
16 10
16 11
16 13
16 163
17 5
17 20
17 99
17 131
17 132
17 133
17 165
17 166
18 3
18 5
18 20
18 9146
18 9148
18 124429
19 5
19 20
19 202
19 1403
19 14323
19 124430
20 243
20 244
20 245
20 247
20 124431
21 5
21 20
21 202
21 2923
21 2925
21 124432
22 9
22 10
22 11
22 13
22 124433
23 5
23 99
23 131
23 132
23 133
23 135
23 171
23 124434
24 2
24 3
24 4
24 5
24 181
24 124435
25 71
25 76
25 190
25 191
25 124436
seqId 163
1 3
1 4
1 5
1 19693
1 19695
1 38918
2 230
2 231
2 232
2 234
2 38919
3 9
3 10
3 11
3 13
3 163
4 99
4 131
4 132
4 133
4 195
4 236
4 237
5 3
5 20
5 195
5 9675
5 9677
5 124437
6 243
6 244
6 245
6 247
6 124438
7 230
7 231
7 232
7 234
7 96421
8 9
8 10
8 11
8 13
8 163
9 99
9 131
9 132
9 133
9 195
9 236
9 237
10 3
10 4
10 195
10 897
10 3520
10 124439
11 9
11 10
11 11
11 13
11 124440
12 3
12 4
12 5
12 15
12 17
12 124441
seqId 164
1 4
1 5
1 99
1 131
1 132
1 133
1 811
1 124442
2 3
2 4
2 5
2 19693
2 32850
2 124443
3 230
3 231
3 232
3 234
3 124444
4 9
4 10
4 11
4 13
4 163
5 99
5 131
5 132
5 133
5 195
5 236
5 237
6 3
6 20
6 195
6 9675
6 9677
6 124445
7 243
7 244
7 245
7 247
7 124446
8 3
8 4
8 195
8 897
8 3520
8 38932
9 158
9 159
9 160
9 162
9 124447
10 9
10 10
10 11
10 13
10 163
11 5
11 20
11 99
11 131
11 132
11 133
11 165
11 166
12 5
12 20
12 67
12 268
12 1413
12 1416
12 1417
12 124448
13 717
13 718
13 719
13 721
13 124449
14 10
14 146
14 147
14 149
14 722
15 5
15 20
15 99
15 131
15 132
15 133
15 165
15 166
16 3
16 5
16 20
16 389
16 391
16 124450
17 9
17 10
17 11
17 13
17 124451
18 4
18 5
18 99
18 131
18 132
18 133
18 152
18 124452
19 3
19 4
19 5
19 1913
19 1915
19 124453
20 9
20 10
20 11
20 13
20 124454
21 3
21 4
21 5
21 1931
21 1933
21 124455
22 5
22 84
22 90
22 91
22 93
22 121
22 20264
22 20266
22 124456
23 10
23 109
23 110
23 112
23 124457
24 3
24 4
24 5
24 124459
24 124460
24 124461
25 5
25 99
25 131
25 132
25 133
25 135
25 171
25 124462
26 3
26 5
26 20
26 3394
26 3396
26 124463
27 230
27 231
27 232
27 234
27 124464
28 9
28 10
28 11
28 13
28 163
29 99
29 131
29 132
29 133
29 195
29 236
29 237
30 3
30 20
30 195
30 9675
30 9677
30 124465
31 243
31 244
31 245
31 247
31 124466
32 3
32 4
32 195
32 897
32 3520
32 124467
33 9
33 10
33 11
33 13
33 124468
34 5
34 99
34 131
34 132
34 133
34 135
34 171
34 124469
35 2
35 3
35 4
35 5
35 181
35 124470
36 76
36 342
36 343
36 345
36 124471
37 3
37 5
37 20
37 3394
37 3396
37 124472
38 5
38 20
38 90
38 122
38 708
38 713
38 1509
38 24559
38 124473
39 660
39 2643
39 2644
39 2646
39 124474
40 9
40 10
40 11
40 13
40 124475
41 3
41 4
41 5
41 4228
41 13593
41 124476
42 9
42 10
42 11
42 13
42 38973
43 3
43 4
43 195
43 4094
43 4096
43 124477
44 243
44 244
44 245
44 247
44 124478
45 9
45 10
45 11
45 13
45 124479
46 3
46 5
46 20
46 2985
46 2987
46 124480
47 10
47 146
47 147
47 149
47 124481
48 4
48 5
48 99
48 131
48 132
48 133
48 152
48 124482
49 3
49 4
49 5
49 4900
49 4902
49 124483
50 4
50 5
50 202
50 4904
50 4906
50 124484
51 71
51 76
51 190
51 191
51 124485
seqId 165
1 82
1 84
1 114
1 115
1 116
1 171
1 310
1 124486
2 90
2 121
2 122
2 1815
2 1817
2 124487
3 230
3 231
3 232
3 234
3 124488
4 9
4 10
4 11
4 13
4 163
5 99
5 131
5 132
5 133
5 195
5 236
5 237
6 3
6 20
6 195
6 2004
6 11847
6 124489
7 9
7 10
7 11
7 13
7 124490
8 3
8 4
8 5
8 9329
8 9660
8 124491
9 76
9 342
9 343
9 345
9 124492
10 3
10 20
10 195
10 9469
10 9471
10 124493
11 243
11 244
11 245
11 247
11 39002
12 3
12 20
12 195
12 340
12 2887
12 2889
12 124494
13 76
13 342
13 343
13 345
13 124495
14 4
14 5
14 99
14 131
14 132
14 133
14 152
14 124496
15 3
15 4
15 5
15 19693
15 32850
15 124497
16 76
16 342
16 343
16 345
16 96497
17 4
17 5
17 202
17 7185
17 12442
17 96498
18 9
18 10
18 11
18 13
18 124498
19 3
19 20
19 195
19 614
19 4760
19 124499
20 20
20 90
20 122
20 195
20 708
20 713
20 5661
20 95985
20 124500
21 660
21 9231
21 9232
21 9234
21 124501
22 20
22 195
22 202
22 68371
22 124503
22 124504
23 717
23 718
23 719
23 721
23 124505
24 10
24 146
24 147
24 149
24 722
25 5
25 20
25 99
25 131
25 132
25 133
25 165
25 166
26 3
26 5
26 20
26 13338
26 13340
26 124506
27 9
27 10
27 11
27 13
27 8142
28 4
28 5
28 99
28 131
28 132
28 133
28 152
28 8143
29 3
29 4
29 5
29 6713
29 6715
29 124507
30 230
30 231
30 232
30 234
30 124508
31 9
31 10
31 11
31 13
31 163
32 99
32 131
32 132
32 133
32 195
32 236
32 237
33 3
33 20
33 195
33 9675
33 9677
33 124509
34 76
34 342
34 343
34 345
34 124510
35 82
35 84
35 114
35 115
35 116
35 118
35 171
35 124511
36 5
36 84
36 90
36 91
36 93
36 121
36 7870
36 7872
36 124512
37 10
37 283
37 284
37 286
37 124513
38 51
38 195
38 124515
38 124516
38 124517
39 3
39 20
39 195
39 20480
39 41323
39 124518
40 10
40 126
40 127
40 129
40 8161
41 51
41 195
41 2056
41 124520
41 124521
41 124522
42 76
42 342
42 343
42 345
42 124523
43 660
43 2696
43 2697
43 2699
43 124524
44 51
44 195
44 345
44 10917
44 33352
44 124526
44 124527
45 195
45 2716
45 2717
45 2718
45 2720
45 124528
46 71
46 76
46 190
46 191
46 124529
seqId 166
1 90
1 121
1 122
1 7704
1 15775
1 124530
2 4
2 5
2 99
2 131
2 132
2 133
2 152
2 124531
3 3
3 4
3 5
3 19693
3 32850
3 124532
4 9
4 10
4 11
4 13
4 124533
5 4
5 5
5 99
5 131
5 132
5 133
5 152
5 124534
6 3
6 4
6 5
6 4228
6 13593
6 124535
7 9
7 10
7 11
7 13
7 124536
8 3
8 4
8 195
8 4094
8 4096
8 8173
9 4
9 5
9 90
9 122
9 708
9 713
9 3884
9 21788
9 124537
10 10
10 126
10 127
10 129
10 124538
11 4
11 5
11 99
11 131
11 132
11 133
11 152
11 124539
12 3
12 4
12 5
12 1913
12 1915
12 8178
13 76
13 342
13 343
13 345
13 8180
14 90
14 121
14 122
14 79673
14 86450
14 124540
15 4
15 5
15 99
15 131
15 132
15 133
15 152
15 124541
16 3
16 4
16 5
16 7803
16 7805
16 124542
17 2822
17 2823
17 2824
17 2826
17 124543
18 10
18 146
18 147
18 149
18 722
19 99
19 131
19 132
19 133
19 195
19 236
19 237
20 3
20 20
20 195
20 340
20 2887
20 2889
20 124544
21 10
21 146
21 147
21 149
21 124545
22 5
22 99
22 131
22 132
22 133
22 135
22 171
22 124546
23 3
23 5
23 20
23 13830
23 14171
23 124547
24 243
24 244
24 245
24 247
24 124548
25 10
25 146
25 147
25 149
25 124549
26 5
26 99
26 131
26 132
26 133
26 135
26 171
26 124550
27 3
27 4
27 5
27 2608
27 4490
27 124551
28 9
28 10
28 11
28 13
28 124552
29 3
29 20
29 195
29 340
29 2887
29 2889
29 61274
30 76
30 342
30 343
30 345
30 61275
31 5
31 20
31 82
31 83
31 84
31 115
31 763
31 1002
31 124553
32 5
32 84
32 90
32 91
32 93
32 121
32 5045
32 19274
32 124554
33 9
33 10
33 26
33 169
33 171
33 124555
34 90
34 443
34 17531
34 25104
34 124556
35 2822
35 2823
35 2824
35 2826
35 124557
36 10
36 146
36 147
36 149
36 722
37 99
37 131
37 132
37 133
37 195
37 236
37 237
38 51
38 195
38 124515
38 124517
38 124558
39 3
39 20
39 195
39 20480
39 41323
39 124559
40 20
40 195
40 202
40 2244
40 51399
40 124560
41 51
41 195
41 48927
41 124562
41 124563
42 82
42 84
42 85
42 195
42 2294
42 3837
42 124564
43 71
43 76
43 190
43 191
43 124565
seqId 167
1 10
1 109
1 878
1 1539
1 124566
2 3
2 5
2 20
2 9309
2 124568
2 124569
3 76
3 342
3 343
3 345
3 124570
4 51
4 195
4 124572
4 124573
4 124574
5 3
5 20
5 195
5 20480
5 41323
5 124575
6 84
6 91
6 93
6 121
6 195
6 702
6 703
6 1062
6 124576
7 5
7 20
7 122
7 703
7 707
7 708
7 710
7 124577
8 20
8 90
8 122
8 195
8 708
8 713
8 3884
8 62418
8 124578
9 10
9 378
9 379
9 381
9 124579
10 90
10 443
10 4222
10 4224
10 124580
11 4
11 5
11 99
11 131
11 132
11 133
11 152
11 124581
12 3
12 4
12 5
12 4228
12 13593
12 124582
13 9
13 10
13 11
13 13
13 61297
14 3
14 4
14 195
14 4094
14 4096
14 124583
15 158
15 159
15 160
15 162
15 124584
16 9
16 10
16 11
16 13
16 163
17 5
17 20
17 99
17 131
17 132
17 133
17 165
17 166
18 5
18 20
18 67
18 268
18 1413
18 1416
18 1417
18 124585
19 10
19 126
19 127
19 129
19 124586
20 4
20 5
20 99
20 131
20 132
20 133
20 152
20 124587
21 3
21 4
21 5
21 1913
21 1915
21 124588
22 71
22 76
22 190
22 191
22 124589
seqId 168
1 660
1 2547
1 2548
1 2550
1 124590
2 2822
2 2823
2 2824
2 2826
2 124591
3 10
3 146
3 147
3 149
3 722
4 99
4 131
4 132
4 133
4 195
4 236
4 237
5 20
5 195
5 202
5 2294
5 3837
5 124592
6 3
6 20
6 195
6 9675
6 9677
6 124593
7 20
7 90
7 122
7 195
7 708
7 713
7 11269
7 124595
7 124596
8 76
8 342
8 343
8 345
8 124597
9 20
9 82
9 83
9 84
9 115
9 195
9 1824
9 1826
9 124598
10 84
10 91
10 93
10 121
10 195
10 703
10 707
10 1858
10 124599
11 717
11 718
11 719
11 721
11 124600
12 10
12 146
12 147
12 149
12 722
13 5
13 20
13 99
13 131
13 132
13 133
13 165
13 166
14 3
14 5
14 20
14 1832
14 1834
14 124601
15 9
15 10
15 11
15 13
15 124602
16 51
16 195
16 10915
16 10917
16 124603
17 76
17 342
17 343
17 345
17 124604
18 90
18 121
18 122
18 16673
18 33523
18 124605
19 51
19 195
19 2151
19 2153
19 124606
20 3
20 20
20 195
20 9675
20 9677
20 124607
21 20
21 195
21 202
21 7602
21 29111
21 124608
22 10
22 146
22 147
22 149
22 51579
23 4
23 5
23 99
23 131
23 132
23 133
23 152
23 124609
24 3
24 4
24 5
24 4900
24 4902
24 124610
25 4
25 5
25 202
25 4904
25 4906
25 124611
26 10
26 146
26 147
26 149
26 124612
27 4
27 5
27 82
27 759
27 1432
27 1434
27 124613
28 5
28 99
28 131
28 132
28 133
28 135
28 171
28 124614
29 2
29 3
29 4
29 5
29 181
29 124615
30 5
30 84
30 90
30 91
30 93
30 121
30 33058
30 33876
30 124616
31 4
31 5
31 99
31 133
31 175
31 176
31 178
31 124617
32 3
32 4
32 5
32 28242
32 28244
32 124618
33 4
33 5
33 202
33 958
33 4995
33 124619
34 71
34 76
34 190
34 191
34 124620
seqId 169
1 10
1 109
1 878
1 1539
1 124621
2 3
2 4
2 5
2 40822
2 40824
2 124622
3 76
3 342
3 343
3 345
3 124623
4 4
4 5
4 99
4 131
4 132
4 133
4 152
4 124624
5 3
5 4
5 5
5 124626
5 124627
5 124628
6 230
6 231
6 232
6 234
6 124629
7 9
7 10
7 11
7 13
7 163
8 99
8 131
8 132
8 133
8 195
8 236
8 237
9 3
9 20
9 195
9 9675
9 9677
9 124630
10 243
10 244
10 245
10 247
10 124631
11 3
11 4
11 195
11 897
11 3520
11 124632
12 20
12 90
12 122
12 195
12 708
12 713
12 68447
12 102638
12 124633
13 10
13 283
13 284
13 286
13 124634
14 4
14 5
14 99
14 131
14 132
14 133
14 152
14 124635
15 3
15 4
15 5
15 19693
15 32850
15 124636
16 82
16 84
16 114
16 115
16 116
16 118
16 171
16 124637
17 5
17 84
17 90
17 91
17 93
17 121
17 59187
17 121484
17 124638
18 10
18 146
18 147
18 149
18 124639
19 51
19 195
19 18128
19 18130
19 124640
20 76
20 342
20 343
20 345
20 124641
21 660
21 2696
21 2697
21 2699
21 124642
22 51
22 195
22 10929
22 10931
22 124643
23 195
23 2716
23 2717
23 2718
23 2720
23 124644
24 9
24 10
24 11
24 13
24 124645
25 4
25 5
25 99
25 131
25 132
25 133
25 152
25 124646
26 3
26 4
26 5
26 124626
26 124628
26 124647
27 230
27 231
27 232
27 234
27 124648
28 9
28 10
28 11
28 13
28 163
29 99
29 131
29 132
29 133
29 195
29 236
29 237
30 3
30 20
30 195
30 9675
30 9677
30 124649
31 243
31 244
31 245
31 247
31 124650
32 3
32 4
32 195
32 897
32 3520
32 96639
33 9
33 10
33 11
33 13
33 124651
34 4
34 5
34 99
34 131
34 132
34 133
34 152
34 124652
35 3
35 4
35 5
35 1913
35 1915
35 124653
36 71
36 76
36 190
36 191
36 124654
seqId 170
1 3
1 20
1 195
1 340
1 3775
1 4045
1 124655
2 20
2 195
2 202
2 340
2 4047
2 4049
2 124656
seqId 171
1 99
1 131
1 132
1 133
1 195
1 1220
1 124657
2 3
2 20
2 195
2 3118
2 10103
2 124658
3 20
3 195
3 202
3 340
3 4047
3 4049
3 124659
4 230
4 231
4 232
4 234
4 124660
5 9
5 10
5 11
5 13
5 163
6 99
6 131
6 132
6 133
6 195
6 236
6 237
7 3
7 4
7 195
7 897
7 3520
7 124661
8 158
8 159
8 160
8 162
8 124662
9 9
9 10
9 11
9 13
9 163
10 5
10 20
10 99
10 131
10 132
10 133
10 165
10 166
11 5
11 20
11 67
11 268
11 1413
11 1416
11 1417
11 124663
12 82
12 84
12 114
12 115
12 116
12 118
12 171
12 124664
13 84
13 90
13 91
13 93
13 121
13 195
13 755
13 124666
13 124667
13 124668
14 660
14 6680
14 6681
14 6683
14 124669
15 9
15 10
15 11
15 13
15 124670
16 4
16 5
16 99
16 131
16 132
16 133
16 152
16 124671
17 4
17 5
17 202
17 29679
17 29681
17 124672
18 3
18 4
18 5
18 6763
18 6765
18 124673
19 4
19 5
19 202
19 1403
19 7713
19 124674
20 243
20 244
20 245
20 247
20 124675
21 4
21 5
21 202
21 13663
21 13665
21 124676
22 9
22 10
22 11
22 13
22 124677
23 4
23 5
23 99
23 131
23 132
23 133
23 152
23 124678
24 3
24 4
24 5
24 3199
24 5132
24 124679
25 4
25 5
25 202
25 3244
25 3246
25 124680
26 9
26 10
26 11
26 13
26 124681
27 5
27 99
27 131
27 132
27 133
27 135
27 171
27 124682
28 2
28 3
28 4
28 5
28 181
28 124683
29 71
29 76
29 190
29 191
29 124684
seqId 172
1 98
1 99
1 100
1 195
1 8870
1 124685
2 3
2 20
2 195
2 3118
2 10103
2 124686
3 82
3 84
3 114
3 115
3 116
3 1361
3 124687
4 84
4 90
4 91
4 93
4 121
4 195
4 27393
4 124689
4 124690
5 660
5 28289
5 28290
5 28292
5 124691
6 660
6 2509
6 2510
6 2512
6 124692
7 10
7 283
7 284
7 286
7 124693
8 99
8 133
8 175
8 176
8 195
8 234
8 124694
9 3
9 20
9 195
9 9675
9 9677
9 124695
10 243
10 244
10 245
10 247
10 124696
11 3
11 4
11 195
11 897
11 3520
11 124697
12 4
12 90
12 122
12 195
12 340
12 708
12 713
12 4845
12 25202
12 124699
13 660
13 12282
13 12283
13 12285
13 124700
14 76
14 342
14 343
14 345
14 124701
15 660
15 9231
15 9232
15 9234
15 124702
16 660
16 124704
16 124705
16 124706
16 124707
17 244
17 1249
17 1250
17 1252
17 124708
18 20
18 90
18 122
18 195
18 340
18 708
18 713
18 31018
18 122014
18 124710
19 10
19 828
19 829
19 831
19 124711
20 5
20 20
20 99
20 131
20 132
20 133
20 166
20 124712
21 3
21 5
21 20
21 4345
21 4347
21 124713
22 9
22 10
22 11
22 13
22 124714
23 5
23 99
23 131
23 132
23 133
23 135
23 171
23 124715
24 2
24 3
24 4
24 5
24 181
24 124716
25 71
25 76
25 190
25 191
25 124717
seqId 173
1 10
1 283
1 3640
1 3642
1 124718
2 4
2 5
2 99
2 133
2 175
2 176
2 178
2 124719
3 3
3 4
3 5
3 19693
3 32850
3 51723
4 82
4 758
4 759
4 761
4 124720
5 5
5 84
5 93
5 121
5 702
5 703
5 4621
5 124722
5 124723
6 20
6 90
6 122
6 708
6 2081
6 2083
6 124724
7 443
7 703
7 707
7 2086
7 124725
8 660
8 2347
8 2348
8 2350
8 124726
9 4
9 5
9 202
9 12237
9 12322
9 124727
10 76
10 342
10 343
10 345
10 124728
11 171
11 660
11 661
11 910
11 912
11 124729
12 5
12 84
12 91
12 93
12 121
12 702
12 703
12 124731
12 124732
13 122
13 703
13 707
13 708
13 710
13 124733
14 5
14 20
14 99
14 131
14 132
14 133
14 166
14 124734
15 3
15 5
15 20
15 4345
15 4347
15 124735
16 5
16 20
16 202
16 52425
16 124737
16 124738
17 9
17 10
17 11
17 13
17 124739
18 5
18 20
18 98
18 99
18 100
18 102
18 124740
19 3
19 5
19 20
19 2723
19 2725
19 124741
20 76
20 342
20 343
20 345
20 124742
21 51
21 52
21 2526
21 2528
21 39296
22 3
22 20
22 195
22 3118
22 10103
22 124743
23 84
23 90
23 91
23 93
23 121
23 195
23 2081
23 14250
23 124744
24 90
24 443
24 3884
24 124746
24 124747
25 5
25 99
25 131
25 132
25 133
25 135
25 171
25 124748
26 3
26 4
26 5
26 33906
26 33908
26 124749
27 75
27 76
27 77
27 79
27 124750
seqId 174
1 51
1 52
1 680
1 1993
1 124751
2 76
2 433
2 434
2 436
2 124752
seqId 175
1 3
1 20
1 195
1 340
1 9188
1 20920
1 124754
2 9
2 10
2 11
2 13
2 124755
3 3
3 4
3 195
3 1970
3 1972
3 124756
4 158
4 159
4 160
4 162
4 124757
5 9
5 10
5 11
5 13
5 163
6 5
6 20
6 99
6 131
6 132
6 133
6 165
6 166
7 5
7 20
7 67
7 268
7 1413
7 1416
7 1417
7 124758
8 75
8 76
8 77
8 79
8 124759
9 717
9 718
9 719
9 721
9 124760
10 10
10 146
10 147
10 149
10 722
11 5
11 20
11 99
11 131
11 132
11 133
11 165
11 166
12 3
12 5
12 20
12 389
12 391
12 124761
13 9
13 10
13 11
13 13
13 124762
14 4
14 5
14 99
14 131
14 132
14 133
14 152
14 124763
15 3
15 4
15 5
15 1913
15 1915
15 124764
16 9
16 10
16 11
16 13
16 124765
17 3
17 4
17 5
17 1931
17 1933
17 124766
18 76
18 342
18 343
18 345
18 124767
19 5
19 20
19 99
19 131
19 132
19 133
19 166
19 124768
20 5
20 20
20 67
20 268
20 1413
20 1416
20 1417
20 124769
21 5
21 84
21 91
21 93
21 121
21 702
21 703
21 705
21 124770
22 5
22 20
22 90
22 122
22 708
22 769
22 2832
22 5688
22 124771
23 51
23 195
23 11257
23 11259
23 124772
24 3
24 20
24 195
24 9188
24 60940
24 124773
25 9
25 10
25 11
25 13
25 124774
26 3
26 4
26 195
26 1970
26 1972
26 124775
27 90
27 121
27 122
27 4379
27 4381
27 124776
28 660
28 71225
28 71226
28 71228
28 124777
29 10
29 126
29 127
29 129
29 51770
30 3
30 4
30 5
30 18530
30 56857
30 122720
30 122722
30 124778
31 243
31 244
31 245
31 247
31 124779
32 3
32 4
32 5
32 8356
32 8358
32 124780
33 10
33 283
33 284
33 286
33 124781
34 5
34 99
34 131
34 132
34 133
34 135
34 171
34 124782
35 3
35 4
35 5
35 18373
35 18375
35 124783
36 4
36 5
36 202
36 1403
36 7713
36 124784
37 76
37 342
37 343
37 345
37 124785
seqId 176
1 99
1 131
1 132
1 133
1 195
1 1220
1 124786
2 3
2 20
2 195
2 11067
2 65491
2 124787
3 9
3 10
3 26
3 169
3 171
3 124788
4 3
4 4
4 5
4 26362
4 26364
4 124789
5 243
5 244
5 245
5 247
5 124790
6 9
6 10
6 11
6 13
6 51790
7 3
7 4
7 5
7 72
7 2274
7 64827
7 94759
7 98604
7 122795
7 124791
8 10
8 109
8 110
8 112
8 124792
9 3
9 5
9 20
9 222
9 224
9 124793
10 9
10 10
10 11
10 13
10 124794
11 5
11 99
11 131
11 132
11 133
11 135
11 171
11 124795
12 3
12 4
12 5
12 18373
12 18375
12 124796
13 4
13 5
13 202
13 1403
13 7713
13 124797
14 76
14 342
14 343
14 345
14 124798
seqId 177
1 99
1 131
1 132
1 133
1 195
1 1220
1 124799
2 3
2 4
2 195
2 2868
2 3551
2 124800
3 9
3 10
3 11
3 13
3 51806
4 4
4 5
4 99
4 131
4 132
4 133
4 152
4 51807
5 3
5 4
5 5
5 29831
5 29833
5 124801
6 4
6 5
6 202
6 2625
6 25785
6 124802
7 9
7 10
7 11
7 13
7 124803
8 5
8 99
8 131
8 132
8 133
8 135
8 171
8 124804
9 3
9 4
9 5
9 18373
9 18375
9 124805
10 4
10 5
10 202
10 1403
10 7713
10 124806
11 10
11 2518
11 2519
11 2521
11 124807
12 4
12 5
12 99
12 131
12 132
12 133
12 152
12 124808
13 3
13 4
13 5
13 35988
13 36102
13 124809
14 76
14 342
14 343
14 345
14 124810
15 99
15 131
15 132
15 133
15 195
15 1220
15 124811
16 67
16 195
16 340
16 5962
16 124813
16 124814
17 10
17 109
17 110
17 112
17 124815
18 3
18 4
18 195
18 35988
18 35990
18 124816
19 243
19 244
19 245
19 247
19 8488
20 99
20 131
20 132
20 133
20 195
20 1220
20 124817
21 3
21 4
21 195
21 17915
21 50130
21 124818
22 9
22 10
22 11
22 13
22 124819
23 3
23 4
23 5
23 50290
23 50292
23 124820
24 72
24 660
24 721
24 5077
24 5078
24 5080
24 124821
25 9
25 10
25 11
25 13
25 8498
26 5
26 99
26 131
26 132
26 133
26 135
26 171
26 124822
27 3
27 4
27 5
27 22378
27 22380
27 124823
28 71
28 76
28 190
28 191
28 124824
seqId 178
1 4
1 5
1 202
1 19896
1 124826
1 124827
2 3
2 4
2 5
2 35152
2 39420
2 122774
3 9
3 10
3 11
3 13
3 124828
4 3
4 4
4 5
4 38982
4 38984
4 124829
5 158
5 159
5 160
5 162
5 124830
6 9
6 10
6 11
6 13
6 163
7 5
7 20
7 99
7 131
7 132
7 133
7 165
7 166
8 5
8 20
8 67
8 268
8 1413
8 1416
8 1417
8 124831
9 76
9 342
9 343
9 345
9 124832
10 98
10 99
10 100
10 195
10 2073
10 124833
11 3
11 20
11 195
11 9188
11 60940
11 124834
12 9
12 10
12 11
12 13
12 124835
13 3
13 4
13 195
13 1970
13 1972
13 124836
14 20
14 90
14 122
14 195
14 708
14 713
14 2832
14 9060
14 124837
15 5
15 85
15 99
15 10078
15 10080
15 124838
16 3
16 4
16 5
16 729
16 4454
16 124839
17 84
17 90
17 91
17 93
17 121
17 195
17 33688
17 71879
17 124840
18 99
18 133
18 175
18 176
18 195
18 234
18 124841
19 3
19 20
19 195
19 21035
19 21037
19 124842
20 9
20 10
20 26
20 169
20 171
20 124843
21 3
21 4
21 5
21 3268
21 3270
21 124844
22 4
22 5
22 202
22 8917
22 8919
22 124845
23 76
23 342
23 343
23 345
23 124846
24 9
24 10
24 11
24 13
24 124847
25 3
25 4
25 5
25 3737
25 3739
25 124848
26 243
26 244
26 245
26 247
26 124849
27 9
27 10
27 11
27 13
27 124850
28 3
28 4
28 5
28 13389
28 13391
28 124851
29 9
29 10
29 11
29 13
29 124852
30 3
30 4
30 195
30 4094
30 4096
30 124853
31 71
31 76
31 190
31 191
31 124854
seqId 179
1 5
1 99
1 115
1 773
1 775
1 776
1 2192
1 24360
1 124855
2 3
2 4
2 5
2 66415
2 66417
2 124856
3 5
3 84
3 90
3 91
3 93
3 121
3 7785
3 46773
3 124857
4 10
4 146
4 147
4 149
4 124858
5 20
5 82
5 84
5 98
5 100
5 102
5 124859
6 171
6 944
6 945
6 1461
6 1463
6 124860
7 20
7 82
7 83
7 84
7 115
7 195
7 1824
7 1826
7 124861
8 84
8 90
8 91
8 93
8 121
8 195
8 35344
8 124863
8 124864
9 3
9 20
9 72
9 195
9 340
9 1227
9 1229
9 1230
9 1231
9 124865
10 9
10 10
10 11
10 13
10 124866
11 5
11 99
11 131
11 132
11 133
11 135
11 171
11 124867
12 2
12 3
12 4
12 5
12 181
12 124868
13 76
13 342
13 343
13 345
13 124869
14 26
14 99
14 133
14 171
14 175
14 176
14 195
14 124870
15 4
15 195
15 202
15 2294
15 3837
15 124871
16 2
16 3
16 4
16 195
16 4286
16 124872
17 243
17 244
17 245
17 247
17 8559
18 9
18 10
18 26
18 171
18 1539
18 124873
19 660
19 2210
19 2211
19 2213
19 124874
20 76
20 342
20 343
20 345
20 124875
21 3
21 20
21 195
21 3632
21 3634
21 124876
22 20
22 195
22 202
22 2964
22 2966
22 124877
23 243
23 244
23 245
23 247
23 124878
24 20
24 72
24 195
24 202
24 340
24 6754
24 6756
24 6757
24 124879
25 10
25 283
25 284
25 286
25 124880
26 4
26 5
26 99
26 133
26 175
26 176
26 178
26 124881
27 3
27 4
27 5
27 15
27 17
27 124882
28 660
28 5803
28 78110
28 124884
28 124885
28 124886
28 124887
29 4
29 5
29 202
29 16756
29 16758
29 124888
30 71
30 76
30 190
30 191
30 124889
seqId 180
1 51
1 52
1 2054
1 2056
1 124890
2 76
2 433
2 434
2 436
2 124891
seqId 181
1 99
1 131
1 132
1 133
1 195
1 1220
1 124892
2 3
2 4
2 195
2 6862
2 14459
2 124893
3 9
3 10
3 26
3 169
3 171
3 124894
4 3
4 4
4 5
4 1395
4 5941
4 124895
5 76
5 342
5 343
5 345
5 124896
6 3
6 20
6 195
6 2863
6 10735
6 124897
7 243
7 244
7 245
7 247
7 39519
8 3
8 20
8 195
8 4157
8 4159
8 124898
9 20
9 195
9 202
9 1777
9 1808
9 1809
9 4904
9 124899
10 158
10 159
10 160
10 162
10 124900
11 9
11 10
11 11
11 13
11 163
12 5
12 20
12 99
12 131
12 132
12 133
12 165
12 166
13 5
13 20
13 67
13 72
13 204
13 1416
13 3213
13 122882
13 124249
13 124251
13 124901
14 75
14 76
14 77
14 79
14 124902
15 5
15 20
15 99
15 131
15 132
15 133
15 967
15 124903
16 3
16 5
16 20
16 13609
16 13611
16 124904
17 9
17 10
17 11
17 13
17 124905
18 3
18 4
18 5
18 15
18 17
18 124906
19 64
19 67
19 1416
19 124908
19 124909
19 124910
19 124911
20 5
20 20
20 90
20 122
20 708
20 713
20 33961
20 51225
20 124912
21 10
21 109
21 110
21 112
21 124913
22 51
22 195
22 8426
22 8428
22 39532
23 5
23 84
23 90
23 91
23 93
23 121
23 3777
23 4766
23 124914
24 10
24 109
24 110
24 112
24 51933
25 67
25 3042
25 3043
25 3045
25 124915
26 3
26 4
26 5
26 110915
26 110917
26 124916
27 4
27 5
27 202
27 89454
27 105633
27 124917
28 10
28 283
28 284
28 286
28 124918
29 5
29 20
29 99
29 131
29 132
29 133
29 166
29 124919
30 3
30 5
30 20
30 272
30 894
30 124920
31 9
31 10
31 11
31 13
31 124921
32 3
32 4
32 5
32 15
32 17
32 124922
33 5
33 20
33 90
33 122
33 708
33 713
33 3570
33 32615
33 124923
34 10
34 283
34 284
34 286
34 124924
35 5
35 99
35 115
35 773
35 774
35 775
35 776
35 778
35 124925
36 3
36 5
36 20
36 5402
36 124926
36 124927
37 71
37 76
37 190
37 191
37 124928
seqId 182
1 3
1 5
1 20
1 2034
1 64495
1 124929
2 5
2 20
2 202
2 62155
2 62157
2 124930
3 76
3 342
3 343
3 345
3 124931
4 5
4 20
4 99
4 131
4 132
4 133
4 166
4 124932
5 5
5 20
5 67
5 268
5 1413
5 1416
5 1417
5 124933
6 5
6 84
6 90
6 91
6 93
6 121
6 1064
6 32173
6 124934
7 3
7 4
7 5
7 5469
7 5471
7 124935
8 20
8 195
8 202
8 1377
8 5238
8 124936
9 99
9 131
9 132
9 133
9 195
9 237
9 124937
10 3
10 20
10 195
10 6913
10 6915
10 124938
11 10
11 146
11 147
11 149
11 124939
12 99
12 115
12 195
12 773
12 774
12 775
12 776
12 3400
12 124940
13 3
13 20
13 195
13 1320
13 3384
13 124941
14 82
14 759
14 2852
14 2854
14 124942
15 5
15 20
15 82
15 83
15 84
15 115
15 763
15 1002
15 124943
16 5
16 84
16 91
16 93
16 121
16 702
16 703
16 705
16 124944
17 5
17 20
17 90
17 122
17 708
17 769
17 1488
17 14134
17 124945
18 10
18 146
18 147
18 149
18 124946
19 67
19 605
19 607
19 1199
19 124947
20 4
20 5
20 99
20 131
20 132
20 133
20 152
20 124948
21 3
21 4
21 5
21 11190
21 11402
21 124949
22 51
22 195
22 4162
22 4164
22 124950
23 71
23 76
23 190
23 191
23 124951
seqId 183
1 51
1 52
1 1705
1 1707
1 124952
2 76
2 433
2 434
2 436
2 124953
seqId 184
1 99
1 131
1 132
1 133
1 195
1 1220
1 124954
2 3
2 4
2 195
2 4804
2 5101
2 124955
3 4
3 195
3 202
3 3386
3 3523
3 124956
4 72
4 660
4 721
4 5077
4 5078
4 5080
4 124957
5 9
5 10
5 11
5 13
5 124958
6 5
6 99
6 131
6 132
6 133
6 135
6 171
6 124959
7 3
7 5
7 20
7 7259
7 7261
7 124960
8 5
8 20
8 202
8 2553
8 2555
8 124961
9 75
9 76
9 77
9 79
9 61729
10 5
10 20
10 90
10 122
10 708
10 713
10 10347
10 18530
10 70056
10 115852
10 124963
11 10
11 828
11 829
11 831
11 124964
12 67
12 10653
12 19162
12 120592
12 120593
12 120595
12 124965
13 67
13 1104
13 100406
13 120597
13 120598
13 120600
13 124966
14 243
14 244
14 245
14 247
14 124967
15 67
15 16435
15 16436
15 16438
15 124968
16 67
16 4520
16 16440
16 16441
16 16443
16 16444
16 124969
17 243
17 244
17 245
17 247
17 124970
18 5
18 20
18 90
18 122
18 708
18 713
18 9303
18 20830
18 124971
19 10
19 109
19 110
19 112
19 97005
20 3
20 5
20 20
20 8779
20 8781
20 124972
21 51
21 195
21 4162
21 4164
21 124973
22 76
22 342
22 343
22 345
22 124974
23 5
23 20
23 98
23 99
23 100
23 3961
23 124975
24 3
24 5
24 20
24 9469
24 10946
24 124976
25 5
25 20
25 202
25 3386
25 10488
25 124977
26 5
26 84
26 90
26 91
26 93
26 121
26 3482
26 35076
26 124978
27 4
27 5
27 99
27 133
27 175
27 176
27 178
27 61754
28 4
28 5
28 202
28 29679
28 29681
28 61755
29 3
29 4
29 5
29 46763
29 46765
29 124979
30 4
30 5
30 202
30 78900
30 78902
30 124980
31 243
31 244
31 245
31 247
31 124981
32 4
32 5
32 202
32 24085
32 42768
32 42770
32 124982
33 71
33 76
33 190
33 191
33 124983
seqId 185
1 660
1 53263
1 124985
1 124986
1 124987
1 124988
2 76
2 342
2 343
2 345
2 124989
3 5
3 20
3 82
3 83
3 84
3 115
3 763
3 1002
3 124990
4 5
4 84
4 90
4 91
4 93
4 121
4 3372
4 6654
4 124991
5 660
5 1539
5 1622
5 1625
5 124992
6 660
6 3768
6 3769
6 3771
6 124993
7 99
7 131
7 132
7 133
7 195
7 237
7 8719
8 3
8 20
8 72
8 195
8 340
8 1227
8 1229
8 1230
8 1231
8 124994
9 243
9 244
9 245
9 247
9 124995
10 99
10 131
10 132
10 133
10 195
10 237
10 124996
11 3
11 20
11 195
11 1806
11 1808
11 1809
11 1810
11 124997
12 158
12 159
12 160
12 162
12 124998
13 9
13 10
13 11
13 13
13 163
14 5
14 20
14 99
14 131
14 132
14 133
14 165
14 166
15 5
15 20
15 67
15 268
15 1413
15 1416
15 1417
15 124999
16 10
16 283
16 284
16 286
16 125000
17 4
17 5
17 99
17 133
17 175
17 176
17 178
17 125001
18 3
18 4
18 5
18 2818
18 5508
18 125002
19 4
19 5
19 202
19 5335
19 5337
19 125003
20 660
20 6286
20 6287
20 6289
20 125004
21 4
21 5
21 202
21 1104
21 125006
21 125007
21 125008
22 71
22 76
22 190
22 191
22 125009
seqId 186
1 479
1 660
1 24085
1 125011
1 125012
1 125013
1 125014
2 76
2 342
2 343
2 345
2 125015
3 5
3 99
3 131
3 132
3 133
3 135
3 171
3 125016
4 3
4 5
4 20
4 9469
4 10946
4 125017
5 5
5 84
5 90
5 91
5 93
5 121
5 9903
5 10728
5 125018
6 4
6 5
6 99
6 133
6 175
6 176
6 178
6 125019
7 3
7 4
7 5
7 1395
7 5941
7 125020
8 4
8 5
8 202
8 37233
8 37235
8 125021
9 230
9 231
9 232
9 234
9 125022
10 9
10 10
10 11
10 13
10 163
11 99
11 131
11 132
11 133
11 195
11 236
11 237
12 3
12 20
12 195
12 2429
12 22565
12 125023
13 9
13 10
13 11
13 13
13 125024
14 3
14 4
14 195
14 19020
14 19022
14 125025
15 9
15 10
15 11
15 13
15 39668
16 3
16 4
16 5
16 3162
16 5832
16 125026
17 72
17 660
17 721
17 5077
17 5078
17 5080
17 125027
18 9
18 10
18 11
18 13
18 125028
19 5
19 99
19 131
19 132
19 133
19 135
19 171
19 125029
20 3
20 5
20 20
20 7259
20 7261
20 125030
21 5
21 20
21 202
21 2553
21 2555
21 125031
22 71
22 76
22 190
22 191
22 125032
seqId 187
1 5
1 20
1 82
1 84
1 115
1 763
1 3948
1 125033
2 5
2 84
2 90
2 91
2 93
2 121
2 10527
2 41845
2 125034
3 660
3 1377
3 6485
3 6487
3 125035
4 660
4 17966
4 17967
4 17969
4 125036
5 10
5 126
5 127
5 129
5 125037
6 99
6 131
6 132
6 133
6 195
6 237
6 125038
7 3
7 20
7 195
7 23048
7 23050
7 125039
8 20
8 195
8 202
8 1777
8 4699
8 4701
8 4702
8 125041
9 9
9 10
9 26
9 169
9 171
9 125042
10 4
10 5
10 99
10 133
10 175
10 176
10 178
10 125043
11 3
11 4
11 5
11 4804
11 33065
11 125044
12 4
12 5
12 202
12 3386
12 6768
12 125045
13 944
13 945
13 946
13 948
13 125046
14 99
14 131
14 132
14 133
14 195
14 237
14 52088
15 3
15 20
15 195
15 2429
15 22565
15 125047
16 20
16 195
16 202
16 3386
16 3388
16 125048
17 244
17 418
17 419
17 421
17 125049
18 99
18 131
18 132
18 133
18 195
18 237
18 125050
19 3
19 20
19 195
19 2429
19 22565
19 125051
20 20
20 195
20 202
20 3244
20 10740
20 125052
21 9
21 10
21 11
21 13
21 52095
22 98
22 99
22 100
22 195
22 2073
22 125053
23 3
23 4
23 195
23 19020
23 19022
23 125054
24 71
24 76
24 190
24 191
24 125055
seqId 188
1 51
1 52
1 1427
1 1962
1 125056
2 76
2 433
2 434
2 436
2 125057
seqId 189
1 5
1 99
1 131
1 132
1 133
1 171
1 699
1 125058
2 3
2 4
2 5
2 18373
2 18375
2 125059
3 4
3 5
3 202
3 1403
3 7713
3 125060
4 243
4 244
4 245
4 247
4 125061
5 99
5 131
5 132
5 133
5 195
5 237
5 125062
6 3
6 4
6 195
6 340
6 34850
6 34852
6 125063
7 76
7 342
7 343
7 345
7 125064
8 3
8 5
8 20
8 2887
8 2889
8 125065
9 9
9 10
9 11
9 13
9 125066
10 4
10 5
10 99
10 131
10 132
10 133
10 152
10 125067
11 4
11 5
11 67
11 268
11 9813
11 120146
11 125069
11 125070
12 230
12 231
12 232
12 234
12 125071
13 9
13 10
13 11
13 13
13 163
14 99
14 131
14 132
14 133
14 195
14 236
14 237
15 51
15 52
15 72
15 1862
15 72422
15 125073
15 125074
16 3
16 5
16 20
16 5840
16 5842
16 125075
17 51
17 52
17 4167
17 4169
17 125076
18 75
18 76
18 77
18 79
18 125077
19 5
19 20
19 90
19 122
19 708
19 713
19 10347
19 12699
19 125078
20 10
20 828
20 829
20 831
20 125079
21 67
21 50081
21 50083
21 121064
21 125080
22 67
22 72
22 96
22 1047
22 13936
22 121067
22 121068
22 121070
22 121071
22 121072
22 125081
23 76
23 342
23 343
23 345
23 125082
24 10
24 146
24 147
24 149
24 125083
25 90
25 443
25 3840
25 97002
25 125084
26 2822
26 2823
26 2824
26 2826
26 125085
27 10
27 146
27 147
27 149
27 722
28 99
28 131
28 132
28 133
28 195
28 236
28 237
29 3
29 4
29 195
29 18168
29 18170
29 125086
30 67
30 11542
30 49077
30 49078
30 49080
30 49081
30 125087
31 71
31 76
31 190
31 191
31 125088
seqId 190
1 5
1 27
1 99
1 131
1 132
1 133
1 699
1 125089
2 3
2 4
2 5
2 2608
2 4490
2 125090
3 10
3 146
3 147
3 149
3 125091
4 67
4 605
4 607
4 1199
4 125092
5 9
5 10
5 11
5 13
5 125093
6 5
6 20
6 98
6 99
6 100
6 102
6 39758
7 3
7 5
7 20
7 2887
7 2889
7 125094
8 9
8 10
8 11
8 13
8 61895
9 4
9 5
9 99
9 131
9 132
9 133
9 152
9 125095
10 4
10 5
10 67
10 268
10 9813
10 120146
10 125069
10 125096
11 76
11 413
11 414
11 416
11 125097
12 3
12 4
12 5
12 17178
12 45718
12 125098
13 9
13 10
13 24
13 26
13 27
13 125099
14 3
14 4
14 195
14 1395
14 1397
14 125100
15 4
15 195
15 202
15 1403
15 1405
15 125101
16 76
16 433
16 434
16 436
16 39775
17 5
17 84
17 91
17 93
17 121
17 702
17 703
17 705
17 125102
18 660
18 6560
18 10036
18 10038
18 125103
19 5
19 20
19 90
19 122
19 708
19 769
19 3433
19 80311
19 125104
20 5
20 20
20 99
20 131
20 132
20 133
20 166
20 125105
21 5
21 20
21 67
21 268
21 1413
21 1416
21 1417
21 125106
22 76
22 342
22 343
22 345
22 125107
23 3
23 5
23 20
23 51651
23 125109
23 125110
24 243
24 244
24 245
24 247
24 125111
25 3
25 5
25 20
25 424
25 426
25 125112
26 5
26 20
26 202
26 3501
26 3503
26 125113
27 9
27 10
27 11
27 13
27 125114
28 4
28 5
28 99
28 131
28 132
28 133
28 152
28 125115
29 3
29 4
29 5
29 2828
29 6317
29 125116
30 71
30 76
30 190
30 191
30 125117
seqId 191
1 99
1 131
1 132
1 133
1 195
1 1220
1 125118
2 3
2 20
2 195
2 340
2 2887
2 2889
2 125119
3 20
3 195
3 202
3 11147
3 17227
3 125120
4 9
4 10
4 11
4 13
4 125121
5 4
5 5
5 99
5 131
5 132
5 133
5 152
5 125122
6 4
6 5
6 67
6 268
6 9813
6 120146
6 125069
6 125123
7 84
7 91
7 93
7 121
7 195
7 703
7 707
7 1858
7 125124
8 479
8 660
8 22059
8 22060
8 22062
8 125125
9 99
9 133
9 175
9 176
9 195
9 234
9 125126
10 3
10 20
10 195
10 5661
10 9041
10 125127
11 82
11 83
11 115
11 195
11 595
11 7796
11 9043
11 9045
11 125128
12 20
12 195
12 202
12 1466
12 54405
12 125129
13 10
13 378
13 379
13 381
13 125130
14 4
14 5
14 99
14 131
14 132
14 133
14 152
14 125131
15 3
15 4
15 5
15 51823
15 51825
15 125132
16 4
16 5
16 202
16 1399
16 3538
16 125133
17 4
17 5
17 96
17 202
17 36419
17 58924
17 125135
17 125136
17 125137
18 4
18 5
18 202
18 13322
18 31197
18 125138
19 71
19 76
19 190
19 191
19 125139
seqId 192
1 5
1 20
1 99
1 131
1 132
1 133
1 967
1 52200
2 5
2 20
2 67
2 268
2 1413
2 1416
2 1417
2 125140
3 76
3 342
3 343
3 345
3 125141
4 5
4 20
4 90
4 122
4 708
4 713
4 3372
4 6990
4 125142
5 10
5 146
5 147
5 149
5 125143
6 51
6 195
6 1501
6 1503
6 125144
7 20
7 195
7 202
7 2294
7 3837
7 125145
8 3
8 20
8 195
8 217
8 1506
8 125146
9 9
9 10
9 11
9 13
9 125147
10 67
10 605
10 607
10 1199
10 125148
11 76
11 413
11 414
11 416
11 125149
12 5
12 20
12 99
12 131
12 132
12 133
12 166
12 61963
13 5
13 20
13 67
13 268
13 5600
13 5602
13 125150
14 243
14 244
14 245
14 247
14 125151
15 5
15 20
15 99
15 131
15 132
15 133
15 166
15 125152
16 5
16 20
16 67
16 5982
16 46523
16 47871
16 47874
16 125153
17 76
17 433
17 434
17 436
17 125154
18 76
18 342
18 343
18 345
18 125155
19 5
19 84
19 91
19 93
19 121
19 702
19 703
19 705
19 125156
20 5
20 20
20 90
20 122
20 708
20 769
20 2832
20 5688
20 125157
21 4
21 5
21 98
21 99
21 100
21 1927
21 125158
22 3
22 4
22 5
22 2828
22 6317
22 125159
23 9
23 10
23 24
23 26
23 27
23 125160
24 3
24 4
24 5
24 8177
24 8179
24 125161
25 10
25 126
25 127
25 129
25 125162
26 5
26 20
26 99
26 131
26 132
26 133
26 166
26 125163
27 3
27 5
27 20
27 1684
27 13711
27 125164
28 9
28 10
28 11
28 13
28 8968
29 5
29 27
29 99
29 131
29 132
29 133
29 135
29 125165
30 3
30 4
30 5
30 18373
30 18375
30 125166
31 4
31 5
31 202
31 1403
31 7713
31 125167
32 243
32 244
32 245
32 247
32 125168
33 230
33 231
33 232
33 234
33 125169
34 9
34 10
34 11
34 13
34 163
35 99
35 131
35 132
35 133
35 195
35 236
35 237
36 3
36 4
36 195
36 340
36 34850
36 34852
36 125170
37 71
37 76
37 190
37 191
37 125171
seqId 193
1 90
1 121
1 122
1 792
1 3372
1 6828
1 125173
1 125174
2 230
2 231
2 232
2 234
2 8987
3 9
3 10
3 11
3 13
3 163
4 99
4 131
4 132
4 133
4 195
4 236
4 237
5 3
5 20
5 195
5 13338
5 15681
5 125175
6 9
6 10
6 11
6 13
6 125176
7 3
7 20
7 195
7 340
7 2813
7 2815
7 125177
8 76
8 342
8 343
8 345
8 125178
9 9
9 10
9 11
9 13
9 125179
10 3
10 20
10 195
10 340
10 54743
10 54745
10 54746
10 125180
11 76
11 342
11 343
11 345
11 125181
12 243
12 244
12 245
12 247
12 125182
13 9
13 10
13 24
13 26
13 27
13 61993
14 3
14 20
14 195
14 340
14 23229
14 23231
14 125183
15 76
15 342
15 343
15 345
15 125184
16 9
16 10
16 24
16 26
16 27
16 125185
17 3
17 20
17 195
17 6881
17 6883
17 125186
18 243
18 244
18 245
18 247
18 61998
19 9
19 10
19 11
19 13
19 125187
20 3
20 20
20 195
20 6665
20 6667
20 125188
21 76
21 413
21 414
21 416
21 125189
22 3
22 20
22 195
22 2034
22 3403
22 125190
23 9
23 10
23 24
23 26
23 27
23 125191
24 3
24 4
24 195
24 347
24 349
24 125192
25 4
25 195
25 202
25 3001
25 5088
25 125193
26 244
26 418
26 419
26 421
26 39904
27 4
27 195
27 202
27 1403
27 1405
27 125194
28 76
28 342
28 343
28 345
28 125195
29 3
29 20
29 195
29 9362
29 125197
29 125198
30 76
30 342
30 343
30 345
30 125199
31 3
31 20
31 195
31 2803
31 2805
31 125200
32 76
32 433
32 434
32 436
32 125201
33 20
33 195
33 202
33 13322
33 13324
33 125202
34 76
34 342
34 343
34 345
34 125203
35 20
35 195
35 202
35 31209
35 125205
35 125206
36 76
36 342
36 343
36 345
36 125207
37 20
37 195
37 202
37 125209
37 125210
37 125211
38 76
38 342
38 343
38 345
38 9051
39 20
39 195
39 202
39 22593
39 125213
39 125214
40 243
40 244
40 245
40 247
40 125215
41 20
41 195
41 202
41 13632
41 13634
41 125216
42 76
42 342
42 343
42 345
42 125217
43 5
43 20
43 98
43 99
43 100
43 102
43 125218
44 3
44 5
44 20
44 2887
44 2889
44 125219
45 5
45 84
45 91
45 93
45 121
45 702
45 703
45 705
45 125220
46 5
46 20
46 90
46 122
46 708
46 769
46 2333
46 7738
46 125221
47 9
47 10
47 24
47 26
47 27
47 125222
48 90
48 443
48 11164
48 31435
48 125223
49 76
49 342
49 343
49 345
49 125224
50 10
50 126
50 127
50 129
50 125225
51 51
51 195
51 1501
51 1503
51 9066
52 3
52 4
52 195
52 6862
52 14459
52 125226
53 76
53 342
53 343
53 345
53 125227
54 99
54 131
54 132
54 133
54 195
54 237
54 125228
55 3
55 4
55 195
55 340
55 34850
55 34852
55 125229
56 660
56 1377
56 6485
56 6487
56 125230
57 10
57 146
57 149
57 1539
57 125231
58 4
58 5
58 99
58 131
58 132
58 133
58 152
58 125232
59 3
59 4
59 5
59 3725
59 3727
59 125233
60 10
60 1010
60 1011
60 1013
60 125234
61 3
61 5
61 20
61 20480
61 20482
61 125235
62 5
62 20
62 202
62 22258
62 125237
62 125238
63 9
63 10
63 11
63 13
63 125239
64 5
64 27
64 99
64 131
64 132
64 133
64 135
64 125240
65 3
65 4
65 5
65 1573
65 1575
65 125241
66 9
66 10
66 11
66 13
66 125242
67 5
67 27
67 99
67 131
67 132
67 133
67 135
67 125243
68 3
68 4
68 5
68 18373
68 18375
68 125244
69 4
69 5
69 202
69 1403
69 7713
69 125245
70 76
70 342
70 343
70 345
70 125246
71 3
71 5
71 20
71 20480
71 20482
71 125247
72 5
72 20
72 202
72 7291
72 30132
72 43630
72 63060
72 125249
72 125250
73 244
73 1249
73 1250
73 1252
73 125251
74 660
74 1622
74 1623
74 1625
74 125252
75 9
75 10
75 24
75 26
75 27
75 125253
76 3
76 4
76 5
76 1784
76 10502
76 125254
77 9
77 10
77 11
77 13
77 125255
78 5
78 27
78 99
78 131
78 132
78 133
78 135
78 125256
79 3
79 4
79 5
79 18373
79 18375
79 125257
80 4
80 5
80 202
80 1403
80 49907
80 125259
81 71
81 76
81 190
81 191
81 125260
seqId 194
1 51
1 52
1 4934
1 4936
1 125261
2 76
2 433
2 434
2 436
2 125262
seqId 195
1 76
1 137
1 138
1 140
1 125263
2 4
2 5
2 99
2 131
2 132
2 133
2 811
2 97303
3 3
3 4
3 5
3 6137
3 6139
3 125264
4 10
4 3987
4 6141
4 6142
4 125265
5 99
5 131
5 132
5 133
5 195
5 237
5 125266
6 3
6 4
6 195
6 340
6 6146
6 6148
6 125267
7 4
7 90
7 122
7 195
7 708
7 713
7 4530
7 9217
7 125268
8 717
8 718
8 719
8 721
8 125269
9 10
9 146
9 147
9 149
9 722
10 5
10 20
10 99
10 131
10 132
10 133
10 165
10 166
11 3
11 5
11 20
11 55674
11 55676
11 125270
12 230
12 231
12 232
12 234
12 62079
13 9
13 10
13 11
13 13
13 163
14 99
14 131
14 132
14 133
14 195
14 236
14 237
15 3
15 20
15 195
15 34294
15 34296
15 125271
16 76
16 342
16 343
16 345
16 125272
17 10
17 146
17 147
17 149
17 125273
18 5
18 99
18 115
18 773
18 775
18 776
18 2192
18 3593
18 125274
19 3
19 4
19 5
19 24335
19 34594
19 125275
20 4
20 5
20 202
20 125277
20 125278
20 125279
21 244
21 418
21 419
21 421
21 125280
22 10
22 146
22 147
22 149
22 125281
23 5
23 99
23 115
23 773
23 775
23 776
23 2192
23 3593
23 125282
24 3
24 4
24 5
24 1573
24 1575
24 125283
25 9
25 10
25 11
25 13
25 125284
26 3
26 5
26 20
26 5945
26 5947
26 125285
27 10
27 109
27 110
27 112
27 125286
28 3
28 5
28 20
28 222
28 224
28 125287
29 5
29 20
29 202
29 13322
29 13324
29 97329
30 76
30 185
30 186
30 188
30 125288
31 75
31 76
31 77
31 79
31 125289
32 3
32 4
32 5
32 11475
32 125291
32 125292
33 9
33 10
33 11
33 13
33 125293
34 67
34 55991
34 55993
34 57226
34 125294
35 67
35 49447
35 57211
35 120908
35 120909
35 125295
36 10
36 146
36 147
36 149
36 125296
37 5
37 99
37 131
37 132
37 133
37 135
37 171
37 125297
38 3
38 5
38 20
38 9469
38 10946
38 125298
39 5
39 20
39 202
39 3386
39 10488
39 125299
40 67
40 7291
40 72172
40 75036
40 125301
40 125302
40 125303
41 9
41 10
41 11
41 13
41 125304
42 4
42 5
42 99
42 131
42 132
42 133
42 152
42 125305
43 509
43 1047
43 1186
43 25417
43 27915
43 96148
43 125307
43 125308
43 125309
43 125310
44 5
44 20
44 90
44 122
44 708
44 713
44 9303
44 20830
44 125311
45 10
45 109
45 110
45 112
45 125312
46 51
46 195
46 4167
46 4169
46 125313
47 10
47 146
47 147
47 149
47 125314
48 67
48 73003
48 73004
48 73006
48 125315
49 67
49 2787
49 73008
49 73009
49 73011
49 125316
50 76
50 342
50 343
50 345
50 125317
51 67
51 74967
51 74968
51 74970
51 125318
52 76
52 342
52 343
52 345
52 125319
53 5
53 20
53 98
53 99
53 100
53 3961
53 97354
54 3
54 5
54 20
54 2004
54 2006
54 125320
55 5
55 84
55 90
55 91
55 93
55 121
55 11164
55 76201
55 125321
56 5
56 20
56 99
56 131
56 132
56 133
56 166
56 125322
57 3
57 5
57 20
57 222
57 224
57 125323
58 5
58 20
58 202
58 13322
58 13324
58 125324
59 717
59 718
59 719
59 721
59 125325
60 10
60 146
60 147
60 149
60 722
61 5
61 20
61 99
61 131
61 132
61 133
61 165
61 166
62 3
62 5
62 20
62 1066
62 16292
62 16294
62 125326
63 9
63 10
63 11
63 13
63 9186
64 4
64 5
64 99
64 131
64 132
64 133
64 152
64 125327
65 3
65 4
65 5
65 11828
65 11830
65 125328
66 9
66 10
66 11
66 13
66 125329
67 4
67 5
67 99
67 131
67 132
67 133
67 152
67 97366
68 3
68 4
68 5
68 17016
68 17018
68 125330
69 9
69 10
69 11
69 13
69 125331
70 3
70 4
70 5
70 3162
70 5832
70 125332
71 9
71 10
71 11
71 13
71 125333
72 5
72 99
72 131
72 132
72 133
72 135
72 171
72 125334
73 3
73 4
73 5
73 18373
73 18375
73 125335
74 243
74 244
74 245
74 247
74 125336
75 9
75 10
75 11
75 13
75 125337
76 4
76 5
76 99
76 131
76 132
76 133
76 152
76 125338
77 3
77 4
77 5
77 17016
77 17018
77 125339
78 4
78 5
78 202
78 1403
78 7713
78 125340
79 230
79 231
79 232
79 234
79 125341
80 9
80 10
80 11
80 13
80 163
81 99
81 131
81 132
81 133
81 195
81 236
81 237
82 3
82 20
82 195
82 222
82 4204
82 125342
83 9
83 10
83 11
83 13
83 125343
84 5
84 99
84 131
84 132
84 133
84 135
84 171
84 125344
85 3
85 5
85 20
85 26371
85 50027
85 125345
86 71
86 76
86 190
86 191
86 125346
seqId 196
1 5
1 20
1 82
1 83
1 84
1 115
1 763
1 3948
1 125347
2 5
2 84
2 90
2 91
2 93
2 121
2 4338
2 4740
2 40039
3 9
3 10
3 11
3 13
3 125348
4 4
4 5
4 99
4 131
4 132
4 133
4 152
4 125349
5 3
5 4
5 5
5 13389
5 13391
5 125350
6 9
6 10
6 11
6 13
6 125351
7 3
7 20
7 195
7 42748
7 42750
7 125352
8 158
8 159
8 160
8 162
8 40048
9 9
9 10
9 11
9 13
9 163
10 5
10 20
10 99
10 131
10 132
10 133
10 165
10 166
11 3
11 5
11 20
11 222
11 224
11 125353
12 5
12 20
12 202
12 13322
12 13324
12 125354
13 243
13 244
13 245
13 247
13 125355
14 99
14 133
14 175
14 176
14 195
14 234
14 125356
15 51
15 195
15 1501
15 1503
15 125357
16 3
16 20
16 195
16 222
16 4204
16 125358
17 9
17 10
17 11
17 13
17 125359
18 5
18 99
18 131
18 132
18 133
18 135
18 171
18 125360
19 5
19 67
19 5959
19 5962
19 125361
20 10
20 283
20 284
20 286
20 125362
21 5
21 20
21 99
21 131
21 132
21 133
21 166
21 125363
22 3
22 5
22 20
22 125365
22 125366
22 125367
23 5
23 20
23 72
23 202
23 39148
23 125369
23 125370
23 125371
24 71
24 76
24 190
24 191
24 125372
seqId 197
1 51
1 52
1 2151
1 2153
1 125373
2 76
2 433
2 434
2 436
2 125374
seqId 198
1 3
1 4
1 195
1 340
1 37780
1 102944
1 125376
1 125377
2 4
2 195
2 202
2 43307
2 43309
2 125378
3 230
3 231
3 232
3 234
3 125379
4 9
4 10
4 11
4 13
4 163
5 99
5 131
5 132
5 133
5 195
5 236
5 237
6 3
6 20
6 195
6 13025
6 13027
6 125380
7 20
7 195
7 202
7 340
7 13029
7 13031
7 125381
8 9
8 10
8 11
8 13
8 125382
9 3
9 5
9 20
9 2894
9 2896
9 125383
10 99
10 133
10 175
10 176
10 195
10 234
10 125384
11 3
11 20
11 195
11 13036
11 13038
11 125385
12 243
12 244
12 245
12 247
12 125386
13 3
13 5
13 20
13 222
13 224
13 125387
14 9
14 10
14 11
14 13
14 125388
15 5
15 99
15 131
15 132
15 133
15 135
15 171
15 125389
16 3
16 4
16 5
16 18373
16 18375
16 125390
17 4
17 5
17 202
17 1403
17 7713
17 125391
18 75
18 76
18 77
18 79
18 125392
19 3
19 5
19 20
19 12405
19 125394
19 125395
20 9
20 10
20 11
20 13
20 125396
21 5
21 99
21 131
21 132
21 133
21 135
21 171
21 125397
22 3
22 4
22 5
22 13887
22 26751
22 125398
23 9
23 10
23 11
23 13
23 125399
24 67
24 30869
24 49767
24 49768
24 49770
24 49771
24 125400
25 67
25 8683
25 49269
25 49773
25 49774
25 49776
25 125401
26 717
26 718
26 719
26 721
26 125402
27 10
27 146
27 147
27 149
27 722
28 5
28 20
28 99
28 131
28 132
28 133
28 165
28 166
29 3
29 5
29 20
29 2887
29 2889
29 125403
30 5
30 20
30 202
30 22806
30 54437
30 61639
30 125404
31 5
31 20
31 90
31 122
31 708
31 713
31 2832
31 5688
31 125405
32 10
32 146
32 147
32 149
32 125406
33 67
33 601
33 603
33 1197
33 125407
34 67
34 605
34 607
34 1199
34 125408
35 10
35 109
35 110
35 112
35 125409
36 51
36 195
36 4167
36 4169
36 125410
37 243
37 244
37 245
37 247
37 52516
38 10
38 146
38 147
38 149
38 125411
39 90
39 443
39 3840
39 97002
39 125412
40 2822
40 2823
40 2824
40 2826
40 62242
41 10
41 146
41 147
41 149
41 722
42 99
42 131
42 132
42 133
42 195
42 236
42 237
43 3
43 4
43 195
43 18168
43 51922
43 125413
44 67
44 1104
44 30866
44 30867
44 30869
44 125414
45 1458
45 2717
45 36694
45 36696
45 125415
46 67
46 11621
46 11622
46 11624
46 125416
47 76
47 342
47 343
47 345
47 125417
48 5
48 20
48 98
48 99
48 100
48 3961
48 125418
49 3
49 5
49 20
49 2004
49 2006
49 125419
50 5
50 84
50 90
50 91
50 93
50 121
50 97445
50 125421
50 125422
51 4
51 5
51 99
51 133
51 175
51 176
51 178
51 125423
52 3
52 4
52 5
52 6763
52 6765
52 125424
53 4
53 5
53 202
53 1403
53 7713
53 125425
54 10
54 283
54 284
54 286
54 125426
55 4
55 5
55 99
55 133
55 175
55 176
55 178
55 125427
56 3
56 4
56 5
56 3691
56 3693
56 125428
57 9
57 10
57 26
57 169
57 171
57 125429
58 3
58 5
58 20
58 3394
58 3396
58 125430
59 243
59 244
59 245
59 247
59 125431
60 4
60 5
60 202
60 22806
60 54437
60 61639
60 125432
61 10
61 126
61 127
61 129
61 125433
62 99
62 131
62 132
62 133
62 195
62 237
62 125434
63 3
63 20
63 195
63 13025
63 13027
63 125435
64 20
64 195
64 202
64 340
64 13029
64 13031
64 125436
65 9
65 10
65 11
65 13
65 125437
66 3
66 5
66 20
66 2894
66 2896
66 125438
67 230
67 231
67 232
67 234
67 125439
68 9
68 10
68 11
68 13
68 163
69 99
69 131
69 132
69 133
69 195
69 236
69 237
70 3
70 20
70 195
70 13036
70 13038
70 125440
71 76
71 342
71 343
71 345
71 125441
72 3
72 5
72 20
72 4279
72 4281
72 125442
73 660
73 5803
73 78110
73 124884
73 124885
73 124887
73 125443
74 9
74 10
74 26
74 169
74 171
74 125444
75 3
75 4
75 5
75 6854
75 6856
75 125445
76 243
76 244
76 245
76 247
76 125446
77 660
77 12080
77 12081
77 12083
77 125447
78 5
78 20
78 90
78 122
78 708
78 713
78 3482
78 3484
78 125448
79 10
79 1010
79 1011
79 1013
79 125449
80 4
80 5
80 99
80 133
80 175
80 176
80 178
80 125450
81 3
81 4
81 5
81 3162
81 5832
81 125451
82 4
82 5
82 202
82 125453
82 125454
82 125455
83 71
83 76
83 190
83 191
83 125456
seqId 199
1 51
1 195
1 2712
1 2714
1 125457
2 76
2 433
2 434
2 436
2 125458
3 67
3 401
3 91432
3 91433
3 125459
4 9
4 10
4 11
4 13
4 40161
5 3
5 5
5 20
5 222
5 224
5 125460
6 5
6 20
6 202
6 1403
6 14323
6 125461
7 9
7 10
7 11
7 13
7 125462
8 4
8 5
8 99
8 131
8 132
8 133
8 152
8 125463
9 3
9 4
9 5
9 8694
9 8696
9 125464
10 4
10 5
10 202
10 322
10 22672
10 125465
11 75
11 76
11 77
11 79
11 125466
12 5
12 20
12 90
12 122
12 708
12 713
12 7643
12 125468
12 125469
13 10
13 828
13 829
13 831
13 125470
14 67
14 10653
14 19162
14 120592
14 120593
14 120595
14 125471
15 67
15 1104
15 100406
15 120597
15 120598
15 120600
15 125472
16 243
16 244
16 245
16 247
16 52600
17 5
17 20
17 90
17 122
17 708
17 713
17 9303
17 20830
17 125473
18 10
18 109
18 110
18 112
18 125474
19 51
19 195
19 1879
19 1881
19 125475
20 2822
20 2823
20 2824
20 2826
20 125476
21 10
21 146
21 147
21 149
21 722
22 99
22 131
22 132
22 133
22 195
22 236
22 237
23 3
23 4
23 195
23 18168
23 18170
23 125477
24 67
24 11542
24 49077
24 49078
24 49080
24 49081
24 125478
25 76
25 342
25 343
25 345
25 125479
26 5
26 20
26 98
26 99
26 100
26 3961
26 125480
27 3
27 5
27 20
27 9469
27 10946
27 125481
28 82
28 84
28 114
28 115
28 116
28 1361
28 125482
29 5
29 84
29 90
29 91
29 93
29 121
29 5773
29 125484
29 125485
30 660
30 1377
30 6485
30 6487
30 125486
31 10
31 146
31 149
31 1539
31 125487
32 4
32 5
32 99
32 131
32 132
32 133
32 152
32 40184
33 3
33 4
33 5
33 3725
33 3727
33 52617
34 230
34 231
34 232
34 234
34 125488
35 9
35 10
35 11
35 13
35 163
36 99
36 131
36 132
36 133
36 195
36 236
36 237
37 3
37 4
37 15
37 195
37 4121
37 125489
38 4
38 195
38 202
38 2553
38 29601
38 125490
39 243
39 244
39 245
39 247
39 40193
40 4
40 195
40 202
40 3386
40 3523
40 125491
41 9
41 10
41 11
41 13
41 125492
42 5
42 99
42 115
42 773
42 774
42 775
42 776
42 778
42 125493
43 3
43 5
43 20
43 15235
43 32948
43 125494
44 76
44 342
44 343
44 345
44 125495
45 5
45 20
45 202
45 36111
45 36113
45 125496
46 3
46 5
46 20
46 1299
46 10243
46 125497
47 158
47 159
47 160
47 162
47 125498
48 9
48 10
48 11
48 13
48 163
49 5
49 20
49 99
49 131
49 132
49 133
49 165
49 166
50 5
50 20
50 67
50 268
50 1413
50 1416
50 1417
50 125499
51 71
51 76
51 190
51 191
51 125500
seqId 200
1 5
1 20
1 82
1 83
1 84
1 115
1 763
1 3948
1 125501
2 5
2 84
2 90
2 91
2 92
2 93
2 1648
2 4404
2 4406
2 125503
3 10
3 146
3 147
3 149
3 125504
4 4
4 5
4 99
4 131
4 132
4 133
4 152
4 125505
5 3
5 4
5 5
5 13389
5 13391
5 125506
6 9
6 10
6 11
6 13
6 125507
7 3
7 4
7 195
7 4094
7 4096
7 125508
8 10
8 283
8 284
8 286
8 125509
9 4
9 5
9 99
9 131
9 132
9 133
9 152
9 125510
10 3
10 4
10 5
10 4550
10 8014
10 125511
11 71
11 76
11 190
11 191
11 125512
seqId 201
1 51
1 52
1 1427
1 1962
1 125513
2 76
2 592
2 593
2 595
2 125514
3 3
3 4
3 5
3 2608
3 2610
3 125515
4 243
4 244
4 245
4 247
4 125516
5 3
5 4
5 5
5 2613
5 2615
5 125517
6 9
6 10
6 11
6 13
6 125518
7 5
7 27
7 99
7 131
7 132
7 133
7 135
7 125519
8 2
8 3
8 4
8 5
8 181
8 125520
9 75
9 76
9 77
9 79
9 125521
seqId 202
1 3
1 5
1 20
1 1186
1 4796
1 23193
1 24176
1 125522
2 76
2 342
2 343
2 345
2 62373
3 3
3 4
3 5
3 24179
3 24181
3 125523
4 76
4 342
4 343
4 345
4 125524
5 3
5 4
5 5
5 2608
5 4490
5 125525
6 9
6 10
6 11
6 13
6 125526
7 5
7 27
7 99
7 131
7 132
7 133
7 135
7 125527
8 2
8 3
8 4
8 5
8 181
8 125528
9 75
9 76
9 77
9 79
9 125529
seqId 203
1 82
1 84
1 114
1 115
1 116
1 92366
1 125530
2 90
2 443
2 93308
2 125532
2 125533
3 10
3 146
3 147
3 149
3 125534
4 5
4 99
4 131
4 132
4 133
4 135
4 171
4 125535
5 3
5 4
5 5
5 36581
5 36583
5 125536
6 243
6 244
6 245
6 247
6 125537
7 10
7 146
7 147
7 149
7 125538
8 5
8 99
8 131
8 132
8 133
8 135
8 171
8 125539
9 3
9 4
9 5
9 1701
9 1703
9 125540
10 51
10 52
10 2054
10 2056
10 125541
11 71
11 76
11 190
11 191
11 125542
seqId 204
1 3
1 4
1 5
1 8694
1 26853
1 125543
2 243
2 244
2 245
2 247
2 125544
3 3
3 4
3 5
3 4002
3 4004
3 125545
seqId 205
1 76
1 592
1 593
1 595
1 125546
2 4
2 5
2 99
2 131
2 132
2 133
2 811
2 125547
3 3
3 4
3 5
3 26646
3 26648
3 125548
4 230
4 231
4 232
4 234
4 125549
5 9
5 10
5 11
5 13
5 163
6 99
6 131
6 132
6 133
6 195
6 236
6 237
7 3
7 20
7 195
7 2034
7 3403
7 125550
8 9
8 10
8 11
8 13
8 125551
9 5
9 27
9 99
9 131
9 132
9 133
9 135
9 125552
10 2
10 3
10 4
10 5
10 181
10 125553
11 243
11 244
11 245
11 247
11 125554
12 99
12 133
12 175
12 176
12 195
12 234
12 125555
13 3
13 20
13 195
13 7149
13 7151
13 125556
14 76
14 342
14 343
14 345
14 125557
15 10
15 146
15 147
15 149
15 125558
16 4
16 5
16 99
16 131
16 132
16 133
16 152
16 125559
17 3
17 4
17 5
17 27110
17 27112
17 125560
18 230
18 231
18 232
18 234
18 125561
19 9
19 10
19 11
19 13
19 163
20 99
20 131
20 132
20 133
20 195
20 236
20 237
21 3
21 20
21 195
21 12983
21 23115
21 62417
22 20
22 195
22 202
22 5516
22 6792
22 125562
23 76
23 342
23 343
23 345
23 125563
24 10
24 146
24 147
24 149
24 9568
25 4
25 5
25 99
25 131
25 132
25 133
25 152
25 62427
26 3
26 4
26 5
26 4002
26 4004
26 125564
27 76
27 342
27 343
27 345
27 125565
28 10
28 146
28 147
28 149
28 125566
29 5
29 27
29 99
29 131
29 132
29 133
29 135
29 125567
30 3
30 4
30 5
30 5821
30 5823
30 125568
31 5
31 202
31 254
31 256
31 125569
32 76
32 342
32 343
32 345
32 125570
33 71
33 509
33 25601
33 25602
33 25604
33 125571
34 76
34 1267
34 1268
34 1270
34 125572
seqId 206
1 5
1 20
1 99
1 131
1 132
1 133
1 967
1 125573
2 3
2 5
2 20
2 10295
2 26947
2 125574
3 9
3 10
3 24
3 26
3 27
3 125575
4 3
4 4
4 5
4 26950
4 26952
4 125576
5 76
5 342
5 343
5 345
5 125577
6 3
6 4
6 5
6 4002
6 26956
6 125578
7 243
7 244
7 245
7 247
7 125579
8 3
8 4
8 195
8 26959
8 26961
8 125580
9 9
9 10
9 11
9 13
9 125581
10 3
10 5
10 20
10 1320
10 26965
10 125582
11 76
11 413
11 414
11 416
11 125583
12 67
12 26968
12 26969
12 26971
12 125584
13 76
13 433
13 434
13 436
13 125585
14 76
14 342
14 343
14 345
14 9605
15 3
15 4
15 5
15 6950
15 7026
15 125586
16 9
16 10
16 11
16 13
16 125587
17 5
17 27
17 99
17 131
17 132
17 133
17 135
17 62461
18 3
18 5
18 20
18 64
18 522
18 525
18 125589
19 76
19 342
19 343
19 345
19 125590
20 5
20 84
20 90
20 91
20 93
20 121
20 8415
20 26981
20 125591
21 10
21 146
21 147
21 149
21 125592
22 4
22 5
22 99
22 131
22 132
22 133
22 152
22 125593
23 3
23 4
23 5
23 26985
23 26987
23 125594
24 4
24 5
24 202
24 26989
24 26991
24 125595
25 243
25 244
25 245
25 247
25 125596
26 4
26 5
26 202
26 26994
26 26996
26 125597
27 243
27 244
27 245
27 247
27 125598
28 10
28 146
28 147
28 149
28 125599
29 5
29 27
29 99
29 131
29 132
29 133
29 135
29 125600
30 3
30 4
30 5
30 27001
30 27003
30 125601
31 230
31 231
31 232
31 234
31 125602
32 9
32 10
32 11
32 13
32 163
33 99
33 131
33 132
33 133
33 195
33 236
33 237
34 3
34 4
34 195
34 26959
34 27007
34 125603
35 9
35 10
35 11
35 13
35 125604
36 3
36 5
36 20
36 1320
36 1322
36 125605
37 71
37 76
37 190
37 191
37 125606
seqId 207
1 4
1 5
1 98
1 99
1 100
1 4105
1 125607
2 3
2 4
2 5
2 6950
2 7026
2 125608
3 82
3 758
3 759
3 761
3 125609
4 82
4 84
4 114
4 115
4 116
4 1361
4 125610
5 5
5 84
5 90
5 91
5 93
5 121
5 8855
5 13550
5 125611
6 660
6 12538
6 12539
6 12541
6 125612
7 5
7 84
7 90
7 91
7 93
7 121
7 24448
7 27015
7 125613
8 5
8 20
8 99
8 131
8 132
8 133
8 166
8 125614
9 3
9 5
9 20
9 27018
9 27020
9 125615
10 9
10 10
10 11
10 13
10 125616
11 3
11 4
11 5
11 26985
11 26987
11 125617
12 243
12 244
12 245
12 247
12 125618
13 3
13 4
13 5
13 4002
13 4004
13 125619
14 717
14 718
14 719
14 721
14 125620
15 10
15 146
15 147
15 149
15 722
16 5
16 20
16 99
16 131
16 132
16 133
16 165
16 166
17 3
17 5
17 20
17 1320
17 1322
17 125621
18 10
18 146
18 147
18 149
18 125622
19 3
19 4
19 5
19 1350
19 1352
19 125623
20 158
20 159
20 160
20 162
20 125624
21 9
21 10
21 11
21 13
21 163
22 5
22 20
22 99
22 131
22 132
22 133
22 165
22 166
23 3
23 5
23 20
23 2553
23 2555
23 125625
24 71
24 76
24 190
24 191
24 125626
seqId 208
1 5
1 20
1 99
1 131
1 132
1 133
1 967
1 125627
2 5
2 20
2 67
2 26968
2 26971
2 125628
3 5
3 84
3 91
3 93
3 121
3 703
3 707
3 956
3 125629
4 660
4 11739
4 11740
4 11742
4 125630
5 4
5 5
5 90
5 122
5 708
5 713
5 3372
5 24510
5 125631
6 10
6 146
6 147
6 149
6 125632
7 4
7 5
7 99
7 131
7 132
7 133
7 152
7 125633
8 3
8 4
8 5
8 8229
8 12263
8 125634
9 9
9 10
9 24
9 26
9 27
9 125635
10 3
10 4
10 5
10 44
10 621
10 125636
11 230
11 231
11 232
11 234
11 125637
12 9
12 10
12 11
12 13
12 163
13 99
13 131
13 132
13 133
13 195
13 236
13 237
14 3
14 20
14 195
14 12983
14 23115
14 125638
15 20
15 195
15 202
15 5516
15 6792
15 125639
16 71
16 76
16 190
16 191
16 125640
seqId 209
1 5
1 27
1 99
1 131
1 132
1 133
1 699
1 125641
2 3
2 5
2 20
2 522
2 939
2 125642
3 5
3 84
3 91
3 93
3 121
3 702
3 703
3 705
3 125643
4 5
4 20
4 90
4 122
4 708
4 769
4 5874
4 5876
4 125644
5 10
5 109
5 110
5 112
5 125645
6 51
6 195
6 4167
6 4169
6 125646
7 4
7 5
7 99
7 133
7 175
7 176
7 178
7 125647
8 3
8 4
8 5
8 7388
8 27055
8 125648
9 10
9 126
9 127
9 129
9 125649
10 4
10 5
10 99
10 131
10 132
10 133
10 152
10 40386
11 3
11 4
11 5
11 6713
11 6715
11 125650
12 9
12 10
12 11
12 13
12 125651
13 3
13 4
13 5
13 2613
13 2615
13 125652
14 717
14 718
14 719
14 721
14 125653
15 10
15 146
15 147
15 149
15 722
16 5
16 20
16 99
16 131
16 132
16 133
16 165
16 166
17 3
17 5
17 20
17 1320
17 1322
17 125654
18 660
18 5576
18 5577
18 5579
18 125655
19 9
19 10
19 11
19 13
19 125656
20 5
20 27
20 99
20 131
20 132
20 133
20 135
20 125657
21 3
21 5
21 20
21 3394
21 3396
21 125658
22 230
22 231
22 232
22 234
22 125659
23 9
23 10
23 11
23 13
23 163
24 99
24 131
24 132
24 133
24 195
24 236
24 237
25 3
25 20
25 195
25 2553
25 24170
25 125660
26 71
26 76
26 190
26 191
26 125661
seqId 210
1 5
1 20
1 99
1 133
1 175
1 176
1 9647
1 125662
2 3
2 5
2 20
2 1320
2 1322
2 125663
3 5
3 84
3 91
3 93
3 121
3 703
3 707
3 956
3 125664
4 660
4 26477
4 26478
4 26480
4 125665
5 5
5 20
5 90
5 122
5 708
5 713
5 3686
5 27076
5 125666
6 717
6 718
6 719
6 721
6 125667
7 10
7 146
7 147
7 149
7 722
8 5
8 20
8 99
8 131
8 132
8 133
8 165
8 166
9 3
9 5
9 20
9 1325
9 1327
9 125668
10 9
10 10
10 11
10 13
10 62549
11 5
11 27
11 99
11 131
11 132
11 133
11 135
11 125669
12 2
12 3
12 4
12 5
12 181
12 125670
13 9
13 10
13 11
13 13
13 125671
14 3
14 4
14 5
14 4900
14 55285
14 125672
15 243
15 244
15 245
15 247
15 125673
16 9
16 10
16 11
16 13
16 125674
17 3
17 4
17 5
17 15
17 5937
17 125675
18 5
18 20
18 202
18 222
18 224
18 125676
19 3
19 4
19 5
19 313
19 5251
19 125677
20 4
20 5
20 202
20 3199
20 5132
20 125678
21 10
21 126
21 127
21 129
21 125679
22 5
22 27
22 99
22 131
22 132
22 133
22 135
22 125680
23 3
23 4
23 5
23 44
23 621
23 125681
24 230
24 231
24 232
24 234
24 125682
25 9
25 10
25 11
25 13
25 163
26 99
26 131
26 132
26 133
26 195
26 236
26 237
27 3
27 20
27 195
27 12983
27 23115
27 125683
28 20
28 195
28 202
28 5516
28 6792
28 125684
29 71
29 76
29 190
29 191
29 125685
seqId 211
1 5
1 20
1 99
1 131
1 132
1 133
1 967
1 125686
2 3
2 5
2 20
2 1320
2 1322
2 125687
3 5
3 84
3 90
3 91
3 93
3 121
3 13580
3 13582
3 125688
4 10
4 146
4 147
4 149
4 125689
5 90
5 443
5 3257
5 14916
5 125690
6 5
6 27
6 99
6 131
6 132
6 133
6 135
6 125691
7 3
7 5
7 20
7 3394
7 3396
7 125692
8 230
8 231
8 232
8 234
8 125693
9 9
9 10
9 11
9 13
9 163
10 99
10 131
10 132
10 133
10 195
10 236
10 237
11 3
11 20
11 195
11 12983
11 23115
11 125694
12 20
12 195
12 202
12 5516
12 6792
12 125695
13 76
13 342
13 343
13 345
13 125696
14 10
14 146
14 147
14 149
14 125697
15 90
15 443
15 23260
15 24694
15 125698
16 99
16 131
16 132
16 133
16 195
16 237
16 125699
17 3
17 4
17 195
17 5280
17 7167
17 125700
18 9
18 10
18 11
18 13
18 125701
19 3
19 4
19 5
19 27110
19 27112
19 125702
20 243
20 244
20 245
20 247
20 125703
21 10
21 146
21 147
21 149
21 125704
22 90
22 443
22 9903
22 12062
22 125705
23 99
23 133
23 175
23 176
23 195
23 234
23 125706
24 3
24 4
24 195
24 4804
24 5101
24 125707
25 9
25 10
25 11
25 13
25 125708
26 3
26 4
26 5
26 27110
26 27112
26 125709
27 71
27 76
27 190
27 191
27 125710
seqId 212
1 5
1 27
1 99
1 131
1 132
1 133
1 699
1 125711
2 5
2 67
2 1256
2 1258
2 1259
2 125712
3 5
3 84
3 90
3 91
3 93
3 121
3 702
3 705
3 125713
4 51
4 195
4 1368
4 1370
4 125714
5 3
5 20
5 195
5 340
5 27126
5 27128
5 125715
6 9
6 10
6 11
6 13
6 125716
7 3
7 4
7 5
7 27110
7 27112
7 62628
8 10
8 19283
8 19284
8 19286
8 125717
9 5
9 20
9 99
9 131
9 132
9 133
9 166
9 125718
10 3
10 5
10 20
10 2553
10 2555
10 125719
11 5
11 20
11 202
11 1449
11 9927
11 125720
12 4326
12 4327
12 4328
12 4330
12 125721
13 10
13 146
13 147
13 149
13 722
14 20
14 82
14 195
14 759
14 1432
14 4332
14 4333
15 27
15 82
15 84
15 114
15 115
15 116
15 118
15 125722
16 5
16 84
16 90
16 91
16 93
16 121
16 17531
16 21077
16 125723
17 4
17 5
17 99
17 131
17 132
17 133
17 152
17 125724
18 3
18 4
18 5
18 27140
18 27142
18 27143
18 125725
19 9
19 10
19 11
19 13
19 125726
20 3
20 5
20 20
20 14392
20 14394
20 125727
21 71
21 76
21 190
21 191
21 125728
seqId 213
1 5
1 85
1 99
1 10078
1 27149
1 125729
2 3
2 4
2 5
2 729
2 4454
2 125730
3 76
3 342
3 343
3 345
3 125731
4 85
4 99
4 195
4 638
4 640
4 97801
5 3
5 20
5 195
5 2553
5 24170
5 125732
6 82
6 759
6 2852
6 2854
6 125733
7 99
7 133
7 175
7 176
7 195
7 234
7 125734
8 3
8 20
8 195
8 1229
8 27157
8 125735
9 3
9 20
9 195
9 10402
9 10404
9 125736
10 84
10 90
10 91
10 93
10 121
10 195
10 3906
10 27162
10 125737
11 5
11 20
11 99
11 131
11 132
11 133
11 166
11 125738
12 3
12 5
12 20
12 27165
12 27167
12 125739
13 3
13 5
13 20
13 27170
13 27172
13 27173
13 125740
14 5
14 20
14 202
14 1361
14 27175
14 27177
14 27178
14 125741
15 158
15 159
15 160
15 162
15 125742
16 9
16 10
16 11
16 13
16 163
17 5
17 20
17 99
17 131
17 132
17 133
17 165
17 166
18 3
18 5
18 20
18 1320
18 1322
18 125743
19 71
19 76
19 190
19 191
19 125744
seqId 214
1 660
1 5049
1 7881
1 7883
1 125745
2 76
2 342
2 343
2 345
2 125746
3 51
3 195
3 9463
3 12680
3 125747
4 3
4 20
4 195
4 25331
4 25718
4 125748
5 84
5 91
5 93
5 121
5 195
5 703
5 707
5 1858
5 125749
6 20
6 90
6 122
6 195
6 708
6 713
6 9952
6 27190
6 125750
7 10
7 109
7 112
7 2548
7 125751
8 660
8 1796
8 1797
8 1799
8 125752
9 944
9 945
9 946
9 948
9 125753
10 3
10 20
10 195
10 27195
10 27197
10 125754
11 9
11 10
11 24
11 26
11 27
11 125755
12 3
12 4
12 5
12 27200
12 27202
12 125756
13 243
13 244
13 245
13 247
13 125757
14 9
14 10
14 11
14 13
14 125758
15 3
15 4
15 5
15 9384
15 20103
15 125759
16 71
16 76
16 190
16 191
16 125760
seqId 215
1 76
1 592
1 593
1 595
1 125761
2 4
2 5
2 99
2 131
2 132
2 133
2 811
2 125762
3 3
3 4
3 5
3 3199
3 5132
3 125763
4 9
4 10
4 11
4 13
4 125764
5 3
5 4
5 5
5 4002
5 4004
5 125765
6 230
6 231
6 232
6 234
6 125766
7 9
7 10
7 11
7 13
7 163
8 99
8 131
8 132
8 133
8 195
8 236
8 237
9 3
9 20
9 195
9 13358
9 13360
9 125767
10 9
10 10
10 24
10 26
10 27
10 125768
11 3
11 4
11 5
11 194
11 14840
11 125769
12 4
12 5
12 90
12 122
12 708
12 713
12 1345
12 4853
12 125770
13 10
13 109
13 110
13 112
13 62728
14 3
14 4
14 5
14 4406
14 24330
14 125771
15 10
15 283
15 284
15 286
15 125772
16 5
16 27
16 99
16 131
16 132
16 133
16 135
16 125773
17 2
17 3
17 4
17 5
17 181
17 125774
seqId 216
1 4
1 5
1 99
1 131
1 132
1 133
1 811
1 125775
2 3
2 4
2 5
2 3199
2 5132
2 125776
3 9
3 10
3 11
3 13
3 125777
4 3
4 4
4 5
4 4002
4 4004
4 125778
5 230
5 231
5 232
5 234
5 125779
6 9
6 10
6 11
6 13
6 163
7 99
7 131
7 132
7 133
7 195
7 236
7 237
8 3
8 20
8 195
8 13358
8 13360
8 125780
9 9
9 10
9 24
9 26
9 27
9 125781
10 3
10 4
10 5
10 194
10 14840
10 125782
11 5
11 84
11 91
11 93
11 121
11 703
11 707
11 956
11 125783
12 10
12 109
12 110
12 112
12 125784
13 3
13 5
13 20
13 389
13 391
13 125785
14 9
14 10
14 24
14 26
14 27
14 125786
15 3
15 4
15 5
15 9634
15 9636
15 125787
16 717
16 718
16 719
16 721
16 125788
17 10
17 146
17 147
17 149
17 722
18 5
18 20
18 99
18 131
18 132
18 133
18 165
18 166
19 3
19 5
19 20
19 1325
19 1327
19 125789
20 9
20 10
20 11
20 13
20 125790
21 5
21 27
21 99
21 131
21 132
21 133
21 135
21 125791
22 3
22 5
22 20
22 64
22 522
22 525
22 125792
23 71
23 76
23 190
23 191
23 125793
seqId 217
1 4
1 5
1 82
1 83
1 84
1 115
1 763
1 4750
1 125794
2 5
2 84
2 91
2 92
2 93
2 703
2 707
2 16563
2 125795
3 4
3 5
3 90
3 122
3 708
3 713
3 1548
3 3082
3 125796
4 3
4 4
4 5
4 4447
4 4449
4 125797
5 3
5 5
5 20
5 4604
5 4606
5 125798
6 51
6 195
6 1879
6 1881
6 125799
7 71
7 76
7 190
7 191
7 125800
seqId 218
1 85
1 99
1 195
1 638
1 6239
1 125801
2 3
2 20
2 195
2 11368
2 11370
2 125802
3 243
3 244
3 245
3 247
3 125803
4 3
4 20
4 195
4 4157
4 4159
4 125804
5 84
5 91
5 93
5 121
5 195
5 702
5 703
5 1062
5 125805
6 5
6 20
6 122
6 703
6 707
6 708
6 710
6 125806
7 20
7 90
7 122
7 195
7 708
7 713
7 3686
7 9599
7 125807
8 660
8 3319
8 3320
8 3322
8 125808
9 9
9 10
9 11
9 13
9 125809
10 90
10 443
10 1587
10 4347
10 125811
10 125812
11 4
11 5
11 98
11 99
11 100
11 1927
11 125813
12 3
12 4
12 5
12 3199
12 5132
12 125814
13 10
13 1387
13 1388
13 1390
13 125815
14 99
14 131
14 132
14 133
14 195
14 237
14 125816
15 20
15 195
15 202
15 2075
15 2077
15 125817
16 3
16 20
16 195
16 340
16 3533
16 3535
16 125818
17 71
17 76
17 190
17 191
17 125819
seqId 219
1 51
1 52
1 4934
1 4936
1 125820
2 76
2 592
2 593
2 595
2 125821
3 3
3 4
3 5
3 3268
3 5994
3 125822
4 67
4 24198
4 27254
4 27255
4 27257
4 125823
seqId 220
1 3
1 20
1 195
1 3118
1 27276
1 125824
2 20
2 195
2 202
2 3303
2 10106
2 125825
seqId 221
1 76
1 592
1 593
1 595
1 125826
2 3
2 4
2 5
2 28174
2 33297
2 38195
2 97137
2 125827
3 9
3 10
3 11
3 13
3 125828
4 5
4 27
4 99
4 131
4 132
4 133
4 135
4 125829
5 3
5 4
5 5
5 642
5 23331
5 125830
6 3
6 2548
6 9789
6 9791
6 125831
7 10
7 146
7 147
7 149
7 125832
8 4
8 5
8 82
8 759
8 1432
8 1434
8 125833
9 5
9 20
9 99
9 131
9 132
9 133
9 166
9 125834
10 3
10 5
10 20
10 217
10 800
10 125835
11 5
11 84
11 90
11 91
11 93
11 121
11 36143
11 125837
11 125838
12 9
12 10
12 11
12 13
12 125839
13 3
13 4
13 5
13 3615
13 3617
13 125840
14 4
14 5
14 202
14 125842
14 125843
14 125844
15 76
15 342
15 343
15 345
15 125845
16 5
16 20
16 82
16 84
16 85
16 1310
16 1312
16 125846
17 82
17 84
17 114
17 115
17 116
17 1361
17 125847
18 90
18 121
18 122
18 125849
18 125850
18 125851
19 660
19 11739
19 11740
19 11742
19 125852
20 5
20 20
20 90
20 122
20 708
20 713
20 7704
20 54939
20 125853
21 10
21 828
21 829
21 831
21 125854
22 99
22 131
22 132
22 133
22 195
22 237
22 125855
23 3
23 20
23 195
23 429
23 4265
23 125856
24 243
24 244
24 245
24 247
24 125857
25 99
25 131
25 132
25 133
25 195
25 237
25 125858
26 3
26 4
26 195
26 22519
26 30633
26 125859
27 71
27 76
27 190
27 191
27 125860
seqId 222
1 76
1 592
1 593
1 595
1 125861
2 3
2 4
2 5
2 21456
2 125863
2 125864
3 9
3 10
3 11
3 13
3 125865
4 5
4 27
4 99
4 131
4 132
4 133
4 135
4 125866
5 3
5 4
5 5
5 642
5 23331
5 125867
6 82
6 758
6 759
6 761
6 125868
7 5
7 84
7 90
7 91
7 93
7 121
7 8855
7 13550
7 125869
8 99
8 133
8 175
8 176
8 195
8 234
8 125870
9 3
9 20
9 195
9 2221
9 3410
9 125871
10 158
10 159
10 160
10 162
10 125872
11 9
11 10
11 11
11 13
11 163
12 5
12 20
12 99
12 131
12 132
12 133
12 165
12 166
13 3
13 5
13 20
13 222
13 224
13 125873
14 9
14 10
14 11
14 13
14 125874
15 5
15 27
15 99
15 131
15 132
15 133
15 135
15 125875
16 3
16 4
16 5
16 18373
16 18375
16 125876
17 76
17 342
17 343
17 345
17 125877
18 99
18 133
18 175
18 176
18 195
18 234
18 125878
19 3
19 20
19 195
19 2221
19 3410
19 125879
20 9
20 10
20 11
20 13
20 125880
21 4
21 5
21 99
21 131
21 132
21 133
21 152
21 125881
22 3
22 4
22 5
22 7319
22 7321
22 125882
23 4
23 5
23 202
23 1403
23 7713
23 125883
24 230
24 231
24 232
24 234
24 125884
25 9
25 10
25 11
25 13
25 163
26 99
26 131
26 132
26 133
26 195
26 236
26 237
27 3
27 20
27 195
27 222
27 4204
27 125885
28 9
28 10
28 11
28 13
28 10087
29 5
29 27
29 99
29 131
29 132
29 133
29 135
29 125886
30 3
30 5
30 20
30 26371
30 49986
30 125887
31 243
31 244
31 245
31 247
31 125888
32 230
32 231
32 232
32 234
32 125889
33 9
33 10
33 11
33 13
33 163
34 99
34 131
34 132
34 133
34 195
34 236
34 237
35 3
35 20
35 195
35 2221
35 3410
35 125890
36 9
36 10
36 24
36 26
36 27
36 125891
37 4
37 195
37 202
37 2294
37 3837
37 125892
38 3
38 4
38 195
38 3800
38 3802
38 125893
39 158
39 159
39 160
39 162
39 125894
40 9
40 10
40 11
40 13
40 163
41 5
41 20
41 99
41 131
41 132
41 133
41 165
41 166
42 3
42 5
42 20
42 222
42 224
42 125895
43 76
43 413
43 414
43 416
43 125896
44 3
44 5
44 20
44 222
44 224
44 125897
45 9
45 10
45 11
45 13
45 125898
46 4
46 5
46 99
46 131
46 132
46 133
46 152
46 125899
47 3
47 4
47 5
47 3425
47 6388
47 125900
48 76
48 342
48 343
48 345
48 125901
49 3
49 5
49 20
49 222
49 224
49 125902
50 5
50 20
50 96
50 202
50 7130
50 7132
50 7133
50 125903
51 76
51 342
51 343
51 345
51 125904
52 3
52 5
52 20
52 222
52 224
52 125905
53 5
53 20
53 202
53 322
53 36035
53 125906
54 76
54 342
54 343
54 345
54 125907
55 3
55 5
55 20
55 222
55 224
55 125908
56 5
56 20
56 202
56 2923
56 2925
56 125909
57 5
57 20
57 202
57 6519
57 6521
57 125910
58 76
58 342
58 343
58 345
58 125911
59 3
59 5
59 20
59 222
59 224
59 125912
60 5
60 20
60 202
60 1616
60 1618
60 125913
61 76
61 342
61 343
61 345
61 125914
62 3
62 5
62 20
62 222
62 224
62 125915
63 5
63 202
63 254
63 256
63 125916
64 76
64 342
64 343
64 345
64 125917
65 3
65 5
65 20
65 222
65 224
65 125918
66 5
66 20
66 202
66 2625
66 12919
66 125919
67 76
67 433
67 434
67 436
67 125920
68 71
68 76
68 190
68 191
68 125921
seqId 223
1 4
1 5
1 99
1 131
1 132
1 133
1 811
1 125922
2 3
2 4
2 5
2 8989
2 24580
2 98022
3 9
3 10
3 11
3 13
3 125923
4 98
4 99
4 100
4 195
4 2073
4 125924
5 3
5 4
5 195
5 3846
5 3848
5 125925
6 5
6 84
6 90
6 91
6 93
6 121
6 2333
6 2335
6 125926
7 717
7 718
7 719
7 721
7 125927
8 10
8 146
8 147
8 149
8 722
9 5
9 20
9 99
9 131
9 132
9 133
9 165
9 166
10 5
10 20
10 67
10 268
10 1413
10 1416
10 1417
10 125928
11 9
11 10
11 24
11 26
11 27
11 10145
12 90
12 443
12 44948
12 60924
12 125929
13 5
13 20
13 99
13 131
13 132
13 133
13 166
13 10148
14 3
14 5
14 20
14 222
14 224
14 125930
15 5
15 20
15 202
15 2964
15 7099
15 125931
16 243
16 244
16 245
16 247
16 125932
17 3
17 5
17 20
17 1527
17 1529
17 125933
18 9
18 10
18 11
18 13
18 125934
19 5
19 27
19 99
19 131
19 132
19 133
19 135
19 125935
20 3
20 4
20 5
20 18373
20 18375
20 125936
21 10
21 283
21 284
21 286
21 125937
22 4
22 195
22 202
22 1377
22 1379
22 53237
23 99
23 115
23 195
23 773
23 774
23 775
23 776
23 3400
23 125938
24 3
24 4
24 195
24 107673
24 107675
24 125939
25 76
25 342
25 343
25 345
25 125940
26 10
26 279
26 11672
26 11673
26 125941
27 5
27 20
27 99
27 133
27 175
27 176
27 1316
27 125942
28 3
28 5
28 20
28 16388
28 16390
28 125943
29 660
29 43551
29 43552
29 43554
29 125944
30 5
30 20
30 202
30 4270
30 18030
30 125945
31 10
31 378
31 379
31 381
31 125946
32 90
32 443
32 2333
32 3366
32 125947
33 99
33 133
33 175
33 176
33 195
33 234
33 125948
34 3
34 4
34 195
34 340
34 13351
34 13353
34 125950
35 10
35 1605
35 1606
35 1608
35 125951
36 99
36 131
36 132
36 133
36 195
36 237
36 125952
37 20
37 195
37 202
37 2075
37 2077
37 125953
38 3
38 20
38 195
38 272
38 6282
38 125954
39 9
39 10
39 24
39 26
39 27
39 125955
40 3
40 4
40 5
40 13887
40 26751
40 125956
41 9
41 10
41 11
41 13
41 63014
42 5
42 27
42 99
42 131
42 132
42 133
42 135
42 125957
43 3
43 4
43 5
43 18373
43 18375
43 125958
44 71
44 76
44 190
44 191
44 125959
seqId 224
1 76
1 592
1 593
1 595
1 125960
2 3
2 4
2 195
2 5512
2 61713
2 125961
3 4
3 90
3 122
3 195
3 340
3 708
3 713
3 6729
3 125963
3 125964
4 10
4 1387
4 1388
4 1390
4 125965
5 99
5 131
5 132
5 133
5 195
5 237
5 125966
6 4
6 195
6 202
6 2294
6 3837
6 125967
7 2
7 3
7 4
7 195
7 4286
7 125968
8 9
8 10
8 11
8 13
8 125969
9 5
9 27
9 99
9 131
9 132
9 133
9 135
9 125970
10 5
10 67
10 1256
10 1258
10 1259
10 125971
11 9
11 10
11 11
11 13
11 125972
12 3
12 5
12 20
12 222
12 224
12 125973
13 76
13 413
13 414
13 416
13 125974
14 67
14 265
14 266
14 268
14 269
14 270
14 125975
15 76
15 342
15 343
15 345
15 125976
16 67
16 268
16 5600
16 5602
16 15327
16 125977
17 76
17 342
17 343
17 345
17 125978
18 67
18 6030
18 6032
18 57336
18 125979
19 36
19 67
19 5978
19 5979
19 47866
19 47867
19 125980
20 76
20 25777
20 47621
20 47622
20 125981
21 76
21 433
21 434
21 436
21 125982
22 82
22 758
22 759
22 761
22 125983
23 84
23 90
23 91
23 93
23 121
23 195
23 2333
23 8164
23 125984
24 9
24 10
24 24
24 26
24 27
24 125985
25 90
25 443
25 11164
25 31435
25 125986
26 243
26 244
26 245
26 247
26 125987
27 9
27 10
27 11
27 13
27 125988
28 90
28 443
28 3563
28 31168
28 125989
29 99
29 133
29 175
29 176
29 195
29 234
29 125990
30 3
30 4
30 195
30 4804
30 5101
30 125991
31 4
31 195
31 202
31 5335
31 93080
31 125992
32 243
32 244
32 245
32 247
32 125993
33 9
33 10
33 11
33 13
33 125994
34 90
34 443
34 3969
34 3971
34 125995
35 5
35 20
35 99
35 131
35 132
35 133
35 166
35 125996
36 3
36 5
36 20
36 222
36 224
36 125997
37 9
37 10
37 11
37 13
37 63053
38 5
38 27
38 99
38 131
38 132
38 133
38 135
38 125998
39 3
39 4
39 5
39 18373
39 18375
39 125999
40 717
40 718
40 719
40 721
40 40750
41 10
41 146
41 147
41 149
41 722
42 5
42 20
42 99
42 131
42 132
42 133
42 165
42 166
43 3
43 5
43 20
43 13338
43 13340
43 126000
44 9
44 10
44 26
44 169
44 171
44 126001
45 4
45 195
45 202
45 2294
45 3837
45 126002
46 3
46 4
46 195
46 13569
46 13571
46 126003
47 71
47 76
47 190
47 191
47 126004
seqId 225
1 98
1 99
1 100
1 195
1 8870
1 126005
2 3
2 4
2 195
2 5512
2 5514
2 126006
3 84
3 91
3 93
3 121
3 195
3 703
3 707
3 1858
3 126007
4 244
4 2696
4 2697
4 2699
4 126008
5 4
5 195
5 202
5 340
5 15264
5 86347
5 126010
6 76
6 342
6 343
6 345
6 126011
7 244
7 2696
7 2697
7 2699
7 126012
8 4
8 90
8 122
8 195
8 340
8 708
8 713
8 1676
8 1678
8 126013
9 10
9 828
9 829
9 831
9 126014
10 4
10 5
10 99
10 131
10 132
10 133
10 152
10 126015
11 4
11 5
11 67
11 6076
11 6078
11 6079
11 126016
12 10
12 146
12 149
12 1539
12 126017
13 90
13 443
13 1334
13 8849
13 126018
14 12584
14 12585
14 12586
14 12588
14 126019
15 9
15 10
15 11
15 13
15 163
16 5
16 20
16 82
16 759
16 1432
16 6157
16 6158
17 84
17 90
17 91
17 93
17 121
17 195
17 21938
17 126021
17 126022
18 230
18 231
18 232
18 234
18 126023
19 9
19 10
19 11
19 13
19 163
20 99
20 131
20 132
20 133
20 195
20 236
20 237
21 3
21 20
21 195
21 429
21 4265
21 126024
22 20
22 195
22 202
22 27620
22 27622
22 126025
23 9
23 10
23 11
23 13
23 126026
24 90
24 443
24 59058
24 126028
24 126029
25 85
25 99
25 195
25 638
25 640
25 126030
26 2
26 3
26 4
26 195
26 4286
26 126031
27 71
27 76
27 190
27 191
27 126032
seqId 226
1 76
1 592
1 593
1 595
1 126033
2 4
2 5
2 202
2 3303
2 6563
2 126035
3 3
3 4
3 5
3 14541
3 14543
3 126036
4 230
4 231
4 232
4 234
4 98154
5 9
5 10
5 11
5 13
5 163
6 99
6 131
6 132
6 133
6 195
6 236
6 237
7 3
7 20
7 195
7 1806
7 1808
7 1809
7 1810
7 98155
8 10
8 283
8 284
8 286
8 126037
9 99
9 131
9 132
9 133
9 195
9 237
9 126038
10 3
10 4
10 195
10 897
10 3520
10 126039
11 158
11 159
11 160
11 162
11 126040
12 9
12 10
12 11
12 13
12 163
13 5
13 20
13 99
13 131
13 132
13 133
13 165
13 166
14 3
14 5
14 20
14 217
14 800
14 126041
15 82
15 758
15 759
15 761
15 126042
16 5
16 84
16 90
16 91
16 93
16 121
16 2333
16 2335
16 126043
17 9
17 10
17 24
17 26
17 27
17 126044
18 90
18 443
18 11173
18 126046
18 126047
19 99
19 133
19 175
19 176
19 195
19 234
19 126048
20 3
20 4
20 195
20 4804
20 5101
20 126049
21 4
21 195
21 202
21 3272
21 21191
21 126050
22 4
22 195
22 202
22 6111
22 13114
22 126051
23 944
23 945
23 946
23 948
23 126052
24 99
24 131
24 132
24 133
24 195
24 237
24 126053
25 3
25 4
25 195
25 1970
25 1972
25 126054
26 9
26 10
26 11
26 13
26 126055
27 76
27 137
27 138
27 140
27 126056
28 3
28 4
28 5
28 11107
28 11109
28 126057
29 9
29 10
29 11
29 13
29 126058
30 4
30 5
30 99
30 131
30 132
30 133
30 152
30 126059
31 3
31 4
31 5
31 13351
31 13353
31 126060
32 76
32 185
32 186
32 188
32 126061
33 244
33 418
33 419
33 421
33 126062
34 99
34 131
34 132
34 133
34 195
34 237
34 126063
35 76
35 137
35 138
35 140
35 126064
36 3
36 20
36 195
36 340
36 50714
36 50716
36 126066
37 230
37 231
37 232
37 234
37 126067
38 9
38 10
38 11
38 13
38 163
39 99
39 131
39 132
39 133
39 195
39 236
39 237
40 3
40 20
40 195
40 1808
40 124255
40 126069
41 76
41 185
41 186
41 188
41 126070
42 71
42 76
42 190
42 191
42 126071
seqId 227
1 3
1 4
1 5
1 14541
1 38399
1 38400
1 126072
2 4
2 5
2 90
2 122
2 708
2 713
2 21513
2 27350
2 126073
3 10
3 828
3 829
3 831
3 126074
4 4
4 5
4 99
4 131
4 132
4 133
4 152
4 126075
5 3
5 4
5 5
5 7803
5 7805
5 126076
6 4
6 5
6 202
6 8973
6 8975
6 126077
7 99
7 133
7 175
7 176
7 195
7 234
7 126078
8 3
8 20
8 195
8 1806
8 1808
8 1809
8 1810
8 126079
9 2822
9 2823
9 2824
9 2826
9 126080
10 10
10 146
10 147
10 149
10 722
11 99
11 131
11 132
11 133
11 195
11 236
11 237
12 3
12 4
12 195
12 6862
12 14459
12 126081
13 9
13 10
13 26
13 169
13 171
13 126082
14 3
14 4
14 5
14 1395
14 5941
14 126083
15 76
15 342
15 343
15 345
15 126084
16 3
16 20
16 195
16 4157
16 4159
16 126085
17 243
17 244
17 245
17 247
17 126086
18 3
18 20
18 195
18 2863
18 10735
18 126087
19 20
19 195
19 202
19 1777
19 1808
19 1809
19 4904
19 126088
20 158
20 159
20 160
20 162
20 126089
21 9
21 10
21 11
21 13
21 163
22 5
22 20
22 99
22 131
22 132
22 133
22 165
22 166
23 67
23 204
23 122880
23 122882
23 126090
23 126091
24 64
24 67
24 1416
24 124908
24 124909
24 124911
24 126092
25 10
25 7340
25 9033
25 9035
25 126093
26 4
26 5
26 99
26 115
26 773
26 774
26 775
26 776
26 3330
26 126094
27 3
27 4
27 5
27 504
27 14984
27 126095
28 10
28 109
28 110
28 112
28 126096
29 51
29 195
29 8426
29 8428
29 126097
30 76
30 342
30 343
30 345
30 126098
31 10
31 1387
31 1388
31 1390
31 126099
32 99
32 133
32 175
32 176
32 195
32 234
32 40872
33 3
33 4
33 195
33 8842
33 8844
33 126100
34 90
34 121
34 122
34 79673
34 86450
34 126101
35 4
35 5
35 99
35 131
35 132
35 133
35 152
35 63184
36 3
36 4
36 5
36 4228
36 13593
36 126102
37 230
37 231
37 232
37 234
37 126103
38 9
38 10
38 11
38 13
38 163
39 99
39 131
39 132
39 133
39 195
39 236
39 237
40 3
40 20
40 195
40 1806
40 1808
40 1809
40 1810
40 126104
41 71
41 76
41 190
41 191
41 126105
seqId 228
1 3
1 4
1 5
1 14541
1 38399
1 38400
1 126106
2 4
2 5
2 90
2 122
2 708
2 713
2 21513
2 27350
2 126107
3 9
3 10
3 26
3 169
3 171
3 126108
4 3
4 5
4 20
4 23100
4 126110
4 126111
5 660
5 2509
5 2510
5 2512
5 126112
6 10
6 7340
6 9033
6 9035
6 126113
7 51
7 195
7 5922
7 5924
7 126114
8 10
8 828
8 829
8 831
8 126115
9 5
9 20
9 99
9 133
9 175
9 176
9 1316
9 126116
10 3
10 5
10 20
10 2863
10 2865
10 126117
11 5
11 20
11 26
11 202
11 4904
11 10364
11 10365
11 126118
12 9
12 10
12 26
12 169
12 171
12 126119
13 3
13 4
13 5
13 6471
13 6473
13 126120
14 5
14 20
14 72
14 90
14 122
14 708
14 713
14 5390
14 18530
14 21424
14 32018
14 126121
15 10
15 828
15 829
15 831
15 126122
16 5
16 20
16 99
16 131
16 132
16 133
16 166
16 126123
17 5
17 20
17 67
17 268
17 1413
17 1416
17 1417
17 126124
18 243
18 244
18 245
18 247
18 126125
19 5
19 99
19 131
19 132
19 133
19 135
19 171
19 126126
20 3
20 4
20 5
20 2997
20 2999
20 126127
21 4
21 5
21 202
21 4904
21 4906
21 126128
22 9
22 10
22 11
22 13
22 126129
23 3
23 5
23 20
23 222
23 371
23 126130
24 243
24 244
24 245
24 247
24 126131
25 3
25 4
25 5
25 313
25 120068
25 126132
26 4
26 5
26 202
26 3199
26 5132
26 126133
27 9
27 10
27 11
27 13
27 126134
28 5
28 99
28 131
28 132
28 133
28 135
28 171
28 126135
29 3
29 4
29 5
29 597
29 599
29 126136
30 9
30 10
30 11
30 13
30 126137
31 67
31 605
31 607
31 1199
31 126138
32 10
32 13688
32 20559
32 20561
32 126139
33 4
33 5
33 99
33 133
33 175
33 176
33 178
33 126140
34 3
34 4
34 5
34 126142
34 126143
34 126144
35 717
35 718
35 719
35 721
35 126145
36 10
36 146
36 147
36 149
36 722
37 5
37 20
37 99
37 131
37 132
37 133
37 165
37 166
38 3
38 5
38 20
38 51187
38 51971
38 126146
39 9
39 10
39 11
39 13
39 126147
40 67
40 45613
40 47754
40 47755
40 47757
40 47758
40 126148
41 10
41 1387
41 1388
41 1390
41 126149
42 51
42 195
42 1368
42 1370
42 126150
43 3
43 20
43 72
43 195
43 340
43 1227
43 1229
43 1230
43 1231
43 126151
44 90
44 121
44 122
44 13626
44 13628
44 126153
45 4
45 5
45 51
45 175
45 178
45 126154
46 3
46 4
46 5
46 72
46 281
46 9507
46 79212
46 126156
46 126157
46 126158
47 9
47 10
47 11
47 13
47 126159
48 3
48 20
48 195
48 1806
48 1808
48 1809
48 1810
48 126160
49 71
49 76
49 190
49 191
49 126161
seqId 229
1 3
1 20
1 195
1 3118
1 27276
1 126162
2 10
2 146
2 147
2 149
2 126163
3 90
3 443
3 8109
3 17672
3 126164
seqId 230
1 76
1 592
1 593
1 595
1 126165
2 3
2 5
2 20
2 2438
2 116309
2 126166
3 9
3 10
3 11
3 13
3 126167
4 3
4 20
4 195
4 2553
4 24170
4 126168
5 20
5 195
5 202
5 1449
5 47958
5 126169
6 75
6 76
6 77
6 79
6 126170
7 5
7 20
7 99
7 131
7 132
7 133
7 166
7 126171
8 5
8 20
8 67
8 268
8 1413
8 1416
8 1417
8 126172
9 660
9 661
9 910
9 1234
9 126173
10 5
10 84
10 90
10 91
10 93
10 121
10 2081
10 2426
10 126174
11 27
11 82
11 84
11 114
11 115
11 116
11 118
11 126175
12 90
12 120
12 443
12 10544
12 79409
13 660
13 661
13 944
13 948
13 126176
14 10
14 126
14 127
14 129
14 126177
15 4
15 5
15 99
15 133
15 175
15 176
15 178
15 126178
16 3
16 4
16 5
16 52484
16 52486
16 126179
17 27
17 82
17 759
17 944
17 1463
17 126180
18 5
18 20
18 82
18 84
18 115
18 763
18 1002
18 126181
19 5
19 84
19 90
19 91
19 93
19 121
19 5290
19 5292
19 126182
20 10
20 1387
20 1388
20 1390
20 126183
21 5
21 20
21 99
21 131
21 132
21 133
21 166
21 126184
22 67
22 265
22 266
22 268
22 269
22 270
22 126185
23 71
23 76
23 190
23 191
23 126186
seqId 231
1 5
1 27
1 99
1 131
1 132
1 133
1 699
1 126187
2 3
2 4
2 5
2 26859
2 26861
2 126188
3 9
3 10
3 24
3 26
3 27
3 126189
4 5
4 20
4 99
4 133
4 175
4 176
4 1316
4 126190
5 3
5 5
5 20
5 62257
5 62259
5 126191
6 9
6 10
6 11
6 13
6 126192
7 3
7 4
7 5
7 15
7 17
7 126193
8 660
8 661
8 910
8 1234
8 126194
9 5
9 20
9 82
9 83
9 84
9 115
9 763
9 765
9 126195
10 5
10 84
10 90
10 91
10 93
10 121
10 2333
10 2335
10 126196
11 10
11 378
11 381
11 1539
11 126197
12 5
12 27
12 99
12 131
12 132
12 133
12 135
12 10573
13 3
13 5
13 20
13 26552
13 26554
13 126198
14 660
14 661
14 1240
14 1242
14 126199
15 9
15 10
15 11
15 13
15 126200
16 90
16 443
16 5450
16 8909
16 126201
17 10
17 146
17 147
17 149
17 126202
18 99
18 133
18 175
18 176
18 195
18 234
18 126203
19 3
19 20
19 195
19 5458
19 5460
19 126204
20 10
20 146
20 147
20 149
20 126205
21 3
21 5
21 20
21 429
21 431
21 126206
22 20
22 195
22 202
22 1403
22 53011
22 126207
23 71
23 76
23 190
23 191
23 126208
seqId 232
1 3
1 4
1 195
1 340
1 27599
1 27601
1 126209
2 4
2 90
2 122
2 195
2 708
2 713
2 4530
2 9217
2 126210
3 717
3 718
3 719
3 721
3 126211
4 10
4 146
4 147
4 149
4 722
5 5
5 20
5 99
5 131
5 132
5 133
5 165
5 166
6 3
6 5
6 20
6 3533
6 3535
6 126212
7 75
7 76
7 77
7 79
7 126213
seqId 233
1 4
1 5
1 99
1 131
1 132
1 133
1 811
1 126214
2 3
2 4
2 5
2 6070
2 6072
2 126215
3 9
3 10
3 11
3 13
3 126216
4 4
4 5
4 99
4 131
4 132
4 133
4 152
4 126217
5 4
5 5
5 67
5 6076
5 6078
5 6079
5 126218
6 5
6 20
6 99
6 131
6 132
6 133
6 166
6 126219
7 5
7 51
7 680
7 1843
7 1845
7 126220
8 3
8 5
8 20
8 2202
8 2204
8 126221
9 51
9 195
9 1851
9 1853
9 126222
10 5
10 84
10 90
10 91
10 93
10 121
10 712
10 126224
10 126225
11 5
11 99
11 131
11 132
11 133
11 135
11 171
11 126226
12 3
12 4
12 5
12 17302
12 77832
12 126227
13 9
13 10
13 26
13 169
13 171
13 126228
14 4
14 5
14 99
14 133
14 175
14 176
14 178
14 126229
15 3
15 4
15 5
15 5104
15 5106
15 126230
16 243
16 244
16 245
16 247
16 53594
17 9
17 10
17 26
17 169
17 171
17 126231
18 4
18 5
18 99
18 133
18 175
18 176
18 178
18 126232
19 3
19 4
19 5
19 39335
19 39337
19 126233
20 10
20 1605
20 1606
20 1608
20 126234
21 99
21 131
21 132
21 133
21 195
21 237
21 126235
22 2
22 3
22 4
22 195
22 4286
22 126236
23 9
23 10
23 11
23 13
23 126237
24 3
24 4
24 5
24 15
24 17
24 126238
25 90
25 121
25 122
25 792
25 4404
25 126240
25 126241
26 10
26 283
26 284
26 286
26 126242
27 5
27 20
27 99
27 131
27 132
27 133
27 166
27 126243
28 3
28 5
28 20
28 951
28 953
28 126244
29 158
29 159
29 160
29 162
29 126245
30 9
30 10
30 11
30 13
30 163
31 5
31 20
31 99
31 131
31 132
31 133
31 165
31 166
32 3
32 5
32 20
32 222
32 224
32 126246
33 10
33 146
33 147
33 149
33 126247
34 67
34 601
34 603
34 1197
34 126248
35 67
35 605
35 607
35 1199
35 126249
36 71
36 76
36 190
36 191
36 126250
seqId 234
1 4
1 5
1 99
1 131
1 132
1 133
1 811
1 126251
2 3
2 4
2 5
2 72104
2 72106
2 126252
3 4
3 5
3 202
3 65159
3 65161
3 126253
4 10
4 109
4 110
4 112
4 10658
5 3
5 4
5 5
5 8004
5 8006
5 126254
6 9
6 10
6 11
6 13
6 126255
7 4
7 5
7 98
7 99
7 100
7 1927
7 126256
8 3
8 4
8 5
8 4779
8 12778
8 126257
9 5
9 84
9 90
9 93
9 121
9 3360
9 4621
9 28087
9 126258
10 90
10 443
10 2333
10 3366
10 126259
11 10
11 146
11 149
11 1539
11 126260
12 3
12 5
12 20
12 1866
12 1868
12 126261
13 717
13 718
13 719
13 721
13 126262
14 10
14 146
14 147
14 149
14 722
15 5
15 20
15 99
15 131
15 132
15 133
15 165
15 166
16 5
16 20
16 67
16 268
16 1413
16 1416
16 1417
16 126263
17 243
17 244
17 245
17 247
17 126264
18 2822
18 2823
18 2824
18 2826
18 126265
19 10
19 146
19 147
19 149
19 722
20 99
20 131
20 132
20 133
20 195
20 236
20 237
21 2
21 3
21 4
21 195
21 4286
21 126266
22 4
22 90
22 122
22 195
22 708
22 713
22 3372
22 36850
22 126267
23 10
23 283
23 284
23 286
23 126268
24 4
24 5
24 99
24 131
24 132
24 133
24 152
24 126269
25 4
25 5
25 67
25 6076
25 6078
25 6079
25 126270
26 76
26 342
26 343
26 345
26 126271
27 9
27 10
27 11
27 13
27 126272
28 90
28 443
28 2081
28 29574
28 126273
29 660
29 22631
29 22632
29 22634
29 126274
30 90
30 443
30 1587
30 1676
30 4779
30 126275
31 243
31 244
31 245
31 247
31 126276
32 90
32 443
32 2832
32 10563
32 126277
33 99
33 131
33 132
33 133
33 195
33 237
33 126278
34 3
34 20
34 195
34 429
34 4265
34 126279
35 9
35 10
35 11
35 13
35 126280
36 3
36 4
36 5
36 15
36 17
36 126281
37 20
37 195
37 202
37 2742
37 2744
37 126282
38 10
38 146
38 147
38 149
38 126283
39 4
39 5
39 99
39 133
39 175
39 176
39 178
39 41120
40 2
40 3
40 4
40 5
40 181
40 126284
41 76
41 342
41 343
41 345
41 126285
42 10
42 146
42 147
42 149
42 126286
43 4
43 82
43 84
43 85
43 195
43 1589
43 1591
43 126287
44 9
44 10
44 26
44 171
44 2548
44 126288
45 10
45 1605
45 1606
45 1608
45 126289
46 4
46 82
46 84
46 115
46 195
46 1262
46 1824
46 3621
46 126290
47 244
47 418
47 419
47 421
47 126291
48 10
48 146
48 147
48 149
48 126292
49 4
49 82
49 84
49 85
49 195
49 1377
49 1379
49 126293
50 76
50 342
50 343
50 345
50 126294
51 244
51 1249
51 1250
51 1252
51 126295
52 660
52 2509
52 2510
52 2512
52 126296
53 9
53 10
53 11
53 13
53 126297
54 90
54 443
54 5450
54 8909
54 126298
55 660
55 69090
55 69091
55 69093
55 126299
56 2822
56 2823
56 2824
56 2826
56 126300
57 10
57 146
57 147
57 149
57 722
58 99
58 131
58 132
58 133
58 195
58 236
58 237
59 3
59 20
59 195
59 5458
59 5460
59 126301
60 9
60 10
60 26
60 169
60 171
60 126302
61 3
61 4
61 195
61 10713
61 32482
61 126303
62 9
62 10
62 11
62 13
62 126304
63 4
63 5
63 99
63 131
63 132
63 133
63 152
63 126305
64 4
64 5
64 67
64 5583
64 5585
64 5586
64 126306
65 67
65 601
65 603
65 1197
65 126307
66 67
66 23042
66 34205
66 126309
66 126310
67 244
67 418
67 419
67 421
67 126311
68 9
68 10
68 26
68 169
68 171
68 126312
69 3
69 20
69 195
69 528
69 530
69 126313
70 20
70 195
70 202
70 6251
70 8958
70 126314
71 71
71 76
71 190
71 191
71 126315
seqId 235
1 51
1 52
1 2151
1 2153
1 126316
2 76
2 592
2 593
2 595
2 126317
3 3
3 5
3 20
3 429
3 23585
3 126318
4 5
4 202
4 302
4 304
4 126319
5 10
5 146
5 147
5 149
5 126320
6 51
6 52
6 11257
6 11259
6 126321
7 3
7 20
7 195
7 6913
7 6915
7 126322
seqId 236
1 99
1 131
1 132
1 133
1 195
1 1220
1 126323
2 3
2 4
2 195
2 24335
2 24337
2 126324
3 243
3 244
3 245
3 247
3 98498
4 99
4 131
4 132
4 133
4 195
4 237
4 126325
5 3
5 20
5 195
5 1650
5 4819
5 126326
6 158
6 159
6 160
6 162
6 126327
7 9
7 10
7 11
7 13
7 163
8 5
8 20
8 99
8 131
8 132
8 133
8 165
8 166
9 5
9 20
9 67
9 268
9 1413
9 1416
9 1417
9 126328
10 10
10 378
10 379
10 381
10 126329
11 99
11 131
11 132
11 133
11 195
11 237
11 63413
12 51
12 195
12 11257
12 11259
12 126330
13 3
13 20
13 195
13 6913
13 6915
13 126331
14 10
14 146
14 147
14 149
14 126332
15 90
15 442
15 443
15 445
15 126333
16 27
16 82
16 84
16 114
16 115
16 116
16 118
16 126334
17 84
17 90
17 91
17 93
17 121
17 195
17 4258
17 23888
17 126335
18 10
18 146
18 149
18 1539
18 126336
19 4
19 5
19 99
19 131
19 132
19 133
19 152
19 10799
20 3
20 4
20 5
20 3725
20 3727
20 126337
21 10
21 283
21 284
21 286
21 63420
22 4
22 5
22 99
22 131
22 132
22 133
22 152
22 126338
23 3
23 4
23 5
23 33037
23 33039
23 126339
24 9
24 10
24 11
24 13
24 126340
25 5
25 27
25 99
25 131
25 132
25 133
25 135
25 126341
26 3
26 4
26 5
26 4804
26 33065
26 126342
27 82
27 759
27 944
27 948
27 126343
28 5
28 84
28 90
28 91
28 93
28 121
28 3686
28 21141
28 126344
29 5
29 20
29 99
29 131
29 132
29 133
29 166
29 126345
30 5
30 20
30 67
30 268
30 1413
30 1416
30 1417
30 126346
31 10
31 7340
31 9033
31 9035
31 126347
32 4
32 5
32 99
32 115
32 773
32 774
32 775
32 776
32 3330
32 126348
33 3
33 4
33 5
33 504
33 14984
33 126349
34 243
34 244
34 245
34 247
34 126350
35 10
35 283
35 284
35 286
35 126351
36 5
36 20
36 99
36 133
36 175
36 176
36 1316
36 126352
37 3
37 5
37 20
37 475
37 25021
37 126353
38 5
38 20
38 202
38 1466
38 18974
38 126354
39 9
39 10
39 11
39 13
39 126355
40 99
40 115
40 195
40 773
40 774
40 775
40 776
40 3400
40 126356
41 3
41 20
41 195
41 614
41 4760
41 126357
42 20
42 195
42 202
42 4836
42 4838
42 126358
43 243
43 244
43 245
43 247
43 126359
44 9
44 10
44 11
44 13
44 126360
45 99
45 115
45 195
45 773
45 774
45 775
45 776
45 3400
45 126361
46 3
46 4
46 195
46 4107
46 20236
46 126362
47 9
47 10
47 11
47 13
47 126363
48 3
48 4
48 5
48 15
48 17
48 126364
49 71
49 76
49 190
49 191
49 126365
seqId 237
1 4
1 5
1 98
1 99
1 100
1 4105
1 126366
2 4
2 5
2 202
2 29679
2 29681
2 126367
3 3
3 4
3 5
3 3781
3 3783
3 126368
4 76
4 342
4 343
4 345
4 126369
5 3
5 5
5 20
5 705
5 4089
5 4091
5 126370
6 9
6 10
6 11
6 13
6 126371
7 4
7 5
7 99
7 131
7 132
7 133
7 152
7 126372
8 3
8 4
8 5
8 64972
8 64974
8 126373
9 9
9 10
9 24
9 26
9 27
9 126374
10 4
10 5
10 99
10 133
10 175
10 176
10 178
10 126375
11 3
11 4
11 5
11 5469
11 5471
11 126376
12 243
12 244
12 245
12 247
12 126377
13 3
13 5
13 20
13 475
13 25021
13 126378
14 9
14 10
14 11
14 13
14 126379
15 20
15 85
15 99
15 195
15 1589
15 2970
15 126380
16 3
16 20
16 195
16 4345
16 16570
16 126381
17 9
17 10
17 24
17 26
17 27
17 53751
18 3
18 4
18 5
18 3268
18 3270
18 126382
19 9
19 10
19 24
19 26
19 27
19 126383
20 4
20 5
20 202
20 2294
20 2296
20 126384
21 3
21 4
21 5
21 5469
21 5471
21 126385
22 76
22 342
22 343
22 345
22 126386
23 5
23 84
23 90
23 91
23 93
23 121
23 1676
23 4779
23 126387
24 4
24 5
24 82
24 84
24 85
24 1310
24 25794
24 126388
25 230
25 231
25 232
25 234
25 126389
26 9
26 10
26 11
26 13
26 163
27 99
27 131
27 132
27 133
27 195
27 236
27 237
28 51
28 195
28 1368
28 1370
28 98590
29 3
29 4
29 195
29 2359
29 2361
29 126390
30 82
30 759
30 944
30 948
30 126391
31 5
31 20
31 99
31 131
31 132
31 133
31 166
31 126392
32 3
32 5
32 20
32 11030
32 11032
32 126393
33 158
33 159
33 160
33 162
33 126394
34 9
34 10
34 11
34 13
34 163
35 5
35 20
35 99
35 131
35 132
35 133
35 165
35 166
36 5
36 20
36 67
36 268
36 1413
36 1416
36 1417
36 126395
37 5
37 84
37 91
37 93
37 121
37 702
37 703
37 705
37 126396
38 4
38 90
38 122
38 195
38 340
38 708
38 769
38 20465
38 20467
38 126397
39 5
39 20
39 99
39 131
39 132
39 133
39 166
39 41261
40 5
40 51
40 1871
40 1873
40 126398
41 3
41 5
41 20
41 5840
41 5842
41 126399
42 51
42 195
42 4167
42 4169
42 126400
43 10
43 378
43 379
43 381
43 126401
44 4
44 5
44 99
44 131
44 132
44 133
44 152
44 126402
45 3
45 4
45 5
45 1913
45 1915
45 126403
46 10
46 146
46 147
46 149
46 126404
47 90
47 442
47 443
47 445
47 126405
48 76
48 413
48 414
48 416
48 126406
49 3
49 4
49 195
49 340
49 33141
49 33489
49 39461
49 126407
50 9
50 10
50 11
50 13
50 126408
51 4
51 5
51 99
51 131
51 132
51 133
51 152
51 126409
52 3
52 4
52 5
52 3162
52 5832
52 126410
53 10
53 109
53 110
53 112
53 41279
54 3
54 5
54 20
54 222
54 224
54 126411
55 5
55 20
55 202
55 1403
55 14323
55 126412
56 243
56 244
56 245
56 247
56 126413
57 5
57 20
57 90
57 122
57 708
57 713
57 22567
57 22569
57 126414
58 76
58 342
58 343
58 345
58 126415
59 3
59 4
59 195
59 340
59 8694
59 8696
59 126417
60 243
60 244
60 245
60 247
60 126418
61 3
61 4
61 5
61 50290
61 50292
61 126419
62 10
62 109
62 110
62 112
62 126420
63 3
63 5
63 20
63 222
63 224
63 126421
64 5
64 20
64 202
64 1403
64 14323
64 126422
65 243
65 244
65 245
65 247
65 126423
66 5
66 20
66 90
66 122
66 708
66 713
66 22567
66 22569
66 126424
67 76
67 342
67 343
67 345
67 126425
68 3
68 4
68 195
68 9397
68 9399
68 126426
69 10
69 1605
69 1606
69 1608
69 126427
70 3
70 5
70 20
70 33358
70 35385
70 126428
71 243
71 244
71 245
71 247
71 126429
72 3
72 4
72 5
72 22378
72 22380
72 126430
73 10
73 109
73 110
73 112
73 126431
74 3
74 5
74 20
74 222
74 224
74 126432
75 5
75 20
75 202
75 1403
75 14323
75 126433
76 243
76 244
76 245
76 247
76 126434
77 5
77 20
77 90
77 122
77 708
77 713
77 22567
77 22569
77 126435
78 76
78 433
78 434
78 436
78 126436
79 71
79 76
79 190
79 191
79 126437
seqId 238
1 5
1 20
1 27
1 36
1 82
1 84
1 98
1 100
1 126438
2 5
2 84
2 91
2 93
2 121
2 703
2 707
2 956
2 126439
3 9
3 10
3 26
3 27
3 1539
3 126440
4 3
4 5
4 20
4 7120
4 7122
4 126441
5 10
5 126
5 127
5 129
5 126442
6 4
6 5
6 99
6 131
6 132
6 133
6 152
6 126443
7 3
7 4
7 5
7 33037
7 33039
7 126444
8 243
8 244
8 245
8 247
8 126445
9 4
9 5
9 99
9 131
9 132
9 133
9 152
9 126446
10 3
10 4
10 5
10 64972
10 64974
10 126447
11 27
11 82
11 759
11 944
11 1463
11 126448
12 5
12 20
12 82
12 83
12 84
12 115
12 763
12 1002
12 126449
13 5
13 84
13 90
13 91
13 93
13 121
13 5045
13 19274
13 126450
14 9
14 10
14 24
14 26
14 27
14 126451
15 90
15 443
15 25803
15 25805
15 126452
16 71
16 76
16 190
16 191
16 126453
seqId 239
1 10
1 7340
1 7341
1 7343
1 126454
2 4
2 5
2 99
2 115
2 773
2 774
2 775
2 776
2 3330
2 126455
3 3
3 4
3 5
3 504
3 14984
3 126456
4 76
4 342
4 343
4 345
4 126457
5 5
5 20
5 99
5 131
5 132
5 133
5 166
5 126458
6 5
6 20
6 67
6 268
6 1413
6 1416
6 1417
6 126459
7 82
7 84
7 114
7 115
7 116
7 1361
7 126460
8 5
8 84
8 90
8 91
8 93
8 121
8 768
8 12243
8 126461
9 10
9 378
9 379
9 381
9 126462
10 3
10 5
10 20
10 1650
10 3499
10 126463
11 76
11 342
11 343
11 345
11 126464
12 10
12 828
12 829
12 831
12 126465
13 5
13 27
13 99
13 131
13 132
13 133
13 135
13 126466
14 3
14 4
14 5
14 41391
14 41393
14 126467
15 4
15 5
15 202
15 8917
15 8919
15 126468
16 76
16 342
16 343
16 345
16 53860
17 9
17 10
17 11
17 13
17 126469
18 90
18 443
18 22567
18 126471
18 126472
19 76
19 342
19 343
19 345
19 126473
20 9
20 10
20 24
20 26
20 27
20 126474
21 90
21 443
21 3446
21 3448
21 126475
22 243
22 244
22 245
22 247
22 126476
23 9
23 10
23 11
23 13
23 126477
24 90
24 443
24 1345
24 9933
24 126478
25 10
25 109
25 110
25 112
25 126479
26 3
26 4
26 5
26 23042
26 23044
26 126480
27 99
27 131
27 132
27 133
27 195
27 237
27 53874
28 3
28 4
28 195
28 22648
28 47285
28 126481
29 230
29 231
29 232
29 234
29 126482
30 9
30 10
30 11
30 13
30 163
31 99
31 131
31 132
31 133
31 195
31 236
31 237
32 3
32 20
32 195
32 3696
32 29521
32 126483
33 20
33 195
33 202
33 1399
33 1401
33 126484
34 20
34 195
34 202
34 1403
34 53011
34 126485
35 243
35 244
35 245
35 247
35 126486
36 20
36 195
36 202
36 13830
36 13832
36 126487
37 71
37 76
37 190
37 191
37 126488
seqId 240
1 4
1 5
1 98
1 99
1 100
1 4105
1 126489
2 3
2 4
2 5
2 8229
2 12263
2 126490
3 5
3 84
3 90
3 91
3 93
3 121
3 33688
3 42703
3 126491
4 5
4 20
4 99
4 131
4 132
4 133
4 166
4 126492
5 3
5 5
5 20
5 3118
5 3120
5 126493
6 9
6 10
6 26
6 169
6 171
6 126494
7 3
7 5
7 20
7 23151
7 23153
7 126495
8 158
8 159
8 160
8 162
8 126496
9 9
9 10
9 11
9 13
9 163
10 5
10 20
10 99
10 131
10 132
10 133
10 165
10 166
11 3
11 5
11 20
11 429
11 431
11 126497
12 158
12 159
12 160
12 162
12 98718
13 9
13 10
13 11
13 13
13 163
14 5
14 20
14 99
14 131
14 132
14 133
14 165
14 166
15 5
15 20
15 67
15 268
15 1413
15 1416
15 1417
15 126498
16 10
16 378
16 379
16 381
16 126499
17 4
17 5
17 99
17 131
17 132
17 133
17 152
17 126500
18 3
18 4
18 5
18 1913
18 1915
18 126501
19 10
19 146
19 147
19 149
19 126502
20 90
20 442
20 443
20 445
20 126503
21 71
21 76
21 190
21 191
21 126504
seqId 241
1 5
1 99
1 115
1 773
1 774
1 775
1 776
1 31621
1 126505
2 3
2 4
2 5
2 46763
2 46765
2 126506
3 76
3 342
3 343
3 345
3 98725
4 82
4 758
4 759
4 761
4 126507
5 5
5 84
5 90
5 91
5 93
5 121
5 107559
5 115297
5 126508
6 660
6 6695
6 6696
6 6698
6 126509
7 10
7 283
7 284
7 286
7 126510
8 4
8 5
8 99
8 131
8 132
8 133
8 152
8 126511
9 3
9 4
9 5
9 66415
9 66417
9 126512
10 9
10 10
10 11
10 13
10 126513
11 4
11 5
11 99
11 131
11 132
11 133
11 152
11 53917
12 3
12 4
12 5
12 19879
12 19881
12 126514
13 4
13 5
13 202
13 13663
13 13665
13 126515
14 243
14 244
14 245
14 247
14 53920
15 5
15 99
15 115
15 773
15 774
15 775
15 776
15 778
15 126516
16 3
16 5
16 20
16 10464
16 68239
16 126517
17 10
17 283
17 284
17 286
17 126518
18 5
18 27
18 99
18 131
18 132
18 133
18 135
18 126519
19 3
19 4
19 5
19 1395
19 5941
19 126520
20 158
20 159
20 160
20 162
20 11104
21 9
21 10
21 11
21 13
21 163
22 5
22 20
22 99
22 131
22 132
22 133
22 165
22 166
23 3
23 5
23 20
23 222
23 224
23 126521
24 5
24 20
24 202
24 1403
24 14323
24 126522
25 5
25 20
25 202
25 1527
25 1529
25 126523
26 76
26 342
26 343
26 345
26 126524
27 5
27 84
27 91
27 92
27 93
27 703
27 707
27 16563
27 126525
28 4
28 5
28 90
28 122
28 708
28 713
28 21513
28 27350
28 126526
29 10
29 828
29 829
29 831
29 126527
30 4
30 5
30 99
30 131
30 132
30 133
30 152
30 126528
31 3
31 4
31 5
31 7999
31 8001
31 126529
32 10
32 109
32 110
32 112
32 126530
33 3
33 5
33 20
33 10695
33 10697
33 126531
34 9
34 10
34 11
34 13
34 126532
35 4
35 85
35 99
35 195
35 1589
35 1591
35 126533
36 3
36 4
36 195
36 1784
36 1786
36 126534
37 4
37 90
37 122
37 195
37 340
37 708
37 713
37 7504
37 126536
37 126537
38 10
38 109
38 110
38 112
38 126538
39 3
39 5
39 20
39 389
39 391
39 126539
40 9
40 10
40 11
40 13
40 126540
41 3
41 4
41 5
41 1913
41 1915
41 126541
42 4
42 5
42 202
42 2244
42 3490
42 126542
43 71
43 76
43 190
43 191
43 41454
seqId 242
1 5
1 27
1 99
1 131
1 132
1 133
1 699
1 126543
2 3
2 4
2 5
2 8943
2 32404
2 126544
3 10
3 146
3 147
3 149
3 126545
4 99
4 133
4 175
4 176
4 195
4 234
4 126546
5 3
5 4
5 195
5 4249
5 26359
5 126547
6 660
6 2347
6 2348
6 2350
6 126548
7 4
7 195
7 202
7 2964
7 7099
7 22976
7 126549
8 76
8 342
8 343
8 345
8 126550
9 10
9 1010
9 1011
9 1013
9 126551
10 4
10 5
10 82
10 84
10 100
10 4680
10 7233
10 126552
11 230
11 231
11 232
11 234
11 126553
12 9
12 10
12 11
12 13
12 163
13 99
13 131
13 132
13 133
13 195
13 236
13 237
14 3
14 4
14 195
14 340
14 34850
14 34852
14 126554
15 4
15 90
15 122
15 195
15 340
15 708
15 713
15 11164
15 31705
15 126555
16 10
16 279
16 11672
16 11673
16 63688
17 5
17 99
17 131
17 132
17 133
17 135
17 171
17 63689
18 3
18 5
18 20
18 16388
18 16390
18 126556
19 158
19 159
19 160
19 162
19 126557
20 9
20 10
20 11
20 13
20 163
21 5
21 20
21 99
21 131
21 132
21 133
21 165
21 166
22 3
22 5
22 20
22 222
22 224
22 126558
23 9
23 10
23 11
23 13
23 126559
24 5
24 99
24 131
24 132
24 133
24 135
24 171
24 126560
25 3
25 4
25 5
25 18373
25 18375
25 126561
26 243
26 244
26 245
26 247
26 126562
27 158
27 159
27 160
27 162
27 126563
28 9
28 10
28 11
28 13
28 163
29 5
29 20
29 99
29 131
29 132
29 133
29 165
29 166
30 3
30 5
30 20
30 11030
30 11032
30 126564
31 9
31 10
31 11
31 13
31 126565
32 5
32 99
32 131
32 132
32 133
32 135
32 171
32 126566
33 5
33 67
33 5959
33 5962
33 126567
34 76
34 342
34 343
34 345
34 126568
35 244
35 418
35 419
35 421
35 126569
36 4
36 5
36 82
36 84
36 100
36 4680
36 7233
36 126570
37 158
37 159
37 160
37 162
37 53990
38 9
38 10
38 11
38 13
38 163
39 5
39 20
39 99
39 131
39 132
39 133
39 165
39 166
40 5
40 20
40 67
40 126572
40 126573
40 126574
41 76
41 342
41 343
41 345
41 126575
42 5
42 84
42 90
42 91
42 92
42 93
42 96
42 21513
42 21515
42 126576
43 10
43 109
43 112
43 1539
43 126577
44 3
44 5
44 20
44 2429
44 2431
44 126578
45 4
45 5
45 99
45 131
45 132
45 133
45 152
45 53995
46 3
46 4
46 5
46 22648
46 22650
46 126579
47 230
47 231
47 232
47 234
47 126580
48 9
48 10
48 11
48 13
48 163
49 99
49 131
49 132
49 133
49 195
49 236
49 237
50 3
50 4
50 15
50 195
50 4121
50 126581
51 4
51 90
51 122
51 195
51 708
51 713
51 3686
51 5120
51 126582
52 10
52 828
52 829
52 831
52 126583
53 5
53 20
53 99
53 131
53 132
53 133
53 166
53 63710
54 5
54 20
54 67
54 268
54 1413
54 1416
54 1417
54 126584
55 76
55 342
55 343
55 345
55 126585
56 90
56 121
56 122
56 126587
56 126588
56 126589
57 99
57 131
57 132
57 133
57 195
57 237
57 126590
58 3
58 4
58 195
58 340
58 1593
58 1595
58 126591
59 4
59 195
59 202
59 327
59 329
59 340
59 126592
60 4
60 195
60 202
60 37132
60 37134
60 126593
61 243
61 244
61 245
61 247
61 63723
62 660
62 12080
62 12081
62 12083
62 126594
63 4
63 195
63 202
63 340
63 7537
63 126596
63 126597
63 126598
64 10
64 378
64 379
64 381
64 126599
65 5
65 27
65 99
65 131
65 132
65 133
65 135
65 126600
66 3
66 4
66 5
66 1395
66 5941
66 126601
67 158
67 159
67 160
67 162
67 126602
68 9
68 10
68 11
68 13
68 163
69 5
69 20
69 99
69 131
69 132
69 133
69 165
69 166
70 3
70 5
70 20
70 222
70 224
70 126603
71 9
71 10
71 11
71 13
71 126604
72 5
72 27
72 99
72 131
72 132
72 133
72 135
72 126605
73 3
73 4
73 5
73 18373
73 18375
73 126606
74 71
74 76
74 190
74 191
74 98848
seqId 243
1 5
1 20
1 99
1 131
1 132
1 133
1 967
1 126607
2 5
2 20
2 67
2 268
2 1413
2 1416
2 1417
2 126608
3 5
3 84
3 90
3 91
3 92
3 93
3 18929
3 24943
3 94806
3 126610
4 9
4 10
4 13
4 1539
4 126611
5 3
5 5
5 20
5 6936
5 6938
5 126612
6 5
6 20
6 99
6 133
6 175
6 176
6 1316
6 126613
7 3
7 5
7 20
7 6686
7 6688
7 126614
8 479
8 660
8 35605
8 126616
8 126617
8 126618
9 243
9 244
9 245
9 247
9 126619
10 479
10 660
10 35598
10 79940
10 126621
10 126622
11 5
11 20
11 202
11 2542
11 2544
11 126623
12 9
12 10
12 26
12 169
12 171
12 126624
13 3
13 4
13 195
13 897
13 3520
13 126625
14 9
14 10
14 11
14 13
14 126626
15 3
15 4
15 5
15 4900
15 4902
15 126627
16 9
16 10
16 11
16 13
16 126628
17 99
17 115
17 195
17 773
17 774
17 775
17 776
17 3400
17 126629
18 3
18 20
18 195
18 1806
18 1808
18 1809
18 1810
18 126630
19 71
19 76
19 190
19 191
19 126631
seqId 244
1 10
1 146
1 1024
1 1026
1 126632
2 4
2 5
2 98
2 99
2 100
2 1927
2 126633
3 3
3 4
3 5
3 4447
3 4449
3 126634
4 76
4 342
4 343
4 345
4 126635
5 5
5 99
5 131
5 132
5 133
5 135
5 171
5 126636
6 2
6 3
6 4
6 5
6 181
6 126637
7 5
7 84
7 90
7 91
7 92
7 93
7 96
7 3372
7 3374
7 126639
8 660
8 11739
8 11740
8 11742
8 126640
9 99
9 131
9 132
9 133
9 195
9 237
9 126641
10 3
10 20
10 195
10 1806
10 1808
10 1809
10 1810
10 126642
11 10
11 1010
11 1011
11 1013
11 126643
12 9
12 10
12 11
12 13
12 126644
13 3
13 4
13 5
13 126646
13 126647
13 126648
14 10
14 146
14 147
14 149
14 126649
15 4
15 5
15 99
15 131
15 132
15 133
15 152
15 126650
16 3
16 4
16 5
16 4228
16 13593
16 126651
17 9
17 10
17 11
17 13
17 126652
18 3
18 4
18 195
18 4094
18 4096
18 126653
19 2822
19 2823
19 2824
19 2826
19 126654
20 10
20 146
20 147
20 149
20 722
21 99
21 131
21 132
21 133
21 195
21 236
21 237
22 3
22 20
22 195
22 1718
22 1720
22 126655
23 9
23 10
23 26
23 169
23 171
23 126656
24 3
24 20
24 195
24 9469
24 9471
24 126657
25 20
25 195
25 202
25 3386
25 3388
25 126658
26 76
26 342
26 343
26 345
26 126659
27 9
27 10
27 11
27 13
27 54071
28 3
28 20
28 195
28 340
28 2887
28 2889
28 126660
29 76
29 342
29 343
29 345
29 126661
30 3
30 4
30 195
30 1970
30 1972
30 126662
31 243
31 244
31 245
31 247
31 126663
32 3
32 20
32 195
32 2863
32 10735
32 126664
33 660
33 1377
33 6485
33 6487
33 126665
34 10
34 109
34 110
34 112
34 126666
35 90
35 121
35 122
35 824
35 48023
35 126667
36 5
36 99
36 115
36 773
36 775
36 776
36 2192
36 3593
36 126668
37 3
37 4
37 5
37 4900
37 4902
37 126669
38 4
38 5
38 202
38 7169
38 76875
38 126670
39 10
39 828
39 831
39 1539
39 126671
40 3
40 5
40 20
40 6890
40 6892
40 126672
41 10
41 828
41 829
41 831
41 126673
42 5
42 20
42 99
42 131
42 132
42 133
42 166
42 126674
43 3
43 5
43 20
43 6618
43 6620
43 126675
44 9
44 10
44 11
44 13
44 126676
45 3
45 20
45 195
45 2863
45 10735
45 126677
46 9
46 10
46 26
46 169
46 171
46 126678
47 3
47 4
47 5
47 6471
47 6473
47 126679
48 71
48 76
48 190
48 191
48 126680
seqId 245
1 5
1 99
1 131
1 132
1 133
1 171
1 699
1 126681
2 2
2 3
2 4
2 5
2 181
2 126682
3 5
3 84
3 90
3 91
3 92
3 93
3 28710
3 31664
3 126683
4 10
4 109
4 112
4 1539
4 126684
5 660
5 4185
5 4186
5 4188
5 126685
6 9
6 10
6 11
6 13
6 126686
7 90
7 443
7 5450
7 8909
7 126687
8 660
8 7237
8 10032
8 10034
8 126688
9 479
9 660
9 12898
9 12899
9 12901
9 126689
10 2822
10 2823
10 2824
10 2826
10 126690
11 10
11 146
11 147
11 149
11 722
12 99
12 131
12 132
12 133
12 195
12 236
12 237
13 3
13 4
13 195
13 340
13 121666
13 121668
13 126691
14 9
14 10
14 11
14 13
14 126692
15 3
15 20
15 195
15 1806
15 1808
15 1809
15 1810
15 126693
16 90
16 121
16 122
16 9966
16 69219
16 126694
17 90
17 443
17 22310
17 22312
17 126695
18 99
18 131
18 132
18 133
18 195
18 237
18 126696
19 3
19 4
19 15
19 195
19 4121
19 126697
20 90
20 121
20 122
20 14730
20 14732
20 126698
21 10
21 146
21 147
21 149
21 126699
22 4
22 5
22 99
22 131
22 132
22 133
22 152
22 126700
23 3
23 4
23 5
23 13351
23 13353
23 126701
24 10
24 1605
24 1606
24 1608
24 126702
25 5
25 20
25 99
25 131
25 132
25 133
25 166
25 126703
26 3
26 5
26 20
26 222
26 224
26 126704
27 67
27 121686
27 121687
27 121689
27 121690
27 126705
28 76
28 342
28 343
28 345
28 126706
29 3
29 5
29 20
29 3696
29 3698
29 126707
30 5
30 20
30 202
30 1399
30 3538
30 126708
31 82
31 758
31 759
31 761
31 126709
32 82
32 84
32 114
32 115
32 116
32 1361
32 11417
33 5
33 84
33 90
33 91
33 93
33 121
33 4190
33 17942
33 126710
34 10
34 283
34 284
34 286
34 126711
35 4
35 5
35 99
35 133
35 175
35 176
35 178
35 126712
36 3
36 4
36 5
36 6046
36 6048
36 126713
37 660
37 7237
37 10032
37 10034
37 126714
38 4
38 5
38 202
38 1630
38 85058
38 126715
39 158
39 159
39 160
39 162
39 126716
40 9
40 10
40 11
40 13
40 163
41 5
41 20
41 99
41 131
41 132
41 133
41 165
41 166
42 3
42 5
42 20
42 125365
42 125367
42 126717
43 5
43 20
43 202
43 126719
43 126720
43 126721
44 76
44 342
44 343
44 345
44 126722
45 243
45 244
45 245
45 247
45 126723
46 99
46 131
46 132
46 133
46 195
46 237
46 126724
47 3
47 20
47 195
47 222
47 4204
47 126725
48 20
48 195
48 202
48 13322
48 13324
48 126726
49 243
49 244
49 245
49 247
49 126727
50 5
50 20
50 202
50 1403
50 14323
50 126728
51 71
51 76
51 190
51 191
51 126729
seqId 246
1 10
1 283
1 3640
1 3642
1 126730
2 20
2 195
2 202
2 1377
2 5238
2 126731
3 98
3 99
3 100
3 195
3 2073
3 126732
4 3
4 20
4 195
4 429
4 4265
4 126733
5 76
5 342
5 343
5 345
5 126734
6 5
6 20
6 99
6 131
6 132
6 133
6 166
6 126735
7 5
7 20
7 67
7 268
7 1413
7 1416
7 1417
7 126736
8 5
8 84
8 90
8 91
8 93
8 121
8 18929
8 120841
8 126737
9 4
9 5
9 99
9 115
9 773
9 774
9 775
9 776
9 3330
9 11465
10 3
10 4
10 5
10 3199
10 5132
10 126738
11 4
11 5
11 202
11 302
11 304
11 126739
12 4
12 5
12 202
12 16843
12 25405
12 126740
13 76
13 342
13 343
13 345
13 11473
14 660
14 1377
14 6485
14 6487
14 126741
15 10
15 109
15 110
15 112
15 126742
16 10
16 109
16 110
16 112
16 126743
17 90
17 121
17 122
17 21513
17 126745
17 126746
18 4
18 5
18 99
18 131
18 132
18 133
18 152
18 126747
19 3
19 4
19 5
19 64972
19 64974
19 126748
20 243
20 244
20 245
20 247
20 126749
21 4
21 5
21 99
21 131
21 132
21 133
21 152
21 126750
22 3
22 4
22 5
22 22648
22 22650
22 126751
23 71
23 76
23 190
23 191
23 126752
seqId 247
1 5
1 20
1 27
1 36
1 82
1 84
1 98
1 100
1 126753
2 5
2 84
2 91
2 93
2 121
2 703
2 707
2 956
2 126754
3 660
3 1622
3 1623
3 1625
3 126755
4 5
4 20
4 99
4 133
4 175
4 176
4 1316
4 126756
5 5
5 20
5 202
5 25646
5 126758
5 126759
6 3
6 5
6 20
6 475
6 25021
6 126760
7 99
7 133
7 175
7 176
7 195
7 234
7 126761
8 3
8 4
8 195
8 4107
8 20236
8 126762
9 9
9 10
9 11
9 13
9 126763
10 3
10 4
10 5
10 15
10 17
10 126764
11 76
11 342
11 343
11 345
11 126765
12 243
12 244
12 245
12 247
12 126766
13 660
13 19069
13 19070
13 19072
13 126767
14 99
14 133
14 175
14 176
14 195
14 234
14 126768
15 3
15 20
15 195
15 1718
15 1720
15 126769
16 243
16 244
16 245
16 247
16 126770
17 99
17 133
17 175
17 176
17 195
17 234
17 63922
18 3
18 20
18 195
18 4862
18 4864
18 126771
19 20
19 90
19 122
19 195
19 340
19 708
19 713
19 11164
19 19077
19 126772
20 76
20 342
20 343
20 345
20 126773
21 82
21 759
21 944
21 948
21 126774
22 5
22 20
22 99
22 131
22 132
22 133
22 166
22 126775
23 5
23 20
23 67
23 268
23 1413
23 1416
23 1417
23 126776
24 5
24 84
24 90
24 91
24 93
24 121
24 4180
24 34509
24 126777
25 90
25 443
25 11173
25 126047
25 126778
26 10
26 13688
26 20559
26 20561
26 126779
27 98
27 99
27 100
27 195
27 2073
27 126780
28 51
28 195
28 11257
28 11259
28 126781
29 4
29 195
29 202
29 566
29 28454
29 126782
30 3
30 4
30 195
30 729
30 731
30 126783
31 71
31 76
31 190
31 191
31 126784
seqId 248
1 4
1 5
1 99
1 131
1 132
1 133
1 811
1 126785
2 3
2 4
2 5
2 1957
2 1959
2 126786
3 9
3 10
3 11
3 13
3 126787
4 5
4 99
4 131
4 132
4 133
4 135
4 171
4 126788
5 3
5 4
5 5
5 28808
5 42696
5 42698
5 42699
5 42700
5 126789
6 243
6 244
6 245
6 247
6 126790
7 9
7 10
7 11
7 13
7 126791
8 4
8 5
8 99
8 131
8 132
8 133
8 152
8 126792
9 3
9 4
9 5
9 28808
9 42699
9 42700
9 54437
9 64827
9 123147
9 126793
10 243
10 244
10 245
10 247
10 126794
11 9
11 10
11 11
11 13
11 126795
12 3
12 20
12 195
12 4862
12 4864
12 126796
13 20
13 195
13 202
13 3303
13 10106
13 126797
14 10
14 1387
14 1388
14 1390
14 126798
15 26
15 27
15 99
15 133
15 175
15 176
15 195
15 126799
16 4
16 195
16 202
16 2294
16 3837
16 126800
17 67
17 195
17 1256
17 1258
17 1259
17 126801
18 9
18 10
18 11
18 13
18 126802
19 67
19 605
19 607
19 1199
19 126803
20 5
20 84
20 90
20 91
20 93
20 121
20 3777
20 4766
20 126804
21 3
21 4
21 5
21 6046
21 6048
21 126805
22 230
22 231
22 232
22 234
22 54232
23 9
23 10
23 11
23 13
23 163
24 99
24 131
24 132
24 133
24 195
24 236
24 237
25 3
25 4
25 195
25 4107
25 20236
25 126806
26 99
26 131
26 132
26 133
26 195
26 237
26 126807
27 660
27 2347
27 2348
27 2350
27 126808
28 4
28 195
28 202
28 340
28 126810
28 126811
28 126812
29 71
29 76
29 190
29 191
29 126813
seqId 249
1 20
1 90
1 122
1 195
1 340
1 708
1 713
1 4929
1 33498
1 123715
1 126815
2 717
2 718
2 719
2 721
2 126816
3 10
3 146
3 147
3 149
3 722
4 5
4 20
4 99
4 131
4 132
4 133
4 165
4 166
5 5
5 20
5 67
5 268
5 1413
5 1416
5 1417
5 126817
6 76
6 342
6 343
6 345
6 126818
7 5
7 20
7 99
7 131
7 132
7 133
7 166
7 126819
8 5
8 20
8 67
8 31939
8 31942
8 126820
9 3
9 5
9 20
9 222
9 371
9 126821
10 20
10 72
10 195
10 202
10 340
10 13324
10 46523
10 126823
10 126824
10 126825
11 20
11 195
11 202
11 13830
11 13832
11 126826
12 5
12 84
12 91
12 93
12 121
12 702
12 703
12 705
12 41818
13 660
13 1305
13 1306
13 1308
13 41819
14 5
14 20
14 90
14 122
14 708
14 769
14 2333
14 7738
14 126827
15 9
15 10
15 11
15 13
15 126828
16 90
16 443
16 4190
16 4192
16 126829
17 10
17 1605
17 1606
17 1608
17 126830
18 5
18 27
18 99
18 131
18 132
18 133
18 135
18 126831
19 5
19 67
19 1256
19 1258
19 1259
19 126832
20 42
20 67
20 5441
20 5442
20 5444
20 126833
21 9
21 10
21 11
21 13
21 126834
22 67
22 605
22 607
22 1199
22 126835
23 243
23 244
23 245
23 247
23 126836
24 5
24 27
24 99
24 131
24 132
24 133
24 135
24 126837
25 5
25 67
25 1256
25 1258
25 1259
25 126838
26 67
26 699
26 9813
26 126840
26 126841
26 126842
27 76
27 413
27 414
27 416
27 126843
28 3
28 4
28 195
28 340
28 18201
28 126845
28 126846
29 243
29 244
29 245
29 247
29 126847
30 3
30 4
30 195
30 8050
30 33365
30 126848
31 4
31 195
31 202
31 13830
31 53096
31 126849
32 76
32 433
32 434
32 436
32 126850
33 4
33 5
33 99
33 133
33 175
33 176
33 178
33 126851
34 3
34 4
34 5
34 5104
34 5106
34 126852
35 660
35 7237
35 10032
35 10034
35 126853
36 4
36 5
36 202
36 5232
36 31311
36 126854
37 10
37 126
37 127
37 129
37 11694
38 5
38 20
38 99
38 131
38 132
38 133
38 166
38 126855
39 3
39 5
39 20
39 15008
39 15010
39 126856
40 9
40 10
40 11
40 13
40 126857
41 4
41 5
41 99
41 131
41 132
41 133
41 152
41 126858
42 3
42 4
42 5
42 4900
42 4902
42 126859
43 71
43 76
43 190
43 191
43 126860
seqId 250
1 5
1 20
1 82
1 83
1 84
1 115
1 763
1 3948
1 11699
2 27
2 82
2 84
2 114
2 115
2 116
2 118
2 126861
3 5
3 84
3 90
3 91
3 92
3 93
3 96
3 1815
3 29773
3 126862
4 10
4 378
4 379
4 381
4 126863
5 5
5 20
5 99
5 131
5 132
5 133
5 166
5 126864
6 3
6 5
6 20
6 217
6 800
6 126865
7 9
7 10
7 11
7 13
7 126866
8 443
8 703
8 4766
8 5065
8 126867
9 90
9 443
9 40267
9 55017
9 126869
9 126870
10 10
10 126
10 127
10 129
10 126871
11 5
11 20
11 99
11 131
11 132
11 133
11 166
11 41859
12 3
12 5
12 20
12 15008
12 15010
12 126872
13 9
13 10
13 11
13 13
13 126873
14 4
14 5
14 99
14 131
14 132
14 133
14 152
14 126874
15 3
15 4
15 5
15 15
15 17
15 126875
16 98
16 99
16 100
16 195
16 2073
16 126876
17 3
17 20
17 195
17 5228
17 5230
17 126877
18 76
18 342
18 343
18 345
18 126878
19 10
19 146
19 149
19 1539
19 126879
20 4
20 5
20 99
20 131
20 132
20 133
20 152
20 54300
21 3
21 4
21 5
21 3725
21 3727
21 126880
22 9
22 10
22 11
22 13
22 126881
23 3
23 4
23 5
23 3615
23 3617
23 126882
24 4
24 5
24 202
24 3244
24 3246
24 41869
25 76
25 413
25 414
25 416
25 126883
26 3
26 5
26 20
26 222
26 224
26 126884
27 5
27 20
27 202
27 1403
27 14323
27 126885
28 1458
28 2717
28 4052
28 4054
28 126886
29 3
29 5
29 20
29 222
29 224
29 126887
30 5
30 20
30 90
30 122
30 708
30 713
30 22567
30 22569
30 126888
31 76
31 433
31 434
31 436
31 126889
32 76
32 342
32 343
32 345
32 126890
33 243
33 244
33 245
33 247
33 126891
34 9
34 10
34 11
34 13
34 126892
35 3
35 4
35 5
35 3615
35 3617
35 126893
36 660
36 2347
36 2348
36 2350
36 126894
37 4
37 5
37 202
37 7169
37 76875
37 126895
38 10
38 126
38 127
38 129
38 126896
39 4
39 5
39 82
39 84
39 85
39 1310
39 25794
39 126897
40 230
40 231
40 232
40 234
40 126898
41 9
41 10
41 11
41 13
41 163
42 99
42 131
42 132
42 133
42 195
42 236
42 237
43 3
43 4
43 195
43 2359
43 2361
43 126899
44 4
44 90
44 122
44 195
44 708
44 713
44 84386
44 84388
44 126900
45 71
45 76
45 190
45 191
45 126901
seqId 251
1 99
1 131
1 132
1 133
1 195
1 1220
1 41889
2 3
2 4
2 195
2 33173
2 33175
2 126902
3 4
3 195
3 202
3 1399
3 1401
3 126903
4 158
4 159
4 160
4 162
4 126904
5 9
5 10
5 11
5 13
5 163
6 5
6 20
6 99
6 131
6 132
6 133
6 165
6 166
7 5
7 20
7 67
7 268
7 1413
7 1416
7 1417
7 126905
8 84
8 91
8 92
8 93
8 195
8 703
8 707
8 12595
8 126906
9 4
9 90
9 122
9 195
9 340
9 708
9 713
9 31757
9 31759
9 126907
10 243
10 244
10 245
10 247
10 126908
11 4
11 90
11 122
11 195
11 340
11 708
11 713
11 4114
11 126910
11 126911
12 10
12 828
12 829
12 831
12 126912
13 5
13 27
13 99
13 131
13 132
13 133
13 135
13 126913
14 3
14 5
14 20
14 10464
14 68239
14 126914
15 230
15 231
15 232
15 234
15 126915
16 9
16 10
16 11
16 13
16 163
17 99
17 131
17 132
17 133
17 195
17 236
17 237
18 3
18 20
18 195
18 1229
18 27157
18 126916
19 9
19 10
19 11
19 13
19 126917
20 67
20 699
20 9813
20 126840
20 126841
20 126918
21 76
21 342
21 343
21 345
21 126919
22 659
22 660
22 661
22 2274
22 41906
23 660
23 2276
23 2277
23 2279
23 126920
24 20
24 90
24 122
24 195
24 708
24 713
24 54752
24 54754
24 126921
25 10
25 109
25 110
25 112
25 126922
26 3
26 5
26 20
26 222
26 224
26 11796
27 76
27 342
27 343
27 345
27 11797
28 244
28 1249
28 1250
28 1252
28 126923
29 660
29 1622
29 1623
29 1625
29 126924
30 10
30 109
30 110
30 112
30 41916
31 3
31 4
31 5
31 8050
31 8052
31 126925
32 243
32 244
32 245
32 247
32 126926
33 3
33 4
33 5
33 18201
33 18203
33 126927
34 4
34 5
34 202
34 13830
34 18206
34 126928
35 71
35 76
35 190
35 191
35 126929
seqId 252
1 4
1 5
1 99
1 131
1 132
1 133
1 811
1 126930
2 3
2 4
2 5
2 1957
2 1959
2 126931
3 9
3 10
3 11
3 13
3 126932
4 5
4 99
4 131
4 132
4 133
4 135
4 171
4 54364
5 3
5 4
5 5
5 28808
5 42696
5 42698
5 42699
5 42700
5 126933
6 243
6 244
6 245
6 247
6 126934
7 9
7 10
7 11
7 13
7 126935
8 4
8 5
8 99
8 131
8 132
8 133
8 152
8 126936
9 3
9 4
9 5
9 28808
9 42699
9 42700
9 54437
9 64827
9 123147
9 126937
10 5
10 84
10 90
10 91
10 93
10 121
10 3906
10 14583
10 126938
11 660
11 1622
11 1623
11 1625
11 126939
12 243
12 244
12 245
12 247
12 126940
13 660
13 1566
13 1567
13 1569
13 126941
14 10
14 828
14 829
14 831
14 126942
15 5
15 20
15 99
15 131
15 132
15 133
15 166
15 126943
16 3
16 5
16 20
16 16848
16 16850
16 126944
17 9
17 10
17 11
17 13
17 126945
18 4
18 195
18 202
18 1377
18 1379
18 126946
19 99
19 131
19 132
19 133
19 195
19 237
19 126947
20 3
20 4
20 195
20 126949
20 126950
20 126951
21 158
21 159
21 160
21 162
21 99257
22 9
22 10
22 11
22 13
22 163
23 5
23 20
23 99
23 131
23 132
23 133
23 165
23 166
24 3
24 5
24 20
24 429
24 431
24 126952
25 9
25 10
25 24
25 26
25 27
25 126953
26 3
26 20
26 195
26 2689
26 34134
26 126954
27 76
27 413
27 414
27 416
27 126955
28 3
28 4
28 5
28 2997
28 2999
28 126956
29 4
29 5
29 202
29 6881
29 10515
29 126957
30 9
30 10
30 11
30 13
30 126958
31 3
31 4
31 5
31 15
31 17
31 126959
32 76
32 433
32 434
32 436
32 126960
33 82
33 759
33 944
33 948
33 126961
34 67
34 50081
34 50083
34 121064
34 126962
35 67
35 1047
35 13936
35 121070
35 126964
35 126965
35 126966
36 67
36 99820
36 121072
36 126968
36 126969
36 126970
37 5
37 84
37 91
37 93
37 121
37 702
37 703
37 705
37 126971
38 5
38 20
38 90
38 122
38 708
38 769
38 4379
38 5722
38 126972
39 660
39 2136
39 2137
39 2139
39 126973
40 9
40 10
40 11
40 13
40 126974
41 5
41 27
41 99
41 131
41 132
41 133
41 135
41 126975
42 3
42 5
42 20
42 5458
42 8342
42 126976
43 10
43 146
43 147
43 149
43 126977
44 3
44 20
44 195
44 429
44 4265
44 126978
45 67
45 4796
45 17548
45 33199
45 62603
45 62604
45 126979
46 71
46 76
46 190
46 191
46 126980
seqId 253
1 659
1 660
1 661
1 663
1 126981
2 5
2 20
2 90
2 122
2 708
2 713
2 3884
2 3886
2 126982
3 10
3 109
3 110
3 112
3 126983
4 4
4 5
4 202
4 784
4 786
4 126984
5 3
5 4
5 5
5 56
5 32993
5 126985
6 76
6 342
6 343
6 345
6 126986
7 244
7 1249
7 1250
7 1252
7 126987
8 5
8 20
8 90
8 122
8 708
8 713
8 58812
8 58814
8 126988
9 10
9 146
9 147
9 149
9 126989
10 443
10 703
10 707
10 2086
10 126990
11 5
11 20
11 90
11 122
11 708
11 713
11 14727
11 16983
11 45092
11 126992
11 126993
12 10
12 109
12 110
12 112
12 126994
13 4
13 5
13 202
13 15064
13 15067
13 126995
14 3
14 4
14 5
14 56
14 32993
14 126996
15 76
15 413
15 414
15 416
15 126997
16 5
16 20
16 99
16 131
16 132
16 133
16 166
16 126998
17 3
17 5
17 20
17 429
17 431
17 126999
18 5
18 84
18 91
18 93
18 121
18 702
18 703
18 705
18 127000
19 5
19 20
19 122
19 703
19 707
19 708
19 710
19 127001
20 5
20 20
20 90
20 122
20 708
20 713
20 13184
20 127003
20 127004
21 509
21 1026
21 5178
21 62219
21 127005
22 76
22 433
22 434
22 436
22 127006
23 76
23 342
23 343
23 345
23 127007
24 5
24 20
24 99
24 131
24 132
24 133
24 166
24 127008
25 3
25 5
25 20
25 429
25 431
25 127009
26 64
26 67
26 1416
26 3231
26 56153
26 62650
26 62651
26 127010
27 76
27 413
27 414
27 416
27 127011
28 3
28 4
28 5
28 2997
28 2999
28 127012
29 4
29 5
29 202
29 1403
29 7713
29 127013
30 3
30 5
30 20
30 33358
30 33360
30 127014
31 243
31 244
31 245
31 247
31 127015
32 3
32 4
32 5
32 3162
32 3164
32 127016
33 76
33 433
33 434
33 436
33 127017
34 5
34 84
34 90
34 91
34 93
34 121
34 30461
34 30551
34 127018
35 10
35 126
35 127
35 129
35 127019
36 4
36 5
36 99
36 133
36 175
36 176
36 178
36 127020
37 3
37 4
37 5
37 62235
37 62237
37 127021
38 4
38 5
38 202
38 3303
38 3305
38 127022
39 243
39 244
39 245
39 247
39 127023
40 4
40 5
40 202
40 3272
40 3274
40 54454
41 10
41 1605
41 1606
41 1608
41 127024
42 5
42 20
42 99
42 131
42 132
42 133
42 166
42 127025
43 3
43 5
43 20
43 222
43 224
43 127026
44 243
44 244
44 245
44 247
44 127027
45 4
45 5
45 99
45 131
45 132
45 133
45 152
45 127028
46 3
46 4
46 5
46 35357
46 36225
46 127029
47 660
47 7588
47 7589
47 7591
47 127030
48 76
48 342
48 343
48 345
48 127031
49 10
49 1387
49 1388
49 1390
49 127032
50 99
50 133
50 175
50 176
50 195
50 234
50 127033
51 3
51 20
51 195
51 10464
51 10466
51 127034
52 20
52 195
52 202
52 1466
52 54405
52 127035
53 9
53 10
53 11
53 13
53 127036
54 4
54 5
54 99
54 131
54 132
54 133
54 152
54 127037
55 3
55 4
55 5
55 36230
55 36232
55 127038
56 76
56 342
56 343
56 345
56 127039
57 4
57 5
57 99
57 131
57 132
57 133
57 152
57 127040
58 3
58 4
58 5
58 313
58 5251
58 127041
59 4
59 5
59 202
59 3199
59 5132
59 127042
60 76
60 342
60 343
60 345
60 127043
61 5
61 27
61 99
61 131
61 132
61 133
61 135
61 127044
62 3
62 4
62 5
62 14686
62 14688
62 127045
63 243
63 244
63 245
63 247
63 127046
64 99
64 131
64 132
64 133
64 195
64 237
64 127047
65 3
65 4
65 195
65 8050
65 33365
65 127048
66 243
66 244
66 245
66 247
66 127049
67 3
67 4
67 195
67 18201
67 60610
67 127050
68 4
68 195
68 202
68 13830
68 53096
68 127051
69 71
69 76
69 190
69 191
69 127052
seqId 254
1 10
1 109
1 876
1 878
1 11967
2 90
2 121
2 122
2 792
2 6867
2 6869
2 127053
3 660
3 976
3 977
3 979
3 127054
4 99
4 131
4 132
4 133
4 195
4 237
4 127055
5 3
5 20
5 195
5 13338
5 15681
5 127056
6 76
6 342
6 343
6 345
6 127057
7 3
7 20
7 195
7 340
7 2813
7 2815
7 127058
8 76
8 342
8 343
8 345
8 127059
9 3
9 20
9 195
9 340
9 41034
9 41036
9 127060
10 243
10 244
10 245
10 247
10 42067
11 3
11 20
11 195
11 340
11 23234
11 23236
11 127061
12 84
12 90
12 91
12 93
12 121
12 195
12 755
12 11164
12 76201
12 127062
13 13
13 99
13 133
13 175
13 176
13 195
13 42071
14 4
14 195
14 202
14 795
14 3439
14 127063
15 3
15 4
15 195
15 9397
15 9399
15 127064
16 10
16 1605
16 1606
16 1608
16 127065
17 5
17 99
17 131
17 132
17 133
17 135
17 171
17 127066
18 3
18 5
18 20
18 33358
18 35385
18 127067
19 243
19 244
19 245
19 247
19 127068
20 4
20 5
20 99
20 131
20 132
20 133
20 152
20 127069
21 3
21 4
21 5
21 3162
21 5832
21 127070
22 71
22 76
22 190
22 191
22 127071
seqId 255
1 82
1 83
1 84
1 109
1 115
1 878
1 127072
2 84
2 90
2 91
2 92
2 93
2 195
2 13153
2 35983
2 35985
2 127074
3 13
3 99
3 133
3 175
3 176
3 195
3 127075
4 4
4 195
4 202
4 2787
4 125006
4 125008
4 127077
5 3
5 4
5 195
5 4107
5 20236
5 127078
6 9
6 10
6 11
6 13
6 127079
7 3
7 4
7 5
7 15
7 17
7 127080
8 243
8 244
8 245
8 247
8 127081
9 9
9 10
9 11
9 13
9 12007
10 3
10 4
10 5
10 4900
10 4902
10 127082
11 76
11 342
11 343
11 345
11 127083
12 4
12 90
12 122
12 195
12 708
12 713
12 1186
12 7291
12 127085
12 127086
12 127087
12 127088
13 10
13 828
13 829
13 831
13 127089
14 5
14 99
14 131
14 132
14 133
14 135
14 171
14 127090
15 3
15 4
15 5
15 28808
15 42696
15 42698
15 42699
15 42700
15 127091
16 243
16 244
16 245
16 247
16 127092
17 4
17 5
17 99
17 131
17 132
17 133
17 152
17 127093
18 3
18 4
18 5
18 28808
18 42699
18 42700
18 54437
18 64827
18 123147
18 127094
19 243
19 244
19 245
19 247
19 127095
20 4
20 90
20 122
20 195
20 708
20 713
20 4258
20 77104
20 127096
21 10
21 283
21 284
21 286
21 127097
22 5
22 20
22 99
22 131
22 132
22 133
22 166
22 127098
23 3
23 5
23 20
23 33233
23 40590
23 127099
24 9
24 10
24 11
24 13
24 127100
25 4
25 5
25 99
25 131
25 132
25 133
25 152
25 127101
26 4
26 5
26 67
26 48317
26 48320
26 48321
26 127102
27 166
27 509
27 5376
27 12994
27 12996
27 127103
28 509
28 5376
28 9567
28 11542
28 48321
28 48328
28 127105
28 127106
28 127107
28 127108
29 660
29 2509
29 2510
29 2512
29 127109
30 660
30 19655
30 19656
30 19658
30 127110
31 4
31 5
31 90
31 122
31 708
31 713
31 127112
31 127113
31 127114
32 71
32 76
32 190
32 191
32 127115
seqId 256
1 4
1 5
1 98
1 99
1 100
1 4105
1 127116
2 3
2 4
2 5
2 8943
2 32404
2 127117
3 4
3 5
3 202
3 32064
3 127119
3 127120
4 243
4 244
4 245
4 247
4 127121
5 4
5 5
5 202
5 22806
5 54437
5 61639
5 127122
6 5
6 84
6 90
6 91
6 92
6 93
6 2081
6 68556
6 127123
7 443
7 703
7 707
7 2086
7 127124
8 4
8 5
8 90
8 122
8 708
8 713
8 1104
8 4148
8 4150
8 127125
9 10
9 283
9 284
9 286
9 127126
10 4
10 5
10 82
10 84
10 85
10 1310
10 25794
10 127127
11 9
11 10
11 11
11 13
11 127128
12 98
12 99
12 100
12 195
12 2073
12 127129
13 3
13 4
13 195
13 2359
13 2361
13 127130
14 76
14 342
14 343
14 345
14 127131
15 3
15 4
15 5
15 33141
15 33489
15 39461
15 127132
16 9
16 10
16 11
16 13
16 127133
17 4
17 5
17 99
17 131
17 132
17 133
17 152
17 127134
18 3
18 4
18 5
18 3162
18 5832
18 127135
19 10
19 109
19 110
19 112
19 127136
20 3
20 5
20 20
20 222
20 224
20 127137
21 5
21 20
21 202
21 1403
21 14323
21 127138
22 243
22 244
22 245
22 247
22 127139
23 5
23 20
23 90
23 122
23 708
23 713
23 22567
23 22569
23 127140
24 76
24 342
24 343
24 345
24 127141
25 3
25 4
25 195
25 340
25 8694
25 26853
25 127143
26 243
26 244
26 245
26 247
26 127144
27 3
27 4
27 5
27 50290
27 50292
27 127145
28 10
28 109
28 110
28 112
28 127146
29 3
29 5
29 20
29 222
29 224
29 127147
30 5
30 20
30 202
30 1403
30 14323
30 127148
31 243
31 244
31 245
31 247
31 12116
32 5
32 20
32 90
32 122
32 708
32 713
32 22567
32 22569
32 127149
33 76
33 342
33 343
33 345
33 127150
34 3
34 4
34 195
34 9397
34 9399
34 127151
35 10
35 1605
35 1606
35 1608
35 127152
36 3
36 5
36 20
36 33358
36 35385
36 127153
37 243
37 244
37 245
37 247
37 64378
38 3
38 4
38 5
38 22378
38 22380
38 127154
39 10
39 109
39 110
39 112
39 127155
40 3
40 5
40 20
40 222
40 224
40 127156
41 5
41 20
41 202
41 1403
41 14323
41 127157
42 243
42 244
42 245
42 247
42 99442
43 5
43 20
43 90
43 122
43 708
43 713
43 22567
43 22569
43 127158
44 71
44 76
44 190
44 191
44 127159
seqId 257
1 51
1 52
1 680
1 1993
1 127160
2 76
2 433
2 434
2 436
2 127161
3 3
3 4
3 5
3 33141
3 33489
3 39461
3 127162
4 9
4 10
4 11
4 13
4 127163
5 4
5 5
5 99
5 131
5 132
5 133
5 152
5 127164
6 3
6 4
6 5
6 3162
6 5832
6 127165
7 10
7 109
7 110
7 112
7 127166
8 3
8 5
8 20
8 222
8 224
8 127167
9 5
9 20
9 202
9 1403
9 14323
9 127168
10 243
10 244
10 245
10 247
10 127169
11 5
11 20
11 90
11 122
11 708
11 713
11 22567
11 22569
11 127170
seqId 258
1 5
1 20
1 99
1 131
1 132
1 133
1 967
1 127171
2 3
2 5
2 20
2 2887
2 2889
2 127172
3 9
3 10
3 11
3 13
3 127173
4 51
4 195
4 4167
4 4169
4 127174
5 10
5 126
5 127
5 129
5 127175
6 99
6 131
6 132
6 133
6 195
6 237
6 127176
7 3
7 4
7 195
7 340
7 30876
7 30878
7 30879
7 127177
8 9
8 10
8 11
8 13
8 127178
9 5
9 27
9 99
9 131
9 132
9 133
9 135
9 127179
10 3
10 4
10 5
10 96
10 15106
10 30883
10 30885
10 127180
11 5
11 84
11 90
11 91
11 93
11 121
11 21962
11 127182
11 127183
12 5
12 27
12 99
12 131
12 132
12 133
12 135
12 127184
13 3
13 5
13 20
13 7259
13 7261
13 54639
14 158
14 159
14 160
14 162
14 127185
15 9
15 10
15 11
15 13
15 163
16 5
16 20
16 99
16 131
16 132
16 133
16 165
16 166
17 5
17 20
17 67
17 268
17 1413
17 1416
17 1417
17 127186
18 10
18 378
18 379
18 381
18 127187
19 99
19 131
19 132
19 133
19 195
19 237
19 127188
20 3
20 4
20 195
20 4249
20 26359
20 127189
21 4
21 195
21 202
21 7602
21 7604
21 127190
22 10
22 146
22 147
22 149
22 127191
23 4
23 5
23 99
23 131
23 132
23 133
23 152
23 127192
24 3
24 4
24 5
24 33489
24 33491
24 127193
25 9
25 10
25 11
25 13
25 127194
26 4
26 5
26 99
26 131
26 132
26 133
26 152
26 42225
27 3
27 4
27 5
27 3162
27 5832
27 127195
28 71
28 76
28 190
28 191
28 127196
seqId 259
1 51
1 195
1 1501
1 6279
1 127197
2 3
2 4
2 195
2 22729
2 22731
2 127198
3 84
3 91
3 92
3 93
3 195
3 703
3 707
3 12595
3 127199
4 660
4 2347
4 2348
4 2350
4 127200
5 660
5 6286
5 6287
5 6289
5 127201
6 4
6 90
6 122
6 195
6 708
6 713
6 2787
6 35819
6 35870
6 127202
7 10
7 283
7 284
7 286
7 127203
8 5
8 20
8 98
8 99
8 100
8 3961
8 127204
9 3
9 5
9 20
9 2320
9 2322
9 127205
10 9
10 10
10 11
10 13
10 127206
11 3
11 4
11 5
11 15
11 17
11 127207
12 75
12 76
12 77
12 79
12 127208
seqId 260
1 76
1 592
1 593
1 595
1 127209
2 4
2 5
2 99
2 131
2 132
2 133
2 152
2 127210
3 3
3 4
3 5
3 1957
3 1959
3 127211
4 10
4 828
4 829
4 831
4 127212
5 5
5 20
5 99
5 131
5 132
5 133
5 166
5 127213
6 3
6 5
6 20
6 222
6 224
6 127214
7 5
7 20
7 202
7 1403
7 14323
7 127215
8 243
8 244
8 245
8 247
8 127216
9 99
9 131
9 132
9 133
9 195
9 237
9 127217
10 3
10 20
10 195
10 222
10 4204
10 127218
11 20
11 195
11 202
11 3001
11 7424
11 127219
12 230
12 231
12 232
12 234
12 127220
13 9
13 10
13 11
13 13
13 163
14 99
14 131
14 132
14 133
14 195
14 236
14 237
15 3
15 20
15 195
15 13025
15 13027
15 127221
16 659
16 660
16 661
16 2274
16 127222
17 20
17 195
17 202
17 38740
17 45825
17 122887
17 127224
18 76
18 342
18 343
18 345
18 127225
19 3
19 20
19 195
19 13025
19 13027
19 127226
20 20
20 195
20 202
20 340
20 13029
20 13031
20 127227
21 9
21 10
21 11
21 13
21 64471
22 3
22 5
22 20
22 2894
22 2896
22 127228
23 230
23 231
23 232
23 234
23 127229
24 9
24 10
24 11
24 13
24 163
25 99
25 131
25 132
25 133
25 195
25 236
25 237
26 3
26 20
26 195
26 13036
26 13038
26 127230
27 76
27 413
27 414
27 416
27 99519
28 67
28 37859
28 62977
28 127232
28 127233
28 127234
29 76
29 433
29 434
29 436
29 127235
30 244
30 418
30 419
30 421
30 127236
31 230
31 231
31 232
31 234
31 127237
32 9
32 10
32 11
32 13
32 163
33 99
33 131
33 132
33 133
33 195
33 236
33 237
34 3
34 20
34 195
34 340
34 30366
34 30368
34 127238
35 76
35 413
35 414
35 416
35 127239
36 67
36 8740
36 62977
36 127241
36 127242
36 127243
37 76
37 433
37 434
37 436
37 127244
38 76
38 342
38 343
38 345
38 127245
39 20
39 82
39 195
39 759
39 1432
39 4333
39 127246
40 84
40 90
40 91
40 93
40 121
40 195
40 3581
40 108001
40 127247
41 10
41 146
41 147
41 149
41 127248
42 27
42 82
42 84
42 114
42 115
42 116
42 118
42 127249
43 90
43 443
43 10527
43 38747
43 127250
44 10
44 126
44 127
44 129
44 127251
45 99
45 131
45 132
45 133
45 195
45 237
45 127252
46 3
46 20
46 195
46 2429
46 22565
46 127253
47 20
47 90
47 122
47 195
47 708
47 713
47 9677
47 12400
47 127254
48 10
48 126
48 127
48 129
48 127255
49 5
49 27
49 99
49 131
49 132
49 133
49 135
49 127256
50 3
50 5
50 20
50 9159
50 49345
50 127257
51 9
51 10
51 11
51 13
51 127258
52 90
52 443
52 4832
52 127260
52 127261
53 71
53 76
53 190
53 191
53 127262
seqId 261
1 10
1 283
1 3640
1 3642
1 127263
2 4
2 5
2 98
2 99
2 100
2 1927
2 127264
3 3
3 4
3 5
3 4107
3 4109
3 127265
4 76
4 342
4 343
4 345
4 54717
5 5
5 20
5 99
5 131
5 132
5 133
5 166
5 127266
6 5
6 20
6 67
6 268
6 1413
6 1416
6 1417
6 127267
7 5
7 84
7 90
7 91
7 93
7 121
7 1345
7 25286
7 127268
8 10
8 109
8 110
8 112
8 42310
9 3
9 4
9 5
9 4420
9 4422
9 127269
10 10
10 3889
10 3891
10 9630
10 127270
11 5
11 27
11 99
11 131
11 132
11 133
11 135
11 127271
12 3
12 4
12 5
12 729
12 4454
12 127272
13 51
13 195
13 1879
13 1881
13 127273
14 76
14 342
14 343
14 345
14 127274
15 10
15 109
15 110
15 112
15 127275
16 3
16 5
16 20
16 4862
16 9651
16 127276
17 10
17 1387
17 1388
17 1390
17 127277
18 5
18 20
18 99
18 131
18 132
18 133
18 166
18 127278
19 5
19 20
19 67
19 4811
19 127280
19 127281
19 127282
20 76
20 342
20 343
20 345
20 127283
21 5
21 20
21 99
21 133
21 175
21 176
21 1316
21 127284
22 3
22 5
22 20
22 9188
22 9190
22 127285
23 9
23 10
23 11
23 13
23 127286
24 3
24 4
24 195
24 1970
24 1972
24 127287
25 10
25 126
25 127
25 129
25 127288
26 4
26 5
26 99
26 131
26 132
26 133
26 152
26 127289
27 3
27 4
27 5
27 31374
27 31376
27 127290
28 71
28 76
28 190
28 191
28 127291
seqId 262
1 4
1 5
1 90
1 122
1 708
1 713
1 3722
1 5407
1 11173
1 33418
1 127292
2 10
2 828
2 829
2 831
2 99573
3 67
3 22218
3 22219
3 22221
3 127293
4 67
4 9507
4 49447
4 120656
4 120657
4 120659
4 127294
5 76
5 342
5 343
5 345
5 127295
6 4
6 5
6 98
6 99
6 100
6 1927
6 99576
7 3
7 4
7 5
7 15
7 17
7 127296
8 5
8 84
8 91
8 92
8 93
8 703
8 707
8 16563
8 127297
9 4
9 5
9 90
9 122
9 708
9 713
9 4845
9 25202
9 127298
10 10
10 283
10 284
10 286
10 127299
11 4
11 5
11 99
11 133
11 175
11 176
11 178
11 127300
12 4
12 5
12 202
12 29679
12 29681
12 127301
13 3
13 4
13 5
13 33173
13 33763
13 127302
14 4
14 5
14 96
14 202
14 42925
14 54746
14 120201
14 127303
15 243
15 244
15 245
15 247
15 127304
16 4
16 5
16 202
16 22806
16 54437
16 61639
16 127305
17 4
17 5
17 90
17 122
17 708
17 713
17 33961
17 33963
17 127306
18 10
18 126
18 127
18 129
18 127307
19 99
19 133
19 175
19 176
19 195
19 234
19 127308
20 3
20 4
20 195
20 6876
20 6878
20 127309
21 4
21 195
21 202
21 13830
21 53096
21 127310
22 76
22 342
22 343
22 345
22 42360
23 10
23 109
23 112
23 1539
23 127311
24 3
24 5
24 20
24 1601
24 1603
24 127312
25 10
25 283
25 284
25 286
25 127313
26 99
26 131
26 132
26 133
26 195
26 237
26 127314
27 3
27 20
27 195
27 22020
27 22022
27 127315
28 9
28 10
28 24
28 26
28 27
28 127316
29 67
29 74958
29 74960
29 127317
29 127318
30 158
30 159
30 160
30 162
30 127319
31 9
31 10
31 11
31 13
31 163
32 5
32 20
32 99
32 131
32 132
32 133
32 165
32 166
33 3
33 5
33 20
33 119563
33 127321
33 127322
34 76
34 342
34 343
34 345
34 127323
35 3
35 20
35 195
35 340
35 127325
35 127326
35 127327
36 10
36 109
36 110
36 112
36 127328
37 4
37 5
37 99
37 131
37 132
37 133
37 152
37 127329
38 3
38 4
38 5
38 4550
38 8014
38 127330
39 71
39 76
39 190
39 191
39 127331
seqId 263
1 76
1 592
1 593
1 595
1 127332
seqId 264
1 5
1 20
1 82
1 83
1 84
1 115
1 763
1 3948
1 127333
2 27
2 82
2 84
2 114
2 115
2 116
2 118
2 127334
3 5
3 84
3 90
3 91
3 92
3 93
3 96
3 1815
3 29773
3 127335
4 10
4 109
4 112
4 1539
4 54801
5 660
5 4185
5 4186
5 4188
5 127336
6 9
6 10
6 11
6 13
6 127337
7 90
7 443
7 3624
7 16509
7 127338
8 76
8 342
8 343
8 345
8 127339
9 660
9 2347
9 2348
9 2350
9 127340
10 660
10 6286
10 6287
10 6289
10 127341
11 717
11 718
11 719
11 721
11 127342
12 10
12 146
12 147
12 149
12 722
13 5
13 20
13 99
13 131
13 132
13 133
13 165
13 166
14 3
14 5
14 20
14 6686
14 6688
14 127343
15 5
15 20
15 202
15 1403
15 14323
15 127344
16 76
16 342
16 343
16 345
16 127345
17 4
17 5
17 99
17 131
17 132
17 133
17 152
17 54817
18 3
18 4
18 5
18 3615
18 3617
18 127346
19 82
19 759
19 2852
19 2854
19 127347
20 4
20 5
20 99
20 131
20 132
20 133
20 152
20 127348
21 3
21 4
21 5
21 6070
21 6072
21 127349
22 9
22 10
22 24
22 26
22 27
22 127350
23 5
23 20
23 99
23 133
23 175
23 176
23 1316
23 127351
24 76
24 137
24 138
24 140
24 127352
25 3
25 5
25 20
25 33358
25 35385
25 127353
26 76
26 185
26 186
26 188
26 127354
27 5
27 20
27 202
27 795
27 797
27 127355
28 243
28 244
28 245
28 247
28 127356
29 5
29 20
29 202
29 2742
29 16528
29 127357
30 10
30 146
30 147
30 149
30 127358
31 5
31 27
31 99
31 131
31 132
31 133
31 135
31 127359
32 3
32 4
32 5
32 18373
32 18375
32 127360
33 4
33 5
33 202
33 1403
33 7713
33 127361
34 76
34 342
34 343
34 345
34 127362
35 10
35 1010
35 1011
35 1013
35 127363
36 5
36 27
36 99
36 131
36 132
36 133
36 135
36 127364
37 5
37 64
37 67
37 1416
37 124908
37 124911
37 127365
38 76
38 413
38 414
38 416
38 127366
39 3
39 5
39 20
39 33358
39 33360
39 127367
40 9
40 10
40 11
40 13
40 127368
41 3
41 4
41 5
41 17915
41 17917
41 127369
42 76
42 342
42 343
42 345
42 127370
43 3
43 4
43 5
43 4002
43 4004
43 127371
44 76
44 342
44 343
44 345
44 127372
45 3
45 4
45 5
45 3162
45 5832
45 127373
46 76
46 433
46 434
46 436
46 127374
47 76
47 342
47 343
47 345
47 127375
48 5
48 84
48 90
48 91
48 93
48 121
48 78755
48 78757
48 127377
49 76
49 342
49 343
49 345
49 127378
50 5
50 84
50 90
50 91
50 93
50 121
50 4288
50 19779
50 127379
51 244
51 418
51 419
51 421
51 127380
52 5
52 84
52 91
52 93
52 121
52 703
52 707
52 956
52 127381
53 4
53 5
53 72
53 82
53 84
53 115
53 116
53 1261
53 1262
53 1264
53 1265
53 127382
54 4
54 5
54 99
54 131
54 132
54 133
54 152
54 127383
55 3
55 4
55 5
55 1104
55 45037
55 127385
55 127386
56 9
56 10
56 24
56 26
56 27
56 127387
57 4
57 5
57 99
57 133
57 175
57 176
57 178
57 127388
58 4
58 5
58 202
58 1589
58 36390
58 127389
59 3
59 4
59 5
59 58935
59 58937
59 127390
60 9
60 10
60 11
60 13
60 127391
61 4
61 5
61 99
61 131
61 132
61 133
61 152
61 127392
62 3
62 4
62 5
62 3162
62 5832
62 127393
63 71
63 76
63 190
63 191
63 127394
seqId 265
1 99
1 133
1 175
1 176
1 195
1 5187
1 127395
2 3
2 20
2 195
2 2863
2 10735
2 127396
3 243
3 244
3 245
3 247
3 127397
4 3
4 20
4 195
4 9188
4 60940
4 127398
5 9
5 10
5 11
5 13
5 127399
6 3
6 4
6 195
6 1970
6 1972
6 127400
7 4
7 195
7 202
7 340
7 22806
7 54437
7 61639
7 127401
8 84
8 91
8 93
8 121
8 195
8 703
8 707
8 1858
8 127402
9 20
9 90
9 122
9 195
9 340
9 708
9 713
9 11164
9 19077
9 127403
10 660
10 3261
10 3262
10 3264
10 127404
11 230
11 231
11 232
11 234
11 127405
12 9
12 10
12 11
12 13
12 163
13 99
13 131
13 132
13 133
13 195
13 236
13 237
14 3
14 4
14 195
14 4249
14 26359
14 127406
15 9
15 10
15 11
15 13
15 127407
16 5
16 27
16 99
16 131
16 132
16 133
16 135
16 127408
17 3
17 5
17 20
17 8688
17 8690
17 127409
18 10
18 146
18 147
18 149
18 127410
19 4
19 5
19 99
19 131
19 132
19 133
19 152
19 127411
20 3
20 4
20 5
20 3162
20 5832
20 127412
21 76
21 342
21 343
21 345
21 127413
22 9
22 10
22 11
22 13
22 42453
23 4
23 5
23 99
23 131
23 132
23 133
23 152
23 127414
24 3
24 4
24 5
24 127416
24 127417
24 127418
25 243
25 244
25 245
25 247
25 127419
26 9
26 10
26 11
26 13
26 127420
27 4
27 5
27 99
27 131
27 132
27 133
27 152
27 127421
28 3
28 4
28 5
28 24032
28 24034
28 127422
29 9
29 10
29 24
29 26
29 27
29 127423
30 5
30 20
30 99
30 133
30 175
30 176
30 1316
30 127424
31 76
31 137
31 138
31 140
31 127425
32 3
32 5
32 20
32 33358
32 35385
32 127426
33 76
33 185
33 186
33 188
33 127427
34 76
34 342
34 343
34 345
34 127428
35 10
35 1605
35 1606
35 1608
35 12492
36 82
36 84
36 85
36 195
36 2294
36 3837
36 127429
37 71
37 76
37 190
37 191
37 127430
seqId 266
1 51
1 52
1 2054
1 2056
1 64706
2 76
2 433
2 434
2 436
2 127431
3 3
3 4
3 195
3 340
3 8694
3 26853
3 127432
4 243
4 244
4 245
4 247
4 127433
5 3
5 4
5 5
5 50290
5 50292
5 127434
6 10
6 109
6 110
6 112
6 127435
7 3
7 5
7 20
7 222
7 224
7 127436
8 5
8 20
8 202
8 1403
8 14323
8 127437
9 243
9 244
9 245
9 247
9 127438
10 5
10 20
10 90
10 122
10 708
10 713
10 22567
10 22569
10 127439
seqId 267
1 4
1 5
1 98
1 99
1 100
1 4105
1 127440
2 4
2 5
2 202
2 795
2 8936
2 127441
3 3
3 4
3 5
3 2359
3 8352
3 127442
4 82
4 84
4 114
4 115
4 116
4 118
4 171
4 127443
5 5
5 84
5 90
5 91
5 93
5 121
5 4258
5 4469
5 127444
6 10
6 283
6 284
6 286
6 127445
7 4
7 5
7 99
7 131
7 132
7 133
7 152
7 127446
8 3
8 4
8 5
8 33037
8 33039
8 127447
9 230
9 231
9 232
9 234
9 127448
10 9
10 10
10 11
10 13
10 163
11 99
11 131
11 132
11 133
11 195
11 236
11 237
12 3
12 4
12 195
12 897
12 3520
12 127449
13 158
13 159
13 160
13 162
13 127450
14 9
14 10
14 11
14 13
14 163
15 5
15 20
15 99
15 131
15 132
15 133
15 165
15 166
16 5
16 20
16 67
16 268
16 1413
16 1416
16 1417
16 127451
17 82
17 758
17 759
17 761
17 127452
18 84
18 91
18 93
18 121
18 195
18 702
18 703
18 1062
18 127453
19 5
19 20
19 90
19 122
19 708
19 769
19 18530
19 44948
19 44950
19 127455
20 717
20 718
20 719
20 721
20 127456
21 10
21 146
21 147
21 149
21 722
22 5
22 20
22 99
22 131
22 132
22 133
22 165
22 166
23 3
23 5
23 20
23 389
23 391
23 127457
24 9
24 10
24 11
24 13
24 127458
25 4
25 5
25 99
25 131
25 132
25 133
25 152
25 127459
26 3
26 4
26 5
26 1913
26 1915
26 127460
27 4
27 5
27 202
27 2244
27 3490
27 127461
28 660
28 1796
28 1797
28 1799
28 64757
29 4
29 5
29 99
29 131
29 132
29 133
29 152
29 127462
30 3
30 4
30 5
30 50290
30 50292
30 127463
31 10
31 109
31 112
31 1539
31 127464
32 3
32 5
32 20
32 3244
32 7638
32 127465
33 944
33 945
33 946
33 948
33 127466
34 4
34 5
34 99
34 131
34 132
34 133
34 152
34 127467
35 3
35 4
35 5
35 8356
35 8358
35 127468
36 10
36 109
36 112
36 1539
36 127469
37 3
37 5
37 20
37 1601
37 1603
37 127470
38 71
38 76
38 190
38 191
38 127471
seqId 268
1 4
1 5
1 82
1 83
1 84
1 115
1 763
1 4750
1 127472
2 5
2 84
2 91
2 92
2 93
2 703
2 707
2 16563
2 127473
3 4
3 5
3 98
3 99
3 100
3 1927
3 127474
4 3
4 4
4 5
4 3725
4 3727
4 127475
5 4
5 5
5 90
5 122
5 708
5 713
5 4114
5 126911
5 127477
6 10
6 828
6 829
6 831
6 127478
7 4
7 5
7 99
7 131
7 132
7 133
7 152
7 54930
8 3
8 4
8 5
8 4107
8 4109
8 127479
9 4
9 5
9 202
9 22806
9 54437
9 61639
9 127480
10 4
10 5
10 90
10 122
10 708
10 713
10 22735
10 22737
10 127481
11 10
11 109
11 110
11 112
11 127482
12 3
12 4
12 5
12 36581
12 36583
12 127483
13 76
13 342
13 343
13 345
13 127484
14 243
14 244
14 245
14 247
14 127485
15 660
15 6695
15 6696
15 6698
15 127486
16 10
16 828
16 829
16 831
16 127487
17 99
17 131
17 132
17 133
17 195
17 237
17 127488
18 3
18 20
18 195
18 10464
18 10466
18 127489
19 9
19 10
19 11
19 13
19 127490
20 4
20 5
20 99
20 131
20 132
20 133
20 152
20 64795
21 166
21 509
21 5376
21 12994
21 12996
21 127491
22 509
22 5376
22 9567
22 11542
22 127107
22 127108
22 127493
22 127494
23 660
23 6286
23 6287
23 6289
23 127495
24 20
24 195
24 202
24 127497
24 127498
24 127499
25 9
25 10
25 24
25 26
25 27
25 127500
26 3
26 5
26 20
26 7259
26 7261
26 127501
27 10
27 126
27 127
27 129
27 127502
28 98
28 99
28 100
28 195
28 2073
28 99795
29 3
29 4
29 195
29 4249
29 26359
29 127503
30 9
30 10
30 11
30 13
30 127504
31 3
31 4
31 5
31 8356
31 8358
31 127505
32 243
32 244
32 245
32 247
32 127506
33 9
33 10
33 11
33 13
33 127507
34 3
34 4
34 195
34 340
34 34850
34 34852
34 127508
35 71
35 76
35 190
35 191
35 127509
seqId 269
1 4
1 5
1 99
1 133
1 175
1 176
1 5129
1 127510
2 3
2 4
2 5
2 33906
2 33908
2 127511
3 4
3 5
3 202
3 1601
3 18277
3 127512
4 76
4 342
4 343
4 345
4 127513
5 4
5 5
5 90
5 122
5 708
5 713
5 27393
5 27395
5 127514
6 660
6 1305
6 1306
6 1308
6 127515
7 10
7 283
7 284
7 286
7 127516
8 4
8 85
8 99
8 195
8 1589
8 1591
8 127517
9 3
9 4
9 195
9 897
9 3520
9 127518
10 9
10 10
10 11
10 13
10 64830
11 4
11 5
11 99
11 131
11 132
11 133
11 152
11 127519
12 3
12 4
12 5
12 1913
12 1915
12 127520
13 4
13 5
13 202
13 2244
13 3490
13 127521
14 76
14 342
14 343
14 345
14 127522
15 5
15 84
15 90
15 91
15 92
15 93
15 3360
15 89718
15 127523
16 443
16 703
16 707
16 2086
16 127524
17 4
17 5
17 90
17 122
17 708
17 713
17 3597
17 4379
17 127525
18 2822
18 2823
18 2824
18 2826
18 127526
19 10
19 146
19 147
19 149
19 722
20 99
20 131
20 132
20 133
20 195
20 236
20 237
21 3
21 4
21 195
21 3419
21 3421
21 127527
22 660
22 1796
22 1797
22 1799
22 127528
23 10
23 283
23 284
23 286
23 127529
24 5
24 99
24 115
24 773
24 775
24 776
24 2192
24 3593
24 127530
25 3
25 5
25 20
25 12137
25 12139
25 127531
26 944
26 945
26 946
26 948
26 127532
27 10
27 283
27 284
27 286
27 127533
28 5
28 99
28 115
28 773
28 775
28 776
28 2192
28 3593
28 127534
29 3
29 4
29 5
29 3681
29 24379
29 39562
29 63848
29 127536
30 4
30 5
30 202
30 3414
30 16682
30 127537
31 10
31 1010
31 1011
31 1013
31 127538
32 4
32 5
32 202
32 5024
32 14482
32 14483
32 27456
32 98710
32 127540
33 10
33 109
33 110
33 112
33 127541
34 3
34 5
34 20
34 222
34 224
34 127542
35 5
35 20
35 202
35 1403
35 14323
35 127543
36 243
36 244
36 245
36 247
36 127544
37 5
37 20
37 90
37 122
37 708
37 713
37 22567
37 22569
37 127545
38 71
38 76
38 190
38 191
38 127546
seqId 270
1 10
1 283
1 3640
1 3642
1 127547
2 4
2 5
2 98
2 99
2 100
2 1927
2 127548
3 3
3 4
3 5
3 4107
3 4109
3 127549
4 76
4 342
4 343
4 345
4 127550
5 5
5 20
5 99
5 133
5 175
5 176
5 1316
5 127551
6 3
6 5
6 20
6 2887
6 2889
6 127552
7 5
7 20
7 90
7 122
7 708
7 713
7 2832
7 5688
7 127553
8 10
8 828
8 829
8 831
8 127554
9 67
9 30869
9 49767
9 49768
9 49770
9 49771
9 127555
10 67
10 8683
10 49269
10 49773
10 49774
10 49776
10 127556
11 243
11 244
11 245
11 247
11 127557
12 67
12 119898
12 119899
12 119901
12 127558
13 67
13 61042
13 92654
13 100406
13 120636
13 120637
13 127559
14 5
14 84
14 90
14 91
14 92
14 93
14 7504
14 40827
14 127560
15 717
15 718
15 719
15 721
15 127561
16 10
16 146
16 147
16 149
16 722
17 5
17 20
17 99
17 131
17 132
17 133
17 165
17 166
18 3
18 5
18 20
18 389
18 391
18 127562
19 158
19 159
19 160
19 162
19 127563
20 9
20 10
20 11
20 13
20 163
21 5
21 20
21 99
21 131
21 132
21 133
21 165
21 166
22 5
22 20
22 202
22 784
22 4033
22 127564
23 3
23 5
23 20
23 40798
23 40800
23 127565
24 51
24 195
24 29812
24 29814
24 127566
25 10
25 126
25 127
25 129
25 127567
26 4
26 5
26 99
26 131
26 132
26 133
26 152
26 127568
27 76
27 137
27 138
27 140
27 127569
28 3
28 4
28 5
28 1587
28 1728
28 2902
28 14293
28 16908
28 41691
28 127571
29 10
29 109
29 110
29 112
29 99898
30 3
30 5
30 20
30 222
30 224
30 127572
31 5
31 20
31 202
31 1403
31 14323
31 127573
32 243
32 244
32 245
32 247
32 127574
33 5
33 20
33 90
33 122
33 708
33 713
33 22567
33 22569
33 127575
34 5
34 20
34 90
34 122
34 708
34 713
34 3969
34 29532
34 127576
35 10
35 146
35 147
35 149
35 127577
36 5
36 99
36 131
36 132
36 133
36 135
36 171
36 127578
37 3
37 5
37 20
37 2004
37 2006
37 127579
38 51
38 195
38 14489
38 14491
38 99906
39 9
39 10
39 11
39 13
39 127580
40 4
40 5
40 99
40 131
40 132
40 133
40 152
40 127581
41 3
41 4
41 5
41 7319
41 123823
41 127582
42 5
42 20
42 202
42 74070
42 127584
42 127585
43 230
43 231
43 232
43 234
43 127586
44 9
44 10
44 11
44 13
44 163
45 99
45 131
45 132
45 133
45 195
45 236
45 237
46 3
46 4
46 195
46 127588
46 127589
46 127590
47 4
47 195
47 202
47 127592
47 127593
47 127594
48 76
48 185
48 186
48 188
48 127595
49 71
49 76
49 190
49 191
49 127596
seqId 271
1 51
1 52
1 1705
1 1707
1 127597
2 76
2 433
2 434
2 436
2 127598
seqId 272
1 3
1 4
1 195
1 9397
1 35930
1 36844
1 127599
2 10
2 1605
2 1606
2 1608
2 127600
3 3
3 5
3 20
3 33358
3 35385
3 127601
4 243
4 244
4 245
4 247
4 55081
5 3
5 4
5 5
5 22378
5 22380
5 127602
6 10
6 109
6 110
6 112
6 127603
7 3
7 5
7 20
7 222
7 224
7 127604
8 5
8 20
8 202
8 1403
8 14323
8 127605
9 243
9 244
9 245
9 247
9 127606
10 5
10 20
10 90
10 122
10 708
10 713
10 22567
10 22569
10 127607
seqId 273
1 4
1 5
1 98
1 99
1 100
1 4105
1 127608
2 3
2 4
2 5
2 2359
2 8352
2 127609
3 5
3 84
3 90
3 91
3 93
3 121
3 4180
3 34509
3 127610
4 90
4 443
4 59058
4 126029
4 127611
5 99
5 131
5 132
5 133
5 195
5 237
5 12776
6 3
6 4
6 195
6 3441
6 3443
6 127612
7 158
7 159
7 160
7 162
7 127613
8 9
8 10
8 11
8 13
8 163
9 5
9 20
9 99
9 131
9 132
9 133
9 165
9 166
10 5
10 20
10 67
10 268
10 1413
10 1416
10 1417
10 127614
11 90
11 121
11 122
11 792
11 4404
11 126241
11 127615
12 10
12 283
12 284
12 286
12 127616
13 4
13 5
13 99
13 131
13 132
13 133
13 152
13 127617
14 3
14 4
14 5
14 6763
14 6765
14 127618
15 4
15 5
15 202
15 254
15 256
15 127619
16 9
16 10
16 11
16 13
16 127620
17 5
17 99
17 131
17 132
17 133
17 135
17 171
17 127621
18 3
18 4
18 5
18 897
18 899
18 127622
19 158
19 159
19 160
19 162
19 127623
20 9
20 10
20 11
20 13
20 163
21 5
21 20
21 99
21 131
21 132
21 133
21 165
21 166
22 5
22 20
22 67
22 268
22 1413
22 1416
22 1417
22 127624
23 71
23 76
23 190
23 191
23 127625
seqId 274
1 10
1 146
1 1024
1 1026
1 127626
2 4
2 5
2 98
2 99
2 100
2 1927
2 127627
3 3
3 4
3 5
3 4447
3 4449
3 127628
4 76
4 342
4 343
4 345
4 127629
5 10
5 109
5 110
5 112
5 127630
6 3
6 4
6 5
6 26165
6 127632
6 127633
7 76
7 342
7 343
7 345
7 127634
8 5
8 20
8 99
8 133
8 175
8 176
8 1316
8 127635
9 3
9 5
9 20
9 2887
9 2889
9 127636
10 5
10 84
10 91
10 93
10 121
10 703
10 707
10 956
10 99959
11 5
11 20
11 90
11 122
11 708
11 713
11 3570
11 32615
11 127637
12 76
12 342
12 343
12 345
12 127638
13 90
13 121
13 122
13 3360
13 19647
13 127639
14 90
14 443
14 8855
14 51295
14 127640
15 5
15 20
15 99
15 131
15 132
15 133
15 166
15 127641
16 5
16 20
16 67
16 5785
16 5787
16 5788
16 127642
17 243
17 244
17 245
17 247
17 99963
18 5
18 20
18 99
18 131
18 132
18 133
18 166
18 127643
19 5
19 20
19 67
19 268
19 1413
19 1416
19 1417
19 127644
20 660
20 3261
20 3262
20 3264
20 127645
21 9
21 10
21 11
21 13
21 127646
22 4
22 5
22 99
22 131
22 132
22 133
22 152
22 127647
23 3
23 4
23 5
23 3922
23 3924
23 127648
24 10
24 1605
24 1606
24 1608
24 127649
25 5
25 20
25 99
25 131
25 132
25 133
25 166
25 127650
26 3
26 5
26 20
26 222
26 224
26 127651
27 5
27 20
27 202
27 5794
27 5796
27 127652
28 243
28 244
28 245
28 247
28 127653
29 5
29 20
29 99
29 131
29 132
29 133
29 166
29 127654
30 3
30 5
30 20
30 222
30 224
30 127655
31 9
31 10
31 11
31 13
31 127656
32 4
32 5
32 99
32 131
32 132
32 133
32 152
32 127657
33 3
33 4
33 5
33 2938
33 2940
33 127658
34 71
34 76
34 190
34 191
34 127659
seqId 275
1 3
1 4
1 195
1 1701
1 4815
1 5528
1 32734
1 127660
seqId 276
1 3
1 4
1 5
1 1701
1 19706
1 127661
2 51
2 52
2 680
2 1993
2 127662
3 75
3 76
3 77
3 79
3 127663
4 3
4 4
4 5
4 14834
4 32740
4 127664
5 9
5 10
5 11
5 13
5 127665
6 3
6 4
6 5
6 3154
6 17710
6 127666
7 4
7 5
7 202
7 7992
7 20221
7 127667
seqId 277
1 4
1 5
1 99
1 133
1 175
1 176
1 5129
1 127668
2 3
2 4
2 5
2 32746
2 32748
2 127669
3 9
3 10
3 11
3 13
3 65000
4 4
4 5
4 99
4 131
4 132
4 133
4 152
4 127670
5 3
5 4
5 5
5 14834
5 32753
5 127671
6 9
6 10
6 11
6 13
6 127672
7 3
7 4
7 5
7 3154
7 17710
7 127673
8 4
8 5
8 90
8 122
8 708
8 713
8 32757
8 32759
8 127674
9 10
9 71
9 721
9 25047
9 32761
9 32762
9 127675
10 4
10 5
10 99
10 131
10 132
10 133
10 152
10 127676
11 3
11 4
11 5
11 71
11 373
11 376
11 1299
11 127677
12 9
12 10
12 24
12 26
12 27
12 127678
13 2
13 3
13 4
13 5
13 181
13 127679
14 9
14 10
14 11
14 13
14 127680
15 3
15 4
15 5
15 15
15 17
15 127681
16 10
16 109
16 110
16 112
16 127682
17 3
17 5
17 20
17 724
17 726
17 127683
18 9
18 10
18 11
18 13
18 42782
19 3
19 5
19 20
19 384
19 386
19 127684
20 76
20 342
20 343
20 345
20 127685
21 945
21 2473
21 2474
21 2476
21 127686
22 4
22 5
22 82
22 84
22 115
22 763
22 1264
22 127687
23 5
23 84
23 90
23 91
23 93
23 121
23 1274
23 1276
23 127688
24 76
24 342
24 343
24 345
24 127689
25 5
25 84
25 91
25 92
25 93
25 703
25 707
25 16563
25 127690
26 4
26 5
26 90
26 122
26 708
26 713
26 32782
26 32784
26 127691
27 717
27 718
27 719
27 721
27 127692
28 10
28 146
28 147
28 149
28 722
29 5
29 20
29 99
29 131
29 132
29 133
29 165
29 166
30 3
30 5
30 19
30 20
30 105
30 127693
31 71
31 76
31 190
31 191
31 127694
seqId 278
1 3
1 4
1 5
1 1701
1 19706
1 127695
2 51
2 52
2 2054
2 2056
2 127696
3 75
3 76
3 77
3 79
3 127697
4 3
4 20
4 195
4 340
4 24887
4 32793
4 127698
5 76
5 342
5 343
5 345
5 127699
6 3
6 4
6 195
6 31920
6 32797
6 127700
seqId 279
1 4
1 5
1 99
1 133
1 175
1 176
1 5129
1 127701
2 3
2 4
2 5
2 539
2 18239
2 127702
3 230
3 231
3 232
3 234
3 127703
4 9
4 10
4 11
4 13
4 163
5 99
5 131
5 132
5 133
5 195
5 236
5 237
6 3
6 20
6 195
6 24887
6 26865
6 127704
7 243
7 244
7 245
7 247
7 127705
8 99
8 133
8 175
8 176
8 195
8 234
8 127706
9 3
9 4
9 195
9 31920
9 32797
9 127707
10 20
10 90
10 122
10 195
10 708
10 713
10 33672
10 33674
10 127708
11 10
11 828
11 829
11 831
11 127709
12 5
12 27
12 99
12 131
12 132
12 133
12 135
12 127710
13 2
13 3
13 4
13 5
13 181
13 127711
14 9
14 10
14 11
14 13
14 127712
15 3
15 4
15 5
15 15
15 17
15 127713
16 5
16 84
16 91
16 92
16 93
16 703
16 707
16 16563
16 127714
17 4
17 5
17 90
17 122
17 708
17 713
17 32782
17 32784
17 127715
18 717
18 718
18 719
18 721
18 127716
19 10
19 146
19 147
19 149
19 722
20 5
20 20
20 99
20 131
20 132
20 133
20 165
20 166
21 3
21 5
21 19
21 20
21 105
21 127717
22 71
22 76
22 190
22 191
22 127718
seqId 280
1 51
1 52
1 680
1 1993
1 127719
seqId 281
1 76
1 592
1 593
1 595
1 127720
2 3
2 20
2 195
2 699
2 1341
2 1777
2 26317
2 127721
3 75
3 76
3 77
3 79
3 127722
seqId 282
1 5
1 20
1 99
1 131
1 132
1 133
1 967
1 127723
2 5
2 20
2 67
2 268
2 1413
2 1416
2 1417
2 127724
3 5
3 84
3 90
3 91
3 93
3 121
3 5290
3 5292
3 127725
4 10
4 1387
4 1388
4 1390
4 127726
5 5
5 20
5 99
5 131
5 132
5 133
5 166
5 127727
6 5
6 20
6 67
6 265
6 268
6 269
6 270
6 127728
7 51
7 195
7 1368
7 1370
7 127729
8 3
8 4
8 195
8 1372
8 1374
8 127730
9 4
9 90
9 122
9 195
9 708
9 713
9 1159
9 39857
9 127731
10 717
10 718
10 719
10 721
10 127732
11 10
11 146
11 147
11 149
11 722
12 5
12 20
12 99
12 131
12 132
12 133
12 165
12 166
13 5
13 20
13 202
13 1104
13 1427
13 53802
13 127733
14 3
14 5
14 20
14 1168
14 1170
14 127734
15 158
15 159
15 160
15 162
15 127735
16 9
16 10
16 11
16 13
16 163
17 5
17 20
17 99
17 131
17 132
17 133
17 165
17 166
18 3
18 5
18 20
18 1173
18 1175
18 127736
19 67
19 1177
19 1178
19 1180
19 127737
20 67
20 1182
20 1183
20 1185
20 1186
20 127738
21 9
21 10
21 11
21 13
21 127739
22 5
22 99
22 131
22 132
22 133
22 135
22 171
22 127740
23 3
23 4
23 5
23 597
23 599
23 127741
24 67
24 601
24 603
24 1197
24 127742
25 67
25 605
25 607
25 1199
25 127743
26 76
26 413
26 414
26 416
26 127744
27 51
27 195
27 1425
27 1427
27 1428
27 127745
28 76
28 342
28 343
28 345
28 127746
29 51
29 195
29 1427
29 1477
29 1479
29 127747
30 243
30 244
30 245
30 247
30 127748
31 51
31 195
31 1427
31 1482
31 1484
31 127749
32 76
32 433
32 434
32 436
32 127750
33 71
33 76
33 190
33 191
33 127751
seqId 283
1 4
1 5
1 99
1 131
1 132
1 133
1 811
1 127752
2 3
2 4
2 5
2 1372
2 1423
2 127753
3 51
3 195
3 1425
3 1427
3 1428
3 127754
4 5
4 84
4 90
4 91
4 93
4 121
4 45960
4 127756
4 127757
5 5
5 20
5 99
5 131
5 132
5 133
5 166
5 127758
6 3
6 5
6 20
6 56136
6 113887
6 127759
7 158
7 159
7 160
7 162
7 42847
8 9
8 10
8 11
8 13
8 163
9 5
9 20
9 99
9 131
9 132
9 133
9 165
9 166
10 5
10 20
10 67
10 265
10 268
10 269
10 270
10 127760
11 243
11 244
11 245
11 247
11 127761
12 158
12 159
12 160
12 162
12 127762
13 9
13 10
13 11
13 13
13 163
14 5
14 20
14 99
14 131
14 132
14 133
14 165
14 166
15 5
15 20
15 67
15 268
15 1413
15 1416
15 1417
15 127763
16 660
16 941
16 94951
16 94953
16 127764
17 944
17 945
17 946
17 948
17 127765
18 99
18 131
18 132
18 133
18 195
18 237
18 127766
19 3
19 4
19 195
19 1372
19 1374
19 127767
20 51
20 195
20 1427
20 1477
20 1479
20 127768
21 243
21 244
21 245
21 247
21 127769
22 51
22 195
22 1427
22 1482
22 1484
22 100067
23 84
23 90
23 91
23 93
23 121
23 195
23 1488
23 1490
23 127770
24 99
24 131
24 132
24 133
24 195
24 237
24 127771
25 3
25 20
25 72
25 195
25 340
25 1227
25 1229
25 1230
25 1231
25 127772
26 243
26 244
26 245
26 247
26 127773
27 99
27 131
27 132
27 133
27 195
27 237
27 127774
28 3
28 20
28 195
28 1806
28 1808
28 1809
28 1810
28 127775
29 158
29 159
29 160
29 162
29 127776
30 9
30 10
30 11
30 13
30 163
31 5
31 20
31 99
31 131
31 132
31 133
31 165
31 166
32 5
32 20
32 67
32 268
32 1413
32 1416
32 1417
32 127777
33 71
33 76
33 190
33 191
33 127778
seqId 284
1 42
1 99
1 133
1 171
1 175
1 176
1 195
1 127779
2 4
2 195
2 202
2 2294
2 3837
2 127780
3 3
3 4
3 195
3 1372
3 1374
3 127781
4 9
4 10
4 11
4 13
4 127782
5 5
5 99
5 131
5 132
5 133
5 135
5 171
5 42881
6 5
6 67
6 1256
6 1258
6 1259
6 127783
7 244
7 418
7 419
7 421
7 127784
8 9
8 10
8 11
8 13
8 127785
9 5
9 99
9 131
9 132
9 133
9 135
9 171
9 127786
10 3
10 4
10 5
10 597
10 599
10 127787
11 84
11 91
11 93
11 121
11 195
11 703
11 707
11 1858
11 127788
12 4
12 90
12 122
12 195
12 708
12 713
12 1345
12 22505
12 127789
13 10
13 146
13 147
13 149
13 127790
14 4
14 5
14 99
14 131
14 132
14 133
14 152
14 127791
15 3
15 4
15 5
15 1350
15 1352
15 127792
16 158
16 159
16 160
16 162
16 127793
17 9
17 10
17 11
17 13
17 163
18 5
18 20
18 99
18 131
18 132
18 133
18 165
18 166
19 5
19 20
19 67
19 268
19 1413
19 1416
19 1417
19 127794
20 10
20 378
20 379
20 381
20 127795
21 99
21 133
21 175
21 176
21 195
21 234
21 127796
22 3
22 4
22 195
22 2828
22 2830
22 127797
23 20
23 195
23 202
23 6111
23 9710
23 127798
24 99
24 131
24 132
24 133
24 195
24 237
24 127799
25 3
25 4
25 195
25 1970
25 1972
25 127800
26 243
26 244
26 245
26 247
26 127801
27 99
27 131
27 132
27 133
27 195
27 237
27 127802
28 3
28 20
28 195
28 340
28 2887
28 2889
28 127803
29 71
29 76
29 190
29 191
29 127804
seqId 285
1 51
1 52
1 2054
1 2056
1 127805
seqId 286
1 76
1 592
1 593
1 595
1 127806
2 3
2 20
2 195
2 340
2 9469
2 48248
2 127808
3 243
3 244
3 245
3 247
3 127809
4 3
4 4
4 195
4 9329
4 9331
4 127810
5 75
5 76
5 77
5 79
5 127811
seqId 287
1 3
1 5
1 20
1 1539
1 10695
1 62984
1 127812
2 5
2 20
2 90
2 122
2 708
2 713
2 7785
2 7787
2 127813
3 99
3 133
3 175
3 176
3 195
3 234
3 127814
4 3
4 20
4 195
4 217
4 1506
4 127815
5 9
5 10
5 26
5 169
5 171
5 100119
6 3
6 20
6 195
6 7259
6 23768
6 127816
7 20
7 195
7 202
7 20423
7 91768
7 127817
8 158
8 159
8 160
8 162
8 127818
9 9
9 10
9 11
9 13
9 163
10 5
10 20
10 99
10 131
10 132
10 133
10 165
10 166
11 5
11 20
11 67
11 265
11 268
11 269
11 270
11 127819
12 243
12 244
12 245
12 247
12 42927
13 158
13 159
13 160
13 162
13 127820
14 9
14 10
14 11
14 13
14 163
15 5
15 20
15 99
15 131
15 132
15 133
15 165
15 166
16 5
16 20
16 67
16 268
16 1413
16 1416
16 1417
16 127821
17 76
17 342
17 343
17 345
17 127822
18 98
18 99
18 100
18 195
18 2073
18 127823
19 51
19 195
19 1501
19 1503
19 127824
20 2
20 3
20 4
20 195
20 4286
20 127825
21 84
21 90
21 91
21 93
21 121
21 195
21 702
21 1062
21 127826
22 660
22 1513
22 1514
22 1516
22 127827
23 82
23 83
23 84
23 109
23 112
23 115
23 127828
24 3
24 5
24 20
24 5292
24 44681
24 127829
25 4
25 5
25 99
25 133
25 175
25 176
25 178
25 127830
26 3
26 4
26 5
26 45945
26 45947
26 127831
27 4
27 5
27 90
27 122
27 708
27 713
27 54752
27 116526
27 127832
28 10
28 109
28 110
28 112
28 127833
29 3
29 5
29 20
29 222
29 224
29 127834
30 230
30 231
30 232
30 234
30 127835
31 9
31 10
31 11
31 13
31 163
32 99
32 131
32 132
32 133
32 195
32 236
32 237
33 3
33 4
33 195
33 239
33 241
33 127836
34 243
34 244
34 245
34 247
34 127837
35 10
35 109
35 110
35 112
35 127838
36 3
36 5
36 20
36 222
36 224
36 127839
37 5
37 20
37 202
37 2923
37 2925
37 127840
38 76
38 342
38 343
38 345
38 127841
39 5
39 20
39 202
39 1403
39 14323
39 127842
40 243
40 244
40 245
40 247
40 127843
41 5
41 20
41 90
41 122
41 708
41 713
41 22567
41 22569
41 127844
42 71
42 76
42 190
42 191
42 127845
seqId 288
1 99
1 131
1 132
1 133
1 195
1 1220
1 127846
2 3
2 20
2 195
2 9469
2 9471
2 127847
3 243
3 244
3 245
3 247
3 127848
4 99
4 131
4 132
4 133
4 195
4 237
4 127849
5 3
5 4
5 195
5 9329
5 9331
5 127850
6 84
6 91
6 93
6 121
6 195
6 703
6 707
6 1858
6 127851
7 4
7 195
7 202
7 9785
7 9787
7 127852
8 10
8 109
8 110
8 112
8 127853
9 3
9 4
9 5
9 1372
9 1423
9 127854
10 51
10 195
10 1427
10 1477
10 1479
10 127855
11 243
11 244
11 245
11 247
11 127856
12 51
12 195
12 1427
12 1482
12 1484
12 127857
13 71
13 76
13 190
13 191
13 65229
seqId 289
1 42
1 99
1 133
1 171
1 175
1 176
1 195
1 127858
2 82
2 84
2 85
2 195
2 2294
2 3837
2 127859
3 84
3 91
3 93
3 121
3 195
3 703
3 707
3 1858
3 127860
4 4
4 90
4 122
4 195
4 708
4 713
4 127862
4 127863
4 127864
5 717
5 718
5 719
5 721
5 127865
6 10
6 146
6 147
6 149
6 722
7 5
7 20
7 99
7 131
7 132
7 133
7 165
7 166
8 3
8 5
8 20
8 56136
8 113887
8 127866
9 9
9 10
9 11
9 13
9 127867
10 5
10 99
10 131
10 132
10 133
10 135
10 171
10 127868
11 2
11 3
11 4
11 5
11 181
11 127869
12 71
12 76
12 190
12 191
12 127870
seqId 290
1 51
1 52
1 1705
1 1707
1 127871
seqId 291
1 76
1 592
1 593
1 595
1 127872
2 3
2 5
2 20
2 1527
2 127874
2 127875
3 5
3 20
3 202
3 1531
3 1533
3 127876
4 75
4 76
4 77
4 79
4 127877
seqId 292
1 99
1 131
1 132
1 133
1 195
1 1220
1 127878
2 3
2 20
2 195
2 1341
2 1343
2 127879
3 158
3 159
3 160
3 162
3 127880
4 9
4 10
4 11
4 13
4 163
5 5
5 20
5 99
5 131
5 132
5 133
5 165
5 166
6 5
6 20
6 67
6 268
6 1413
6 1416
6 1417
6 127881
7 84
7 91
7 93
7 121
7 195
7 703
7 707
7 1858
7 127882
8 20
8 90
8 122
8 195
8 708
8 713
8 1522
8 127884
8 127885
9 9
9 10
9 11
9 13
9 13157
10 3
10 20
10 195
10 1126
10 1977
10 127886
11 20
11 195
11 202
11 1531
11 23143
11 127887
12 20
12 90
12 122
12 195
12 708
12 713
12 41301
12 127889
12 127890
13 2822
13 2823
13 2824
13 2826
13 127891
14 10
14 146
14 147
14 149
14 722
15 99
15 131
15 132
15 133
15 195
15 236
15 237
16 3
16 4
16 195
16 14762
16 24957
16 127892
17 4
17 195
17 202
17 24903
17 26731
17 127893
18 4
18 195
18 202
18 24961
18 24963
18 127894
19 71
19 76
19 190
19 191
19 127895
seqId 293
1 51
1 52
1 1427
1 1962
1 127896
seqId 294
1 76
1 592
1 593
1 595
1 127897
2 3
2 5
2 20
2 9758
2 127899
2 127900
3 67
3 112543
3 112545
3 127901
3 127902
4 158
4 159
4 160
4 162
4 127903
5 9
5 10
5 11
5 13
5 163
6 5
6 20
6 99
6 131
6 132
6 133
6 165
6 166
7 67
7 268
7 1413
7 1414
7 1416
7 1417
7 127904
8 75
8 76
8 77
8 79
8 127905
seqId 295
1 5
1 20
1 99
1 131
1 132
1 133
1 967
1 127906
2 5
2 20
2 67
2 268
2 1413
2 1416
2 1417
2 127907
3 5
3 84
3 90
3 91
3 93
3 121
3 2582
3 2584
3 127908
4 9
4 10
4 26
4 169
4 171
4 127909
5 5
5 20
5 99
5 133
5 175
5 176
5 1316
5 127910
6 3
6 5
6 20
6 9758
6 9760
6 127911
7 67
7 112543
7 112545
7 127901
7 127912
8 75
8 76
8 77
8 79
8 127913
9 71
9 71
9 71
9 509
9 5178
9 9769
9 38010
9 73061
9 98837
9 100406
9 127915
9 127916
seqId 296
1 5
1 20
1 98
1 99
1 100
1 8099
1 127917
2 3
2 5
2 20
2 9758
2 9760
2 127918
3 5
3 84
3 91
3 93
3 121
3 703
3 707
3 956
3 127919
4 5
4 20
4 90
4 122
4 708
4 713
4 789
4 1284
4 127920
5 10
5 146
5 147
5 149
5 127921
6 4
6 5
6 99
6 131
6 132
6 133
6 152
6 127922
7 3
7 4
7 5
7 13389
7 13391
7 127923
8 230
8 231
8 232
8 234
8 127924
9 9
9 10
9 11
9 13
9 163
10 99
10 131
10 132
10 133
10 195
10 236
10 237
11 3
11 4
11 195
11 4094
11 4096
11 127925
12 243
12 244
12 245
12 247
12 127926
13 10
13 146
13 147
13 149
13 127927
14 4
14 5
14 99
14 131
14 132
14 133
14 152
14 127928
15 3
15 4
15 5
15 4884
15 4886
15 127929
16 230
16 231
16 232
16 234
16 127930
17 9
17 10
17 11
17 13
17 163
18 99
18 131
18 132
18 133
18 195
18 236
18 237
19 3
19 4
19 195
19 897
19 3520
19 127931
20 158
20 159
20 160
20 162
20 127932
21 9
21 10
21 11
21 13
21 163
22 5
22 20
22 99
22 131
22 132
22 133
22 165
22 166
23 5
23 20
23 67
23 268
23 1413
23 1416
23 1417
23 127933
24 71
24 76
24 190
24 191
24 127934
seqId 297
1 3
1 4
1 5
1 1701
1 19706
1 127935
2 51
2 52
2 1705
2 1707
2 127936
3 75
3 76
3 77
3 79
3 127937
4 3
4 5
4 20
4 1689
4 1691
4 1692
4 1693
4 127938
5 5
5 20
5 202
5 1695
5 1697
5 127939
seqId 298
1 4
1 5
1 99
1 133
1 175
1 176
1 5129
1 127940
2 3
2 4
2 5
2 682
2 10854
2 127941
3 4
3 5
3 202
3 9578
3 32816
3 32818
3 127942
4 158
4 159
4 160
4 162
4 127943
5 9
5 10
5 11
5 13
5 163
6 5
6 20
6 99
6 131
6 132
6 133
6 165
6 166
7 3
7 5
7 20
7 13025
7 30421
7 127944
8 9
8 10
8 24
8 26
8 27
8 127945
9 3
9 4
9 5
9 2608
9 4490
9 127946
10 9
10 10
10 11
10 13
10 127947
11 5
11 27
11 99
11 131
11 132
11 133
11 135
11 127948
12 2
12 3
12 4
12 5
12 181
12 127949
13 9
13 10
13 11
13 13
13 127950
14 3
14 4
14 5
14 15
14 17
14 127951
15 5
15 84
15 91
15 92
15 93
15 703
15 707
15 16563
15 127952
16 4
16 5
16 90
16 122
16 708
16 713
16 32782
16 32784
16 127953
17 717
17 718
17 719
17 721
17 127954
18 10
18 146
18 147
18 149
18 722
19 5
19 20
19 99
19 131
19 132
19 133
19 165
19 166
20 3
20 5
20 19
20 20
20 105
20 127955
21 71
21 76
21 190
21 191
21 127956
seqId 299
1 5
1 99
1 131
1 132
1 133
1 171
1 699
1 127957
2 3
2 5
2 20
2 1689
2 1693
2 75863
2 84243
2 127958
3 5
3 20
3 202
3 1695
3 1697
3 127959
4 158
4 159
4 160
4 162
4 127960
5 9
5 10
5 11
5 13
5 163
6 5
6 20
6 99
6 131
6 132
6 133
6 165
6 166
7 5
7 20
7 67
7 268
7 1413
7 1416
7 1417
7 127961
8 82
8 84
8 114
8 115
8 116
8 118
8 171
8 127962
9 5
9 84
9 90
9 91
9 93
9 121
9 30624
9 30626
9 127963
10 660
10 3261
10 3262
10 3264
10 127964
11 9
11 10
11 11
11 13
11 127965
12 51
12 195
12 1368
12 1370
12 127966
13 3
13 20
13 195
13 24210
13 24238
13 127967
14 75
14 76
14 77
14 79
14 127968
15 4
15 5
15 99
15 131
15 132
15 133
15 811
15 127969
16 3
16 4
16 5
16 813
16 6625
16 127970
17 76
17 342
17 343
17 345
17 127971
18 5
18 20
18 99
18 131
18 132
18 133
18 166
18 127972
19 3
19 5
19 20
19 11030
19 11032
19 127973
20 243
20 244
20 245
20 247
20 127974
21 5
21 99
21 131
21 132
21 133
21 135
21 171
21 127975
22 3
22 4
22 5
22 3730
22 19553
22 127976
23 4
23 5
23 202
23 3244
23 3246
23 127977
24 71
24 76
24 190
24 191
24 127978
seqId 300
1 51
1 52
1 680
1 1993
1 127979
seqId 301
1 76
1 592
1 593
1 595
1 65394
2 4
2 5
2 99
2 131
2 132
2 133
2 811
2 127980
3 3
3 4
3 5
3 813
3 6625
3 127981
4 75
4 76
4 77
4 79
4 127982
seqId 302
1 4
1 5
1 99
1 131
1 132
1 133
1 811
1 127983
2 3
2 4
2 5
2 813
2 6625
2 127984
3 158
3 159
3 160
3 162
3 127985
4 9
4 10
4 11
4 13
4 163
5 5
5 20
5 99
5 131
5 132
5 133
5 165
5 166
6 5
6 20
6 67
6 268
6 1413
6 1416
6 1417
6 127986
7 5
7 84
7 91
7 93
7 121
7 703
7 707
7 956
7 127987
8 4
8 5
8 202
8 851
8 20054
8 38010
8 127989
8 127990
8 127991
9 76
9 342
9 343
9 345
9 127992
10 4
10 5
10 90
10 122
10 708
10 713
10 10330
10 24481
10 127993
11 9
11 10
11 26
11 169
11 171
11 127994
12 5
12 20
12 99
12 133
12 175
12 176
12 1316
12 127995
13 3
13 5
13 20
13 1299
13 10243
13 127996
14 244
14 418
14 419
14 421
14 127997
15 9
15 10
15 26
15 169
15 171
15 127998
16 4
16 5
16 99
16 133
16 175
16 176
16 178
16 127999
17 3
17 4
17 5
17 1082
17 1084
17 128000
18 243
18 244
18 245
18 247
18 128001
19 9
19 10
19 26
19 169
19 171
19 128002
20 5
20 20
20 99
20 133
20 175
20 176
20 1316
20 128003
21 3
21 5
21 20
21 1299
21 10243
21 128004
22 5
22 20
22 202
22 25360
22 25362
22 128005
23 244
23 418
23 419
23 421
23 128006
24 9
24 10
24 26
24 169
24 171
24 128007
25 4
25 5
25 99
25 133
25 175
25 176
25 178
25 128008
26 3
26 4
26 5
26 1082
26 1084
26 128009
27 4
27 5
27 202
27 53441
27 53443
27 128010
28 71
28 76
28 190
28 191
28 128011
seqId 303
1 4
1 5
1 99
1 131
1 132
1 133
1 811
1 65429
2 3
2 4
2 5
2 813
2 815
2 65430
3 5
3 84
3 90
3 91
3 93
3 121
3 768
3 12243
3 128012
4 5
4 27
4 99
4 131
4 132
4 133
4 135
4 128013
5 3
5 4
5 5
5 780
5 782
5 128014
6 4
6 5
6 202
6 3954
6 3956
6 128015
7 717
7 718
7 719
7 721
7 128016
8 10
8 146
8 147
8 149
8 722
9 5
9 20
9 99
9 131
9 132
9 133
9 165
9 166
10 3
10 5
10 20
10 24881
10 24883
10 128017
11 158
11 159
11 160
11 162
11 128018
12 9
12 10
12 11
12 13
12 163
13 5
13 20
13 99
13 131
13 132
13 133
13 165
13 166
14 3
14 5
14 20
14 217
14 800
14 128019
15 76
15 342
15 343
15 345
15 128020
16 5
16 84
16 90
16 91
16 93
16 121
16 824
16 24311
16 128021
17 5
17 27
17 99
17 131
17 132
17 133
17 135
17 128022
18 3
18 4
18 5
18 4507
18 4509
18 128023
19 158
19 159
19 160
19 162
19 128024
20 9
20 10
20 11
20 13
20 163
21 5
21 20
21 99
21 131
21 132
21 133
21 165
21 166
22 3
22 5
22 20
22 47573
22 47575
22 128025
23 243
23 244
23 245
23 247
23 128026
24 4
24 5
24 99
24 131
24 132
24 133
24 152
24 128027
25 3
25 4
25 5
25 4851
25 4853
25 128028
26 10
26 109
26 110
26 112
26 128029
27 3
27 4
27 5
27 4406
27 24330
27 128030
28 230
28 231
28 232
28 234
28 128031
29 9
29 10
29 11
29 13
29 163
30 99
30 131
30 132
30 133
30 195
30 236
30 237
31 3
31 4
31 195
31 24335
31 24337
31 128032
32 4
32 195
32 202
32 302
32 1655
32 128033
33 71
33 76
33 190
33 191
33 128034
seqId 304
1 51
1 52
1 2054
1 2056
1 128035
seqId 305
1 76
1 592
1 593
1 595
1 128036
2 5
2 20
2 99
2 131
2 132
2 133
2 967
2 128037
3 3
3 5
3 20
3 11030
3 11032
3 128038
4 75
4 76
4 77
4 79
4 128039
seqId 306
1 5
1 20
1 90
1 122
1 708
1 713
1 10330
1 128041
1 128042
2 9
2 10
2 11
2 13
2 128043
3 51
3 195
3 13557
3 13559
3 128044
4 3
4 20
4 72
4 195
4 340
4 1227
4 1229
4 1230
4 1231
4 128045
5 158
5 159
5 160
5 162
5 128046
6 9
6 10
6 11
6 13
6 163
7 5
7 20
7 99
7 131
7 132
7 133
7 165
7 166
8 5
8 20
8 67
8 268
8 1413
8 1416
8 1417
8 128047
9 243
9 244
9 245
9 247
9 128048
10 9
10 10
10 11
10 13
10 128049
11 51
11 195
11 1501
11 1503
11 128050
12 3
12 20
12 195
12 7808
12 7810
12 128051
13 20
13 90
13 122
13 195
13 708
13 713
13 24434
13 24436
13 128052
14 99
14 133
14 175
14 176
14 195
14 234
14 128053
15 3
15 20
15 195
15 1806
15 1808
15 1809
15 1810
15 128054
16 76
16 342
16 343
16 345
16 128055
17 5
17 20
17 99
17 131
17 132
17 133
17 166
17 128056
18 3
18 5
18 20
18 11030
18 11032
18 128057
19 158
19 159
19 160
19 162
19 128058
20 9
20 10
20 11
20 13
20 163
21 5
21 20
21 99
21 131
21 132
21 133
21 165
21 166
22 5
22 20
22 67
22 268
22 1413
22 1416
22 1417
22 128059
23 5
23 84
23 90
23 91
23 93
23 121
23 2125
23 24751
23 128060
24 99
24 131
24 132
24 133
24 195
24 237
24 128061
25 3
25 4
25 195
25 24335
25 24337
25 128062
26 9
26 10
26 11
26 13
26 128063
27 5
27 99
27 131
27 132
27 133
27 135
27 171
27 128064
28 2
28 3
28 4
28 5
28 181
28 128065
29 243
29 244
29 245
29 247
29 13392
30 5
30 84
30 90
30 91
30 93
30 121
30 9903
30 10728
30 128066
31 99
31 131
31 132
31 133
31 195
31 237
31 128067
32 3
32 4
32 195
32 17398
32 17400
32 128068
33 230
33 231
33 232
33 234
33 128069
34 9
34 10
34 11
34 13
34 163
35 99
35 131
35 132
35 133
35 195
35 236
35 237
36 3
36 20
36 72
36 195
36 340
36 5390
36 15028
36 53457
36 128070
37 717
37 718
37 719
37 721
37 128071
38 10
38 146
38 147
38 149
38 722
39 5
39 20
39 99
39 131
39 132
39 133
39 165
39 166
40 3
40 5
40 20
40 24274
40 24276
40 128072
41 9
41 10
41 11
41 13
41 128073
42 5
42 99
42 131
42 132
42 133
42 135
42 171
42 128074
43 3
43 4
43 5
43 597
43 599
43 128075
44 82
44 758
44 759
44 761
44 128076
45 82
45 83
45 84
45 115
45 195
45 237
45 1824
45 128077
46 5
46 84
46 90
46 91
46 93
46 121
46 24268
46 128079
46 128080
47 10
47 2518
47 2519
47 2521
47 128081
48 3
48 5
48 20
48 24295
48 24297
48 128082
49 9
49 10
49 11
49 13
49 128083
50 4
50 5
50 99
50 131
50 132
50 133
50 152
50 128084
51 3
51 4
51 5
51 14557
51 14559
51 128085
52 9
52 10
52 11
52 13
52 128086
53 4
53 5
53 99
53 131
53 132
53 133
53 152
53 128087
54 3
54 4
54 5
54 15
54 5937
54 128088
55 71
55 76
55 190
55 191
55 128089
seqId 307
1 5
1 20
1 98
1 99
1 100
1 8099
1 128090
2 3
2 5
2 20
2 11030
2 11032
2 128091
3 82
3 84
3 114
3 115
3 116
3 1361
3 128092
4 5
4 84
4 90
4 91
4 93
4 121
4 8855
4 13550
4 128093
5 717
5 718
5 719
5 721
5 128094
6 10
6 146
6 149
6 722
6 1539
7 5
7 20
7 99
7 131
7 132
7 133
7 165
7 166
8 660
8 18003
8 18004
8 18006
8 128095
9 51
9 195
9 1501
9 1503
9 128096
10 3
10 4
10 195
10 3725
10 3727
10 128097
11 10
11 828
11 829
11 831
11 128098
12 3
12 5
12 20
12 6913
12 20565
12 128099
13 71
13 76
13 190
13 191
13 128100
seqId 308
1 51
1 52
1 1705
1 1707
1 43266
seqId 309
1 76
1 592
1 593
1 595
1 128101
2 5
2 99
2 131
2 132
2 133
2 171
2 699
2 128102
3 3
3 4
3 5
3 3730
3 19553
3 128103
4 4
4 5
4 202
4 3244
4 3246
4 128104
5 75
5 76
5 77
5 79
5 128105
seqId 310
1 5
1 27
1 99
1 131
1 132
1 133
1 699
1 128106
2 3
2 4
2 5
2 3730
2 19553
2 128107
3 4
3 5
3 202
3 3244
3 3246
3 128108
4 5
4 84
4 91
4 93
4 121
4 703
4 707
4 956
4 128109
5 4
5 5
5 90
5 122
5 708
5 713
5 10330
5 24481
5 128110
6 9
6 10
6 11
6 13
6 128111
7 5
7 27
7 99
7 131
7 132
7 133
7 135
7 128112
8 3
8 5
8 20
8 3394
8 3396
8 128113
9 230
9 231
9 232
9 234
9 128114
10 9
10 10
10 11
10 13
10 163
11 99
11 131
11 132
11 133
11 195
11 236
11 237
12 3
12 20
12 195
12 2034
12 3403
12 128115
13 158
13 159
13 160
13 162
13 128116
14 9
14 10
14 11
14 13
14 163
15 5
15 20
15 99
15 131
15 132
15 133
15 165
15 166
16 5
16 20
16 67
16 268
16 1413
16 1416
16 1417
16 128117
17 75
17 76
17 77
17 79
17 128118
18 3
18 20
18 195
18 2034
18 3403
18 128119
19 10
19 146
19 147
19 149
19 128120
20 3
20 5
20 20
20 7837
20 7839
20 128121
21 5
21 20
21 202
21 3501
21 3503
21 128122
22 76
22 342
22 343
22 345
22 128123
23 3
23 20
23 195
23 2034
23 3403
23 128124
24 20
24 195
24 202
24 5735
24 24494
24 128125
25 76
25 342
25 343
25 345
25 128126
26 3
26 20
26 195
26 1806
26 1808
26 1809
26 1810
26 128127
27 76
27 342
27 343
27 345
27 128128
28 3
28 20
28 195
28 2553
28 24170
28 128129
29 20
29 195
29 202
29 1449
29 47958
29 128130
30 20
30 90
30 122
30 195
30 708
30 713
30 38586
30 114641
30 128131
31 717
31 718
31 719
31 721
31 128132
32 10
32 146
32 147
32 149
32 722
33 5
33 20
33 99
33 131
33 132
33 133
33 165
33 166
34 5
34 20
34 67
34 268
34 1413
34 1416
34 1417
34 128133
35 71
35 76
35 190
35 191
35 128134
seqId 311
1 4
1 5
1 82
1 83
1 84
1 115
1 763
1 4750
1 128135
2 82
2 84
2 114
2 115
2 116
2 1361
2 128136
3 5
3 84
3 90
3 91
3 93
3 121
3 8855
3 13550
3 128137
4 717
4 718
4 719
4 721
4 128138
5 10
5 146
5 149
5 722
5 1539
6 5
6 20
6 99
6 131
6 132
6 133
6 165
6 166
7 660
7 18003
7 18004
7 18006
7 128139
8 4
8 5
8 51
8 175
8 178
8 65574
9 3
9 4
9 5
9 3725
9 3727
9 128140
10 10
10 828
10 829
10 831
10 128141
11 3
11 5
11 20
11 6913
11 20565
11 100496
12 10
12 126
12 127
12 129
12 128142
13 3
13 4
13 5
13 128144
13 128145
13 128146
14 9
14 10
14 11
14 13
14 128147
15 4
15 5
15 99
15 131
15 132
15 133
15 152
15 128148
16 3
16 4
16 5
16 813
16 6625
16 128149
17 243
17 244
17 245
17 247
17 128150
18 5
18 84
18 91
18 93
18 121
18 703
18 707
18 956
18 128151
19 4
19 5
19 90
19 122
19 708
19 713
19 3372
19 24510
19 128152
20 2822
20 2823
20 2824
20 2826
20 128153
21 10
21 146
21 147
21 149
21 722
22 99
22 131
22 132
22 133
22 195
22 236
22 237
23 3
23 4
23 195
23 24335
23 24337
23 128154
24 4
24 195
24 202
24 302
24 1655
24 128155
25 9
25 10
25 11
25 13
25 128156
26 5
26 99
26 131
26 132
26 133
26 135
26 171
26 128157
27 2
27 3
27 4
27 5
27 181
27 128158
28 71
28 76
28 190
28 191
28 128159
